dataset,method,seed,epoch,train_loss,val_accuracy,val_macro_f1,val_loss,attention_density,attention_entropy,alpha_mean,alpha_std
emnist_letters,softmax,0,0,2.5961427688598633,0.43216666666666664,0.4200095175320335,1.8202774068142504,1.0,3.800292469085531,nan,nan
emnist_letters,softmax,0,1,1.5150738954544067,0.6244166666666666,0.6171611474805399,1.1638529541644644,1.0,3.7873285856652767,nan,nan
emnist_letters,softmax,0,2,1.0615415573120117,0.7308333333333333,0.7280244078311415,0.8483594262853582,1.0,3.7894902736582656,nan,nan
emnist_letters,softmax,0,3,0.8413611054420471,0.7674166666666666,0.763381348053319,0.7138122015811027,1.0,3.782276151028085,nan,nan
emnist_letters,softmax,0,4,0.7158241868019104,0.8000833333333334,0.7977524549229069,0.6243598860629062,1.0,3.7752512744132507,nan,nan
emnist_letters,softmax,0,5,0.6203922033309937,0.8445,0.8426384278277853,0.4935221145761774,1.0,3.774586099259397,nan,nan
emnist_letters,softmax,0,6,0.5448113679885864,0.84975,0.8490324467773551,0.46930026881238246,1.0,3.763884072608136,nan,nan
emnist_letters,softmax,0,7,0.5007573962211609,0.8551666666666666,0.8531704824428694,0.44132620096206665,1.0,3.744716360213909,nan,nan
emnist_letters,softmax,0,8,0.4657464027404785,0.8705,0.8695147055615545,0.39149655433411296,1.0,3.744408369064331,nan,nan
emnist_letters,softmax,0,9,0.4336104094982147,0.87775,0.8761722544334527,0.3777351842281666,1.0,3.73386427696715,nan,nan
emnist_letters,softmax,0,10,0.40851202607154846,0.8800833333333333,0.8793862864623192,0.35631489563495555,1.0,3.7279271267830056,nan,nan
emnist_letters,softmax,0,11,0.38872259855270386,0.88425,0.8829346678122272,0.34458420473210355,1.0,3.716577674480195,nan,nan
emnist_letters,softmax,0,12,0.36427411437034607,0.8926666666666667,0.8917783426924795,0.32131220210105815,1.0,3.699040121220528,nan,nan
emnist_letters,softmax,0,13,0.34915265440940857,0.88875,0.8878680607187575,0.33407938829127776,1.0,3.6984234541020493,nan,nan
emnist_letters,softmax,0,14,0.3379001319408417,0.8959166666666667,0.8943013334437283,0.3179267340518059,1.0,3.6827856809534927,nan,nan
emnist_letters,softmax,0,15,0.3258872330188751,0.9038333333333334,0.9020415958400331,0.2989253068858005,1.0,3.6846695428198957,nan,nan
emnist_letters,softmax,0,16,0.3089468777179718,0.90375,0.9024290954225841,0.2909798504824334,1.0,3.673577826073829,nan,nan
emnist_letters,softmax,0,17,0.2992338240146637,0.90625,0.9052145833107131,0.2895089007438497,1.0,3.6650222489174378,nan,nan
emnist_letters,softmax,0,18,0.29010874032974243,0.9026666666666666,0.9010139129376878,0.2962826224083596,1.0,3.6650239685748485,nan,nan
emnist_letters,softmax,0,19,0.281726211309433,0.9015,0.900318571862194,0.3015030308606777,1.0,3.668187154100296,nan,nan
emnist_letters,softmax,0,20,0.27737194299697876,0.9061666666666667,0.9051021567998749,0.2863478892027064,1.0,3.6462407822304583,nan,nan
emnist_letters,softmax,0,21,0.270436555147171,0.9065833333333333,0.9057833351903593,0.28481572200643257,1.0,3.656022437075351,nan,nan
emnist_letters,softmax,0,22,0.2621678113937378,0.9116666666666666,0.9099937297437954,0.2723480298164043,1.0,3.653676555511799,nan,nan
emnist_letters,softmax,0,23,0.25805631279945374,0.91425,0.9130394748658931,0.26439817757048506,1.0,3.645767757233153,nan,nan
emnist_letters,softmax,0,24,0.2515563368797302,0.908,0.9070170091676815,0.2821799748121424,1.0,3.6535081178584,nan,nan
emnist_letters,softmax,0,25,0.24515406787395477,0.9130833333333334,0.9116506426920545,0.26922182390030397,1.0,3.6377269511527204,nan,nan
emnist_letters,softmax,0,26,0.24083256721496582,0.9088333333333334,0.9062757633413939,0.28278585380696236,1.0,3.638773144559657,nan,nan
emnist_letters,softmax,0,27,0.23641739785671234,0.9151666666666667,0.9140132085655406,0.2640959807532899,0.9999999955613562,3.6325733052923326,nan,nan
emnist_letters,softmax,0,28,0.22498193383216858,0.9146666666666666,0.9132740697901648,0.2634329168086356,0.9999999955613562,3.6299361345615795,nan,nan
emnist_letters,softmax,0,29,0.23015108704566956,0.9170833333333334,0.9160786509636983,0.25732559504661157,1.0,3.634275629165325,nan,nan
emnist_letters,softmax,1,0,2.613067626953125,0.4121666666666667,0.3895819549889623,1.8386117422834356,1.0,3.6772925752274532,nan,nan
emnist_letters,softmax,1,1,1.4916270971298218,0.632,0.6292319416370037,1.1435819103362712,1.0,3.698900207560113,nan,nan
emnist_letters,softmax,1,2,1.030407428741455,0.7410833333333333,0.7387971186439395,0.8000328122301305,1.0,3.726315287833518,nan,nan
emnist_letters,softmax,1,3,0.8099102973937988,0.7859166666666667,0.7855683955093559,0.6526274040658423,1.0,3.7236776681656534,nan,nan
emnist_letters,softmax,1,4,0.6859474778175354,0.81,0.8070459603378175,0.5940789929095734,0.9999999955613562,3.721289928923262,nan,nan
emnist_letters,softmax,1,5,0.594262421131134,0.8374166666666667,0.8364480244947576,0.4984609028126331,0.9999998414770086,3.719957082829577,nan,nan
emnist_letters,softmax,1,6,0.5425851345062256,0.8459166666666667,0.8465713269036667,0.4704526643803779,0.9999999911227124,3.713408016143961,nan,nan
emnist_letters,softmax,1,7,0.49154019355773926,0.8613333333333333,0.8609186568011453,0.42769965148986655,0.9999999911227124,3.7011443097540675,nan,nan
emnist_letters,softmax,1,8,0.4552455544471741,0.8663333333333333,0.8659440998701412,0.40640562392295676,1.0,3.7036319590629416,nan,nan
emnist_letters,softmax,1,9,0.4344744384288788,0.8776666666666667,0.8778688899168969,0.37588485568127733,1.0,3.695530427263138,nan,nan
emnist_letters,softmax,1,10,0.4052489101886749,0.8811666666666667,0.8813648942110005,0.36233983648584245,1.0,3.6785463779530625,nan,nan
emnist_letters,softmax,1,11,0.3910101056098938,0.8844166666666666,0.884959373891422,0.3539861110930747,0.9999999866840688,3.6690936976290764,nan,nan
emnist_letters,softmax,1,12,0.3650100529193878,0.8889166666666667,0.8885569284629788,0.34553532904766976,1.0,3.6687405692770128,nan,nan
emnist_letters,softmax,1,13,0.3547096848487854,0.8970833333333333,0.8971387532498445,0.3181064334955621,0.9999999911227124,3.6570583226832936,nan,nan
emnist_letters,softmax,1,14,0.3375032842159271,0.8998333333333334,0.8998684762791757,0.3062994746451682,0.999999982245425,3.648428982876717,nan,nan
emnist_letters,softmax,1,15,0.32636845111846924,0.903,0.9029936603958479,0.29718978068930035,0.9999999733681374,3.6345528414908874,nan,nan
emnist_letters,softmax,1,16,0.31799444556236267,0.9050833333333334,0.9048798927321932,0.2954024203280185,0.9999999384930793,3.6409659284226437,nan,nan
emnist_letters,softmax,1,17,0.3037387728691101,0.9038333333333334,0.9040239806225513,0.291954312552797,0.9999999733681374,3.648714179688312,nan,nan
emnist_letters,softmax,1,18,0.2959400713443756,0.9073333333333333,0.9073139172076112,0.2877107468691278,0.9999996772471894,3.6502909279884177,nan,nan
emnist_letters,softmax,1,19,0.2864025831222534,0.9053333333333333,0.9051216140465835,0.28608263616866253,0.9999997171949833,3.6511875340279114,nan,nan
emnist_letters,softmax,1,20,0.27958375215530396,0.906,0.9057147772856523,0.2797304845236717,0.9999996607607984,3.6370488329136625,nan,nan
emnist_letters,softmax,1,21,0.2695557475090027,0.9114166666666667,0.9114148547315399,0.27335383854013806,0.9999997717268924,3.6202791599517172,nan,nan
emnist_letters,softmax,1,22,0.2648024559020996,0.9145,0.9144647308026641,0.2651592664262082,0.9999995605742678,3.6184755690554353,nan,nan
emnist_letters,softmax,1,23,0.2609248161315918,0.9101666666666667,0.909785581024619,0.2721192136089853,0.9999999562476544,3.611119643170783,nan,nan
emnist_letters,softmax,1,24,0.24813196063041687,0.9143333333333333,0.9146755613236378,0.26226479037010925,0.9999999778067812,3.610867053904432,nan,nan
emnist_letters,softmax,1,25,0.2484820932149887,0.9110833333333334,0.9110096050501768,0.27190589904785156,0.9999999467362749,3.62425649419744,nan,nan
emnist_letters,softmax,1,26,0.24542570114135742,0.9136666666666666,0.9135891677812966,0.27096816295004905,1.0,3.6036397548432046,nan,nan
emnist_letters,softmax,1,27,0.24199682474136353,0.9138333333333334,0.9138223679774549,0.2600668852633618,1.0,3.62031020255799,nan,nan
emnist_letters,softmax,2,0,2.584569215774536,0.4310833333333333,0.41531970719359346,1.8073429782339867,1.0,3.737129528471764,nan,nan
emnist_letters,softmax,2,1,1.4903740882873535,0.6328333333333334,0.6314566392153632,1.1625218391418457,1.0,3.756191570708092,nan,nan
emnist_letters,softmax,2,2,1.0736514329910278,0.7001666666666667,0.6987375224401859,0.9197173346864417,1.0,3.7675704829236296,nan,nan
emnist_letters,softmax,2,3,0.8618969917297363,0.7629166666666667,0.7636480734294552,0.7342184667891645,1.0,3.7611011799345624,nan,nan
emnist_letters,softmax,2,4,0.7188277244567871,0.7984166666666667,0.79909462236636,0.6195266253136574,1.0,3.750851052872678,nan,nan
emnist_letters,softmax,2,5,0.6184725761413574,0.81475,0.8145522052058308,0.5682497411332232,1.0,3.743939605165035,nan,nan
emnist_letters,softmax,2,6,0.5432006120681763,0.8368333333333333,0.8364688993249904,0.4990149622267865,1.0,3.723077784193323,nan,nan
emnist_letters,softmax,2,7,0.4945387542247772,0.8555,0.8551132792987711,0.43631759920018787,1.0,3.7188217462377344,nan,nan
emnist_letters,softmax,2,8,0.45551541447639465,0.866,0.8664459741117241,0.40441173949140186,1.0,3.7239706034355975,nan,nan
emnist_letters,softmax,2,9,0.42672061920166016,0.8643333333333333,0.8639802780236807,0.4126996600881536,1.0,3.7058306425175767,nan,nan
emnist_letters,softmax,2,10,0.40727919340133667,0.875,0.8748712799161427,0.37839920850510295,1.0,3.6876483876654444,nan,nan
emnist_letters,softmax,2,11,0.38057541847229004,0.8841666666666667,0.884455128781712,0.3501180391362373,1.0,3.684024843763798,nan,nan
emnist_letters,softmax,2,12,0.36291003227233887,0.8806666666666667,0.8808457856516877,0.3575451954248104,1.0,3.676567995801885,nan,nan
emnist_letters,softmax,2,13,0.34847238659858704,0.8814166666666666,0.8810163184916167,0.35560794903876936,1.0,3.667851336458896,nan,nan
emnist_letters,softmax,2,14,0.338949590921402,0.89575,0.8957205855208764,0.31143926654724363,1.0,3.6697096799282316,nan,nan
emnist_letters,softmax,2,15,0.32189953327178955,0.8995833333333333,0.8994207973723383,0.3010121507847563,1.0,3.6678867263996855,nan,nan
emnist_letters,softmax,2,16,0.3094826340675354,0.8975833333333333,0.8977689050581379,0.3023065277870665,1.0,3.6646311232384217,nan,nan
emnist_letters,softmax,2,17,0.2981198728084564,0.8993333333333333,0.8989465677413407,0.3005164214905272,1.0,3.662994237656289,nan,nan
emnist_letters,softmax,2,18,0.28709837794303894,0.89975,0.8996747535776429,0.30627851505228815,1.0,3.6662014164823167,nan,nan
emnist_letters,softmax,2,19,0.27758437395095825,0.9016666666666666,0.9015321664099777,0.2904009356143627,1.0,3.659125898746734,nan,nan
emnist_letters,softmax,2,20,0.2673815190792084,0.9061666666666667,0.9063140669106087,0.2848226437543301,1.0,3.6649295167720064,nan,nan
emnist_letters,softmax,2,21,0.26391932368278503,0.9079166666666667,0.9079632591199817,0.2817970146524145,1.0,3.660773574037755,nan,nan
emnist_letters,softmax,2,22,0.2558923065662384,0.9101666666666667,0.9098113277995992,0.27669277945731546,1.0,3.6564568965993027,nan,nan
emnist_letters,softmax,2,23,0.24622128903865814,0.9088333333333334,0.9088209973642273,0.2798072394538433,1.0,3.6604147109579532,nan,nan
emnist_letters,softmax,2,24,0.2469974160194397,0.9145833333333333,0.9146335099715084,0.2679721560884029,1.0,3.641226347456587,nan,nan
emnist_letters,softmax,2,25,0.23523813486099243,0.9159166666666667,0.9157403546322497,0.25974754481873613,1.0,3.6440933283339154,nan,nan
emnist_letters,softmax,2,26,0.23075561225414276,0.9109166666666667,0.91101018825064,0.2735340221131102,1.0,3.6563794967976024,nan,nan
emnist_letters,softmax,2,27,0.22604022920131683,0.91625,0.9162447512551124,0.2654537257361919,1.0,3.647517904322198,nan,nan
emnist_letters,softmax,2,28,0.22581860423088074,0.9149166666666667,0.9149885361175276,0.2697455512082323,1.0,3.6581900956782887,nan,nan
emnist_letters,softmax,2,29,0.22220192849636078,0.91525,0.9154107563744347,0.2699076108475949,1.0,3.660547915925371,nan,nan
emnist_letters,softmax,3,0,2.709014654159546,0.4205,0.39906761301782834,1.8453020440771224,1.0,3.810336021666831,nan,nan
emnist_letters,softmax,3,1,1.4751436710357666,0.6491666666666667,0.6393619250105238,1.105475329338236,1.0,3.825311468002644,nan,nan
emnist_letters,softmax,3,2,1.0705007314682007,0.7233333333333334,0.7199528824888481,0.8630608561191153,1.0,3.829470642069553,nan,nan
emnist_letters,softmax,3,3,0.8874959349632263,0.7676666666666667,0.764066121461428,0.7111593497560379,1.0,3.8224155725316797,nan,nan
emnist_letters,softmax,3,4,0.7367786169052124,0.8110833333333334,0.8084284776384276,0.5845270714861281,1.0,3.8116918751533997,nan,nan
emnist_letters,softmax,3,5,0.6342129707336426,0.8146666666666667,0.8132903968261209,0.572430763472902,1.0,3.8077588613997113,nan,nan
emnist_letters,softmax,3,6,0.5602539777755737,0.84175,0.8387856493991676,0.47523779818352235,1.0,3.7956283041771424,nan,nan
emnist_letters,softmax,3,7,0.5054208040237427,0.8471666666666666,0.8457998169757037,0.45894284578079875,1.0,3.7860900747015123,nan,nan
emnist_letters,softmax,3,8,0.46103405952453613,0.8658333333333333,0.8654522377160718,0.4112845177346088,1.0,3.7830385679894305,nan,nan
emnist_letters,softmax,3,9,0.42582717537879944,0.8771666666666667,0.8763093851026654,0.36941681833977397,1.0,3.775962291879857,nan,nan
emnist_letters,softmax,3,10,0.39714300632476807,0.8845,0.8829068803098147,0.3472776102258804,1.0,3.7657530485315527,nan,nan
emnist_letters,softmax,3,11,0.3780909776687622,0.88675,0.8865526321227455,0.34519268223579896,1.0,3.755857520915092,nan,nan
emnist_letters,softmax,3,12,0.3657478988170624,0.8923333333333333,0.8921368005751309,0.327594371235117,1.0,3.748716838816379,nan,nan
emnist_letters,softmax,3,13,0.3401801884174347,0.889,0.8887968075068572,0.332190547851806,1.0,3.747689668168413,nan,nan
emnist_letters,softmax,3,14,0.32987022399902344,0.8945833333333333,0.8942958624916743,0.3125512492149434,1.0,3.7424907963326635,nan,nan
emnist_letters,softmax,3,15,0.31574463844299316,0.901,0.9010093859001304,0.3009649784641063,1.0,3.7334264542194124,nan,nan
emnist_letters,softmax,3,16,0.30686962604522705,0.9013333333333333,0.900754210984841,0.3014227808155912,1.0,3.7274084623823773,nan,nan
emnist_letters,softmax,3,17,0.2986980080604553,0.9049166666666667,0.9049009678495892,0.2943724450912881,1.0,3.7282447992487158,nan,nan
emnist_letters,softmax,3,18,0.2911335825920105,0.9029166666666667,0.9018872698583279,0.28772113773416963,1.0,3.7228813957660756,nan,nan
emnist_letters,softmax,3,19,0.2773929238319397,0.9065833333333333,0.9067645847496794,0.2890069801756676,1.0,3.710894724155994,nan,nan
emnist_letters,softmax,3,20,0.27503702044487,0.904,0.9036673524758837,0.29350397878504814,1.0,3.710324076896018,nan,nan
emnist_letters,softmax,3,21,0.26676681637763977,0.9085,0.9084542272780697,0.27669845077585664,1.0,3.7077711516238274,nan,nan
emnist_letters,softmax,3,22,0.2615434229373932,0.9074166666666666,0.9071085567756328,0.2924864368235811,1.0,3.6998765367142696,nan,nan
emnist_letters,softmax,3,23,0.25473207235336304,0.9135,0.9129579944320406,0.27109960133725025,1.0,3.6990331183088587,nan,nan
emnist_letters,softmax,3,24,0.248419389128685,0.9088333333333334,0.9082966290720592,0.2725822278793822,1.0,3.701557479006179,nan,nan
emnist_letters,softmax,3,25,0.23685979843139648,0.9129166666666667,0.9126484214472593,0.26835804289959847,1.0,3.694049670341167,nan,nan
emnist_letters,softmax,3,26,0.23724721372127533,0.91325,0.9124445932761532,0.2761772668108027,1.0,3.6938470018670913,nan,nan
emnist_letters,softmax,3,27,0.2319369614124298,0.9153333333333333,0.9148126159477971,0.2647540179338861,1.0,3.6871136503016695,nan,nan
emnist_letters,softmax,3,28,0.2220081090927124,0.9173333333333333,0.9169964036731019,0.25845541440426034,1.0,3.6904548000782094,nan,nan
emnist_letters,softmax,3,29,0.2245498150587082,0.91075,0.9101828701911626,0.2787812199998409,1.0,3.6792273977969554,nan,nan
emnist_letters,softmax,4,0,2.7118728160858154,0.37175,0.34097542186803165,2.0255244285502334,1.0,3.8276518380388302,nan,nan
emnist_letters,softmax,4,1,1.5744948387145996,0.6199166666666667,0.6181541355692892,1.1982372136826211,1.0,3.7952172248921494,nan,nan
emnist_letters,softmax,4,2,1.1011663675308228,0.7128333333333333,0.7103059894359797,0.8971236145242731,1.0,3.778646540134511,nan,nan
emnist_letters,softmax,4,3,0.9016185998916626,0.7630833333333333,0.761531754026715,0.7375737669620108,1.0,3.762505460292735,nan,nan
emnist_letters,softmax,4,4,0.7747293710708618,0.7864166666666667,0.7870308760801422,0.6541751838744955,1.0,3.755683701089088,nan,nan
emnist_letters,softmax,4,5,0.6824198365211487,0.8071666666666667,0.806553540187988,0.5966607712684794,1.0,3.7468590076933515,nan,nan
emnist_letters,softmax,4,6,0.6106754541397095,0.8275833333333333,0.8295127913777269,0.5239837239397332,1.0,3.737830509530737,nan,nan
emnist_letters,softmax,4,7,0.559054970741272,0.8384166666666667,0.8388858770626503,0.4858290629183992,1.0,3.722334146499634,nan,nan
emnist_letters,softmax,4,8,0.5160437226295471,0.8294166666666667,0.8293445163489686,0.5097454298049846,1.0,3.714610274801863,nan,nan
emnist_letters,softmax,4,9,0.4767424762248993,0.8565833333333334,0.8557666323379473,0.4437340973539555,1.0,3.7066581147782345,nan,nan
emnist_letters,softmax,4,10,0.44916582107543945,0.87,0.8705557033333927,0.388374074342403,1.0,3.7029918406872038,nan,nan
emnist_letters,softmax,4,11,0.42673617601394653,0.8670833333333333,0.8669022664640365,0.40261394926842226,1.0,3.6966412879051047,nan,nan
emnist_letters,softmax,4,12,0.3956439793109894,0.8751666666666666,0.8755190629741898,0.3735220178644708,1.0,3.698141171577129,nan,nan
emnist_letters,softmax,4,13,0.38097405433654785,0.8799166666666667,0.8804562503241191,0.3618189514951503,1.0,3.680759275213201,nan,nan
emnist_letters,softmax,4,14,0.3678918182849884,0.8740833333333333,0.8746687153188879,0.38011058974773326,1.0,3.6873963487909194,nan,nan
emnist_letters,softmax,4,15,0.3512473702430725,0.8911666666666667,0.8919157660934461,0.3239025460912826,1.0,3.6836688721433597,nan,nan
emnist_letters,softmax,4,16,0.3376365900039673,0.8890833333333333,0.890179262787549,0.32404562767515793,1.0,3.674650620906911,nan,nan
emnist_letters,softmax,4,17,0.3286631107330322,0.8910833333333333,0.8913282708807004,0.3278886802653049,1.0,3.677431124321958,nan,nan
emnist_letters,softmax,4,18,0.3172948360443115,0.8895833333333333,0.8898577621104466,0.335091769378236,1.0,3.6817729625296085,nan,nan
emnist_letters,softmax,4,19,0.30713507533073425,0.8956666666666667,0.8962105392393044,0.32084833687924325,1.0,3.6738721715643052,nan,nan
emnist_letters,softmax,4,20,0.29833054542541504,0.89025,0.8892788132841344,0.32595506437281346,1.0,3.6728470655197794,nan,nan
emnist_letters,softmax,4,21,0.28691813349723816,0.8989166666666667,0.8989857312289868,0.30861331807806136,1.0,3.677006668232857,nan,nan
emnist_letters,softmax,4,22,0.2825085520744324,0.8996666666666666,0.8992398111665665,0.2937135718604352,1.0,3.6774264929142406,nan,nan
emnist_letters,softmax,4,23,0.2763112485408783,0.9063333333333333,0.9064786335090014,0.2903501762354628,1.0,3.6735080582030277,nan,nan
emnist_letters,softmax,4,24,0.2671709358692169,0.90325,0.9038006421325465,0.28988582276283426,1.0,3.6669071278673537,nan,nan
emnist_letters,softmax,4,25,0.2639935314655304,0.9015,0.9016828186309076,0.2990598757850363,1.0,3.672436460535577,nan,nan
emnist_letters,softmax,4,26,0.25396302342414856,0.9059166666666667,0.9063174714298052,0.28407087319708885,1.0,3.6665486249517887,nan,nan
emnist_letters,softmax,4,27,0.24792617559432983,0.9013333333333333,0.9013776744781049,0.2983358857479501,1.0,3.6538248544043683,nan,nan
emnist_letters,softmax,4,28,0.24594338238239288,0.90325,0.9033496643262452,0.28519879249816243,1.0,3.6670240239894136,nan,nan
emnist_letters,softmax,5,0,2.6569550037384033,0.4370833333333333,0.4087518330839082,1.7765366371641769,1.0,3.7024726436493243,nan,nan
emnist_letters,softmax,5,1,1.4740978479385376,0.6415833333333333,0.6352369125171248,1.1277218752718987,1.0,3.7345490734627904,nan,nan
emnist_letters,softmax,5,2,1.0654317140579224,0.7223333333333334,0.7178303439196677,0.8624268034671215,1.0,3.711498516671201,nan,nan
emnist_letters,softmax,5,3,0.8635417819023132,0.76625,0.764171424727459,0.7103788370781756,1.0,3.7207924127578735,nan,nan
emnist_letters,softmax,5,4,0.745486319065094,0.7989166666666667,0.7962799735673123,0.6274449856991463,1.0,3.7236524693509367,nan,nan
emnist_letters,softmax,5,5,0.6514924168586731,0.818,0.8165842864699215,0.5484527412881243,1.0,3.7108349800109863,nan,nan
emnist_letters,softmax,5,6,0.5839747190475464,0.83125,0.829985185953595,0.5147872402312907,1.0,3.7030168086924453,nan,nan
emnist_letters,softmax,5,7,0.5256142616271973,0.8511666666666666,0.8504294942585152,0.4471470073182532,1.0,3.6980625441733825,nan,nan
emnist_letters,softmax,5,8,0.4936715364456177,0.8655833333333334,0.8639949869502757,0.4041828367304295,0.9999998991793775,3.6977262674493994,nan,nan
emnist_letters,softmax,5,9,0.4534151554107666,0.8651666666666666,0.8642412926230981,0.4042288299570692,0.9999995586719919,3.6939942836761475,nan,nan
emnist_letters,softmax,5,10,0.42773911356925964,0.87125,0.8695977743812281,0.389474242291552,0.9999989302868538,3.695260669322724,nan,nan
emnist_letters,softmax,5,11,0.4096684455871582,0.88375,0.8830468041762786,0.35043644334407564,0.999999206116859,3.6882235623420554,nan,nan
emnist_letters,softmax,5,12,0.38579443097114563,0.8775833333333334,0.8765968843380292,0.3657245008235282,0.9999994356581505,3.683778668971772,nan,nan
emnist_letters,softmax,5,13,0.369033545255661,0.88875,0.8886214078092086,0.3304356653639611,0.9999964186485778,3.672268895392722,nan,nan
emnist_letters,softmax,5,14,0.35786792635917664,0.888,0.8864979143139459,0.32389028909358575,0.999993251993301,3.671315426522113,nan,nan
emnist_letters,softmax,5,15,0.3447266221046448,0.8941666666666667,0.8933659033597254,0.308844415114281,0.9999986899659988,3.663692540310799,nan,nan
emnist_letters,softmax,5,16,0.3339039981365204,0.8988333333333334,0.8985195465505864,0.2954591674373505,0.999999372248954,3.665347525414,nan,nan
emnist_letters,softmax,5,17,0.325263112783432,0.89625,0.8953882628984666,0.2976071016585573,0.9999998300633532,3.6638948917388916,nan,nan
emnist_letters,softmax,5,18,0.3079546093940735,0.9041666666666667,0.9038612164677743,0.286003163520326,0.9999990964189489,3.6558680432908077,nan,nan
emnist_letters,softmax,5,19,0.3029279112815857,0.8998333333333334,0.8988693351931333,0.2926835294099564,0.9999993621034825,3.6611192556137735,nan,nan
emnist_letters,softmax,5,20,0.29240140318870544,0.9026666666666666,0.9026113678207792,0.28951055730911013,0.9999995891084063,3.651920090330408,nan,nan
emnist_letters,softmax,5,21,0.2879121005535126,0.91025,0.9100531101798749,0.26729717914094314,0.9999999644908499,3.653608466716523,nan,nan
emnist_letters,softmax,5,22,0.28328827023506165,0.90875,0.9083850198375696,0.27071390443659843,0.9999996163743607,3.649899736363837,nan,nan
emnist_letters,softmax,5,23,0.269332617521286,0.9086666666666666,0.908259806864092,0.2740743524850683,0.9999998085042263,3.655176190619773,nan,nan
emnist_letters,softmax,5,24,0.2657319903373718,0.9116666666666666,0.911510295567727,0.27465141073186344,0.9999990995894087,3.647367918745,nan,nan
emnist_letters,softmax,5,25,0.25570330023765564,0.9144166666666667,0.9141416456797138,0.26209528395470155,0.9999995992538777,3.6496394137118724,nan,nan
emnist_letters,softmax,5,26,0.25389817357063293,0.9134166666666667,0.9134500633028722,0.2543557067500784,0.9999996918313047,3.6552831492525466,nan,nan
emnist_letters,softmax,5,27,0.2482479363679886,0.9123333333333333,0.9121874252547866,0.265935222202159,0.9999988383435189,3.642170467275254,nan,nan
emnist_letters,softmax,5,28,0.2453688085079193,0.9105833333333333,0.9102886628976106,0.2615933465830823,0.9999992936215503,3.6506134017984917,nan,nan
emnist_letters,softmax,5,29,0.2401740849018097,0.9141666666666667,0.914263481959523,0.25793844588259435,0.9999996360312117,3.6485858293289835,nan,nan
emnist_letters,softmax,6,0,2.7087178230285645,0.4056666666666667,0.3819063042273892,1.8786548173173945,0.9999999118612167,3.5711515862891017,nan,nan
emnist_letters,softmax,6,1,1.5346388816833496,0.63,0.6221232836683156,1.1643590648123558,1.0,3.6214908057070794,nan,nan
emnist_letters,softmax,6,2,1.0654499530792236,0.719,0.7160009839070233,0.8813972397053496,1.0,3.650659609348216,nan,nan
emnist_letters,softmax,6,3,0.8416597843170166,0.77825,0.7741460110523476,0.6815721747723031,1.0,3.646681072864127,nan,nan
emnist_letters,softmax,6,4,0.7072826623916626,0.8015,0.8006551589170254,0.6128578832808961,1.0,3.656272010600313,nan,nan
emnist_letters,softmax,6,5,0.612472414970398,0.8281666666666667,0.8270637369208694,0.5299885133479504,1.0,3.6313956316481244,nan,nan
emnist_letters,softmax,6,6,0.5423252582550049,0.8458333333333333,0.8447310879415001,0.4682520463111553,1.0,3.6362576357861784,nan,nan
emnist_letters,softmax,6,7,0.4969470202922821,0.86075,0.8592542622794901,0.42782310285466785,1.0,3.6221066510423703,nan,nan
emnist_letters,softmax,6,8,0.4595533311367035,0.8651666666666666,0.8644218708023487,0.41626000721403894,1.0,3.6398330140621105,nan,nan
emnist_letters,softmax,6,9,0.42614853382110596,0.8769166666666667,0.8755818590019939,0.3747553717582784,1.0,3.6393810130180198,nan,nan
emnist_letters,softmax,6,10,0.4079842269420624,0.86875,0.8682234574944191,0.40691194065073705,1.0,3.632073955332979,nan,nan
emnist_letters,softmax,6,11,0.38320398330688477,0.88575,0.8850607331172949,0.34768418492154873,1.0,3.641954094805616,nan,nan
emnist_letters,softmax,6,12,0.36709848046302795,0.8894166666666666,0.8878310014190857,0.339768166871781,1.0,3.6374012358645174,nan,nan
emnist_letters,softmax,6,13,0.35383015871047974,0.8835,0.8825784629896426,0.35360851027864093,1.0,3.6455661185244295,nan,nan
emnist_letters,softmax,6,14,0.3385041058063507,0.8954166666666666,0.895074969186054,0.31953749631313566,1.0,3.635801201171063,nan,nan
emnist_letters,softmax,6,15,0.3280584216117859,0.8955,0.8946784942712546,0.32303615516804635,1.0,3.6286833945741046,nan,nan
emnist_letters,softmax,6,16,0.3195211887359619,0.89575,0.8952099756817352,0.31545246820500555,1.0,3.634149358627644,nan,nan
emnist_letters,softmax,6,17,0.30100879073143005,0.8951666666666667,0.894665561072547,0.3151175763378752,1.0,3.631553997384741,nan,nan
emnist_letters,softmax,6,18,0.29881158471107483,0.9025,0.9016106231180779,0.2963080273029652,1.0,3.622514641031306,nan,nan
emnist_letters,softmax,6,19,0.29114243388175964,0.9014166666666666,0.900663904110214,0.2920104851748081,1.0,3.643072876524418,nan,nan
emnist_letters,softmax,6,20,0.28365185856819153,0.89375,0.893311828821665,0.3181854600602008,1.0,3.638991566414529,nan,nan
emnist_letters,softmax,6,21,0.2752222716808319,0.9088333333333334,0.9082582862308897,0.2861574181216828,1.0,3.619867484620277,nan,nan
emnist_letters,softmax,6,22,0.2726508378982544,0.9096666666666666,0.9090136572352995,0.2817859602101306,1.0,3.6459256435962435,nan,nan
emnist_letters,softmax,6,23,0.26158377528190613,0.9083333333333333,0.9073438983383109,0.2785904730888123,1.0,3.637419195885354,nan,nan
emnist_letters,softmax,6,24,0.2559458911418915,0.90825,0.9074691064272388,0.28103259586273355,1.0,3.6368751551242586,nan,nan
emnist_letters,softmax,6,25,0.25166067481040955,0.9079166666666667,0.9071972319624506,0.28350539188435736,1.0,3.634831314391278,nan,nan
emnist_letters,softmax,6,26,0.2501337230205536,0.9104166666666667,0.9096867567274212,0.2756882493800305,1.0,3.6333551711224494,nan,nan
emnist_letters,softmax,6,27,0.24151036143302917,0.91075,0.9103466429172269,0.27997550241490626,1.0,3.6232465708509403,nan,nan
emnist_letters,softmax,6,28,0.2363869845867157,0.9125833333333333,0.9119193696232804,0.2736928440788959,1.0,3.6250553892013873,nan,nan
emnist_letters,softmax,6,29,0.2325378656387329,0.9130833333333334,0.9122557394425306,0.2670450676628884,1.0,3.625610975508994,nan,nan
emnist_letters,softmax,7,0,2.7151951789855957,0.397,0.36184787680730035,1.9105062434013853,1.0,3.599968063070419,nan,nan
emnist_letters,softmax,7,1,1.6027560234069824,0.59475,0.5893018499036788,1.2916203103166946,1.0,3.7430234031474336,nan,nan
emnist_letters,softmax,7,2,1.1378129720687866,0.7105833333333333,0.7088188427741877,0.8969093396308574,1.0,3.7141294149642294,nan,nan
emnist_letters,softmax,7,3,0.8825826048851013,0.7715,0.769861654696737,0.7037659224043501,1.0,3.7270119494580207,nan,nan
emnist_letters,softmax,7,4,0.7362810373306274,0.7994166666666667,0.7998487258593461,0.624511958436763,1.0,3.7296199570310877,nan,nan
emnist_letters,softmax,7,5,0.6512594819068909,0.8195,0.8195542391492593,0.5567162601237602,1.0,3.720794325179242,nan,nan
emnist_letters,softmax,7,6,0.5842502117156982,0.843,0.8434439930000276,0.48431501616822914,1.0,3.7168746856932944,nan,nan
emnist_letters,softmax,7,7,0.5311686992645264,0.8539166666666667,0.8538080391770453,0.44939190656580824,1.0,3.716061581956579,nan,nan
emnist_letters,softmax,7,8,0.4872327744960785,0.8579166666666667,0.8579750442589581,0.4271311664834936,1.0,3.7159524800929615,nan,nan
emnist_letters,softmax,7,9,0.4506065249443054,0.86475,0.8649948656066724,0.4028459844437051,1.0,3.7113016133612775,nan,nan
emnist_letters,softmax,7,10,0.4252561330795288,0.8663333333333333,0.8659309805139039,0.4019878481296783,1.0,3.7152289532600564,nan,nan
emnist_letters,softmax,7,11,0.3928793966770172,0.8845,0.8845893003077445,0.3477420004758429,1.0,3.711221976483122,nan,nan
emnist_letters,softmax,7,12,0.38047897815704346,0.8838333333333334,0.8841637630750666,0.35350453314629005,1.0,3.7016609019421516,nan,nan
emnist_letters,softmax,7,13,0.36468249559402466,0.8910833333333333,0.8910570544136667,0.3313282056057707,1.0,3.7050157836143005,nan,nan
emnist_letters,softmax,7,14,0.34463226795196533,0.8874166666666666,0.8878256100409718,0.341144138194145,1.0,3.7058121828322714,nan,nan
emnist_letters,softmax,7,15,0.3396165072917938,0.8881666666666667,0.8889453692269574,0.3330196865061496,1.0,3.7022979513127754,nan,nan
emnist_letters,softmax,7,16,0.3179182708263397,0.89125,0.8910908867871006,0.3231508668432844,1.0,3.701002681508977,nan,nan
emnist_letters,softmax,7,17,0.30639418959617615,0.8958333333333334,0.8960729675697443,0.30842674697967287,1.0,3.699068919141242,nan,nan
emnist_letters,softmax,7,18,0.29776185750961304,0.8983333333333333,0.8984114726267359,0.30387740661489204,1.0,3.687531816198471,nan,nan
emnist_letters,softmax,7,19,0.2901110053062439,0.90225,0.9026128821284463,0.29327904702501095,1.0,3.679506314561722,nan,nan
emnist_letters,softmax,7,20,0.27460524439811707,0.8945,0.8945324314749548,0.3160469950513637,1.0,3.679572118089554,nan,nan
emnist_letters,softmax,7,21,0.2679392099380493,0.9026666666666666,0.9031274190560038,0.2887934848983237,1.0,3.678152642351516,nan,nan
emnist_letters,softmax,7,22,0.26070138812065125,0.90825,0.9087659854658509,0.2853484204474916,1.0,3.6713894580272917,nan,nan
emnist_letters,softmax,7,23,0.25738096237182617,0.905,0.9051190220833667,0.27759698889356976,1.0,3.6823454385108136,nan,nan
emnist_letters,softmax,7,24,0.25212615728378296,0.9053333333333333,0.9053132044018627,0.2906726005863636,1.0,3.6674164432160397,nan,nan
emnist_letters,softmax,7,25,0.24553386867046356,0.90875,0.9090389808693401,0.28460692122895664,1.0,3.675624258974765,nan,nan
emnist_letters,softmax,7,26,0.23652347922325134,0.9044166666666666,0.9047695039748924,0.2847691476345062,1.0,3.6734747354020465,nan,nan
emnist_letters,softmax,7,27,0.23734581470489502,0.9154166666666667,0.9154827924850616,0.26056986000943694,1.0,3.681045004662047,nan,nan
emnist_letters,softmax,7,28,0.23165321350097656,0.9160833333333334,0.9164302754270248,0.2605325585984169,1.0,3.673742266411477,nan,nan
emnist_letters,softmax,7,29,0.22640180587768555,0.91375,0.913949093913568,0.2636414541208998,1.0,3.6757437827739308,nan,nan
emnist_letters,softmax,8,0,2.5948359966278076,0.4405833333333333,0.42151562769163825,1.8024050327057535,1.0,3.7921192138753037,nan,nan
emnist_letters,softmax,8,1,1.480273723602295,0.6324166666666666,0.6293263285107482,1.1506392423142777,1.0,3.7757865342688053,nan,nan
emnist_letters,softmax,8,2,1.0767654180526733,0.718,0.7153026052667933,0.8645125817745289,1.0,3.7617739160010157,nan,nan
emnist_letters,softmax,8,3,0.8631947040557861,0.7665,0.7647625345804752,0.7281116018904016,1.0,3.7465799007009952,nan,nan
emnist_letters,softmax,8,4,0.7451574206352234,0.7918333333333333,0.7853752500686982,0.652208444919992,0.9999999955613562,3.7369866548700537,nan,nan
emnist_letters,softmax,8,5,0.6483165621757507,0.8224166666666667,0.82125795148028,0.5532369753147693,0.9999999911227124,3.7308109745066216,nan,nan
emnist_letters,softmax,8,6,0.5798377394676208,0.842,0.8406893070639101,0.4922264700240277,0.9999999955613562,3.72162878766973,nan,nan
emnist_letters,softmax,8,7,0.5377458930015564,0.846,0.8438453794103958,0.46270824493245877,0.9999999955613562,3.702254242085396,nan,nan
emnist_letters,softmax,8,8,0.49505525827407837,0.8625,0.8620175558408386,0.4263570961800027,0.9999999955613562,3.6965528980214546,nan,nan
emnist_letters,softmax,8,9,0.4580460786819458,0.8715833333333334,0.8710789787358076,0.39873930685063624,1.0,3.6950919374506523,nan,nan
emnist_letters,softmax,8,10,0.42983320355415344,0.8786666666666667,0.878083214018263,0.383673499239252,1.0,3.68993382251009,nan,nan
emnist_letters,softmax,8,11,0.40056583285331726,0.8815,0.8805278615577973,0.36740255863108534,1.0,3.688288577059482,nan,nan
emnist_letters,softmax,8,12,0.3886638581752777,0.8891666666666667,0.8878090121788742,0.3494413732848269,1.0,3.6837030573094145,nan,nan
emnist_letters,softmax,8,13,0.3651154041290283,0.89025,0.8888058993647034,0.34263343316443423,1.0,3.690702605754771,nan,nan
emnist_letters,softmax,8,14,0.35080409049987793,0.89325,0.8921171593514171,0.3317062131902005,1.0,3.6870878097858837,nan,nan
emnist_letters,softmax,8,15,0.33659419417381287,0.896,0.8952914192389093,0.3273117665914779,1.0,3.6827225025663983,nan,nan
emnist_letters,softmax,8,16,0.32361021637916565,0.8993333333333333,0.8983734788310074,0.31422043417362455,1.0,3.6740057443050627,nan,nan
emnist_letters,softmax,8,17,0.3134288787841797,0.8990833333333333,0.8985256719807648,0.3199359765078159,1.0,3.668702891532411,nan,nan
emnist_letters,softmax,8,18,0.30689629912376404,0.9000833333333333,0.8988522703403542,0.30737247302177106,1.0,3.6757286736305725,nan,nan
emnist_letters,softmax,8,19,0.2945617437362671,0.8990833333333333,0.8979936660324255,0.30638447372203176,1.0,3.663340114532633,nan,nan
emnist_letters,softmax,8,20,0.285680890083313,0.90275,0.9019710690472086,0.2954826167923339,1.0,3.6702193503684186,nan,nan
emnist_letters,softmax,8,21,0.28037533164024353,0.9001666666666667,0.898606911309417,0.311529888751659,1.0,3.661408284877209,nan,nan
emnist_letters,softmax,8,22,0.272000253200531,0.9084166666666667,0.9073895285229902,0.28424457888653937,1.0,3.6582790537083403,nan,nan
emnist_letters,softmax,8,23,0.27005428075790405,0.9050833333333334,0.9042903191130219,0.2929914419321304,1.0,3.6558270124678915,nan,nan
emnist_letters,softmax,8,24,0.2589946687221527,0.9030833333333333,0.9024641240896732,0.284487913263605,1.0,3.6512937266775904,nan,nan
emnist_letters,softmax,8,25,0.25571513175964355,0.9025,0.9010434623939353,0.2950260724793089,1.0,3.646550049173071,nan,nan
emnist_letters,softmax,8,26,0.24751363694667816,0.9078333333333334,0.9071552215392001,0.2851015202542569,1.0,3.652485241281225,nan,nan
emnist_letters,softmax,8,27,0.2400500625371933,0.9138333333333334,0.9129259235311487,0.27018665728416846,1.0,3.6511352011497986,nan,nan
emnist_letters,softmax,8,28,0.23495127260684967,0.9109166666666667,0.9101074953547852,0.27969967145869074,1.0,3.647547780199254,nan,nan
emnist_letters,softmax,8,29,0.23817579448223114,0.9149166666666667,0.9138612578034547,0.2657699594472317,1.0,3.6568258315958877,nan,nan
emnist_letters,softmax,9,0,2.6927216053009033,0.3915,0.3704371164212994,1.9454245973140636,1.0,3.7357846574580416,nan,nan
emnist_letters,softmax,9,1,1.555315613746643,0.6113333333333333,0.6047456817489459,1.2236528269788052,1.0,3.760652755169158,nan,nan
emnist_letters,softmax,9,2,1.0736956596374512,0.7286666666666667,0.7241582928685589,0.8351359785871303,1.0,3.7703363540324757,nan,nan
emnist_letters,softmax,9,3,0.8541256189346313,0.7698333333333334,0.767617903230466,0.6995908275563666,1.0,3.764028716594615,nan,nan
emnist_letters,softmax,9,4,0.7105348110198975,0.8073333333333333,0.8066192408325971,0.5782180669459891,1.0,3.757536472158229,nan,nan
emnist_letters,softmax,9,5,0.6189003586769104,0.8290833333333333,0.8290522085617679,0.5162267463004335,1.0,3.7461594622185888,nan,nan
emnist_letters,softmax,9,6,0.5597933530807495,0.85075,0.8498396557361508,0.45182450527840473,1.0,3.739185612252418,nan,nan
emnist_letters,softmax,9,7,0.5060649514198303,0.8496666666666667,0.8499082264236137,0.45088318941440986,1.0,3.735964757330874,nan,nan
emnist_letters,softmax,9,8,0.47555118799209595,0.8568333333333333,0.8559326994392507,0.4214524062390023,1.0,3.7207929530042283,nan,nan
emnist_letters,softmax,9,9,0.43693819642066956,0.8689166666666667,0.8679534199756799,0.3815386675773783,1.0,3.715950344471221,nan,nan
emnist_letters,softmax,9,10,0.4114154577255249,0.8670833333333333,0.8660752595454737,0.3932132346833006,1.0,3.706611394882202,nan,nan
emnist_letters,softmax,9,11,0.3935578763484955,0.88125,0.8809183623951482,0.34918635893375316,1.0,3.699175794073876,nan,nan
emnist_letters,softmax,9,12,0.3760509788990021,0.8858333333333334,0.885160904695264,0.34021129760336366,1.0,3.6874122746447298,nan,nan
emnist_letters,softmax,9,13,0.3613225221633911,0.88875,0.8884983007483633,0.3279144399343653,1.0,3.6761659814956342,nan,nan
emnist_letters,softmax,9,14,0.3456643521785736,0.8949166666666667,0.8942012733082547,0.3165732590442008,1.0,3.6651758361370006,nan,nan
emnist_letters,softmax,9,15,0.33134931325912476,0.8903333333333333,0.8901360103489786,0.3319473168317308,1.0,3.6607562962998736,nan,nan
emnist_letters,softmax,9,16,0.32077744603157043,0.8965833333333333,0.895961233125031,0.3080730802835302,1.0,3.652715875747356,nan,nan
emnist_letters,softmax,9,17,0.3104132115840912,0.8985833333333333,0.8986014248867848,0.304313359425423,1.0,3.6534656260875944,nan,nan
emnist_letters,softmax,9,18,0.29999127984046936,0.8988333333333334,0.8980044889686594,0.3012289798006098,1.0,3.633435995020765,nan,nan
emnist_letters,softmax,9,19,0.2919960916042328,0.8979166666666667,0.8977272080531503,0.3031058859951953,1.0,3.6307514525474387,nan,nan
emnist_letters,softmax,9,20,0.28429579734802246,0.8978333333333334,0.897397188211667,0.3024837615642142,1.0,3.617638973479575,nan,nan
emnist_letters,softmax,9,21,0.28083428740501404,0.9040833333333333,0.90394104744025,0.29139746567036245,1.0,3.6265044136250273,nan,nan
emnist_letters,softmax,9,22,0.26786211133003235,0.9020833333333333,0.9014131220914405,0.2893776132705364,1.0,3.624624452692397,nan,nan
emnist_letters,softmax,9,23,0.261638343334198,0.8991666666666667,0.8965747998031964,0.29086213606469175,1.0,3.6219743363400725,nan,nan
emnist_letters,softmax,9,24,0.25929883122444153,0.8988333333333334,0.8981257195228977,0.31037563592829603,1.0,3.6106591554398233,nan,nan
emnist_letters,softmax,9,25,0.25622308254241943,0.9034166666666666,0.9027636826332818,0.2885808659360764,1.0,3.617696056974695,nan,nan
emnist_letters,softmax,9,26,0.2491224706172943,0.9103333333333333,0.9099482178100686,0.26189385100882107,1.0,3.6185520963465914,nan,nan
emnist_letters,softmax,9,27,0.24179993569850922,0.9065833333333333,0.9064576445696477,0.2759166404287866,1.0,3.6178341824957667,nan,nan
emnist_letters,softmax,9,28,0.2388017326593399,0.9114166666666667,0.9110427775613689,0.2631159913032613,1.0,3.616239864775475,nan,nan
emnist_letters,softmax,9,29,0.22933810949325562,0.9096666666666666,0.9094194534151057,0.2728194347087373,1.0,3.610568140415435,nan,nan
emnist_letters,topk_softmax_0125,0,0,2.197509288787842,0.62375,0.6157987687153282,1.267451892507837,0.14000000059604645,1.9353935147853607,nan,nan
emnist_letters,topk_softmax_0125,0,1,1.0687769651412964,0.7475833333333334,0.7439158813936284,0.796254945562241,0.14000000059604645,1.9292932013247877,nan,nan
emnist_letters,topk_softmax_0125,0,2,0.7563091516494751,0.7918333333333333,0.7879544042717707,0.6418682831398984,0.14000000059604645,1.9273408321624106,nan,nan
emnist_letters,topk_softmax_0125,0,3,0.6033721566200256,0.8385833333333333,0.8359859387973363,0.49382691751135155,0.14000000059604645,1.9240338789655806,nan,nan
emnist_letters,topk_softmax_0125,0,4,0.5175521373748779,0.8455,0.8436114870729374,0.46308236743541475,0.14000000059604645,1.9207089936479609,nan,nan
emnist_letters,topk_softmax_0125,0,5,0.45955437421798706,0.8671666666666666,0.8656370342868871,0.412757730230372,0.14000000059604645,1.917226254940033,nan,nan
emnist_letters,topk_softmax_0125,0,6,0.4222896099090576,0.8695,0.8687324334403692,0.398723544592553,0.14000000059604645,1.9172101502722882,nan,nan
emnist_letters,topk_softmax_0125,0,7,0.38509631156921387,0.87575,0.8745081187798041,0.380535456728428,0.14000000059604645,1.91590520295691,nan,nan
emnist_letters,topk_softmax_0125,0,8,0.363538920879364,0.8831666666666667,0.8820647939954613,0.3558713673277104,0.14000000059604645,1.9152162594998137,nan,nan
emnist_letters,topk_softmax_0125,0,9,0.3401032090187073,0.88425,0.8828322503247031,0.3540306357627219,0.14000000059604645,1.9125567826818912,nan,nan
emnist_letters,topk_softmax_0125,0,10,0.32301920652389526,0.8855833333333333,0.8845858020971152,0.3479570873240207,0.14000000059604645,1.9116757600865466,nan,nan
emnist_letters,topk_softmax_0125,0,11,0.30900147557258606,0.8835833333333334,0.8823888283907,0.34906950878336074,0.14000000059604645,1.9091474274371534,nan,nan
emnist_letters,topk_softmax_0125,0,12,0.29998746514320374,0.8896666666666667,0.8883417738649425,0.3217247527964572,0.14000000059604645,1.9078686769972457,nan,nan
emnist_letters,topk_softmax_0125,0,13,0.28228679299354553,0.8976666666666666,0.8964057968845717,0.3137907122677945,0.14000000059604645,1.904248095573263,nan,nan
emnist_letters,topk_softmax_0125,0,14,0.27679845690727234,0.89525,0.8939012975573879,0.32212590663991075,0.14000000059604645,1.9041459217984626,nan,nan
emnist_letters,topk_softmax_0125,0,15,0.2673799693584442,0.8999166666666667,0.8983007166050722,0.3103232802228725,0.14000000059604645,1.9030457177060716,nan,nan
emnist_letters,topk_softmax_0125,0,16,0.25496774911880493,0.8979166666666667,0.8966943931623597,0.3165221569385934,0.14000000059604645,1.9021417042042346,nan,nan
emnist_letters,topk_softmax_0125,0,17,0.2496267855167389,0.9015,0.9007142978663016,0.30274184111585006,0.14000000059604645,1.9004956483840942,nan,nan
emnist_letters,topk_softmax_0125,0,18,0.24095384776592255,0.9025833333333333,0.9012813951417602,0.29930443300845777,0.14000000059604645,1.8963482684277473,nan,nan
emnist_letters,topk_softmax_0125,0,19,0.23328189551830292,0.9040833333333333,0.9027815670613093,0.3043227566683546,0.14000000059604645,1.897346244213429,nan,nan
emnist_letters,topk_softmax_0125,0,20,0.22986885905265808,0.9029166666666667,0.9017132049695226,0.2980802946902336,0.14000000059604645,1.8942595568109066,nan,nan
emnist_letters,topk_softmax_0125,0,21,0.2256953865289688,0.9054166666666666,0.9044819503287473,0.2966665590697147,0.14000000059604645,1.8952622438998932,nan,nan
emnist_letters,topk_softmax_0125,0,22,0.2213263362646103,0.9035833333333333,0.9024801054098066,0.29663627467891,0.14000000059604645,1.8938642334430775,nan,nan
emnist_letters,topk_softmax_0125,0,23,0.21843771636486053,0.9043333333333333,0.9033215682511755,0.3032469974553331,0.14000000059604645,1.894291454173149,nan,nan
emnist_letters,topk_softmax_0125,0,24,0.2090190201997757,0.9045,0.9033715199734142,0.298073430327659,0.14000000059604645,1.8943409602692787,nan,nan
emnist_letters,topk_softmax_0125,0,25,0.20448759198188782,0.9045,0.9032176543449851,0.30029842098976706,0.14000000059604645,1.8931243077237556,nan,nan
emnist_letters,topk_softmax_0125,0,26,0.2029295116662979,0.9041666666666667,0.9027155956513185,0.2991305225073023,0.14000000059604645,1.8922142906391874,nan,nan
emnist_letters,topk_softmax_0125,1,0,2.3357725143432617,0.5479166666666667,0.5457314007273889,1.457313910443732,0.14000000059604645,1.9346089489916538,nan,nan
emnist_letters,topk_softmax_0125,1,1,1.23189115524292,0.6845833333333333,0.6818887042868294,0.9776758424779202,0.14000000059604645,1.9312575916026502,nan,nan
emnist_letters,topk_softmax_0125,1,2,0.9044396877288818,0.7475,0.7474004333347376,0.767905537118303,0.14000000059604645,1.9238479276920886,nan,nan
emnist_letters,topk_softmax_0125,1,3,0.7221183776855469,0.8048333333333333,0.8048312831186275,0.5971960063944471,0.14000000059604645,1.9198961194525375,nan,nan
emnist_letters,topk_softmax_0125,1,4,0.6016399264335632,0.8316666666666667,0.8315780235869142,0.5094362173942809,0.14000000059604645,1.9164850204548938,nan,nan
emnist_letters,topk_softmax_0125,1,5,0.5154547095298767,0.8485,0.8482589312014649,0.4603350023005871,0.14000000059604645,1.912090296440936,nan,nan
emnist_letters,topk_softmax_0125,1,6,0.4741014838218689,0.853,0.8544691849673303,0.4476346145284937,0.14000000059604645,1.908164974222792,nan,nan
emnist_letters,topk_softmax_0125,1,7,0.436897873878479,0.8615833333333334,0.8612224288065077,0.419573132027971,0.14000000059604645,1.9047523698908218,nan,nan
emnist_letters,topk_softmax_0125,1,8,0.40428459644317627,0.8743333333333333,0.8738828496815351,0.3804544261161317,0.14000000059604645,1.9013772074212418,nan,nan
emnist_letters,topk_softmax_0125,1,9,0.380777508020401,0.87925,0.8792085942994576,0.37203420793756525,0.14000000059604645,1.9043183237948316,nan,nan
emnist_letters,topk_softmax_0125,1,10,0.3613743782043457,0.8806666666666667,0.8810779333926019,0.36066350277434006,0.14000000059604645,1.9015154813198334,nan,nan
emnist_letters,topk_softmax_0125,1,11,0.34142476320266724,0.88825,0.8885451358877945,0.34543178785354534,0.14000000059604645,1.8993305830245322,nan,nan
emnist_letters,topk_softmax_0125,1,12,0.3275197446346283,0.8861666666666667,0.8858985391649158,0.34771409503957057,0.14000000059604645,1.8957483946008886,nan,nan
emnist_letters,topk_softmax_0125,1,13,0.31689777970314026,0.89175,0.8920791062074321,0.3269484395042379,0.14000000059604645,1.895011767427972,nan,nan
emnist_letters,topk_softmax_0125,1,14,0.30586546659469604,0.8898333333333334,0.8897748004741876,0.3377219086631815,0.14000000059604645,1.8984972555586632,nan,nan
emnist_letters,topk_softmax_0125,1,15,0.2968932092189789,0.8991666666666667,0.8991601661657871,0.309798668039606,0.14000000059604645,1.895618332193253,nan,nan
emnist_letters,topk_softmax_0125,1,16,0.2822316586971283,0.8973333333333333,0.8970105083524393,0.3132731895497505,0.14000000059604645,1.8959761794577255,nan,nan
emnist_letters,topk_softmax_0125,1,17,0.27560538053512573,0.89725,0.8972552968758258,0.316709114833081,0.14000000059604645,1.8933487090658634,nan,nan
emnist_letters,topk_softmax_0125,1,18,0.2692371904850006,0.8989166666666667,0.8990472543857747,0.31509664559617956,0.14000000059604645,1.8937673796998693,nan,nan
emnist_letters,topk_softmax_0125,1,19,0.26106682419776917,0.9030833333333333,0.903283474852076,0.2929445486119453,0.14000000059604645,1.8908666473753908,nan,nan
emnist_letters,topk_softmax_0125,1,20,0.2496141791343689,0.90425,0.9045450502464646,0.29755827499196885,0.14000000059604645,1.8875922548009993,nan,nan
emnist_letters,topk_softmax_0125,1,21,0.24871373176574707,0.9038333333333334,0.903732518022841,0.29729989805120105,0.14000000059604645,1.889125552583248,nan,nan
emnist_letters,topk_softmax_0125,1,22,0.23991037905216217,0.9034166666666666,0.9035351176027124,0.30000208603574874,0.14000000059604645,1.8864955394826037,nan,nan
emnist_letters,topk_softmax_0125,1,23,0.22811990976333618,0.9056666666666666,0.9056708140410049,0.29196106785155357,0.14000000059604645,1.8879017791849502,nan,nan
emnist_letters,topk_softmax_0125,1,24,0.22793777287006378,0.89925,0.8998413923281953,0.31801055498579717,0.14000000059604645,1.885451726456906,nan,nan
emnist_letters,topk_softmax_0125,1,25,0.22085152566432953,0.9035,0.9036976920697474,0.3014592376161129,0.14000000059604645,1.8851067056047155,nan,nan
emnist_letters,topk_softmax_0125,1,26,0.22100187838077545,0.90375,0.9034980019486779,0.30236056098278535,0.14000000059604645,1.8856376992895247,nan,nan
emnist_letters,topk_softmax_0125,1,27,0.21394400298595428,0.9075833333333333,0.9075845177356027,0.28688395594028715,0.14000000059604645,1.8845380240298333,nan,nan
emnist_letters,topk_softmax_0125,1,28,0.2087174952030182,0.9086666666666666,0.9089948180811602,0.2877674638590914,0.14000000059604645,1.8825785898147744,nan,nan
emnist_letters,topk_softmax_0125,1,29,0.20636656880378723,0.9115833333333333,0.911924568166812,0.2902107470213099,0.14000000059604645,1.8812041954791292,nan,nan
emnist_letters,topk_softmax_0125,2,0,2.275801181793213,0.5665833333333333,0.5637831955762255,1.3848535913102171,0.14000000059604645,1.931298258456778,nan,nan
emnist_letters,topk_softmax_0125,2,1,1.1074872016906738,0.7148333333333333,0.7158986850777885,0.8924521347309681,0.14000000059604645,1.9281124016071887,nan,nan
emnist_letters,topk_softmax_0125,2,2,0.7974205613136292,0.7850833333333334,0.7854798749100951,0.6789929739972378,0.14000000059604645,1.9235779566967741,nan,nan
emnist_letters,topk_softmax_0125,2,3,0.6518799066543579,0.8188333333333333,0.819967134495574,0.5616024168247872,0.14000000059604645,1.9190896051995299,nan,nan
emnist_letters,topk_softmax_0125,2,4,0.5483849048614502,0.8435,0.8432890075983368,0.49038583674329395,0.14000000059604645,1.9171565263829333,nan,nan
emnist_letters,topk_softmax_0125,2,5,0.4899245500564575,0.8471666666666666,0.8474317963059878,0.46498235743096533,0.14000000059604645,1.9169714932746076,nan,nan
emnist_letters,topk_softmax_0125,2,6,0.44718992710113525,0.8643333333333333,0.8635785438100303,0.4143873605322331,0.14000000059604645,1.9160944007812661,nan,nan
emnist_letters,topk_softmax_0125,2,7,0.4117260277271271,0.86025,0.8606077964416912,0.4115697120098358,0.14000000059604645,1.9110807104313627,nan,nan
emnist_letters,topk_softmax_0125,2,8,0.38524436950683594,0.8710833333333333,0.872017653940509,0.38485018623636125,0.14000000059604645,1.9125898607233738,nan,nan
emnist_letters,topk_softmax_0125,2,9,0.3595161437988281,0.881,0.880276531064406,0.36025162643574654,0.14000000059604645,1.911965639033216,nan,nan
emnist_letters,topk_softmax_0125,2,10,0.3438548445701599,0.885,0.8851008675956571,0.3488420267054375,0.14000000059604645,1.909192666094354,nan,nan
emnist_letters,topk_softmax_0125,2,11,0.322138249874115,0.8953333333333333,0.8956029918897617,0.3252362700852942,0.14000000059604645,1.9100486090842714,nan,nan
emnist_letters,topk_softmax_0125,2,12,0.3087506890296936,0.8900833333333333,0.8898203434753659,0.3305813467248957,0.14000000059604645,1.9081902161557625,nan,nan
emnist_letters,topk_softmax_0125,2,13,0.2958337068557739,0.8945833333333333,0.8948302146757325,0.31939115296018883,0.14000000059604645,1.9071317416556337,nan,nan
emnist_letters,topk_softmax_0125,2,14,0.2892288267612457,0.8989166666666667,0.899275337118175,0.3165734270785717,0.14000000059604645,1.9062197652268917,nan,nan
emnist_letters,topk_softmax_0125,2,15,0.27769267559051514,0.902,0.9024722056850597,0.3047172354256853,0.14000000059604645,1.9078948687999806,nan,nan
emnist_letters,topk_softmax_0125,2,16,0.2672264277935028,0.8990833333333333,0.8994071546719377,0.30725605722437516,0.14000000059604645,1.907479967208619,nan,nan
emnist_letters,topk_softmax_0125,2,17,0.26230379939079285,0.8964166666666666,0.8965840081356669,0.3196608817323725,0.14000000059604645,1.9061272512090968,nan,nan
emnist_letters,topk_softmax_0125,2,18,0.2507992386817932,0.9029166666666667,0.9028384026589491,0.30008116586411254,0.14000000059604645,1.9067548310503046,nan,nan
emnist_letters,topk_softmax_0125,2,19,0.24483413994312286,0.9023333333333333,0.9024641355281969,0.29863266171293057,0.14000000059604645,1.905299479657031,nan,nan
emnist_letters,topk_softmax_0125,2,20,0.24139070510864258,0.9041666666666667,0.9043681609919212,0.29252756022392434,0.14000000059604645,1.9061561683391004,nan,nan
emnist_letters,topk_softmax_0125,2,21,0.23424379527568817,0.90075,0.9010710299169632,0.3030062568314532,0.14000000059604645,1.903515025656274,nan,nan
emnist_letters,topk_softmax_0125,2,22,0.23137621581554413,0.907,0.9067332806460222,0.2854332483195244,0.14000000059604645,1.9021639050321375,nan,nan
emnist_letters,topk_softmax_0125,2,23,0.21964800357818604,0.90675,0.9069164253107886,0.2872966344052173,0.14000000059604645,1.9005633694060304,nan,nan
emnist_letters,topk_softmax_0125,2,24,0.21785804629325867,0.9053333333333333,0.9052476953325626,0.28635047851724826,0.14000000059604645,1.9034024667232594,nan,nan
emnist_letters,topk_softmax_0125,2,25,0.21739810705184937,0.9073333333333333,0.9076474869376715,0.2882754996101907,0.14000000059604645,1.9001737363795017,nan,nan
emnist_letters,topk_softmax_0125,2,26,0.20723900198936462,0.909,0.9094257545095951,0.2857110452778796,0.14000000059604645,1.9009663094865514,nan,nan
emnist_letters,topk_softmax_0125,2,27,0.20940010249614716,0.9060833333333334,0.9059697830301634,0.2890353982752942,0.14000000059604645,1.8988424920021219,nan,nan
emnist_letters,topk_softmax_0125,2,28,0.19702009856700897,0.9126666666666666,0.9130914651055609,0.2817131079574849,0.14000000059604645,1.901355964072207,nan,nan
emnist_letters,topk_softmax_0125,2,29,0.20109926164150238,0.9058333333333334,0.9055161873729998,0.2946605771145922,0.14000000059604645,1.8997994027239211,nan,nan
emnist_letters,topk_softmax_0125,3,0,2.344741106033325,0.5329166666666667,0.5303891489016574,1.5349232846118035,0.14000000059604645,1.9334571272768872,nan,nan
emnist_letters,topk_softmax_0125,3,1,1.1752769947052002,0.71925,0.7163776366061043,0.8893723043989628,0.14000000059604645,1.9210282817799995,nan,nan
emnist_letters,topk_softmax_0125,3,2,0.8186287879943848,0.7910833333333334,0.789358561483625,0.6623383329269734,0.14000000059604645,1.9113027630968298,nan,nan
emnist_letters,topk_softmax_0125,3,3,0.6489076018333435,0.8223333333333334,0.8206955266199933,0.5564897288667395,0.14000000059604645,1.9015569369843666,nan,nan
emnist_letters,topk_softmax_0125,3,4,0.5552608966827393,0.8515,0.8498075314622425,0.4638141209774829,0.14000000059604645,1.8961485776495426,nan,nan
emnist_letters,topk_softmax_0125,3,5,0.488839328289032,0.8574166666666667,0.856362217802159,0.44187941069298603,0.14000000059604645,1.8903918697478923,nan,nan
emnist_letters,topk_softmax_0125,3,6,0.4500036835670471,0.86725,0.865883376117927,0.39606949750413284,0.14000000059604645,1.8923243690044322,nan,nan
emnist_letters,topk_softmax_0125,3,7,0.4089633822441101,0.874,0.8727967316548698,0.38077217403878555,0.14000000059604645,1.8944462055855609,nan,nan
emnist_letters,topk_softmax_0125,3,8,0.38097482919692993,0.8838333333333334,0.8834204852599975,0.36056635291018385,0.14000000059604645,1.8915757473478927,nan,nan
emnist_letters,topk_softmax_0125,3,9,0.36110720038414,0.8875,0.8869332410713342,0.34365859437496105,0.14000000059604645,1.8873417732563424,nan,nan
emnist_letters,topk_softmax_0125,3,10,0.33833539485931396,0.8875833333333333,0.8863908158255942,0.344118300270527,0.14000000059604645,1.8861929127510557,nan,nan
emnist_letters,topk_softmax_0125,3,11,0.3263953626155853,0.8898333333333334,0.8894210514963785,0.33788368296115956,0.14000000059604645,1.8899984055377068,nan,nan
emnist_letters,topk_softmax_0125,3,12,0.31230953335762024,0.8985,0.8981402160372317,0.3166021869537678,0.14000000059604645,1.8927330159126443,nan,nan
emnist_letters,topk_softmax_0125,3,13,0.29830315709114075,0.8979166666666667,0.8977918329251252,0.3158811438590922,0.14000000059604645,1.8903894817575495,nan,nan
emnist_letters,topk_softmax_0125,3,14,0.2887478172779083,0.9038333333333334,0.9035938456440573,0.3009020930275004,0.14000000059604645,1.8901311628361965,nan,nan
emnist_letters,topk_softmax_0125,3,15,0.27655842900276184,0.9061666666666667,0.906202640247969,0.2940145680244933,0.14000000059604645,1.8897601467497804,nan,nan
emnist_letters,topk_softmax_0125,3,16,0.2679416239261627,0.90075,0.9003907356184337,0.30533087602321135,0.14000000059604645,1.8891794694230912,nan,nan
emnist_letters,topk_softmax_0125,3,17,0.26037901639938354,0.9078333333333334,0.9072559435546683,0.2888347715773481,0.14000000059604645,1.888393280353952,nan,nan
emnist_letters,topk_softmax_0125,3,18,0.25116264820098877,0.9031666666666667,0.902762262379632,0.3032580553851229,0.14000000059604645,1.8858184142315642,nan,nan
emnist_letters,topk_softmax_0125,3,19,0.24613359570503235,0.9074166666666666,0.9074982309328855,0.29404227467293437,0.14000000059604645,1.88812544244401,nan,nan
emnist_letters,topk_softmax_0125,3,20,0.24339458346366882,0.90325,0.9029321124369858,0.30634436550292565,0.14000000059604645,1.889022283097531,nan,nan
emnist_letters,topk_softmax_0125,3,21,0.23185648024082184,0.908,0.9077494985113697,0.2908904235413734,0.14000000059604645,1.888150192321615,nan,nan
emnist_letters,topk_softmax_0125,3,22,0.230458602309227,0.9039166666666667,0.9035694327521313,0.30376398278043626,0.14000000059604645,1.8849063997573041,nan,nan
emnist_letters,topk_softmax_0125,3,23,0.22597797214984894,0.9075833333333333,0.9070027022280472,0.2882823985307775,0.14000000059604645,1.8864936993477193,nan,nan
emnist_letters,topk_softmax_0125,3,24,0.2197616845369339,0.90225,0.9015394407933532,0.3014603767623293,0.14000000059604645,1.8867702446085342,nan,nan
emnist_letters,topk_softmax_0125,3,25,0.21368947625160217,0.9106666666666666,0.9104773904006943,0.28390017437173964,0.14000000059604645,1.8864079713821411,nan,nan
emnist_letters,topk_softmax_0125,3,26,0.20969919860363007,0.90725,0.9066076257276462,0.3004955059670387,0.14000000059604645,1.8849281681344865,nan,nan
emnist_letters,topk_softmax_0125,3,27,0.20613233745098114,0.9120833333333334,0.9117034612327191,0.28589962581370737,0.14000000059604645,1.8828172062305695,nan,nan
emnist_letters,topk_softmax_0125,3,28,0.19595013558864594,0.9105,0.9104490052089715,0.2889209247015892,0.14000000059604645,1.8841865202213854,nan,nan
emnist_letters,topk_softmax_0125,3,29,0.20438620448112488,0.9105833333333333,0.9104154443534894,0.2930612247040931,0.14000000059604645,1.8806658108183678,nan,nan
emnist_letters,topk_softmax_0125,4,0,2.350726366043091,0.56225,0.5467109938005877,1.3879035838106846,0.14000000059604645,1.9356902850435136,nan,nan
emnist_letters,topk_softmax_0125,4,1,1.0760905742645264,0.7398333333333333,0.7388543752038005,0.8305433227660808,0.14000000059604645,1.9283439022429445,nan,nan
emnist_letters,topk_softmax_0125,4,2,0.7779846787452698,0.7926666666666666,0.7914458404865118,0.6478072379497771,0.14000000059604645,1.9203379230296358,nan,nan
emnist_letters,topk_softmax_0125,4,3,0.6375573873519897,0.83,0.8295719857843346,0.5265630147558578,0.14000000059604645,1.916252370844496,nan,nan
emnist_letters,topk_softmax_0125,4,4,0.5530324578285217,0.8469166666666667,0.848012448795807,0.47365763973682484,0.14000000059604645,1.9098446724262643,nan,nan
emnist_letters,topk_softmax_0125,4,5,0.49514394998550415,0.8574166666666667,0.8574020043022512,0.442811038265837,0.14000000059604645,1.907748946484099,nan,nan
emnist_letters,topk_softmax_0125,4,6,0.45105040073394775,0.8639166666666667,0.8645631271501542,0.4194801589275928,0.14000000059604645,1.9014482333305034,nan,nan
emnist_letters,topk_softmax_0125,4,7,0.4203036427497864,0.86325,0.86367657954681,0.415271928335758,0.14000000059604645,1.899815411009687,nan,nan
emnist_letters,topk_softmax_0125,4,8,0.39854130148887634,0.8736666666666667,0.8739518307632653,0.38268851536385556,0.14000000059604645,1.898506669287986,nan,nan
emnist_letters,topk_softmax_0125,4,9,0.373660147190094,0.882,0.8816253060326426,0.3615519188820048,0.14000000059604645,1.8967503321931718,nan,nan
emnist_letters,topk_softmax_0125,4,10,0.35351601243019104,0.878,0.8789523961483152,0.3733950523619956,0.14000000059604645,1.893913800412036,nan,nan
emnist_letters,topk_softmax_0125,4,11,0.3347891569137573,0.8840833333333333,0.8843925001922839,0.3534708894947742,0.14000000059604645,1.8949028925692781,nan,nan
emnist_letters,topk_softmax_0125,4,12,0.32632976770401,0.8885833333333333,0.888904857504849,0.3425230177793097,0.14000000059604645,1.8938035495737766,nan,nan
emnist_letters,topk_softmax_0125,4,13,0.31276413798332214,0.8915,0.8918139024395365,0.32812607700520374,0.14000000059604645,1.8930383134395519,nan,nan
emnist_letters,topk_softmax_0125,4,14,0.29363104701042175,0.8929166666666667,0.8931047509807902,0.3318445530343563,0.14000000059604645,1.8887409745378698,nan,nan
emnist_letters,topk_softmax_0125,4,15,0.2871828079223633,0.89425,0.8947174054471941,0.32024593524476314,0.14000000059604645,1.8910152417548158,nan,nan
emnist_letters,topk_softmax_0125,4,16,0.27952009439468384,0.8935,0.8943682781912305,0.32833982179773613,0.14000000059604645,1.8918687764634476,nan,nan
emnist_letters,topk_softmax_0125,4,17,0.27137672901153564,0.8900833333333333,0.8900846381653115,0.3260658877961179,0.14000000059604645,1.8919099049365267,nan,nan
emnist_letters,topk_softmax_0125,4,18,0.2653554379940033,0.8980833333333333,0.8983880256508228,0.3257961907285325,0.14000000059604645,1.8895137145164165,nan,nan
emnist_letters,topk_softmax_0125,4,19,0.2524527311325073,0.89575,0.8963918421074281,0.3223790405912602,0.14000000059604645,1.8905818893554363,nan,nan
emnist_letters,topk_softmax_0125,4,20,0.25466403365135193,0.8971666666666667,0.8974863032446573,0.320786233595077,0.14000000059604645,1.890070301421145,nan,nan
emnist_letters,topk_softmax_0125,4,21,0.24095934629440308,0.8995833333333333,0.8997036001863593,0.31530108730843726,0.14000000059604645,1.8888910653743338,nan,nan
emnist_letters,topk_softmax_0125,4,22,0.23486152291297913,0.8985,0.8982003622765761,0.3116360969365911,0.14000000059604645,1.8828013361768519,nan,nan
emnist_letters,topk_softmax_0125,4,23,0.2314264327287674,0.9024166666666666,0.9030438875487009,0.31278524944122804,0.14000000059604645,1.8862393460375197,nan,nan
emnist_letters,topk_softmax_0125,4,24,0.22538842260837555,0.903,0.9036248792343436,0.314707505259108,0.14000000059604645,1.885148621620016,nan,nan
emnist_letters,topk_softmax_0125,4,25,0.21685881912708282,0.9030833333333333,0.9033730297387804,0.3096540763657144,0.14000000059604645,1.8836883319185136,nan,nan
emnist_letters,topk_softmax_0125,4,26,0.21320699155330658,0.9018333333333334,0.9021381385076216,0.3027544027947365,0.14000000059604645,1.8819611212040515,nan,nan
emnist_letters,topk_softmax_0125,4,27,0.20997047424316406,0.9001666666666667,0.9004644311577699,0.31860346521468874,0.14000000059604645,1.8847402701986598,nan,nan
emnist_letters,topk_softmax_0125,4,28,0.2024286836385727,0.90575,0.9062832216432332,0.302998941629491,0.14000000059604645,1.8818993289419945,nan,nan
emnist_letters,topk_softmax_0125,4,29,0.20426808297634125,0.89825,0.8983511944622588,0.32768921871134576,0.14000000059604645,1.8829481690487964,nan,nan
emnist_letters,topk_softmax_0125,5,0,2.3426895141601562,0.5601666666666667,0.5472464213948203,1.4249535697571776,0.14000000059604645,1.929121697202642,nan,nan
emnist_letters,topk_softmax_0125,5,1,1.1262962818145752,0.7384166666666667,0.7339010516762147,0.8165037251533346,0.14000000059604645,1.9204023391642469,nan,nan
emnist_letters,topk_softmax_0125,5,2,0.7891602516174316,0.80225,0.800104977379971,0.6152938978469118,0.14000000059604645,1.903844729382941,nan,nan
emnist_letters,topk_softmax_0125,5,3,0.6450033783912659,0.8251666666666667,0.8244335396250041,0.5333446536926513,0.14000000059604645,1.887809345062743,nan,nan
emnist_letters,topk_softmax_0125,5,4,0.5609089136123657,0.849,0.8478686632987835,0.4594991663669018,0.14000000059604645,1.8765920781074685,nan,nan
emnist_letters,topk_softmax_0125,5,5,0.49729296565055847,0.85475,0.8538553415230663,0.4361700453656785,0.14000000059604645,1.8698288176922089,nan,nan
emnist_letters,topk_softmax_0125,5,6,0.457161009311676,0.8630833333333333,0.8620508704118353,0.4120496841187173,0.14000000059604645,1.8654568448979805,nan,nan
emnist_letters,topk_softmax_0125,5,7,0.42201271653175354,0.8728333333333333,0.8724829870170884,0.3863658977949873,0.14000000059604645,1.8605898542607084,nan,nan
emnist_letters,topk_softmax_0125,5,8,0.40275466442108154,0.8745833333333334,0.8737561888944695,0.3821903625701336,0.14000000059604645,1.8605491113155446,nan,nan
emnist_letters,topk_softmax_0125,5,9,0.3770318925380707,0.88175,0.8814742705515768,0.35546640195745105,0.14000000059604645,1.861118717396513,nan,nan
emnist_letters,topk_softmax_0125,5,10,0.36278271675109863,0.883,0.8826427485406754,0.35231173260414855,0.14000000059604645,1.8599880629397454,nan,nan
emnist_letters,topk_softmax_0125,5,11,0.3437471389770508,0.88825,0.8876271494486502,0.34495542658136247,0.14000000059604645,1.8570694416127307,nan,nan
emnist_letters,topk_softmax_0125,5,12,0.3228507339954376,0.89025,0.889588741321448,0.33462524921336073,0.14000000059604645,1.8588689679795123,nan,nan
emnist_letters,topk_softmax_0125,5,13,0.3151896297931671,0.8910833333333333,0.8908798789338964,0.3322604438091846,0.14000000059604645,1.8580701668211754,nan,nan
emnist_letters,topk_softmax_0125,5,14,0.3013625741004944,0.8930833333333333,0.8925650342910993,0.3206536785719242,0.14000000059604645,1.85451093252669,nan,nan
emnist_letters,topk_softmax_0125,5,15,0.29360058903694153,0.8959166666666667,0.895816689634485,0.3124587998745289,0.14000000059604645,1.8566703327158665,nan,nan
emnist_letters,topk_softmax_0125,5,16,0.28298574686050415,0.8968333333333334,0.8966786017432583,0.31664933058175637,0.14000000059604645,1.8505509001143434,nan,nan
emnist_letters,topk_softmax_0125,5,17,0.27780628204345703,0.8961666666666667,0.896177967875724,0.30814064373361305,0.14000000059604645,1.8491484497455841,nan,nan
emnist_letters,topk_softmax_0125,5,18,0.2647804319858551,0.8983333333333333,0.898237111174197,0.30635365368203915,0.14000000059604645,1.8481952814345664,nan,nan
emnist_letters,topk_softmax_0125,5,19,0.2625962495803833,0.9015,0.9009787326255984,0.3008191411165481,0.14000000059604645,1.850132721535703,nan,nan
emnist_letters,topk_softmax_0125,5,20,0.25166961550712585,0.9038333333333334,0.9036866939866143,0.2934098793788159,0.14000000059604645,1.8443739667851875,nan,nan
emnist_letters,topk_softmax_0125,5,21,0.24917006492614746,0.9060833333333334,0.9061590439878332,0.2904524222967472,0.14000000059604645,1.8435514683419085,nan,nan
emnist_letters,topk_softmax_0125,5,22,0.2415449321269989,0.8964166666666666,0.8961449155038821,0.31490011925392963,0.14000000059604645,1.8481404324795336,nan,nan
emnist_letters,topk_softmax_0125,5,23,0.2433600276708603,0.90525,0.9054338937393253,0.2986914658165993,0.14000000059604645,1.838743012002174,nan,nan
emnist_letters,topk_softmax_0125,5,24,0.23180744051933289,0.9038333333333334,0.903767803040301,0.2977342577056682,0.14000000059604645,1.841716579934384,nan,nan
emnist_letters,topk_softmax_0125,5,25,0.22478389739990234,0.9014166666666666,0.9014099851532063,0.31010546899856406,0.14000000059604645,1.8420135023746085,nan,nan
emnist_letters,topk_softmax_0125,5,26,0.21879881620407104,0.9061666666666667,0.906024601057291,0.29549946620109235,0.14000000059604645,1.8413379522080118,nan,nan
emnist_letters,topk_softmax_0125,5,27,0.21186146140098572,0.9099166666666667,0.9099207688870106,0.29612806724741103,0.14000000059604645,1.8381540559707803,nan,nan
emnist_letters,topk_softmax_0125,5,28,0.2113591432571411,0.90475,0.9044211919123087,0.3041545009993492,0.14000000059604645,1.832362469206465,nan,nan
emnist_letters,topk_softmax_0125,5,29,0.2129550576210022,0.908,0.9081358342281252,0.2959018283067866,0.14000000059604645,1.8375687370909022,nan,nan
emnist_letters,topk_softmax_0125,6,0,2.2595505714416504,0.6066666666666667,0.5965362901969188,1.3028758688175932,0.14000000059604645,1.9213944610129012,nan,nan
emnist_letters,topk_softmax_0125,6,1,1.0994285345077515,0.7221666666666666,0.716254737788711,0.8626444948480484,0.14000000059604645,1.9148200877169346,nan,nan
emnist_letters,topk_softmax_0125,6,2,0.8052849769592285,0.7849166666666667,0.7833262686441063,0.6563681161150019,0.14000000059604645,1.9085436501401536,nan,nan
emnist_letters,topk_softmax_0125,6,3,0.6528244018554688,0.8244166666666667,0.8228982481098134,0.5440523529306371,0.14000000059604645,1.909060724238132,nan,nan
emnist_letters,topk_softmax_0125,6,4,0.5633322596549988,0.8349166666666666,0.8343795067802987,0.5100286723451412,0.14000000059604645,1.9044994508966486,nan,nan
emnist_letters,topk_softmax_0125,6,5,0.5070174932479858,0.8499166666666667,0.8490964772860328,0.4640253319385204,0.14000000059604645,1.9081552333020149,nan,nan
emnist_letters,topk_softmax_0125,6,6,0.46040719747543335,0.8659166666666667,0.865250293873744,0.41744665769820516,0.14000000059604645,1.9043961826791154,nan,nan
emnist_letters,topk_softmax_0125,6,7,0.42603257298469543,0.86425,0.8635303316499225,0.40622568130493164,0.14000000059604645,1.9031391169162506,nan,nan
emnist_letters,topk_softmax_0125,6,8,0.4014165699481964,0.8779166666666667,0.8773358840349501,0.37128687919454373,0.14000000059604645,1.9009977705935215,nan,nan
emnist_letters,topk_softmax_0125,6,9,0.37948715686798096,0.8843333333333333,0.8831878645438359,0.35478574291188664,0.14000000059604645,1.9037344607901066,nan,nan
emnist_letters,topk_softmax_0125,6,10,0.35252001881599426,0.8846666666666667,0.8839944753868572,0.3568824425022653,0.14000000059604645,1.8988284595469211,nan,nan
emnist_letters,topk_softmax_0125,6,11,0.3382051885128021,0.8921666666666667,0.8915328319610147,0.33207338287475263,0.14000000059604645,1.8984660874021815,nan,nan
emnist_letters,topk_softmax_0125,6,12,0.32187288999557495,0.8925833333333333,0.8914748477656512,0.3283929729715307,0.14000000059604645,1.8956415805410831,nan,nan
emnist_letters,topk_softmax_0125,6,13,0.31194543838500977,0.8861666666666667,0.8856435838368591,0.3411134329247982,0.14000000059604645,1.8953568428120715,nan,nan
emnist_letters,topk_softmax_0125,6,14,0.29854661226272583,0.8981666666666667,0.8975871781753185,0.32050627343198085,0.14000000059604645,1.8913654380656304,nan,nan
emnist_letters,topk_softmax_0125,6,15,0.2845826745033264,0.8919166666666667,0.8915745702546203,0.3283916565966099,0.14000000059604645,1.8901121438817774,nan,nan
emnist_letters,topk_softmax_0125,6,16,0.27808985114097595,0.89475,0.8944010769923766,0.31397161394991774,0.14000000059604645,1.8891590567345315,nan,nan
emnist_letters,topk_softmax_0125,6,17,0.26913216710090637,0.9041666666666667,0.9036035582220686,0.29438775904635167,0.14000000059604645,1.887241983667333,nan,nan
emnist_letters,topk_softmax_0125,6,18,0.2613193988800049,0.90375,0.9028808640048431,0.2987875202868847,0.14000000059604645,1.8867747060796047,nan,nan
emnist_letters,topk_softmax_0125,6,19,0.2559492588043213,0.9045833333333333,0.9040337384242944,0.2905760556459427,0.14000000059604645,1.8861050301409783,nan,nan
emnist_letters,topk_softmax_0125,6,20,0.2464192509651184,0.8996666666666666,0.8991399835061361,0.30836964794929994,0.14000000059604645,1.882316586819101,nan,nan
emnist_letters,topk_softmax_0125,6,21,0.2402666062116623,0.9039166666666667,0.9030283297308299,0.29861599650788817,0.14000000059604645,1.8819127514007243,nan,nan
emnist_letters,topk_softmax_0125,6,22,0.23730190098285675,0.9085,0.9077804440258392,0.29211309900943266,0.14000000059604645,1.8816659907077222,nan,nan
emnist_letters,topk_softmax_0125,6,23,0.226946622133255,0.9064166666666666,0.9055629579024006,0.2908023839935343,0.14000000059604645,1.8816211401148046,nan,nan
emnist_letters,topk_softmax_0125,6,24,0.22502411901950836,0.903,0.9021771050133508,0.30748128637354427,0.14000000059604645,1.8820685338466725,nan,nan
emnist_letters,topk_softmax_0125,6,25,0.21682913601398468,0.9016666666666666,0.9011439282792607,0.3096775190627321,0.14000000059604645,1.8813842091154545,nan,nan
emnist_letters,topk_softmax_0125,6,26,0.21345293521881104,0.9113333333333333,0.9100182214561394,0.2904381057683458,0.14000000059604645,1.8844166334639205,nan,nan
emnist_letters,topk_softmax_0125,6,27,0.2069816142320633,0.9091666666666667,0.9082420534836645,0.2955933387609238,0.14000000059604645,1.878231941385472,nan,nan
emnist_letters,topk_softmax_0125,6,28,0.20661315321922302,0.9075,0.906684540899954,0.2972795008978945,0.14000000059604645,1.879986599404761,nan,nan
emnist_letters,topk_softmax_0125,6,29,0.2019483894109726,0.9118333333333334,0.9106031462701522,0.2843218001913517,0.14000000059604645,1.8781072560777055,nan,nan
emnist_letters,topk_softmax_0125,7,0,2.2465827465057373,0.5800833333333333,0.5750282454304857,1.3565519693049979,0.14000000059604645,1.9300786332881197,nan,nan
emnist_letters,topk_softmax_0125,7,1,1.1046826839447021,0.7186666666666667,0.714931453021389,0.8764243278097599,0.14000000059604645,1.922479842571502,nan,nan
emnist_letters,topk_softmax_0125,7,2,0.7827416062355042,0.7999166666666667,0.799659313707584,0.6324376901413532,0.14000000059604645,1.9206166178622144,nan,nan
emnist_letters,topk_softmax_0125,7,3,0.6209955811500549,0.8164166666666667,0.8174026425311698,0.5668129806822919,0.14000000059604645,1.9180048196873767,nan,nan
emnist_letters,topk_softmax_0125,7,4,0.5330755114555359,0.8425,0.8413967328374737,0.4837250658806334,0.14000000059604645,1.9129491093310904,nan,nan
emnist_letters,topk_softmax_0125,7,5,0.4710202217102051,0.86425,0.8636806138133117,0.410287230572802,0.14000000059604645,1.9068259393915217,nan,nan
emnist_letters,topk_softmax_0125,7,6,0.4268968403339386,0.8595,0.8599812403849859,0.4257652258619349,0.14000000059604645,1.8998849353891738,nan,nan
emnist_letters,topk_softmax_0125,7,7,0.3953912854194641,0.8791666666666667,0.8784562990287411,0.3697814985792688,0.14000000059604645,1.9007468933754779,nan,nan
emnist_letters,topk_softmax_0125,7,8,0.3630768954753876,0.88075,0.8809056695022586,0.3584506137573973,0.14000000059604645,1.8956189371169883,nan,nan
emnist_letters,topk_softmax_0125,7,9,0.34830188751220703,0.8875,0.8877709568425,0.34354824335017103,0.14000000059604645,1.8971702595974536,nan,nan
emnist_letters,topk_softmax_0125,7,10,0.3274533450603485,0.8935833333333333,0.8935380952350147,0.33328453974520905,0.14000000059604645,1.8922875079702823,nan,nan
emnist_letters,topk_softmax_0125,7,11,0.31357142329216003,0.8876666666666667,0.887610963550006,0.33698327490623964,0.14000000059604645,1.8915495162314557,nan,nan
emnist_letters,topk_softmax_0125,7,12,0.2976701855659485,0.8920833333333333,0.8922354983233358,0.32092848990825895,0.14000000059604645,1.890621875194793,nan,nan
emnist_letters,topk_softmax_0125,7,13,0.29209068417549133,0.89725,0.8973198260745896,0.3168397751894403,0.14000000059604645,1.8894367826745866,nan,nan
emnist_letters,topk_softmax_0125,7,14,0.2772868871688843,0.9011666666666667,0.9014775139535858,0.2999608668875187,0.14000000059604645,1.8858510446041188,nan,nan
emnist_letters,topk_softmax_0125,7,15,0.26398301124572754,0.8963333333333333,0.8967000286182677,0.31107343035809537,0.14000000059604645,1.88380414627968,nan,nan
emnist_letters,topk_softmax_0125,7,16,0.2555845379829407,0.903,0.9035305085541913,0.30222987399456347,0.14000000059604645,1.8887174078758726,nan,nan
emnist_letters,topk_softmax_0125,7,17,0.2467796951532364,0.9019166666666667,0.9022966550909948,0.2972926399175157,0.14000000059604645,1.8865427438248978,nan,nan
emnist_letters,topk_softmax_0125,7,18,0.23976272344589233,0.9065,0.9064663954878104,0.2919846706567927,0.14000000059604645,1.8885056921776304,nan,nan
emnist_letters,topk_softmax_0125,7,19,0.23470643162727356,0.9058333333333334,0.9058259600849963,0.2937390239948922,0.14000000059604645,1.883514849429435,nan,nan
emnist_letters,topk_softmax_0125,7,20,0.22607997059822083,0.90775,0.9078612073879498,0.2901520069609297,0.14000000059604645,1.8851204273548532,nan,nan
emnist_letters,topk_softmax_0125,7,21,0.22451917827129364,0.9078333333333334,0.9080984494755222,0.2916544298542307,0.14000000059604645,1.8847427215981991,nan,nan
emnist_letters,topk_softmax_0125,7,22,0.21950848400592804,0.9104166666666667,0.9109708847118735,0.28801369508530233,0.14000000059604645,1.88427227608701,nan,nan
emnist_letters,topk_softmax_0125,7,23,0.2142687737941742,0.911,0.9107746497196516,0.27863665939645565,0.14000000059604645,1.8809669258746695,nan,nan
emnist_letters,topk_softmax_0125,7,24,0.20937375724315643,0.9094166666666667,0.9096251339336495,0.281846321960713,0.14000000059604645,1.882189356266184,nan,nan
emnist_letters,topk_softmax_0125,7,25,0.2040477842092514,0.9090833333333334,0.9095130576002556,0.28853129801598,0.14000000059604645,1.8841121894247987,nan,nan
emnist_letters,topk_softmax_0125,7,26,0.1987893432378769,0.911,0.9112399033493509,0.2839030680504251,0.14000000059604645,1.8815879542776879,nan,nan
emnist_letters,topk_softmax_0125,7,27,0.19281533360481262,0.9098333333333334,0.9099633997484822,0.2823721902801635,0.14000000059604645,1.8834505309449865,nan,nan
emnist_letters,topk_softmax_0125,7,28,0.1938614547252655,0.9096666666666666,0.9100200190175912,0.2861336666218778,0.14000000059604645,1.8804908420177215,nan,nan
emnist_letters,topk_softmax_0125,8,0,2.2666382789611816,0.568,0.5610709071435345,1.4061037606381355,0.14000000059604645,1.9344143829447158,nan,nan
emnist_letters,topk_softmax_0125,8,1,1.1706560850143433,0.7159166666666666,0.7132975177528584,0.8937836733270199,0.14000000059604645,1.9231849249373092,nan,nan
emnist_letters,topk_softmax_0125,8,2,0.8391867876052856,0.7828333333333334,0.7813677967565444,0.6822569154678507,0.14000000059604645,1.9145543372377436,nan,nan
emnist_letters,topk_softmax_0125,8,3,0.6702449917793274,0.8210833333333334,0.8185759992339299,0.5699051713689844,0.14000000059604645,1.9103034366952611,nan,nan
emnist_letters,topk_softmax_0125,8,4,0.5647326707839966,0.8448333333333333,0.841529436326668,0.4836527274010029,0.14000000059604645,1.9103098270740915,nan,nan
emnist_letters,topk_softmax_0125,8,5,0.4933118522167206,0.8576666666666667,0.8558709406135223,0.4466167491801242,0.14000000059604645,1.9060599398105702,nan,nan
emnist_letters,topk_softmax_0125,8,6,0.43726086616516113,0.8700833333333333,0.8684661968205657,0.40869944780430895,0.14000000059604645,1.9053090836139435,nan,nan
emnist_letters,topk_softmax_0125,8,7,0.4076693654060364,0.8758333333333334,0.8751192214300012,0.38346073633812844,0.14000000059604645,1.9029312653744475,nan,nan
emnist_letters,topk_softmax_0125,8,8,0.3727971911430359,0.8846666666666667,0.8838063885719623,0.3515246738778784,0.14000000059604645,1.906784104539993,nan,nan
emnist_letters,topk_softmax_0125,8,9,0.3565463423728943,0.8906666666666667,0.8898900120342887,0.33724407883400614,0.14000000059604645,1.9046614157392623,nan,nan
emnist_letters,topk_softmax_0125,8,10,0.3338175117969513,0.8943333333333333,0.8937874152129474,0.3291956937693535,0.14000000059604645,1.905621999121727,nan,nan
emnist_letters,topk_softmax_0125,8,11,0.31561681628227234,0.8934166666666666,0.8921361195260237,0.3266122341156006,0.14000000059604645,1.9024516166524683,nan,nan
emnist_letters,topk_softmax_0125,8,12,0.30363261699676514,0.89825,0.8974229473958035,0.3179259265356876,0.14000000059604645,1.8992331218212208,nan,nan
emnist_letters,topk_softmax_0125,8,13,0.2953537106513977,0.8985833333333333,0.8974972820162791,0.30645615211192595,0.14000000059604645,1.8963449724177097,nan,nan
emnist_letters,topk_softmax_0125,8,14,0.2810158133506775,0.9019166666666667,0.9006985530848899,0.3097790812558316,0.14000000059604645,1.8959531606511866,nan,nan
emnist_letters,topk_softmax_0125,8,15,0.26845741271972656,0.9041666666666667,0.9034364047571741,0.2987657664938176,0.14000000059604645,1.893219790560134,nan,nan
emnist_letters,topk_softmax_0125,8,16,0.26253893971443176,0.9034166666666666,0.902453207924236,0.30167674701264563,0.14000000059604645,1.8913988496394867,nan,nan
emnist_letters,topk_softmax_0125,8,17,0.25703132152557373,0.9044166666666666,0.9032495891973654,0.29775490342302524,0.14000000059604645,1.8913115757576964,nan,nan
emnist_letters,topk_softmax_0125,8,18,0.24780142307281494,0.90275,0.9020824643308335,0.3083048814788778,0.14000000059604645,1.892457037530047,nan,nan
emnist_letters,topk_softmax_0125,8,19,0.2412807047367096,0.9065,0.9056261123886975,0.29042947958124443,0.14000000059604645,1.8880809203107307,nan,nan
emnist_letters,topk_softmax_0125,8,20,0.23363110423088074,0.90775,0.9069095095248019,0.2855424763674432,0.14000000059604645,1.8879529770384444,nan,nan
emnist_letters,topk_softmax_0125,8,21,0.22947774827480316,0.9095833333333333,0.9088799094194996,0.2844697211651092,0.14000000059604645,1.8867216604821226,nan,nan
emnist_letters,topk_softmax_0125,8,22,0.22320307791233063,0.9051666666666667,0.9042181027630309,0.29339810983931763,0.14000000059604645,1.8764194529107276,nan,nan
emnist_letters,topk_softmax_0125,8,23,0.2160787135362625,0.9045,0.9031094167850123,0.2890978103622477,0.14000000059604645,1.8789326294939568,nan,nan
emnist_letters,topk_softmax_0125,8,24,0.2104034572839737,0.909,0.9081867141737412,0.28351817803179963,0.14000000059604645,1.880541888957328,nan,nan
emnist_letters,topk_softmax_0125,8,25,0.2063288688659668,0.90775,0.90657468473197,0.2937404535552289,0.14000000059604645,1.8797474820563134,nan,nan
emnist_letters,topk_softmax_0125,8,26,0.2036672830581665,0.9079166666666667,0.907425177455797,0.29574044302422947,0.14000000059604645,1.8767571132233802,nan,nan
emnist_letters,topk_softmax_0125,9,0,2.3278820514678955,0.5820833333333333,0.5729197489673099,1.3696818224927212,0.14000000059604645,1.9288349747657776,nan,nan
emnist_letters,topk_softmax_0125,9,1,1.1044585704803467,0.737,0.7339037142941254,0.8131891374892377,0.14000000059604645,1.9077437875118661,nan,nan
emnist_letters,topk_softmax_0125,9,2,0.7766521573066711,0.7873333333333333,0.785649733379268,0.6521260104280837,0.14000000059604645,1.9073891829937062,nan,nan
emnist_letters,topk_softmax_0125,9,3,0.6233201622962952,0.82825,0.8281123471060398,0.5231635963663142,0.14000000059604645,1.9037487861957956,nan,nan
emnist_letters,topk_softmax_0125,9,4,0.5290722250938416,0.8448333333333333,0.8439318786370221,0.47966562306627314,0.14000000059604645,1.9003957801676812,nan,nan
emnist_letters,topk_softmax_0125,9,5,0.47482559084892273,0.8618333333333333,0.8609184426148916,0.426371546501809,0.14000000059604645,1.891354739665985,nan,nan
emnist_letters,topk_softmax_0125,9,6,0.43061843514442444,0.8660833333333333,0.8654393337417834,0.4073874633362953,0.14000000059604645,1.8920066927341705,nan,nan
emnist_letters,topk_softmax_0125,9,7,0.40300706028938293,0.8743333333333333,0.872723329830212,0.37450399741213375,0.14000000059604645,1.8871632687588955,nan,nan
emnist_letters,topk_softmax_0125,9,8,0.3773930072784424,0.878,0.8774335683321544,0.36927284205213506,0.14000000059604645,1.8852719639209992,nan,nan
emnist_letters,topk_softmax_0125,9,9,0.35440659523010254,0.8825,0.880647390598171,0.349169226719978,0.14000000059604645,1.8824619371840294,nan,nan
emnist_letters,topk_softmax_0125,9,10,0.33634674549102783,0.8879166666666667,0.8872292236076211,0.34120512706168155,0.14000000059604645,1.8816224983397951,nan,nan
emnist_letters,topk_softmax_0125,9,11,0.3206336796283722,0.8885,0.888047334627698,0.34370882714048345,0.14000000059604645,1.8835224559966555,nan,nan
emnist_letters,topk_softmax_0125,9,12,0.3041355311870575,0.8895,0.8884456889861264,0.3335108668246168,0.14000000059604645,1.880956566080134,nan,nan
emnist_letters,topk_softmax_0125,9,13,0.2922336459159851,0.8934166666666666,0.8931045280365986,0.3231349761815781,0.14000000059604645,1.876105434082924,nan,nan
emnist_letters,topk_softmax_0125,9,14,0.2885099947452545,0.8958333333333334,0.8950800236256383,0.3194725900254351,0.14000000059604645,1.8808538343044037,nan,nan
emnist_letters,topk_softmax_0125,9,15,0.27764102816581726,0.8938333333333334,0.8931831604900483,0.3220766823976598,0.14000000059604645,1.8809566751439522,nan,nan
emnist_letters,topk_softmax_0125,9,16,0.25973060727119446,0.89975,0.8992810095215226,0.3031792383878789,0.14000000059604645,1.8798416764178174,nan,nan
emnist_letters,topk_softmax_0125,9,17,0.2589319050312042,0.9015,0.901096677586189,0.3034748266986076,0.14000000059604645,1.8760837494058813,nan,nan
emnist_letters,topk_softmax_0125,9,18,0.25068897008895874,0.9019166666666667,0.901331920553193,0.3046624977537926,0.14000000059604645,1.8745010837595513,nan,nan
emnist_letters,topk_softmax_0125,9,19,0.24760903418064117,0.9008333333333334,0.9004260378746405,0.30560337641137714,0.14000000059604645,1.8754213109929512,nan,nan
emnist_letters,topk_softmax_0125,9,20,0.23320145905017853,0.9054166666666666,0.9050735117249247,0.2917572450130544,0.14000000059604645,1.8753010947653588,nan,nan
emnist_letters,topk_softmax_0125,9,21,0.23514294624328613,0.9035,0.902895930149634,0.30492450455401804,0.14000000059604645,1.8747842768405347,nan,nan
emnist_letters,topk_softmax_0125,9,22,0.22121122479438782,0.90025,0.8995822231069183,0.3043735981621641,0.14000000059604645,1.876353364041511,nan,nan
emnist_letters,topk_softmax_0125,9,23,0.2245243936777115,0.8995833333333333,0.8983547060445047,0.30526295843276574,0.14000000059604645,1.8738292798082878,nan,nan
emnist_letters,topk_softmax_0125,9,24,0.2142736315727234,0.9003333333333333,0.8995130530714046,0.3158061342670562,0.14000000059604645,1.8697034006423139,nan,nan
emnist_letters,topk_softmax_0125,9,25,0.21599708497524261,0.9078333333333334,0.9072306843221516,0.29430128951021967,0.14000000059604645,1.8734142615440044,nan,nan
emnist_letters,topk_softmax_0125,9,26,0.2074926197528839,0.905,0.9046705286862997,0.2978510574457493,0.14000000059604645,1.8698075439067596,nan,nan
emnist_letters,topk_softmax_0125,9,27,0.19963312149047852,0.9053333333333333,0.9046403116999632,0.30455575407819546,0.14000000059604645,1.8714277579429301,nan,nan
emnist_letters,topk_softmax_0125,9,28,0.1993698924779892,0.9044166666666666,0.903993449552947,0.3003306312763945,0.14000000059604645,1.8733122234648847,nan,nan
emnist_letters,topk_softmax_0125,9,29,0.19669568538665771,0.9024166666666666,0.9019731052785578,0.3135613821288373,0.14000000059604645,1.8712924947129919,nan,nan
emnist_letters,topk_softmax_025,0,0,2.3152787685394287,0.52775,0.5179966792160628,1.5144020116075556,0.25999999046325684,2.544016536245955,nan,nan
emnist_letters,topk_softmax_025,0,1,1.2363319396972656,0.71175,0.7086501844627721,0.9117284201561137,0.25999999046325684,2.5363990727891315,nan,nan
emnist_letters,topk_softmax_025,0,2,0.8556035161018372,0.77025,0.7669537059687686,0.708387647537475,0.25999999046325684,2.525233636511133,nan,nan
emnist_letters,topk_softmax_025,0,3,0.6691259741783142,0.8184166666666667,0.8160854865220979,0.565726010089225,0.25999999046325684,2.523273714045261,nan,nan
emnist_letters,topk_softmax_025,0,4,0.5645122528076172,0.835,0.8334257571856198,0.4922267477563087,0.25999999046325684,2.518205264781384,nan,nan
emnist_letters,topk_softmax_025,0,5,0.4944608807563782,0.862,0.8602837581719277,0.42784951405322297,0.25999999046325684,2.5155872385552587,nan,nan
emnist_letters,topk_softmax_025,0,6,0.44792440533638,0.8679166666666667,0.8669580249631175,0.40715064520531513,0.25999999046325684,2.512477978746942,nan,nan
emnist_letters,topk_softmax_025,0,7,0.40999075770378113,0.872,0.8703128249155957,0.3893827716720865,0.25999999046325684,2.5086649884568883,nan,nan
emnist_letters,topk_softmax_025,0,8,0.37796083092689514,0.8838333333333334,0.8826657674318544,0.3582413136324984,0.25999999046325684,2.5118877608725367,nan,nan
emnist_letters,topk_softmax_025,0,9,0.3612406253814697,0.8895833333333333,0.8875575622286949,0.3357699729026632,0.25999999046325684,2.5063226375174015,nan,nan
emnist_letters,topk_softmax_025,0,10,0.3347100019454956,0.8931666666666667,0.8925889388771646,0.32391671741262396,0.25999999046325684,2.5084422826766968,nan,nan
emnist_letters,topk_softmax_025,0,11,0.319677472114563,0.8920833333333333,0.8906803332410392,0.33039155317113755,0.25999999046325684,2.505927479013484,nan,nan
emnist_letters,topk_softmax_025,0,12,0.3048275411128998,0.8906666666666667,0.8897552840852805,0.3258407905380777,0.25999999046325684,2.501591203060556,nan,nan
emnist_letters,topk_softmax_025,0,13,0.29142680764198303,0.8986666666666666,0.8972842334350222,0.3148705648615005,0.25999999046325684,2.5015879235369094,nan,nan
emnist_letters,topk_softmax_025,0,14,0.28199341893196106,0.8969166666666667,0.8958137351573595,0.3153428635064592,0.25999999046325684,2.5042020260019506,nan,nan
emnist_letters,topk_softmax_025,0,15,0.2741301357746124,0.8998333333333334,0.8985684795232053,0.30202748039935495,0.25999999046325684,2.4963032083308443,nan,nan
emnist_letters,topk_softmax_025,0,16,0.25908151268959045,0.9049166666666667,0.9037157298115618,0.29181644732647755,0.25999999046325684,2.501007371760429,nan,nan
emnist_letters,topk_softmax_025,0,17,0.2569221258163452,0.9054166666666666,0.9041569194818471,0.28840908344755783,0.25999999046325684,2.4967499768480343,nan,nan
emnist_letters,topk_softmax_025,0,18,0.24628794193267822,0.9063333333333333,0.9049130633184927,0.27985623447184865,0.25999999046325684,2.496263514173792,nan,nan
emnist_letters,topk_softmax_025,0,19,0.24025234580039978,0.9065,0.9051600405747681,0.2929417538516065,0.25999999046325684,2.4945444401274335,nan,nan
emnist_letters,topk_softmax_025,0,20,0.2366718053817749,0.9084166666666667,0.9072624032868474,0.2837828071193492,0.25999999046325684,2.492996482138938,nan,nan
emnist_letters,topk_softmax_025,0,21,0.22740532457828522,0.9111666666666667,0.9099995371130034,0.2749672877661725,0.25999999046325684,2.4954862366331385,nan,nan
emnist_letters,topk_softmax_025,0,22,0.2214023619890213,0.9095833333333333,0.9086451173004959,0.28171637464076915,0.25999999046325684,2.4909766176913646,nan,nan
emnist_letters,topk_softmax_025,0,23,0.22051773965358734,0.9085833333333333,0.9070450104761799,0.28133445534300294,0.25999999046325684,2.4913741629174413,nan,nan
emnist_letters,topk_softmax_025,0,24,0.2147177904844284,0.9105833333333333,0.9098977031356562,0.2760836621548267,0.25999999046325684,2.4882177393487157,nan,nan
emnist_letters,topk_softmax_025,0,25,0.206895112991333,0.914,0.9128265954403676,0.2727781036432753,0.25999999046325684,2.4895751628469913,nan,nan
emnist_letters,topk_softmax_025,0,26,0.20275253057479858,0.9150833333333334,0.913734141628802,0.27519980453430337,0.25999999046325684,2.491611764786091,nan,nan
emnist_letters,topk_softmax_025,0,27,0.19924524426460266,0.9111666666666667,0.9099899083065213,0.27726550083211127,0.25999999046325684,2.4877172175874103,nan,nan
emnist_letters,topk_softmax_025,0,28,0.19287042319774628,0.9085,0.9075229757288761,0.28508349872649985,0.25999999046325684,2.4846021063784334,nan,nan
emnist_letters,topk_softmax_025,0,29,0.18847157061100006,0.9100833333333334,0.9086581652989181,0.29197922190453146,0.25999999046325684,2.4876882040754276,nan,nan
emnist_letters,topk_softmax_025,1,0,2.3655214309692383,0.52975,0.5218617963027511,1.514341618152375,0.25999999046325684,2.54419392727791,nan,nan
emnist_letters,topk_softmax_025,1,1,1.2486122846603394,0.6990833333333333,0.6983264670193309,0.9626489205563322,0.25999999046325684,2.5433719969810324,nan,nan
emnist_letters,topk_softmax_025,1,2,0.9027629494667053,0.7661666666666667,0.7646981896756938,0.7268084338370789,0.25999999046325684,2.5382556889919523,nan,nan
emnist_letters,topk_softmax_025,1,3,0.7202109098434448,0.8010833333333334,0.8015172945855557,0.6174595856920202,0.25999999046325684,2.531698480565497,nan,nan
emnist_letters,topk_softmax_025,1,4,0.6144247055053711,0.83625,0.8365029566155164,0.5131299831765763,0.25999999046325684,2.5253696314832,nan,nan
emnist_letters,topk_softmax_025,1,5,0.5344738960266113,0.8444166666666667,0.8448577467897866,0.47545003256899243,0.25999999046325684,2.519406001618568,nan,nan
emnist_letters,topk_softmax_025,1,6,0.47746822237968445,0.8629166666666667,0.8638675792020852,0.42070201800224627,0.25999999046325684,2.5162445712596813,nan,nan
emnist_letters,topk_softmax_025,1,7,0.4336494505405426,0.8709166666666667,0.870702861773284,0.3873930643213556,0.25999999046325684,2.5158815181001706,nan,nan
emnist_letters,topk_softmax_025,1,8,0.3985118865966797,0.8815,0.8815673192768875,0.352581964528307,0.25999999046325684,2.5090885694990765,nan,nan
emnist_letters,topk_softmax_025,1,9,0.37613850831985474,0.8870833333333333,0.8872374004205253,0.35412957313212945,0.25999999046325684,2.505396886074797,nan,nan
emnist_letters,topk_softmax_025,1,10,0.3520837128162384,0.8905833333333333,0.8906480386018676,0.3348997396991608,0.25999999046325684,2.5041865744489304,nan,nan
emnist_letters,topk_softmax_025,1,11,0.3331022262573242,0.8916666666666667,0.8917889051260267,0.3303900912721106,0.25999999046325684,2.5023067733074758,nan,nan
emnist_letters,topk_softmax_025,1,12,0.30835896730422974,0.8949166666666667,0.8950213838958414,0.31046219328616526,0.25999999046325684,2.5021677752758595,nan,nan
emnist_letters,topk_softmax_025,1,13,0.3017854392528534,0.9028333333333334,0.9029374445355007,0.3003613590560061,0.25999999046325684,2.5033033502862807,nan,nan
emnist_letters,topk_softmax_025,1,14,0.28842252492904663,0.9010833333333333,0.9010184084488605,0.2905623678197252,0.25999999046325684,2.503456103040817,nan,nan
emnist_letters,topk_softmax_025,1,15,0.27973130345344543,0.9051666666666667,0.9048082037046347,0.28813708811364275,0.25999999046325684,2.499662551474064,nan,nan
emnist_letters,topk_softmax_025,1,16,0.26509836316108704,0.9101666666666667,0.9102843353593197,0.27013729037122525,0.25999999046325684,2.5006960528962154,nan,nan
emnist_letters,topk_softmax_025,1,17,0.25645995140075684,0.9100833333333334,0.9102945491227055,0.28114630377038996,0.25999999046325684,2.496601274672975,nan,nan
emnist_letters,topk_softmax_025,1,18,0.25103697180747986,0.9139166666666667,0.9140316197288926,0.26951517196411784,0.25999999046325684,2.5034379223559764,nan,nan
emnist_letters,topk_softmax_025,1,19,0.245601624250412,0.9105833333333333,0.9109142893464356,0.2730530541627965,0.25999999046325684,2.50100454624663,nan,nan
emnist_letters,topk_softmax_025,1,20,0.23886123299598694,0.91625,0.9161803036919853,0.25996333328967397,0.25999999046325684,2.497998468419339,nan,nan
emnist_letters,topk_softmax_025,1,21,0.2322540283203125,0.91075,0.911085543412262,0.27197603342380927,0.25999999046325684,2.493548700150023,nan,nan
emnist_letters,topk_softmax_025,1,22,0.2283119410276413,0.9138333333333334,0.9140398870354538,0.2665910048687712,0.25999999046325684,2.4956778084978146,nan,nan
emnist_letters,topk_softmax_025,1,23,0.2183588594198227,0.9149166666666667,0.9147228641735379,0.25555673653775074,0.25999999046325684,2.4927688583414604,nan,nan
emnist_letters,topk_softmax_025,1,24,0.2153383195400238,0.9109166666666667,0.9113789540647299,0.2762039005756378,0.25999999046325684,2.4887461180382586,nan,nan
emnist_letters,topk_softmax_025,1,25,0.20835480093955994,0.9154166666666667,0.9156017413861142,0.2611892102880681,0.25999999046325684,2.4957185095929084,nan,nan
emnist_letters,topk_softmax_025,2,0,2.311060667037964,0.5441666666666667,0.5365707693106192,1.4527479257989437,0.25999999046325684,2.5280389354584063,nan,nan
emnist_letters,topk_softmax_025,2,1,1.2191487550735474,0.7030833333333333,0.7030314368456054,0.9365312140038673,0.25999999046325684,2.5253959437634084,nan,nan
emnist_letters,topk_softmax_025,2,2,0.875416100025177,0.7766666666666666,0.7775537667518428,0.7163667945151634,0.25999999046325684,2.515446219038456,nan,nan
emnist_letters,topk_softmax_025,2,3,0.7082555890083313,0.80375,0.8029299303338312,0.6087034230536603,0.25999999046325684,2.513799210812183,nan,nan
emnist_letters,topk_softmax_025,2,4,0.5945741534233093,0.8305833333333333,0.8317351708476064,0.5258409463344736,0.25999999046325684,2.5145761941341642,nan,nan
emnist_letters,topk_softmax_025,2,5,0.5160216093063354,0.8508333333333333,0.8506116261003325,0.4552711026465639,0.25999999046325684,2.5158971015443194,nan,nan
emnist_letters,topk_softmax_025,2,6,0.4688657522201538,0.8651666666666666,0.8654163703354391,0.41185487331228054,0.25999999046325684,2.5089253567634744,nan,nan
emnist_letters,topk_softmax_025,2,7,0.4324268400669098,0.8719166666666667,0.8718057635529266,0.3877207503673878,0.25999999046325684,2.510055465901152,nan,nan
emnist_letters,topk_softmax_025,2,8,0.39644354581832886,0.8766666666666667,0.8771087493098637,0.37335014057920335,0.25999999046325684,2.5079147511340203,nan,nan
emnist_letters,topk_softmax_025,2,9,0.37294214963912964,0.8855,0.8853488732050631,0.34243376362831035,0.25999999046325684,2.5055358562063663,nan,nan
emnist_letters,topk_softmax_025,2,10,0.35800495743751526,0.88525,0.8854167264953465,0.3462827681226933,0.25999999046325684,2.507863777749082,nan,nan
emnist_letters,topk_softmax_025,2,11,0.3376617431640625,0.8928333333333334,0.8928074132194802,0.32537751280246896,0.25999999046325684,2.5081878722982203,nan,nan
emnist_letters,topk_softmax_025,2,12,0.31616222858428955,0.8974166666666666,0.8972838820306173,0.3188268761051462,0.25999999046325684,2.5061552169475148,nan,nan
emnist_letters,topk_softmax_025,2,13,0.30828312039375305,0.89075,0.8908688735850603,0.323722612667591,0.25999999046325684,2.510837978505074,nan,nan
emnist_letters,topk_softmax_025,2,14,0.29527756571769714,0.89675,0.896903963683829,0.3158921954479623,0.25999999046325684,2.507174017581534,nan,nan
emnist_letters,topk_softmax_025,2,15,0.28338268399238586,0.9038333333333334,0.9038604392211624,0.30074880034365553,0.25999999046325684,2.506601407172832,nan,nan
emnist_letters,topk_softmax_025,2,16,0.2792488634586334,0.9015,0.9018330227632766,0.30472724773782367,0.25999999046325684,2.507001912340205,nan,nan
emnist_letters,topk_softmax_025,2,17,0.2701289653778076,0.90425,0.9042989830863504,0.3012586426227651,0.25999999046325684,2.5051940223003957,nan,nan
emnist_letters,topk_softmax_025,2,18,0.25676795840263367,0.9048333333333334,0.9047458019883297,0.30270011120654167,0.25999999046325684,2.507193643996056,nan,nan
emnist_letters,topk_softmax_025,2,19,0.2522256374359131,0.90775,0.9078548959633904,0.2840187597147962,0.25999999046325684,2.5051289213464614,nan,nan
emnist_letters,topk_softmax_025,2,20,0.2430909276008606,0.9059166666666667,0.906115180274273,0.28289505601563353,0.25999999046325684,2.502921127258463,nan,nan
emnist_letters,topk_softmax_025,2,21,0.24026934802532196,0.9008333333333334,0.9007076029348418,0.30269166415042065,0.25999999046325684,2.503230358691926,nan,nan
emnist_letters,topk_softmax_025,2,22,0.2337448000907898,0.90875,0.908597599631733,0.27988794858151295,0.25999999046325684,2.501906001821477,nan,nan
emnist_letters,topk_softmax_025,2,23,0.22447890043258667,0.908,0.9079480701358946,0.2903168797492981,0.25999999046325684,2.50391231445556,nan,nan
emnist_letters,topk_softmax_025,2,24,0.21861112117767334,0.9074166666666666,0.907281976540064,0.2867698425308187,0.25999999046325684,2.499396671640112,nan,nan
emnist_letters,topk_softmax_025,2,25,0.21823129057884216,0.9133333333333333,0.9133572655780593,0.2688711976751368,0.25999999046325684,2.502429891139903,nan,nan
emnist_letters,topk_softmax_025,2,26,0.2110590636730194,0.9114166666666667,0.9115561693402486,0.27423935970093344,0.25999999046325684,2.5024584354238306,nan,nan
emnist_letters,topk_softmax_025,2,27,0.2075328826904297,0.9125833333333333,0.9126898969280055,0.2690790534970608,0.25999999046325684,2.499834598378932,nan,nan
emnist_letters,topk_softmax_025,2,28,0.2026371955871582,0.9145,0.914560626374858,0.2657504053191936,0.25999999046325684,2.501231330506345,nan,nan
emnist_letters,topk_softmax_025,2,29,0.19790741801261902,0.913,0.9131985475542326,0.2773312745576209,0.25999999046325684,2.498114933358862,nan,nan
emnist_letters,topk_softmax_025,3,0,2.413695812225342,0.5324166666666666,0.5254561257914981,1.5287729450996885,0.25999999046325684,2.5470438460086253,nan,nan
emnist_letters,topk_softmax_025,3,1,1.2343063354492188,0.718,0.7160045229497369,0.9110634732753673,0.25999999046325684,2.536833225412572,nan,nan
emnist_letters,topk_softmax_025,3,2,0.8510780930519104,0.7918333333333333,0.7911440537569254,0.6654600158650824,0.25999999046325684,2.5146094383077418,nan,nan
emnist_letters,topk_softmax_025,3,3,0.668525755405426,0.8255833333333333,0.823268102865119,0.5545199158343863,0.25999999046325684,2.5034607116212237,nan,nan
emnist_letters,topk_softmax_025,3,4,0.5717827081680298,0.8504166666666667,0.8489396743753647,0.4681519948421641,0.25999999046325684,2.4924835499296796,nan,nan
emnist_letters,topk_softmax_025,3,5,0.49905186891555786,0.8525,0.851714553536561,0.4593089279976297,0.25999999046325684,2.4925041858186114,nan,nan
emnist_letters,topk_softmax_025,3,6,0.4582522213459015,0.869,0.8681277326149067,0.4028312944351359,0.25999999046325684,2.4855619440687464,nan,nan
emnist_letters,topk_softmax_025,3,7,0.4163248836994171,0.865,0.8633415683848471,0.40710074977671845,0.25999999046325684,2.485575260000026,nan,nan
emnist_letters,topk_softmax_025,3,8,0.38471513986587524,0.8835833333333334,0.8837492227847137,0.3567095883983247,0.25999999046325684,2.483888471380193,nan,nan
emnist_letters,topk_softmax_025,3,9,0.3587275445461273,0.88975,0.8889106087418072,0.34219478134145126,0.25999999046325684,2.47804690168259,nan,nan
emnist_letters,topk_softmax_025,3,10,0.3470545709133148,0.88675,0.8859183378757501,0.34079334171528514,0.25999999046325684,2.476716175992438,nan,nan
emnist_letters,topk_softmax_025,3,11,0.3265494108200073,0.8925833333333333,0.8921820594216334,0.3287452903199703,0.25999999046325684,2.4798960888639408,nan,nan
emnist_letters,topk_softmax_025,3,12,0.31475594639778137,0.8999166666666667,0.8994769452081693,0.30738238958602254,0.25999999046325684,2.481942082973237,nan,nan
emnist_letters,topk_softmax_025,3,13,0.29752305150032043,0.8964166666666666,0.896422995063385,0.3144532952536928,0.25999999046325684,2.4770863741002183,nan,nan
emnist_letters,topk_softmax_025,3,14,0.2883981764316559,0.9005833333333333,0.9007480987012428,0.30298633175961515,0.25999999046325684,2.4784419688772648,nan,nan
emnist_letters,topk_softmax_025,3,15,0.2769780158996582,0.90675,0.9067780012744027,0.2939845431358256,0.25999999046325684,2.478139225472795,nan,nan
emnist_letters,topk_softmax_025,3,16,0.26827317476272583,0.908,0.9072003973794123,0.29040563740628833,0.25999999046325684,2.4759799521020116,nan,nan
emnist_letters,topk_softmax_025,3,17,0.262238472700119,0.9088333333333334,0.9089208187570089,0.2847449227850488,0.25999999046325684,2.4726816720150886,nan,nan
emnist_letters,topk_softmax_025,3,18,0.24782924354076385,0.9100833333333334,0.909585159203274,0.2814186345389549,0.25999999046325684,2.473153454192141,nan,nan
emnist_letters,topk_softmax_025,3,19,0.24492478370666504,0.9095833333333333,0.9094228435910845,0.2810863995171608,0.25999999046325684,2.480009763798815,nan,nan
emnist_letters,topk_softmax_025,3,20,0.23942366242408752,0.9106666666666666,0.910424723374789,0.2838893881503572,0.25999999046325684,2.473178952298266,nan,nan
emnist_letters,topk_softmax_025,3,21,0.23003238439559937,0.9090833333333334,0.9086675576353422,0.2826259259847885,0.25999999046325684,2.4723561520272113,nan,nan
emnist_letters,topk_softmax_025,3,22,0.2278255671262741,0.9088333333333334,0.9084267235814392,0.2886769391120748,0.25999999046325684,2.476018436411594,nan,nan
emnist_letters,topk_softmax_025,3,23,0.2233697921037674,0.9119166666666667,0.9115269319193726,0.2780982943925452,0.25999999046325684,2.472469502306999,nan,nan
emnist_letters,topk_softmax_025,3,24,0.21492955088615417,0.911,0.9105074528697544,0.2825381854113112,0.25999999046325684,2.4686462777726192,nan,nan
emnist_letters,topk_softmax_025,3,25,0.20592431724071503,0.9170833333333334,0.916966159544369,0.26957128973717387,0.25999999046325684,2.465850388750117,nan,nan
emnist_letters,topk_softmax_025,3,26,0.20061472058296204,0.9123333333333333,0.9118595482783696,0.2792779800105602,0.25999999046325684,2.467493734461196,nan,nan
emnist_letters,topk_softmax_025,3,27,0.2010892629623413,0.9136666666666666,0.9133803649956559,0.2776050773706842,0.25999999046325684,2.464769873213261,nan,nan
emnist_letters,topk_softmax_025,3,28,0.19308973848819733,0.9134166666666667,0.9130361384830543,0.2754378914833069,0.25999999046325684,2.4704964110191834,nan,nan
emnist_letters,topk_softmax_025,3,29,0.19072650372982025,0.9126666666666666,0.9121456083991919,0.2806298485461702,0.25999999046325684,2.475747395069041,nan,nan
emnist_letters,topk_softmax_025,4,0,2.4738245010375977,0.5599166666666666,0.5521687486440119,1.4612107124734433,0.25999999046325684,2.5521976516601885,nan,nan
emnist_letters,topk_softmax_025,4,1,1.191516399383545,0.705,0.704080114718184,0.9167102854302589,0.25999999046325684,2.547842023220468,nan,nan
emnist_letters,topk_softmax_025,4,2,0.8629692196846008,0.7799166666666667,0.7800037437195287,0.6981733885217221,0.25999999046325684,2.5400658516173666,nan,nan
emnist_letters,topk_softmax_025,4,3,0.6906013488769531,0.8123333333333334,0.8117299183517921,0.5787116403275347,0.25999999046325684,2.5356390577681522,nan,nan
emnist_letters,topk_softmax_025,4,4,0.5776142477989197,0.8435833333333334,0.8440440817246844,0.4778940652279144,0.25999999046325684,2.529205799102783,nan,nan
emnist_letters,topk_softmax_025,4,5,0.5065372586250305,0.85625,0.8562684578899133,0.43660746419683416,0.25999999046325684,2.528460548279133,nan,nan
emnist_letters,topk_softmax_025,4,6,0.4520261883735657,0.8686666666666667,0.8695676848016968,0.4029672291684658,0.25999999046325684,2.5220310890928226,nan,nan
emnist_letters,topk_softmax_025,4,7,0.41463735699653625,0.8738333333333334,0.8748713299480629,0.3863252521829402,0.25999999046325684,2.5229696136839848,nan,nan
emnist_letters,topk_softmax_025,4,8,0.38565534353256226,0.8775,0.8780991410809278,0.3683619543592981,0.25999999046325684,2.519563225989646,nan,nan
emnist_letters,topk_softmax_025,4,9,0.363641619682312,0.8861666666666667,0.8865293536874266,0.34127061671399056,0.25999999046325684,2.5161023063862578,nan,nan
emnist_letters,topk_softmax_025,4,10,0.34675222635269165,0.8880833333333333,0.8889066934123002,0.3393166122284341,0.25999999046325684,2.5153863988024123,nan,nan
emnist_letters,topk_softmax_025,4,11,0.3254701495170593,0.8885833333333333,0.8888942073648658,0.3365250122039876,0.25999999046325684,2.5180309884091643,nan,nan
emnist_letters,topk_softmax_025,4,12,0.31709298491477966,0.8940833333333333,0.8948305904523373,0.3229743093252182,0.25999999046325684,2.5144912714653826,nan,nan
emnist_letters,topk_softmax_025,4,13,0.30492526292800903,0.8945,0.8953729770851641,0.31973444559472675,0.25999999046325684,2.510529249272448,nan,nan
emnist_letters,topk_softmax_025,4,14,0.28593018651008606,0.89175,0.8926997322428952,0.3297054862722437,0.25999999046325684,2.5064926756189223,nan,nan
emnist_letters,topk_softmax_025,4,15,0.2857956886291504,0.89975,0.9004912540250772,0.3053492691288603,0.25999999046325684,2.5051259563324297,nan,nan
emnist_letters,topk_softmax_025,4,16,0.26973992586135864,0.90225,0.9029671965453268,0.2974632911859675,0.25999999046325684,2.5078484352598798,nan,nan
emnist_letters,topk_softmax_025,4,17,0.26630452275276184,0.89825,0.8978191692667761,0.3096189026502853,0.25999999046325684,2.507470838567044,nan,nan
emnist_letters,topk_softmax_025,4,18,0.2560534179210663,0.90425,0.9046314378940006,0.30180644640263093,0.25999999046325684,2.501354387465944,nan,nan
emnist_letters,topk_softmax_025,4,19,0.24619878828525543,0.9011666666666667,0.9017737725716652,0.3049908394509174,0.25999999046325684,2.499822256412912,nan,nan
emnist_letters,topk_softmax_025,4,20,0.2425890564918518,0.8974166666666666,0.897669883676675,0.3154597203148172,0.25999999046325684,2.5005450324809297,nan,nan
emnist_letters,topk_softmax_025,4,21,0.23663932085037231,0.90525,0.9053742375995235,0.29592848141142664,0.25999999046325684,2.5014818602419915,nan,nan
emnist_letters,topk_softmax_025,4,22,0.23218218982219696,0.9036666666666666,0.9036843280456478,0.2962698968167001,0.25999999046325684,2.5000639139337744,nan,nan
emnist_letters,topk_softmax_025,4,23,0.22395721077919006,0.9054166666666666,0.9055701741218518,0.29341104309609595,0.25999999046325684,2.5013797409991,nan,nan
emnist_letters,topk_softmax_025,4,24,0.22163526713848114,0.908,0.9084536016999483,0.2859965572331814,0.25999999046325684,2.497906093901776,nan,nan
emnist_letters,topk_softmax_025,4,25,0.21243086457252502,0.9065,0.9067014913168716,0.2955045440095536,0.25999999046325684,2.4994405584132418,nan,nan
emnist_letters,topk_softmax_025,4,26,0.20855273306369781,0.90775,0.9075903137953122,0.27913860754763825,0.25999999046325684,2.499936469057773,nan,nan
emnist_letters,topk_softmax_025,4,27,0.20432424545288086,0.9069166666666667,0.9071223913337108,0.28934124175538406,0.25999999046325684,2.4988168883830943,nan,nan
emnist_letters,topk_softmax_025,4,28,0.20276053249835968,0.9078333333333334,0.9076945099374397,0.2961883741490384,0.25999999046325684,2.4987509910096515,nan,nan
emnist_letters,topk_softmax_025,4,29,0.19871634244918823,0.9049166666666667,0.9054400713478888,0.30030072971861416,0.25999999046325684,2.495955814706518,nan,nan
emnist_letters,topk_softmax_025,5,0,2.4028525352478027,0.544,0.5250527454547222,1.4860784449475877,0.25999999046325684,2.5458214942445148,nan,nan
emnist_letters,topk_softmax_025,5,1,1.2265996932983398,0.7079166666666666,0.7021707263676606,0.9295984379788662,0.25999999046325684,2.5315162729709706,nan,nan
emnist_letters,topk_softmax_025,5,2,0.8706153631210327,0.7695833333333333,0.7646962068825024,0.6988161700837155,0.25999999046325684,2.5259576072084142,nan,nan
emnist_letters,topk_softmax_025,5,3,0.700426459312439,0.81625,0.8141969291498715,0.5622608160718958,0.25999999046325684,2.5225492842653963,nan,nan
emnist_letters,topk_softmax_025,5,4,0.5888836979866028,0.84175,0.8395887121522676,0.4803706204637568,0.25999999046325684,2.5231298487237157,nan,nan
emnist_letters,topk_softmax_025,5,5,0.5188508629798889,0.8576666666666667,0.8562099989140409,0.42271527394335323,0.25999999046325684,2.5248626191565333,nan,nan
emnist_letters,topk_softmax_025,5,6,0.4647151231765747,0.8701666666666666,0.8693815851469331,0.38867528641477544,0.25999999046325684,2.5242128676556526,nan,nan
emnist_letters,topk_softmax_025,5,7,0.4313415288925171,0.877,0.8759876418752586,0.3706065923609632,0.25999999046325684,2.524118395561868,nan,nan
emnist_letters,topk_softmax_025,5,8,0.40063032507896423,0.88475,0.883933623530373,0.3475773423276049,0.25999999046325684,2.5195108474569117,nan,nan
emnist_letters,topk_softmax_025,5,9,0.3698011636734009,0.8945,0.894240208457446,0.3251760440303924,0.25999999046325684,2.520374356432164,nan,nan
emnist_letters,topk_softmax_025,5,10,0.3517358601093292,0.8935833333333333,0.893138030409577,0.3147301195149726,0.25999999046325684,2.517878184927271,nan,nan
emnist_letters,topk_softmax_025,5,11,0.3453367054462433,0.897,0.8968391190195285,0.30794970374158087,0.25999999046325684,2.514215139632529,nan,nan
emnist_letters,topk_softmax_025,5,12,0.32206961512565613,0.89725,0.8972656826805199,0.305745152399895,0.25999999046325684,2.513688122972529,nan,nan
emnist_letters,topk_softmax_025,5,13,0.30846235156059265,0.9029166666666667,0.9026603765278552,0.29832650404027167,0.25999999046325684,2.5140648243275097,nan,nan
emnist_letters,topk_softmax_025,5,14,0.2936272621154785,0.9064166666666666,0.9063618853761499,0.2789889656482859,0.25999999046325684,2.512952999865755,nan,nan
emnist_letters,topk_softmax_025,5,15,0.2870914340019226,0.9071666666666667,0.9072163658705864,0.27187398234580423,0.25999999046325684,2.514484681981675,nan,nan
emnist_letters,topk_softmax_025,5,16,0.2769853174686432,0.90975,0.9101023967649771,0.27711433679499525,0.25999999046325684,2.511241578041239,nan,nan
emnist_letters,topk_softmax_025,5,17,0.274618923664093,0.905,0.9051082380295798,0.2752862702658836,0.25999999046325684,2.5111300184371625,nan,nan
emnist_letters,topk_softmax_025,5,18,0.25991129875183105,0.9083333333333333,0.9085407580061854,0.2749334361324919,0.25999999046325684,2.5077547063218786,nan,nan
emnist_letters,topk_softmax_025,5,19,0.25528767704963684,0.9066666666666666,0.9063081280246297,0.27692809066873914,0.25999999046325684,2.5077796489634414,nan,nan
emnist_letters,topk_softmax_025,5,20,0.24525640904903412,0.9063333333333333,0.9061109092967451,0.2839156379725071,0.25999999046325684,2.5072916746139526,nan,nan
emnist_letters,topk_softmax_025,5,21,0.24260154366493225,0.9131666666666667,0.9132418014612422,0.26115725300413495,0.25999999046325684,2.5081223782072675,nan,nan
emnist_letters,topk_softmax_025,5,22,0.240871399641037,0.9126666666666666,0.9126180922997794,0.26632621757527614,0.25999999046325684,2.5057090926677623,nan,nan
emnist_letters,topk_softmax_025,5,23,0.2290530651807785,0.9095833333333333,0.9095335338135209,0.2700333614298638,0.25999999046325684,2.505500095955869,nan,nan
emnist_letters,topk_softmax_025,5,24,0.22337961196899414,0.9161666666666667,0.9161284126314754,0.2606051672012248,0.25999999046325684,2.5033729177840214,nan,nan
emnist_letters,topk_softmax_025,5,25,0.21884438395500183,0.9136666666666666,0.9133143256758433,0.26451498587080774,0.25999999046325684,2.499950406399179,nan,nan
emnist_letters,topk_softmax_025,5,26,0.21946261823177338,0.9176666666666666,0.9175607121982803,0.25187781770178613,0.25999999046325684,2.5015750540063735,nan,nan
emnist_letters,topk_softmax_025,5,27,0.21220271289348602,0.91525,0.9150094041442342,0.2607962283048224,0.25999999046325684,2.5019994568317494,nan,nan
emnist_letters,topk_softmax_025,5,28,0.20645131170749664,0.9125,0.9124547525302601,0.2667108625173569,0.25999999046325684,2.503785397144074,nan,nan
emnist_letters,topk_softmax_025,5,29,0.20101721584796906,0.9129166666666667,0.9123408268439595,0.27061133086681366,0.25999999046325684,2.500743642766425,nan,nan
emnist_letters,topk_softmax_025,6,0,2.356067419052124,0.5709166666666666,0.5640433621526083,1.4507559157432395,0.25999999046325684,2.5221936474455164,nan,nan
emnist_letters,topk_softmax_025,6,1,1.183961272239685,0.7078333333333333,0.7049901048015025,0.9155298040268269,0.25999999046325684,2.5340492040552993,nan,nan
emnist_letters,topk_softmax_025,6,2,0.8440938591957092,0.769,0.7670013422754807,0.7190630791035104,0.25999999046325684,2.5294280153639774,nan,nan
emnist_letters,topk_softmax_025,6,3,0.675236165523529,0.823,0.8213645793541231,0.5486648285642584,0.25999999046325684,2.530628597482722,nan,nan
emnist_letters,topk_softmax_025,6,4,0.5683896541595459,0.8385833333333333,0.8372646501390473,0.4891982852144444,0.25999999046325684,2.5228164348196476,nan,nan
emnist_letters,topk_softmax_025,6,5,0.4918159544467926,0.85925,0.8573234204654328,0.4357958474057786,0.25999999046325684,2.5207855701446533,nan,nan
emnist_letters,topk_softmax_025,6,6,0.44426050782203674,0.8654166666666666,0.8644564926278224,0.4091799924982355,0.25999999046325684,2.518398069320841,nan,nan
emnist_letters,topk_softmax_025,6,7,0.4110110104084015,0.87775,0.8767827128046789,0.3725003913996067,0.25999999046325684,2.5141619925803327,nan,nan
emnist_letters,topk_softmax_025,6,8,0.38330116868019104,0.8841666666666667,0.8835094408823291,0.3495319241538961,0.25999999046325684,2.5096992939076523,nan,nan
emnist_letters,topk_softmax_025,6,9,0.35784396529197693,0.88325,0.8825122555837445,0.34922143531606553,0.25999999046325684,2.5092111825942993,nan,nan
emnist_letters,topk_softmax_025,6,10,0.33633673191070557,0.88975,0.8889085035507295,0.3322922625440232,0.25999999046325684,2.5080232594875578,nan,nan
emnist_letters,topk_softmax_025,6,11,0.326058030128479,0.8864166666666666,0.8855976328300432,0.33596663557468576,0.25999999046325684,2.5053226795602352,nan,nan
emnist_letters,topk_softmax_025,6,12,0.3126298189163208,0.8955,0.8941998728552617,0.3123892799336859,0.25999999046325684,2.502141780041634,nan,nan
emnist_letters,topk_softmax_025,6,13,0.29810842871665955,0.89525,0.8941735640469226,0.322379413754382,0.25999999046325684,2.5027160847440677,nan,nan
emnist_letters,topk_softmax_025,6,14,0.28946682810783386,0.8971666666666667,0.896489813350578,0.3159493255488416,0.25999999046325684,2.498135069583325,nan,nan
emnist_letters,topk_softmax_025,6,15,0.2775152027606964,0.9055833333333333,0.904867326200997,0.28966668216471975,0.25999999046325684,2.4966211876970656,nan,nan
emnist_letters,topk_softmax_025,6,16,0.27288922667503357,0.9021666666666667,0.9015905288398809,0.2976534988017792,0.25999999046325684,2.4967635793888823,nan,nan
emnist_letters,topk_softmax_025,6,17,0.26458290219306946,0.9045833333333333,0.9037516909747901,0.29378509680007364,0.25999999046325684,2.4993578981845936,nan,nan
emnist_letters,topk_softmax_025,6,18,0.2587280571460724,0.9074166666666666,0.9067905139478676,0.284050667539556,0.25999999046325684,2.4952104193099003,nan,nan
emnist_letters,topk_softmax_025,6,19,0.24749167263507843,0.91,0.9093514128442363,0.28183127876291886,0.25999999046325684,2.492176405926968,nan,nan
emnist_letters,topk_softmax_025,6,20,0.24115502834320068,0.8986666666666666,0.8978977169743209,0.30959975307292126,0.25999999046325684,2.4876737188785634,nan,nan
emnist_letters,topk_softmax_025,6,21,0.23485851287841797,0.91225,0.9117282586045417,0.27621198493115445,0.25999999046325684,2.485596905363367,nan,nan
emnist_letters,topk_softmax_025,6,22,0.23483437299728394,0.9070833333333334,0.9064818091969669,0.2862976976531617,0.25999999046325684,2.486988371991097,nan,nan
emnist_letters,topk_softmax_025,6,23,0.22366924583911896,0.9096666666666666,0.9088899177891416,0.2787791864669069,0.25999999046325684,2.4875333182355193,nan,nan
emnist_letters,topk_softmax_025,6,24,0.21822702884674072,0.9108333333333334,0.9101480674993122,0.2771358274398966,0.25999999046325684,2.490847612949128,nan,nan
emnist_letters,topk_softmax_025,6,25,0.213346928358078,0.91375,0.9132163122384492,0.2734685093164444,0.25999999046325684,2.48312900675104,nan,nan
emnist_letters,topk_softmax_025,6,26,0.21232342720031738,0.9136666666666666,0.9128253231801088,0.267337551776399,0.25999999046325684,2.484076330002318,nan,nan
emnist_letters,topk_softmax_025,6,27,0.2049199640750885,0.9155833333333333,0.914892053785436,0.2676463650262102,0.25999999046325684,2.4836222187001655,nan,nan
emnist_letters,topk_softmax_025,6,28,0.1989995241165161,0.91525,0.9147539058026601,0.2730196143718476,0.25999999046325684,2.4853728679900473,nan,nan
emnist_letters,topk_softmax_025,6,29,0.19465090334415436,0.9135833333333333,0.9124379161545725,0.27080001317440194,0.25999999046325684,2.484090523516878,nan,nan
emnist_letters,topk_softmax_025,7,0,2.3409085273742676,0.5645,0.5598498560002163,1.4332949227475105,0.25999999046325684,2.523477057193188,nan,nan
emnist_letters,topk_softmax_025,7,1,1.1657726764678955,0.7126666666666667,0.7095358428465082,0.8892033848356693,0.25999999046325684,2.5291187687123076,nan,nan
emnist_letters,topk_softmax_025,7,2,0.8507188558578491,0.767,0.7666120410266696,0.7252823748487107,0.25999999046325684,2.5209639630419143,nan,nan
emnist_letters,topk_softmax_025,7,3,0.6910774111747742,0.7988333333333333,0.7998013370132833,0.612849881040289,0.25999999046325684,2.510003422168975,nan,nan
emnist_letters,topk_softmax_025,7,4,0.6014001369476318,0.8296666666666667,0.8287755695143146,0.5245322927515558,0.25999999046325684,2.505736508267991,nan,nan
emnist_letters,topk_softmax_025,7,5,0.5197358727455139,0.8455833333333334,0.8451824439747226,0.4815306676195023,0.25999999046325684,2.503205753387289,nan,nan
emnist_letters,topk_softmax_025,7,6,0.4770534038543701,0.84625,0.8465416452199979,0.4603648908594821,0.25999999046325684,2.5022252240079514,nan,nan
emnist_letters,topk_softmax_025,7,7,0.4378308355808258,0.8654166666666666,0.8648219794491749,0.40296658302875277,0.25999999046325684,2.4975847386299295,nan,nan
emnist_letters,topk_softmax_025,7,8,0.4051401615142822,0.8711666666666666,0.871997933115215,0.39297178070595923,0.25999999046325684,2.4972717305447194,nan,nan
emnist_letters,topk_softmax_025,7,9,0.3795502781867981,0.882,0.8824808217885016,0.3628628998994827,0.25999999046325684,2.494741442355704,nan,nan
emnist_letters,topk_softmax_025,7,10,0.3627055883407593,0.8821666666666667,0.8822632121670849,0.3634426692064772,0.25999999046325684,2.4974684918180423,nan,nan
emnist_letters,topk_softmax_025,7,11,0.339886873960495,0.8891666666666667,0.8889913047521575,0.3406580283920816,0.25999999046325684,2.4968491412223655,nan,nan
emnist_letters,topk_softmax_025,7,12,0.3235020935535431,0.8905,0.890941672991848,0.332791324625624,0.25999999046325684,2.4951623551389006,nan,nan
emnist_letters,topk_softmax_025,7,13,0.31326577067375183,0.8969166666666667,0.8973020032757888,0.3129518409358694,0.25999999046325684,2.4939349230299603,nan,nan
emnist_letters,topk_softmax_025,7,14,0.30441588163375854,0.8926666666666667,0.8929522261390642,0.3315308633002829,0.25999999046325684,2.4929832245441195,nan,nan
emnist_letters,topk_softmax_025,7,15,0.2886767089366913,0.89725,0.8974382022071379,0.31137416464217166,0.25999999046325684,2.491194935555154,nan,nan
emnist_letters,topk_softmax_025,7,16,0.2788375914096832,0.8995,0.8998821950583806,0.31226944194195116,0.25999999046325684,2.4879005919111536,nan,nan
emnist_letters,topk_softmax_025,7,17,0.26556622982025146,0.8995833333333333,0.8997266726624128,0.3016551539618918,0.25999999046325684,2.4850068548892406,nan,nan
emnist_letters,topk_softmax_025,7,18,0.2637442350387573,0.9025833333333333,0.902862609002107,0.2991079443946798,0.25999999046325684,2.485630621301367,nan,nan
emnist_letters,topk_softmax_025,7,19,0.254564106464386,0.899,0.8994916013553655,0.3053071546427747,0.25999999046325684,2.4831986148306666,nan,nan
emnist_letters,topk_softmax_025,7,20,0.24866481125354767,0.90425,0.9044714843493892,0.2935007588660463,0.25999999046325684,2.4779401763956597,nan,nan
emnist_letters,topk_softmax_025,7,21,0.24253937602043152,0.90275,0.9029944732304016,0.2936046389823264,0.25999999046325684,2.473840480155133,nan,nan
emnist_letters,topk_softmax_025,7,22,0.23074571788311005,0.9076666666666666,0.9078771875778349,0.2922311932482618,0.25999999046325684,2.4761616651048053,nan,nan
emnist_letters,topk_softmax_025,7,23,0.2306046336889267,0.9009166666666667,0.9001001719477432,0.29512756587343014,0.25999999046325684,2.472976245778672,nan,nan
emnist_letters,topk_softmax_025,7,24,0.22005021572113037,0.9073333333333333,0.9072660714171564,0.28980055895257506,0.25999999046325684,2.4690604691809797,nan,nan
emnist_letters,topk_softmax_025,7,25,0.21449244022369385,0.9045,0.9047991508213935,0.2972098684057276,0.25999999046325684,2.472075107249808,nan,nan
emnist_letters,topk_softmax_025,7,26,0.207954540848732,0.90775,0.907727932623112,0.284764548882525,0.25999999046325684,2.463770574711739,nan,nan
emnist_letters,topk_softmax_025,7,27,0.21177619695663452,0.9076666666666666,0.9077900186219021,0.291447769454185,0.25999999046325684,2.4646346492970244,nan,nan
emnist_letters,topk_softmax_025,7,28,0.2085340917110443,0.9099166666666667,0.9102015743034154,0.2842560870216248,0.25999999046325684,2.4634366162279817,nan,nan
emnist_letters,topk_softmax_025,7,29,0.20154142379760742,0.909,0.90923530919575,0.2870369918168859,0.25999999046325684,2.459416178946799,nan,nan
emnist_letters,topk_softmax_025,8,0,2.354875326156616,0.517,0.5031311144309802,1.5450742117902065,0.25999999046325684,2.5477854901171746,nan,nan
emnist_letters,topk_softmax_025,8,1,1.2509846687316895,0.7024166666666667,0.7011591922002395,0.9516381684769976,0.25999999046325684,2.5431252210698228,nan,nan
emnist_letters,topk_softmax_025,8,2,0.8975794911384583,0.7689166666666667,0.7682951516521391,0.7184596949435295,0.25999999046325684,2.5365933813947312,nan,nan
emnist_letters,topk_softmax_025,8,3,0.7054506540298462,0.8066666666666666,0.8031695658758561,0.6011270620721452,0.25999999046325684,2.528452127537829,nan,nan
emnist_letters,topk_softmax_025,8,4,0.5949488878250122,0.8335833333333333,0.8309572553847483,0.523261658688809,0.25999999046325684,2.523070396261012,nan,nan
emnist_letters,topk_softmax_025,8,5,0.5179867148399353,0.8629166666666667,0.8617941016613191,0.4275458981382086,0.25999999046325684,2.5193750046669168,nan,nan
emnist_letters,topk_softmax_025,8,6,0.46088600158691406,0.8681666666666666,0.8674655443131001,0.4095351474082216,0.25999999046325684,2.5151784851195966,nan,nan
emnist_letters,topk_softmax_025,8,7,0.4226141571998596,0.8803333333333333,0.8793407957812233,0.37494204526251934,0.25999999046325684,2.505936138173367,nan,nan
emnist_letters,topk_softmax_025,8,8,0.3974541127681732,0.8806666666666667,0.8796083578030192,0.3659870446996486,0.25999999046325684,2.504440835181703,nan,nan
emnist_letters,topk_softmax_025,8,9,0.36606839299201965,0.89275,0.8919927374271794,0.3311982497255853,0.25999999046325684,2.4982258690164443,nan,nan
emnist_letters,topk_softmax_025,8,10,0.3491511940956116,0.8878333333333334,0.8871549288757137,0.342532845887732,0.25999999046325684,2.4958932070021933,nan,nan
emnist_letters,topk_softmax_025,8,11,0.3232021927833557,0.8881666666666667,0.887440864770408,0.3352573098654443,0.25999999046325684,2.4993607160892894,nan,nan
emnist_letters,topk_softmax_025,8,12,0.3148157596588135,0.8999166666666667,0.8989588819249259,0.2973801591928969,0.25999999046325684,2.496688426809108,nan,nan
emnist_letters,topk_softmax_025,8,13,0.30147337913513184,0.8950833333333333,0.8939791385865576,0.314131571574414,0.25999999046325684,2.498281308945189,nan,nan
emnist_letters,topk_softmax_025,8,14,0.29010653495788574,0.8963333333333333,0.8948230213135844,0.30886454531487,0.25999999046325684,2.4953023347448795,nan,nan
emnist_letters,topk_softmax_025,8,15,0.27567973732948303,0.9061666666666667,0.9052551086434367,0.28176147031023147,0.25999999046325684,2.4948060334996973,nan,nan
emnist_letters,topk_softmax_025,8,16,0.2667013108730316,0.90675,0.9061128375206325,0.28289617915102777,0.25999999046325684,2.4918194146866495,nan,nan
emnist_letters,topk_softmax_025,8,17,0.2626988887786865,0.9088333333333334,0.9080640337192689,0.28104862380535045,0.25999999046325684,2.4931129978058184,nan,nan
emnist_letters,topk_softmax_025,8,18,0.2511122226715088,0.9103333333333333,0.9095948020049873,0.2749020888450298,0.25999999046325684,2.4903185037856406,nan,nan
emnist_letters,topk_softmax_025,8,19,0.24461787939071655,0.9093333333333333,0.9082245034523677,0.27427342755997436,0.25999999046325684,2.4872152906783085,nan,nan
emnist_letters,topk_softmax_025,8,20,0.24304135143756866,0.9060833333333334,0.9052349008196307,0.28128185709740255,0.25999999046325684,2.48636668286425,nan,nan
emnist_letters,topk_softmax_025,8,21,0.2309800535440445,0.9148333333333334,0.9139447173607317,0.26522573194605237,0.25999999046325684,2.4824312367337815,nan,nan
emnist_letters,topk_softmax_025,8,22,0.22683121263980865,0.9135,0.9125996622019878,0.27065018294973575,0.25999999046325684,2.478465808198807,nan,nan
emnist_letters,topk_softmax_025,8,23,0.22301138937473297,0.9120833333333334,0.9114445208636069,0.27415103227534193,0.25999999046325684,2.4820104862781283,nan,nan
emnist_letters,topk_softmax_025,8,24,0.21895454823970795,0.91375,0.9129765372297018,0.2623595322700257,0.25999999046325684,2.4829737708923663,nan,nan
emnist_letters,topk_softmax_025,8,25,0.21017570793628693,0.9044166666666666,0.9028867065214384,0.28636469168865936,0.25999999046325684,2.4781962404859827,nan,nan
emnist_letters,topk_softmax_025,8,26,0.21065187454223633,0.9175833333333333,0.9170160371251956,0.2576026440934932,0.25999999046325684,2.4791770919840386,nan,nan
emnist_letters,topk_softmax_025,8,27,0.20196491479873657,0.915,0.9141940040519405,0.2649546059522223,0.25999999046325684,2.482243799148722,nan,nan
emnist_letters,topk_softmax_025,8,28,0.1949472725391388,0.91125,0.9103447742595396,0.2809777323235857,0.25999999046325684,2.4753889225898904,nan,nan
emnist_letters,topk_softmax_025,8,29,0.19565431773662567,0.9089166666666667,0.9081420057503007,0.29163189390872385,0.25999999046325684,2.4769987349814557,nan,nan
emnist_letters,topk_softmax_025,9,0,2.4458353519439697,0.4646666666666667,0.4504374689363416,1.6603346505063645,0.25999999046325684,2.538752068864538,nan,nan
emnist_letters,topk_softmax_025,9,1,1.3031964302062988,0.69,0.6858112182750558,0.9774975789354202,0.25999999046325684,2.5424345503462122,nan,nan
emnist_letters,topk_softmax_025,9,2,0.9051581025123596,0.7600833333333333,0.758297126867896,0.7315787254495824,0.25999999046325684,2.5386975952919495,nan,nan
emnist_letters,topk_softmax_025,9,3,0.7104544043540955,0.8125,0.8122457727292965,0.5759676847052067,0.25999999046325684,2.535876236063369,nan,nan
emnist_letters,topk_softmax_025,9,4,0.5800129771232605,0.8225,0.8231134838850713,0.5385052092531895,0.25999999046325684,2.5355859690524163,nan,nan
emnist_letters,topk_softmax_025,9,5,0.5037394165992737,0.85025,0.850063205675605,0.45508087061821145,0.25999999046325684,2.5319721724124666,nan,nan
emnist_letters,topk_softmax_025,9,6,0.4535122215747833,0.8641666666666666,0.862989874488069,0.40815237608361754,0.25999999046325684,2.528291159487785,nan,nan
emnist_letters,topk_softmax_025,9,7,0.40931567549705505,0.8655,0.8643441483560133,0.3897256527809387,0.25999999046325684,2.5235751486839133,nan,nan
emnist_letters,topk_softmax_025,9,8,0.3786454498767853,0.8795,0.8788362590355803,0.36704248950836504,0.25999999046325684,2.521683561041,nan,nan
emnist_letters,topk_softmax_025,9,9,0.3524399995803833,0.88325,0.8825969655885593,0.34417588850285147,0.25999999046325684,2.519409402887872,nan,nan
emnist_letters,topk_softmax_025,9,10,0.33518776297569275,0.8903333333333333,0.8902320081898465,0.3302962250531988,0.25999999046325684,2.514276342189058,nan,nan
emnist_letters,topk_softmax_025,9,11,0.31970423460006714,0.8904166666666666,0.8897203401088116,0.32897980035619534,0.25999999046325684,2.5122777756224286,nan,nan
emnist_letters,topk_softmax_025,9,12,0.303057461977005,0.8936666666666667,0.8931886345348355,0.3199433164393648,0.25999999046325684,2.5104720516407744,nan,nan
emnist_letters,topk_softmax_025,9,13,0.29546377062797546,0.897,0.896568108431485,0.3079761114526302,0.25999999046325684,2.506113861469512,nan,nan
emnist_letters,topk_softmax_025,9,14,0.2850164771080017,0.9004166666666666,0.8997248277068242,0.29583858048662226,0.25999999046325684,2.506196975708008,nan,nan
emnist_letters,topk_softmax_025,9,15,0.2700068950653076,0.9020833333333333,0.9015448756456897,0.293471135040547,0.25999999046325684,2.5016312548454773,nan,nan
emnist_letters,topk_softmax_025,9,16,0.2635716199874878,0.903,0.9025903926621507,0.29112870198615054,0.25999999046325684,2.503085897323933,nan,nan
emnist_letters,topk_softmax_025,9,17,0.2552317976951599,0.9025,0.9020927310384658,0.29188149913828426,0.25999999046325684,2.497652789379688,nan,nan
emnist_letters,topk_softmax_025,9,18,0.2476336807012558,0.9046666666666666,0.9044168937121978,0.29309758417149806,0.25999999046325684,2.4949198783712183,nan,nan
emnist_letters,topk_softmax_025,9,19,0.24506612122058868,0.90525,0.9052597113353215,0.28774744082004466,0.25999999046325684,2.4949278019844217,nan,nan
emnist_letters,topk_softmax_025,9,20,0.23659713566303253,0.9068333333333334,0.9062698651264528,0.2867199892693378,0.25999999046325684,2.4905473069941744,nan,nan
emnist_letters,topk_softmax_025,9,21,0.23025991022586823,0.9090833333333334,0.9088752805411608,0.281864972824746,0.25999999046325684,2.4944352976819304,nan,nan
emnist_letters,topk_softmax_025,9,22,0.22481290996074677,0.9076666666666666,0.9076869543599991,0.28621596668628935,0.25999999046325684,2.489394857528362,nan,nan
emnist_letters,topk_softmax_025,9,23,0.21872927248477936,0.90775,0.907178629050365,0.28156021712942325,0.25999999046325684,2.489225222709331,nan,nan
emnist_letters,topk_softmax_025,9,24,0.21289099752902985,0.90875,0.9082030931523728,0.28198491258824127,0.25999999046325684,2.4816142143087183,nan,nan
emnist_letters,topk_softmax_025,9,25,0.21165595948696136,0.9055,0.9052890998028553,0.28785427136624114,0.25999999046325684,2.48383510620036,nan,nan
emnist_letters,topk_softmax_025,9,26,0.20624512434005737,0.9094166666666667,0.9090624860890825,0.2797840589538534,0.25999999046325684,2.4842838860572654,nan,nan
emnist_letters,topk_softmax_025,9,27,0.20437294244766235,0.9093333333333333,0.9091007925870509,0.2798875906365983,0.25999999046325684,2.481111300752518,nan,nan
emnist_letters,topk_softmax_025,9,28,0.19556719064712524,0.9086666666666666,0.9080325140221841,0.28502770751080614,0.25999999046325684,2.4815888201936764,nan,nan
emnist_letters,topk_softmax_025,9,29,0.195719912648201,0.9104166666666667,0.9101091229538061,0.27725902104631384,0.25999999046325684,2.474842591488615,nan,nan
emnist_letters,topk_softmax_05,0,0,2.42419695854187,0.4945833333333333,0.4830787629476459,1.6339981429120327,0.5,3.1735319076700415,nan,nan
emnist_letters,topk_softmax_05,0,1,1.3817843198776245,0.6498333333333334,0.6443512763988356,1.103679785068999,0.5,3.1604877735706087,nan,nan
emnist_letters,topk_softmax_05,0,2,1.0110567808151245,0.71725,0.7130225868880784,0.8860653600794204,0.5,3.156680089362124,nan,nan
emnist_letters,topk_softmax_05,0,3,0.8151512742042542,0.7680833333333333,0.7661232691197308,0.7159790066962547,0.5,3.15077487458574,nan,nan
emnist_letters,topk_softmax_05,0,4,0.683754026889801,0.8119166666666666,0.8103109936213292,0.576075349082338,0.5,3.1430444920316654,nan,nan
emnist_letters,topk_softmax_05,0,5,0.5954782366752625,0.8380833333333333,0.8367587875185722,0.5034052564742717,0.5,3.1339775932596083,nan,nan
emnist_letters,topk_softmax_05,0,6,0.5276249051094055,0.8525,0.8515752571371167,0.452857512742915,0.5,3.130299284103069,nan,nan
emnist_letters,topk_softmax_05,0,7,0.4748142659664154,0.8525833333333334,0.8510469563836683,0.45154985151392346,0.5,3.1239275323583726,nan,nan
emnist_letters,topk_softmax_05,0,8,0.4326220154762268,0.8708333333333333,0.8696462002894401,0.3908353796664705,0.5,3.121218052316219,nan,nan
emnist_letters,topk_softmax_05,0,9,0.4039177894592285,0.8768333333333334,0.8746950181992357,0.3776571617481556,0.5,3.118441046552455,nan,nan
emnist_letters,topk_softmax_05,0,10,0.3790265917778015,0.88275,0.8821495617913081,0.35974540006607136,0.5,3.1146819287158074,nan,nan
emnist_letters,topk_softmax_05,0,11,0.3585304319858551,0.88875,0.8877003576098645,0.3337666588894864,0.5,3.112776667513746,nan,nan
emnist_letters,topk_softmax_05,0,12,0.3385735750198364,0.89275,0.8916177794743767,0.32456055473774037,0.5,3.112213314847743,nan,nan
emnist_letters,topk_softmax_05,0,13,0.3187856674194336,0.8968333333333334,0.8956050387449253,0.3144923321744229,0.5,3.107420708270783,nan,nan
emnist_letters,topk_softmax_05,0,14,0.3095416724681854,0.898,0.8965505527735634,0.3125038831791979,0.5,3.1038746909892305,nan,nan
emnist_letters,topk_softmax_05,0,15,0.2982657849788666,0.8940833333333333,0.8923566949105255,0.3205882234776274,0.5,3.1056826799473862,nan,nan
emnist_letters,topk_softmax_05,0,16,0.28286853432655334,0.9023333333333333,0.901140864847252,0.29888996196554063,0.5,3.097735141186004,nan,nan
emnist_letters,topk_softmax_05,0,17,0.281231552362442,0.9044166666666666,0.9034251786005935,0.28991482866571305,0.5,3.0944593561456557,nan,nan
emnist_letters,topk_softmax_05,0,18,0.2691310942173004,0.9030833333333333,0.9017856762415773,0.3050512081765114,0.5,3.0961047410964966,nan,nan
emnist_letters,topk_softmax_05,0,19,0.26123982667922974,0.904,0.9030021811681899,0.29362572317427776,0.5,3.0970136358382856,nan,nan
emnist_letters,topk_softmax_05,0,20,0.24966898560523987,0.90825,0.9071236725020847,0.2835615768711618,0.5,3.0927245566185486,nan,nan
emnist_letters,topk_softmax_05,0,21,0.24760226905345917,0.9093333333333333,0.9083052165417325,0.28343775646483643,0.5,3.089684729880475,nan,nan
emnist_letters,topk_softmax_05,0,22,0.23852871358394623,0.9074166666666666,0.9061893275655157,0.2822490486692875,0.5,3.088840991892713,nan,nan
emnist_letters,topk_softmax_05,0,23,0.23278121650218964,0.9055833333333333,0.903891942908968,0.30100908273078025,0.5,3.086297699745665,nan,nan
emnist_letters,topk_softmax_05,0,24,0.23191146552562714,0.9093333333333333,0.9084928203700777,0.29341714718240375,0.5,3.086436839813882,nan,nan
emnist_letters,topk_softmax_05,0,25,0.22234667837619781,0.9111666666666667,0.9099348062244333,0.2795188991313285,0.5,3.084976764435464,nan,nan
emnist_letters,topk_softmax_05,0,26,0.2190168797969818,0.9105,0.9091765173624674,0.27974825938965414,0.5,3.0809731432732117,nan,nan
emnist_letters,topk_softmax_05,0,27,0.21721263229846954,0.91475,0.9133686109883288,0.2722681925651875,0.5,3.085413747645439,nan,nan
emnist_letters,topk_softmax_05,0,28,0.20822349190711975,0.9113333333333333,0.9101715144826603,0.27916376689013017,0.5,3.0898140060140733,nan,nan
emnist_letters,topk_softmax_05,0,29,0.20155788958072662,0.9154166666666667,0.914260596132,0.2663549428924601,0.5,3.088578617319148,nan,nan
emnist_letters,topk_softmax_05,1,0,2.4728894233703613,0.43716666666666665,0.41885269547239845,1.7467707598463018,0.5,3.16092116528369,nan,nan
emnist_letters,topk_softmax_05,1,1,1.3951853513717651,0.6571666666666667,0.655198354275424,1.076980802607029,0.5,3.1650211278428424,nan,nan
emnist_letters,topk_softmax_05,1,2,0.9806256294250488,0.7435,0.7383879463709023,0.8002039955017415,0.5,3.150773783947559,nan,nan
emnist_letters,topk_softmax_05,1,3,0.7780613899230957,0.7790833333333333,0.7796510576479351,0.6718577083120955,0.5,3.145091051750995,nan,nan
emnist_letters,topk_softmax_05,1,4,0.6516662836074829,0.826,0.825327659281068,0.5309580703999134,0.5,3.1395411618212434,nan,nan
emnist_letters,topk_softmax_05,1,5,0.5596952438354492,0.8435833333333334,0.843552302993504,0.48204505316754603,0.5,3.1414096253983517,nan,nan
emnist_letters,topk_softmax_05,1,6,0.49421796202659607,0.8356666666666667,0.8361606714574564,0.476459487321529,0.5,3.1338873898729367,nan,nan
emnist_letters,topk_softmax_05,1,7,0.4492589235305786,0.8595833333333334,0.8601390540429583,0.4191123494442473,0.5,3.1246122984175986,nan,nan
emnist_letters,topk_softmax_05,1,8,0.4126156270503998,0.87425,0.8745828138275941,0.3834650529191849,0.5,3.124337523541552,nan,nan
emnist_letters,topk_softmax_05,1,9,0.38769838213920593,0.8790833333333333,0.8792154375356489,0.3657273529691899,0.5,3.122221936570837,nan,nan
emnist_letters,topk_softmax_05,1,10,0.3622293174266815,0.8926666666666667,0.8928155193460104,0.33023549996792,0.5,3.1230103842755583,nan,nan
emnist_letters,topk_softmax_05,1,11,0.3430301547050476,0.8933333333333333,0.8936675568730386,0.3180722819363817,0.5,3.119972939186908,nan,nan
emnist_letters,topk_softmax_05,1,12,0.32232633233070374,0.8950833333333333,0.8946010723809306,0.3162239048075169,0.5,3.119661640613637,nan,nan
emnist_letters,topk_softmax_05,1,13,0.31592655181884766,0.8950833333333333,0.8949854730501398,0.3184182926061306,0.5,3.1137498414262814,nan,nan
emnist_letters,topk_softmax_05,1,14,0.2966243028640747,0.8999166666666667,0.8998507563967718,0.299426849535171,0.5,3.112987881011151,nan,nan
emnist_letters,topk_softmax_05,1,15,0.2918104827404022,0.8971666666666667,0.896489771438589,0.30545585840306383,0.5,3.103659891067667,nan,nan
emnist_letters,topk_softmax_05,1,16,0.28047314286231995,0.9076666666666666,0.9075990808482731,0.28359292796317565,0.5,3.1032698839268784,nan,nan
emnist_letters,topk_softmax_05,1,17,0.2657090127468109,0.90525,0.9055498196790439,0.2907681052989148,0.5,3.1004673344023685,nan,nan
emnist_letters,topk_softmax_05,1,18,0.26508161425590515,0.9129166666666667,0.9131463430669857,0.2805161777328938,0.5,3.0963512075708266,nan,nan
emnist_letters,topk_softmax_05,1,19,0.2526491582393646,0.9068333333333334,0.9067488423206098,0.28111819796105647,0.5,3.0949891425193625,nan,nan
emnist_letters,topk_softmax_05,1,20,0.24936160445213318,0.91125,0.9113667987986191,0.26446135342121124,0.5,3.0981750183917107,nan,nan
emnist_letters,topk_softmax_05,1,21,0.23896414041519165,0.9131666666666667,0.9133445953207944,0.2627751570432744,0.5,3.0920985455208636,nan,nan
emnist_letters,topk_softmax_05,1,22,0.23067797720432281,0.9069166666666667,0.9069848604509722,0.2812017690628133,0.5,3.092929129904889,nan,nan
emnist_letters,topk_softmax_05,1,23,0.23236121237277985,0.9130833333333334,0.9128708232797768,0.26264565707521237,0.5,3.0933359658464474,nan,nan
emnist_letters,topk_softmax_05,1,24,0.2201729118824005,0.9140833333333334,0.9143991455045817,0.26802939525310027,0.5,3.0853611738123794,nan,nan
emnist_letters,topk_softmax_05,1,25,0.2167467474937439,0.9106666666666666,0.9107133432914671,0.2770379962439233,0.5,3.0969538384295525,nan,nan
emnist_letters,topk_softmax_05,1,26,0.21502013504505157,0.9155,0.9156207445600295,0.2539059465869944,0.5,3.0896714139491954,nan,nan
emnist_letters,topk_softmax_05,1,27,0.2109231948852539,0.918,0.9182800959827712,0.2542122428087478,0.5,3.08755949456641,nan,nan
emnist_letters,topk_softmax_05,1,28,0.2030254304409027,0.9145,0.9147228973091475,0.26633583484811985,0.5,3.082320601382154,nan,nan
emnist_letters,topk_softmax_05,1,29,0.2017066776752472,0.9180833333333334,0.9180626956797457,0.25873021527807766,0.5,3.0753732716783566,nan,nan
emnist_letters,topk_softmax_05,2,0,2.4230611324310303,0.48775,0.4782027004921817,1.6362272932174358,0.5,3.1498553473898707,nan,nan
emnist_letters,topk_softmax_05,2,1,1.357132911682129,0.6629166666666667,0.6646768947328565,1.071459027046853,0.5,3.1610693145305553,nan,nan
emnist_letters,topk_softmax_05,2,2,0.976225733757019,0.746,0.7469555523088709,0.8026966820371911,0.5,3.1622086129289992,nan,nan
emnist_letters,topk_softmax_05,2,3,0.7886690497398376,0.7881666666666667,0.7885616708910147,0.6652269338039641,0.5,3.1510167908161244,nan,nan
emnist_letters,topk_softmax_05,2,4,0.6630669832229614,0.8086666666666666,0.809941327969004,0.5927923695838198,0.5,3.1462919965703438,nan,nan
emnist_letters,topk_softmax_05,2,5,0.5715208649635315,0.8445,0.8450193219620653,0.4859765818778505,0.5,3.1508325363727328,nan,nan
emnist_letters,topk_softmax_05,2,6,0.5135573744773865,0.854,0.8543413619420507,0.452286422886747,0.5,3.1363366842269897,nan,nan
emnist_letters,topk_softmax_05,2,7,0.4652439057826996,0.8625,0.8620967747812818,0.4081827715990391,0.5,3.1372428675915334,nan,nan
emnist_letters,topk_softmax_05,2,8,0.42547792196273804,0.8701666666666666,0.8707841646883595,0.3880159423706379,0.5,3.130823335749038,nan,nan
emnist_letters,topk_softmax_05,2,9,0.3922312259674072,0.8791666666666667,0.8790029036703051,0.3698390249876266,0.5,3.1269381426750344,nan,nan
emnist_letters,topk_softmax_05,2,10,0.3783195912837982,0.8805,0.8801746041074856,0.3641344838319941,0.5,3.128026493052219,nan,nan
emnist_letters,topk_softmax_05,2,11,0.3545359969139099,0.8941666666666667,0.8943662424289827,0.3167067893007968,0.5,3.122853324768391,nan,nan
emnist_letters,topk_softmax_05,2,12,0.3322426974773407,0.8949166666666667,0.894941098771558,0.3221064228960808,0.5,3.120933416041922,nan,nan
emnist_letters,topk_softmax_05,2,13,0.31841444969177246,0.8884166666666666,0.8886955016192053,0.33589035906690234,0.5,3.1189707314714474,nan,nan
emnist_letters,topk_softmax_05,2,14,0.30792000889778137,0.8975833333333333,0.898144476325874,0.31019079114528414,0.5,3.1124844272085963,nan,nan
emnist_letters,topk_softmax_05,2,15,0.2980540692806244,0.9015,0.9018939896779699,0.2957106996723946,0.5,3.1118073640985693,nan,nan
emnist_letters,topk_softmax_05,2,16,0.2831132709980011,0.9003333333333333,0.9006481996942035,0.3027147580968573,0.5,3.1087899030523096,nan,nan
emnist_letters,topk_softmax_05,2,17,0.2759115695953369,0.9006666666666666,0.900811065414628,0.2980326921381849,0.5,3.113562307459243,nan,nan
emnist_letters,topk_softmax_05,2,18,0.2655934691429138,0.9025833333333333,0.9028191203911242,0.2965683163480556,0.5,3.1082895791276974,nan,nan
emnist_letters,topk_softmax_05,2,19,0.2591443955898285,0.9009166666666667,0.901110605720234,0.291225107743385,0.5,3.102972525231382,nan,nan
emnist_letters,topk_softmax_05,2,20,0.25443053245544434,0.9045833333333333,0.9049359122662314,0.28729335773498454,0.5,3.1064058390069516,nan,nan
emnist_letters,topk_softmax_05,2,21,0.24014770984649658,0.9049166666666667,0.9046550870918375,0.2836605262883166,0.5,3.1033920252576785,nan,nan
emnist_letters,topk_softmax_05,2,22,0.24200288951396942,0.90125,0.9008452996919026,0.29256631592486765,0.5,3.1037486487246575,nan,nan
emnist_letters,topk_softmax_05,2,23,0.23072931170463562,0.911,0.9111910606497021,0.274768665749976,0.5,3.1038951899142977,nan,nan
emnist_letters,topk_softmax_05,2,24,0.22632236778736115,0.9108333333333334,0.911043078003827,0.27494522865782395,0.5,3.104744835102812,nan,nan
emnist_letters,topk_softmax_05,2,25,0.22535011172294617,0.91125,0.9110963822827898,0.27294998663537046,0.5,3.10176397638118,nan,nan
emnist_letters,topk_softmax_05,2,26,0.21362009644508362,0.9083333333333333,0.9085570275235422,0.2794011140123327,0.5,3.104849670795684,nan,nan
emnist_letters,topk_softmax_05,2,27,0.2141532599925995,0.91125,0.9110429525459012,0.27370034316752817,0.5,3.1057927532398955,nan,nan
emnist_letters,topk_softmax_05,2,28,0.20995616912841797,0.9135833333333333,0.9138103820059483,0.2680879354159883,0.5,3.1050206651078893,nan,nan
emnist_letters,topk_softmax_05,2,29,0.20262110233306885,0.9119166666666667,0.9118268666782966,0.2775149469045883,0.5,3.0991777029443295,nan,nan
emnist_letters,topk_softmax_05,3,0,2.528183698654175,0.4485,0.43895833469234,1.7584196633480964,0.5,3.1840425932661014,nan,nan
emnist_letters,topk_softmax_05,3,1,1.3299109935760498,0.6799166666666666,0.6764468014792355,1.0111457439179117,0.5,3.1770080480169742,nan,nan
emnist_letters,topk_softmax_05,3,2,0.9640914797782898,0.7473333333333333,0.7467163869280442,0.7880469243577186,0.5,3.1662605316080947,nan,nan
emnist_letters,topk_softmax_05,3,3,0.7884613871574402,0.788,0.7855193597837455,0.657691201631059,0.5,3.1565541891341513,nan,nan
emnist_letters,topk_softmax_05,3,4,0.6567301750183105,0.83325,0.8315807679187261,0.5176399045802177,0.5,3.1488312432106507,nan,nan
emnist_letters,topk_softmax_05,3,5,0.5706396698951721,0.8356666666666667,0.8339167101493513,0.5122322630374989,0.5,3.143472739990721,nan,nan
emnist_letters,topk_softmax_05,3,6,0.5103359818458557,0.8518333333333333,0.8505890243571255,0.4496012444191791,0.5,3.1380916732422848,nan,nan
emnist_letters,topk_softmax_05,3,7,0.45956024527549744,0.8543333333333333,0.8522319903192073,0.4316312245866086,0.5,3.131807986726152,nan,nan
emnist_letters,topk_softmax_05,3,8,0.4241957366466522,0.8748333333333334,0.8747477841279144,0.3851749662389147,0.5,3.1327017469609038,nan,nan
emnist_letters,topk_softmax_05,3,9,0.39254069328308105,0.88675,0.8859991893897365,0.34556554352983515,0.5,3.1274691211416368,nan,nan
emnist_letters,topk_softmax_05,3,10,0.3743036091327667,0.8826666666666667,0.8820555002435827,0.3607596197026841,0.5,3.1226362142157047,nan,nan
emnist_letters,topk_softmax_05,3,11,0.35046565532684326,0.883,0.8824779897517304,0.3551533098550553,0.5,3.1212313352747167,nan,nan
emnist_letters,topk_softmax_05,3,12,0.34110915660858154,0.8946666666666667,0.8943671402192946,0.3285238416271007,0.5,3.121817850052042,nan,nan
emnist_letters,topk_softmax_05,3,13,0.31960535049438477,0.9003333333333333,0.900439995262513,0.30461286896086753,0.5,3.1177241929033968,nan,nan
emnist_letters,topk_softmax_05,3,14,0.31035128235816956,0.8953333333333333,0.8955894075736932,0.3160480004041753,0.5,3.117659441968228,nan,nan
emnist_letters,topk_softmax_05,3,15,0.30223172903060913,0.90025,0.9001183947524236,0.3074354326471369,0.5,3.112132932277436,nan,nan
emnist_letters,topk_softmax_05,3,16,0.28831204771995544,0.9014166666666666,0.9007732841063197,0.30367452825637575,0.5,3.1063027939897903,nan,nan
emnist_letters,topk_softmax_05,3,17,0.2822171449661255,0.9050833333333334,0.9053591469050044,0.2942536844218031,0.4999999740022294,3.1063546322761697,nan,nan
emnist_letters,topk_softmax_05,3,18,0.2687613368034363,0.9075833333333333,0.9073631475718579,0.2789537681544081,0.4999999955613562,3.1108604999298746,nan,nan
emnist_letters,topk_softmax_05,3,19,0.2610820531845093,0.9055,0.9056582442379663,0.29277923354443086,0.4999999866840687,3.1060319707748736,nan,nan
emnist_letters,topk_softmax_05,3,20,0.25418558716773987,0.9106666666666666,0.9102450322568973,0.27904684080722486,0.49999980533376653,3.097026492686982,nan,nan
emnist_letters,topk_softmax_05,3,21,0.24958635866641998,0.9099166666666667,0.9095966630971302,0.2737328311864366,0.49999998256247097,3.1007434002896574,nan,nan
emnist_letters,topk_softmax_05,3,22,0.24550150334835052,0.90925,0.908905941101857,0.28439994156360626,0.4999999784408732,3.09978826756173,nan,nan
emnist_letters,topk_softmax_05,3,23,0.2415531724691391,0.9075833333333333,0.9072393307895137,0.2852780096074368,0.49999981072354827,3.094664842524427,nan,nan
emnist_letters,topk_softmax_05,3,24,0.2288345843553543,0.9115833333333333,0.9114099981442656,0.2705600975041694,0.49999998256247097,3.099394009468403,nan,nan
emnist_letters,topk_softmax_05,3,25,0.2230294793844223,0.9120833333333334,0.9118988334827329,0.2664561239962882,0.49999990298392927,3.093429281356487,nan,nan
emnist_letters,topk_softmax_05,3,26,0.220088928937912,0.9125,0.9119608680228057,0.27102509172672923,0.49999990234983727,3.092945357586475,nan,nan
emnist_letters,topk_softmax_05,3,27,0.2154221087694168,0.9084166666666667,0.9081431005198989,0.28579742350476856,0.49999991947032035,3.0932509087501687,nan,nan
emnist_letters,topk_softmax_05,3,28,0.21387578547000885,0.91025,0.9096282004538595,0.2677746332706289,0.4999999784408732,3.095821832088714,nan,nan
emnist_letters,topk_softmax_05,3,29,0.20652706921100616,0.9133333333333333,0.9130014768880483,0.27141051977238756,0.49999981864969784,3.0915319970313537,nan,nan
emnist_letters,topk_softmax_05,4,0,2.510063648223877,0.5204166666666666,0.5148579975899192,1.5871929640465594,0.5,3.191844148838774,nan,nan
emnist_letters,topk_softmax_05,4,1,1.2787609100341797,0.69,0.6915277820812074,0.967438834778806,0.5,3.1830776245036025,nan,nan
emnist_letters,topk_softmax_05,4,2,0.9161671996116638,0.7585,0.7562791191717806,0.7465916567660392,0.5,3.1701008056072477,nan,nan
emnist_letters,topk_softmax_05,4,3,0.7398431301116943,0.8076666666666666,0.8069879855107013,0.5857155342051323,0.5,3.1661400287709336,nan,nan
emnist_letters,topk_softmax_05,4,4,0.6115986108779907,0.8281666666666667,0.8289263140340017,0.5218951594322285,0.5,3.166760226513477,nan,nan
emnist_letters,topk_softmax_05,4,5,0.537100613117218,0.8559166666666667,0.856100482067218,0.43239382416643996,0.5,3.160274477715188,nan,nan
emnist_letters,topk_softmax_05,4,6,0.47171708941459656,0.8511666666666666,0.8533109325417966,0.442423460331369,0.5,3.1536824043760907,nan,nan
emnist_letters,topk_softmax_05,4,7,0.43370988965034485,0.8633333333333333,0.8639899892625469,0.40506946026010715,0.5,3.1469278056570826,nan,nan
emnist_letters,topk_softmax_05,4,8,0.39974328875541687,0.87925,0.8791030772752167,0.36210388071993566,0.5,3.143457719620238,nan,nan
emnist_letters,topk_softmax_05,4,9,0.3680194914340973,0.8881666666666667,0.8880664246498817,0.32562241719124163,0.5,3.1403166182497713,nan,nan
emnist_letters,topk_softmax_05,4,10,0.3490809202194214,0.89325,0.8938610736603338,0.32268650385927644,0.5,3.134067877810052,nan,nan
emnist_letters,topk_softmax_05,4,11,0.33245205879211426,0.8941666666666667,0.8942998822154766,0.3211927055678469,0.5,3.1361418074749885,nan,nan
emnist_letters,topk_softmax_05,4,12,0.31946632266044617,0.9001666666666667,0.9003711481703344,0.30074640601239305,0.5,3.122693208937949,nan,nan
emnist_letters,topk_softmax_05,4,13,0.3054288327693939,0.8993333333333333,0.8994450507819594,0.3011768415887305,0.5,3.1210989977451082,nan,nan
emnist_letters,topk_softmax_05,4,14,0.29038485884666443,0.8900833333333333,0.8909190814012317,0.3289484270709626,0.5,3.1131995028637824,nan,nan
emnist_letters,topk_softmax_05,4,15,0.28537365794181824,0.901,0.9014082222182492,0.29949794138999697,0.5,3.112070545237115,nan,nan
emnist_letters,topk_softmax_05,4,16,0.2723025679588318,0.902,0.9023438685792576,0.29244682319620824,0.5,3.1086298836038466,nan,nan
emnist_letters,topk_softmax_05,4,17,0.26603859663009644,0.9054166666666666,0.905165106729814,0.27926106465623735,0.5,3.1042176485061646,nan,nan
emnist_letters,topk_softmax_05,4,18,0.25610849261283875,0.9045833333333333,0.9047876056002023,0.2844594602889203,0.5,3.102725013773492,nan,nan
emnist_letters,topk_softmax_05,4,19,0.2512151598930359,0.9089166666666667,0.9094387428903605,0.27255898079973584,0.5,3.1058815844515535,nan,nan
emnist_letters,topk_softmax_05,4,20,0.24474090337753296,0.9045,0.9043726323139006,0.2880762130656141,0.5,3.090795511895038,nan,nan
emnist_letters,topk_softmax_05,4,21,0.23940756916999817,0.9095,0.9096423752287269,0.27501409326462034,0.5,3.0938693031351616,nan,nan
emnist_letters,topk_softmax_05,4,22,0.23464539647102356,0.9101666666666667,0.9099474821433476,0.26714790564902285,0.5,3.0973879606165786,nan,nan
emnist_letters,topk_softmax_05,4,23,0.2257215976715088,0.9125833333333333,0.9127198737735015,0.26817239789252584,0.5,3.0958870852247196,nan,nan
emnist_letters,topk_softmax_05,4,24,0.21972471475601196,0.9151666666666667,0.9156990094056578,0.26085095234373784,0.5,3.093829507523395,nan,nan
emnist_letters,topk_softmax_05,4,25,0.2151660919189453,0.905,0.905001858659994,0.29204238412228034,0.5,3.0889895672493792,nan,nan
emnist_letters,topk_softmax_05,4,26,0.21269066631793976,0.9134166666666667,0.9138719252065415,0.2690113025142791,0.5,3.0963114652227848,nan,nan
emnist_letters,topk_softmax_05,4,27,0.20718082785606384,0.911,0.9110042928006904,0.27004444250401033,0.5,3.093145142210291,nan,nan
emnist_letters,topk_softmax_05,4,28,0.20641259849071503,0.9084166666666667,0.9083743236020188,0.27711481997307313,0.5,3.0888233514542276,nan,nan
emnist_letters,topk_softmax_05,4,29,0.20250971615314484,0.9128333333333334,0.9129076892650997,0.2709164882593967,0.5,3.0972839669978365,nan,nan
emnist_letters,topk_softmax_05,5,0,2.4666225910186768,0.501,0.4724535861541791,1.6041105376913192,0.5,3.1638679960940745,nan,nan
emnist_letters,topk_softmax_05,5,1,1.2858444452285767,0.671,0.6667286022745935,1.0344598141122372,0.5,3.1512600944397295,nan,nan
emnist_letters,topk_softmax_05,5,2,0.9431729912757874,0.7504166666666666,0.748640264115561,0.7867877965277814,0.5,3.1527830920320876,nan,nan
emnist_letters,topk_softmax_05,5,3,0.7767426371574402,0.7856666666666666,0.784128425908654,0.6467870613361927,0.5,3.1538878248092974,nan,nan
emnist_letters,topk_softmax_05,5,4,0.6613147854804993,0.8265,0.8252868044800921,0.537193959697764,0.5,3.1504351052832096,nan,nan
emnist_letters,topk_softmax_05,5,5,0.578502893447876,0.8560833333333333,0.8550147784726797,0.4456882096351461,0.5,3.1464026836638754,nan,nan
emnist_letters,topk_softmax_05,5,6,0.5227185487747192,0.8539166666666667,0.8528745468448515,0.4472219722068056,0.5,3.1380979101708593,nan,nan
emnist_letters,topk_softmax_05,5,7,0.47719720005989075,0.8631666666666666,0.8615408059322754,0.41919280683740656,0.5,3.1358306433292147,nan,nan
emnist_letters,topk_softmax_05,5,8,0.4428237974643707,0.8763333333333333,0.875765980404217,0.38431040562213736,0.5,3.1322247703024684,nan,nan
emnist_letters,topk_softmax_05,5,9,0.4074469208717346,0.88625,0.8861958762638713,0.3429905312492492,0.5,3.1307401023012527,nan,nan
emnist_letters,topk_softmax_05,5,10,0.38070356845855713,0.88525,0.8850871366261882,0.3443210461038224,0.5,3.1268853887598564,nan,nan
emnist_letters,topk_softmax_05,5,11,0.3635476529598236,0.89425,0.8938781692132414,0.32620400063535,0.5,3.1227155365842454,nan,nan
emnist_letters,topk_softmax_05,5,12,0.34296727180480957,0.893,0.8925233877897203,0.32445436081987744,0.5,3.1198618767109325,nan,nan
emnist_letters,topk_softmax_05,5,13,0.3306995928287506,0.8979166666666667,0.8979409214154089,0.31050709745985394,0.5,3.1166470634176378,nan,nan
emnist_letters,topk_softmax_05,5,14,0.3138343393802643,0.902,0.9013493333499016,0.3035983608124104,0.5,3.118231220448271,nan,nan
emnist_letters,topk_softmax_05,5,15,0.30428770184516907,0.9053333333333333,0.9051075345715092,0.28777965554531587,0.5,3.1155605950254075,nan,nan
emnist_letters,topk_softmax_05,5,16,0.29643046855926514,0.9078333333333334,0.9078797104811452,0.2800595316481083,0.5,3.113907367625135,nan,nan
emnist_letters,topk_softmax_05,5,17,0.2845892012119293,0.9035833333333333,0.9036157106348898,0.28847584492982703,0.5,3.1092398293474885,nan,nan
emnist_letters,topk_softmax_05,5,18,0.2745307981967926,0.90425,0.9039868401209294,0.2967359959445101,0.5,3.1092480725430427,nan,nan
emnist_letters,topk_softmax_05,5,19,0.2664639353752136,0.9101666666666667,0.9101060633765068,0.2697175141978771,0.5,3.107360155024427,nan,nan
emnist_letters,topk_softmax_05,5,20,0.25596970319747925,0.9086666666666666,0.908625853093639,0.2704396720262284,0.5,3.1062567868131272,nan,nan
emnist_letters,topk_softmax_05,5,21,0.24856598675251007,0.9106666666666666,0.9107349208093366,0.2679485000194387,0.5,3.1123753912905427,nan,nan
emnist_letters,topk_softmax_05,5,22,0.2481077015399933,0.913,0.91342022361344,0.2643534452357191,0.5,3.105501190144965,nan,nan
emnist_letters,topk_softmax_05,5,23,0.2400503009557724,0.9085,0.908442077603795,0.2769798027708175,0.5,3.103925644083226,nan,nan
emnist_letters,topk_softmax_05,5,24,0.22992947697639465,0.9120833333333334,0.9118924224387117,0.27148689361328776,0.5,3.101790207497617,nan,nan
emnist_letters,topk_softmax_05,5,25,0.2211783081293106,0.9139166666666667,0.9138969509997319,0.26526704367170945,0.5,3.1029037642986217,nan,nan
emnist_letters,topk_softmax_05,5,26,0.22317591309547424,0.9111666666666667,0.9110821459946017,0.2697061151266098,0.5,3.101872680035043,nan,nan
emnist_letters,topk_softmax_05,5,27,0.21624325215816498,0.9165833333333333,0.9163379676300403,0.25312983022725327,0.5,3.1069371674923185,nan,nan
emnist_letters,topk_softmax_05,5,28,0.21319036185741425,0.91325,0.913055344099557,0.2618054525649294,0.5,3.0992509633936782,nan,nan
emnist_letters,topk_softmax_05,5,29,0.21078155934810638,0.9183333333333333,0.9182183044695211,0.2563821603643133,0.5,3.100459542680294,nan,nan
emnist_letters,topk_softmax_05,6,0,2.4647514820098877,0.5001666666666666,0.4895233798122032,1.654235007915091,0.5,3.089349307912461,nan,nan
emnist_letters,topk_softmax_05,6,1,1.2919296026229858,0.684,0.6808538356021702,1.0043141753115552,0.5,3.108548308940644,nan,nan
emnist_letters,topk_softmax_05,6,2,0.9297856092453003,0.7564166666666666,0.7543214540640096,0.7593855439348424,0.5,3.1083502921652286,nan,nan
emnist_letters,topk_softmax_05,6,3,0.740197479724884,0.80175,0.7988414565119452,0.6147419797613266,0.5,3.1111945877683924,nan,nan
emnist_letters,topk_softmax_05,6,4,0.6203516721725464,0.8318333333333333,0.8311609202989891,0.519238237370836,0.5,3.1059175704387907,nan,nan
emnist_letters,topk_softmax_05,6,5,0.5326405763626099,0.8505833333333334,0.8492910477328779,0.45701466152008546,0.5,3.106060061048954,nan,nan
emnist_letters,topk_softmax_05,6,6,0.47342047095298767,0.8598333333333333,0.859638458003658,0.4222076414747441,0.5,3.1143478383409215,nan,nan
emnist_letters,topk_softmax_05,6,7,0.4303954839706421,0.8763333333333333,0.8758772894239419,0.3731143683829206,0.5,3.1096126449869033,nan,nan
emnist_letters,topk_softmax_05,6,8,0.40090852975845337,0.8785833333333334,0.8776736292332428,0.36699343995845063,0.5,3.0922247983039695,nan,nan
emnist_letters,topk_softmax_05,6,9,0.3750390410423279,0.8885833333333333,0.8874891179721225,0.34342697896855945,0.5,3.095085022297311,nan,nan
emnist_letters,topk_softmax_05,6,10,0.3530827760696411,0.88225,0.8815025722029813,0.35063460976519484,0.5,3.0967307674123887,nan,nan
emnist_letters,topk_softmax_05,6,11,0.33799153566360474,0.8963333333333333,0.8959555562971029,0.3156690664113836,0.5,3.090404761598465,nan,nan
emnist_letters,topk_softmax_05,6,12,0.3168793022632599,0.8978333333333334,0.8966529559892037,0.3091929814916976,0.5,3.0868965108343898,nan,nan
emnist_letters,topk_softmax_05,6,13,0.3058123290538788,0.90525,0.9047855069154275,0.29217740132453596,0.5,3.089739883199651,nan,nan
emnist_letters,topk_softmax_05,6,14,0.2941552400588989,0.9004166666666666,0.9005151958086349,0.3054820955433744,0.5,3.0819813368168285,nan,nan
emnist_letters,topk_softmax_05,6,15,0.2881295680999756,0.9015833333333333,0.9012400033905451,0.2911054793190449,0.5,3.075000171965741,nan,nan
emnist_letters,topk_softmax_05,6,16,0.2747606933116913,0.9009166666666667,0.9005143582327644,0.29167068004608154,0.5,3.067858523510872,nan,nan
emnist_letters,topk_softmax_05,6,17,0.26438218355178833,0.9018333333333334,0.9010506494033748,0.2972376213428822,0.5,3.0695808212807836,nan,nan
emnist_letters,topk_softmax_05,6,18,0.2632787823677063,0.9059166666666667,0.9050700460996166,0.28900311316581484,0.5,3.069910376629931,nan,nan
emnist_letters,topk_softmax_05,6,19,0.25396814942359924,0.9099166666666667,0.9095034412936989,0.27983500982852694,0.5,3.0710415408966387,nan,nan
emnist_letters,topk_softmax_05,6,20,0.24350880086421967,0.90125,0.8999924077264657,0.29034886778669156,0.5,3.0689142815610198,nan,nan
emnist_letters,topk_softmax_05,6,21,0.24104832112789154,0.9094166666666667,0.9088742545323464,0.28659461755701837,0.5,3.0634687733142933,nan,nan
emnist_letters,topk_softmax_05,6,22,0.2355816513299942,0.9095,0.9089516068473292,0.2796567218734863,0.5,3.0737273363356894,nan,nan
emnist_letters,topk_softmax_05,6,23,0.2323399931192398,0.9120833333333334,0.9115036311281132,0.27889849657708027,0.5,3.061144123686121,nan,nan
emnist_letters,topk_softmax_05,6,24,0.22170822322368622,0.9099166666666667,0.9091860310321349,0.2841350125505569,0.5,3.064909448014929,nan,nan
emnist_letters,topk_softmax_05,6,25,0.2194359451532364,0.9125833333333333,0.9124698905576629,0.28116060508058427,0.5,3.0566599648049535,nan,nan
emnist_letters,topk_softmax_05,6,26,0.21635235846042633,0.9124166666666667,0.9117757736376322,0.27447634428105455,0.5,3.0644896410881204,nan,nan
emnist_letters,topk_softmax_05,6,27,0.21054017543792725,0.91625,0.9158576663711706,0.2657043990936685,0.5,3.066634715871608,nan,nan
emnist_letters,topk_softmax_05,6,28,0.20543549954891205,0.91375,0.9130623444941892,0.26075862252965887,0.5,3.0680772395844156,nan,nan
emnist_letters,topk_softmax_05,6,29,0.20254221558570862,0.9154166666666667,0.9145759943056382,0.2655005949608823,0.5,3.071865089396213,nan,nan
emnist_letters,topk_softmax_05,7,0,2.4127702713012695,0.54475,0.5391354219975734,1.4788380430099812,0.5,3.1182231700166745,nan,nan
emnist_letters,topk_softmax_05,7,1,1.228157639503479,0.6924166666666667,0.6887397818059586,0.9783879594599947,0.5,3.147539037339231,nan,nan
emnist_letters,topk_softmax_05,7,2,0.9090244770050049,0.7544166666666666,0.7517149426133963,0.7580849934131542,0.5,3.150272323730144,nan,nan
emnist_letters,topk_softmax_05,7,3,0.7471960783004761,0.7848333333333334,0.7855977300238942,0.6525850296020508,0.5,3.1346312152578477,nan,nan
emnist_letters,topk_softmax_05,7,4,0.6335288882255554,0.8265833333333333,0.8247711361684534,0.5374470727240785,0.5,3.133957710671932,nan,nan
emnist_letters,topk_softmax_05,7,5,0.5452791452407837,0.8409166666666666,0.8397769720852075,0.49227741550891957,0.5,3.1285047607218965,nan,nan
emnist_letters,topk_softmax_05,7,6,0.48976409435272217,0.854,0.8534333255449096,0.44996822514432544,0.5,3.1133244164446565,nan,nan
emnist_letters,topk_softmax_05,7,7,0.44266051054000854,0.8741666666666666,0.8737275932784896,0.3926201881246364,0.5,3.119116422977853,nan,nan
emnist_letters,topk_softmax_05,7,8,0.408645361661911,0.8695833333333334,0.8700936444336974,0.3958225516562766,0.5,3.109944853376835,nan,nan
emnist_letters,topk_softmax_05,7,9,0.3780989944934845,0.8834166666666666,0.8838219698508865,0.3569714458698922,0.5,3.1189971046244844,nan,nan
emnist_letters,topk_softmax_05,7,10,0.35626062750816345,0.8896666666666667,0.8892035386363826,0.33980752559418376,0.5,3.111007274465358,nan,nan
emnist_letters,topk_softmax_05,7,11,0.3409552276134491,0.89375,0.8940659625488169,0.32281814864341246,0.5,3.1080363735239556,nan,nan
emnist_letters,topk_softmax_05,7,12,0.3242832124233246,0.8906666666666667,0.8909654851932431,0.33175889735526226,0.5,3.104744348120182,nan,nan
emnist_letters,topk_softmax_05,7,13,0.3103286921977997,0.8911666666666667,0.8918491235043895,0.32792082207,0.5,3.104760821829451,nan,nan
emnist_letters,topk_softmax_05,7,14,0.29903149604797363,0.89775,0.8981606468449705,0.31275281563718266,0.5,3.0985834699995976,nan,nan
emnist_letters,topk_softmax_05,7,15,0.28799062967300415,0.8959166666666667,0.8964109136441576,0.31816669188915414,0.5,3.0960540619302304,nan,nan
emnist_letters,topk_softmax_05,7,16,0.2785472273826599,0.9021666666666667,0.9022331388736369,0.29915732081900254,0.5,3.0858851620491516,nan,nan
emnist_letters,topk_softmax_05,7,17,0.2668546140193939,0.9040833333333333,0.9042293300777865,0.2919820249080658,0.5,3.0981852779997157,nan,nan
emnist_letters,topk_softmax_05,7,18,0.26361778378486633,0.9055833333333333,0.9058593939235997,0.2918868527767506,0.5,3.081609165414851,nan,nan
emnist_letters,topk_softmax_05,7,19,0.25471094250679016,0.9044166666666666,0.9049564670510899,0.2972226012894448,0.5,3.0803561641814863,nan,nan
emnist_letters,topk_softmax_05,7,20,0.24416963756084442,0.9078333333333334,0.9080117157580626,0.2840575918238214,0.5,3.0731574119405543,nan,nan
emnist_letters,topk_softmax_05,7,21,0.2400524616241455,0.90975,0.9101706627194547,0.28235519724957486,0.5,3.081281152177364,nan,nan
emnist_letters,topk_softmax_05,7,22,0.23686175048351288,0.9136666666666666,0.9141126787484344,0.2768838085392688,0.5,3.074153725137102,nan,nan
emnist_letters,topk_softmax_05,7,23,0.2281806617975235,0.9076666666666666,0.9071357570603726,0.27985242040867503,0.5,3.0775798128006304,nan,nan
emnist_letters,topk_softmax_05,7,24,0.2228829711675644,0.91125,0.9115694264531649,0.2817372958710853,0.5,3.072976051492894,nan,nan
emnist_letters,topk_softmax_05,7,25,0.2135719656944275,0.9099166666666667,0.9104081193679975,0.28265450133922254,0.5,3.0776941573366208,nan,nan
emnist_letters,topk_softmax_05,7,26,0.2138451784849167,0.9081666666666667,0.9079178340148123,0.2853169929473958,0.5,3.077909563450103,nan,nan
emnist_letters,topk_softmax_05,7,27,0.21103635430335999,0.9139166666666667,0.913956443404352,0.2731155727772003,0.5,3.066947564165643,nan,nan
emnist_letters,topk_softmax_05,7,28,0.20412364602088928,0.918,0.9181253917005752,0.26524894129722676,0.5,3.079890542841972,nan,nan
emnist_letters,topk_softmax_05,7,29,0.19718435406684875,0.9154166666666667,0.9154019787138454,0.2736816463318277,0.5,3.0776549729895084,nan,nan
emnist_letters,topk_softmax_05,8,0,2.4552133083343506,0.47883333333333333,0.4716868821603862,1.680206889801837,0.5,3.1898685465467738,nan,nan
emnist_letters,topk_softmax_05,8,1,1.3655987977981567,0.6569166666666667,0.651467345609104,1.0835439638888582,0.5,3.1884727224390557,nan,nan
emnist_letters,topk_softmax_05,8,2,0.9974218010902405,0.7308333333333333,0.7295856516830501,0.8268471043160621,0.5,3.1887762191447804,nan,nan
emnist_letters,topk_softmax_05,8,3,0.7970002293586731,0.7790833333333333,0.776536494155362,0.6861688405909436,0.5,3.184326577693858,nan,nan
emnist_letters,topk_softmax_05,8,4,0.6645974516868591,0.80175,0.7984798623408069,0.6118868595742165,0.5,3.176005386291666,nan,nan
emnist_letters,topk_softmax_05,8,5,0.5705881118774414,0.83875,0.837604923407688,0.4877057836410847,0.5,3.1718885036225015,nan,nan
emnist_letters,topk_softmax_05,8,6,0.5093861818313599,0.8561666666666666,0.8550297732968654,0.4381149778974817,0.5,3.163225034449963,nan,nan
emnist_letters,topk_softmax_05,8,7,0.4571356475353241,0.8693333333333333,0.8686018163635167,0.40063050769745034,0.5,3.158027435870881,nan,nan
emnist_letters,topk_softmax_05,8,8,0.41708579659461975,0.87375,0.8716006941019769,0.37568548892406706,0.5,3.15271340278869,nan,nan
emnist_letters,topk_softmax_05,8,9,0.38700005412101746,0.8834166666666666,0.8830465720246242,0.3518614778493313,0.5,3.1512443714953484,nan,nan
emnist_letters,topk_softmax_05,8,10,0.36707890033721924,0.8889166666666667,0.8886904151636725,0.33934132152415336,0.5,3.147804785282054,nan,nan
emnist_letters,topk_softmax_05,8,11,0.34487849473953247,0.8854166666666666,0.8837112958088332,0.33730900763197147,0.5,3.1446797644838376,nan,nan
emnist_letters,topk_softmax_05,8,12,0.3251263201236725,0.898,0.8967985916416346,0.30658490860715826,0.5,3.1400818647222315,nan,nan
emnist_letters,topk_softmax_05,8,13,0.31362223625183105,0.89675,0.8948455081573271,0.3086561979131496,0.5,3.135916123998926,nan,nan
emnist_letters,topk_softmax_05,8,14,0.29801449179649353,0.9013333333333333,0.9001948793575992,0.3017813851858707,0.5,3.136222760728065,nan,nan
emnist_letters,topk_softmax_05,8,15,0.28825587034225464,0.9058333333333334,0.9047754778668987,0.28592539721346916,0.5,3.138064795352043,nan,nan
emnist_letters,topk_softmax_05,8,16,0.27497589588165283,0.90425,0.9033211438824847,0.29277443473643444,0.5,3.1321589033654393,nan,nan
emnist_letters,topk_softmax_05,8,17,0.2694717347621918,0.9045833333333333,0.9034291083828662,0.28702785106415446,0.5,3.128259154076272,nan,nan
emnist_letters,topk_softmax_05,8,18,0.26115837693214417,0.9093333333333333,0.908055843460357,0.2735047739871005,0.5,3.1265578092412745,nan,nan
emnist_letters,topk_softmax_05,8,19,0.2568817138671875,0.9108333333333334,0.9095094470735455,0.2726323281196838,0.5,3.1203200005470437,nan,nan
emnist_letters,topk_softmax_05,8,20,0.249672070145607,0.9090833333333334,0.9082916049932456,0.26992150475370125,0.5,3.1158639294035892,nan,nan
emnist_letters,topk_softmax_05,8,21,0.24333955347537994,0.9091666666666667,0.9079240478102689,0.2876817615742379,0.5,3.1151994339963225,nan,nan
emnist_letters,topk_softmax_05,8,22,0.23307929933071136,0.9128333333333334,0.9116310349890638,0.26629277524795936,0.5,3.116737317531667,nan,nan
emnist_letters,topk_softmax_05,8,23,0.22596539556980133,0.90825,0.9075823191510429,0.27975717630792174,0.5,3.111241677974133,nan,nan
emnist_letters,topk_softmax_05,8,24,0.2259528487920761,0.9144166666666667,0.9137166784417194,0.2586693155004623,0.5,3.1112260640935694,nan,nan
emnist_letters,topk_softmax_05,8,25,0.2211003303527832,0.9131666666666667,0.9123654233273434,0.2680879206733501,0.5,3.1101578423317444,nan,nan
emnist_letters,topk_softmax_05,8,26,0.21525289118289948,0.9111666666666667,0.9103799626743716,0.27310911391643766,0.5,3.1038991466481636,nan,nan
emnist_letters,topk_softmax_05,8,27,0.20878523588180542,0.9170833333333334,0.9160896839768091,0.25696691965803187,0.5,3.108160769685786,nan,nan
emnist_letters,topk_softmax_05,8,28,0.20700839161872864,0.9129166666666667,0.9119359772293028,0.26968160335053787,0.5,3.1112050857949765,nan,nan
emnist_letters,topk_softmax_05,8,29,0.20087166130542755,0.9161666666666667,0.9152546638648327,0.26330291781019655,0.5,3.1019291066108865,nan,nan
emnist_letters,topk_softmax_05,9,0,2.5089848041534424,0.45816666666666667,0.4408753755251471,1.6933851850793717,0.5,3.087278921553429,nan,nan
emnist_letters,topk_softmax_05,9,1,1.3673614263534546,0.664,0.6564729946864101,1.0473045212157228,0.5,3.164259281564266,nan,nan
emnist_letters,topk_softmax_05,9,2,0.9408037662506104,0.7528333333333334,0.750262799046329,0.7617936654293791,0.5,3.161385345966258,nan,nan
emnist_letters,topk_softmax_05,9,3,0.7222583889961243,0.8094166666666667,0.8064924875863702,0.5728881802964718,0.5,3.158356800992438,nan,nan
emnist_letters,topk_softmax_05,9,4,0.5860520005226135,0.8404166666666667,0.8388161199023223,0.4806057943942699,0.5,3.1623238147573267,nan,nan
emnist_letters,topk_softmax_05,9,5,0.5060096383094788,0.8596666666666667,0.8593582912993445,0.427360030564856,0.5,3.156225823341532,nan,nan
emnist_letters,topk_softmax_05,9,6,0.4575195610523224,0.8705,0.8700370974365501,0.39614626638432765,0.5,3.151482191491634,nan,nan
emnist_letters,topk_softmax_05,9,7,0.4161352813243866,0.8663333333333333,0.8668793964901697,0.3938138313750003,0.5,3.1453709703810673,nan,nan
emnist_letters,topk_softmax_05,9,8,0.38266631960868835,0.8854166666666666,0.8850711080298995,0.3424293186436308,0.5,3.142204165458679,nan,nan
emnist_letters,topk_softmax_05,9,9,0.35887768864631653,0.88375,0.8834573111919524,0.3452098933940238,0.5,3.141939738963513,nan,nan
emnist_letters,topk_softmax_05,9,10,0.3420283794403076,0.8856666666666667,0.8854071849395141,0.3444137414719196,0.5,3.136472506726042,nan,nan
emnist_letters,topk_softmax_05,9,11,0.3231777250766754,0.8938333333333334,0.8934010878198483,0.31166935125564005,0.5,3.1316692017494363,nan,nan
emnist_letters,topk_softmax_05,9,12,0.3109195828437805,0.89325,0.8931385674852745,0.31276810422856755,0.5,3.128468800098338,nan,nan
emnist_letters,topk_softmax_05,9,13,0.2994001507759094,0.89375,0.8937073168411905,0.3150376886763471,0.5,3.122239815427902,nan,nan
emnist_letters,topk_softmax_05,9,14,0.28774845600128174,0.9013333333333333,0.9011365742030983,0.29130209443417,0.5,3.1183364974691514,nan,nan
emnist_letters,topk_softmax_05,9,15,0.2796012759208679,0.898,0.8971414039380569,0.29527483595178483,0.5,3.1001136252220642,nan,nan
emnist_letters,topk_softmax_05,9,16,0.27163612842559814,0.9010833333333333,0.9007797418082049,0.28915457364092484,0.5,3.102421113785277,nan,nan
emnist_letters,topk_softmax_05,9,17,0.26200008392333984,0.906,0.9056536164525368,0.2788509013170892,0.5,3.103454016624613,nan,nan
emnist_letters,topk_softmax_05,9,18,0.25119706988334656,0.9053333333333333,0.9049555766161976,0.2765835631400981,0.5,3.094117818994725,nan,nan
emnist_letters,topk_softmax_05,9,19,0.2460002452135086,0.9004166666666666,0.9005067288512971,0.29025769011771424,0.5,3.0908424068004527,nan,nan
emnist_letters,topk_softmax_05,9,20,0.24328811466693878,0.90075,0.9006716207510064,0.2939699089273493,0.5,3.082377134485448,nan,nan
emnist_letters,topk_softmax_05,9,21,0.23420320451259613,0.9061666666666667,0.9059569583176883,0.27784153502038184,0.5,3.093364746012586,nan,nan
emnist_letters,topk_softmax_05,9,22,0.22666597366333008,0.9038333333333334,0.9032889038329522,0.28134804012927606,0.5,3.076510436991428,nan,nan
emnist_letters,topk_softmax_05,9,23,0.22459697723388672,0.9088333333333334,0.9082180226169794,0.27441097732554093,0.5,3.085200753617794,nan,nan
emnist_letters,topk_softmax_05,9,24,0.21722421050071716,0.9115833333333333,0.9111414146419278,0.26519496390160097,0.5,3.0873278912077557,nan,nan
emnist_letters,topk_softmax_05,9,25,0.213692307472229,0.9084166666666667,0.9083071663435951,0.28006792924505597,0.5,3.072437618641143,nan,nan
emnist_letters,topk_softmax_05,9,26,0.20952534675598145,0.9175833333333333,0.9173144755543304,0.24982490660028256,0.5,3.080662377337192,nan,nan
emnist_letters,topk_softmax_05,9,27,0.20277820527553558,0.9155833333333333,0.9151452528662892,0.262115016262582,0.5,3.071588511162616,nan,nan
emnist_letters,topk_softmax_05,9,28,0.19962914288043976,0.9081666666666667,0.9079679694693575,0.2750574255243261,0.5,3.0828613702287067,nan,nan
emnist_letters,topk_softmax_05,9,29,0.1979847550392151,0.91375,0.9136626525389809,0.27027584327028153,0.5,3.077809196837405,nan,nan
emnist_letters,sparsemax,0,0,2.2367868423461914,0.5885833333333333,0.5806062489967668,1.3438685346156993,0.3991778817899684,2.441787085634597,nan,nan
emnist_letters,sparsemax,0,1,1.1479566097259521,0.7239166666666667,0.7196129384202096,0.8732705382590599,0.3972085761897107,2.4656236349268164,nan,nan
emnist_letters,sparsemax,0,2,0.8238563537597656,0.784,0.7814344810542431,0.6622112685061515,0.38645407462373693,2.4440045217250255,nan,nan
emnist_letters,sparsemax,0,3,0.65531325340271,0.8305,0.8277856013970271,0.5281937033572095,0.3714483584812347,2.411341651957086,nan,nan
emnist_letters,sparsemax,0,4,0.5642123222351074,0.8471666666666666,0.8462066360912706,0.47412626667225616,0.36327174099835946,2.4023875480002546,nan,nan
emnist_letters,sparsemax,0,5,0.49076399207115173,0.8604166666666667,0.8586022621933037,0.434308703275437,0.3599143925499409,2.395782762385429,nan,nan
emnist_letters,sparsemax,0,6,0.440043181180954,0.8639166666666667,0.8629401029768243,0.4115058608511661,0.35661048505534515,2.385162681975263,nan,nan
emnist_letters,sparsemax,0,7,0.4089111089706421,0.8695,0.8682417481202199,0.3952668870383121,0.3550229530702246,2.383839878630131,nan,nan
emnist_letters,sparsemax,0,8,0.37999066710472107,0.8850833333333333,0.8833209818944963,0.34926250513563767,0.33941616672784725,2.3345652526997505,nan,nan
emnist_letters,sparsemax,0,9,0.3621253967285156,0.8865833333333333,0.8850964967068452,0.34093536119511786,0.33709357425253444,2.3346268293705394,nan,nan
emnist_letters,sparsemax,0,10,0.33685579895973206,0.8901666666666667,0.8891683349635696,0.33513670398833906,0.341735876779607,2.3690597833471094,nan,nan
emnist_letters,sparsemax,0,11,0.32688331604003906,0.8915,0.8896589410686274,0.3263738665809023,0.331871083442201,2.3208528731731657,nan,nan
emnist_letters,sparsemax,0,12,0.30992332100868225,0.8971666666666667,0.8962260645341799,0.3103560298047167,0.33134287849385685,2.3272388349188136,nan,nan
emnist_letters,sparsemax,0,13,0.29466134309768677,0.8985,0.8978296076371794,0.3128984361252886,0.3305261617011212,2.3317131501563053,nan,nan
emnist_letters,sparsemax,0,14,0.2866516411304474,0.9019166666666667,0.900585979989297,0.30114982705167,0.3256103109489096,2.3056802889134023,nan,nan
emnist_letters,sparsemax,0,15,0.2812102735042572,0.90475,0.9035838604826802,0.29862373972192724,0.3251133748191468,2.3075561472710144,nan,nan
emnist_letters,sparsemax,0,16,0.2621549963951111,0.8993333333333333,0.8983349908709641,0.3076855632218909,0.3228959041707059,2.311773511957615,nan,nan
emnist_letters,sparsemax,0,17,0.2626812160015106,0.9006666666666666,0.8993488957683322,0.3046164696520947,0.3221502922316815,2.307128519453901,nan,nan
emnist_letters,sparsemax,0,18,0.2486182153224945,0.9050833333333334,0.9037282080073078,0.29393467211976965,0.31424572160269354,2.2773514935310852,nan,nan
emnist_letters,sparsemax,0,19,0.24539923667907715,0.9039166666666667,0.9024232904366507,0.30621968146334305,0.3145242777276546,2.2714726062531168,nan,nan
emnist_letters,sparsemax,0,20,0.23480993509292603,0.9088333333333334,0.9077524370268983,0.2823965501912097,0.3151927446114256,2.279174471155126,nan,nan
emnist_letters,sparsemax,0,21,0.2364918440580368,0.91275,0.9112092883866203,0.2787356750762209,0.31349280539979324,2.2805917440576757,nan,nan
emnist_letters,sparsemax,0,22,0.2227853685617447,0.9123333333333333,0.9111271780176426,0.279902272719018,0.31697786646954557,2.2985380964076265,nan,nan
emnist_letters,sparsemax,0,23,0.2181224524974823,0.9111666666666667,0.9101361869718214,0.28144742611874923,0.31111249739819385,2.276716619095904,nan,nan
emnist_letters,sparsemax,0,24,0.21658696234226227,0.9079166666666667,0.9069680231970646,0.28582845628261566,0.31031649464622457,2.2740272625963738,nan,nan
emnist_letters,sparsemax,0,25,0.2104005366563797,0.912,0.9105755296422822,0.2829448555378204,0.297576072209693,2.2379367934896592,nan,nan
emnist_letters,sparsemax,0,26,0.20755170285701752,0.9125,0.91136898697632,0.27901995879538516,0.2974415898640105,2.2323326607967946,nan,nan
emnist_letters,sparsemax,1,0,2.318596839904785,0.5123333333333333,0.5008112276458848,1.5579435064437541,0.43935180931015216,2.4478601229951735,nan,nan
emnist_letters,sparsemax,1,1,1.2715885639190674,0.68275,0.6819227665219425,0.9912538870852045,0.439930186626759,2.4635732465601983,nan,nan
emnist_letters,sparsemax,1,2,0.9003459811210632,0.75425,0.75029695146029,0.745218813419342,0.42713600175177796,2.451171266271713,nan,nan
emnist_letters,sparsemax,1,3,0.7041130661964417,0.7974166666666667,0.798206079120196,0.6228087931237323,0.4314625919499296,2.4805887404908527,nan,nan
emnist_letters,sparsemax,1,4,0.5882906913757324,0.8390833333333333,0.8384395548597727,0.4952206231178121,0.4216570537141029,2.480536469753752,nan,nan
emnist_letters,sparsemax,1,5,0.5223930478096008,0.8473333333333334,0.8469966186603666,0.46027397728980857,0.4216564697154025,2.4990846324474254,nan,nan
emnist_letters,sparsemax,1,6,0.470718652009964,0.859,0.8599136040973794,0.4299005327072549,0.41223590091821993,2.48898273325981,nan,nan
emnist_letters,sparsemax,1,7,0.4293137192726135,0.8725,0.8720988134542822,0.3925698570748593,0.4083843969918312,2.4883058033090957,nan,nan
emnist_letters,sparsemax,1,8,0.3996840715408325,0.875,0.8745111138271077,0.3867694913072789,0.403186689348931,2.480391645685155,nan,nan
emnist_letters,sparsemax,1,9,0.3754807710647583,0.8796666666666667,0.8797321288137935,0.36077098516707723,0.3984835219193012,2.4734300818849118,nan,nan
emnist_letters,sparsemax,1,10,0.35264894366264343,0.8923333333333333,0.8927392921382599,0.3257020930660532,0.3920342337260855,2.4692829352744083,nan,nan
emnist_letters,sparsemax,1,11,0.3316550850868225,0.88925,0.8892044908526956,0.33366777732017194,0.38856929239440474,2.4611749014955886,nan,nan
emnist_letters,sparsemax,1,12,0.32404741644859314,0.8895,0.8890257103769967,0.32566561312117476,0.3872227226483061,2.4702636891223015,nan,nan
emnist_letters,sparsemax,1,13,0.3036561608314514,0.8989166666666667,0.8991323082733563,0.3040802624631435,0.3803990164652784,2.4557163360271046,nan,nan
emnist_letters,sparsemax,1,14,0.2946874499320984,0.8955,0.8953612446271297,0.30705473936618644,0.37742619676158784,2.4450235265366573,nan,nan
emnist_letters,sparsemax,1,15,0.2836562395095825,0.8983333333333333,0.8981361386261687,0.3064539866878631,0.3694197514906843,2.4331924293903593,nan,nan
emnist_letters,sparsemax,1,16,0.2748146653175354,0.9031666666666667,0.9029010786579165,0.2914937477796636,0.3725431520254054,2.4397836454371187,nan,nan
emnist_letters,sparsemax,1,17,0.2601751983165741,0.9085833333333333,0.9087367889069966,0.2866509626520441,0.3720745675741358,2.4467014175780277,nan,nan
emnist_letters,sparsemax,1,18,0.2567441463470459,0.9039166666666667,0.9037201048612521,0.29813349722547733,0.3708603448690252,2.4509465466154383,nan,nan
emnist_letters,sparsemax,1,19,0.24835915863513947,0.9089166666666667,0.9087046132031643,0.27854265399435735,0.35581000387034517,2.397246337951498,nan,nan
emnist_letters,sparsemax,1,20,0.24476686120033264,0.9116666666666666,0.9115878959615612,0.2776182087812018,0.3638594513560863,2.4369710075094346,nan,nan
emnist_letters,sparsemax,1,21,0.2338850498199463,0.9041666666666667,0.904083308679101,0.3038727469900821,0.3589332186161204,2.416805695980153,nan,nan
emnist_letters,sparsemax,1,22,0.22659258544445038,0.9096666666666666,0.9098587163044611,0.2857501430714384,0.3559297868546019,2.4083296339562597,nan,nan
emnist_letters,sparsemax,1,23,0.22272874414920807,0.9119166666666667,0.9120313962024187,0.2701470931159689,0.36018668321218894,2.4213164207783153,nan,nan
emnist_letters,sparsemax,1,24,0.21677598357200623,0.9093333333333333,0.9090099062866153,0.2883384792094535,0.35419821438003096,2.40967373645052,nan,nan
emnist_letters,sparsemax,1,25,0.21438372135162354,0.9075,0.9073858190689761,0.29029949167941477,0.34659835585254306,2.384732810740775,nan,nan
emnist_letters,sparsemax,1,26,0.20884503424167633,0.9088333333333334,0.9085824228388548,0.2826444129360483,0.3393563204940329,2.357601647681378,nan,nan
emnist_letters,sparsemax,1,27,0.2067718803882599,0.9111666666666667,0.9113084463488005,0.2784293106895812,0.34224869675458747,2.3678620926877287,nan,nan
emnist_letters,sparsemax,1,28,0.19492346048355103,0.9153333333333333,0.9155229573810456,0.27181265360497414,0.33724706540716454,2.3438696950039963,nan,nan
emnist_letters,sparsemax,1,29,0.19432702660560608,0.9129166666666667,0.912504647490242,0.2820919244847399,0.3388896589266493,2.3603381945731794,nan,nan
emnist_letters,sparsemax,2,0,2.3082222938537598,0.5223333333333333,0.5056382632038917,1.5058525065158277,0.4693161296717664,2.576291340462705,nan,nan
emnist_letters,sparsemax,2,1,1.2270407676696777,0.6888333333333333,0.6901320085528222,0.9714793930662439,0.4428964642451165,2.556363105773926,nan,nan
emnist_letters,sparsemax,2,2,0.8812193274497986,0.75375,0.7515427444426872,0.7582979151543151,0.4286112111616642,2.515812173802802,nan,nan
emnist_letters,sparsemax,2,3,0.7237626314163208,0.7968333333333333,0.7968970557175439,0.6272726540869855,0.4181197052623363,2.4921356274726545,nan,nan
emnist_letters,sparsemax,2,4,0.6221521496772766,0.8266666666666667,0.8274101909082152,0.5422276448696217,0.39790224600979623,2.45216481482729,nan,nan
emnist_letters,sparsemax,2,5,0.550889253616333,0.8363333333333334,0.8360331077596859,0.5002026551581443,0.39138466151470835,2.44774070952801,nan,nan
emnist_letters,sparsemax,2,6,0.49613863229751587,0.8510833333333333,0.8506188867233677,0.45354847578292196,0.38820761569002843,2.4513175246563366,nan,nan
emnist_letters,sparsemax,2,7,0.4576702415943146,0.861,0.8611346076583016,0.4196159725493573,0.37282320302217564,2.416058824417439,nan,nan
emnist_letters,sparsemax,2,8,0.42658066749572754,0.8684166666666666,0.8686730135235865,0.40353375356248083,0.37182734256729166,2.4265617969188282,nan,nan
emnist_letters,sparsemax,2,9,0.3967835605144501,0.8754166666666666,0.8740582993269601,0.38051348132021884,0.3720363884213123,2.4347906518489757,nan,nan
emnist_letters,sparsemax,2,10,0.37694162130355835,0.8720833333333333,0.8719140966812345,0.38022327676732487,0.3610107397779505,2.405121438046719,nan,nan
emnist_letters,sparsemax,2,11,0.3588443696498871,0.8888333333333334,0.8891673039169016,0.3485645981545144,0.35619665714020426,2.396094041935941,nan,nan
emnist_letters,sparsemax,2,12,0.3405727446079254,0.88675,0.8865923023624809,0.34765020488424503,0.3606011300010884,2.4179448726329396,nan,nan
emnist_letters,sparsemax,2,13,0.32731935381889343,0.8884166666666666,0.8887503285308491,0.3378715844864541,0.34727623377074585,2.376887520577045,nan,nan
emnist_letters,sparsemax,2,14,0.31748148798942566,0.8920833333333333,0.8921261586672138,0.32677653400187795,0.34475611245378535,2.3750805423614825,nan,nan
emnist_letters,sparsemax,2,15,0.3011586368083954,0.8934166666666666,0.8937655845256754,0.3304071603937352,0.35026310637910313,2.3998037018674485,nan,nan
emnist_letters,sparsemax,2,16,0.2908618748188019,0.8964166666666666,0.8963725093405797,0.3176376756201399,0.33993940118779525,2.3719187061837377,nan,nan
emnist_letters,sparsemax,2,17,0.28720328211784363,0.89175,0.8915974084953435,0.33424327474959353,0.3473776467937104,2.4009073820519955,nan,nan
emnist_letters,sparsemax,2,18,0.272702157497406,0.89575,0.8958594705715359,0.32321342762480393,0.33834482190456794,2.3810343057551284,nan,nan
emnist_letters,sparsemax,2,19,0.266960084438324,0.8999166666666667,0.8996242579727544,0.3068545203893743,0.3388037427942804,2.3787841796875,nan,nan
emnist_letters,sparsemax,2,20,0.2614482343196869,0.90225,0.9018844025015098,0.30188500373921495,0.3275402598875634,2.340728428769619,nan,nan
emnist_letters,sparsemax,2,21,0.25607651472091675,0.90525,0.9052014416379632,0.3007553295886263,0.3309985197922017,2.354901963091911,nan,nan
emnist_letters,sparsemax,2,22,0.2459813952445984,0.904,0.9028190884635113,0.289448082130006,0.3294648550292279,2.358596880385216,nan,nan
emnist_letters,sparsemax,2,23,0.23509062826633453,0.9025,0.9021603278884359,0.31097173595682104,0.32362772365833853,2.3443037093953882,nan,nan
emnist_letters,sparsemax,2,24,0.23595592379570007,0.9044166666666666,0.9041374091942311,0.3033513309473687,0.3252772118182892,2.347211282303993,nan,nan
emnist_letters,sparsemax,2,25,0.23104332387447357,0.90975,0.9097457184222353,0.28699075779382216,0.3153608813881874,2.3127144118572804,nan,nan
emnist_letters,sparsemax,2,26,0.21951694786548615,0.9018333333333334,0.9018373454310272,0.31352538536203667,0.3191457555649128,2.3214787041887326,nan,nan
emnist_letters,sparsemax,2,27,0.22134074568748474,0.9065,0.9063535020525358,0.3014896312292586,0.31899665169259334,2.330045796455221,nan,nan
emnist_letters,sparsemax,2,28,0.21378719806671143,0.909,0.9089669925809696,0.29593684191399433,0.3114924516449583,2.3017396457651826,nan,nan
emnist_letters,sparsemax,2,29,0.21658654510974884,0.9064166666666666,0.906475501774011,0.30357647798162823,0.3091126485390866,2.3027398383363766,nan,nan
emnist_letters,sparsemax,3,0,2.3083338737487793,0.5464166666666667,0.542375466055651,1.4579596468742857,0.49639163483330545,2.721163092775548,nan,nan
emnist_letters,sparsemax,3,1,1.2414331436157227,0.6659166666666667,0.6641584506917664,1.0227638990321057,0.4792512244683631,2.677588069692571,nan,nan
emnist_letters,sparsemax,3,2,0.9211716055870056,0.7576666666666667,0.7568715657822593,0.7655636604796064,0.45937241740683293,2.650084556417262,nan,nan
emnist_letters,sparsemax,3,3,0.7429270148277283,0.8114166666666667,0.8103433604272845,0.5921981778550656,0.4421728728933537,2.6016491068170424,nan,nan
emnist_letters,sparsemax,3,4,0.6192034482955933,0.83425,0.8329064891042868,0.5181294400641259,0.4311583389310127,2.5807280058556414,nan,nan
emnist_letters,sparsemax,3,5,0.5375546813011169,0.8390833333333333,0.837916136261158,0.5089042427692008,0.4246484369356581,2.572853585507007,nan,nan
emnist_letters,sparsemax,3,6,0.4871446490287781,0.8554166666666667,0.854234825258289,0.44774808972439867,0.4276383509661289,2.5796137895989926,nan,nan
emnist_letters,sparsemax,3,7,0.44118842482566833,0.8625833333333334,0.8616016735403892,0.41931838811712063,0.41428160778385525,2.5552770584187607,nan,nan
emnist_letters,sparsemax,3,8,0.40800270438194275,0.8755833333333334,0.8755265847080793,0.38279957847392304,0.40854793026092207,2.5384501954342458,nan,nan
emnist_letters,sparsemax,3,9,0.3835105001926422,0.8824166666666666,0.8815510819405076,0.3628726512827772,0.4059329476762325,2.5502783364437995,nan,nan
emnist_letters,sparsemax,3,10,0.36669397354125977,0.8828333333333334,0.8813368651170446,0.35429189116396803,0.40134181652931455,2.5494257313139896,nan,nan
emnist_letters,sparsemax,3,11,0.34876811504364014,0.8871666666666667,0.8870590444788651,0.34758420637313353,0.390959122555053,2.5300176194373596,nan,nan
emnist_letters,sparsemax,3,12,0.33033087849617004,0.8893333333333333,0.8885175342644269,0.33250494967115685,0.38527899568385265,2.518613173606548,nan,nan
emnist_letters,sparsemax,3,13,0.31468844413757324,0.8915,0.8911137466950058,0.33309487839962576,0.38555314217476133,2.528174651430008,nan,nan
emnist_letters,sparsemax,3,14,0.30135929584503174,0.89875,0.898866284568466,0.309405543068622,0.38628551110308224,2.5174450899692293,nan,nan
emnist_letters,sparsemax,3,15,0.29424721002578735,0.8960833333333333,0.8961164996145159,0.3191562060345995,0.37624869495630264,2.4933894289300795,nan,nan
emnist_letters,sparsemax,3,16,0.2783484160900116,0.90075,0.9003931838692438,0.3011177385107,0.3748896172706117,2.4909970709618103,nan,nan
emnist_letters,sparsemax,3,17,0.2751367688179016,0.9035,0.9028470840104075,0.302782397003884,0.374302513897419,2.4947032395829547,nan,nan
emnist_letters,sparsemax,3,18,0.26119959354400635,0.907,0.9064265711394903,0.2876753350521656,0.3694988075405993,2.4849908630898656,nan,nan
emnist_letters,sparsemax,3,19,0.25495707988739014,0.9095833333333333,0.9093972814892937,0.278108611702919,0.36530635252277904,2.472329185364094,nan,nan
emnist_letters,sparsemax,3,20,0.24709972739219666,0.9074166666666666,0.9074085118915689,0.2919358126026519,0.3650415821912441,2.4708356273935195,nan,nan
emnist_letters,sparsemax,3,21,0.2425021231174469,0.9075833333333333,0.9069785370388292,0.28613721785393165,0.35831851559750577,2.4478128590482346,nan,nan
emnist_letters,sparsemax,3,22,0.239138662815094,0.9094166666666667,0.9089333396055241,0.277637058750112,0.3605202628259963,2.4592206199118434,nan,nan
emnist_letters,sparsemax,3,23,0.23211273550987244,0.9114166666666667,0.910991643507226,0.2745947558829125,0.3566961673663018,2.44836728369936,nan,nan
emnist_letters,sparsemax,3,24,0.22563998401165009,0.9048333333333334,0.9046086310398186,0.2841847925744158,0.35564694664579755,2.4390061282097024,nan,nan
emnist_letters,sparsemax,3,25,0.22136640548706055,0.9105,0.9099095800676031,0.27906564670674344,0.3474609063977891,2.413495560909839,nan,nan
emnist_letters,sparsemax,3,26,0.21224673092365265,0.916,0.9156068882767132,0.2692571035090913,0.34639087731533863,2.417349726595777,nan,nan
emnist_letters,sparsemax,3,27,0.20502309501171112,0.9090833333333334,0.9088805261324983,0.2877748970021593,0.3476875777891342,2.429203249038534,nan,nan
emnist_letters,sparsemax,3,28,0.19874630868434906,0.914,0.913856396957298,0.27480661076434115,0.33969005546037184,2.393405074768878,nan,nan
emnist_letters,sparsemax,3,29,0.20813146233558655,0.9074166666666666,0.9070990619600783,0.29693920846949234,0.3392076910810268,2.4053980238894197,nan,nan
emnist_letters,sparsemax,4,0,2.3390071392059326,0.5721666666666667,0.5572844347409363,1.3840651385327603,0.4752523824572563,2.6484634926978576,nan,nan
emnist_letters,sparsemax,4,1,1.1479370594024658,0.72075,0.715975211540264,0.8725318452145191,0.44911558609059515,2.623973382280228,nan,nan
emnist_letters,sparsemax,4,2,0.814741313457489,0.7923333333333333,0.791336695296103,0.64832345221905,0.4443791518186001,2.623730644266656,nan,nan
emnist_letters,sparsemax,4,3,0.653950035572052,0.8273333333333334,0.8269545011493474,0.5435458542184627,0.4334999127907956,2.6122697997600475,nan,nan
emnist_letters,sparsemax,4,4,0.5602812767028809,0.8450833333333333,0.845198155942416,0.46888485867926416,0.4276980418474116,2.6016583949961563,nan,nan
emnist_letters,sparsemax,4,5,0.4982883334159851,0.8500833333333333,0.8499857094991173,0.453731987704622,0.42356340904185114,2.6020099761638233,nan,nan
emnist_letters,sparsemax,4,6,0.4483398199081421,0.8595,0.8602443602762876,0.4165994867365411,0.4227209167277559,2.607065553360797,nan,nan
emnist_letters,sparsemax,4,7,0.41331934928894043,0.8689166666666667,0.8693760211658214,0.3897002453499652,0.42078284427840656,2.602683830768504,nan,nan
emnist_letters,sparsemax,4,8,0.38692399859428406,0.8705833333333334,0.8705745701835974,0.3939590149737419,0.4214775711297989,2.6133083967452353,nan,nan
emnist_letters,sparsemax,4,9,0.36627712845802307,0.8821666666666667,0.8823950443819082,0.34354226322884257,0.4241610261354041,2.6268412635681475,nan,nan
emnist_letters,sparsemax,4,10,0.3526846468448639,0.8780833333333333,0.8788679084118063,0.3574820528639124,0.4146533174083588,2.603644779387941,nan,nan
emnist_letters,sparsemax,4,11,0.3299066424369812,0.8841666666666667,0.88415385417559,0.3438573492334244,0.4153898000083071,2.611614762468541,nan,nan
emnist_letters,sparsemax,4,12,0.3190462291240692,0.8945,0.8949191477353818,0.318299855640594,0.4117978313501845,2.6013122644830258,nan,nan
emnist_letters,sparsemax,4,13,0.30048808455467224,0.8888333333333334,0.8891816756885264,0.33551982932902397,0.4099844516591823,2.595475196838379,nan,nan
emnist_letters,sparsemax,4,14,0.2901290953159332,0.886,0.8866597780046453,0.34410699694714647,0.40633813910027766,2.5860884874425034,nan,nan
emnist_letters,sparsemax,4,15,0.28312942385673523,0.8921666666666667,0.892867504014303,0.31270671493195473,0.40178969803642717,2.5715699322680208,nan,nan
emnist_letters,sparsemax,4,16,0.2746235430240631,0.8955833333333333,0.8963222419855423,0.30613490844026525,0.4019645056191911,2.576379765855505,nan,nan
emnist_letters,sparsemax,4,17,0.2671673893928528,0.89475,0.8942488553736319,0.3212033545083188,0.399337611616926,2.567742596281336,nan,nan
emnist_letters,sparsemax,4,18,0.25553324818611145,0.898,0.8982914196661371,0.3080984737644804,0.3977714992584066,2.571482681213541,nan,nan
emnist_letters,sparsemax,4,19,0.2521292567253113,0.8905,0.8918981006763882,0.32518613021424475,0.4001472142148525,2.575497896113294,nan,nan
emnist_letters,sparsemax,4,20,0.24797868728637695,0.9041666666666667,0.9044200734641202,0.2990738812913286,0.39546516410847926,2.567752424706804,nan,nan
emnist_letters,sparsemax,4,21,0.24122463166713715,0.89875,0.8996074645114024,0.3130873958481119,0.3904514918301968,2.555276617090753,nan,nan
emnist_letters,sparsemax,4,22,0.22945348918437958,0.89675,0.8960075878394265,0.2975814716613039,0.3899145484604734,2.5561247734313315,nan,nan
emnist_letters,sparsemax,4,23,0.22450865805149078,0.904,0.9043159103729805,0.30349777512093806,0.39110157749754315,2.562614400336083,nan,nan
emnist_letters,sparsemax,4,24,0.22471852600574493,0.9055833333333333,0.9058327808978711,0.2840733509114448,0.39507081755932344,2.5760981732226433,nan,nan
emnist_letters,sparsemax,4,25,0.21440638601779938,0.8993333333333333,0.8996319310551321,0.30646558264468576,0.38583500144329475,2.5484722522979086,nan,nan
emnist_letters,sparsemax,4,26,0.20799210667610168,0.9076666666666666,0.9077823872897967,0.2802906911423866,0.3854748952261945,2.5434597603818205,nan,nan
emnist_letters,sparsemax,4,27,0.20507673919200897,0.9063333333333333,0.9063338902251334,0.290281262486539,0.3802462022038216,2.5274205410734134,nan,nan
emnist_letters,sparsemax,4,28,0.2039894461631775,0.9028333333333334,0.902639780143406,0.2984829713055428,0.3822377912224607,2.5336914975592433,nan,nan
emnist_letters,sparsemax,4,29,0.20120880007743835,0.906,0.9065166641336379,0.30093440793930215,0.3755519583504251,2.5133342134191636,nan,nan
emnist_letters,sparsemax,5,0,2.2832350730895996,0.5601666666666667,0.5465893728941955,1.3920806798529117,0.48350563819738146,2.6411796567287853,nan,nan
emnist_letters,sparsemax,5,1,1.1941542625427246,0.7136666666666667,0.7096227247192795,0.8899167167379501,0.47498870244685637,2.647169010436281,nan,nan
emnist_letters,sparsemax,5,2,0.8803703188896179,0.7705833333333333,0.7664113879976546,0.7082813940149673,0.46315689052039005,2.620682532482959,nan,nan
emnist_letters,sparsemax,5,3,0.7148296236991882,0.8115833333333333,0.8105815833545141,0.5784400263999371,0.45662682376643443,2.597094473686624,nan,nan
emnist_letters,sparsemax,5,4,0.6006651520729065,0.8344166666666667,0.8327467304072523,0.5032042975121356,0.45459827146631604,2.606325198995306,nan,nan
emnist_letters,sparsemax,5,5,0.5242077112197876,0.8545833333333334,0.8540516873694634,0.43081965852291026,0.45164041363812507,2.6102468028981636,nan,nan
emnist_letters,sparsemax,5,6,0.4673486649990082,0.8665,0.8655973462034383,0.4024314081415217,0.44884925414907173,2.601417285330752,nan,nan
emnist_letters,sparsemax,5,7,0.43160468339920044,0.8771666666666667,0.8760298295455334,0.36551036796671277,0.4463020929313721,2.59946741449072,nan,nan
emnist_letters,sparsemax,5,8,0.40674951672554016,0.87675,0.8759815475601213,0.3581094608661976,0.4373578384835669,2.5744095685634205,nan,nan
emnist_letters,sparsemax,5,9,0.376166433095932,0.88525,0.8850260858857173,0.33744360728466766,0.44377677586484465,2.5995863904344274,nan,nan
emnist_letters,sparsemax,5,10,0.3564809262752533,0.8891666666666667,0.8888086270153802,0.3293742854544457,0.4412581601992567,2.604993520899022,nan,nan
emnist_letters,sparsemax,5,11,0.3468572199344635,0.89525,0.8947772959188965,0.3179353329729527,0.43504523422489777,2.591050941893395,nan,nan
emnist_letters,sparsemax,5,12,0.328853040933609,0.8901666666666667,0.8893779889393183,0.32368484361374633,0.43134884536266327,2.583458309477948,nan,nan
emnist_letters,sparsemax,5,13,0.3150250017642975,0.8969166666666667,0.8965910174522285,0.3136317955052599,0.4329960507915375,2.594586894867268,nan,nan
emnist_letters,sparsemax,5,14,0.29815924167633057,0.9041666666666667,0.903465766664056,0.28975613954219415,0.4303454084599272,2.5875706900941564,nan,nan
emnist_letters,sparsemax,5,15,0.29833734035491943,0.8998333333333334,0.8996753902708877,0.2936226804839804,0.41976442251433715,2.5553877531213964,nan,nan
emnist_letters,sparsemax,5,16,0.2886147201061249,0.8968333333333334,0.8958815300954492,0.3027164340019226,0.41618561063041076,2.5496761266221393,nan,nan
emnist_letters,sparsemax,5,17,0.27691683173179626,0.8996666666666666,0.8997148123029537,0.29594070638747927,0.4155488318585335,2.553438511300594,nan,nan
emnist_letters,sparsemax,5,18,0.26698988676071167,0.905,0.9046033784201357,0.2792365161028314,0.41403723508119583,2.5602518954175584,nan,nan
emnist_letters,sparsemax,5,19,0.2638952434062958,0.9089166666666667,0.9088488991427747,0.2744123964233601,0.41113093352698266,2.5470077560303057,nan,nan
emnist_letters,sparsemax,5,20,0.2512897551059723,0.9094166666666667,0.9090824129570207,0.2841440547019877,0.4092086637590794,2.5465902927074024,nan,nan
emnist_letters,sparsemax,5,21,0.25045695900917053,0.905,0.9045187879974359,0.2853758325602146,0.398984229152507,2.517959992936317,nan,nan
emnist_letters,sparsemax,5,22,0.242992103099823,0.9129166666666667,0.9126160048374936,0.26739148763900106,0.39824826777615446,2.5265417961364096,nan,nan
emnist_letters,sparsemax,5,23,0.23309274017810822,0.9115,0.9113053365309317,0.26622828904618606,0.3940981426771651,2.5199675230269736,nan,nan
emnist_letters,sparsemax,5,24,0.23076283931732178,0.9115833333333333,0.9114798827351437,0.27096296783457413,0.3903467729687691,2.510456404787429,nan,nan
emnist_letters,sparsemax,5,25,0.22466802597045898,0.909,0.908810110809456,0.28638034805338436,0.3949104815404466,2.5249130142495986,nan,nan
emnist_letters,sparsemax,5,26,0.22362370789051056,0.9125,0.9125096793391949,0.2657627932568814,0.38887653293761804,2.506858949965619,nan,nan
emnist_letters,sparsemax,5,27,0.21578194200992584,0.9105833333333333,0.9104958631641099,0.27868423087799804,0.38573942317607557,2.501924157142639,nan,nan
emnist_letters,sparsemax,6,0,2.261617660522461,0.5453333333333333,0.5345492164470793,1.4243404028263498,0.40703950362636687,2.424543110614127,nan,nan
emnist_letters,sparsemax,6,1,1.2114310264587402,0.7,0.6989881579656136,0.9279675572476489,0.38944063430770914,2.4255030903410404,nan,nan
emnist_letters,sparsemax,6,2,0.8550025224685669,0.7826666666666666,0.7818799308883394,0.6750422906368336,0.3736451464764615,2.4197209997380034,nan,nan
emnist_letters,sparsemax,6,3,0.6731143593788147,0.8215,0.8182233791355866,0.55964450886909,0.3585999834727734,2.3849399736587036,nan,nan
emnist_letters,sparsemax,6,4,0.5710906386375427,0.8450833333333333,0.8442326386560014,0.48677402607938075,0.3534746339663546,2.3790662745211986,nan,nan
emnist_letters,sparsemax,6,5,0.4994387626647949,0.85675,0.855490008613301,0.44720289618410963,0.33916048166599677,2.348098480955083,nan,nan
emnist_letters,sparsemax,6,6,0.4536643326282501,0.8695833333333334,0.8680205264532096,0.4017252224556943,0.33312122460375443,2.35450952611071,nan,nan
emnist_letters,sparsemax,6,7,0.41006729006767273,0.8766666666666667,0.8762210975223976,0.3813595264515978,0.32443608026555243,2.3284172174778393,nan,nan
emnist_letters,sparsemax,6,8,0.38259634375572205,0.8804166666666666,0.8795172834878056,0.3729550375583324,0.31682720875486414,2.2968335177036043,nan,nan
emnist_letters,sparsemax,6,9,0.36056721210479736,0.885,0.8839468987240321,0.35388069266968586,0.31815757190293453,2.30408760334583,nan,nan
emnist_letters,sparsemax,6,10,0.3415164351463318,0.8948333333333334,0.8943396810469099,0.32191017618838774,0.3165789138763509,2.304529628855117,nan,nan
emnist_letters,sparsemax,6,11,0.32298049330711365,0.8975,0.8966442334895776,0.3189985289218578,0.31181768470622123,2.285694310005675,nan,nan
emnist_letters,sparsemax,6,12,0.30826154351234436,0.8919166666666667,0.8906820955282003,0.3198778252018259,0.31057759548755404,2.2957692437983575,nan,nan
emnist_letters,sparsemax,6,13,0.29786330461502075,0.8971666666666667,0.896306514106896,0.3157565932958684,0.3120691603485574,2.2956536906830807,nan,nan
emnist_letters,sparsemax,6,14,0.29236215353012085,0.9040833333333333,0.9034860138477782,0.29889062173823094,0.3066054691976689,2.2804495121570345,nan,nan
emnist_letters,sparsemax,6,15,0.27438023686408997,0.9041666666666667,0.9031388238068956,0.2918359434351008,0.3026497040657287,2.2613144554990403,nan,nan
emnist_letters,sparsemax,6,16,0.26857998967170715,0.9050833333333334,0.904391612414437,0.28818881131233054,0.2981183143689277,2.253060959755106,nan,nan
emnist_letters,sparsemax,6,17,0.26178476214408875,0.9086666666666666,0.9078873313202724,0.284404937257158,0.28915987227191314,2.2068376934274716,nan,nan
emnist_letters,sparsemax,6,18,0.24811118841171265,0.9089166666666667,0.9083700247302404,0.28218400193021653,0.29622094301467244,2.244697608846299,nan,nan
emnist_letters,sparsemax,6,19,0.24877817928791046,0.9031666666666667,0.9029395336234182,0.29945285808532796,0.2911199161663969,2.2361610747398215,nan,nan
emnist_letters,sparsemax,6,20,0.23926833271980286,0.9035833333333333,0.902917756386369,0.2899175226054293,0.28836414947154676,2.2255257012996266,nan,nan
emnist_letters,sparsemax,6,21,0.23466110229492188,0.9045,0.9038368681686314,0.29511978905251685,0.28880688690758766,2.2216367797648653,nan,nan
emnist_letters,sparsemax,6,22,0.2316358983516693,0.9076666666666666,0.9071115901684187,0.28109630244843503,0.290663850434283,2.244381806951888,nan,nan
emnist_letters,sparsemax,6,23,0.22683869302272797,0.9075833333333333,0.9067036779469227,0.28920899394978866,0.28442093270256164,2.213989108166796,nan,nan
emnist_letters,sparsemax,7,0,2.2493083477020264,0.5845833333333333,0.5795673018411237,1.3372950959712901,0.5067998045619498,2.6787383201274464,nan,nan
emnist_letters,sparsemax,7,1,1.1498818397521973,0.7085,0.7062533011862292,0.9142128000868127,0.48949583936878976,2.696347069233022,nan,nan
emnist_letters,sparsemax,7,2,0.8654673099517822,0.75425,0.7523333899725038,0.7417624453280834,0.45906574405888295,2.6328084811251213,nan,nan
emnist_letters,sparsemax,7,3,0.7118079662322998,0.79275,0.7937086538867408,0.6378964502760704,0.4350652212792255,2.588102049015938,nan,nan
emnist_letters,sparsemax,7,4,0.6163961291313171,0.8235,0.8221056807888742,0.5504605319905789,0.41541292185479023,2.5428026787778166,nan,nan
emnist_letters,sparsemax,7,5,0.5430622100830078,0.8385833333333333,0.8378362564693352,0.503358281673269,0.4133875863032138,2.558650272957822,nan,nan
emnist_letters,sparsemax,7,6,0.4944740831851959,0.83975,0.8398260320959484,0.4840039179680195,0.4086668348692833,2.546006037833843,nan,nan
emnist_letters,sparsemax,7,7,0.45190972089767456,0.8606666666666667,0.8599937405544738,0.4168596641814455,0.4061811151022607,2.547964347169754,nan,nan
emnist_letters,sparsemax,7,8,0.41863521933555603,0.865,0.8651097585903,0.41966646021984993,0.4003308711850897,2.5382174786100995,nan,nan
emnist_letters,sparsemax,7,9,0.39220690727233887,0.8725,0.8726587795391738,0.38853369811747934,0.39658324135110734,2.5340897732592644,nan,nan
emnist_letters,sparsemax,7,10,0.37689679861068726,0.871,0.8708231740387048,0.39708234021004213,0.3949184270298227,2.525881571972624,nan,nan
emnist_letters,sparsemax,7,11,0.35543274879455566,0.8789166666666667,0.8784413301991295,0.3663757326121026,0.39061932265758514,2.516666419962619,nan,nan
emnist_letters,sparsemax,7,12,0.34074562788009644,0.883,0.8824629382653888,0.3639777125196254,0.3842841370942745,2.5004554124588663,nan,nan
emnist_letters,sparsemax,7,13,0.3278134763240814,0.8844166666666666,0.8849862564381331,0.35375746894390026,0.3885068227636053,2.5194450312472405,nan,nan
emnist_letters,sparsemax,7,14,0.3128701150417328,0.8900833333333333,0.8901162752887388,0.33554210910137666,0.3829743719481407,2.4962029279546534,nan,nan
emnist_letters,sparsemax,7,15,0.30420929193496704,0.8903333333333333,0.8904306369953034,0.32829508629251036,0.38043521820230686,2.493520876194568,nan,nan
emnist_letters,sparsemax,7,16,0.29364290833473206,0.88975,0.8896854295134996,0.33155305271453045,0.37959244530251685,2.4991172399926693,nan,nan
emnist_letters,sparsemax,7,17,0.28216826915740967,0.89575,0.8955459778279031,0.3141980732375003,0.3778686039942376,2.493680104296258,nan,nan
emnist_letters,sparsemax,7,18,0.27850341796875,0.8968333333333334,0.8970307996980721,0.31564675683670856,0.37384367322034023,2.484454659705466,nan,nan
emnist_letters,sparsemax,7,19,0.2699575126171112,0.9006666666666666,0.9013631302233307,0.30867736675637836,0.37115341868806395,2.476807921490771,nan,nan
emnist_letters,sparsemax,7,20,0.2624547481536865,0.8993333333333333,0.8989121720168681,0.3057986640549721,0.37364012716298406,2.489272376324268,nan,nan
emnist_letters,sparsemax,7,21,0.2523907423019409,0.9050833333333334,0.9056313491750294,0.29741833818719743,0.3721475174769442,2.49170591222479,nan,nan
emnist_letters,sparsemax,7,22,0.2467266023159027,0.90275,0.9027541635341161,0.30218202478074013,0.3719585509376323,2.497863559012717,nan,nan
emnist_letters,sparsemax,7,23,0.24185122549533844,0.9013333333333333,0.9007287350947414,0.30218609438297594,0.37141996717199366,2.4974070736702454,nan,nan
emnist_letters,sparsemax,7,24,0.23082958161830902,0.9070833333333334,0.9070299586988948,0.29388311917477467,0.3649437988692142,2.4766409422488924,nan,nan
emnist_letters,sparsemax,7,25,0.2301485687494278,0.90475,0.9046754045002634,0.3024498785429813,0.363038957594557,2.4736714540643896,nan,nan
emnist_letters,sparsemax,7,26,0.22770003974437714,0.9005,0.8997452220538815,0.3117334579533719,0.3620679552884812,2.4711207303595035,nan,nan
emnist_letters,sparsemax,7,27,0.22393816709518433,0.9044166666666666,0.9044441353978077,0.2931509214512845,0.3608283636734841,2.4633709851731647,nan,nan
emnist_letters,sparsemax,7,28,0.21876664459705353,0.9051666666666667,0.9051623472676913,0.3064453034324849,0.35758532092292256,2.4551385057733413,nan,nan
emnist_letters,sparsemax,7,29,0.21274662017822266,0.90875,0.9091126624319643,0.2923033037718306,0.3584913341922963,2.460202308411294,nan,nan
emnist_letters,sparsemax,8,0,2.3151626586914062,0.48641666666666666,0.47421198926776087,1.5867553492809863,0.4736253761864723,2.651424692032185,nan,nan
emnist_letters,sparsemax,8,1,1.2601693868637085,0.6956666666666667,0.6944878391434787,0.9598259913160446,0.43212086136670824,2.569449945967248,nan,nan
emnist_letters,sparsemax,8,2,0.8864529728889465,0.7695,0.7692636317195001,0.7267009907580436,0.4212572845689794,2.5403268933296204,nan,nan
emnist_letters,sparsemax,8,3,0.7140275239944458,0.8051666666666667,0.8038331573422149,0.60567858434738,0.4079582139532617,2.5100301554862487,nan,nan
emnist_letters,sparsemax,8,4,0.6016330718994141,0.8305,0.8256760024936987,0.5191721098220095,0.41237574910863917,2.527210605905411,nan,nan
emnist_letters,sparsemax,8,5,0.5241668820381165,0.8415833333333333,0.8404148700355917,0.4883200944738185,0.4005388783964705,2.506154915119739,nan,nan
emnist_letters,sparsemax,8,6,0.4790710508823395,0.8645833333333334,0.8635976195936627,0.4183912397699153,0.40607592162299666,2.5313323406462973,nan,nan
emnist_letters,sparsemax,8,7,0.4420156478881836,0.869,0.8673458984195626,0.39287486608992234,0.39956353985248727,2.5185925732267664,nan,nan
emnist_letters,sparsemax,8,8,0.40443021059036255,0.8785833333333334,0.8773651350375373,0.37103193047198846,0.39283233437132326,2.501921253001436,nan,nan
emnist_letters,sparsemax,8,9,0.3778919279575348,0.8865833333333333,0.8859797326558676,0.34778118862750684,0.39001612682291803,2.4978739251481725,nan,nan
emnist_letters,sparsemax,8,10,0.3646736741065979,0.8803333333333333,0.8796299631471798,0.36792494832201206,0.38468740198840484,2.488443856543683,nan,nan
emnist_letters,sparsemax,8,11,0.3471967279911041,0.887,0.886250730238079,0.3466084383903666,0.38541642259410086,2.4952615727769567,nan,nan
emnist_letters,sparsemax,8,12,0.32689523696899414,0.8925,0.8916894743751217,0.32042358847374613,0.3745847514018099,2.4615762335188847,nan,nan
emnist_letters,sparsemax,8,13,0.3167646527290344,0.8938333333333334,0.8931822338051253,0.32003427724888983,0.37868507824679637,2.48105917585657,nan,nan
emnist_letters,sparsemax,8,14,0.3040483593940735,0.89975,0.8988916928666317,0.3158449692294953,0.37136550342783015,2.4561504150958773,nan,nan
emnist_letters,sparsemax,8,15,0.29309409856796265,0.89775,0.8969367593757187,0.32145024201971417,0.36919326683942305,2.4447250949575547,nan,nan
emnist_letters,sparsemax,8,16,0.2816011607646942,0.9021666666666667,0.901259383956619,0.3004767568187511,0.36855647395899954,2.451041693383075,nan,nan
emnist_letters,sparsemax,8,17,0.2733217179775238,0.9023333333333333,0.9016428528128859,0.3024788441810202,0.3714975494336575,2.4610260116293077,nan,nan
emnist_letters,sparsemax,8,18,0.26391640305519104,0.9030833333333333,0.9019028128455402,0.2963997813615393,0.366038238907114,2.4499951195209584,nan,nan
emnist_letters,sparsemax,8,19,0.26134803891181946,0.9056666666666666,0.9049101546057801,0.28944902819521884,0.3672344391333296,2.457068849117198,nan,nan
emnist_letters,sparsemax,8,20,0.24933132529258728,0.90125,0.8997471561023542,0.30230034760972285,0.35737180931771056,2.420773390759813,nan,nan
emnist_letters,sparsemax,8,21,0.24056898057460785,0.90925,0.9083339745503783,0.29490265059978404,0.35593098259352624,2.4256523999762027,nan,nan
emnist_letters,sparsemax,8,22,0.2408887892961502,0.9105833333333333,0.9095479206057916,0.2893997776381513,0.347039688299311,2.403950996855472,nan,nan
emnist_letters,sparsemax,8,23,0.23032143712043762,0.908,0.9073754923442171,0.29341690876382465,0.34217091871702926,2.3888067121201373,nan,nan
emnist_letters,sparsemax,8,24,0.22507552802562714,0.90625,0.9059668398850836,0.2902528272664293,0.3433132745484088,2.3965715588407313,nan,nan
emnist_letters,sparsemax,8,25,0.22705905139446259,0.9124166666666667,0.911667923724069,0.27542762521733627,0.33831263381115934,2.3750323298129628,nan,nan
emnist_letters,sparsemax,8,26,0.21611715853214264,0.9055,0.9050099456212851,0.2983654315801377,0.34055369283924714,2.383862738913678,nan,nan
emnist_letters,sparsemax,8,27,0.2087518721818924,0.9094166666666667,0.908366991993848,0.2867411137261289,0.3325408208877482,2.3638062667339406,nan,nan
emnist_letters,sparsemax,8,28,0.20714694261550903,0.9090833333333334,0.9081041404566659,0.29615275244763556,0.335633913253216,2.3797083484365587,nan,nan
emnist_letters,sparsemax,8,29,0.2027004510164261,0.9134166666666667,0.9127507788104666,0.2748230559394715,0.335303432446845,2.3790055386563567,nan,nan
emnist_letters,sparsemax,9,0,2.356656074523926,0.5504166666666667,0.5374751602783696,1.4751142872140763,0.4611592706530652,2.5957787315896215,nan,nan
emnist_letters,sparsemax,9,1,1.2092918157577515,0.6915833333333333,0.6858901815104131,0.9496061979456151,0.4541636209221596,2.588070906223135,nan,nan
emnist_letters,sparsemax,9,2,0.8688445091247559,0.7635833333333333,0.7613191806231943,0.7145119601107658,0.4449335187673569,2.5725936572602452,nan,nan
emnist_letters,sparsemax,9,3,0.7017414569854736,0.80325,0.803489004712688,0.592297209070084,0.43760787029849724,2.5635648116152336,nan,nan
emnist_letters,sparsemax,9,4,0.5891026854515076,0.8310833333333333,0.8305077426204004,0.5050617570572711,0.44667496056632794,2.6049550619531185,nan,nan
emnist_letters,sparsemax,9,5,0.5179785490036011,0.85075,0.8501849471044893,0.4521661248612911,0.44728406090685663,2.6211754590906997,nan,nan
emnist_letters,sparsemax,9,6,0.4673566520214081,0.847,0.846052618116697,0.44832998514175415,0.44436690353966773,2.6239392351596913,nan,nan
emnist_letters,sparsemax,9,7,0.4305582642555237,0.8645833333333334,0.8645940447691193,0.3952232577065204,0.4385787697231516,2.6136621084619076,nan,nan
emnist_letters,sparsemax,9,8,0.39766594767570496,0.87125,0.870674177651883,0.3757015025996147,0.4313973510201941,2.590293737168008,nan,nan
emnist_letters,sparsemax,9,9,0.37315988540649414,0.87775,0.8769906763922387,0.3591333462836895,0.42340418870778795,2.571753073245921,nan,nan
emnist_letters,sparsemax,9,10,0.35531869530677795,0.88,0.8787454760443172,0.35625596978562946,0.41378821654522674,2.541238105043452,nan,nan
emnist_letters,sparsemax,9,11,0.3359786868095398,0.8876666666666667,0.8871517216640521,0.3360051081535664,0.4054547790834244,2.5189643071052874,nan,nan
emnist_letters,sparsemax,9,12,0.3245544731616974,0.8860833333333333,0.8856373037246572,0.33866985554390766,0.4006440961297522,2.5127755238654768,nan,nan
emnist_letters,sparsemax,9,13,0.31254324316978455,0.8950833333333333,0.8944783941243754,0.31371420495053554,0.3974330485501188,2.5032717141699283,nan,nan
emnist_letters,sparsemax,9,14,0.3013434112071991,0.8940833333333333,0.8926592541121215,0.31740806077389006,0.38664678246416945,2.466388718878969,nan,nan
emnist_letters,sparsemax,9,15,0.2869361937046051,0.8896666666666667,0.8895344710787249,0.3410341866472934,0.38751537479618764,2.475521998202547,nan,nan
emnist_letters,sparsemax,9,16,0.2813386917114258,0.8926666666666667,0.8924134802346754,0.3209069291961954,0.38268303569961104,2.456977959643019,nan,nan
emnist_letters,sparsemax,9,17,0.2756913900375366,0.9025833333333333,0.9022335785456694,0.29835052851666793,0.3780098780989647,2.4469397613342774,nan,nan
emnist_letters,sparsemax,9,18,0.2611832916736603,0.90325,0.9027778460600212,0.29373945612856683,0.37248681818551205,2.4402843066986573,nan,nan
emnist_letters,sparsemax,9,19,0.25641152262687683,0.9019166666666667,0.901650325919729,0.29532131425877833,0.3676675350425091,2.427684305830205,nan,nan
emnist_letters,sparsemax,9,20,0.2498055398464203,0.9011666666666667,0.900707576450536,0.3018491163532785,0.36479796738700665,2.4134275317192078,nan,nan
emnist_letters,sparsemax,9,21,0.24674248695373535,0.904,0.9036516803397396,0.28869530875632105,0.359870452830132,2.4040992665798107,nan,nan
emnist_letters,sparsemax,9,22,0.23608551919460297,0.9026666666666666,0.9022262822776057,0.2949895785844072,0.36344709025418503,2.425723897649887,nan,nan
emnist_letters,sparsemax,9,23,0.2311665266752243,0.9038333333333334,0.902416096887851,0.2918758554027436,0.36158064911340143,2.4105161720133843,nan,nan
emnist_letters,sparsemax,9,24,0.22621329128742218,0.90275,0.9020304954187963,0.2917067640005274,0.3565457899202692,2.403001011686122,nan,nan
emnist_letters,sparsemax,9,25,0.2284078747034073,0.9050833333333334,0.9047667972293666,0.29031542736165067,0.3471288898206772,2.372388608912204,nan,nan
emnist_letters,sparsemax,9,26,0.22143590450286865,0.9074166666666666,0.9067817049414042,0.2838122622763857,0.3459713424139835,2.3621094632656017,nan,nan
emnist_letters,sparsemax,9,27,0.21982167661190033,0.90625,0.9053613139010687,0.287948747264578,0.3454039358395211,2.3642440362179533,nan,nan
emnist_letters,sparsemax,9,28,0.2103356271982193,0.91025,0.9099156568070778,0.28620445157619234,0.3423285501751494,2.350547618054329,nan,nan
emnist_letters,sparsemax,9,29,0.20750635862350464,0.9065833333333333,0.9061596514331611,0.28731729660896543,0.33954013535316957,2.3372195743499917,nan,nan
emnist_letters,entmax15,0,0,2.3886616230010986,0.4855,0.4744506887989854,1.5971961731606341,0.8080053285081336,3.2940404618040042,nan,nan
emnist_letters,entmax15,0,1,1.3838529586791992,0.6415,0.63911744457236,1.1134227729858237,0.8094631236918429,3.2834826403475823,nan,nan
emnist_letters,entmax15,0,2,0.977433979511261,0.7371666666666666,0.7348088212362136,0.8133303713291249,0.8094853422743209,3.2706008185731603,nan,nan
emnist_letters,entmax15,0,3,0.7676803469657898,0.7965,0.7929367484002618,0.6152527370351426,0.8123467691401218,3.2701157103193568,nan,nan
emnist_letters,entmax15,0,4,0.6377471685409546,0.8245,0.823407061939974,0.5419540386250679,0.8068705962059346,3.2533015646833054,nan,nan
emnist_letters,entmax15,0,5,0.5492696166038513,0.8530833333333333,0.8518366714731631,0.4548107709022278,0.8002137047179202,3.230094534285525,nan,nan
emnist_letters,entmax15,0,6,0.4915536642074585,0.8641666666666666,0.862956918281218,0.4218927843773619,0.809467687885812,3.250882886825724,nan,nan
emnist_letters,entmax15,0,7,0.45265182852745056,0.8608333333333333,0.8595669340821892,0.4236228307510944,0.8036513322211326,3.2420261413493057,nan,nan
emnist_letters,entmax15,0,8,0.4188292324542999,0.8810833333333333,0.8796253169809206,0.36758708129537865,0.8076280158884982,3.24330904889614,nan,nan
emnist_letters,entmax15,0,9,0.38993367552757263,0.8775,0.8760076727145967,0.3670888045366774,0.8059829365699849,3.23562590619351,nan,nan
emnist_letters,entmax15,0,10,0.37134307622909546,0.89025,0.8893924312586473,0.335756853222847,0.7960885274917522,3.2099850913311574,nan,nan
emnist_letters,entmax15,0,11,0.3490186035633087,0.8864166666666666,0.885189986656346,0.34935081005096436,0.7965211151762212,3.211422988708983,nan,nan
emnist_letters,entmax15,0,12,0.33844301104545593,0.8914166666666666,0.8904405135437693,0.32786297132360176,0.7898820391360749,3.1961321932204227,nan,nan
emnist_letters,entmax15,0,13,0.31943148374557495,0.8975833333333333,0.8963633499547149,0.3132472770645263,0.7872089293408902,3.187143181232696,nan,nan
emnist_letters,entmax15,0,14,0.3104456067085266,0.8985,0.8968419316463232,0.3036591309182187,0.7855352721315749,3.1816488200045647,nan,nan
emnist_letters,entmax15,0,15,0.2986236810684204,0.8994166666666666,0.8979989482763243,0.31136882463668253,0.784848282945917,3.175225184318867,nan,nan
emnist_letters,entmax15,0,16,0.2861969769001007,0.9058333333333334,0.9043835749986289,0.2909902955623383,0.7817283006424599,3.161642812668009,nan,nan
emnist_letters,entmax15,0,17,0.2810942828655243,0.9053333333333333,0.90411115526742,0.28527590886075443,0.7797232663377802,3.158235691963358,nan,nan
emnist_letters,entmax15,0,18,0.27113696932792664,0.90525,0.9033514117834691,0.2898408485219834,0.7735696555452144,3.1425216857423175,nan,nan
emnist_letters,entmax15,0,19,0.25921565294265747,0.8969166666666667,0.8958243908170409,0.3182348666038919,0.7675151501564269,3.1382643973573727,nan,nan
emnist_letters,entmax15,0,20,0.255879282951355,0.9080833333333334,0.9067638441771779,0.27787188995391765,0.7678730291254977,3.1328902751841445,nan,nan
emnist_letters,entmax15,0,21,0.24911171197891235,0.9079166666666667,0.9069156032254637,0.2911342785079428,0.7633846909441846,3.1232925273002463,nan,nan
emnist_letters,entmax15,0,22,0.24115809798240662,0.9095,0.9080584364491157,0.27670165833006516,0.7642320546698063,3.1265299548494054,nan,nan
emnist_letters,entmax15,0,23,0.2411024272441864,0.9118333333333334,0.9103669294569279,0.27597102015576463,0.7557269613793556,3.108338771982396,nan,nan
emnist_letters,entmax15,0,24,0.23128588497638702,0.9094166666666667,0.9082346629816889,0.2761279284319979,0.7534439069159488,3.1002249717712402,nan,nan
emnist_letters,entmax15,0,25,0.22800643742084503,0.91275,0.9115276524985421,0.27025529076444343,0.7491653238205199,3.0960694247103753,nan,nan
emnist_letters,entmax15,0,26,0.21892371773719788,0.9116666666666666,0.9098958630270857,0.2716635912656784,0.7468057401636814,3.0890799887636873,nan,nan
emnist_letters,entmax15,0,27,0.2202685922384262,0.9155,0.9142494642621067,0.2670512472061401,0.7550901187227127,3.106910439247781,nan,nan
emnist_letters,entmax15,0,28,0.20920653641223907,0.9140833333333334,0.9128303439226813,0.2660549993210651,0.7511963844299316,3.099704919977391,nan,nan
emnist_letters,entmax15,0,29,0.20535975694656372,0.91225,0.9109649758012301,0.2815640194618956,0.7442727989338814,3.0833321885859712,nan,nan
emnist_letters,entmax15,1,0,2.455500364303589,0.49925,0.488305659457916,1.6378155388730637,0.7482762920095566,3.1390188349054213,nan,nan
emnist_letters,entmax15,1,1,1.3719134330749512,0.67825,0.6740283887654697,1.0218577866858625,0.7972236269331993,3.2220123575088824,nan,nan
emnist_letters,entmax15,1,2,0.9814902544021606,0.7165833333333333,0.7128113124282542,0.8795208411013826,0.8002406688446694,3.2151143855236946,nan,nan
emnist_letters,entmax15,1,3,0.7917507886886597,0.7811666666666667,0.7805157233056407,0.6741153737331959,0.7930979646266775,3.185382254580234,nan,nan
emnist_letters,entmax15,1,4,0.6558995246887207,0.8190833333333334,0.8181711603071337,0.5605176370194618,0.7963952200209841,3.1960948705673218,nan,nan
emnist_letters,entmax15,1,5,0.5724421739578247,0.8380833333333333,0.8379508051843059,0.5137578134841108,0.7982996632444098,3.1902864867068352,nan,nan
emnist_letters,entmax15,1,6,0.5153036117553711,0.8436666666666667,0.8446663804833968,0.47441707012501166,0.7884556384796791,3.1621662352947477,nan,nan
emnist_letters,entmax15,1,7,0.47525104880332947,0.86325,0.8624723072802353,0.4166616746719847,0.7820509418528131,3.143046871144721,nan,nan
emnist_letters,entmax15,1,8,0.43401432037353516,0.8718333333333333,0.8713976572199512,0.3993669551737765,0.7827421211181803,3.142296205175684,nan,nan
emnist_letters,entmax15,1,9,0.41449853777885437,0.8640833333333333,0.8645005858453767,0.41392318302012504,0.7774603766329745,3.1227338745238935,nan,nan
emnist_letters,entmax15,1,10,0.38659679889678955,0.8813333333333333,0.8813333496717449,0.3580080099562381,0.7772131042277559,3.119718645481353,nan,nan
emnist_letters,entmax15,1,11,0.36934757232666016,0.8883333333333333,0.8884214481011171,0.3393553558816301,0.7698366882953238,3.1082373400951955,nan,nan
emnist_letters,entmax15,1,12,0.34862208366394043,0.8869166666666667,0.8862734300187528,0.3424688774220487,0.7608473675048097,3.092069684190953,nan,nan
emnist_letters,entmax15,1,13,0.3326716423034668,0.894,0.8939422281627223,0.32574286866695323,0.7594017697141525,3.093085415819858,nan,nan
emnist_letters,entmax15,1,14,0.3233810365200043,0.9009166666666667,0.9009846647466188,0.3063296957852993,0.757828987659292,3.0928073639565326,nan,nan
emnist_letters,entmax15,1,15,0.30974701046943665,0.89525,0.8950322053031227,0.32699015387829317,0.7518791664153972,3.0822713730183056,nan,nan
emnist_letters,entmax15,1,16,0.30610406398773193,0.8996666666666666,0.899472581222497,0.3070817659509943,0.7566330115845863,3.0878018369065954,nan,nan
emnist_letters,entmax15,1,17,0.2895771861076355,0.89925,0.8992091674012835,0.3111574091809861,0.7585798191263321,3.095767224088628,nan,nan
emnist_letters,entmax15,1,18,0.2870384156703949,0.9019166666666667,0.9016005731261447,0.3023663619731335,0.7576274104574894,3.092311529403037,nan,nan
emnist_letters,entmax15,1,19,0.26609867811203003,0.9010833333333333,0.9008014214536849,0.29823419927282535,0.7564873885601124,3.092997769091992,nan,nan
emnist_letters,entmax15,1,20,0.2634107768535614,0.9069166666666667,0.9070990510883854,0.28148761962322477,0.7525220957208187,3.0837815036164953,nan,nan
emnist_letters,entmax15,1,21,0.2604702413082123,0.9091666666666667,0.9093338317717283,0.28237464326493283,0.7495543899688315,3.0772742920733513,nan,nan
emnist_letters,entmax15,1,22,0.2511232793331146,0.906,0.9061277235883013,0.2952659523233454,0.7485079980911092,3.0770203838957118,nan,nan
emnist_letters,entmax15,1,23,0.24329525232315063,0.9071666666666667,0.9069187257129324,0.2841752960960916,0.7445814457345517,3.0557748282209354,nan,nan
emnist_letters,entmax15,1,24,0.23869381844997406,0.9123333333333333,0.9126071720794944,0.2791608625904043,0.7473335411954434,3.0725240884943212,nan,nan
emnist_letters,entmax15,1,25,0.2364373654127121,0.9078333333333334,0.9079395521329089,0.2964448684707601,0.7412035154535416,3.058372697931655,nan,nan
emnist_letters,entmax15,1,26,0.22760236263275146,0.9114166666666667,0.9115038705531061,0.2695327753082235,0.7453038292996427,3.067918508610827,nan,nan
emnist_letters,entmax15,1,27,0.22570903599262238,0.91275,0.9129869532118172,0.2696596900833414,0.7435110826441582,3.059600256858988,nan,nan
emnist_letters,entmax15,1,28,0.22120359539985657,0.9105833333333333,0.9109791273892287,0.27771158548111613,0.732712300533944,3.0317875172229525,nan,nan
emnist_letters,entmax15,1,29,0.21485812962055206,0.9121666666666667,0.9123945300390953,0.27843642805485014,0.7343240392969009,3.041865551725347,nan,nan
emnist_letters,entmax15,2,0,2.4021687507629395,0.49625,0.48552803966136354,1.619622418221007,0.7827691809928163,3.21647428958974,nan,nan
emnist_letters,entmax15,2,1,1.3476608991622925,0.66325,0.6614996037046919,1.0601402812815728,0.8099264477161651,3.284295736475194,nan,nan
emnist_letters,entmax15,2,2,0.9705398082733154,0.7406666666666667,0.7401637653738697,0.809570848941803,0.8118590072114417,3.275046929400018,nan,nan
emnist_letters,entmax15,2,3,0.7738154530525208,0.7889166666666667,0.7888866780090134,0.6540171751316558,0.8098345024788633,3.259122891628996,nan,nan
emnist_letters,entmax15,2,4,0.6469755172729492,0.824,0.8238037345389322,0.5444777576213188,0.8119534774029509,3.2610050820289773,nan,nan
emnist_letters,entmax15,2,5,0.5597989559173584,0.8309166666666666,0.8305960561823512,0.5087697125495748,0.8110769581287465,3.2576870334909316,nan,nan
emnist_letters,entmax15,2,6,0.5028191804885864,0.8543333333333333,0.8543891126603766,0.4589246777777976,0.8073939484484652,3.2465111042590853,nan,nan
emnist_letters,entmax15,2,7,0.45761165022850037,0.8635,0.8635741719717923,0.41361960229721473,0.8148753643035889,3.257691743526053,nan,nan
emnist_letters,entmax15,2,8,0.42936810851097107,0.876,0.8763644149809816,0.37518035065620503,0.8138113839829222,3.2501367913915757,nan,nan
emnist_letters,entmax15,2,9,0.39620885252952576,0.87975,0.8784869709706882,0.36528190685079454,0.8104842704661349,3.2364312942991864,nan,nan
emnist_letters,entmax15,2,10,0.3772372305393219,0.8844166666666666,0.8837154643546755,0.34571565529133413,0.807691400355481,3.227766105469237,nan,nan
emnist_letters,entmax15,2,11,0.3553638458251953,0.8920833333333333,0.892314037324194,0.3231562204817508,0.8088737149187859,3.2314176838448705,nan,nan
emnist_letters,entmax15,2,12,0.3365854024887085,0.88925,0.889415105711002,0.3322370521565701,0.8036840868757126,3.2162895659182933,nan,nan
emnist_letters,entmax15,2,13,0.3259628415107727,0.88875,0.8887684663195411,0.3238359049279639,0.803592933619276,3.2098796342281584,nan,nan
emnist_letters,entmax15,2,14,0.3106245696544647,0.89825,0.8983175803445007,0.3060828723171924,0.7971333823305495,3.195585778419008,nan,nan
emnist_letters,entmax15,2,15,0.29709917306900024,0.9006666666666666,0.9008605180099749,0.2993722383646255,0.7924559661682616,3.1828694622567357,nan,nan
emnist_letters,entmax15,2,16,0.29018452763557434,0.9039166666666667,0.9041593670363385,0.2893199001220947,0.7816843320714667,3.1576863121479115,nan,nan
emnist_letters,entmax15,2,17,0.27805984020233154,0.9030833333333333,0.9030689852100049,0.2932274877390963,0.7734103335979137,3.141068737557594,nan,nan
emnist_letters,entmax15,2,18,0.2686092257499695,0.9053333333333333,0.90540562014033,0.282042903151918,0.7673777411592767,3.1282383533234293,nan,nan
emnist_letters,entmax15,2,19,0.2638533115386963,0.9045833333333333,0.9045585563721524,0.2941386385800991,0.7749641759598509,3.1421285056053323,nan,nan
emnist_letters,entmax15,2,20,0.2547355890274048,0.9050833333333334,0.9052225186020048,0.28593187002425496,0.7696491048691121,3.1314939361937504,nan,nan
emnist_letters,entmax15,2,21,0.25415658950805664,0.9023333333333333,0.9027933591136588,0.2936007041246333,0.7583234969605791,3.104990619294187,nan,nan
emnist_letters,entmax15,2,22,0.24181504547595978,0.9089166666666667,0.9085528231623831,0.2720151106093792,0.7562295769123321,3.1050355409054045,nan,nan
emnist_letters,entmax15,2,23,0.2353390008211136,0.9090833333333334,0.9093043179494935,0.2811186177299378,0.7441577270944068,3.0737125898929354,nan,nan
emnist_letters,entmax15,2,24,0.22909261286258698,0.91,0.9100066287563924,0.27218093263342025,0.7386948440937285,3.05991895909005,nan,nan
emnist_letters,entmax15,2,25,0.2285715788602829,0.91225,0.9124784709540866,0.2710456429643834,0.7440908551216125,3.0720337882955024,nan,nan
emnist_letters,entmax15,2,26,0.2184278815984726,0.9121666666666667,0.912263936955559,0.27542806527716046,0.739709421041164,3.0633089390206845,nan,nan
emnist_letters,entmax15,2,27,0.21786019206047058,0.9108333333333334,0.9107804573465585,0.2720130168377085,0.7389486844235278,3.0628756436895817,nan,nan
emnist_letters,entmax15,2,28,0.20891596376895905,0.9088333333333334,0.9090379187522019,0.2802045357988236,0.7372385345874949,3.0559690759537066,nan,nan
emnist_letters,entmax15,2,29,0.20783056318759918,0.9115833333333333,0.9118950810659908,0.27817321711398185,0.7350256049886663,3.0495451460493372,nan,nan
emnist_letters,entmax15,3,0,2.402925729751587,0.5329166666666667,0.5247309835962908,1.5055373475906697,0.8434735802893943,3.3479589807226304,nan,nan
emnist_letters,entmax15,3,1,1.320771336555481,0.6651666666666667,0.6581058415130978,1.0464641565972186,0.8392591216462724,3.2928985027556723,nan,nan
emnist_letters,entmax15,3,2,0.9799213409423828,0.7388333333333333,0.7366548676032654,0.8039473181075238,0.8206774440217526,3.2383631442455534,nan,nan
emnist_letters,entmax15,3,3,0.7988131642341614,0.7929166666666667,0.7920015604485326,0.6482110372249116,0.8102096566494476,3.2217327153429074,nan,nan
emnist_letters,entmax15,3,4,0.6730908155441284,0.81425,0.8129300758634902,0.5604994759914723,0.7955504947520317,3.1947175061449093,nan,nan
emnist_letters,entmax15,3,5,0.5828244686126709,0.8256666666666667,0.8245593457236862,0.5326869088284513,0.7993063298945732,3.1942556513116713,nan,nan
emnist_letters,entmax15,3,6,0.5317519903182983,0.8441666666666666,0.8425941505988619,0.48178984446728484,0.7971275309298901,3.188283768106014,nan,nan
emnist_letters,entmax15,3,7,0.4878288209438324,0.85825,0.8572829710318507,0.4389090563388581,0.7943134364929605,3.178024984420614,nan,nan
emnist_letters,entmax15,3,8,0.44682615995407104,0.86825,0.8680945731143145,0.4065812971997768,0.78938046605029,3.1615864621832017,nan,nan
emnist_letters,entmax15,3,9,0.41856712102890015,0.8791666666666667,0.8788202954827276,0.3689752867881288,0.7845838482075549,3.1519046235591808,nan,nan
emnist_letters,entmax15,3,10,0.39524146914482117,0.8844166666666666,0.8835471194439306,0.3491305835703586,0.7814284049450083,3.1453276847271208,nan,nan
emnist_letters,entmax15,3,11,0.37915655970573425,0.886,0.8856817451646001,0.34848509633794744,0.779107059570069,3.1378083152973906,nan,nan
emnist_letters,entmax15,3,12,0.36070558428764343,0.8915833333333333,0.8913531427850588,0.3333875184997599,0.779678298437849,3.1382489686316632,nan,nan
emnist_letters,entmax15,3,13,0.3464902341365814,0.89375,0.8936449728399433,0.3249170393385786,0.7717461326020829,3.118759036064148,nan,nan
emnist_letters,entmax15,3,14,0.32650038599967957,0.8988333333333334,0.8987267361538956,0.31094920096245215,0.7729946089551804,3.1194847391006792,nan,nan
emnist_letters,entmax15,3,15,0.3186112642288208,0.895,0.8954925694000768,0.3259331891511349,0.7779120073673573,3.127258833418501,nan,nan
emnist_letters,entmax15,3,16,0.3068716824054718,0.90275,0.9023990372820061,0.30789721994958025,0.7653356923701915,3.0970578142937195,nan,nan
emnist_letters,entmax15,3,17,0.29670146107673645,0.8995,0.8990857583383389,0.30936482770645873,0.763458732594835,3.090484464422185,nan,nan
emnist_letters,entmax15,3,18,0.28394147753715515,0.9023333333333333,0.9017288431148083,0.2920189296945612,0.7663577674551213,3.0936403604263956,nan,nan
emnist_letters,entmax15,3,19,0.27378883957862854,0.9053333333333333,0.9054158741223303,0.2967386819580768,0.7619114543529267,3.078935405041309,nan,nan
emnist_letters,entmax15,3,20,0.27009448409080505,0.9075833333333333,0.9073729425081739,0.2893456461581778,0.7568396329879761,3.0743226447003953,nan,nan
emnist_letters,entmax15,3,21,0.26349344849586487,0.9080833333333334,0.9075140535181745,0.28311057452191696,0.7558221360470386,3.0725075412303844,nan,nan
emnist_letters,entmax15,3,22,0.2611328065395355,0.897,0.8971992459168514,0.31253249879847184,0.749875083248666,3.0561324839896344,nan,nan
emnist_letters,entmax15,3,23,0.25596147775650024,0.908,0.907848325087926,0.2742596382790424,0.741610253110845,3.029182581191367,nan,nan
emnist_letters,entmax15,3,24,0.24414290487766266,0.9103333333333333,0.9098630490578306,0.27321726591029066,0.7533870092097749,3.0671972036361694,nan,nan
emnist_letters,entmax15,3,25,0.2383936494588852,0.9084166666666667,0.9081712669833854,0.27389199175733203,0.742352711393478,3.0322957470061933,nan,nan
emnist_letters,entmax15,3,26,0.24019640684127808,0.9105833333333333,0.9101668056024468,0.27717269544905804,0.7460975697700013,3.049176870508397,nan,nan
emnist_letters,entmax15,3,27,0.22968196868896484,0.9096666666666666,0.9092794673739086,0.27996669138999697,0.74040790631416,3.0421053729158767,nan,nan
emnist_letters,entmax15,3,28,0.22589337825775146,0.9111666666666667,0.9111172762368258,0.2731503926693125,0.7454877368947292,3.0499976290033217,nan,nan
emnist_letters,entmax15,3,29,0.22542758285999298,0.9075833333333333,0.9070386783684037,0.2950444135894167,0.7444666294341392,3.041099322603104,nan,nan
emnist_letters,entmax15,4,0,2.5164194107055664,0.47475,0.459459255142393,1.7035006386168459,0.8393317556127589,3.343299320403566,nan,nan
emnist_letters,entmax15,4,1,1.373798131942749,0.6674166666666667,0.6672700982553893,1.0408436770134784,0.8073774170368275,3.280027389526367,nan,nan
emnist_letters,entmax15,4,2,0.9713842272758484,0.7549166666666667,0.7529187248663747,0.7805424319936874,0.8018637432696971,3.2616481679551144,nan,nan
emnist_letters,entmax15,4,3,0.7822692394256592,0.8034166666666667,0.8020132805698975,0.623219444396648,0.7902144529718034,3.235425850178333,nan,nan
emnist_letters,entmax15,4,4,0.6679983735084534,0.8165,0.8161704393537489,0.5598794209196213,0.779430461056689,3.201877862849134,nan,nan
emnist_letters,entmax15,4,5,0.5864010453224182,0.8443333333333334,0.8444545845480071,0.48338982462882996,0.7704925803428001,3.1838851431582835,nan,nan
emnist_letters,entmax15,4,6,0.5218388438224792,0.8470833333333333,0.8489776687676122,0.4803055296552942,0.7748231982931177,3.1845649962729596,nan,nan
emnist_letters,entmax15,4,7,0.47215813398361206,0.8584166666666667,0.8590498298210657,0.4296575473978164,0.7623249501624005,3.155235041963293,nan,nan
emnist_letters,entmax15,4,8,0.4335334300994873,0.8534166666666667,0.8548148466979029,0.44835371159492654,0.7588664686426203,3.1478326269920838,nan,nan
emnist_letters,entmax15,4,9,0.4050346314907074,0.865,0.8651186076236895,0.40347355413944164,0.7556385416933831,3.1321221184223256,nan,nan
emnist_letters,entmax15,4,10,0.38492006063461304,0.8808333333333334,0.8815317932541095,0.3571043204753957,0.7562601896042519,3.1370600005413625,nan,nan
emnist_letters,entmax15,4,11,0.35840675234794617,0.8845833333333334,0.8850651684447298,0.34414242081185603,0.7534874760090037,3.1266866161468183,nan,nan
emnist_letters,entmax15,4,12,0.34559062123298645,0.8895,0.889730651666206,0.3310202661346882,0.7577286597262037,3.1356378007442394,nan,nan
emnist_letters,entmax15,4,13,0.3321717083454132,0.88525,0.8858988843024349,0.3337665621904617,0.7504456645630776,3.113607492852718,nan,nan
emnist_letters,entmax15,4,14,0.3161080777645111,0.8863333333333333,0.8867695903188917,0.33557925484281903,0.757143681353711,3.1300134126176227,nan,nan
emnist_letters,entmax15,4,15,0.30752480030059814,0.8935833333333333,0.8940912840988744,0.3210600925252793,0.7495734907211141,3.1150861572712025,nan,nan
emnist_letters,entmax15,4,16,0.29001399874687195,0.8989166666666667,0.8992103868548942,0.2968461846417569,0.7423299639783008,3.0970796980756394,nan,nan
emnist_letters,entmax15,4,17,0.2876202166080475,0.8966666666666666,0.8966504768134722,0.3061302088676615,0.7363997317375021,3.080172929357975,nan,nan
emnist_letters,entmax15,4,18,0.28039371967315674,0.9003333333333333,0.9008517097957593,0.2962491807151348,0.73831071435137,3.0881275851675807,nan,nan
emnist_letters,entmax15,4,19,0.2699885666370392,0.8906666666666667,0.8917110525304034,0.33325514324167943,0.7348471696072436,3.076644205032511,nan,nan
emnist_letters,entmax15,4,20,0.2630014419555664,0.89525,0.8955815981566052,0.3160571256216536,0.7372323128771274,3.0852553616178797,nan,nan
emnist_letters,entmax15,4,21,0.2546127140522003,0.89625,0.8960848759339892,0.30179727331120915,0.7374033553803221,3.0750288151680154,nan,nan
emnist_letters,entmax15,4,22,0.24695570766925812,0.9061666666666667,0.9062015683262232,0.28041086234944934,0.7382930371355503,3.077995295220233,nan,nan
emnist_letters,entmax15,4,23,0.2429628074169159,0.9018333333333334,0.9025409754889918,0.29201312775307514,0.7355154543480975,3.074363888578212,nan,nan
emnist_letters,entmax15,4,24,0.23816144466400146,0.9066666666666666,0.9073837681509548,0.2803646893577373,0.7341468746357775,3.0700930255524654,nan,nan
emnist_letters,entmax15,4,25,0.2354128360748291,0.9050833333333334,0.905032323938837,0.2913060651180592,0.7407682132213673,3.080134612448672,nan,nan
emnist_letters,entmax15,4,26,0.2217698097229004,0.907,0.9073338908121412,0.277288315461037,0.7374424224204206,3.0721726772633007,nan,nan
emnist_letters,entmax15,4,27,0.22008483111858368,0.9085833333333333,0.9085303254775083,0.2802482266375359,0.736976128943423,3.0762334580117083,nan,nan
emnist_letters,entmax15,4,28,0.2204902321100235,0.9024166666666666,0.9026211337521097,0.2912560955007025,0.7320684441860686,3.059590996579921,nan,nan
emnist_letters,entmax15,4,29,0.21398493647575378,0.9069166666666667,0.9074331520760501,0.28667749337693477,0.7320251395093634,3.056719282840161,nan,nan
emnist_letters,entmax15,5,0,2.396422863006592,0.51625,0.4918763395664735,1.4902772320077775,0.7774976257314073,3.2060385967822786,nan,nan
emnist_letters,entmax15,5,1,1.268079161643982,0.6756666666666666,0.6681060091361725,1.0029700715491112,0.7926483750343323,3.24606036632619,nan,nan
emnist_letters,entmax15,5,2,0.967826783657074,0.7483333333333333,0.7433956117023839,0.7763901860155957,0.7957485768389194,3.236599937398383,nan,nan
emnist_letters,entmax15,5,3,0.8022484183311462,0.7636666666666667,0.7617336843319336,0.7049849464538249,0.7822847233173695,3.193923975558991,nan,nan
emnist_letters,entmax15,5,4,0.6915631294250488,0.8144166666666667,0.8130369094764972,0.5756567551734599,0.7676557911203262,3.1443128357542323,nan,nan
emnist_letters,entmax15,5,5,0.6075872778892517,0.8333333333333334,0.8320839962515832,0.517080360270561,0.7630019333768399,3.137530933035181,nan,nan
emnist_letters,entmax15,5,6,0.5432977080345154,0.8515833333333334,0.8495781941661108,0.4573039108134331,0.7701317186051226,3.1490594300817936,nan,nan
emnist_letters,entmax15,5,7,0.5006104707717896,0.8668333333333333,0.8661295375680195,0.4046210849538763,0.7606213479600055,3.13241493448298,nan,nan
emnist_letters,entmax15,5,8,0.46560153365135193,0.8738333333333334,0.8728078472657637,0.38587785971925614,0.7605715083315018,3.128692018224838,nan,nan
emnist_letters,entmax15,5,9,0.4359992742538452,0.8765833333333334,0.8755386481726481,0.3828955337088159,0.7590317510543986,3.1280611398372242,nan,nan
emnist_letters,entmax15,5,10,0.40558427572250366,0.8804166666666666,0.8799565385404795,0.3584331641805933,0.7648133559429899,3.140312357151762,nan,nan
emnist_letters,entmax15,5,11,0.39503899216651917,0.8876666666666667,0.8867680328158657,0.33709055502363977,0.755989283323288,3.1193331606844636,nan,nan
emnist_letters,entmax15,5,12,0.36581334471702576,0.8896666666666667,0.8892360218275253,0.33254685205347995,0.7542311929641886,3.1091126457173774,nan,nan
emnist_letters,entmax15,5,13,0.3521619737148285,0.8874166666666666,0.8875595869721165,0.33211254629682985,0.7574505634764408,3.124368873048336,nan,nan
emnist_letters,entmax15,5,14,0.33429038524627686,0.8984166666666666,0.8973900041822787,0.3037040582362642,0.7570606920313327,3.1243920782779124,nan,nan
emnist_letters,entmax15,5,15,0.3263654112815857,0.90125,0.9007742476336696,0.3028497895661821,0.756296991033757,3.1231177512635577,nan,nan
emnist_letters,entmax15,5,16,0.31735965609550476,0.9001666666666667,0.9001665187028388,0.29769518052009825,0.7528518229088885,3.111724483205917,nan,nan
emnist_letters,entmax15,5,17,0.3081631660461426,0.901,0.9002553893673183,0.2816871629750475,0.7504511500926728,3.1000620633997817,nan,nan
emnist_letters,entmax15,5,18,0.2945745885372162,0.8979166666666667,0.8976239786161481,0.2910539488843147,0.7559520874885802,3.1096797953260706,nan,nan
emnist_letters,entmax15,5,19,0.29077792167663574,0.9036666666666666,0.903570291338978,0.2816032586579627,0.7563328070843474,3.1083272847723453,nan,nan
emnist_letters,entmax15,5,20,0.27809232473373413,0.9078333333333334,0.9079313764282161,0.27653345243727906,0.7482019561402341,3.094732391073349,nan,nan
emnist_letters,entmax15,5,21,0.2749371826648712,0.9031666666666667,0.9026268286899681,0.2818462347730677,0.7448221001219242,3.0857758471306336,nan,nan
emnist_letters,entmax15,5,22,0.2689023017883301,0.9089166666666667,0.9091155969255933,0.26471014098918183,0.7435158066293026,3.0820276711849455,nan,nan
emnist_letters,entmax15,5,23,0.2554807960987091,0.9084166666666667,0.9079352486559671,0.264421968066946,0.7479624285342845,3.0944638759531875,nan,nan
emnist_letters,entmax15,5,24,0.2531697452068329,0.9079166666666667,0.9076976474339141,0.27951015500312154,0.7410895678591221,3.0730800425752682,nan,nan
emnist_letters,entmax15,5,25,0.2432500720024109,0.91325,0.912887791599419,0.2601628604721516,0.7412911127222345,3.0769954133541026,nan,nan
emnist_letters,entmax15,5,26,0.24144841730594635,0.9124166666666667,0.9123491148712841,0.26489896216291065,0.737659326893218,3.0694792042387293,nan,nan
emnist_letters,entmax15,5,27,0.23790141940116882,0.9055833333333333,0.9048463155027405,0.27815134316048723,0.7410262620195429,3.0754530125475945,nan,nan
emnist_letters,entmax15,5,28,0.2285221964120865,0.911,0.9111584673725539,0.260316549780521,0.7394759718407976,3.0658106956076114,nan,nan
emnist_letters,entmax15,5,29,0.23043349385261536,0.9213333333333333,0.9210831355243069,0.2474761186762059,0.7363282645002325,3.061010467245224,nan,nan
emnist_letters,entmax15,6,0,2.416724681854248,0.5299166666666667,0.5264144305419676,1.5093816544147247,0.7621573843854539,3.1474550632720297,nan,nan
emnist_letters,entmax15,6,1,1.3010038137435913,0.68025,0.6750479867493604,1.0075230611131547,0.7691249631820841,3.1769714989560716,nan,nan
emnist_letters,entmax15,6,2,0.9525234699249268,0.75075,0.7489581081283446,0.7860789222920195,0.767231582327092,3.166202075937961,nan,nan
emnist_letters,entmax15,6,3,0.7575235366821289,0.792,0.7904719060558676,0.6517125203254375,0.7777403066767022,3.189588341307133,nan,nan
emnist_letters,entmax15,6,4,0.6416712999343872,0.8285,0.8272786096267553,0.5359597922639644,0.7841474198280497,3.194986622384254,nan,nan
emnist_letters,entmax15,6,5,0.5551804304122925,0.8511666666666666,0.8498316928605815,0.4602429689245021,0.7724731152362012,3.1634686779468617,nan,nan
emnist_letters,entmax15,6,6,0.49590185284614563,0.8518333333333333,0.8503994866126348,0.4582777885680503,0.7762398745151277,3.1682236777975206,nan,nan
emnist_letters,entmax15,6,7,0.45581796765327454,0.8694166666666666,0.8692039533351544,0.40719532459340196,0.7745213242287331,3.166579875540226,nan,nan
emnist_letters,entmax15,6,8,0.42006251215934753,0.8730833333333333,0.872681257546004,0.39262561214731095,0.7767332063076344,3.165418056731528,nan,nan
emnist_letters,entmax15,6,9,0.3952305316925049,0.87925,0.8783866939507904,0.3755993849419533,0.7770307330375023,3.1590712603102338,nan,nan
emnist_letters,entmax15,6,10,0.37595537304878235,0.8781666666666667,0.877841621970965,0.36971362220480086,0.7731492221355438,3.1503681147352176,nan,nan
emnist_letters,entmax15,6,11,0.35603827238082886,0.88875,0.8885040656243943,0.33866651768380024,0.7728584040986731,3.1487602249104927,nan,nan
emnist_letters,entmax15,6,12,0.34231898188591003,0.8933333333333333,0.8924269831705648,0.323614535813636,0.7727423544893873,3.1466230306219547,nan,nan
emnist_letters,entmax15,6,13,0.3201768100261688,0.8935833333333333,0.8927935231517945,0.32211453071300017,0.772207184674892,3.149981016808368,nan,nan
emnist_letters,entmax15,6,14,0.31095731258392334,0.8966666666666666,0.896226070228047,0.31132461701301817,0.7714629166937889,3.1431305408477783,nan,nan
emnist_letters,entmax15,6,15,0.30273398756980896,0.8971666666666667,0.8965092425253983,0.3083104205892441,0.7666065046127807,3.1359114165001727,nan,nan
emnist_letters,entmax15,6,16,0.2916560769081116,0.899,0.8985571029097102,0.30771872337828293,0.7557229399681091,3.103960465877614,nan,nan
emnist_letters,entmax15,6,17,0.2843567430973053,0.8986666666666666,0.8979310600587695,0.3114012229315778,0.7560481752486939,3.1062280725925526,nan,nan
emnist_letters,entmax15,6,18,0.27702710032463074,0.9026666666666666,0.9020421259885083,0.29182737495036837,0.7529591093672082,3.1075216607844576,nan,nan
emnist_letters,entmax15,6,19,0.2693158686161041,0.9059166666666667,0.9055639171254134,0.2921546906866926,0.7550210096734635,3.103869473680537,nan,nan
emnist_letters,entmax15,6,20,0.264638751745224,0.9005833333333333,0.9001110628388201,0.2988010052036732,0.7584086415615487,3.108180451900401,nan,nan
emnist_letters,entmax15,6,21,0.2566022574901581,0.9065833333333333,0.9058285872833459,0.28243233073264995,0.7529476652754113,3.092345217440991,nan,nan
emnist_letters,entmax15,6,22,0.24963240325450897,0.9011666666666667,0.8999848984385925,0.29482347470648745,0.7528941751794612,3.0949498288174895,nan,nan
emnist_letters,entmax15,6,23,0.2493458092212677,0.9059166666666667,0.9049852529219561,0.29293968988225816,0.7432346242539426,3.0737978498986425,nan,nan
emnist_letters,entmax15,6,24,0.23655582964420319,0.9103333333333333,0.9096438215356096,0.28141224479421656,0.7496788286148234,3.0881609155776655,nan,nan
emnist_letters,entmax15,6,25,0.23054686188697815,0.9091666666666667,0.9083821743735457,0.27930965227015475,0.7487767440207461,3.0876271750064608,nan,nan
emnist_letters,entmax15,6,26,0.22303184866905212,0.9121666666666667,0.9113583448465679,0.268652414070799,0.7534360181778035,3.0912093989392546,nan,nan
emnist_letters,entmax15,6,27,0.22279325127601624,0.914,0.9134521874540323,0.26831374777124284,0.7513466997349516,3.0918134045093617,nan,nan
emnist_letters,entmax15,6,28,0.2151179313659668,0.9090833333333334,0.9085082055763037,0.27084711447675175,0.7469575392439011,3.0816029411681156,nan,nan
emnist_letters,entmax15,6,29,0.2134293168783188,0.9083333333333333,0.9076700136314222,0.2793883414978677,0.740530732464283,3.065059976374849,nan,nan
emnist_letters,entmax15,7,0,2.445073127746582,0.4666666666666667,0.45368585163692327,1.692790947061904,0.7507708421412934,3.085780186856047,nan,nan
emnist_letters,entmax15,7,1,1.4191604852676392,0.6395,0.6327066876930885,1.1398446864270149,0.7964296721397562,3.2185047509822438,nan,nan
emnist_letters,entmax15,7,2,1.0014677047729492,0.7343333333333333,0.7320553889163534,0.8269667764927479,0.8111619061612069,3.2636675352745868,nan,nan
emnist_letters,entmax15,7,3,0.7804110646247864,0.7746666666666666,0.773312951208118,0.6860818355641467,0.8174768020497992,3.2702307650383484,nan,nan
emnist_letters,entmax15,7,4,0.6536394357681274,0.8175833333333333,0.8178571004229346,0.5560152606761202,0.8072979951158483,3.245684780973069,nan,nan
emnist_letters,entmax15,7,5,0.5614758729934692,0.8428333333333333,0.8421955691147847,0.47033430540815313,0.7944434139322727,3.2067820290301707,nan,nan
emnist_letters,entmax15,7,6,0.49780359864234924,0.8465833333333334,0.8470338041192165,0.4569524976801365,0.7958714226458935,3.2000880926213364,nan,nan
emnist_letters,entmax15,7,7,0.45825064182281494,0.8693333333333333,0.8690122831417005,0.3956952215509212,0.8023353954578968,3.2039097598258484,nan,nan
emnist_letters,entmax15,7,8,0.4165688753128052,0.8745,0.8747537658997268,0.3792408679394012,0.7912900733186844,3.1749659523050835,nan,nan
emnist_letters,entmax15,7,9,0.38584813475608826,0.8760833333333333,0.876452334963813,0.367632361168557,0.7857131032233543,3.1496392260206507,nan,nan
emnist_letters,entmax15,7,10,0.3702932298183441,0.8775833333333334,0.8774087940599073,0.3721512879462952,0.7859255538341847,3.153634885524182,nan,nan
emnist_letters,entmax15,7,11,0.3483543395996094,0.8885,0.888701646003236,0.3311663621917684,0.7865869929181769,3.1508773413110287,nan,nan
emnist_letters,entmax15,7,12,0.33259788155555725,0.8873333333333333,0.8877121619327517,0.3456156437701367,0.7796671105192062,3.1301684024486134,nan,nan
emnist_letters,entmax15,7,13,0.3191722631454468,0.897,0.8971375130153003,0.3192300555553842,0.7803874966946054,3.12449630270613,nan,nan
emnist_letters,entmax15,7,14,0.30773741006851196,0.8928333333333334,0.8930359730566255,0.32553432881832123,0.7804262454205371,3.119483785426363,nan,nan
emnist_letters,entmax15,7,15,0.29804202914237976,0.8995,0.9000348183453115,0.3103170562931832,0.78014046080569,3.117157390777101,nan,nan
emnist_letters,entmax15,7,16,0.28584638237953186,0.90075,0.9006526815458938,0.3021272493803755,0.77550578244189,3.1064424920589366,nan,nan
emnist_letters,entmax15,7,17,0.27072155475616455,0.9045,0.9049252261956197,0.293515662880654,0.7733761940864806,3.098605110290203,nan,nan
emnist_letters,entmax15,7,18,0.26598161458969116,0.90025,0.8998165472826253,0.30298003744571766,0.7745400026757666,3.102884206366032,nan,nan
emnist_letters,entmax15,7,19,0.25780394673347473,0.90525,0.9055862626022623,0.2966391992695788,0.7749554965090244,3.0991494452699704,nan,nan
emnist_letters,entmax15,7,20,0.25300729274749756,0.9021666666666667,0.9024927486108955,0.2949116515352371,0.7682424555433557,3.074776738247973,nan,nan
emnist_letters,entmax15,7,21,0.24164487421512604,0.9056666666666666,0.9058626639103269,0.2880982778807904,0.7678799813098096,3.0758172628727367,nan,nan
emnist_letters,entmax15,7,22,0.23858049511909485,0.9083333333333333,0.9086744514948321,0.2859700236548769,0.7685370286728473,3.0806247452472117,nan,nan
emnist_letters,entmax15,7,23,0.23051773011684418,0.9089166666666667,0.909122974784498,0.282744917146703,0.7621981330374454,3.0633426169131663,nan,nan
emnist_letters,entmax15,7,24,0.22451655566692352,0.9075833333333333,0.9078752504834503,0.2863981270409645,0.748105693370738,3.032538652420044,nan,nan
emnist_letters,entmax15,7,25,0.21511095762252808,0.9078333333333334,0.908133584217157,0.29100038238028264,0.7586594452249243,3.0521796535938344,nan,nan
emnist_letters,entmax15,7,26,0.2162710428237915,0.90775,0.9076594523324497,0.28942023471314854,0.7512996139678549,3.034318261958183,nan,nan
emnist_letters,entmax15,7,27,0.21670052409172058,0.9111666666666667,0.9117029100199223,0.2824639830183476,0.7492528938232584,3.0309831132280065,nan,nan
emnist_letters,entmax15,7,28,0.2111164927482605,0.9074166666666666,0.9077948992302625,0.2929088828411508,0.7361768915298137,2.99730088862967,nan,nan
emnist_letters,entmax15,7,29,0.20492702722549438,0.91,0.9102152306229521,0.2831187403582512,0.7472188377634008,3.0190073936543564,nan,nan
emnist_letters,entmax15,8,0,2.3873729705810547,0.45575,0.44408116612847404,1.7419172525405884,0.8714091733415076,3.4575916122882924,nan,nan
emnist_letters,entmax15,8,1,1.4553380012512207,0.6486666666666666,0.6448194075856846,1.112678811905232,0.8299630969128711,3.3309305018567024,nan,nan
emnist_letters,entmax15,8,2,0.9992037415504456,0.7350833333333333,0.7322551601598511,0.8315085616517575,0.8097586466910991,3.2438611527706716,nan,nan
emnist_letters,entmax15,8,3,0.7932014465332031,0.78,0.778322259753206,0.6967308305679484,0.7975612225684714,3.175681403342714,nan,nan
emnist_letters,entmax15,8,4,0.6669933795928955,0.80875,0.80458529461496,0.5892361415193436,0.7857486288598243,3.131758712707682,nan,nan
emnist_letters,entmax15,8,5,0.5795049667358398,0.8354166666666667,0.834155567165192,0.5210498469941159,0.7829046636185748,3.1130761542218797,nan,nan
emnist_letters,entmax15,8,6,0.5177809596061707,0.859,0.8584505355665306,0.44334708502952086,0.7727831589414719,3.088505689133989,nan,nan
emnist_letters,entmax15,8,7,0.47094833850860596,0.8654166666666666,0.864531176756564,0.42895785544780973,0.7594696511613562,3.056933910288709,nan,nan
emnist_letters,entmax15,8,8,0.4330388307571411,0.8695,0.8681704902674265,0.3952461385980566,0.7642078247476132,3.064271774697811,nan,nan
emnist_letters,entmax15,8,9,0.40641072392463684,0.8785833333333334,0.8776080705880306,0.37285772948823076,0.759625996046878,3.0554378032684326,nan,nan
emnist_letters,entmax15,8,10,0.382090300321579,0.881,0.8803628480816333,0.36863769400627056,0.7570407574481153,3.0486116789756936,nan,nan
emnist_letters,entmax15,8,11,0.3668074905872345,0.88975,0.8886557316926483,0.3488329138527525,0.7446212204212838,3.014964981282011,nan,nan
emnist_letters,entmax15,8,12,0.3505125641822815,0.8878333333333334,0.8859330417349136,0.3493298961127058,0.7535340354797688,3.0384152848669825,nan,nan
emnist_letters,entmax15,8,13,0.3342040777206421,0.8903333333333333,0.8891455144428827,0.3345130428354791,0.7566545104726832,3.043873903599191,nan,nan
emnist_letters,entmax15,8,14,0.3230486512184143,0.89375,0.8925801796455808,0.33045330960699854,0.7508729258750347,3.032728131781233,nan,nan
emnist_letters,entmax15,8,15,0.30880871415138245,0.9005,0.8999931358500864,0.3133671829041014,0.7515057978477884,3.0324398279190063,nan,nan
emnist_letters,entmax15,8,16,0.2949489951133728,0.9018333333333334,0.9011286590595707,0.30757561104094727,0.7466265901606134,3.0244179761156125,nan,nan
emnist_letters,entmax15,8,17,0.2899579703807831,0.9006666666666666,0.899747131133798,0.31007765899313255,0.7450129827286335,3.024008788961045,nan,nan
emnist_letters,entmax15,8,18,0.27989184856414795,0.90075,0.9000554454990005,0.3123999000229734,0.7422963234972446,3.0206653995716826,nan,nan
emnist_letters,entmax15,8,19,0.27090492844581604,0.9018333333333334,0.9010223898481811,0.29638649459849015,0.7409995439204764,3.015514206379018,nan,nan
emnist_letters,entmax15,8,20,0.2613549530506134,0.90325,0.9019864963240709,0.29743277931467016,0.7279538715139349,2.979076453979979,nan,nan
emnist_letters,entmax15,8,21,0.25296300649642944,0.90675,0.9059050689067069,0.29110023728076445,0.7375521203304859,3.005803108215332,nan,nan
emnist_letters,entmax15,8,22,0.24985575675964355,0.9106666666666666,0.9098698576656763,0.28396635359906136,0.7292179839408144,2.9865736682364283,nan,nan
emnist_letters,entmax15,8,23,0.23809963464736938,0.90675,0.905880116777552,0.28911584298661414,0.7272099345288379,2.9786599925223816,nan,nan
emnist_letters,entmax15,8,24,0.23622830212116241,0.9081666666666667,0.9073642978919617,0.2775628607957921,0.7328785163290957,2.993959236652293,nan,nan
emnist_letters,entmax15,8,25,0.22932125627994537,0.9095833333333333,0.9087321584926352,0.2854135318639431,0.7217444523851922,2.9719160972757543,nan,nan
emnist_letters,entmax15,8,26,0.22257457673549652,0.9078333333333334,0.9073057775681708,0.28918813137297933,0.7256417990999019,2.9852258778632956,nan,nan
emnist_letters,entmax15,8,27,0.2188263237476349,0.9109166666666667,0.9098756964288781,0.285273570012539,0.7280836745779565,2.987789861699368,nan,nan
emnist_letters,entmax15,8,28,0.2190869301557541,0.9066666666666666,0.9058782457036975,0.2915033352501849,0.723694495698239,2.9799891050825726,nan,nan
emnist_letters,entmax15,8,29,0.21147114038467407,0.9129166666666667,0.9119521154755043,0.2835407520228244,0.715588648268517,2.9535344484004566,nan,nan
emnist_letters,entmax15,9,0,2.4880738258361816,0.4706666666666667,0.45398815413712545,1.6694367439188855,0.8017922031118515,3.265752591985337,nan,nan
emnist_letters,entmax15,9,1,1.3550431728363037,0.6390833333333333,0.6326007216547519,1.1133594779258078,0.8186395066849729,3.2920802527285637,nan,nan
emnist_letters,entmax15,9,2,0.9584392309188843,0.7493333333333333,0.7465037294337932,0.7771170722677353,0.8165692154397356,3.271018327550685,nan,nan
emnist_letters,entmax15,9,3,0.7660953402519226,0.7943333333333333,0.7929933190214484,0.6398035566857521,0.8022664715635016,3.223653423025253,nan,nan
emnist_letters,entmax15,9,4,0.6412106156349182,0.8260833333333333,0.8240893366383445,0.5259356625536655,0.7902452901322791,3.193021682982749,nan,nan
emnist_letters,entmax15,9,5,0.555810272693634,0.847,0.8467762909660485,0.4675445334708437,0.7831247651830633,3.1689056031247405,nan,nan
emnist_letters,entmax15,9,6,0.4934092164039612,0.8615833333333334,0.8605812689526607,0.4157581031322479,0.7836017919347641,3.1718494816029326,nan,nan
emnist_letters,entmax15,9,7,0.44756054878234863,0.8593333333333333,0.8586975519941942,0.41941988848625344,0.780875654296672,3.161483769721173,nan,nan
emnist_letters,entmax15,9,8,0.4175468981266022,0.8723333333333333,0.871728639232514,0.37061568967839503,0.7735981770018314,3.138883649034703,nan,nan
emnist_letters,entmax15,9,9,0.38223394751548767,0.8888333333333334,0.8880944237928443,0.3385001173678865,0.7661155956856748,3.1241886412843747,nan,nan
emnist_letters,entmax15,9,10,0.36229920387268066,0.8861666666666667,0.8856231694004987,0.3422367426943272,0.7553429901599884,3.098651061666773,nan,nan
emnist_letters,entmax15,9,11,0.34163758158683777,0.8879166666666667,0.887139799981844,0.34218338861110364,0.7641751062362752,3.1154697524740342,nan,nan
emnist_letters,entmax15,9,12,0.3330349028110504,0.8883333333333333,0.8879004715680057,0.3359609652072825,0.7607105602609351,3.1049153398960194,nan,nan
emnist_letters,entmax15,9,13,0.31346839666366577,0.8968333333333334,0.8961938368347896,0.316439854337814,0.7537818842745841,3.076069010064957,nan,nan
emnist_letters,entmax15,9,14,0.30037784576416016,0.8965833333333333,0.8953279132875754,0.30997375065976,0.7488364190497296,3.065002124360267,nan,nan
emnist_letters,entmax15,9,15,0.2917233109474182,0.8985,0.8984284751780686,0.30559130044693644,0.7458970318449304,3.063763808696828,nan,nan
emnist_letters,entmax15,9,16,0.2848977744579315,0.9005,0.9001136911040288,0.3062295352524899,0.7434236692621353,3.0572629735824908,nan,nan
emnist_letters,entmax15,9,17,0.2749443054199219,0.9055,0.9051136856100689,0.29767278724528373,0.7401030025583633,3.0487401739079902,nan,nan
emnist_letters,entmax15,9,18,0.2617931365966797,0.9088333333333334,0.9081618569209368,0.2864922196307081,0.7280459010854681,3.026097033886199,nan,nan
emnist_letters,entmax15,9,19,0.2595786154270172,0.9086666666666666,0.9083050434456077,0.2784971617003705,0.725687527910192,3.006674921258967,nan,nan
emnist_letters,entmax15,9,20,0.25626227259635925,0.9028333333333334,0.9022106222326015,0.29509568753394677,0.7336079674832364,3.0202334256882364,nan,nan
emnist_letters,entmax15,9,21,0.24796049296855927,0.9104166666666667,0.9104575606845634,0.2787995607929027,0.7337236607328375,3.0299100216398847,nan,nan
emnist_letters,entmax15,9,22,0.24260812997817993,0.91125,0.9109234695160336,0.27317611968263666,0.728007658364925,3.013961282182247,nan,nan
emnist_letters,entmax15,9,23,0.23277650773525238,0.90925,0.908611104797214,0.2810808046067015,0.7230031477644089,3.0013676831062805,nan,nan
emnist_letters,entmax15,9,24,0.23436188697814941,0.913,0.9129440961055416,0.2688315919739135,0.7153023741346725,2.994776839905597,nan,nan
emnist_letters,entmax15,9,25,0.22643865644931793,0.907,0.9066144937523037,0.2946117697878087,0.7109760090391687,2.9755034928626203,nan,nan
emnist_letters,entmax15,9,26,0.21887539327144623,0.9150833333333334,0.9144969240599067,0.2685658557617918,0.7132715449688283,2.982827528994134,nan,nan
emnist_letters,entmax15,9,27,0.2191239893436432,0.9108333333333334,0.9102642628968194,0.2781626908703053,0.7202176020500508,3.00676388943449,nan,nan
emnist_letters,entmax15,9,28,0.21314460039138794,0.913,0.9125951566558489,0.2702062726020813,0.7197965947871513,2.9970018965132694,nan,nan
emnist_letters,entmax15,9,29,0.2081569880247116,0.912,0.9118856794786585,0.27913260745241286,0.7058526562883499,2.966506197097454,nan,nan
emnist_letters,headwise_adaptive_entmax,0,0,2.3878254890441895,0.48583333333333334,0.47456924986970617,1.5951843921174393,0.8101359428243434,3.299378790753953,1.5030266642570496,0.0057343714870512486
emnist_letters,headwise_adaptive_entmax,0,1,1.3807823657989502,0.6418333333333334,0.6388332258052782,1.1146338442538648,0.8181243614947542,3.2987751275935073,1.5015943050384521,0.008409352041780949
emnist_letters,headwise_adaptive_entmax,0,2,0.9725367426872253,0.73875,0.7368163430142644,0.810995415170142,0.8256888154973375,3.2957983853969166,1.5003014206886292,0.007978040957823396
emnist_letters,headwise_adaptive_entmax,0,3,0.7623422145843506,0.7960833333333334,0.7927723717953566,0.6113261231716643,0.8287302439517163,3.2941694285007235,1.5003029704093933,0.008155628107488155
emnist_letters,headwise_adaptive_entmax,0,4,0.6347184181213379,0.8289166666666666,0.8282133621996166,0.5365649696360243,0.8231818086289345,3.2736708712070546,1.5005114078521729,0.008275347063317895
emnist_letters,headwise_adaptive_entmax,0,5,0.5466375350952148,0.8536666666666667,0.8526005068145992,0.4577358479195453,0.8163370819801979,3.2486428377476146,1.5005622506141663,0.008660732069984078
emnist_letters,headwise_adaptive_entmax,0,6,0.4902518391609192,0.864,0.8628688929338876,0.4204245057511837,0.8260855484516063,3.2672752852135516,1.4999086260795593,0.00942452298477292
emnist_letters,headwise_adaptive_entmax,0,7,0.4500548839569092,0.8624166666666667,0.86107412068222,0.42011349251929747,0.8215228065531305,3.2592359603719507,1.4993059039115906,0.009719917085021734
emnist_letters,headwise_adaptive_entmax,0,8,0.4163009822368622,0.8808333333333334,0.8793760009437599,0.36408889071738465,0.8249426756767516,3.2588815536904843,1.4985378980636597,0.00994466571137309
emnist_letters,headwise_adaptive_entmax,0,9,0.3883523643016815,0.88075,0.8792855466372165,0.3629345697291354,0.8243834148062036,3.2492781801426665,1.4976034760475159,0.010244647972285748
emnist_letters,headwise_adaptive_entmax,0,10,0.3686337471008301,0.89,0.8890233272859405,0.3337514597050687,0.8183747701188351,3.2286857468016605,1.4967724680900574,0.010318791028112173
emnist_letters,headwise_adaptive_entmax,0,11,0.3477838635444641,0.8861666666666667,0.8851229297032468,0.34709088314086833,0.8196610985918248,3.2307882816233535,1.4960296750068665,0.010205733589828014
emnist_letters,headwise_adaptive_entmax,0,12,0.33578380942344666,0.889,0.8877694971118252,0.33225548584410486,0.8167309431319542,3.2214641723226993,1.495374619960785,0.010134132578969002
emnist_letters,headwise_adaptive_entmax,0,13,0.31721845269203186,0.8990833333333333,0.8979840649071242,0.30923535405321323,0.814403863029277,3.2157336625647037,1.4947590827941895,0.01016890024766326
emnist_letters,headwise_adaptive_entmax,0,14,0.3068693280220032,0.8989166666666667,0.8972901236366005,0.30358742304304814,0.8150013805703914,3.213598994498557,1.4939717054367065,0.010215716902166605
emnist_letters,headwise_adaptive_entmax,0,15,0.2999548614025116,0.9004166666666666,0.8989330782185736,0.30871757547906103,0.8137242020444667,3.206017217737563,1.493177056312561,0.01063012657687068
emnist_letters,headwise_adaptive_entmax,0,16,0.28504350781440735,0.9069166666666667,0.9055230158317606,0.28558180909207526,0.8127695486900655,3.193557663166777,1.4927590489387512,0.011035277042537928
emnist_letters,headwise_adaptive_entmax,0,17,0.279712051153183,0.9075,0.9063689465977695,0.28053112835326094,0.8125740042392243,3.19154588465995,1.492080569267273,0.011143521405756474
emnist_letters,headwise_adaptive_entmax,0,18,0.267101913690567,0.9046666666666666,0.9029018568721372,0.2906828097840573,0.8140530015559907,3.1942965730707695,1.4916540384292603,0.011072050780057907
emnist_letters,headwise_adaptive_entmax,0,19,0.2570958435535431,0.9,0.8986179346075402,0.30478728546741163,0.8046042570408355,3.1814044232064105,1.4908409118652344,0.010901415254920721
emnist_letters,headwise_adaptive_entmax,0,20,0.254353404045105,0.9065833333333333,0.9053954143121985,0.2784759177172438,0.8085895561157389,3.184249872856952,1.4899972081184387,0.011018607299774885
emnist_letters,headwise_adaptive_entmax,0,21,0.24878735840320587,0.90825,0.907055467636192,0.28457631614614043,0.8072823850398368,3.179643065371412,1.4894022941589355,0.01120598753914237
emnist_letters,headwise_adaptive_entmax,0,22,0.23875772953033447,0.9088333333333334,0.9073942032713916,0.2735767205978962,0.8048140330517546,3.1771552309076836,1.4888958930969238,0.01142088370397687
emnist_letters,headwise_adaptive_entmax,0,23,0.23893317580223083,0.9110833333333334,0.9096497349816519,0.2796256865592713,0.7973188155509056,3.167987303530916,1.4883179664611816,0.011081913951784372
emnist_letters,headwise_adaptive_entmax,0,24,0.2319336235523224,0.90825,0.9069343725124465,0.2842031130765347,0.8024677456693446,3.173945690723176,1.4873643517494202,0.011126849800348282
emnist_letters,headwise_adaptive_entmax,0,25,0.22734464704990387,0.91025,0.9090388491856722,0.2719309301452434,0.7938426073561323,3.1603687392904405,1.4866812229156494,0.011143278330564499
emnist_letters,headwise_adaptive_entmax,0,26,0.2173755019903183,0.9109166666666667,0.9093497294627787,0.27210904721249923,0.7935254351889833,3.1522642374038696,1.4858739376068115,0.01087105693295598
emnist_letters,headwise_adaptive_entmax,0,27,0.21818576753139496,0.9123333333333333,0.9110412504300989,0.2705140446728848,0.8013317534264098,3.162991021541839,1.4854608178138733,0.010570586659014225
emnist_letters,headwise_adaptive_entmax,0,28,0.2106083184480667,0.9108333333333334,0.909826514656862,0.27847653151826657,0.8051554167524297,3.170345161823516,1.484839379787445,0.0105359829030931
emnist_letters,headwise_adaptive_entmax,0,29,0.20612159371376038,0.9139166666666667,0.9126696176750382,0.27145424453502004,0.8012045666258386,3.166966679248404,1.4836878776550293,0.010445103980600834
emnist_letters,headwise_adaptive_entmax,1,0,2.4545159339904785,0.4994166666666667,0.4892623042708273,1.6394335640237687,0.7509341569657021,3.1444412368409176,1.5018099546432495,0.0055124766658991575
emnist_letters,headwise_adaptive_entmax,1,1,1.3704971075057983,0.678,0.6737759328027605,1.024161972898118,0.8006217606524204,3.227415678348947,1.5017330646514893,0.006804116535931826
emnist_letters,headwise_adaptive_entmax,1,2,0.9794871807098389,0.7194166666666667,0.7156304363899331,0.8729622059680046,0.8064048512184874,3.22352870981744,1.5012521147727966,0.007881651166826487
emnist_letters,headwise_adaptive_entmax,1,3,0.7899238467216492,0.78125,0.7805139389078857,0.6711369302678616,0.8009639946704216,3.1955338970143745,1.500838279724121,0.008504741825163364
emnist_letters,headwise_adaptive_entmax,1,4,0.6525179743766785,0.8219166666666666,0.8208579419894012,0.5558942949518244,0.8055557938332253,3.205930846802732,1.5000035166740417,0.008193041430786252
emnist_letters,headwise_adaptive_entmax,1,5,0.5697109699249268,0.8373333333333334,0.8372278604906208,0.5124889244424536,0.8105241700689844,3.2031427723296146,1.499224066734314,0.0072784817311912775
emnist_letters,headwise_adaptive_entmax,1,6,0.5133562684059143,0.8445,0.845413716340346,0.469703789721144,0.8033497713981791,3.1807351847912404,1.4987837076187134,0.006926235510036349
emnist_letters,headwise_adaptive_entmax,1,7,0.4731106162071228,0.8635,0.862766693258827,0.4160919341635197,0.7975459758271563,3.161127823464414,1.498120665550232,0.006734284572303295
emnist_letters,headwise_adaptive_entmax,1,8,0.43176859617233276,0.8725833333333334,0.8722220806841718,0.39507972052756773,0.7993424452365713,3.16288234832439,1.4978407621383667,0.00670290132984519
emnist_letters,headwise_adaptive_entmax,1,9,0.41324856877326965,0.8655833333333334,0.8659228443034361,0.40602051070395934,0.7946560718911759,3.1437982853422772,1.497080147266388,0.006830503232777119
emnist_letters,headwise_adaptive_entmax,1,10,0.38511568307876587,0.8825833333333334,0.8826422326486678,0.35696663406301055,0.7965045140144673,3.1450209744433137,1.4964504837989807,0.007198156090453267
emnist_letters,headwise_adaptive_entmax,1,11,0.36793139576911926,0.8876666666666667,0.8876924791647387,0.33789743007497586,0.7919019803087762,3.1367062685337475,1.4956982135772705,0.0075789508409798145
emnist_letters,headwise_adaptive_entmax,1,12,0.34773141145706177,0.8865,0.8858559701113536,0.3432481124046001,0.7815863509127434,3.1174352600219404,1.495220422744751,0.007770063355565071
emnist_letters,headwise_adaptive_entmax,1,13,0.33131998777389526,0.89525,0.89519664127145,0.32321006852261563,0.7835992029372681,3.1234582713309753,1.4941270351409912,0.007467221235856414
emnist_letters,headwise_adaptive_entmax,1,14,0.32161709666252136,0.90125,0.9012848724367241,0.30515974316191163,0.7831017907629622,3.1223032854973,1.4933790564537048,0.007162585388869047
emnist_letters,headwise_adaptive_entmax,1,15,0.30807602405548096,0.8933333333333333,0.8930729663852534,0.3264676697076635,0.7776305396506127,3.1119714797811304,1.492734968662262,0.007235092110931873
emnist_letters,headwise_adaptive_entmax,1,16,0.3044048845767975,0.9014166666666666,0.9012115590279964,0.30151230508976795,0.7873475374059474,3.127945879672436,1.4915288090705872,0.007130656624212861
emnist_letters,headwise_adaptive_entmax,1,17,0.2876112461090088,0.8993333333333333,0.8993527998959506,0.3101675938418571,0.7900352294140673,3.1368340634285135,1.4904707074165344,0.0073105026967823505
emnist_letters,headwise_adaptive_entmax,1,18,0.284762978553772,0.9019166666666667,0.9016390508771168,0.3019640382300032,0.7887953564207605,3.1341088984874967,1.4897814989089966,0.007654095301404595
emnist_letters,headwise_adaptive_entmax,1,19,0.26518118381500244,0.90225,0.9019175879409365,0.29953390835447513,0.7907363601187443,3.1390423292809344,1.4888312220573425,0.007935391273349524
emnist_letters,headwise_adaptive_entmax,1,20,0.26227858662605286,0.9064166666666666,0.9065231205734222,0.28223231720163466,0.7885507199358432,3.128256531471902,1.487924873828888,0.007865995401516557
emnist_letters,headwise_adaptive_entmax,1,21,0.2595914900302887,0.9080833333333334,0.9082855226143483,0.28162361079073966,0.7850731237137571,3.1196065786037037,1.4873086810112,0.008315731072798371
emnist_letters,headwise_adaptive_entmax,1,22,0.24838708341121674,0.9085,0.9086800199220625,0.28831793272748907,0.787809856394504,3.127677377234114,1.4862973093986511,0.00849154475145042
emnist_letters,headwise_adaptive_entmax,1,23,0.24180470407009125,0.9103333333333333,0.9101190743958814,0.2797537756727097,0.7851091046282586,3.106697663347772,1.485911250114441,0.008764739613980055
emnist_letters,headwise_adaptive_entmax,1,24,0.2369648814201355,0.91225,0.9125704954514396,0.2780034323322012,0.7897272617258924,3.129306691758176,1.4845029711723328,0.009100276976823807
emnist_letters,headwise_adaptive_entmax,1,25,0.23602308332920074,0.9063333333333333,0.9064323989659874,0.2968191720069723,0.7857142414184327,3.113515460744817,1.4835187196731567,0.009635815396904945
emnist_letters,headwise_adaptive_entmax,1,26,0.22436700761318207,0.9119166666666667,0.9118275670305336,0.26745281479460126,0.7900872484166571,3.126924601007015,1.4826878905296326,0.010048085823655128
emnist_letters,headwise_adaptive_entmax,1,27,0.2238222360610962,0.9125,0.9126703618405115,0.26758026854789,0.7892435104288953,3.117288069522127,1.4820685386657715,0.009898275136947632
emnist_letters,headwise_adaptive_entmax,1,28,0.21854627132415771,0.9116666666666666,0.9119207296404483,0.2730061988881294,0.7763220363474906,3.08721102552211,1.4816503524780273,0.010055570863187313
emnist_letters,headwise_adaptive_entmax,1,29,0.21324719488620758,0.912,0.9119805211583072,0.2770227441128264,0.7749101557630174,3.090120584406751,1.480975866317749,0.010400490835309029
emnist_letters,headwise_adaptive_entmax,2,0,2.4024202823638916,0.49533333333333335,0.48382288487440256,1.6220086178881057,0.7880593138806363,3.222091329858658,1.5005067586898804,0.0050552262691780925
emnist_letters,headwise_adaptive_entmax,2,1,1.3465722799301147,0.6649166666666667,0.663114332690028,1.0517124787290046,0.8185199987381062,3.2948416471481323,1.5006439685821533,0.007674928288906813
emnist_letters,headwise_adaptive_entmax,2,2,0.9670422673225403,0.7426666666666667,0.7423427657116262,0.8019232204619874,0.8230615106034787,3.2889648041826614,1.500867784023285,0.009418647037819028
emnist_letters,headwise_adaptive_entmax,2,3,0.7705173492431641,0.7896666666666666,0.7896361964476534,0.6539465531389764,0.8225815759060231,3.274573709102387,1.5008890628814697,0.010751791298389435
emnist_letters,headwise_adaptive_entmax,2,4,0.645004153251648,0.82325,0.8231060907118799,0.5438365955302056,0.8264128654561145,3.27983040758904,1.5012127757072449,0.01229606056585908
emnist_letters,headwise_adaptive_entmax,2,5,0.5587612390518188,0.83275,0.8323375348530736,0.505163791965931,0.8251698486348416,3.2747093210829066,1.5011097192764282,0.012765854131430387
emnist_letters,headwise_adaptive_entmax,2,6,0.5020866990089417,0.852,0.8520233260501336,0.4587878090270022,0.8234036025848794,3.2677142721541386,1.500913381576538,0.013196521904319525
emnist_letters,headwise_adaptive_entmax,2,7,0.45724937319755554,0.86125,0.8612753438570466,0.41744984718079264,0.8281393089192979,3.2728997316766293,1.501015841960907,0.013660285156220198
emnist_letters,headwise_adaptive_entmax,2,8,0.4290052354335785,0.87575,0.8761419258161762,0.37246915349300874,0.8273643489847792,3.266180063815827,1.5009195804595947,0.014001411851495504
emnist_letters,headwise_adaptive_entmax,2,9,0.3957459032535553,0.8786666666666667,0.8774342947539213,0.36445893569195525,0.8258250279629484,3.2565129132980997,1.5005693435668945,0.01411537453532219
emnist_letters,headwise_adaptive_entmax,2,10,0.37680962681770325,0.88475,0.8840220588922667,0.3467395933384591,0.8231159974919989,3.2463925366706037,1.5004231929779053,0.014335469342768192
emnist_letters,headwise_adaptive_entmax,2,11,0.3556910455226898,0.8916666666666667,0.8919566267959465,0.32529781029579485,0.8256153356521687,3.2515522064046656,1.4999536871910095,0.014079679735004902
emnist_letters,headwise_adaptive_entmax,2,12,0.336654931306839,0.8891666666666667,0.8894333490356685,0.3325364177531384,0.8213520760231829,3.238034879907649,1.49970281124115,0.014946574345231056
emnist_letters,headwise_adaptive_entmax,2,13,0.3254261612892151,0.8886666666666667,0.8885936210759471,0.32429737930602215,0.8219502929677355,3.2321309079515173,1.4992586970329285,0.015120443422347307
emnist_letters,headwise_adaptive_entmax,2,14,0.3096076548099518,0.899,0.898986619176363,0.30517547371539666,0.8179181281556475,3.2206447428845344,1.4989513158798218,0.01491742953658104
emnist_letters,headwise_adaptive_entmax,2,15,0.2974843978881836,0.8999166666666667,0.9001409366498415,0.29917834572335505,0.8118958511251084,3.2053803788854722,1.4987123012542725,0.015180462505668402
emnist_letters,headwise_adaptive_entmax,2,16,0.28910645842552185,0.9041666666666667,0.9045205565103663,0.28940766922971034,0.7994960844516754,3.1760862254081887,1.4986422657966614,0.015516646672040224
emnist_letters,headwise_adaptive_entmax,2,17,0.27772197127342224,0.9035833333333333,0.903563542643364,0.2929733861634072,0.7962587570890467,3.16790608903195,1.4979199767112732,0.015987373422831297
emnist_letters,headwise_adaptive_entmax,2,18,0.26829198002815247,0.90625,0.9063301995980433,0.2816871705841511,0.7904472116460192,3.1534593029225126,1.4970046281814575,0.015165836550295353
emnist_letters,headwise_adaptive_entmax,2,19,0.2630085349082947,0.9038333333333334,0.9037850467401801,0.294542946714036,0.7991857833050667,3.17100416599436,1.4970121383666992,0.016010848805308342
emnist_letters,headwise_adaptive_entmax,2,20,0.25362086296081543,0.90475,0.904781706974173,0.28371930058966294,0.7922466860172597,3.1551750593997063,1.4966012239456177,0.015858512837439775
emnist_letters,headwise_adaptive_entmax,2,21,0.2525327503681183,0.9025,0.9029170086323747,0.29368382470404847,0.7828893464930514,3.13189412431514,1.4963303804397583,0.01660721516236663
emnist_letters,headwise_adaptive_entmax,2,22,0.2418043613433838,0.9078333333333334,0.9074535140589288,0.2740770099644965,0.7815125362670168,3.1333200906185392,1.4953850507736206,0.016919248271733522
emnist_letters,headwise_adaptive_entmax,2,23,0.23533757030963898,0.9103333333333333,0.910420162116761,0.2818216878048917,0.7683649335769897,3.0972383656400315,1.4952298998832703,0.01701964344829321
emnist_letters,headwise_adaptive_entmax,2,24,0.2291755974292755,0.9091666666666667,0.9091866264709257,0.2759670529593813,0.7642633077946115,3.0878179986426173,1.4949462413787842,0.017839830368757248
emnist_letters,headwise_adaptive_entmax,2,25,0.22834815084934235,0.9135,0.9136685359569175,0.2684893899775566,0.773824839515889,3.106332875312643,1.4944648742675781,0.01839032955467701
emnist_letters,headwise_adaptive_entmax,2,26,0.21834951639175415,0.9124166666666667,0.9126209891639854,0.27483131910892244,0.7713865098801065,3.1030570395449373,1.4936520457267761,0.018366259522736073
emnist_letters,headwise_adaptive_entmax,2,27,0.21663489937782288,0.9125833333333333,0.9125481248767164,0.27024429941431005,0.7711669346119495,3.101782912903644,1.4929965138435364,0.018368021585047245
emnist_letters,headwise_adaptive_entmax,2,28,0.20833638310432434,0.91125,0.911517807669206,0.2771962376985144,0.7704841488219322,3.0945213551216937,1.4925872087478638,0.019068043678998947
emnist_letters,headwise_adaptive_entmax,2,29,0.2058313935995102,0.9104166666666667,0.9107112711377728,0.28339195790443017,0.7696509551494679,3.0906855476663466,1.4916876554489136,0.019138695672154427
emnist_letters,headwise_adaptive_entmax,3,0,2.4041192531585693,0.5298333333333334,0.5218294556407972,1.5145724073369453,0.846365307239776,3.352037100081748,1.5003893971443176,0.004400102887302637
emnist_letters,headwise_adaptive_entmax,3,1,1.3217767477035522,0.6635833333333333,0.6563803563348578,1.0502318917436804,0.845365159689112,3.301957845687866,1.5007119178771973,0.008550525293685496
emnist_letters,headwise_adaptive_entmax,3,2,0.979095995426178,0.7410833333333333,0.7390823943498648,0.8050262319280747,0.8296817610872552,3.2508337091892323,1.500195562839508,0.008908305084332824
emnist_letters,headwise_adaptive_entmax,3,3,0.7984846830368042,0.7939166666666667,0.793242527839994,0.6478757300275437,0.8223494595669686,3.2387623710835234,1.5003440976142883,0.009286332642659545
emnist_letters,headwise_adaptive_entmax,3,4,0.6719014048576355,0.8130833333333334,0.8117317468558668,0.5634065162628255,0.8092839863706143,3.2135247778385243,1.4999942183494568,0.01003845944069326
emnist_letters,headwise_adaptive_entmax,3,5,0.5820381045341492,0.828,0.8269175903208618,0.5263339052809045,0.8132982399869473,3.2121809999993505,1.4999631643295288,0.010683903004974127
emnist_letters,headwise_adaptive_entmax,3,6,0.5311691164970398,0.8439166666666666,0.8424005511140054,0.4807268108459229,0.8106272905430896,3.2052042129191944,1.500377893447876,0.011115772649645805
emnist_letters,headwise_adaptive_entmax,3,7,0.48727354407310486,0.8589166666666667,0.8578880429344514,0.43639305741228956,0.8098412853606204,3.1969700468347426,1.5000933408737183,0.011539698578417301
emnist_letters,headwise_adaptive_entmax,3,8,0.4466868042945862,0.8679166666666667,0.8677646158998275,0.4087618456241932,0.8026017495926391,3.174722154089745,1.5001660585403442,0.01159533066675067
emnist_letters,headwise_adaptive_entmax,3,9,0.41822463274002075,0.8791666666666667,0.878744173574071,0.3720613255145702,0.7984802488316881,3.166843571561448,1.4999085664749146,0.011929291766136885
emnist_letters,headwise_adaptive_entmax,3,10,0.39500129222869873,0.8849166666666667,0.8840360095833808,0.3464275928253823,0.7981238612469207,3.166266527581722,1.4995704293251038,0.012170979753136635
emnist_letters,headwise_adaptive_entmax,3,11,0.3786754012107849,0.887,0.8867102691911904,0.3482407505841965,0.7963490600281573,3.160526085407176,1.499447762966156,0.012601712252944708
emnist_letters,headwise_adaptive_entmax,3,12,0.36028969287872314,0.89275,0.8925770696995363,0.3327180781262986,0.7977422520201257,3.161706762110933,1.4989961385726929,0.012955499812960625
emnist_letters,headwise_adaptive_entmax,3,13,0.34603872895240784,0.8930833333333333,0.8930860037281801,0.3251560054560925,0.7901913206628028,3.14497387662847,1.4990323781967163,0.013076712843030691
emnist_letters,headwise_adaptive_entmax,3,14,0.3260987401008606,0.898,0.8980295741050205,0.31025850582630077,0.789862391162426,3.142054261045253,1.4989660382270813,0.013219223357737064
emnist_letters,headwise_adaptive_entmax,3,15,0.31760653853416443,0.895,0.8954959208798032,0.32271849506712974,0.7956995666027069,3.152630937860367,1.4984590411186218,0.01310972310602665
emnist_letters,headwise_adaptive_entmax,3,16,0.3053537905216217,0.9005833333333333,0.900298661289148,0.3082976220770085,0.7841043256698771,3.123563665024778,1.4982178807258606,0.01333546033129096
emnist_letters,headwise_adaptive_entmax,3,17,0.295396625995636,0.8979166666666667,0.8974853971405385,0.31150582654679076,0.7830379776498104,3.120159501725055,1.4977272748947144,0.013394148088991642
emnist_letters,headwise_adaptive_entmax,3,18,0.28419190645217896,0.9015,0.9009222184874878,0.29390820480407553,0.7861521649867931,3.122242197077325,1.4972214102745056,0.01336767477914691
emnist_letters,headwise_adaptive_entmax,3,19,0.27339690923690796,0.9035,0.9035863631919481,0.29748448285650697,0.7832763099924047,3.1103877463239304,1.4966853857040405,0.013354831840842962
emnist_letters,headwise_adaptive_entmax,3,20,0.26980745792388916,0.9050833333333334,0.9049431195389585,0.2944260512260681,0.7799919342741053,3.110339616207366,1.4960415959358215,0.01362397288903594
emnist_letters,headwise_adaptive_entmax,3,21,0.2628639340400696,0.90875,0.9082930655864847,0.28221180908223414,0.7794219737357282,3.1092312995423663,1.4953653216362,0.013239315710961819
emnist_letters,headwise_adaptive_entmax,3,22,0.26054319739341736,0.8991666666666667,0.8992981751495714,0.3069106181885334,0.7766469913594266,3.0998141334411944,1.4950860738754272,0.013163552153855562
emnist_letters,headwise_adaptive_entmax,3,23,0.25452545285224915,0.9085,0.9083537240292547,0.27492017409902936,0.7721951496093831,3.0791187869741563,1.4943329691886902,0.013443383853882551
emnist_letters,headwise_adaptive_entmax,3,24,0.24225382506847382,0.9091666666666667,0.9086918769362249,0.2738709827052786,0.7854583979921138,3.118421975602495,1.493333101272583,0.013579432386904955
emnist_letters,headwise_adaptive_entmax,3,25,0.23633091151714325,0.9076666666666666,0.9073028702951833,0.2759464744557726,0.779451773521748,3.0942420376108046,1.4927024841308594,0.013952903915196657
emnist_letters,headwise_adaptive_entmax,3,26,0.23940274119377136,0.9123333333333333,0.9117378157519991,0.2761494412701181,0.7838005994228606,3.107963498602522,1.491938591003418,0.013509842101484537
emnist_letters,headwise_adaptive_entmax,3,27,0.22791309654712677,0.9096666666666666,0.9093218480677024,0.28080910475964244,0.7721087076562516,3.08419250934682,1.4914065599441528,0.013931612949818373
emnist_letters,headwise_adaptive_entmax,3,28,0.22471576929092407,0.9105833333333333,0.9106844336326204,0.27402212391508385,0.7858878342395134,3.11415145498641,1.4903573989868164,0.01353955501690507
emnist_letters,headwise_adaptive_entmax,3,29,0.22516661882400513,0.9095,0.9089760637675748,0.2884144383542081,0.7836372268960831,3.102064054063026,1.489385962486267,0.01385540422052145
emnist_letters,headwise_adaptive_entmax,4,0,2.51784610748291,0.4751666666666667,0.4579948065876505,1.7024823833019176,0.8378686803452512,3.3397475481033325,1.5015816688537598,0.003543014288879931
emnist_letters,headwise_adaptive_entmax,4,1,1.3667150735855103,0.6605833333333333,0.6584425003262729,1.0529693162187617,0.811810478885123,3.285843719827368,1.4993926286697388,0.0036815068451687694
emnist_letters,headwise_adaptive_entmax,4,2,0.9638205170631409,0.7621666666666667,0.7598167530899311,0.7611075576315535,0.8006747231838551,3.2541817933955093,1.4988476037979126,0.004925808636471629
emnist_letters,headwise_adaptive_entmax,4,3,0.7805880308151245,0.799,0.7982190854340303,0.6365242308758675,0.7936241132147769,3.233180520382333,1.4984509944915771,0.005272364476695657
emnist_letters,headwise_adaptive_entmax,4,4,0.6636006236076355,0.80825,0.8084100228636074,0.5841484437597558,0.7863355107763981,3.2087081899034215,1.4983536005020142,0.005515873897820711
emnist_letters,headwise_adaptive_entmax,4,5,0.5805531740188599,0.84675,0.8468342011761634,0.47977899617337166,0.7778892612203638,3.188249372421427,1.4984155893325806,0.005826841341331601
emnist_letters,headwise_adaptive_entmax,4,6,0.5197227597236633,0.8419166666666666,0.8434267264241766,0.48141719495996516,0.7695182796488417,3.1642623404239085,1.49857097864151,0.0055868960916996
emnist_letters,headwise_adaptive_entmax,4,7,0.4727747440338135,0.8543333333333333,0.8549273399653892,0.4375444859900373,0.7621149547556614,3.1435220698092845,1.498719334602356,0.005786653375253081
emnist_letters,headwise_adaptive_entmax,4,8,0.43785977363586426,0.85525,0.8566273121514462,0.4470900709324695,0.7694183790937383,3.1542599378748144,1.4987066984176636,0.005925527540966868
emnist_letters,headwise_adaptive_entmax,4,9,0.4060057997703552,0.8674166666666666,0.8675883718313083,0.39806377126815473,0.7590699912385738,3.1267235608811075,1.4989378452301025,0.006036723498255014
emnist_letters,headwise_adaptive_entmax,4,10,0.38628920912742615,0.87925,0.8799092660149874,0.3655880309165792,0.7615698322336725,3.13730665977965,1.498634159564972,0.005945656215772033
emnist_letters,headwise_adaptive_entmax,4,11,0.36046749353408813,0.8819166666666667,0.8819605819536472,0.3558512330055237,0.7630861794694941,3.1341614926114993,1.4985162019729614,0.006021426524966955
emnist_letters,headwise_adaptive_entmax,4,12,0.3484775424003601,0.8864166666666666,0.8869542591989065,0.3335394970280059,0.760885737043746,3.122134378615846,1.4980878233909607,0.006398165365681052
emnist_letters,headwise_adaptive_entmax,4,13,0.3337860107421875,0.889,0.88924562294194,0.3275680459560232,0.760134386889478,3.1099186932786984,1.4977962970733643,0.0064747275318950415
emnist_letters,headwise_adaptive_entmax,4,14,0.3139456510543823,0.89275,0.8932850656624794,0.32461312793670816,0.7640538063455136,3.1208291408863476,1.497680127620697,0.006853130180388689
emnist_letters,headwise_adaptive_entmax,4,15,0.3077848255634308,0.8939166666666667,0.8946343204559934,0.31796184911372816,0.7597755117619291,3.115746008588913,1.4973552823066711,0.007341707358136773
emnist_letters,headwise_adaptive_entmax,4,16,0.2878820300102234,0.9013333333333333,0.9016120378860856,0.30154464314592644,0.7583793154422273,3.105795591435534,1.4968067407608032,0.007637555245310068
emnist_letters,headwise_adaptive_entmax,4,17,0.28420406579971313,0.89625,0.8958005104041482,0.30224332118288,0.7507256491387144,3.0821427157584655,1.4964568614959717,0.00808998104184866
emnist_letters,headwise_adaptive_entmax,4,18,0.27437204122543335,0.9011666666666667,0.9012831971615063,0.2992519821892393,0.7528754941960598,3.090280464354982,1.4958288669586182,0.00786376977339387
emnist_letters,headwise_adaptive_entmax,4,19,0.26619768142700195,0.8946666666666667,0.8951962297170469,0.3199195994975719,0.7547994978884434,3.084944671772896,1.4948368072509766,0.008176881819963455
emnist_letters,headwise_adaptive_entmax,4,20,0.2615046799182892,0.8971666666666667,0.8975481984588917,0.31034434317274295,0.7562996250517825,3.095278488828781,1.4942686557769775,0.007995295338332653
emnist_letters,headwise_adaptive_entmax,4,21,0.2547561824321747,0.8963333333333333,0.8966293844457145,0.306625782809359,0.7548260879009328,3.082792992287494,1.4940657019615173,0.007638623937964439
emnist_letters,headwise_adaptive_entmax,5,0,2.394174814224243,0.5161666666666667,0.49282885834469065,1.4910741004538028,0.7799665205022122,3.2087467528404074,1.5005977749824524,0.0033039787667803466
emnist_letters,headwise_adaptive_entmax,5,1,1.2656691074371338,0.6821666666666667,0.6746888374253743,0.990804209354076,0.8001567727707802,3.255891652817422,1.4981891512870789,0.005902693897951394
emnist_letters,headwise_adaptive_entmax,5,2,0.9655807018280029,0.75125,0.7463761826081737,0.7711744460653751,0.8067485607684927,3.249811552940531,1.4967709183692932,0.006427309534046799
emnist_letters,headwise_adaptive_entmax,5,3,0.7993528842926025,0.7675833333333333,0.7657091229639419,0.6950817273018208,0.797441747594387,3.2131925060393964,1.496075451374054,0.007403800147585571
emnist_letters,headwise_adaptive_entmax,5,4,0.6894912719726562,0.8151666666666667,0.8138364733156516,0.5726448202386816,0.7816638585100782,3.1604127224455487,1.496272087097168,0.008614829159341753
emnist_letters,headwise_adaptive_entmax,5,5,0.6052761077880859,0.8329166666666666,0.8313890369292452,0.5127277190380908,0.7778962698388607,3.1543122453892485,1.4963169693946838,0.01007917954120785
emnist_letters,headwise_adaptive_entmax,5,6,0.5415131449699402,0.8519166666666667,0.8499278635758623,0.4564029022734216,0.7848401196459507,3.166791139764989,1.4965438842773438,0.011017831275239587
emnist_letters,headwise_adaptive_entmax,5,7,0.49897727370262146,0.8681666666666666,0.8675527601524988,0.40269576647180194,0.7770924828153976,3.1538047765163664,1.4963210821151733,0.01166795170865953
emnist_letters,headwise_adaptive_entmax,5,8,0.46384575963020325,0.8735,0.87248321680927,0.3831672018512766,0.7772815303599581,3.149888041171622,1.4966099262237549,0.012411900795996189
emnist_letters,headwise_adaptive_entmax,5,9,0.4333164393901825,0.8760833333333333,0.87516464751797,0.3793644962158609,0.7765579857724778,3.1501865716690713,1.496246337890625,0.013312154915183783
emnist_letters,headwise_adaptive_entmax,5,10,0.4039330780506134,0.8814166666666666,0.8809555495102782,0.3546727109462657,0.7802074576946015,3.159029722213745,1.496193289756775,0.013658370822668076
emnist_letters,headwise_adaptive_entmax,5,11,0.3928353190422058,0.8881666666666667,0.8871394020981908,0.33508652638881764,0.7719965164965772,3.1377770190543317,1.4961371421813965,0.014242597855627537
emnist_letters,headwise_adaptive_entmax,5,12,0.36314868927001953,0.8903333333333333,0.8899635514633292,0.3303635507187945,0.7697221947477219,3.126455197943018,1.495744526386261,0.01469951681792736
emnist_letters,headwise_adaptive_entmax,5,13,0.34991276264190674,0.887,0.8871812988055822,0.3301974747409212,0.7728917281678382,3.1397005040594874,1.4955636262893677,0.01491466024890542
emnist_letters,headwise_adaptive_entmax,5,14,0.3327013850212097,0.8998333333333334,0.8988186778666116,0.3025166351110377,0.7720372315416945,3.138481726037695,1.4954567551612854,0.015408226754516363
emnist_letters,headwise_adaptive_entmax,5,15,0.32386061549186707,0.9001666666666667,0.8996870584587915,0.3016006800722569,0.7743812476066833,3.1446615939444684,1.4948909878730774,0.0156513056717813
emnist_letters,headwise_adaptive_entmax,5,16,0.31484556198120117,0.8994166666666666,0.8994401663443057,0.2995140622270868,0.7722505584676215,3.1340466889929264,1.4947362542152405,0.01669979770667851
emnist_letters,headwise_adaptive_entmax,5,17,0.305975079536438,0.90225,0.9016616000352063,0.2824145561837135,0.7713850857095516,3.1272705336834523,1.4941884875297546,0.016544225625693798
emnist_letters,headwise_adaptive_entmax,5,18,0.29257088899612427,0.8981666666666667,0.8976219002775557,0.29054149097584664,0.7771533829100589,3.137593819739971,1.4935885667800903,0.01706962287425995
emnist_letters,headwise_adaptive_entmax,5,19,0.2888343036174774,0.9053333333333333,0.9052853704183739,0.27907581342027543,0.775894691969486,3.1301277596899806,1.4932953119277954,0.017881980165839195
emnist_letters,headwise_adaptive_entmax,5,20,0.2768154740333557,0.9064166666666666,0.9064881509146088,0.27757154817276813,0.7705041385711507,3.1197829626976175,1.4924980401992798,0.017998014809563756
emnist_letters,headwise_adaptive_entmax,5,21,0.27398425340652466,0.90375,0.9030574715873084,0.28191050221311287,0.7662394522352421,3.1112384669324187,1.492052435874939,0.018266920000314713
emnist_letters,headwise_adaptive_entmax,5,22,0.2683328688144684,0.9088333333333334,0.9090213879478305,0.26427662657930495,0.7648558597615425,3.105998675873939,1.491304874420166,0.017940714256837964
emnist_letters,headwise_adaptive_entmax,5,23,0.25380435585975647,0.9105,0.9100849666111976,0.25882015646772183,0.7708408851572808,3.1203716638240406,1.4902206063270569,0.01859275926835835
emnist_letters,headwise_adaptive_entmax,5,24,0.25081056356430054,0.90575,0.905494233271048,0.27832593626164376,0.764144056654991,3.0994551080338497,1.49034982919693,0.01900130743160844
emnist_letters,headwise_adaptive_entmax,5,25,0.2422071397304535,0.9161666666666667,0.9157983891426855,0.25394198076522095,0.7646467673017624,3.102584920030959,1.4896072745323181,0.018763640662655234
emnist_letters,headwise_adaptive_entmax,5,26,0.23978060483932495,0.9119166666666667,0.9119483311900721,0.26314180043149504,0.7624871204508111,3.094716805092832,1.4888001680374146,0.01899128989316523
emnist_letters,headwise_adaptive_entmax,5,27,0.23677833378314972,0.9065833333333333,0.9059656890797776,0.27297301527033463,0.772377425685842,3.1142322941029326,1.488081455230713,0.019708160078153014
emnist_letters,headwise_adaptive_entmax,5,28,0.22777095437049866,0.9113333333333333,0.9116645748074108,0.26072710403736604,0.7682684342911903,3.0998277182274676,1.4877328872680664,0.020215983036905527
emnist_letters,headwise_adaptive_entmax,5,29,0.2289990931749344,0.92,0.9198560798166124,0.24698984955853603,0.7667859038139911,3.0951955318450928,1.486987292766571,0.020862872479483485
emnist_letters,headwise_adaptive_entmax,6,0,2.4157023429870605,0.5278333333333334,0.5250998991696864,1.513640654847977,0.7579673446239309,3.1400785395439637,1.5048065185546875,0.007163306698203087
emnist_letters,headwise_adaptive_entmax,6,1,1.2985814809799194,0.6814166666666667,0.6763515887151649,1.005594880022901,0.7728993379055186,3.1814963462504933,1.5028024315834045,0.007032668683677912
emnist_letters,headwise_adaptive_entmax,6,2,0.9509139657020569,0.7526666666666667,0.751187060892452,0.783023125313698,0.7744092123305544,3.1756659517896937,1.5020514130592346,0.006049631745554507
emnist_letters,headwise_adaptive_entmax,6,3,0.7560601234436035,0.7916666666666666,0.7902712499532201,0.6523213056807823,0.7854129139413225,3.196619355932195,1.5005858540534973,0.006012478144839406
emnist_letters,headwise_adaptive_entmax,6,4,0.641022801399231,0.8280833333333333,0.8268099883736251,0.537560021623652,0.7945658938681825,3.20670621953112,1.5000455379486084,0.005773372948169708
emnist_letters,headwise_adaptive_entmax,6,5,0.5542968511581421,0.8525,0.8512132123888819,0.4582198205146384,0.7866602356129504,3.182029904203212,1.4991517663002014,0.00580366444773972
emnist_letters,headwise_adaptive_entmax,6,6,0.4960893392562866,0.8505833333333334,0.8491735717055402,0.4596169578268173,0.7888038646667561,3.1813800258839384,1.4985146522521973,0.006586807430721819
emnist_letters,headwise_adaptive_entmax,6,7,0.4551878869533539,0.87025,0.869967521748249,0.40579078552570746,0.7881605377856721,3.1807799922659044,1.498313546180725,0.007164764916524291
emnist_letters,headwise_adaptive_entmax,6,8,0.419041246175766,0.8735833333333334,0.873102140671777,0.3923727166145406,0.7932965761803566,3.1825491773321275,1.4976967573165894,0.007674267282709479
emnist_letters,headwise_adaptive_entmax,6,9,0.3945903778076172,0.8809166666666667,0.8800267217233746,0.370485339393007,0.7948355972766876,3.1783111095428467,1.4972516894340515,0.008047463605180383
emnist_letters,headwise_adaptive_entmax,6,10,0.37501126527786255,0.8775833333333334,0.8771311581975905,0.3666008799634081,0.7918622468380218,3.1699042497797216,1.4968956112861633,0.008641164051368833
emnist_letters,headwise_adaptive_entmax,6,11,0.3550007939338684,0.8884166666666666,0.8882285872395491,0.3389190651000814,0.7967344516135276,3.1782176367779997,1.4962512850761414,0.0090673235245049
emnist_letters,headwise_adaptive_entmax,6,12,0.3400779366493225,0.8924166666666666,0.8914377445866395,0.3246796486225534,0.7944372004651009,3.1682520140992834,1.49587482213974,0.009272616356611252
emnist_letters,headwise_adaptive_entmax,6,13,0.3182801306247711,0.89275,0.8919216517160155,0.3206647774006458,0.7948025522079873,3.1693044495075307,1.4954060316085815,0.009119381662458181
emnist_letters,headwise_adaptive_entmax,6,14,0.309405654668808,0.8953333333333333,0.8948733237891559,0.31590617939512783,0.7967045135954594,3.1657442869024073,1.4950544834136963,0.009295487776398659
emnist_letters,headwise_adaptive_entmax,6,15,0.30126819014549255,0.8948333333333334,0.8941474294769372,0.3091639961968077,0.7939860554451638,3.160612590769504,1.4947118759155273,0.009278346784412861
emnist_letters,headwise_adaptive_entmax,6,16,0.28889310359954834,0.8975833333333333,0.8972732041934524,0.3073989298749477,0.7854113217363966,3.1345984250941177,1.4944020509719849,0.00952114537358284
emnist_letters,headwise_adaptive_entmax,6,17,0.2831898331642151,0.8998333333333334,0.898984513617478,0.30389685263025,0.7836299208884544,3.1312860402655094,1.4940659999847412,0.00985989486798644
emnist_letters,headwise_adaptive_entmax,6,18,0.27494364976882935,0.9040833333333333,0.9035274740619397,0.2941375200418716,0.7803318513200638,3.127526415155289,1.4935837984085083,0.009635252878069878
emnist_letters,headwise_adaptive_entmax,6,19,0.26736050844192505,0.90425,0.903859665991446,0.2942492705076299,0.7859260154531357,3.1319094769498137,1.4931392669677734,0.01041223295032978
emnist_letters,headwise_adaptive_entmax,6,20,0.26269426941871643,0.8995,0.8990389553875483,0.2985826641955274,0.789912389313921,3.135530334837893,1.492614984512329,0.010726992040872574
emnist_letters,headwise_adaptive_entmax,6,21,0.25486496090888977,0.9075833333333333,0.9068594020030528,0.2799756352571731,0.784992035399092,3.1214650565005364,1.4925063848495483,0.010752910282462835
emnist_letters,headwise_adaptive_entmax,6,22,0.24762964248657227,0.9045,0.9036527291493665,0.2899937461665336,0.7824855497542847,3.1191324198499637,1.4917005896568298,0.011023660190403461
emnist_letters,headwise_adaptive_entmax,6,23,0.2475484013557434,0.9046666666666666,0.9038402350283165,0.2984781008451543,0.7706635562663383,3.088247357530797,1.490879237651825,0.011170549783855677
emnist_letters,headwise_adaptive_entmax,6,24,0.23396436870098114,0.9084166666666667,0.9074841927954486,0.27885602478017196,0.7836714786417941,3.123425432976256,1.4907431602478027,0.010941313114017248
emnist_letters,headwise_adaptive_entmax,6,25,0.22805391252040863,0.9114166666666667,0.9109274311255162,0.27682016536276394,0.783941349450578,3.1232898412866796,1.4902330040931702,0.011064111720770597
emnist_letters,headwise_adaptive_entmax,6,26,0.2208958864212036,0.91075,0.9096987775827,0.27241805322626805,0.7906129835767949,3.1365168449726513,1.4901362657546997,0.011459322646260262
emnist_letters,headwise_adaptive_entmax,6,27,0.22038628160953522,0.9139166666666667,0.91329690832593,0.2668166931005234,0.7893087952694995,3.1344175998200763,1.4892704486846924,0.011686078738421202
emnist_letters,headwise_adaptive_entmax,6,28,0.21370893716812134,0.9114166666666667,0.910446500863163,0.2665483447465491,0.7870226248781732,3.126420201139247,1.488798201084137,0.011633752845227718
emnist_letters,headwise_adaptive_entmax,6,29,0.21309690177440643,0.9071666666666667,0.906161286860431,0.27818650863272076,0.7801867704442207,3.1141661786018533,1.4880813360214233,0.012006692588329315
emnist_letters,headwise_adaptive_entmax,7,0,2.4473726749420166,0.4595,0.4490242502584464,1.7194499766572993,0.7539476200621179,3.09151221843476,1.5030794143676758,0.0051315464079380035
emnist_letters,headwise_adaptive_entmax,7,1,1.4246045351028442,0.6401666666666667,0.6337703031799331,1.1361037112296897,0.8013025801232521,3.2262347023537816,1.5018853545188904,0.00569729576818645
emnist_letters,headwise_adaptive_entmax,7,2,1.0056798458099365,0.7344166666666667,0.731999002489398,0.8299157175611942,0.8160780268780728,3.267926959281272,1.5016008019447327,0.0073250363348051906
emnist_letters,headwise_adaptive_entmax,7,3,0.7823761105537415,0.77975,0.7778871752061763,0.6717007921097127,0.8253747009216471,3.2775397985539536,1.5016453862190247,0.008022022317163646
emnist_letters,headwise_adaptive_entmax,7,4,0.654317319393158,0.8169166666666666,0.8168669588574548,0.5585585902345941,0.8154932279536065,3.250683348229591,1.5017913579940796,0.008083500899374485
emnist_letters,headwise_adaptive_entmax,7,5,0.5631356835365295,0.84475,0.8441715574262797,0.46859143896305816,0.8082394352618684,3.2193825092721493,1.5018128156661987,0.007986983866430819
emnist_letters,headwise_adaptive_entmax,7,6,0.4983386695384979,0.8445,0.8449722303816529,0.45941974951865827,0.8085204654551567,3.2106199264526367,1.5016681551933289,0.008229468832723796
emnist_letters,headwise_adaptive_entmax,7,7,0.45835384726524353,0.8696666666666667,0.8691215266925696,0.39503754707092936,0.8175048206714873,3.2185550775933773,1.500941514968872,0.008483702200464904
emnist_letters,headwise_adaptive_entmax,7,8,0.41548046469688416,0.87475,0.8750502878468114,0.37973362714686293,0.807919942318125,3.1899913929878396,1.5004315972328186,0.008380263461731374
emnist_letters,headwise_adaptive_entmax,7,9,0.3866652250289917,0.8778333333333334,0.8783243097275798,0.36659313199367927,0.8021445946490511,3.164430189639964,1.500054121017456,0.008356784703209996
emnist_letters,headwise_adaptive_entmax,7,10,0.3706403076648712,0.8771666666666667,0.8768842192768531,0.3731909578150891,0.8034291495668128,3.1695078509919186,1.4995269775390625,0.008565327734686434
emnist_letters,headwise_adaptive_entmax,7,11,0.3485870957374573,0.8876666666666667,0.8878557406992994,0.33234417533620875,0.80476476410602,3.16546926346231,1.4989250302314758,0.008857955690473318
emnist_letters,headwise_adaptive_entmax,7,12,0.3335261344909668,0.8864166666666666,0.8867850074653053,0.3461858015111152,0.7998061364001416,3.1476530572201344,1.4987350702285767,0.00904576072935015
emnist_letters,headwise_adaptive_entmax,7,13,0.31915801763534546,0.8956666666666667,0.8956921132829462,0.3218253302447339,0.8015943226662088,3.1426505890298397,1.497854232788086,0.009010779671370983
emnist_letters,headwise_adaptive_entmax,7,14,0.30699270963668823,0.8929166666666667,0.8930361275807931,0.32647690367191395,0.8032903937583274,3.138369380159581,1.4971041679382324,0.009140943642705679
emnist_letters,headwise_adaptive_entmax,7,15,0.2993874251842499,0.8966666666666666,0.8971804575361664,0.3148789364606776,0.803339459160541,3.1361073483812048,1.4970499277114868,0.009080818621441722
emnist_letters,headwise_adaptive_entmax,7,16,0.28604060411453247,0.8991666666666667,0.8992155812680173,0.3017858260489525,0.8031174559542473,3.132653218634585,1.4961909055709839,0.009288618923164904
emnist_letters,headwise_adaptive_entmax,7,17,0.27259793877601624,0.905,0.9053036344611297,0.29493656595970724,0.8008836685342992,3.1257982456937747,1.4957656860351562,0.00895231543108821
emnist_letters,headwise_adaptive_entmax,7,18,0.26741188764572144,0.9019166666666667,0.9017560408888058,0.30174544770666895,0.8049788658923291,3.13553228530478,1.4952057003974915,0.008988173445686698
emnist_letters,headwise_adaptive_entmax,7,19,0.2562471926212311,0.9024166666666666,0.9027142838214607,0.3018877167016902,0.8046516281493167,3.125890977839206,1.4945258498191833,0.00887832255102694
emnist_letters,headwise_adaptive_entmax,7,20,0.2525467276573181,0.901,0.901415990675569,0.3036577825216537,0.8023503175441254,3.1133230138332286,1.4940209984779358,0.009032760513946414
emnist_letters,headwise_adaptive_entmax,7,21,0.24256280064582825,0.9064166666666666,0.9064836043729481,0.29143126023576615,0.8033793651043101,3.1143777471907597,1.4932175874710083,0.008491992484778166
emnist_letters,headwise_adaptive_entmax,7,22,0.23943684995174408,0.9089166666666667,0.909184925066425,0.2860482591897883,0.8054710284192511,3.1206091388742974,1.4921343326568604,0.008803508011624217
emnist_letters,headwise_adaptive_entmax,7,23,0.23055852949619293,0.9085833333333333,0.9085666775014877,0.2825228714562477,0.7953763990960223,3.095130458791205,1.4916644096374512,0.008902995381504297
emnist_letters,headwise_adaptive_entmax,7,24,0.22455717623233795,0.9043333333333333,0.9046513093450674,0.294777604810735,0.7832312888287484,3.0661569757664457,1.49127858877182,0.008927076822146773
emnist_letters,headwise_adaptive_entmax,7,25,0.21512997150421143,0.9065,0.9069346975798165,0.2947442563290292,0.7956468919490246,3.0907082151859364,1.4901365637779236,0.008145172381773591
emnist_letters,headwise_adaptive_entmax,7,26,0.2151501178741455,0.9073333333333333,0.9069921870079626,0.29232670778923847,0.7924091143811003,3.07648262825418,1.4892253875732422,0.00836354261264205
emnist_letters,headwise_adaptive_entmax,7,27,0.21824979782104492,0.9075833333333333,0.907971305193535,0.295516976333679,0.7856533039123454,3.0653903230707695,1.4885408878326416,0.007733275415375829
emnist_letters,headwise_adaptive_entmax,8,0,2.388930559158325,0.43925,0.42711228766489406,1.7931495194739484,0.8728219175592382,3.461307835071645,1.5023245215415955,0.003367043915204704
emnist_letters,headwise_adaptive_entmax,8,1,1.453714370727539,0.6503333333333333,0.6476821341560238,1.1087104120153062,0.8263595135922127,3.3180051864461695,1.5042840242385864,0.004737603594549
emnist_letters,headwise_adaptive_entmax,8,2,0.9911197423934937,0.73225,0.7292112068832914,0.8333130631041019,0.8070678628505544,3.231828877266417,1.5042784214019775,0.004813088220544159
emnist_letters,headwise_adaptive_entmax,8,3,0.7913522720336914,0.7825,0.780511843886318,0.689146636648381,0.7967236847319501,3.1676283110963537,1.503848910331726,0.005953248939476907
emnist_letters,headwise_adaptive_entmax,8,4,0.665666937828064,0.81275,0.8087903335735788,0.5819414213616797,0.7871326873911187,3.1281874611022626,1.5035306811332703,0.006566987722180784
emnist_letters,headwise_adaptive_entmax,8,5,0.5780766010284424,0.8369166666666666,0.8357547525016427,0.5144915086157779,0.7872221133810409,3.117343836642326,1.5028024911880493,0.006776145659387112
emnist_letters,headwise_adaptive_entmax,8,6,0.5145479440689087,0.85975,0.8591628518970897,0.44262404200878547,0.7791244996354935,3.0925987451634507,1.501775085926056,0.006904290523380041
emnist_letters,headwise_adaptive_entmax,8,7,0.47033458948135376,0.8635833333333334,0.862780829273608,0.427794836937113,0.7682843316108623,3.0681080868903625,1.5011348128318787,0.0067701388616114855
emnist_letters,headwise_adaptive_entmax,8,8,0.4315461814403534,0.869,0.8678530461894168,0.39516832346611835,0.776256170044554,3.0810448438563247,1.5002946853637695,0.006829214049503207
emnist_letters,headwise_adaptive_entmax,8,9,0.4044767916202545,0.8783333333333333,0.8773871298227631,0.3760578324820133,0.7740450755078742,3.077463609106997,1.499450147151947,0.006670303642749786
emnist_letters,headwise_adaptive_entmax,8,10,0.3808562457561493,0.8813333333333333,0.8806601099135634,0.370676281921407,0.7733858132616003,3.073186712062105,1.498925805091858,0.006355499033816159
emnist_letters,headwise_adaptive_entmax,8,11,0.36469003558158875,0.88975,0.8888073128353433,0.3483219324274266,0.7635908443877037,3.0416912322348737,1.4979503750801086,0.006479534786194563
emnist_letters,headwise_adaptive_entmax,8,12,0.34829267859458923,0.8878333333333334,0.8861986246590882,0.35053029371068833,0.7725207089109624,3.066376734287181,1.497298538684845,0.00667349505238235
emnist_letters,headwise_adaptive_entmax,8,13,0.33188366889953613,0.8929166666666667,0.8917224017642813,0.33455095138955626,0.7782022141395731,3.078022335438018,1.4962841868400574,0.007181198801845312
emnist_letters,headwise_adaptive_entmax,8,14,0.3210704028606415,0.8920833333333333,0.891103860345072,0.33332727976301885,0.772685908890785,3.0665665408398244,1.495677888393402,0.007692685816437006
emnist_letters,headwise_adaptive_entmax,8,15,0.3070908784866333,0.90025,0.8996613045783277,0.31229526533725416,0.7734475319689893,3.064735156424502,1.4952009320259094,0.007813622942194343
emnist_letters,headwise_adaptive_entmax,8,16,0.29448869824409485,0.9024166666666666,0.9016257266632208,0.30858667480184676,0.7688645035662549,3.054984026766838,1.4942225813865662,0.008299561217427254
emnist_letters,headwise_adaptive_entmax,8,17,0.2892954349517822,0.8985833333333333,0.8977252429653617,0.31571473244656906,0.7694940674812236,3.059020148946884,1.4937705397605896,0.008671466028317809
emnist_letters,headwise_adaptive_entmax,8,18,0.27830758690834045,0.8969166666666667,0.8961930970712436,0.3195307708167015,0.7655823516084793,3.050126631209191,1.4929909706115723,0.008760181022807956
emnist_letters,headwise_adaptive_entmax,8,19,0.26989391446113586,0.9019166666666667,0.9011198043659567,0.29507163579159595,0.7713461790947204,3.0571314679815416,1.4920887351036072,0.009261335944756866
emnist_letters,headwise_adaptive_entmax,8,20,0.25984951853752136,0.9045,0.9033788300719056,0.2939246480769299,0.7622075955918495,3.034712312069345,1.4912627339363098,0.00948599330149591
emnist_letters,headwise_adaptive_entmax,8,21,0.2534012198448181,0.905,0.9041346087378158,0.2951430970049919,0.7703699983180837,3.0528982116820966,1.4904192686080933,0.009779381565749645
emnist_letters,headwise_adaptive_entmax,8,22,0.24863021075725555,0.9100833333333334,0.9093721929206419,0.27905849161300256,0.7641181134163065,3.0374004561850367,1.4894359111785889,0.009765874594449997
emnist_letters,headwise_adaptive_entmax,8,23,0.23737283051013947,0.90625,0.9054575744556371,0.2911941041337683,0.7619457599964548,3.029288241203795,1.4888863563537598,0.01018331153318286
emnist_letters,headwise_adaptive_entmax,8,24,0.23567353188991547,0.9076666666666666,0.9067557025852511,0.27849820414756205,0.7688821408342807,3.04472982122543,1.487968921661377,0.01065696170553565
emnist_letters,headwise_adaptive_entmax,8,25,0.22898556292057037,0.9115833333333333,0.9107495203121189,0.2828584139017349,0.7607760042586225,3.0262630746719683,1.4873757362365723,0.010900048073381186
emnist_letters,headwise_adaptive_entmax,8,26,0.2210693657398224,0.91,0.9093056673455491,0.28918441400883044,0.7613070359889497,3.0319690653618347,1.4863542318344116,0.011121894232928753
emnist_letters,headwise_adaptive_entmax,8,27,0.2167244702577591,0.9131666666666667,0.9119557054035543,0.2823786453363743,0.764935333043971,3.0357941135447075,1.4852230548858643,0.011675050482153893
emnist_letters,headwise_adaptive_entmax,8,28,0.21693775057792664,0.9075,0.9067526322423045,0.29316524083309986,0.7627211580885217,3.0284673305267984,1.4843902587890625,0.01150490902364254
emnist_letters,headwise_adaptive_entmax,8,29,0.20911498367786407,0.9125833333333333,0.9118074927199787,0.28984328121580977,0.7601654554935212,3.016260953659707,1.4835548400878906,0.011809359770268202
emnist_letters,headwise_adaptive_entmax,9,0,2.4873712062835693,0.4815833333333333,0.4650658550240877,1.6487509976042078,0.8026136857398013,3.263906565118343,1.5019806027412415,0.0034850804368034005
emnist_letters,headwise_adaptive_entmax,9,1,1.3580522537231445,0.6355,0.6291496007268217,1.1259427692027801,0.8236251555858775,3.2981557313432086,1.5021380186080933,0.0038321262691169977
emnist_letters,headwise_adaptive_entmax,9,2,0.9620202779769897,0.7465,0.7439319092651865,0.784557211906352,0.8206217821608198,3.277591847358866,1.5033180713653564,0.004898293176665902
emnist_letters,headwise_adaptive_entmax,9,3,0.7711673378944397,0.79225,0.791150700549979,0.641142154627658,0.8066447206000065,3.2293968352865665,1.5041754245758057,0.005961248185485601
emnist_letters,headwise_adaptive_entmax,9,4,0.6440784931182861,0.825,0.8229859935991056,0.527211087815305,0.7931397715781597,3.1934600865587277,1.5045532584190369,0.007068744394928217
emnist_letters,headwise_adaptive_entmax,9,5,0.5578874349594116,0.8451666666666666,0.8449528217898737,0.4667007029056549,0.7882424447130649,3.174471167807883,1.5048024654388428,0.008273058338090777
emnist_letters,headwise_adaptive_entmax,9,6,0.4927065968513489,0.8604166666666667,0.8592930544350449,0.4183482825756073,0.7863955364582387,3.1718520331890026,1.505195677280426,0.009450160898268223
emnist_letters,headwise_adaptive_entmax,9,7,0.44714805483818054,0.8590833333333333,0.8584397413159071,0.424010047253142,0.7833887979071191,3.1623838556573745,1.5055236220359802,0.010026625823229551
emnist_letters,headwise_adaptive_entmax,9,8,0.41757524013519287,0.8759166666666667,0.8754007286644073,0.36929565414469295,0.777245655338815,3.1405555085932955,1.5057034492492676,0.010951222851872444
emnist_letters,headwise_adaptive_entmax,9,9,0.3824045658111572,0.8885833333333333,0.887816955665154,0.338145690395477,0.7710863402549256,3.126925422790203,1.5051973462104797,0.011782289482653141
emnist_letters,headwise_adaptive_entmax,9,10,0.36032724380493164,0.8873333333333333,0.8868742260523679,0.3358446404020837,0.758901538366967,3.1003231215984264,1.5055557489395142,0.012502718716859818
emnist_letters,headwise_adaptive_entmax,9,11,0.34095948934555054,0.8866666666666667,0.885792416549052,0.3450842778733436,0.7692710338754857,3.115328682229874,1.5052337050437927,0.01272023981437087
emnist_letters,headwise_adaptive_entmax,9,12,0.3334103524684906,0.8875,0.8871297184335116,0.3384433452119219,0.765729416558083,3.1076273512332997,1.5050719380378723,0.01341884071007371
emnist_letters,headwise_adaptive_entmax,9,13,0.3130122721195221,0.8965833333333333,0.895944400540973,0.31712749029727694,0.7597013134905632,3.0800632162297026,1.5044264793395996,0.013880274258553982
emnist_letters,headwise_adaptive_entmax,9,14,0.3010273277759552,0.8969166666666667,0.8954887584352923,0.3098060095563848,0.7546677234325003,3.065928258794419,1.5037587881088257,0.014282102230936289
emnist_letters,headwise_adaptive_entmax,9,15,0.29059073328971863,0.8995,0.8991195469692163,0.30334074414790946,0.7534389191485465,3.066884730724578,1.50337415933609,0.014422975480556488
emnist_letters,headwise_adaptive_entmax,9,16,0.2847464382648468,0.9013333333333333,0.9009016887729939,0.303672583179271,0.7497512507945934,3.0561966591692986,1.502888798713684,0.014581781812012196
emnist_letters,headwise_adaptive_entmax,9,17,0.2734077572822571,0.9060833333333334,0.905612354112599,0.2943716198205948,0.7474444971439687,3.0512255480948913,1.5023542046546936,0.014288302045315504
emnist_letters,headwise_adaptive_entmax,9,18,0.26050034165382385,0.9076666666666666,0.9069063731950558,0.2834004338117356,0.7367548200678318,3.0322217307192214,1.5015207529067993,0.014758140314370394
emnist_letters,headwise_adaptive_entmax,9,19,0.258314847946167,0.9101666666666667,0.9097323180178291,0.2776300437906955,0.7410016560808141,3.0258007607561477,1.5012471675872803,0.014812806621193886
emnist_letters,headwise_adaptive_entmax,9,20,0.2561350464820862,0.9026666666666666,0.9021301817787298,0.29557352655745567,0.7441162409934592,3.02778847674106,1.5001145005226135,0.014738407451659441
emnist_letters,headwise_adaptive_entmax,9,21,0.24788032472133636,0.9114166666666667,0.911309822827506,0.2739803749830165,0.7476928411646092,3.043955810526584,1.4993927478790283,0.015316399279981852
emnist_letters,headwise_adaptive_entmax,9,22,0.2410857081413269,0.913,0.9126946018343356,0.2719116467744746,0.7446664248375182,3.035541666314957,1.4987651705741882,0.015339529607445002
emnist_letters,headwise_adaptive_entmax,9,23,0.2305992990732193,0.9078333333333334,0.9070207380680461,0.279589333432786,0.7405448517900832,3.022210552337322,1.4984772205352783,0.014938505366444588
emnist_letters,headwise_adaptive_entmax,9,24,0.23225586116313934,0.913,0.9128729955523792,0.264894537152128,0.7381853962198217,3.0290936054067408,1.4974000453948975,0.01455462584272027
emnist_letters,headwise_adaptive_entmax,9,25,0.22612468898296356,0.9066666666666666,0.906139340807832,0.2911312050641851,0.7361968166016518,3.014248804843172,1.4965185523033142,0.015181458089500666
emnist_letters,headwise_adaptive_entmax,9,26,0.21800237894058228,0.9143333333333333,0.913923084714686,0.2683483327322818,0.7334869529338593,3.0071451917607734,1.4961596131324768,0.015072240494191647
emnist_letters,headwise_adaptive_entmax,9,27,0.22000400722026825,0.911,0.9105232608636028,0.2747839051992335,0.7370691483325147,3.0224243833663618,1.495520532131195,0.015099001582711935
emnist_letters,headwise_adaptive_entmax,9,28,0.21297764778137207,0.91575,0.9153966363800093,0.26302288472652435,0.7387161628997072,3.0134278789479683,1.49475759267807,0.014897645451128483
emnist_letters,headwise_adaptive_entmax,9,29,0.20551441609859467,0.9135833333333333,0.9134083870729394,0.2744630518111777,0.7243744845085955,2.9860467454220387,1.4943925738334656,0.01575657445937395
