dataset,method,seed,epoch,train_loss,val_accuracy,val_macro_f1,val_loss,attention_density,attention_entropy,alpha_mean,alpha_std
cifar10,softmax,0,0,1.8404829502105713,0.414,0.4043896530149194,1.6156565507253011,1.0,3.962502861022949,nan,nan
cifar10,softmax,0,1,1.5120069980621338,0.4787,0.4716882938370621,1.4444263526371548,0.9998981793721516,3.911729039464678,nan,nan
cifar10,softmax,0,2,1.3903883695602417,0.5134,0.5067745003953331,1.3481204418908983,0.9995303843702589,3.882855799084618,nan,nan
cifar10,softmax,0,3,1.3088700771331787,0.5371,0.536005876155183,1.287312848795028,0.9984878125644866,3.8399605830510457,nan,nan
cifar10,softmax,0,4,1.2434710264205933,0.5641,0.5610687217392544,1.2142386146954127,0.9981005878675552,3.822317818232945,nan,nan
cifar10,softmax,0,5,1.1887779235839844,0.5862,0.5829728061745596,1.1591136114937919,0.9978680261543819,3.818715556462606,nan,nan
cifar10,softmax,0,6,1.1398272514343262,0.598,0.5992792116480399,1.1236844255810692,0.9972409188747406,3.7663228636696227,nan,nan
cifar10,softmax,0,7,1.0982422828674316,0.5915,0.5928184417106608,1.1273286234764825,0.9985191240197137,3.8220237096150718,nan,nan
cifar10,softmax,0,8,1.0603063106536865,0.6111,0.6050923829875935,1.0906654170581274,0.9965687013807751,3.763412682215373,nan,nan
cifar10,softmax,0,9,1.0267348289489746,0.6252,0.6229818559416591,1.0675153238432749,0.9980380736646198,3.7707746165139335,nan,nan
cifar10,softmax,0,10,0.9989227056503296,0.6336,0.6306081843092569,1.0421474956330798,0.9976763285341717,3.800515783400763,nan,nan
cifar10,softmax,0,11,0.9689353704452515,0.6296,0.6243160669027967,1.060087630294618,0.9971205759616125,3.740999460220337,nan,nan
cifar10,softmax,0,12,0.9475650191307068,0.6327,0.6362394183766732,1.0475032579331172,0.9972737113634745,3.769200209208897,nan,nan
cifar10,softmax,0,13,0.9278489351272583,0.6553,0.6543413628344856,0.9787329123133705,0.9972506520294008,3.7778792710531324,nan,nan
cifar10,softmax,0,14,0.9012183547019958,0.6583,0.6531165751983448,0.982285513764336,0.9965471191065652,3.7693925255820866,nan,nan
cifar10,softmax,0,15,0.8828017115592957,0.6524,0.6491559740629496,1.00261736313502,0.994918474980763,3.7214201983951387,nan,nan
cifar10,softmax,0,16,0.8691681027412415,0.6528,0.6541151637963233,0.9856107825324649,0.9945677152701786,3.719501563480922,nan,nan
cifar10,softmax,0,17,0.851685643196106,0.6545,0.6541318504415707,0.9873498201370239,0.9974923536891029,3.761392937387739,nan,nan
cifar10,softmax,0,18,0.8350921273231506,0.6507,0.6540362107702523,0.9936984118961153,0.9957448720932007,3.7203463633855183,nan,nan
cifar10,softmax,0,19,0.81914883852005,0.6706,0.6701180304585408,0.956368595077878,0.9968702560379392,3.7469960326240175,nan,nan
cifar10,softmax,0,20,0.8055087327957153,0.6675,0.6675834397808741,0.9723198754446847,0.9948378707681383,3.693416501226879,nan,nan
cifar10,softmax,0,21,0.7900884747505188,0.6561,0.6551751068049846,0.999920354002998,0.9957873545941852,3.7028268575668335,nan,nan
cifar10,softmax,0,22,0.778301477432251,0.6686,0.6678355538965208,0.9726857724643889,0.9963714423633757,3.7245121955871583,nan,nan
cifar10,softmax,0,23,0.7684502601623535,0.6693,0.6684739701840057,0.9710525183450608,0.994665991692316,3.7138549395969935,nan,nan
cifar10,softmax,0,24,0.7594981789588928,0.6637,0.6630803850721512,0.9892597204162961,0.9958394626776378,3.735913985116141,nan,nan
cifar10,softmax,1,0,1.8437273502349854,0.4124,0.391816626642108,1.5840323130289713,0.9999999795641218,3.9727062441053844,nan,nan
cifar10,softmax,1,1,1.5149991512298584,0.4784,0.46211584780025766,1.4337886549177623,0.9999859123002915,3.9158013582229616,nan,nan
cifar10,softmax,1,2,1.3963068723678589,0.5045,0.48497071849038687,1.3588398274921236,0.9999132559413002,3.8897190048581076,nan,nan
cifar10,softmax,1,3,1.3175495862960815,0.5338,0.5305787948936574,1.2878346715654645,0.9997937432357243,3.831060817128136,nan,nan
cifar10,softmax,1,4,1.257115364074707,0.5507,0.5423022024554802,1.2559722571145921,0.9997333512419746,3.8237583682650613,nan,nan
cifar10,softmax,1,5,1.2010042667388916,0.5794,0.5715161661432969,1.1809104998906454,0.9996765318371,3.8511286667415074,nan,nan
cifar10,softmax,1,6,1.1538079977035522,0.5893,0.5803046511702583,1.1551816418057397,0.9995296623025621,3.8131724210012528,nan,nan
cifar10,softmax,1,7,1.103948712348938,0.6004,0.5949060549942241,1.12148745400565,0.9995214675154005,3.8261492138817195,nan,nan
cifar10,softmax,1,8,1.0663986206054688,0.6125,0.6101741498156692,1.1035041127886092,0.9995201959496453,3.7892912262961977,nan,nan
cifar10,softmax,1,9,1.0375665426254272,0.6162,0.6115399222288438,1.072107217993055,0.9995416161559877,3.812611817178272,nan,nan
cifar10,softmax,1,10,1.004734992980957,0.6319,0.6238802075193237,1.0377547757966177,0.9995612672397068,3.814830501874288,nan,nan
cifar10,softmax,1,11,0.9735106825828552,0.6266,0.6251161340600937,1.0537554644403004,0.9994341813382648,3.816475625265212,nan,nan
cifar10,softmax,1,12,0.9485594630241394,0.6454,0.6439135707311643,1.0112425911994207,0.9991538700603303,3.7912540231432232,nan,nan
cifar10,softmax,1,13,0.9199391603469849,0.647,0.6424988274590093,1.011343342917306,0.9992147664229075,3.8122375681286766,nan,nan
cifar10,softmax,1,14,0.8915371894836426,0.6461,0.6409723307750267,1.029099444548289,0.9994011609327226,3.80965595018296,nan,nan
cifar10,softmax,1,15,0.8771836161613464,0.6531,0.651883324291043,1.0007653486161006,0.9992432313305991,3.8038392123721896,nan,nan
cifar10,softmax,1,16,0.8565049767494202,0.6518,0.6542205463597499,0.9954737402143933,0.9990238623959677,3.777555193219866,nan,nan
cifar10,softmax,1,17,0.8432159423828125,0.6586,0.6564793214174841,0.9796713619005113,0.9991838659558977,3.7717061383383617,nan,nan
cifar10,softmax,1,18,0.8266468644142151,0.6527,0.6485568836759097,1.003908315726689,0.999243669566654,3.799807260150001,nan,nan
cifar10,softmax,1,19,0.8075749278068542,0.6603,0.6577711987291891,0.9856493461699712,0.9987597865717751,3.7733192523320516,nan,nan
cifar10,softmax,1,20,0.795020341873169,0.6645,0.6637521680146017,0.984582735810961,0.9976435913926079,3.73520956266494,nan,nan
cifar10,softmax,1,21,0.7812036275863647,0.6681,0.664756633203418,0.9771424231075105,0.9974817514419556,3.721540399960109,nan,nan
cifar10,softmax,1,22,0.7689085006713867,0.6699,0.6685699910993876,0.9699519231205895,0.9984925275757199,3.7746139424187795,nan,nan
cifar10,softmax,1,23,0.7533484101295471,0.6716,0.667737259332998,0.9854754941804068,0.9983160910152253,3.7328511317571005,nan,nan
cifar10,softmax,1,24,0.7437067627906799,0.6594,0.6565787500902525,1.0017623577799115,0.9986621902102516,3.7743585836319697,nan,nan
cifar10,softmax,1,25,0.7295240163803101,0.6674,0.6636838315929661,0.9780632319904509,0.9982573900903974,3.7350129172915505,nan,nan
cifar10,softmax,1,26,0.7201558947563171,0.6732,0.6721959772030726,0.9799108261153812,0.9978823426223936,3.74215080283937,nan,nan
cifar10,softmax,1,27,0.7103322744369507,0.6737,0.6695572004132909,0.9831624916621617,0.9987080346970331,3.743014805657523,nan,nan
cifar10,softmax,1,28,0.7011958360671997,0.6733,0.6682873373132047,0.9628940610658555,0.9975678679488954,3.730433626401992,nan,nan
cifar10,softmax,1,29,0.6918476223945618,0.6709,0.6703982842122018,0.9808073668252855,0.998280367113295,3.7361744517371767,nan,nan
cifar10,softmax,2,0,1.8513305187225342,0.4129,0.4006344583952042,1.5827326706477574,0.9999989577702113,3.9562634854089644,nan,nan
cifar10,softmax,2,1,1.525151014328003,0.4814,0.475384068552924,1.4274242753074282,0.9999164598328727,3.8919746784936815,nan,nan
cifar10,softmax,2,2,1.379345417022705,0.5284,0.5245651340281067,1.294286655244373,0.9998230948334649,3.869645130066645,nan,nan
cifar10,softmax,2,3,1.2815653085708618,0.5548,0.548795178936445,1.228069560300736,0.9993356000809442,3.857409680457342,nan,nan
cifar10,softmax,2,4,1.2168904542922974,0.5632,0.5570658859140324,1.2177531639734904,0.9993246399220966,3.830126598903111,nan,nan
cifar10,softmax,2,5,1.1718885898590088,0.5749,0.5697473002926647,1.1875883970941816,0.9975717822710674,3.7895880415326073,nan,nan
cifar10,softmax,2,6,1.1149531602859497,0.6042,0.6033776788916618,1.1020268888700575,0.9969902478513264,3.7717508588518416,nan,nan
cifar10,softmax,2,7,1.0860304832458496,0.6128,0.6095047220515657,1.0886290249370394,0.9986201973188491,3.819348983537583,nan,nan
cifar10,softmax,2,8,1.0516257286071777,0.6208,0.6140136544452178,1.0658367662202743,0.9945956976640792,3.766817243893941,nan,nan
cifar10,softmax,2,9,1.016741156578064,0.6358,0.6349562237909439,1.0230476952734449,0.9963988193443843,3.7763908965247017,nan,nan
cifar10,softmax,2,10,0.9842749834060669,0.6416,0.6383604395290411,0.9982924801962716,0.9950423700468881,3.762370877038865,nan,nan
cifar10,softmax,2,11,0.9603065848350525,0.6425,0.6397040073075989,1.0105995723179408,0.9978244554428827,3.811374813034421,nan,nan
cifar10,softmax,2,12,0.9353883266448975,0.6519,0.6470767111069369,0.9910194499152047,0.996214952639171,3.7771950063251314,nan,nan
cifar10,softmax,2,13,0.9090541005134583,0.648,0.6400552418647042,1.0196838855743409,0.9940919771080925,3.7338421832947506,nan,nan
cifar10,softmax,2,14,0.8915930390357971,0.6604,0.6600033850361411,0.9726749238513764,0.9941431726728167,3.7393888700576055,nan,nan
cifar10,softmax,2,15,0.8734617233276367,0.6717,0.6700779465224309,0.9303431840169998,0.9951839898313795,3.767602074713934,nan,nan
cifar10,softmax,2,16,0.8537178039550781,0.6672,0.6628229812146431,0.9523824203582038,0.9931971507413047,3.714081683613005,nan,nan
cifar10,softmax,2,17,0.8404542207717896,0.6719,0.6688177765398305,0.9333523710568746,0.9936624365193504,3.7322732743762788,nan,nan
cifar10,softmax,2,18,0.8224432468414307,0.6802,0.6789756004460175,0.9162757436434428,0.9909391093821752,3.6852295307886034,nan,nan
cifar10,softmax,2,19,0.8026504516601562,0.6794,0.6754334289217314,0.9233489008176894,0.9962254212016151,3.7585477670033773,nan,nan
cifar10,softmax,2,20,0.7918102145195007,0.6668,0.6614910803717741,0.9495766940571013,0.9936760374477931,3.7313114166259767,nan,nan
cifar10,softmax,2,21,0.776016116142273,0.6695,0.6707780072680214,0.9583509274891444,0.9907813926537832,3.6774203379948935,nan,nan
cifar10,softmax,2,22,0.7649174928665161,0.6775,0.6733770242545472,0.9268046242850168,0.9925266524155935,3.715967335019793,nan,nan
cifar10,softmax,2,23,0.7525843977928162,0.6879,0.6873320742204097,0.8945981468473162,0.9939205433641162,3.7301922253199984,nan,nan
cifar10,softmax,2,24,0.7455341815948486,0.6883,0.6884696699607487,0.9235815065247672,0.9899645405156272,3.6741643758047196,nan,nan
cifar10,softmax,2,25,0.7266849279403687,0.6871,0.685651248259157,0.9171028006644476,0.992237556264514,3.707465982437134,nan,nan
cifar10,softmax,2,26,0.7195830941200256,0.6808,0.676805131098923,0.9431847560973394,0.9919492562611898,3.690082437651498,nan,nan
cifar10,softmax,2,27,0.7074069380760193,0.6899,0.6871661026000087,0.9035658876101176,0.9930524621691023,3.7271801869074506,nan,nan
cifar10,softmax,2,28,0.6967582702636719,0.6843,0.6855428059670668,0.9228762882096427,0.9918260145755041,3.6897249880291167,nan,nan
cifar10,softmax,2,29,0.6883720755577087,0.687,0.6838718069163081,0.9428622347967965,0.9906282606579009,3.658057336580186,nan,nan
cifar10,softmax,3,0,1.8288170099258423,0.4419,0.4216162890144104,1.5235652696518671,0.9999912602560861,3.925045576549712,nan,nan
cifar10,softmax,3,1,1.4796983003616333,0.4878,0.4886423879941132,1.3955312047685895,0.9993246069976262,3.89425231388637,nan,nan
cifar10,softmax,3,2,1.3742839097976685,0.5001,0.502696934234986,1.34551226070949,0.9992774847007934,3.8878555910927908,nan,nan
cifar10,softmax,3,3,1.3037577867507935,0.5215,0.522817835846812,1.2910208270663306,0.9994524447690873,3.8797105777831304,nan,nan
cifar10,softmax,3,4,1.2463617324829102,0.5565,0.5499338524412508,1.2096964887210302,0.9994973841167631,3.8692526783261982,nan,nan
cifar10,softmax,3,5,1.195344090461731,0.5665,0.5609785930436848,1.1749932845433553,0.9985322390283857,3.850603729202634,nan,nan
cifar10,softmax,3,6,1.1504892110824585,0.5798,0.572104119899772,1.1586735055560158,0.9986563617274875,3.8635145664215087,nan,nan
cifar10,softmax,3,7,1.1091575622558594,0.5874,0.5759414272349935,1.1212804487773351,0.9994358675820487,3.868808643023173,nan,nan
cifar10,softmax,3,8,1.067467212677002,0.5944,0.5898045453317622,1.1090241193771362,0.9986439795721145,3.8499061482293264,nan,nan
cifar10,softmax,3,9,1.0408718585968018,0.6258,0.6224436362065986,1.0520712364287603,0.9976460822990962,3.806714085170201,nan,nan
cifar10,softmax,3,10,1.0091447830200195,0.6231,0.6233206477464728,1.0600693010148547,0.9979935274237678,3.842434539113726,nan,nan
cifar10,softmax,3,11,0.9825155735015869,0.6219,0.616429439579134,1.0416191481408619,0.9971427125590188,3.8250728618531,nan,nan
cifar10,softmax,3,12,0.9571657776832581,0.6257,0.6227492431038602,1.05719899336497,0.9974692724999927,3.823766214506967,nan,nan
cifar10,softmax,3,13,0.9330916404724121,0.6483,0.6432219649346115,1.0031987195923215,0.9980350156625112,3.816545863378616,nan,nan
cifar10,softmax,3,14,0.9057754278182983,0.6447,0.6427799892197813,1.0054595322836013,0.9974335224855514,3.7984306914465766,nan,nan
cifar10,softmax,3,15,0.8992235064506531,0.6575,0.6566186302841551,0.976192205292838,0.9974758054528917,3.7945220788319904,nan,nan
cifar10,softmax,3,16,0.8722254633903503,0.6622,0.660934978564863,0.9434943619228545,0.997217112211954,3.8113616375696093,nan,nan
cifar10,softmax,3,17,0.8576650619506836,0.6695,0.6661168271740079,0.9429447770118713,0.9957568145933605,3.752625590278989,nan,nan
cifar10,softmax,3,18,0.8408709168434143,0.6561,0.6562070546704721,0.9923540575163705,0.9941657897971925,3.723867922737485,nan,nan
cifar10,softmax,3,19,0.8276157975196838,0.6588,0.6538488508572654,0.9739871172677903,0.996014012041546,3.751481242406936,nan,nan
cifar10,softmax,3,20,0.8106399774551392,0.6703,0.6696146405313465,0.9420809564136323,0.9954242978777205,3.745964787119911,nan,nan
cifar10,softmax,3,21,0.800441324710846,0.6704,0.6692630674114525,0.9380942418461754,0.9954780195440565,3.76038677465348,nan,nan
cifar10,softmax,3,22,0.7894759774208069,0.6763,0.6763720359645335,0.9331457688694909,0.9955033895515261,3.733563544636681,nan,nan
cifar10,softmax,3,23,0.772441029548645,0.671,0.6701556458149256,0.9378031242461432,0.9955457423414503,3.7614341599600656,nan,nan
cifar10,softmax,3,24,0.7637961506843567,0.6736,0.6720037947960409,0.9495834906895956,0.9964565824894678,3.77476278146108,nan,nan
cifar10,softmax,3,25,0.7485514879226685,0.6721,0.6718043427234204,0.9397334405354091,0.9944335528782435,3.7366724366233464,nan,nan
cifar10,softmax,3,26,0.7345805764198303,0.6819,0.6787975940558482,0.9289949519293649,0.9958343108495077,3.746587327548436,nan,nan
cifar10,softmax,3,27,0.7291561961174011,0.6746,0.6716593510323586,0.9413347363471984,0.997631215481531,3.7787760212307884,nan,nan
cifar10,softmax,3,28,0.7141968011856079,0.6892,0.6885597839909366,0.916619086265564,0.995655122541246,3.7404241073699223,nan,nan
cifar10,softmax,3,29,0.7064101696014404,0.678,0.6797427595348425,0.9390809819811866,0.9950557495866503,3.7276570638020834,nan,nan
cifar10,softmax,4,0,1.873901128768921,0.4195,0.3918486549470278,1.5752240339914958,0.9999992674305326,3.8614077533994404,nan,nan
cifar10,softmax,4,1,1.4971928596496582,0.4834,0.47476498322697774,1.4172399963651385,0.9999679820878166,3.833373246874128,nan,nan
cifar10,softmax,4,2,1.3632656335830688,0.5255,0.52296768213615,1.3095357781364805,0.9998519687425522,3.8643941686266943,nan,nan
cifar10,softmax,4,3,1.2881721258163452,0.5482,0.5426068277843267,1.2404354169255212,0.9996909800029936,3.7855734041758944,nan,nan
cifar10,softmax,4,4,1.2266697883605957,0.5614,0.5547867622907267,1.2208062240055628,0.9988920518330165,3.78834254968734,nan,nan
cifar10,softmax,4,5,1.1787203550338745,0.5739,0.568056230460578,1.185427008356367,0.9986413019044059,3.7778678405852544,nan,nan
cifar10,softmax,4,6,1.1420003175735474,0.5781,0.5769940504096406,1.1525057894842965,0.9968382736047109,3.7172030096962336,nan,nan
cifar10,softmax,4,7,1.1085284948349,0.5943,0.5895957374388346,1.1346910243942625,0.9969572958492098,3.727530248959859,nan,nan
cifar10,softmax,4,8,1.077865481376648,0.6118,0.6101263853665168,1.0809367503438676,0.9960161404950278,3.7053222588130406,nan,nan
cifar10,softmax,4,9,1.0463160276412964,0.6118,0.6031416385479129,1.0805450484866188,0.9973510489577339,3.7474155335199266,nan,nan
cifar10,softmax,4,10,1.0236939191818237,0.6185,0.6099425006748893,1.0686920824505033,0.9975070879572914,3.7514459360213506,nan,nan
cifar10,softmax,4,11,0.9952400922775269,0.6202,0.6141559674872368,1.074386513233185,0.9966811798867725,3.7002602679388863,nan,nan
cifar10,softmax,4,12,0.9728346467018127,0.6367,0.6351292332795329,1.017555710815248,0.9958268824077788,3.6907322565714518,nan,nan
cifar10,softmax,4,13,0.9484965205192566,0.6456,0.64448258870036,1.0079112268629529,0.9947184134097327,3.6769276028587705,nan,nan
cifar10,softmax,4,14,0.9208929538726807,0.6442,0.639485357823127,1.0053399943170094,0.9961511333783467,3.6924550851186115,nan,nan
cifar10,softmax,4,15,0.9070071578025818,0.6448,0.643549957234861,1.0019701849846614,0.9975264830248697,3.73710237684704,nan,nan
cifar10,softmax,4,16,0.8860831260681152,0.657,0.6545170274403787,0.9848840395609538,0.9969762980937957,3.7419027998333885,nan,nan
cifar10,softmax,4,17,0.8666884899139404,0.6463,0.642089846118753,1.0081134075210207,0.9962735369091942,3.697720180238996,nan,nan
cifar10,softmax,4,18,0.851324737071991,0.659,0.6579903994545397,0.9745812841824123,0.9957184675193969,3.689895106497265,nan,nan
cifar10,softmax,4,19,0.837493896484375,0.6566,0.6527880758742631,0.9718379173960005,0.995858606554213,3.685241176968529,nan,nan
cifar10,softmax,4,20,0.8237882256507874,0.6556,0.6516152681382886,0.9996197581291199,0.9974826653798421,3.740280520348322,nan,nan
cifar10,softmax,4,21,0.8045151829719543,0.6598,0.6545754390612949,1.0007615577606928,0.9944382871900286,3.6796808583395824,nan,nan
cifar10,softmax,4,22,0.790883481502533,0.666,0.6658452316360907,0.9849450701758975,0.9948109521752312,3.6589212008884977,nan,nan
cifar10,softmax,4,23,0.7797309160232544,0.6701,0.6686639854485144,0.9526612020674206,0.9934818001020522,3.6389916533515567,nan,nan
cifar10,softmax,4,24,0.7664533853530884,0.6706,0.6691645482086718,0.9539914789653959,0.9939041046869187,3.6559170677548365,nan,nan
cifar10,softmax,4,25,0.7551605105400085,0.6672,0.6678562181230336,0.9844491044680278,0.9932045442717415,3.612853204636347,nan,nan
cifar10,softmax,4,26,0.7364986538887024,0.6679,0.6685293929208231,0.9547376405625116,0.9951381175290971,3.6631034873780752,nan,nan
cifar10,softmax,4,27,0.7307697534561157,0.6692,0.6705107733652901,0.9729174665042333,0.9917761280423119,3.5969226803098406,nan,nan
cifar10,softmax,4,28,0.7238743901252747,0.6646,0.6636233167497757,0.9835522015889485,0.9924450587658655,3.606621709324065,nan,nan
cifar10,softmax,4,29,0.7158539891242981,0.6756,0.6759663085720445,0.9518610664776394,0.9937275670823597,3.6365128006253924,nan,nan
cifar10,softmax,5,0,1.8421151638031006,0.4231,0.4084055811323662,1.5878451063519432,0.9999998771008991,3.819739590372358,nan,nan
cifar10,softmax,5,1,1.5011484622955322,0.4803,0.4752968901169671,1.4062010345004854,0.999982595159894,3.804871305965242,nan,nan
cifar10,softmax,5,2,1.386785626411438,0.5088,0.5044024299651179,1.3414914630708241,0.9998163453170231,3.7980223133450464,nan,nan
cifar10,softmax,5,3,1.3021224737167358,0.5436,0.5428050721967356,1.2502793187186831,0.9989204727468036,3.7658449400038947,nan,nan
cifar10,softmax,5,4,1.242281198501587,0.5493,0.5486713892955073,1.23430274668194,0.998250511146727,3.749056575411842,nan,nan
cifar10,softmax,5,5,1.1888744831085205,0.5799,0.5799715533770412,1.1619650715873355,0.9991925503526415,3.821484666778928,nan,nan
cifar10,softmax,5,6,1.144377589225769,0.5774,0.5768672580677131,1.164957845211029,0.9971312128362202,3.7480983484359016,nan,nan
cifar10,softmax,5,7,1.1068546772003174,0.5986,0.5964196520705787,1.114742914835612,0.9982719083627065,3.765489078703381,nan,nan
cifar10,softmax,5,8,1.0652505159378052,0.5959,0.5920931009428201,1.1372761385781425,0.9963112907750266,3.7314336674554007,nan,nan
cifar10,softmax,5,9,1.0401105880737305,0.6009,0.5992820823702079,1.0974080011958167,0.9976496225311643,3.7588502327601114,nan,nan
cifar10,softmax,5,10,1.008512258529663,0.6087,0.6015704977018397,1.088390078431084,0.9976814599264235,3.765864723069327,nan,nan
cifar10,softmax,5,11,0.9788929224014282,0.6273,0.6284141493836055,1.0476561563355582,0.9962855549085707,3.745035677864438,nan,nan
cifar10,softmax,5,12,0.9630477428436279,0.6305,0.6252263545814712,1.0439731529780796,0.9963590587888446,3.7590026321865264,nan,nan
cifar10,softmax,5,13,0.9315690994262695,0.6461,0.6432192722453188,1.0027165004185268,0.9968527666160039,3.7520390135901316,nan,nan
cifar10,softmax,5,14,0.9171435236930847,0.648,0.6452344135314948,0.9985902735165187,0.9957938075065613,3.7224459704898654,nan,nan
cifar10,softmax,5,15,0.8875696063041687,0.6441,0.648514547078304,1.010788603056045,0.995845053309486,3.7444447812579926,nan,nan
cifar10,softmax,5,16,0.874542772769928,0.656,0.6590504049821516,0.98392311164311,0.9952678751377833,3.725236423810323,nan,nan
cifar10,softmax,5,17,0.8557692766189575,0.6602,0.6571970663545091,0.9907584723972139,0.9960026068346841,3.7438552186602636,nan,nan
cifar10,softmax,5,18,0.8384974598884583,0.6543,0.6512600381816168,0.9884371127401079,0.9956314277081263,3.730585362797692,nan,nan
cifar10,softmax,5,19,0.8222140669822693,0.6631,0.6654842035625146,0.9672460039456685,0.9935867582048689,3.699197191283816,nan,nan
cifar10,softmax,5,20,0.8082557916641235,0.6694,0.6665622151207233,0.9606384107044765,0.9944408933321635,3.7101733082816715,nan,nan
cifar10,softmax,5,21,0.7911935448646545,0.6688,0.6660088369549849,0.9669285337130229,0.9934706162838709,3.683097306887309,nan,nan
cifar10,softmax,5,22,0.7799343466758728,0.6636,0.6658229326243161,0.9713642018181937,0.9935486282621111,3.7057594776153566,nan,nan
cifar10,softmax,5,23,0.76590895652771,0.6661,0.6639686147714358,0.9650375161852155,0.9935197875613258,3.6952086176191057,nan,nan
cifar10,softmax,5,24,0.7558238506317139,0.6717,0.6703162914510978,0.9788699859664554,0.9939676378454481,3.6981835036050708,nan,nan
cifar10,softmax,5,25,0.7492502331733704,0.6655,0.6641075124766342,1.0061067257608687,0.9948170667602902,3.699625551132929,nan,nan
cifar10,softmax,5,26,0.7331100106239319,0.671,0.6681769202091453,0.9554252533685593,0.9937144872688112,3.6840048699151904,nan,nan
cifar10,softmax,5,27,0.7229074239730835,0.6754,0.6762064384625409,0.9391748042333694,0.9933390242712838,3.6885926825659614,nan,nan
cifar10,softmax,5,28,0.7145850658416748,0.6816,0.6826685323281275,0.9402102816672552,0.9945213488170079,3.7002413670221963,nan,nan
cifar10,softmax,5,29,0.7035647034645081,0.6736,0.6712403677555469,0.9700258192561921,0.9919088795071557,3.6560541187013897,nan,nan
cifar10,softmax,6,0,1.879685401916504,0.4127,0.40558660407038716,1.588986745334807,0.9999278954097203,3.8476416020166306,nan,nan
cifar10,softmax,6,1,1.515523910522461,0.4818,0.47268176738943407,1.4089905931836082,0.999446659144901,3.8241818632398332,nan,nan
cifar10,softmax,6,2,1.3809407949447632,0.5216,0.5185878131010815,1.322908624013265,0.9978084876423791,3.817829958597819,nan,nan
cifar10,softmax,6,3,1.2979081869125366,0.5569,0.551424249173073,1.2212832876614161,0.9988004332497007,3.8302516153880526,nan,nan
cifar10,softmax,6,4,1.2379953861236572,0.5668,0.5670285726091485,1.1964482994306656,0.9982964773972829,3.8031499749138242,nan,nan
cifar10,softmax,6,5,1.1841094493865967,0.5805,0.5721087538070382,1.1659963454519,0.9989545782407124,3.8262458608264014,nan,nan
cifar10,softmax,6,6,1.142269253730774,0.5981,0.5953502982591558,1.1257147136188688,0.9977573105267116,3.7854890880130587,nan,nan
cifar10,softmax,6,7,1.1044977903366089,0.5897,0.587307788516841,1.143849183831896,0.9970420090925126,3.763339846474784,nan,nan
cifar10,softmax,6,8,1.0681889057159424,0.6096,0.6034305730221969,1.0779524468240285,0.9979642484869276,3.787376579784212,nan,nan
cifar10,softmax,6,9,1.0411018133163452,0.6063,0.6068422439468475,1.1254931029819306,0.997297419820513,3.7593961193448022,nan,nan
cifar10,softmax,6,10,1.0144518613815308,0.6212,0.6178722088601374,1.0532460933639889,0.9968789469628107,3.7549185457683745,nan,nan
cifar10,softmax,6,11,0.9862131476402283,0.6292,0.6293551184029581,1.0443251212437947,0.9978099814483098,3.799073188645499,nan,nan
cifar10,softmax,6,12,0.9623164534568787,0.6441,0.6407703887785325,1.0008989090011233,0.9983969816139766,3.801631834393456,nan,nan
cifar10,softmax,6,13,0.9344844818115234,0.6497,0.646686339550497,0.9985115323747907,0.9991750257355826,3.837449651672727,nan,nan
cifar10,softmax,6,14,0.913195013999939,0.649,0.6438283931554784,1.0005409076100304,0.9974539410500299,3.7813841978708904,nan,nan
cifar10,softmax,6,15,0.895137369632721,0.6586,0.6552646217863748,0.9795864088194711,0.9976286854062761,3.7733065468924387,nan,nan
cifar10,softmax,6,16,0.8754199743270874,0.6616,0.657896078512471,0.9671726539021447,0.9960981369018554,3.754159623100644,nan,nan
cifar10,softmax,6,17,0.857861340045929,0.6642,0.6605951325640687,0.9697594233921596,0.994626787446794,3.7327149754478817,nan,nan
cifar10,softmax,6,18,0.8397433161735535,0.6645,0.6596727267556697,0.9619082615489052,0.9954097972029732,3.7184298015776136,nan,nan
cifar10,softmax,6,19,0.823961615562439,0.6658,0.6624072499095146,0.9509722363381159,0.9973111893449511,3.785183064142863,nan,nan
cifar10,softmax,6,20,0.8078088760375977,0.6708,0.6659014117531213,0.9532011225110009,0.9968167140370323,3.7845146565210253,nan,nan
cifar10,softmax,6,21,0.7917879223823547,0.6772,0.6739933096477513,0.9366178189005171,0.995790939387821,3.7636849743979317,nan,nan
cifar10,softmax,6,22,0.783688485622406,0.6789,0.6729945375854167,0.9419855929556347,0.9950077431542533,3.733100629988171,nan,nan
cifar10,softmax,6,23,0.7620306015014648,0.6689,0.6648321826771391,0.9697493138767425,0.9952046062265124,3.7604873407454718,nan,nan
cifar10,softmax,6,24,0.7481634020805359,0.6819,0.6775181488321695,0.9534319406463987,0.99628350961776,3.7550263370786396,nan,nan
cifar10,softmax,6,25,0.7461673617362976,0.6737,0.6723740568936573,0.9430065228825524,0.9940316906997135,3.709722630182902,nan,nan
cifar10,softmax,6,26,0.7302577495574951,0.6863,0.6866712666308774,0.915114917073931,0.9966337172758012,3.7647518157958983,nan,nan
cifar10,softmax,6,27,0.7164170742034912,0.6771,0.6737715321768735,0.9568149186315991,0.9932638159820012,3.703901151248387,nan,nan
cifar10,softmax,6,28,0.7078597545623779,0.6807,0.6770619167030374,0.9465302268664042,0.9955691062268757,3.7428870405469623,nan,nan
cifar10,softmax,6,29,0.7009863257408142,0.685,0.6812865205203105,0.9286664168039958,0.9953439000106993,3.7454962923413233,nan,nan
cifar10,softmax,7,0,1.822957992553711,0.425,0.40933398520150127,1.5799254213060652,0.9999997984795344,3.99902027902149,nan,nan
cifar10,softmax,7,1,1.5205199718475342,0.4746,0.4681662467243308,1.436865685099647,0.9999779888561794,3.9076281184241886,nan,nan
cifar10,softmax,7,2,1.410700798034668,0.4944,0.4850615917128584,1.3757666122345698,0.9999066843872979,3.9267661457970027,nan,nan
cifar10,softmax,7,3,1.3241773843765259,0.539,0.5360345468651893,1.2753526301611038,0.9995560390608651,3.8809062742051625,nan,nan
cifar10,softmax,7,4,1.258489727973938,0.5587,0.5539304996699614,1.2274573490733192,0.9992363484132858,3.8572383517310733,nan,nan
cifar10,softmax,7,5,1.2105159759521484,0.5709,0.5671728558553989,1.1760426958401997,0.9991014378411429,3.834080413409642,nan,nan
cifar10,softmax,7,6,1.158800721168518,0.5745,0.577325559551546,1.1941894820758274,0.9989364609831856,3.843863047872271,nan,nan
cifar10,softmax,7,7,1.1219685077667236,0.5984,0.599316326206669,1.1173716556458246,0.9970794879254841,3.766162195659819,nan,nan
cifar10,softmax,7,8,1.0838344097137451,0.5946,0.5886138507039953,1.1248491911661058,0.9992474476496379,3.8448195934295653,nan,nan
cifar10,softmax,7,9,1.0473536252975464,0.6241,0.6185896456094607,1.0600598477181935,0.9989426910877228,3.8245477846690585,nan,nan
cifar10,softmax,7,10,1.018796443939209,0.6145,0.6132473865108301,1.0756956213996525,0.9984359678767977,3.786564724785941,nan,nan
cifar10,softmax,7,11,0.9930622577667236,0.6312,0.6294995710786826,1.034225689229511,0.9969356423332578,3.7498715332576205,nan,nan
cifar10,softmax,7,12,0.9642010927200317,0.6436,0.6430289893806572,1.0064327467055547,0.9982003263064794,3.7739614566167194,nan,nan
cifar10,softmax,7,13,0.9475715756416321,0.6384,0.6364808640227576,1.0223637813613529,0.9977148232005891,3.7479601258323307,nan,nan
cifar10,softmax,7,14,0.9249125719070435,0.6524,0.6533918332676095,0.9791490742138453,0.99830202460289,3.7654486951373873,nan,nan
cifar10,softmax,7,15,0.9046702980995178,0.6401,0.643820980571504,1.011472587926047,0.9984721268926348,3.755970539365496,nan,nan
cifar10,softmax,7,16,0.884704053401947,0.6493,0.6454015035459941,1.0018256772132146,0.9964857697486877,3.683821972211202,nan,nan
cifar10,softmax,7,17,0.8685611486434937,0.6544,0.6542546134434797,0.9797356611206418,0.9964968400342124,3.714652301016308,nan,nan
cifar10,softmax,7,18,0.8496900200843811,0.6555,0.6515196344169194,0.9860473178681873,0.9974654949846722,3.721656875383286,nan,nan
cifar10,softmax,7,19,0.835795521736145,0.6562,0.6551163000508117,0.9773423121089027,0.9960124242873419,3.687618603025164,nan,nan
cifar10,softmax,7,20,0.8191818594932556,0.6581,0.6519639869888242,0.9936461959566388,0.9967078955400558,3.706684708595276,nan,nan
cifar10,softmax,7,21,0.8036985993385315,0.6685,0.6655346123852858,0.9501314197267805,0.9962969615345909,3.6954316809063865,nan,nan
cifar10,softmax,7,22,0.7882831692695618,0.6588,0.6550956332696449,0.9799969707216535,0.9973228017489115,3.7015740553538006,nan,nan
cifar10,softmax,7,23,0.7804374694824219,0.6708,0.6652955285808011,0.9612545348349072,0.9950498492944808,3.65412932009924,nan,nan
cifar10,softmax,7,24,0.7630361914634705,0.672,0.6698402676506883,0.9450955402283442,0.9967523745128086,3.685411068371364,nan,nan
cifar10,softmax,7,25,0.7575443983078003,0.6693,0.6668903775471084,0.9484273320152646,0.9947323836031414,3.6387314909980413,nan,nan
cifar10,softmax,7,26,0.7398003935813904,0.6733,0.6719661102374402,0.9619147720791045,0.9957599441210429,3.6559404974892025,nan,nan
cifar10,softmax,7,27,0.7321332097053528,0.6781,0.6768131932433323,0.9499136101631891,0.9950290237154279,3.647415146373567,nan,nan
cifar10,softmax,7,28,0.7209303975105286,0.6767,0.6764245424144554,0.947924214317685,0.9962664714881352,3.682271284148807,nan,nan
cifar10,softmax,7,29,0.7120734453201294,0.6778,0.6782444969493507,0.9464814611843654,0.9960288232281095,3.6501633689517066,nan,nan
cifar10,softmax,8,0,1.8382043838500977,0.4095,0.3877494767695077,1.5932577019646055,0.9999982538677398,3.9288274276824224,nan,nan
cifar10,softmax,8,1,1.5009956359863281,0.4927,0.4956517303062169,1.3961672487713042,0.999946924902144,3.8731724375770207,nan,nan
cifar10,softmax,8,2,1.3658415079116821,0.5291,0.525183668751519,1.2957828998565675,0.9999415624709357,3.851315930911473,nan,nan
cifar10,softmax,8,3,1.2907735109329224,0.5336,0.5356497050817417,1.2788886251903715,0.9998989931174687,3.8693331843330747,nan,nan
cifar10,softmax,8,4,1.2356210947036743,0.5586,0.5546865763748562,1.20799750714075,0.9998549484071277,3.8077502443676905,nan,nan
cifar10,softmax,8,5,1.1825907230377197,0.5813,0.5849321823512112,1.1636813129697527,0.9998902624561673,3.8481934785842897,nan,nan
cifar10,softmax,8,6,1.1461368799209595,0.5597,0.5534051264352569,1.2222786897704714,0.9999009436085111,3.865304532505217,nan,nan
cifar10,softmax,8,7,1.1081284284591675,0.5879,0.5855583296268124,1.1542317316645667,0.9998288251104809,3.837870554696946,nan,nan
cifar10,softmax,8,8,1.074523687362671,0.6026,0.6023181915143095,1.1041069899286542,0.9994817418711526,3.802218327068147,nan,nan
cifar10,softmax,8,9,1.0467373132705688,0.611,0.6052890744859937,1.0969255487124125,0.9989671545369284,3.765640714055016,nan,nan
cifar10,softmax,8,10,1.0212807655334473,0.6205,0.6213686683177106,1.0473961495217823,0.9989501728898003,3.7872702995936076,nan,nan
cifar10,softmax,8,11,0.9911947250366211,0.6256,0.6283779284202949,1.0470124761263528,0.998683459134329,3.7664331333977836,nan,nan
cifar10,softmax,8,12,0.9659668207168579,0.6321,0.6310489988830428,1.0323783465794154,0.9991180726460048,3.7814988283883957,nan,nan
cifar10,softmax,8,13,0.9420293569564819,0.6387,0.6369611593578263,1.013146218231746,0.9977865894635518,3.746338150614784,nan,nan
cifar10,softmax,8,14,0.9247226715087891,0.6462,0.6502128789687777,0.990297974291302,0.9989609477065858,3.7854672965549288,nan,nan
cifar10,softmax,8,15,0.9060181975364685,0.6401,0.641488173034485,1.009458897794996,0.9967247738724663,3.701340201922825,nan,nan
cifar10,softmax,8,16,0.885362446308136,0.6449,0.6426406648504879,1.0025696124349321,0.9973329444726308,3.726345553852263,nan,nan
cifar10,softmax,8,17,0.8672664761543274,0.6514,0.6552163207603219,0.9695971364066714,0.9976263310228075,3.7554539544241767,nan,nan
cifar10,softmax,8,18,0.8543045520782471,0.6528,0.6525294797976201,0.983724289848691,0.9985641964844295,3.7643464417684647,nan,nan
cifar10,softmax,8,19,0.836158812046051,0.6534,0.6511808953147759,0.9793118317921956,0.9988954776809329,3.785672247977484,nan,nan
cifar10,softmax,8,20,0.8233416080474854,0.6595,0.6589324938427437,0.9725089476222084,0.9984240492184957,3.7617441801797775,nan,nan
cifar10,softmax,8,21,0.812735378742218,0.6611,0.6567023360697478,0.9853990191505069,0.9968135941596258,3.7135548886798677,nan,nan
cifar10,softmax,8,22,0.8029820919036865,0.6732,0.6755782660245513,0.9388416630881173,0.9979593072618756,3.732985934757051,nan,nan
cifar10,softmax,8,23,0.7828339338302612,0.6702,0.6717180227817233,0.943659652414776,0.99848933276676,3.7756186360404604,nan,nan
cifar10,softmax,8,24,0.771252453327179,0.6712,0.6713246144460823,0.9467394488198416,0.9973367855662392,3.723397138005211,nan,nan
cifar10,softmax,8,25,0.7620769739151001,0.6721,0.6715398019874397,0.9461129443986075,0.9977931922390347,3.750607671056475,nan,nan
cifar10,softmax,8,26,0.7543070316314697,0.6657,0.6675111152871039,0.9803183737255278,0.9977672823837825,3.7524063984553018,nan,nan
cifar10,softmax,8,27,0.7391372919082642,0.6697,0.6682911414537364,0.9650893449783325,0.9975360756828672,3.733328868093945,nan,nan
cifar10,softmax,9,0,1.8602651357650757,0.3758,0.3468769150864631,1.635266393706912,0.9999999034972418,3.935882494563148,nan,nan
cifar10,softmax,9,1,1.5210742950439453,0.4622,0.45489473337014363,1.4521607410340083,0.9999924194245111,3.907916540191287,nan,nan
cifar10,softmax,9,2,1.3849929571151733,0.5071,0.5127427827730484,1.3558332329704648,0.9999169511454445,3.9024482397806075,nan,nan
cifar10,softmax,9,3,1.2986586093902588,0.5309,0.5160047901981655,1.2894674494152978,0.9998160810697646,3.931626162074861,nan,nan
cifar10,softmax,9,4,1.2250748872756958,0.5651,0.5640670742560221,1.2027265111605325,0.9996813030469985,3.928392174130394,nan,nan
cifar10,softmax,9,5,1.17692232131958,0.5815,0.578075409639245,1.17753001224427,0.9994979892458234,3.89491191023872,nan,nan
cifar10,softmax,9,6,1.1259326934814453,0.5983,0.598752319204284,1.125757248628707,0.9991347962901705,3.850575548126584,nan,nan
cifar10,softmax,9,7,1.0858746767044067,0.6062,0.601557220470555,1.1038021660986401,0.9990472364993322,3.8440747919536773,nan,nan
cifar10,softmax,9,8,1.053505301475525,0.6226,0.6167152810074795,1.0656715012732005,0.9990563117322467,3.8730208907808574,nan,nan
cifar10,softmax,9,9,1.0216917991638184,0.6289,0.6323902849476852,1.0345413775671095,0.9989816174620674,3.8463279519762312,nan,nan
cifar10,softmax,9,10,0.9954920411109924,0.6367,0.6337028906457842,1.0208462079366047,0.9990666477453141,3.8343076808112007,nan,nan
cifar10,softmax,9,11,0.9647707939147949,0.6513,0.6520692518831298,0.98328899258659,0.9988168111869267,3.834180742218381,nan,nan
cifar10,softmax,9,12,0.9377070069313049,0.6427,0.6372821843537425,1.0099839028858004,0.9987839443343026,3.8430991388502576,nan,nan
cifar10,softmax,9,13,0.9199724197387695,0.6534,0.6505532479479466,0.9782891625449771,0.9989635779744103,3.8413372107914516,nan,nan
cifar10,softmax,9,14,0.899655282497406,0.6634,0.6669945714871338,0.9441349347432454,0.9986262417974926,3.8221765075411116,nan,nan
cifar10,softmax,9,15,0.8747382164001465,0.6661,0.6671357513810191,0.954816836970193,0.9983200643743787,3.8003853389195035,nan,nan
cifar10,softmax,9,16,0.8587998747825623,0.6607,0.6608031669929654,0.9694697476568677,0.9984484683899653,3.788884112948463,nan,nan
cifar10,softmax,9,17,0.8453878164291382,0.6587,0.6593282008042478,0.9596614900089445,0.9988398356097085,3.8210198175339474,nan,nan
cifar10,softmax,9,18,0.8288108110427856,0.6698,0.669335290348812,0.94961352064496,0.9983162451358069,3.7790854011263164,nan,nan
cifar10,softmax,9,19,0.8158655762672424,0.6696,0.6691972114560653,0.9404406082062494,0.9976866812933058,3.77528038479033,nan,nan
cifar10,softmax,9,20,0.7936931252479553,0.6679,0.6699332136682778,0.9525032684916541,0.9981779175145286,3.7929432278587702,nan,nan
cifar10,softmax,9,21,0.784090518951416,0.6811,0.6819476391252841,0.9170271555582682,0.9981312064897446,3.7820794752665927,nan,nan
cifar10,softmax,9,22,0.7729545831680298,0.6761,0.6783283365708076,0.9341266422044663,0.9980814905393691,3.7908383335386002,nan,nan
cifar10,softmax,9,23,0.7627761363983154,0.6817,0.6786231126270563,0.9308062791824341,0.9985306748322078,3.8087554068792433,nan,nan
cifar10,softmax,9,24,0.7447497248649597,0.6754,0.6760683774253055,0.9299593170483907,0.9976517623379118,3.7801545994622368,nan,nan
cifar10,softmax,9,25,0.7333939075469971,0.678,0.6806690303209592,0.9308168399901617,0.9973326104027884,3.7525659561157227,nan,nan
cifar10,softmax,9,26,0.730479896068573,0.674,0.6725266313815277,0.9540618039312817,0.9981199295747848,3.7891525597799394,nan,nan
cifar10,softmax,9,27,0.7157146334648132,0.6829,0.6830349536232113,0.9316101721354894,0.998060139871779,3.7888481333142234,nan,nan
cifar10,softmax,9,28,0.7078341841697693,0.6863,0.6850131749938215,0.9269607248760405,0.9973978840169453,3.758746821539743,nan,nan
cifar10,softmax,9,29,0.698184072971344,0.6826,0.6820792072531484,0.9466243817692711,0.9981124108745938,3.7846048990885417,nan,nan
cifar10,topk_softmax_0125,0,0,1.7340848445892334,0.4535,0.44049185928114987,1.5205333948135376,0.13846154510974884,2.187213575272333,nan,nan
cifar10,topk_softmax_0125,0,1,1.4519319534301758,0.4985,0.4930054403629686,1.4085231735592796,0.13846154510974884,2.1849196229662216,nan,nan
cifar10,topk_softmax_0125,0,2,1.33487868309021,0.5412,0.5375814202947109,1.2960765702383858,0.13846154510974884,2.1813221908750986,nan,nan
cifar10,topk_softmax_0125,0,3,1.2617006301879883,0.5566,0.5521955394419795,1.2514220402354286,0.13846154510974884,2.175538208371117,nan,nan
cifar10,topk_softmax_0125,0,4,1.2093278169631958,0.5669,0.5632058139425079,1.2117969791094463,0.13846154510974884,2.177060204460507,nan,nan
cifar10,topk_softmax_0125,0,5,1.1748675107955933,0.5812,0.5782635414175591,1.1774897847856793,0.13846154510974884,2.174040803455171,nan,nan
cifar10,topk_softmax_0125,0,6,1.137673020362854,0.5919,0.5919154427684017,1.1439143879073006,0.13846154510974884,2.167538939203535,nan,nan
cifar10,topk_softmax_0125,0,7,1.1028718948364258,0.6006,0.6002255362706201,1.1227192021551586,0.13846154510974884,2.167130013874599,nan,nan
cifar10,topk_softmax_0125,0,8,1.07454252243042,0.5997,0.6015983469879702,1.127375134399959,0.13846154510974884,2.164229865301223,nan,nan
cifar10,topk_softmax_0125,0,9,1.0493184328079224,0.6116,0.6111489709468328,1.1029200559570675,0.13846154510974884,2.164733398528326,nan,nan
cifar10,topk_softmax_0125,0,10,1.0240452289581299,0.6058,0.6061045828018187,1.0974995982079279,0.13846154510974884,2.1639132556461154,nan,nan
cifar10,topk_softmax_0125,0,11,1.0073952674865723,0.6145,0.6106086865584144,1.096423173518408,0.13846154510974884,2.1583312454677763,nan,nan
cifar10,topk_softmax_0125,0,12,0.9799250960350037,0.6256,0.6239037245812391,1.0666906532787142,0.13846154510974884,2.156024199440366,nan,nan
cifar10,topk_softmax_0125,0,13,0.9686825275421143,0.6259,0.6238954109999174,1.0701037259328934,0.13846154510974884,2.152427742594764,nan,nan
cifar10,topk_softmax_0125,0,14,0.9425297379493713,0.626,0.623367122737324,1.0517264877046857,0.13846154510974884,2.1489541337603613,nan,nan
cifar10,topk_softmax_0125,0,15,0.9254457950592041,0.6234,0.6199644979297028,1.0827984923408145,0.13846154510974884,2.148340113957723,nan,nan
cifar10,topk_softmax_0125,0,16,0.9140574932098389,0.6349,0.6366219030714511,1.0582592220533462,0.13846154510974884,2.148358358655657,nan,nan
cifar10,topk_softmax_0125,0,17,0.8956480026245117,0.6384,0.6376093294326668,1.0641922048160009,0.13846154510974884,2.1450174184072583,nan,nan
cifar10,topk_softmax_0125,0,18,0.8774431943893433,0.6341,0.6345665769312807,1.0545543608211336,0.13846154510974884,2.137688380195981,nan,nan
cifar10,topk_softmax_0125,0,19,0.864258348941803,0.6281,0.6307862980409503,1.0672163389977956,0.13846154510974884,2.134561124302092,nan,nan
cifar10,topk_softmax_0125,0,20,0.852249026298523,0.6381,0.6407772687685777,1.0498525642213368,0.13846154510974884,2.129645153454372,nan,nan
cifar10,topk_softmax_0125,0,21,0.8403505682945251,0.634,0.6329645786018709,1.0756600311824254,0.13846154510974884,2.1367962065197172,nan,nan
cifar10,topk_softmax_0125,0,22,0.8324710130691528,0.6362,0.6376970454016915,1.061813283534277,0.13846154510974884,2.130083958307902,nan,nan
cifar10,topk_softmax_0125,1,0,1.7521121501922607,0.4359,0.416312124583922,1.522870319230216,0.13846154510974884,2.1813842603138514,nan,nan
cifar10,topk_softmax_0125,1,1,1.4606670141220093,0.4898,0.47104961605631185,1.4102869771775746,0.13846154510974884,2.180088954880124,nan,nan
cifar10,topk_softmax_0125,1,2,1.3446955680847168,0.5214,0.5081274712660168,1.3360304594039918,0.13846154510974884,2.175586338270278,nan,nan
cifar10,topk_softmax_0125,1,3,1.2729501724243164,0.5447,0.5417673214351786,1.259653886159261,0.13846154510974884,2.1728423198064166,nan,nan
cifar10,topk_softmax_0125,1,4,1.2121297121047974,0.5597,0.5545017635806211,1.237894146215348,0.13846154510974884,2.168605299223037,nan,nan
cifar10,topk_softmax_0125,1,5,1.1679075956344604,0.5747,0.5704684963723885,1.189779928184691,0.13846154510974884,2.1612364575976417,nan,nan
cifar10,topk_softmax_0125,1,6,1.1247893571853638,0.584,0.5761976288674585,1.1779310896283104,0.13846154510974884,2.158809395063491,nan,nan
cifar10,topk_softmax_0125,1,7,1.095038652420044,0.6007,0.5978052413652961,1.1304769987151737,0.13846154510974884,2.154626328604562,nan,nan
cifar10,topk_softmax_0125,1,8,1.0637590885162354,0.5887,0.5857438833150834,1.1551390585445223,0.13846154510974884,2.154110764321827,nan,nan
cifar10,topk_softmax_0125,1,9,1.039050579071045,0.6064,0.6001871688810226,1.1211261465435935,0.13846153631096794,2.1496032646724155,nan,nan
cifar10,topk_softmax_0125,1,10,1.0112494230270386,0.6275,0.623638724318207,1.0687947176751635,0.13846154510974884,2.147724516051156,nan,nan
cifar10,topk_softmax_0125,1,11,0.9958012104034424,0.6098,0.6065893980653432,1.1074835300445556,0.13846152155172256,2.1408759616670157,nan,nan
cifar10,topk_softmax_0125,1,12,0.9676741361618042,0.6239,0.6255409401677947,1.076416844413394,0.1384615421295166,2.1479271604901267,nan,nan
cifar10,topk_softmax_0125,1,13,0.950893223285675,0.6213,0.6200175444623185,1.0800475330579848,0.13846152744122914,2.14341147400084,nan,nan
cifar10,topk_softmax_0125,1,14,0.9315360188484192,0.6311,0.625116487217903,1.0744737454823086,0.13846153624001004,2.1424909069424585,nan,nan
cifar10,topk_softmax_0125,1,15,0.9180117845535278,0.6251,0.6270155338204221,1.0768236336253938,0.13846149217514764,2.1329134679975965,nan,nan
cifar10,topk_softmax_0125,1,16,0.9005625247955322,0.6317,0.6306952022646328,1.0679561314128694,0.13846150693439302,2.135126301220485,nan,nan
cifar10,topk_softmax_0125,1,17,0.8819903135299683,0.6332,0.6324569354568409,1.0577946492603847,0.13846150693439302,2.133827794165838,nan,nan
cifar10,topk_softmax_0125,1,18,0.8706179261207581,0.64,0.636472589881939,1.0547176656268893,0.138461486356599,2.128630390621367,nan,nan
cifar10,topk_softmax_0125,1,19,0.8534720540046692,0.6375,0.6319211233408365,1.0756001052402315,0.13846136885029928,2.1226970059531074,nan,nan
cifar10,topk_softmax_0125,1,20,0.8368578553199768,0.6368,0.6329248592294104,1.0754599037624542,0.13846145698002407,2.127768761771066,nan,nan
cifar10,topk_softmax_0125,1,21,0.8238506317138672,0.6428,0.6403031518506139,1.0695173518998282,0.13846144818124317,2.1217684030532835,nan,nan
cifar10,topk_softmax_0125,1,22,0.8171440958976746,0.6313,0.6270592456399993,1.0988835278011504,0.13846140688373929,2.1203340167091005,nan,nan
cifar10,topk_softmax_0125,1,23,0.8063787817955017,0.6348,0.6310945543158976,1.0773648216610863,0.13846146286953062,2.1194744972955615,nan,nan
cifar10,topk_softmax_0125,1,24,0.793197751045227,0.6346,0.6296602095930554,1.0833659189088003,0.13846123367547988,2.122663232258388,nan,nan
cifar10,topk_softmax_0125,1,25,0.7844802737236023,0.6322,0.6288330392702793,1.1215786133493697,0.1384612453835351,2.1086340802056447,nan,nan
cifar10,topk_softmax_0125,1,26,0.7771903872489929,0.6358,0.6335661317040303,1.093273679415385,0.13846137175957363,2.1112430050259543,nan,nan
cifar10,topk_softmax_0125,2,0,1.7765309810638428,0.445,0.43806941862024046,1.5217083737963721,0.13846154510974884,2.1864257483255294,nan,nan
cifar10,topk_softmax_0125,2,1,1.4578346014022827,0.4972,0.48960479679557095,1.3908454406829107,0.13846154510974884,2.1820399624960762,nan,nan
cifar10,topk_softmax_0125,2,2,1.3395116329193115,0.5369,0.5384923132392868,1.279592838741484,0.13846154510974884,2.1725521825608753,nan,nan
cifar10,topk_softmax_0125,2,3,1.2599427700042725,0.5478,0.5426044155486028,1.2432152254240854,0.13846154510974884,2.16927284853799,nan,nan
cifar10,topk_softmax_0125,2,4,1.2097797393798828,0.564,0.5600408330526546,1.203979215735481,0.13846154510974884,2.159106164886838,nan,nan
cifar10,topk_softmax_0125,2,5,1.1718173027038574,0.5635,0.5592569379666957,1.20852115438098,0.13846154510974884,2.1639320963904973,nan,nan
cifar10,topk_softmax_0125,2,6,1.1349927186965942,0.5783,0.5792265066488598,1.1701290255501158,0.13846154510974884,2.1575303940545947,nan,nan
cifar10,topk_softmax_0125,2,7,1.1035584211349487,0.581,0.5748110999183715,1.1844459993498666,0.13846154510974884,2.158502037184579,nan,nan
cifar10,topk_softmax_0125,2,8,1.0734974145889282,0.5837,0.5790948876898682,1.1613593657811483,0.13846154510974884,2.1563799926212854,nan,nan
cifar10,topk_softmax_0125,2,9,1.05898118019104,0.6009,0.5967696863594366,1.1240775125367302,0.13846154510974884,2.154002379235767,nan,nan
cifar10,topk_softmax_0125,2,10,1.0289785861968994,0.6015,0.5974137130165047,1.1265798063505263,0.13846154510974884,2.14430395989191,nan,nan
cifar10,topk_softmax_0125,2,11,1.009793996810913,0.6075,0.6020417134377518,1.0986914078394572,0.13846154510974884,2.1494880710329327,nan,nan
cifar10,topk_softmax_0125,2,12,0.989179253578186,0.6019,0.5963571661236692,1.1182718123708453,0.13846154510974884,2.1307103747413274,nan,nan
cifar10,topk_softmax_0125,2,13,0.9735661149024963,0.6176,0.6148585258837665,1.1038067062695822,0.1384615421295166,2.1371390694663637,nan,nan
cifar10,topk_softmax_0125,2,14,0.9525986313819885,0.6162,0.6143898337958648,1.0872583792323158,0.13846152729931333,2.1324852875300815,nan,nan
cifar10,topk_softmax_0125,2,15,0.9308972358703613,0.6199,0.6201172682992383,1.074663540295192,0.13846153914928436,2.1327658721378873,nan,nan
cifar10,topk_softmax_0125,2,16,0.918570876121521,0.6188,0.6164414914939119,1.0994942074730283,0.13846152453195482,2.1305388427916028,nan,nan
cifar10,topk_softmax_0125,2,17,0.9011762142181396,0.6256,0.6215873422140255,1.0646717088563102,0.1384615421295166,2.1352816661198935,nan,nan
cifar10,topk_softmax_0125,2,18,0.8852052688598633,0.6271,0.6298836644502199,1.061438262462616,0.13846143924054646,2.125114421617417,nan,nan
cifar10,topk_softmax_0125,2,19,0.8799630403518677,0.6242,0.6233650155642215,1.0672216330255782,0.13846150388320286,2.124813065074739,nan,nan
cifar10,topk_softmax_0125,2,20,0.8654003143310547,0.6282,0.6287627731241998,1.0605426578294663,0.1384614803961345,2.121289140837533,nan,nan
cifar10,topk_softmax_0125,2,21,0.8448832035064697,0.6265,0.6275223322211911,1.0780212589672633,0.1384614803961345,2.1182895115443636,nan,nan
cifar10,topk_softmax_0125,2,22,0.8377078175544739,0.6234,0.620559751410458,1.0862344338780359,0.13846146861712139,2.11769973891122,nan,nan
cifar10,topk_softmax_0125,2,23,0.8259360194206238,0.6351,0.630559445871417,1.0568386094910758,0.13846133344230196,2.1085623968215215,nan,nan
cifar10,topk_softmax_0125,2,24,0.8123827576637268,0.6321,0.6329260878005147,1.0773355109351022,0.13846133642253422,2.105348951475961,nan,nan
cifar10,topk_softmax_0125,2,25,0.8031232357025146,0.6319,0.6311493271923782,1.0755270237014407,0.1384613157737823,2.1110340640658425,nan,nan
cifar10,topk_softmax_0125,2,26,0.7964135408401489,0.6408,0.6385687519205276,1.0530271825336275,0.13846143633127211,2.1177150578725907,nan,nan
cifar10,topk_softmax_0125,2,27,0.7825477123260498,0.6342,0.6322484678678287,1.0750830786568777,0.13846143037080766,2.1040443817774457,nan,nan
cifar10,topk_softmax_0125,2,28,0.774172306060791,0.6348,0.6364298261834479,1.0679091005098251,0.13846128653912318,2.098813604173206,nan,nan
cifar10,topk_softmax_0125,2,29,0.7682024240493774,0.6342,0.6269930268510102,1.0934309760729473,0.13846136877934137,2.1028592370805286,nan,nan
cifar10,topk_softmax_0125,3,0,1.7574518918991089,0.4481,0.42661622100303853,1.498152606827872,0.13846154510974884,2.1881270874114263,nan,nan
cifar10,topk_softmax_0125,3,1,1.4243050813674927,0.5068,0.5079959975956846,1.3510959159760247,0.13846154510974884,2.1790323087147305,nan,nan
cifar10,topk_softmax_0125,3,2,1.3205370903015137,0.5332,0.5305636439160822,1.2802078213010515,0.13846154510974884,2.173670828910101,nan,nan
cifar10,topk_softmax_0125,3,3,1.2600802183151245,0.5561,0.5544059077281178,1.223208763485863,0.13846154510974884,2.160670296351115,nan,nan
cifar10,topk_softmax_0125,3,4,1.207396388053894,0.5694,0.5639658932891125,1.1967756719816298,0.13846154510974884,2.157280124936785,nan,nan
cifar10,topk_softmax_0125,3,5,1.1625661849975586,0.5755,0.5686003662242882,1.165128915650504,0.13846154510974884,2.1489024491537183,nan,nan
cifar10,topk_softmax_0125,3,6,1.1236231327056885,0.5929,0.5847161103825437,1.1410934584481376,0.13846154510974884,2.143143892288208,nan,nan
cifar10,topk_softmax_0125,3,7,1.091810703277588,0.5895,0.5795105361946569,1.1398900088809785,0.13846154510974884,2.1453845171701342,nan,nan
cifar10,topk_softmax_0125,3,8,1.0602240562438965,0.6101,0.6094981825853929,1.0822165188335238,0.13846150090297063,2.141329420180548,nan,nan
cifar10,topk_softmax_0125,3,9,1.0340391397476196,0.6261,0.6217753281584807,1.058956377846854,0.13846143931150437,2.131495842479524,nan,nan
cifar10,topk_softmax_0125,3,10,1.0137360095977783,0.6246,0.6243746796348952,1.0594485793794906,0.13846141270228796,2.136012841406323,nan,nan
cifar10,topk_softmax_0125,3,11,0.9869928956031799,0.6227,0.6185530172995966,1.0594973320052736,0.1384614627276148,2.1374547174998693,nan,nan
cifar10,topk_softmax_0125,3,12,0.965290367603302,0.6269,0.6278652607952855,1.053363497484298,0.13846137147574197,2.138268191473825,nan,nan
cifar10,topk_softmax_0125,3,13,0.9485296010971069,0.6224,0.6203699343640035,1.064306688876379,0.138461154344536,2.12284829162416,nan,nan
cifar10,topk_softmax_0125,3,14,0.9282734394073486,0.6228,0.6189477698982346,1.0598547322409493,0.13846079267206646,2.118904290880476,nan,nan
cifar10,topk_softmax_0125,3,15,0.9125425815582275,0.626,0.6280783897973018,1.0537023845173064,0.13846110715752558,2.128216253008161,nan,nan
cifar10,topk_softmax_0125,3,16,0.8934807181358337,0.635,0.634777130329821,1.0318687058630445,0.1384594894590832,2.111082723027184,nan,nan
cifar10,topk_softmax_0125,3,17,0.8772724270820618,0.6409,0.6367760877759323,1.027382971559252,0.1384610367672784,2.126329141571408,nan,nan
cifar10,topk_softmax_0125,3,18,0.8639815449714661,0.6346,0.6351755771069775,1.0453060507774352,0.1384611278772354,2.124048349970863,nan,nan
cifar10,topk_softmax_0125,3,19,0.8533286452293396,0.6398,0.6343884356505158,1.0465273102124533,0.13846084596145722,2.119957947731018,nan,nan
cifar10,topk_softmax_0125,3,20,0.8344279527664185,0.6425,0.6372920145284178,1.0291717767715454,0.13846070787736348,2.116561114220392,nan,nan
cifar10,topk_softmax_0125,3,21,0.8190364241600037,0.6428,0.6429354304426154,1.019904134954725,0.13846021777107603,2.1150095508212137,nan,nan
cifar10,topk_softmax_0125,3,22,0.8158477544784546,0.6503,0.6489193131374424,1.018577073869251,0.13846059022914795,2.1148191542852492,nan,nan
cifar10,topk_softmax_0125,3,23,0.7980977892875671,0.6455,0.6444471923543785,1.0288652925264268,0.13845935151690528,2.106970529329209,nan,nan
cifar10,topk_softmax_0125,3,24,0.7912095785140991,0.6354,0.6349376295355196,1.0493198116620381,0.13845963329076766,2.0906466563542683,nan,nan
cifar10,topk_softmax_0125,3,25,0.779254138469696,0.6458,0.6449714894840246,1.0230331012180873,0.13846034655968348,2.103745786348979,nan,nan
cifar10,topk_softmax_0125,3,26,0.765851616859436,0.6498,0.6505019944343267,1.0243195641608465,0.13845999453748975,2.103758558772859,nan,nan
cifar10,topk_softmax_0125,3,27,0.7584475874900818,0.6408,0.6398957943766777,1.0510799214953468,0.13846067261128198,2.1085913737614947,nan,nan
cifar10,topk_softmax_0125,4,0,1.774442195892334,0.4508,0.429834914449874,1.4992508059456235,0.13846154510974884,2.182700805436997,nan,nan
cifar10,topk_softmax_0125,4,1,1.4359217882156372,0.5026,0.5008600189880387,1.376665396917434,0.13846154510974884,2.184187013762338,nan,nan
cifar10,topk_softmax_0125,4,2,1.3151836395263672,0.5326,0.5292155876709674,1.278288197517395,0.13846154510974884,2.180425240879967,nan,nan
cifar10,topk_softmax_0125,4,3,1.253340721130371,0.5498,0.5407534701655459,1.2522479159491402,0.13846154510974884,2.179058982077099,nan,nan
cifar10,topk_softmax_0125,4,4,1.201564073562622,0.5594,0.5524981154788584,1.2131637794630867,0.13846154510974884,2.1718161878131683,nan,nan
cifar10,topk_softmax_0125,4,5,1.1580044031143188,0.573,0.567420621106183,1.1873275433267867,0.13846154510974884,2.1708753063565207,nan,nan
cifar10,topk_softmax_0125,4,6,1.1288858652114868,0.5723,0.5721626049137492,1.1755240673110599,0.13846154510974884,2.1652890398388815,nan,nan
cifar10,topk_softmax_0125,4,7,1.0926151275634766,0.5924,0.5901585141389403,1.1318630468277704,0.13846154510974884,2.1641393241428193,nan,nan
cifar10,topk_softmax_0125,4,8,1.0652848482131958,0.6006,0.5989826483252144,1.1047319071633475,0.13846154510974884,2.1624731620152793,nan,nan
cifar10,topk_softmax_0125,4,9,1.032639503479004,0.6093,0.604060812932331,1.0939459516888572,0.13846154510974884,2.1621056806473504,nan,nan
cifar10,topk_softmax_0125,4,10,1.0167826414108276,0.5999,0.5965264587389426,1.114833284559704,0.13846154510974884,2.150147349493844,nan,nan
cifar10,topk_softmax_0125,4,11,0.9940367341041565,0.6189,0.6179589616215819,1.0795500443095252,0.13846154510974884,2.1545238131568545,nan,nan
cifar10,topk_softmax_0125,4,12,0.9697559475898743,0.6178,0.6164129705937729,1.0851535825502305,0.13846154510974884,2.147273556391398,nan,nan
cifar10,topk_softmax_0125,4,13,0.9552968144416809,0.6247,0.6213815232341335,1.0672537565231324,0.13846154510974884,2.1473139921824136,nan,nan
cifar10,topk_softmax_0125,4,14,0.9275354743003845,0.624,0.621815569977838,1.0714456115450177,0.13846154510974884,2.147577168827965,nan,nan
cifar10,topk_softmax_0125,4,15,0.9186146259307861,0.6251,0.6261389017861728,1.0656599073182969,0.13846154510974884,2.1485485269909814,nan,nan
cifar10,topk_softmax_0125,4,16,0.9046046137809753,0.6292,0.6256401847333205,1.0742742231913975,0.13846154510974884,2.136415321486337,nan,nan
cifar10,topk_softmax_0125,4,17,0.8768938779830933,0.6291,0.6264414810303787,1.0675791172754197,0.13846154510974884,2.1378389812651135,nan,nan
cifar10,topk_softmax_0125,4,18,0.8657642602920532,0.632,0.6304211476908554,1.053141012645903,0.13846154510974884,2.141598561831883,nan,nan
cifar10,topk_softmax_0125,4,19,0.8542745113372803,0.627,0.623463545940546,1.0679146834782192,0.13846154510974884,2.1365478629157657,nan,nan
cifar10,topk_softmax_0125,4,20,0.8385041952133179,0.6398,0.6395125351739969,1.0468621395883106,0.13846154510974884,2.1370087669009252,nan,nan
cifar10,topk_softmax_0125,4,21,0.8307034373283386,0.6357,0.6328666728146957,1.0614175234522139,0.13846154510974884,2.1269170795168195,nan,nan
cifar10,topk_softmax_0125,4,22,0.8156958222389221,0.636,0.6376957801930792,1.0648016855830238,0.13846154510974884,2.126040504092262,nan,nan
cifar10,topk_softmax_0125,4,23,0.8071992993354797,0.6449,0.6460824734589878,1.0307032108306884,0.13846154510974884,2.124726647422427,nan,nan
cifar10,topk_softmax_0125,4,24,0.8003880381584167,0.6306,0.6286276030240231,1.076501108351208,0.13846154510974884,2.1286958387919834,nan,nan
cifar10,topk_softmax_0125,4,25,0.7811335325241089,0.6402,0.6436445584003738,1.0579426561083112,0.13846154510974884,2.1307545945757913,nan,nan
cifar10,topk_softmax_0125,4,26,0.7722585201263428,0.6418,0.6425760328089769,1.0413957788830712,0.13846154510974884,2.123737540699187,nan,nan
cifar10,topk_softmax_0125,4,27,0.7618510723114014,0.6353,0.6379102279757822,1.0720642504237947,0.13846153914928436,2.124157756850833,nan,nan
cifar10,topk_softmax_0125,4,28,0.7483835220336914,0.6413,0.6388945316002824,1.0691178355898177,0.1384615421295166,2.11483066649664,nan,nan
cifar10,topk_softmax_0125,5,0,1.764451503753662,0.4517,0.444909465709966,1.5199056954610914,0.13846154510974884,2.1837034929366337,nan,nan
cifar10,topk_softmax_0125,5,1,1.4436702728271484,0.5054,0.5028150119764535,1.3530592509678432,0.13846154510974884,2.1828888098398846,nan,nan
cifar10,topk_softmax_0125,5,2,1.3357447385787964,0.5363,0.5309766117604824,1.2842529614766438,0.13846154510974884,2.1754151355652582,nan,nan
cifar10,topk_softmax_0125,5,3,1.2659331560134888,0.5481,0.5465291859894204,1.2582950785046532,0.13846154510974884,2.168546692530314,nan,nan
cifar10,topk_softmax_0125,5,4,1.2169363498687744,0.5397,0.5390118976287754,1.251547452381679,0.13846154510974884,2.1557108175186883,nan,nan
cifar10,topk_softmax_0125,5,5,1.173022747039795,0.5706,0.5649825768906981,1.1959050258000692,0.13846154510974884,2.146572546731858,nan,nan
cifar10,topk_softmax_0125,5,6,1.137713074684143,0.5833,0.5828810898870608,1.1707521665663947,0.13846154510974884,2.138019239334833,nan,nan
cifar10,topk_softmax_0125,5,7,1.1022869348526,0.5902,0.5875395974736495,1.1483573720568703,0.13846154510974884,2.1447678951990037,nan,nan
cifar10,topk_softmax_0125,5,8,1.0713675022125244,0.5917,0.5862502217042931,1.1500971169698806,0.13846154510974884,2.1349130675906225,nan,nan
cifar10,topk_softmax_0125,5,9,1.0513585805892944,0.6004,0.5959415357618241,1.1269919333003817,0.13846154510974884,2.1308761948630925,nan,nan
cifar10,topk_softmax_0125,5,10,1.0227835178375244,0.6084,0.6020645717780211,1.1163448878696987,0.13846154510974884,2.1359206846782137,nan,nan
cifar10,topk_softmax_0125,5,11,0.9954563975334167,0.6156,0.6170816777728645,1.0922370581399827,0.13846154510974884,2.1245347045716785,nan,nan
cifar10,topk_softmax_0125,5,12,0.9806725978851318,0.6191,0.6167040950750667,1.0914135081427438,0.13846154510974884,2.125994343984695,nan,nan
cifar10,topk_softmax_0125,5,13,0.9561411142349243,0.6163,0.6140560492669629,1.072987000715165,0.13846154510974884,2.115643478575207,nan,nan
cifar10,topk_softmax_0125,5,14,0.9360151290893555,0.6194,0.6157473151813873,1.090120876403082,0.13846153631096794,2.1205786614190965,nan,nan
cifar10,topk_softmax_0125,5,15,0.9249863028526306,0.6225,0.6230850915455981,1.0797362333252316,0.13846153035050346,2.1226223502840313,nan,nan
cifar10,topk_softmax_0125,5,16,0.9093976020812988,0.6212,0.6187734997020387,1.0846859000978015,0.13846152155172256,2.119041657447815,nan,nan
cifar10,topk_softmax_0125,5,17,0.8953571319580078,0.6337,0.6335826069320091,1.0594972536677405,0.1384615332597778,2.1101169415882657,nan,nan
cifar10,topk_softmax_0125,5,18,0.8748090863227844,0.6269,0.6212686789107765,1.0775645698819842,0.13846153914928436,2.108832993961516,nan,nan
cifar10,topk_softmax_0125,5,19,0.863011360168457,0.6312,0.6316766950181585,1.0652359457243057,0.138461515662216,2.1156919275011337,nan,nan
cifar10,topk_softmax_0125,5,20,0.8491202592849731,0.628,0.625091645717536,1.0798514706747873,0.13846153631096794,2.108806506792704,nan,nan
cifar10,topk_softmax_0125,5,21,0.8385452628135681,0.6321,0.6312396129879362,1.0588328849701654,0.13846153035050346,2.1185267232713247,nan,nan
cifar10,topk_softmax_0125,5,22,0.825409471988678,0.6355,0.637225856334023,1.0648951802934918,0.13846152744122914,2.1134520576113744,nan,nan
cifar10,topk_softmax_0125,5,23,0.8118847012519836,0.6306,0.6266279690111205,1.0780819665817987,0.138461515662216,2.1004186051232474,nan,nan
cifar10,topk_softmax_0125,5,24,0.799342691898346,0.6352,0.6339454517379138,1.06959182875497,0.13846152744122914,2.114225789478847,nan,nan
cifar10,topk_softmax_0125,5,25,0.795706033706665,0.6314,0.6346272373708317,1.087702288514092,0.13846150977270943,2.1034083230154854,nan,nan
cifar10,topk_softmax_0125,5,26,0.7765277028083801,0.6284,0.6255404850058165,1.1041353980700175,0.1384615244609969,2.1110174928392684,nan,nan
cifar10,topk_softmax_0125,5,27,0.7724829316139221,0.6383,0.637814682316265,1.0882111765089488,0.13846150097392854,2.102589033898853,nan,nan
cifar10,topk_softmax_0125,5,28,0.7655003070831299,0.6403,0.6415937682415699,1.0613897011393592,0.1384615421295166,2.099966427258083,nan,nan
cifar10,topk_softmax_0125,5,29,0.7540722489356995,0.6345,0.6333453801414675,1.0918924218132382,0.1384615068634351,2.098482424872262,nan,nan
cifar10,topk_softmax_0125,6,0,1.7503290176391602,0.4599,0.4546425643591278,1.477987063498724,0.13846154510974884,2.1832405555815924,nan,nan
cifar10,topk_softmax_0125,6,1,1.4292620420455933,0.5064,0.49750064733629973,1.3506238222122193,0.13846154510974884,2.1826905091603597,nan,nan
cifar10,topk_softmax_0125,6,2,1.3288192749023438,0.5324,0.5293455814913781,1.3002079344931103,0.13846154510974884,2.1727096614383514,nan,nan
cifar10,topk_softmax_0125,6,3,1.2618743181228638,0.5558,0.5488572143989481,1.227495737302871,0.13846154510974884,2.1696264176141646,nan,nan
cifar10,topk_softmax_0125,6,4,1.2126697301864624,0.5638,0.5620596947577529,1.2259672812053135,0.13846154510974884,2.1577857074283417,nan,nan
cifar10,topk_softmax_0125,6,5,1.1657295227050781,0.5829,0.5805039462178538,1.1656726956367494,0.1384615421295166,2.158466481027149,nan,nan
cifar10,topk_softmax_0125,6,6,1.1356297731399536,0.5922,0.5941781805418562,1.1382049163182577,0.13846149217514764,2.1510906991504486,nan,nan
cifar10,topk_softmax_0125,6,7,1.1011532545089722,0.5976,0.5976990293913621,1.1276266830308097,0.1384615068634351,2.1505444129308064,nan,nan
cifar10,topk_softmax_0125,6,8,1.0718859434127808,0.6089,0.6035499550456119,1.105580989519755,0.13846149210418973,2.1408566100256783,nan,nan
cifar10,topk_softmax_0125,6,9,1.0485014915466309,0.6126,0.6130441778403963,1.0995729327201844,0.13846144803932736,2.141434375445048,nan,nan
cifar10,topk_softmax_0125,6,10,1.0244426727294922,0.6155,0.615892332284093,1.0766353340375991,0.13846148323445093,2.143958838780721,nan,nan
cifar10,topk_softmax_0125,6,11,0.997366726398468,0.6085,0.6069113800145864,1.1085971048900058,0.13846144811028527,2.140587413878668,nan,nan
cifar10,topk_softmax_0125,6,12,0.973996639251709,0.6242,0.6208664470464095,1.062027975491115,0.1384614598183405,2.139004441670009,nan,nan
cifar10,topk_softmax_0125,6,13,0.9555278420448303,0.6238,0.621875931094717,1.069238321554093,0.13846138623498735,2.1351743187223162,nan,nan
cifar10,topk_softmax_0125,6,14,0.9368166923522949,0.635,0.6335181310870484,1.0537936539877029,0.13846119550012406,2.1123673450379146,nan,nan
cifar10,topk_softmax_0125,6,15,0.9203503131866455,0.6275,0.6230019952014406,1.080130129768735,0.13846141263133005,2.1276690710158577,nan,nan
cifar10,topk_softmax_0125,6,16,0.8998281359672546,0.6321,0.6315861661743992,1.045272920245216,0.1384614450590951,2.12702138310387,nan,nan
cifar10,topk_softmax_0125,6,17,0.8881768584251404,0.6306,0.6295179877488286,1.0567377056394305,0.13846119216510228,2.11405919279371,nan,nan
cifar10,topk_softmax_0125,6,18,0.8749432563781738,0.6339,0.6337009655769321,1.05104010786329,0.13846126872868764,2.1128879444939748,nan,nan
cifar10,topk_softmax_0125,6,19,0.8549048900604248,0.6387,0.6358845506124194,1.0315683285395305,0.1384609926314581,2.1071292127881733,nan,nan
cifar10,topk_softmax_0125,6,20,0.8435651063919067,0.6309,0.6315340334160857,1.0839364960080102,0.13846122473478317,2.1126509870801655,nan,nan
cifar10,topk_softmax_0125,6,21,0.8325754404067993,0.6331,0.633117001218402,1.0583510143416268,0.13846115413166227,2.1173849957329884,nan,nan
cifar10,topk_softmax_0125,6,22,0.8246903419494629,0.6496,0.6463938857955813,1.041954439594632,0.13846114242360705,2.1135695957002185,nan,nan
cifar10,topk_softmax_0125,6,23,0.8081128597259521,0.6471,0.6455040560603049,1.038435727641696,0.13846123942307065,2.112122668538775,nan,nan
cifar10,topk_softmax_0125,6,24,0.7936937808990479,0.6451,0.6448091558729095,1.0562458543550401,0.1384606462149393,2.1050525880995252,nan,nan
cifar10,topk_softmax_0125,6,25,0.788913369178772,0.6429,0.6396488583738762,1.0536754358382452,0.13846090450173332,2.097295948437282,nan,nan
cifar10,topk_softmax_0125,6,26,0.773179829120636,0.6472,0.6461535761635536,1.0434794942537944,0.13846092217025302,2.0966497739156087,nan,nan
cifar10,topk_softmax_0125,6,27,0.7638899683952332,0.6377,0.6358277364825262,1.078940801393418,0.13846064032543273,2.105262326058887,nan,nan
cifar10,topk_softmax_0125,7,0,1.7405924797058105,0.4594,0.4464742229054643,1.4715643246968588,0.13846154510974884,2.1849353597277688,nan,nan
cifar10,topk_softmax_0125,7,1,1.4379327297210693,0.5172,0.5045828680268094,1.342964820634751,0.13846154510974884,2.1829731464385986,nan,nan
cifar10,topk_softmax_0125,7,2,1.3286268711090088,0.5296,0.5221972027280855,1.3074744338080997,0.13846154510974884,2.181327398618062,nan,nan
cifar10,topk_softmax_0125,7,3,1.2542612552642822,0.5688,0.5664494767889888,1.2113945075443813,0.13846154510974884,2.179813381603786,nan,nan
cifar10,topk_softmax_0125,7,4,1.1971479654312134,0.5681,0.5666244600293862,1.2035161710920788,0.13846154510974884,2.1771470694314865,nan,nan
cifar10,topk_softmax_0125,7,5,1.1648041009902954,0.5873,0.5835505833898228,1.148397541613806,0.13846154510974884,2.175046312241327,nan,nan
cifar10,topk_softmax_0125,7,6,1.1270251274108887,0.5849,0.5850692912700073,1.1625042353357589,0.13846154510974884,2.1684853054228284,nan,nan
cifar10,topk_softmax_0125,7,7,1.1030398607254028,0.6025,0.6019350423440125,1.118420976684207,0.13846154510974884,2.1688528492337182,nan,nan
cifar10,topk_softmax_0125,7,8,1.0674469470977783,0.6062,0.604182249547281,1.1225361409641448,0.13846154510974884,2.1636596316383,nan,nan
cifar10,topk_softmax_0125,7,9,1.0429874658584595,0.6106,0.6042818751516931,1.0929869929949443,0.13846154510974884,2.1623185986564275,nan,nan
cifar10,topk_softmax_0125,7,10,1.0254982709884644,0.6113,0.6101620476451585,1.0969723162196932,0.13846154510974884,2.162163285982041,nan,nan
cifar10,topk_softmax_0125,7,11,1.0028818845748901,0.6083,0.6033251990945154,1.0959435088293894,0.13846154510974884,2.159123166402181,nan,nan
cifar10,topk_softmax_0125,7,12,0.980109453201294,0.623,0.6211775314242962,1.0695410819280715,0.13846154510974884,2.15161817073822,nan,nan
cifar10,topk_softmax_0125,7,13,0.9640382528305054,0.6277,0.6271426098097086,1.054221362727029,0.13846154510974884,2.1504154807045346,nan,nan
cifar10,topk_softmax_0125,7,14,0.9473004341125488,0.6178,0.6163827953878316,1.087275953519912,0.13846154510974884,2.154209723926726,nan,nan
cifar10,topk_softmax_0125,7,15,0.9293539524078369,0.6155,0.6153103321694632,1.0981915292285738,0.13846154510974884,2.1502866983413695,nan,nan
cifar10,topk_softmax_0125,7,16,0.9157043695449829,0.6296,0.6272215937925452,1.0675775987761362,0.13846154510974884,2.1441618896666026,nan,nan
cifar10,topk_softmax_0125,7,17,0.8950174450874329,0.623,0.6243193696116619,1.0845607502119883,0.1384615421295166,2.1443734986441476,nan,nan
cifar10,topk_softmax_0125,7,18,0.8871642351150513,0.6425,0.6401095876816065,1.0415572098323278,0.1384615216226805,2.1407338040215627,nan,nan
cifar10,topk_softmax_0125,7,19,0.8729638457298279,0.6381,0.6363878119741546,1.0497301357133049,0.13846152744122914,2.1381145920072284,nan,nan
cifar10,topk_softmax_0125,7,20,0.8523199558258057,0.6291,0.6270454627093265,1.0622763531548636,0.13846153922024226,2.137776140939622,nan,nan
cifar10,topk_softmax_0125,7,21,0.8409577012062073,0.6385,0.6378747484832563,1.0371982903707595,0.1384615421295166,2.135762809571766,nan,nan
cifar10,topk_softmax_0125,7,22,0.8302097916603088,0.6368,0.6358123018281109,1.066844984463283,0.138461515662216,2.1336132787522817,nan,nan
cifar10,topk_softmax_0125,7,23,0.8182507753372192,0.6448,0.6425651754167335,1.0537493018876938,0.13846152155172256,2.129893818355742,nan,nan
cifar10,topk_softmax_0125,7,24,0.8068691492080688,0.6417,0.6422573511528042,1.0553923232214792,0.13846152155172256,2.1257939804167973,nan,nan
cifar10,topk_softmax_0125,7,25,0.7935704588890076,0.6378,0.6368273620989362,1.0746455096063159,0.1384615067215193,2.1192000411805654,nan,nan
cifar10,topk_softmax_0125,7,26,0.7902842164039612,0.6406,0.6401928390344439,1.0567236247516814,0.1384614537869181,2.119613145646595,nan,nan
cifar10,topk_softmax_0125,7,27,0.7790185809135437,0.639,0.6395713754317323,1.059454335485186,0.1384614273196175,2.122812864893959,nan,nan
cifar10,topk_softmax_0125,7,28,0.7687470316886902,0.6395,0.6397832640459269,1.0598240250632875,0.13846144789741152,2.11920078709012,nan,nan
cifar10,topk_softmax_0125,8,0,1.7515335083007812,0.4472,0.42619076736100253,1.5038770391827538,0.13846154510974884,2.181718979563032,nan,nan
cifar10,topk_softmax_0125,8,1,1.4466060400009155,0.5036,0.5008939669458307,1.3651897282827468,0.13846154510974884,2.181518872578939,nan,nan
cifar10,topk_softmax_0125,8,2,1.329384207725525,0.5276,0.524060605326957,1.299481843766712,0.13846154510974884,2.1772448414847965,nan,nan
cifar10,topk_softmax_0125,8,3,1.2582974433898926,0.535,0.5366553410692401,1.285662075451442,0.13846154510974884,2.1724167630785987,nan,nan
cifar10,topk_softmax_0125,8,4,1.2142280340194702,0.5645,0.5643637427932369,1.1966259172984532,0.13846154510974884,2.1702333756855556,nan,nan
cifar10,topk_softmax_0125,8,5,1.171879529953003,0.5661,0.5700565235431098,1.2085864208993458,0.13846154510974884,2.1697826158432734,nan,nan
cifar10,topk_softmax_0125,8,6,1.1377060413360596,0.5692,0.5617488924904712,1.1941113574164255,0.13846154510974884,2.166752935591198,nan,nan
cifar10,topk_softmax_0125,8,7,1.1056325435638428,0.5937,0.5926688438298621,1.124318276132856,0.13846154510974884,2.161586232412429,nan,nan
cifar10,topk_softmax_0125,8,8,1.0734070539474487,0.5748,0.576167592399906,1.1714805620057243,0.13846154510974884,2.154419760476975,nan,nan
cifar10,topk_softmax_0125,8,9,1.0487165451049805,0.5921,0.5902513323860661,1.1350975717817033,0.13846154510974884,2.154799393245152,nan,nan
cifar10,topk_softmax_0125,8,10,1.0254106521606445,0.6012,0.6029890830330781,1.101961692741939,0.13846154510974884,2.15382418405442,nan,nan
cifar10,topk_softmax_0125,8,11,1.0011440515518188,0.6063,0.6086977465235648,1.0827048415229434,0.13846154510974884,2.149515576589675,nan,nan
cifar10,topk_softmax_0125,8,12,0.9816094636917114,0.6067,0.6029599183243245,1.099761370250157,0.13846154510974884,2.1434820311410085,nan,nan
cifar10,topk_softmax_0125,8,13,0.9607934355735779,0.6128,0.612473816242488,1.0756993702479771,0.13846154510974884,2.1422866923468455,nan,nan
cifar10,topk_softmax_0125,8,14,0.9408308863639832,0.6067,0.6108668782139647,1.0998899709610712,0.13846154510974884,2.1303664559409734,nan,nan
cifar10,topk_softmax_0125,8,15,0.9280655980110168,0.6025,0.6034289506160337,1.1172713699794952,0.13846154510974884,2.1421413194565546,nan,nan
cifar10,topk_softmax_0125,8,16,0.9112305045127869,0.6171,0.6142343043468862,1.0826725227492195,0.13846154510974884,2.131623003596351,nan,nan
cifar10,topk_softmax_0125,8,17,0.8921852111816406,0.6255,0.6261905409766921,1.0593843318167186,0.13846154510974884,2.135921693983532,nan,nan
cifar10,topk_softmax_0125,8,18,0.8768759369850159,0.6207,0.6203387120993527,1.0613553285598756,0.13846154510974884,2.1360176358904157,nan,nan
cifar10,topk_softmax_0125,8,19,0.87013179063797,0.6157,0.6118544227297504,1.0950709910619827,0.13846154510974884,2.126440311613537,nan,nan
cifar10,topk_softmax_0125,8,20,0.8484125733375549,0.6269,0.6261837941716673,1.0683223985490344,0.13846154510974884,2.126104264032273,nan,nan
cifar10,topk_softmax_0125,8,21,0.8402660489082336,0.6273,0.6267292374728933,1.0807246009508769,0.13846154510974884,2.1207748844510035,nan,nan
cifar10,topk_softmax_0125,8,22,0.82869553565979,0.6165,0.6161882712456583,1.0916443154925393,0.13846154510974884,2.123408566202436,nan,nan
cifar10,topk_softmax_0125,8,23,0.8094739317893982,0.6238,0.623512071824209,1.069877300943647,0.13846154510974884,2.1110056967962354,nan,nan
cifar10,topk_softmax_0125,8,24,0.8050035238265991,0.635,0.6355449448419648,1.0579391212690443,0.13846154510974884,2.113375225521269,nan,nan
cifar10,topk_softmax_0125,8,25,0.7856290340423584,0.633,0.6326141295297931,1.0705348366782779,0.13846154510974884,2.1137122120176044,nan,nan
cifar10,topk_softmax_0125,8,26,0.7836804389953613,0.6293,0.6294508313929644,1.0763282219568888,0.13846154510974884,2.114747494742984,nan,nan
cifar10,topk_softmax_0125,8,27,0.7696634531021118,0.626,0.6255547730685899,1.0962086564018614,0.13846154510974884,2.0968609503337317,nan,nan
cifar10,topk_softmax_0125,8,28,0.7609269022941589,0.6328,0.6365848114389132,1.066632074401492,0.13846154510974884,2.107549406233288,nan,nan
cifar10,topk_softmax_0125,8,29,0.7557079195976257,0.6305,0.6279789880679433,1.0889919422921681,0.13846154510974884,2.1035248756408693,nan,nan
cifar10,topk_softmax_0125,9,0,1.7559207677841187,0.4147,0.38889855104351223,1.5616608313151767,0.13846154510974884,2.1817537841342745,nan,nan
cifar10,topk_softmax_0125,9,1,1.447210669517517,0.4856,0.48363251453185574,1.4143632162184943,0.13846154510974884,2.176344198272342,nan,nan
cifar10,topk_softmax_0125,9,2,1.3395652770996094,0.5256,0.5256536377153173,1.3075436887286958,0.13846154510974884,2.1671856789361863,nan,nan
cifar10,topk_softmax_0125,9,3,1.2705967426300049,0.5415,0.534023396052231,1.27521238781157,0.13846154510974884,2.1669685670307706,nan,nan
cifar10,topk_softmax_0125,9,4,1.218943476676941,0.5628,0.5597435091661979,1.2189063600131445,0.13846154510974884,2.1507034869421098,nan,nan
cifar10,topk_softmax_0125,9,5,1.1772440671920776,0.5688,0.5679846704319356,1.1905193516186305,0.13846154510974884,2.149208310672215,nan,nan
cifar10,topk_softmax_0125,9,6,1.1419597864151,0.5799,0.579361523586462,1.1656758007549104,0.13846154510974884,2.1470953078497024,nan,nan
cifar10,topk_softmax_0125,9,7,1.116229772567749,0.5833,0.5801704169955444,1.1631055769466219,0.13846153624001004,2.1496729373931887,nan,nan
cifar10,topk_softmax_0125,9,8,1.0833722352981567,0.5938,0.5893984252464097,1.134909222807203,0.13846154510974884,2.1499620993932087,nan,nan
cifar10,topk_softmax_0125,9,9,1.0624760389328003,0.5981,0.6011967298634959,1.1270722457340785,0.1384615244609969,2.1343172209603445,nan,nan
cifar10,topk_softmax_0125,9,10,1.0399179458618164,0.5927,0.5896039648595965,1.1341813643773397,0.13846151573317392,2.1305767831348237,nan,nan
cifar10,topk_softmax_0125,9,11,1.0165399312973022,0.6088,0.6085354728072111,1.0912806510925293,0.13846153333073571,2.133497838746934,nan,nan
cifar10,topk_softmax_0125,9,12,0.9897304773330688,0.6101,0.6039399480376029,1.1069260483696348,0.1384614715973536,2.1247904618581135,nan,nan
cifar10,topk_softmax_0125,9,13,0.976716160774231,0.6111,0.6089519171941056,1.0955853893643335,0.13846150097392854,2.1268516188576108,nan,nan
cifar10,topk_softmax_0125,9,14,0.9611898064613342,0.6216,0.6211927434323935,1.0665638214065916,0.13846148337636674,2.119140852065313,nan,nan
cifar10,topk_softmax_0125,9,15,0.9405682682991028,0.624,0.6241527461521031,1.065683841137659,0.13846150104488644,2.125552277337937,nan,nan
cifar10,topk_softmax_0125,9,16,0.9208407998085022,0.6168,0.6158424576498917,1.089880397206261,0.1384614715973536,2.113236161640712,nan,nan
cifar10,topk_softmax_0125,9,17,0.9127039313316345,0.6241,0.6217596134186176,1.0693686933744522,0.138461445130053,2.1201357307888213,nan,nan
cifar10,topk_softmax_0125,9,18,0.8938929438591003,0.622,0.6228340846409101,1.065798264458066,0.13846141277324586,2.114642902782985,nan,nan
cifar10,topk_softmax_0125,9,19,0.8840287327766418,0.6284,0.6279550457920144,1.0600814632007054,0.13846146563688913,2.1149886290232343,nan,nan
cifar10,topk_softmax_0125,9,20,0.8640048503875732,0.6235,0.6237300586827581,1.088973215080443,0.13846148344732467,2.117430647214254,nan,nan
cifar10,topk_softmax_0125,9,21,0.8525676131248474,0.628,0.6251360066452996,1.073784615879967,0.13846145399979182,2.1181967496871947,nan,nan
cifar10,topk_softmax_0125,9,22,0.8417913913726807,0.6283,0.628179152518344,1.059805512995947,0.13846148621468318,2.120970754396348,nan,nan
cifar10,topk_softmax_0125,9,23,0.8267772793769836,0.628,0.6253764486878951,1.0662783753304255,0.13846140099423274,2.106071478979928,nan,nan
cifar10,topk_softmax_0125,9,24,0.8140077590942383,0.6362,0.6371711384472226,1.0559830353373574,0.13846138921521958,2.1088585342679704,nan,nan
cifar10,topk_softmax_0125,9,25,0.8020398020744324,0.6315,0.6340028476854097,1.063472901071821,0.13846141568252018,2.1110658463977634,nan,nan
cifar10,topk_softmax_0125,9,26,0.7919718027114868,0.6289,0.6312642015104662,1.0704915813037328,0.13846142164298467,2.116397486414228,nan,nan
cifar10,topk_softmax_0125,9,27,0.7841195464134216,0.6313,0.632598312109384,1.0711215115728832,0.13846132173424675,2.099032551901681,nan,nan
cifar10,topk_softmax_0125,9,28,0.7740890979766846,0.6368,0.6366692501513207,1.057327587831588,0.13846137764908018,2.1153457414536248,nan,nan
cifar10,topk_softmax_0125,9,29,0.7611361742019653,0.6335,0.6348629762826488,1.0670754171553112,0.13846127752746853,2.1060606400171915,nan,nan
cifar10,topk_softmax_025,0,0,1.7674530744552612,0.4043,0.3861690000509624,1.642864505449931,0.26153847575187683,2.790904109818595,nan,nan
cifar10,topk_softmax_025,0,1,1.464542269706726,0.4976,0.4892131010047538,1.4021359125773112,0.2615382990666798,2.7607096172514414,nan,nan
cifar10,topk_softmax_025,0,2,1.3415330648422241,0.5365,0.5319288292331517,1.30259184610276,0.261537576289404,2.7583146969477337,nan,nan
cifar10,topk_softmax_025,0,3,1.264675259590149,0.5513,0.5451567893185382,1.2375939533824012,0.2615332558041527,2.7432060832069034,nan,nan
cifar10,topk_softmax_025,0,4,1.2006449699401855,0.5719,0.5667267277532874,1.1907575141815911,0.2615341835078739,2.7432693447385517,nan,nan
cifar10,topk_softmax_025,0,5,1.1598353385925293,0.5915,0.5903523332434717,1.144359861101423,0.26152963297707693,2.735741909344991,nan,nan
cifar10,topk_softmax_025,0,6,1.1125682592391968,0.6026,0.6002352649727377,1.120251791250138,0.26153302306220644,2.7306500525701614,nan,nan
cifar10,topk_softmax_025,0,7,1.0817896127700806,0.6083,0.6075517715866957,1.1044767391114008,0.26152779715401786,2.7242123569761003,nan,nan
cifar10,topk_softmax_025,0,8,1.0491691827774048,0.6037,0.6050634523413864,1.1014781531833466,0.2615308036406835,2.7312300261997042,nan,nan
cifar10,topk_softmax_025,0,9,1.0156633853912354,0.6191,0.617190099800405,1.0729251004400708,0.2615305606807981,2.730578625769842,nan,nan
cifar10,topk_softmax_025,0,10,0.9895718693733215,0.6239,0.620144052599384,1.0655655957403638,0.26153288810026076,2.7284465074539184,nan,nan
cifar10,topk_softmax_025,0,11,0.9718160629272461,0.6284,0.6246343832214889,1.0664257849965777,0.2615148684808186,2.6954551583244686,nan,nan
cifar10,topk_softmax_025,0,12,0.9490614533424377,0.6383,0.6412631501043576,1.0197015126546225,0.2615237939925421,2.711030127888634,nan,nan
cifar10,topk_softmax_025,0,13,0.9267466068267822,0.6436,0.6410842564089151,1.0302199420474825,0.26151950643176125,2.7058791819072905,nan,nan
cifar10,topk_softmax_025,0,14,0.9068705439567566,0.6449,0.6414871471087163,1.0184455332301912,0.2615206736893881,2.707520117078509,nan,nan
cifar10,topk_softmax_025,0,15,0.8859027028083801,0.6441,0.642915867277656,1.0290673528398786,0.26153003715333484,2.7211753073192777,nan,nan
cifar10,topk_softmax_025,0,16,0.8771154880523682,0.6508,0.6507736002750102,0.9995917552993411,0.261515008409818,2.691022369975135,nan,nan
cifar10,topk_softmax_025,0,17,0.8551172018051147,0.6544,0.6530122486313056,1.0072022596995036,0.261516297573135,2.691727337383089,nan,nan
cifar10,topk_softmax_025,0,18,0.835568368434906,0.6455,0.6484801524166925,1.0173674191747393,0.26151847229117436,2.688105511665344,nan,nan
cifar10,topk_softmax_025,0,19,0.8258433938026428,0.6574,0.6577561033492373,0.9887811575617109,0.26152006870224365,2.6964799983160836,nan,nan
cifar10,topk_softmax_025,0,20,0.8115779161453247,0.6572,0.6595968864211391,1.0000761781420027,0.2615174449625469,2.681868448711577,nan,nan
cifar10,topk_softmax_025,0,21,0.7940494418144226,0.6547,0.6530832999255981,0.993973391964322,0.2615122680153166,2.684798356464931,nan,nan
cifar10,topk_softmax_025,0,22,0.7772020697593689,0.6532,0.651662358037257,1.0207750672385807,0.2615134954452515,2.6852714958645048,nan,nan
cifar10,topk_softmax_025,0,23,0.7657961845397949,0.659,0.6607241551915759,0.9885537385940552,0.26151745361941203,2.6880873600641886,nan,nan
cifar10,topk_softmax_025,0,24,0.7566609978675842,0.6587,0.6610125645124059,1.0120006050382342,0.26152087322303225,2.6883049885431927,nan,nan
cifar10,topk_softmax_025,0,25,0.7453061938285828,0.6621,0.6615095217472375,1.0056133889016652,0.26151413718859357,2.6811004979269843,nan,nan
cifar10,topk_softmax_025,0,26,0.735621988773346,0.6699,0.668482882557482,0.9845573351496741,0.2615138939448765,2.676111500603812,nan,nan
cifar10,topk_softmax_025,0,27,0.7214887142181396,0.6657,0.668069202739302,0.9761853814125061,0.2615049413272313,2.661435181753976,nan,nan
cifar10,topk_softmax_025,0,28,0.7209115624427795,0.663,0.6604069330033855,1.019648726213546,0.2615145660582043,2.689157263437907,nan,nan
cifar10,topk_softmax_025,0,29,0.7115259170532227,0.6626,0.6608694162862352,1.0135137637456257,0.26152006302561076,2.6912339607874554,nan,nan
cifar10,topk_softmax_025,1,0,1.7618128061294556,0.418,0.3985248838235699,1.5676821299961634,0.26153847575187683,2.7775243622916084,nan,nan
cifar10,topk_softmax_025,1,1,1.467831015586853,0.4961,0.4832936294525349,1.4107363939285278,0.26153847575187683,2.781879501115708,nan,nan
cifar10,topk_softmax_025,1,2,1.3534473180770874,0.5208,0.5056494104765784,1.3223768063953945,0.2615381670849664,2.770462763877142,nan,nan
cifar10,topk_softmax_025,1,3,1.2797482013702393,0.5419,0.5321493426455749,1.2664891174861364,0.2615372352656864,2.743131785165696,nan,nan
cifar10,topk_softmax_025,1,4,1.2222498655319214,0.561,0.5569753199722917,1.230651166893187,0.2615371152049019,2.7411948658171155,nan,nan
cifar10,topk_softmax_025,1,5,1.1700550317764282,0.5816,0.5767642681578609,1.1684426688012624,0.26153646324362073,2.731083239827837,nan,nan
cifar10,topk_softmax_025,1,6,1.1201577186584473,0.5841,0.577139100537299,1.1644911743345714,0.26153609000501177,2.727239643959772,nan,nan
cifar10,topk_softmax_025,1,7,1.0864287614822388,0.5905,0.589778483803828,1.1415225346883138,0.2615356902281443,2.7344521204630534,nan,nan
cifar10,topk_softmax_025,1,8,1.0525144338607788,0.5987,0.5971059739140459,1.1237194259961447,0.26153565829708464,2.7305183013280234,nan,nan
cifar10,topk_softmax_025,1,9,1.0255519151687622,0.602,0.5945289766779875,1.1116828271320889,0.2615368242774691,2.740603350457691,nan,nan
cifar10,topk_softmax_025,1,10,0.9948469400405884,0.6216,0.6163148137710035,1.0615988089924766,0.26153678950809295,2.728381609916687,nan,nan
cifar10,topk_softmax_025,1,11,0.9675902128219604,0.6125,0.6089002319120661,1.1144540145283655,0.26153557328950794,2.7241897094817387,nan,nan
cifar10,topk_softmax_025,1,12,0.9404540657997131,0.6301,0.6314933237687841,1.0351460133280073,0.2615363102583658,2.74079380830129,nan,nan
cifar10,topk_softmax_025,1,13,0.9218456745147705,0.632,0.628596540604472,1.0324478830610002,0.26153583171821776,2.7389699402309597,nan,nan
cifar10,topk_softmax_025,1,14,0.8977174162864685,0.6426,0.6361690726246378,1.0219474599474951,0.2615359401419049,2.723563861846924,nan,nan
cifar10,topk_softmax_025,1,15,0.8894870281219482,0.6292,0.6291423724710481,1.0678694248199463,0.2615354496808279,2.7263901755923317,nan,nan
cifar10,topk_softmax_025,1,16,0.8710728287696838,0.6425,0.6411086114582523,1.0562652956871759,0.2615358345565342,2.7154965911592757,nan,nan
cifar10,topk_softmax_025,1,17,0.8538753390312195,0.6498,0.6472389357086537,1.027109162012736,0.26153658642655325,2.7186989761534193,nan,nan
cifar10,topk_softmax_025,1,18,0.8408889174461365,0.6479,0.6446870376148939,1.0222643227804276,0.26153555526619865,2.7181643940153575,nan,nan
cifar10,topk_softmax_025,1,19,0.8252038359642029,0.6427,0.6357533871399286,1.0502556658926465,0.2615356138774327,2.718449208849952,nan,nan
cifar10,topk_softmax_025,1,20,0.8095044493675232,0.6552,0.6534073058303187,0.9879199947629657,0.2615365630104428,2.7235003777912685,nan,nan
cifar10,topk_softmax_025,1,21,0.7960888147354126,0.6529,0.6506306453407812,1.0164999337423415,0.26153685067381177,2.712632609549023,nan,nan
cifar10,topk_softmax_025,1,22,0.7866910099983215,0.6539,0.6526276078029589,1.0193277710960025,0.2615362893967401,2.7209641479310536,nan,nan
cifar10,topk_softmax_025,1,23,0.7742925882339478,0.657,0.6536206875019099,1.0093975396383377,0.26153653916858494,2.720389607974461,nan,nan
cifar10,topk_softmax_025,1,24,0.761565089225769,0.6495,0.6451153544387214,1.0252919202759152,0.26153486796787806,2.7098547685713994,nan,nan
cifar10,topk_softmax_025,1,25,0.7498854398727417,0.6606,0.6567712704052397,1.0138927437010266,0.2615352498633521,2.71984885760716,nan,nan
cifar10,topk_softmax_025,1,26,0.7373615503311157,0.6636,0.6628681433688359,1.0064870771907626,0.261535561368579,2.718281158946809,nan,nan
cifar10,topk_softmax_025,1,27,0.7293545007705688,0.6612,0.659103253022093,1.0180382132530212,0.26153520615327924,2.7122734523954843,nan,nan
cifar10,topk_softmax_025,1,28,0.7173875570297241,0.6613,0.6578063917493012,1.0218002330689204,0.26153482993443805,2.70183900197347,nan,nan
cifar10,topk_softmax_025,1,29,0.7124748826026917,0.6567,0.6523907251628949,1.0320252696673076,0.26153571392808644,2.706411266326904,nan,nan
cifar10,topk_softmax_025,2,0,1.7859481573104858,0.432,0.41395281959909314,1.5499467565899803,0.2615384401310058,2.77653591632843,nan,nan
cifar10,topk_softmax_025,2,1,1.468270182609558,0.4954,0.4865342504105836,1.4211125430606661,0.26153847575187683,2.7942694323403496,nan,nan
cifar10,topk_softmax_025,2,2,1.349975347518921,0.5306,0.5273817154590014,1.289901506333124,0.26153847575187683,2.783206330026899,nan,nan
cifar10,topk_softmax_025,2,3,1.268345594406128,0.5553,0.5511101491816506,1.23040695247196,0.26153847575187683,2.781106403895787,nan,nan
cifar10,topk_softmax_025,2,4,1.2081092596054077,0.5662,0.5574915783890886,1.216033775465829,0.26153847575187683,2.7654107775006977,nan,nan
cifar10,topk_softmax_025,2,5,1.1686166524887085,0.5721,0.5642375019532574,1.1828482247534253,0.26153847575187683,2.767800077937898,nan,nan
cifar10,topk_softmax_025,2,6,1.12269926071167,0.584,0.5849413469468687,1.1410660056840807,0.26153847575187683,2.756267143431164,nan,nan
cifar10,topk_softmax_025,2,7,1.0916576385498047,0.5843,0.5786767477596637,1.15815022899991,0.2615380904504231,2.748788535027277,nan,nan
cifar10,topk_softmax_025,2,8,1.064691424369812,0.5959,0.5921971984106167,1.122536540031433,0.26153823747521354,2.7425950799669536,nan,nan
cifar10,topk_softmax_025,2,9,1.0390349626541138,0.6125,0.60848811230341,1.0841287147431147,0.2615383199283055,2.7514094897678922,nan,nan
cifar10,topk_softmax_025,2,10,1.007248044013977,0.617,0.6125915186701112,1.080255637282417,0.26153821973573593,2.7389863684063864,nan,nan
cifar10,topk_softmax_025,2,11,0.986164927482605,0.6197,0.6173808124749536,1.062930340993972,0.26153803481942134,2.7402636539368403,nan,nan
cifar10,topk_softmax_025,2,12,0.9687026739120483,0.6208,0.6148250027698097,1.0713232239087422,0.2615381609825861,2.7395093940553212,nan,nan
cifar10,topk_softmax_025,2,13,0.9444296360015869,0.6257,0.6217896556273657,1.055399849868956,0.2615379234155019,2.739300463313148,nan,nan
cifar10,topk_softmax_025,2,14,0.9272974133491516,0.6368,0.6353318033737405,1.035674361955552,0.26153787346113294,2.7355093399683637,nan,nan
cifar10,topk_softmax_025,2,15,0.9061117768287659,0.6389,0.635633077857656,1.0366379465375628,0.26153729401883624,2.71769726844061,nan,nan
cifar10,topk_softmax_025,2,16,0.8919832110404968,0.635,0.6336898888804063,1.0441669764972867,0.261537947115444,2.734116833550589,nan,nan
cifar10,topk_softmax_025,2,17,0.8809046745300293,0.6381,0.6338873417982918,1.042397379875183,0.2615379437094643,2.7280083872023084,nan,nan
cifar10,topk_softmax_025,2,18,0.8586726188659668,0.6441,0.6439760481415195,1.0047007810501825,0.26153727968533835,2.7146198068346297,nan,nan
cifar10,topk_softmax_025,2,19,0.8403675556182861,0.6363,0.6328433429518437,1.0342422587530953,0.2615375619559061,2.723323678970337,nan,nan
cifar10,topk_softmax_025,2,20,0.8328837156295776,0.6441,0.6434106333039487,1.0204584008171445,0.2615373531977336,2.7234155995505196,nan,nan
cifar10,topk_softmax_025,2,21,0.8191856145858765,0.6471,0.6483124202733251,1.020886795293717,0.26153749440397533,2.7220376661845616,nan,nan
cifar10,topk_softmax_025,2,22,0.8045077919960022,0.6431,0.6378679977880255,1.0302963977768307,0.2615371882915497,2.71734406493959,nan,nan
cifar10,topk_softmax_025,2,23,0.7948305606842041,0.6552,0.6532390941127395,1.0112283542042686,0.26153672153041474,2.7047121944881622,nan,nan
cifar10,topk_softmax_025,2,24,0.7812888622283936,0.6558,0.6537509766059086,1.0109070391882033,0.2615368918293998,2.705732562428429,nan,nan
cifar10,topk_softmax_025,2,25,0.7609410881996155,0.6471,0.6453690046928597,1.0267821482249668,0.26153679248832523,2.7024284351439705,nan,nan
cifar10,topk_softmax_025,2,26,0.7585247159004211,0.6587,0.6559905714445833,1.021880456947145,0.2615367184082667,2.700521657580421,nan,nan
cifar10,topk_softmax_025,2,27,0.7428555488586426,0.6449,0.6427309210736415,1.034432121685573,0.26153636276721953,2.700891393706912,nan,nan
cifar10,topk_softmax_025,2,28,0.7399098873138428,0.6585,0.6552271146274051,1.0188040739014035,0.2615352878967921,2.691398522967384,nan,nan
cifar10,topk_softmax_025,2,29,0.7282969951629639,0.6599,0.6564051427385671,1.0444644774709428,0.2615355111303784,2.687925442059835,nan,nan
cifar10,topk_softmax_025,3,0,1.7558317184448242,0.4505,0.431519129140745,1.495248736654009,0.26153847575187683,2.806870024544852,nan,nan
cifar10,topk_softmax_025,3,1,1.4433292150497437,0.4982,0.49296691620810523,1.3547801267533075,0.26153847575187683,2.792082971618289,nan,nan
cifar10,topk_softmax_025,3,2,1.3374229669570923,0.5217,0.5196687881283116,1.2829787606284733,0.2615383051690601,2.78953229699816,nan,nan
cifar10,topk_softmax_025,3,3,1.2696915864944458,0.5525,0.5525481628996639,1.2309184193611145,0.2615369474604016,2.785244503475371,nan,nan
cifar10,topk_softmax_025,3,4,1.2086220979690552,0.5696,0.5640878286518723,1.1845635221118018,0.26153388449123927,2.775825543630691,nan,nan
cifar10,topk_softmax_025,3,5,1.1604276895523071,0.5811,0.5760392982629308,1.1686273960840134,0.2615301318111874,2.773062061128162,nan,nan
cifar10,topk_softmax_025,3,6,1.1177116632461548,0.5837,0.5718782000190098,1.163505054087866,0.26152849736667816,2.75731022244408,nan,nan
cifar10,topk_softmax_025,3,7,1.0844902992248535,0.5957,0.5870820899780357,1.108163887546176,0.2615287590594519,2.7670147487095424,nan,nan
cifar10,topk_softmax_025,3,8,1.0459996461868286,0.6188,0.6114338442547335,1.0805269678433735,0.2615227967500687,2.7542176326115926,nan,nan
cifar10,topk_softmax_025,3,9,1.0215885639190674,0.6205,0.6138100048985786,1.0596464838300432,0.2615202940645672,2.748914662996928,nan,nan
cifar10,topk_softmax_025,3,10,0.9938639402389526,0.6289,0.6287938643219162,1.0405939045406523,0.2615236097858066,2.750828234354655,nan,nan
cifar10,topk_softmax_025,3,11,0.9689080119132996,0.6317,0.624471046906185,1.0391328431311109,0.26152403269495283,2.7555174475624447,nan,nan
cifar10,topk_softmax_025,3,12,0.948379635810852,0.6348,0.6314739805211886,1.0456138656252907,0.2615219398623421,2.7424878211248487,nan,nan
cifar10,topk_softmax_025,3,13,0.9322037100791931,0.6382,0.6343036127394405,1.0165594038509187,0.2615189777953284,2.7447642587480092,nan,nan
cifar10,topk_softmax_025,3,14,0.9083123207092285,0.6459,0.6405405350835457,1.013892562616439,0.2615177279426938,2.729400598435175,nan,nan
cifar10,topk_softmax_025,3,15,0.8939481377601624,0.6459,0.643727472553435,1.0194338605517432,0.2615261550460543,2.734925389289856,nan,nan
cifar10,topk_softmax_025,3,16,0.876541256904602,0.6497,0.6494877991235974,0.979507965700967,0.2615267594655355,2.749826562972296,nan,nan
cifar10,topk_softmax_025,3,17,0.8650534749031067,0.6523,0.6480880325077113,0.9803214192390441,0.2615221450726191,2.737118127232506,nan,nan
cifar10,topk_softmax_025,3,18,0.8467760682106018,0.6574,0.6556999952603938,0.9906089220728193,0.261522490637643,2.738602013815017,nan,nan
cifar10,topk_softmax_025,3,19,0.8330732583999634,0.6532,0.6502173231167881,0.9797841043699356,0.2615204840898514,2.722776108696347,nan,nan
cifar10,topk_softmax_025,3,20,0.81919264793396,0.6595,0.6575426300877901,0.9690176481292361,0.2615190162545159,2.724904064905076,nan,nan
cifar10,topk_softmax_025,3,21,0.8074022531509399,0.6546,0.6531134196668302,0.9914906785601661,0.2615219313473929,2.7249196438562304,nan,nan
cifar10,topk_softmax_025,3,22,0.7945424318313599,0.66,0.6580587768504153,0.991398480960301,0.26151983468305495,2.7157775129590718,nan,nan
cifar10,topk_softmax_025,3,23,0.7829919457435608,0.656,0.6539887875744841,0.9878912199111212,0.2615225235621134,2.725481245631263,nan,nan
cifar10,topk_softmax_025,3,24,0.7690403461456299,0.6497,0.6480357311254068,1.0116237929889134,0.2615148161138807,2.703197719937279,nan,nan
cifar10,topk_softmax_025,3,25,0.751934289932251,0.6619,0.6611769362591357,0.9837965482757205,0.26152211839244477,2.7119081349599927,nan,nan
cifar10,topk_softmax_025,3,26,0.7412182688713074,0.6615,0.6599087784545373,0.9885414946646918,0.2615182997215362,2.7061515683219546,nan,nan
cifar10,topk_softmax_025,3,27,0.7348628640174866,0.6635,0.661542087849493,0.981082462696802,0.26152083291893913,2.7135035265059697,nan,nan
cifar10,topk_softmax_025,3,28,0.7223832011222839,0.6589,0.6594206002253166,0.9879788273856753,0.26151736094838096,2.704746663002741,nan,nan
cifar10,topk_softmax_025,3,29,0.713611364364624,0.6569,0.6561281277077032,1.010274452822549,0.2615125446092515,2.6900716077713738,nan,nan
cifar10,topk_softmax_025,4,0,1.7863014936447144,0.444,0.424435008506509,1.5064201377687,0.26153847575187683,2.7937501373745146,nan,nan
cifar10,topk_softmax_025,4,1,1.436334490776062,0.5072,0.5009845046753213,1.3627565940221151,0.26153847575187683,2.7849671942847114,nan,nan
cifar10,topk_softmax_025,4,2,1.3152105808258057,0.5368,0.5324568912854021,1.277845211256118,0.26153847575187683,2.776376425652277,nan,nan
cifar10,topk_softmax_025,4,3,1.2494404315948486,0.5539,0.549333012474355,1.2297017931938172,0.26153847575187683,2.772723042397272,nan,nan
cifar10,topk_softmax_025,4,4,1.1930350065231323,0.5741,0.5693713524200071,1.1729998957543146,0.26153830786546073,2.762007961954389,nan,nan
cifar10,topk_softmax_025,4,5,1.1496983766555786,0.5879,0.5856467545754562,1.1491365046728226,0.26153832574685415,2.763029817172459,nan,nan
cifar10,topk_softmax_025,4,6,1.1161658763885498,0.5892,0.589499048004529,1.1334148940585909,0.26153628272669655,2.741923619451977,nan,nan
cifar10,topk_softmax_025,4,7,1.0825437307357788,0.595,0.5935342758157138,1.1085899018106007,0.261536295073373,2.745253036135719,nan,nan
cifar10,topk_softmax_025,4,8,1.0516551733016968,0.6141,0.6128493131080754,1.0803687441916692,0.26153593176887147,2.7478995209648494,nan,nan
cifar10,topk_softmax_025,4,9,1.0203748941421509,0.617,0.6133055081732592,1.0912522775786264,0.26153464175405955,2.738067917596726,nan,nan
cifar10,topk_softmax_025,4,10,0.9949445724487305,0.6244,0.6155592743726631,1.0621158440907796,0.2615327593826112,2.728515182222639,nan,nan
cifar10,topk_softmax_025,4,11,0.9751489162445068,0.6306,0.6270757469460673,1.037087687424251,0.26152828818275814,2.7174991164888653,nan,nan
cifar10,topk_softmax_025,4,12,0.9592666029930115,0.6323,0.6305004952501837,1.0365520437558493,0.261532680335499,2.7337508110772997,nan,nan
cifar10,topk_softmax_025,4,13,0.9373165369033813,0.6364,0.6346925600180294,1.0217051437922886,0.26152915131478083,2.7239767789840696,nan,nan
cifar10,topk_softmax_025,4,14,0.9117427468299866,0.6289,0.6211744825558433,1.055283871151152,0.26152800037747337,2.7228701602844967,nan,nan
cifar10,topk_softmax_025,4,15,0.8985610604286194,0.6427,0.6450397074542316,1.0133570319130307,0.26151725805941084,2.7077863852183026,nan,nan
cifar10,topk_softmax_025,4,16,0.8791904449462891,0.6521,0.653605025049527,0.9971202895754859,0.2615243986958549,2.7213211525054204,nan,nan
cifar10,topk_softmax_025,4,17,0.8605634570121765,0.6432,0.6432984644590509,1.0165146827697753,0.26152023403417496,2.7078498454321,nan,nan
cifar10,topk_softmax_025,4,18,0.8504181504249573,0.6499,0.6481016831916797,1.0057083816755386,0.26151991074993497,2.7121745688574657,nan,nan
cifar10,topk_softmax_025,4,19,0.8314308524131775,0.646,0.643294990081088,1.0046014201073419,0.26152270791076476,2.7161795184725808,nan,nan
cifar10,topk_softmax_025,4,20,0.8181906938552856,0.6483,0.643096919381285,1.0218947915803818,0.26151258250077564,2.7009618827274866,nan,nan
cifar10,topk_softmax_025,4,21,0.808110773563385,0.6571,0.6566461390913209,0.9960006231353397,0.26151536518619173,2.7035853624343873,nan,nan
cifar10,topk_softmax_025,4,22,0.794726550579071,0.6563,0.6550454011613065,1.008290051278614,0.2615189952509744,2.7032589242571876,nan,nan
cifar10,topk_softmax_025,4,23,0.7871856689453125,0.6553,0.6555894259917491,1.003238840897878,0.26151912212371825,2.706702643349057,nan,nan
cifar10,topk_softmax_025,4,24,0.767867386341095,0.6506,0.6518294694815638,0.9982421120007833,0.2615049631822677,2.687644286382766,nan,nan
cifar10,topk_softmax_025,4,25,0.7604944705963135,0.6589,0.6597746152349,1.002198616663615,0.26151246996152966,2.6945273456119354,nan,nan
cifar10,topk_softmax_025,4,26,0.7480949759483337,0.6602,0.6615866337691384,0.9737438059988476,0.26151474657512847,2.6929257006872267,nan,nan
cifar10,topk_softmax_025,4,27,0.7394616603851318,0.6483,0.6496447048899519,1.0312210849353245,0.2614980406704403,2.6719938584736416,nan,nan
cifar10,topk_softmax_025,4,28,0.7303472757339478,0.6596,0.6567355960425824,1.0164866050084431,0.26149557871477946,2.6696010362534297,nan,nan
cifar10,topk_softmax_025,4,29,0.7194671630859375,0.6667,0.6666526198827366,0.9849479311988467,0.2615074959539232,2.68194207009815,nan,nan
cifar10,topk_softmax_025,5,0,1.760035514831543,0.4352,0.4259982040409578,1.539196879523141,0.2615384727716446,2.776447484606788,nan,nan
cifar10,topk_softmax_025,5,1,1.4466956853866577,0.5062,0.5062777716178439,1.3577023937588646,0.26153847575187683,2.7872628586632864,nan,nan
cifar10,topk_softmax_025,5,2,1.3293436765670776,0.5299,0.5238674090678925,1.2721665223439536,0.2615384521938506,2.7887333517982844,nan,nan
cifar10,topk_softmax_025,5,3,1.2527860403060913,0.5478,0.5486089532351986,1.254340662275042,0.2615382610332398,2.7773100750786917,nan,nan
cifar10,topk_softmax_025,5,4,1.199114441871643,0.5627,0.5618446398887476,1.211447278658549,0.2615379110688255,2.775171262877328,nan,nan
cifar10,topk_softmax_025,5,5,1.1563689708709717,0.5803,0.5771116608737695,1.1690668651035854,0.2615374966746285,2.7771060954956783,nan,nan
cifar10,topk_softmax_025,5,6,1.1185506582260132,0.5996,0.5992758313274329,1.1351523859160286,0.26153745253880817,2.7645793347131637,nan,nan
cifar10,topk_softmax_025,5,7,1.08661949634552,0.6022,0.6008304677040298,1.1088023991811844,0.2615369915962219,2.767003751936413,nan,nan
cifar10,topk_softmax_025,5,8,1.0555311441421509,0.6011,0.598215291051329,1.1220771817933946,0.26153619246823445,2.7664811826887585,nan,nan
cifar10,topk_softmax_025,5,9,1.032102108001709,0.5941,0.5945318535283091,1.1282648994809106,0.2615361308767682,2.759424911226545,nan,nan
cifar10,topk_softmax_025,5,10,1.0021069049835205,0.6242,0.6197176227115825,1.0754007736841837,0.26153602259499686,2.7682329995291575,nan,nan
cifar10,topk_softmax_025,5,11,0.97441565990448,0.6243,0.622925491860254,1.068920870621999,0.2615359079270136,2.7605698029200236,nan,nan
cifar10,topk_softmax_025,5,12,0.9583367705345154,0.6281,0.6263945117347139,1.0576837931360517,0.2615364273389181,2.7676621380306425,nan,nan
cifar10,topk_softmax_025,5,13,0.9296022057533264,0.6191,0.6200066749215385,1.0869084766932897,0.2615362567561013,2.7644319591068087,nan,nan
cifar10,topk_softmax_025,5,14,0.9163296818733215,0.6365,0.6324157263255505,1.0500036636988321,0.2615354931070691,2.758090502875192,nan,nan
cifar10,topk_softmax_025,5,15,0.8976747393608093,0.6355,0.6372917395094897,1.047165006115323,0.26153510851519446,2.757227412859599,nan,nan
cifar10,topk_softmax_025,5,16,0.8768104314804077,0.6384,0.638661093552167,1.0345361210051036,0.26153639810425894,2.7602240857623874,nan,nan
cifar10,topk_softmax_025,5,17,0.8605294823646545,0.6433,0.6413791142124752,1.031636609349932,0.26153654754161837,2.745946710450309,nan,nan
cifar10,topk_softmax_025,5,18,0.8503888249397278,0.6409,0.6344981326348587,1.032637551852635,0.26153615698927923,2.753232219105675,nan,nan
cifar10,topk_softmax_025,5,19,0.8309639692306519,0.6471,0.6471433585580553,1.0133423277309963,0.2615363973946798,2.7450246833619616,nan,nan
cifar10,topk_softmax_025,5,20,0.8079783916473389,0.6457,0.6442654671636064,1.0183935443560281,0.2615367236591521,2.7483605487006053,nan,nan
cifar10,topk_softmax_025,5,21,0.8012367486953735,0.6564,0.653335530894925,1.0216687531698319,0.2615364802735192,2.737084210486639,nan,nan
cifar10,topk_softmax_025,5,22,0.7948099374771118,0.6466,0.6477637356380623,1.0378746952329363,0.2615363565229234,2.748628164473034,nan,nan
cifar10,topk_softmax_025,5,23,0.7737970948219299,0.6487,0.6453442485548676,1.0364437920706613,0.2615368414492834,2.7307835612978253,nan,nan
cifar10,topk_softmax_025,5,24,0.7553015947341919,0.6487,0.6478783095331283,1.0346258152098882,0.261536353684607,2.7424888111296153,nan,nan
cifar10,topk_softmax_025,5,25,0.7582104206085205,0.6434,0.6469976639248884,1.0353880700610933,0.2615356111810321,2.728409163157145,nan,nan
cifar10,topk_softmax_025,5,26,0.7397382259368896,0.6539,0.6529583351921957,1.0155800688834418,0.2615362242573783,2.7363661243802024,nan,nan
cifar10,topk_softmax_025,6,0,1.7630081176757812,0.4552,0.4506443814822654,1.4905400980086554,0.26153847575187683,2.7718768676122028,nan,nan
cifar10,topk_softmax_025,6,1,1.4358619451522827,0.5066,0.500274974513259,1.3391348906925746,0.26153847575187683,2.8011687573932464,nan,nan
cifar10,topk_softmax_025,6,2,1.3301949501037598,0.5373,0.5354709185395967,1.2878987970806304,0.26153847575187683,2.7915489378429594,nan,nan
cifar10,topk_softmax_025,6,3,1.2557693719863892,0.5616,0.5507630112072632,1.2155131953103202,0.26153847575187683,2.7881344318389893,nan,nan
cifar10,topk_softmax_025,6,4,1.1981170177459717,0.5804,0.5803319917093795,1.1794090339115688,0.26153847575187683,2.789214539527893,nan,nan
cifar10,topk_softmax_025,6,5,1.1522096395492554,0.5959,0.5919108209368511,1.136905616805667,0.26153847575187683,2.78600796744937,nan,nan
cifar10,topk_softmax_025,6,6,1.1167999505996704,0.6054,0.6035378599409009,1.1222502498399645,0.2615384727716446,2.7818817910693943,nan,nan
cifar10,topk_softmax_025,6,7,1.079618215560913,0.6125,0.6120557957242837,1.0975972414016724,0.2615384697914124,2.779088154293242,nan,nan
cifar10,topk_softmax_025,6,8,1.054983139038086,0.6224,0.6171757097129559,1.081513013726189,0.261538437576521,2.7698094402040754,nan,nan
cifar10,topk_softmax_025,6,9,1.0321317911148071,0.6259,0.6245672153749824,1.0722416741507395,0.2615383846419198,2.7693468320937384,nan,nan
cifar10,topk_softmax_025,6,10,1.004359245300293,0.6265,0.6268387359425227,1.0566042235919408,0.26153832574685415,2.7724794569469635,nan,nan
cifar10,topk_softmax_025,6,11,0.9824132323265076,0.6383,0.6383714521670981,1.0418846130371093,0.2615382317985807,2.7619615463983447,nan,nan
cifar10,topk_softmax_025,6,12,0.962806761264801,0.6389,0.6330375605885752,1.0327433307965597,0.26153822853451686,2.7614482039497013,nan,nan
cifar10,topk_softmax_025,6,13,0.9349530339241028,0.6472,0.6445753848936028,1.0192447213899523,0.2615380260206404,2.7612804878325687,nan,nan
cifar10,topk_softmax_025,6,14,0.9171574711799622,0.6532,0.650854415605757,1.0029402256011963,0.26153802020209177,2.753830263728187,nan,nan
cifar10,topk_softmax_025,6,15,0.8996686339378357,0.6438,0.6410665847423351,1.0470049403962636,0.2615378579923085,2.751715534073966,nan,nan
cifar10,topk_softmax_025,6,16,0.8765962719917297,0.6503,0.644860662343482,1.0259093188104176,0.26153759346121835,2.7430576369875954,nan,nan
cifar10,topk_softmax_025,6,17,0.869103193283081,0.6576,0.655373542554578,0.9840929848807198,0.2615374610537574,2.7397949275516327,nan,nan
cifar10,topk_softmax_025,6,18,0.8499651551246643,0.6617,0.6603789670481166,0.9860329877762567,0.2615375375463849,2.7391356695265996,nan,nan
cifar10,topk_softmax_025,6,19,0.8379309773445129,0.6542,0.6498623195908941,1.0067926196824937,0.2615371672880082,2.7297936848231723,nan,nan
cifar10,topk_softmax_025,6,20,0.8210053443908691,0.6487,0.644253310175771,1.0368134759721301,0.2615367209627515,2.7303484110605147,nan,nan
cifar10,topk_softmax_025,6,21,0.8135196566581726,0.6612,0.6619272299188176,0.9879585521561759,0.26153724633512043,2.7363814637774513,nan,nan
cifar10,topk_softmax_025,6,22,0.8010324239730835,0.6662,0.6608493683517086,1.0023199058714367,0.2615374435981115,2.7337213879539854,nan,nan
cifar10,topk_softmax_025,6,23,0.7842816710472107,0.6666,0.6636558600870005,0.9870205481847127,0.2615357755195527,2.7236454986390615,nan,nan
cifar10,topk_softmax_025,6,24,0.7680033445358276,0.6751,0.6721152745602081,0.9917385975519816,0.26153675885427563,2.7282861505235942,nan,nan
cifar10,topk_softmax_025,6,25,0.7632381319999695,0.6638,0.6595752523348924,1.0154909718604315,0.26153625079563686,2.712773971330552,nan,nan
cifar10,topk_softmax_025,6,26,0.7499901652336121,0.6688,0.6690843056154796,0.9891863453955877,0.26153547834782376,2.7078227463222686,nan,nan
cifar10,topk_softmax_025,6,27,0.7378151416778564,0.6706,0.6687676643482943,0.9944621852466038,0.26153562508878253,2.71152294476827,nan,nan
cifar10,topk_softmax_025,6,28,0.7280225157737732,0.6625,0.6610910697113109,1.0197499547685895,0.26153576913334076,2.710034826823643,nan,nan
cifar10,topk_softmax_025,6,29,0.7169744372367859,0.6684,0.6675888203019607,0.9915894286973136,0.2615347764321736,2.711903491474333,nan,nan
cifar10,topk_softmax_025,7,0,1.7516851425170898,0.4497,0.4408155500253391,1.5094075009936379,0.26153847575187683,2.7836934055600846,nan,nan
cifar10,topk_softmax_025,7,1,1.4537643194198608,0.4991,0.48430733608611953,1.3700222764696395,0.26153847575187683,2.7390129759198145,nan,nan
cifar10,topk_softmax_025,7,2,1.3321179151535034,0.5092,0.5058612319073681,1.35217452503386,0.26153839046046845,2.7592101437704906,nan,nan
cifar10,topk_softmax_025,7,3,1.2518552541732788,0.5613,0.5568357529170106,1.2201532954261416,0.26153818184421174,2.7484081415903,nan,nan
cifar10,topk_softmax_025,7,4,1.1928670406341553,0.5728,0.5703534814032754,1.1715280998320807,0.2615376493760518,2.7529619614283245,nan,nan
cifar10,topk_softmax_025,7,5,1.149815320968628,0.5756,0.5724010609529551,1.1649506273723784,0.26153614804858255,2.7653266361781528,nan,nan
cifar10,topk_softmax_025,7,6,1.110784649848938,0.5955,0.5938015358265881,1.1335964316413516,0.26153643344129834,2.763338771320525,nan,nan
cifar10,topk_softmax_025,7,7,1.0801591873168945,0.5973,0.5968307425092927,1.1018679215794518,0.26153394012224107,2.7450161911192392,nan,nan
cifar10,topk_softmax_025,7,8,1.047431468963623,0.606,0.6028671275388028,1.1064383075350808,0.2615343540906906,2.7557277372905187,nan,nan
cifar10,topk_softmax_025,7,9,1.0199681520462036,0.6162,0.6111057376278561,1.0758893620400203,0.2615349319719133,2.761245096297491,nan,nan
cifar10,topk_softmax_025,7,10,0.9920515418052673,0.6284,0.6275411251769821,1.0664515325001307,0.2615327986932936,2.750091975075858,nan,nan
cifar10,topk_softmax_025,7,11,0.9697650074958801,0.6208,0.6207117283681922,1.0564010114896865,0.26153240161282676,2.761478871390933,nan,nan
cifar10,topk_softmax_025,7,12,0.9525377750396729,0.629,0.6283754331962553,1.0377597292264302,0.2615316412278584,2.764849588984535,nan,nan
cifar10,topk_softmax_025,7,13,0.9299135208129883,0.6362,0.637031302772266,1.0286727962039766,0.2615323258297784,2.7499661309378487,nan,nan
cifar10,topk_softmax_025,7,14,0.9129900336265564,0.6355,0.6345263674492883,1.0412377363159544,0.2615310456071581,2.748047666322617,nan,nan
cifar10,topk_softmax_025,7,15,0.896098256111145,0.6447,0.6445852817344974,1.019708133879162,0.26153110365072885,2.7486917245955693,nan,nan
cifar10,topk_softmax_025,7,16,0.8768935203552246,0.6436,0.6420825700256045,1.030654914038522,0.26153151804492586,2.743631576356434,nan,nan
cifar10,topk_softmax_025,7,17,0.8641529083251953,0.645,0.6453352587721152,1.0155102638971238,0.26153238117694855,2.740690943173,nan,nan
cifar10,topk_softmax_025,7,18,0.8523316979408264,0.6457,0.6447485528555619,1.0158454616864523,0.26153098089354376,2.7339634645552864,nan,nan
cifar10,topk_softmax_025,7,19,0.8388099670410156,0.6473,0.6418331791059917,1.025028337751116,0.26153194038640887,2.740740765844073,nan,nan
cifar10,topk_softmax_025,7,20,0.818505585193634,0.6459,0.6431450327703457,1.0490410010019937,0.26153174681322916,2.736772079694839,nan,nan
cifar10,topk_softmax_025,7,21,0.80743408203125,0.6582,0.6576041196600212,0.9991036471866426,0.2615302645024799,2.73633721328917,nan,nan
cifar10,topk_softmax_025,7,22,0.7942562699317932,0.6507,0.6476931468565891,1.0263905672799973,0.26153000323545367,2.7332537151518324,nan,nan
cifar10,topk_softmax_025,7,23,0.7872778177261353,0.6489,0.643095369510352,1.0311902426538013,0.26152925448758263,2.739965818041847,nan,nan
cifar10,topk_softmax_025,7,24,0.7755537629127502,0.6489,0.6447091084434855,1.0385415275891623,0.2615319054751169,2.7347754580633983,nan,nan
cifar10,topk_softmax_025,7,25,0.7613521814346313,0.6615,0.6601757602040472,1.002304356438773,0.2615326390379951,2.7224497579392932,nan,nan
cifar10,topk_softmax_025,7,26,0.7503079771995544,0.665,0.6649833069734552,0.9948463604563759,0.261529797741345,2.727981508345831,nan,nan
cifar10,topk_softmax_025,7,27,0.7407052516937256,0.6624,0.6607572823173739,1.0201337019602457,0.2615301821913038,2.721919870376587,nan,nan
cifar10,topk_softmax_025,7,28,0.7266054153442383,0.6609,0.6607926537092351,1.014766984894162,0.26153010541484467,2.724392749014355,nan,nan
cifar10,topk_softmax_025,7,29,0.7211620211601257,0.6547,0.6513669992047539,1.053043692452567,0.26152809801555815,2.7111355599902924,nan,nan
cifar10,topk_softmax_025,8,0,1.7509504556655884,0.4288,0.4100742925180845,1.5360982247761317,0.26153847575187683,2.778952972094218,nan,nan
cifar10,topk_softmax_025,8,1,1.4501515626907349,0.5036,0.5003805258749682,1.3776710567020234,0.26153847575187683,2.7579234259469168,nan,nan
cifar10,topk_softmax_025,8,2,1.3442763090133667,0.5221,0.517425339362465,1.305294298558008,0.26153847575187683,2.756713064511617,nan,nan
cifar10,topk_softmax_025,8,3,1.2714353799819946,0.5303,0.5312347784024067,1.2843658969515845,0.26153847575187683,2.735437714485895,nan,nan
cifar10,topk_softmax_025,8,4,1.2235201597213745,0.5654,0.5659016233319372,1.1970726069949922,0.26153847575187683,2.731265333720616,nan,nan
cifar10,topk_softmax_025,8,5,1.1761999130249023,0.5733,0.5744942400436704,1.1774046767325628,0.26153847575187683,2.734719357036409,nan,nan
cifar10,topk_softmax_025,8,6,1.1492433547973633,0.5665,0.5585532413787018,1.1953494878042312,0.26153847575187683,2.756007328487578,nan,nan
cifar10,topk_softmax_025,8,7,1.115473985671997,0.5908,0.5890846725748203,1.132842374983288,0.26153847575187683,2.7369111515226816,nan,nan
cifar10,topk_softmax_025,8,8,1.0846906900405884,0.595,0.5946733347980204,1.1353814000175113,0.26153847575187683,2.7332697414216542,nan,nan
cifar10,topk_softmax_025,8,9,1.0582408905029297,0.5978,0.5952828712920832,1.1135787015869505,0.2615384697914124,2.731372479030064,nan,nan
cifar10,topk_softmax_025,8,10,1.0318794250488281,0.6101,0.6101182433040412,1.0883110523223878,0.2615384727716446,2.7296219201315015,nan,nan
cifar10,topk_softmax_025,8,11,1.007821798324585,0.6042,0.6086448402984737,1.0994731153760637,0.26153839315686905,2.716625197728475,nan,nan
cifar10,topk_softmax_025,8,12,0.985565185546875,0.6088,0.6058505481329937,1.0930812903812954,0.2615384314741407,2.7226710785002934,nan,nan
cifar10,topk_softmax_025,8,13,0.9661986231803894,0.6174,0.6162501875420945,1.0873754024505615,0.26153847575187683,2.7184855143229165,nan,nan
cifar10,topk_softmax_025,8,14,0.9520943760871887,0.6055,0.6122026425203554,1.095308634213039,0.26153839031855264,2.6988492329915363,nan,nan
cifar10,topk_softmax_025,8,15,0.9309119582176208,0.6258,0.6268524905421072,1.05310982806342,0.2615384551740828,2.72028272151947,nan,nan
cifar10,topk_softmax_025,8,16,0.9178758263587952,0.6275,0.6255362179079818,1.0563443269048418,0.26153839329878487,2.7088242178871518,nan,nan
cifar10,topk_softmax_025,8,17,0.8943744897842407,0.6356,0.6385494760558014,1.0425346749169486,0.26153844921361835,2.724194019181388,nan,nan
cifar10,topk_softmax_025,8,18,0.8761127591133118,0.6272,0.625113887083723,1.065594268412817,0.2615384697914124,2.7377307721546718,nan,nan
cifar10,topk_softmax_025,8,19,0.8597414493560791,0.6321,0.6291247019670467,1.0578674867039635,0.2615383342618034,2.713639387630281,nan,nan
cifar10,topk_softmax_025,8,20,0.8511564135551453,0.6394,0.6393090078639432,1.0298330511365619,0.26153835498151323,2.7015559173765635,nan,nan
cifar10,topk_softmax_025,8,21,0.8343703746795654,0.6472,0.6442092986191091,1.0305903735614959,0.2615381843986965,2.694192180179414,nan,nan
cifar10,topk_softmax_025,8,22,0.8269572854042053,0.639,0.6396234851105849,1.0366051242465064,0.2615383901766368,2.6952976113273985,nan,nan
cifar10,topk_softmax_025,8,23,0.8093215227127075,0.6367,0.639788812347123,1.0371027679670424,0.2615383463246482,2.7056495439438595,nan,nan
cifar10,topk_softmax_025,8,24,0.7998135685920715,0.6389,0.638678907564978,1.0451087469146365,0.2615384551740828,2.709816347985041,nan,nan
cifar10,topk_softmax_025,8,25,0.7800725698471069,0.6427,0.6424607469195889,1.0305953729720343,0.2615384374346052,2.702160538945879,nan,nan
cifar10,topk_softmax_025,8,26,0.770098090171814,0.6451,0.6472349253757772,1.0384448562349593,0.261538352001281,2.695408757527669,nan,nan
cifar10,topk_softmax_025,9,0,1.7668730020523071,0.4327,0.4117183737515303,1.5425171625046503,0.26153847575187683,2.759216997736976,nan,nan
cifar10,topk_softmax_025,9,1,1.4573701620101929,0.4843,0.4866317004537818,1.4288529225758144,0.26153847575187683,2.7458892265955606,nan,nan
cifar10,topk_softmax_025,9,2,1.3403910398483276,0.5288,0.5274081681106317,1.2865701079368592,0.26153843445437297,2.7145085664022535,nan,nan
cifar10,topk_softmax_025,9,3,1.2653429508209229,0.5411,0.5352871378886389,1.255013418765295,0.26153836363837835,2.737410227457682,nan,nan
cifar10,topk_softmax_025,9,4,1.2059011459350586,0.566,0.5641409317506744,1.2098674774169922,0.26153822853451686,2.73827231384459,nan,nan
cifar10,topk_softmax_025,9,5,1.166400671005249,0.5759,0.5720970271737384,1.1733143681571596,0.26153751469793773,2.734430027008057,nan,nan
cifar10,topk_softmax_025,9,6,1.1285215616226196,0.5817,0.5824118140073077,1.1466809760956538,0.2615365776277724,2.7377179577237083,nan,nan
cifar10,topk_softmax_025,9,7,1.0982667207717896,0.5977,0.5953325765356724,1.126346437136332,0.26153712371985116,2.746975190298898,nan,nan
cifar10,topk_softmax_025,9,8,1.0659472942352295,0.6018,0.5975418786843896,1.116655877658299,0.2615373734916959,2.758773383640108,nan,nan
cifar10,topk_softmax_025,9,9,1.0388163328170776,0.6097,0.6116825569887056,1.0769088642937796,0.2615333706140518,2.7274041448320663,nan,nan
cifar10,topk_softmax_025,9,10,1.0139198303222656,0.6135,0.612122345815889,1.0810366658937363,0.2615334329150972,2.737074012983413,nan,nan
cifar10,topk_softmax_025,9,11,0.99318927526474,0.6225,0.6221440411102618,1.0446358516102745,0.26153229304722375,2.7419419810885475,nan,nan
cifar10,topk_softmax_025,9,12,0.9630835056304932,0.6278,0.6232816963459833,1.034785799185435,0.2615294843912125,2.7293895437603903,nan,nan
cifar10,topk_softmax_025,9,13,0.9449612498283386,0.6351,0.6336652042802179,1.036440284479232,0.26153224394434976,2.741483961968195,nan,nan
cifar10,topk_softmax_025,9,14,0.9288739562034607,0.6419,0.6427881637945478,1.0126783342588515,0.2615297713450023,2.7347191617602395,nan,nan
cifar10,topk_softmax_025,9,15,0.905630350112915,0.644,0.6468085418030549,1.0196550091107686,0.26153418975217,2.7537287712097167,nan,nan
cifar10,topk_softmax_025,9,16,0.8893091082572937,0.6399,0.6396968603635347,1.0265682214782352,0.2615319202343623,2.7346921307700023,nan,nan
cifar10,topk_softmax_025,9,17,0.871245265007019,0.6431,0.6419943460754769,1.0128844176019942,0.26153017055420646,2.7350218818301246,nan,nan
cifar10,topk_softmax_025,9,18,0.8565098643302917,0.6491,0.6490081598741095,0.9946024468966893,0.26152819778238023,2.732419244448344,nan,nan
cifar10,topk_softmax_025,9,19,0.8403949737548828,0.6361,0.6342268686558625,1.0245659061840602,0.2615309574774333,2.7328485977082027,nan,nan
cifar10,topk_softmax_025,9,20,0.8284879326820374,0.6505,0.6507839654948582,1.0019424143291655,0.26152775230861847,2.721454691886902,nan,nan
cifar10,topk_softmax_025,9,21,0.8174132108688354,0.6549,0.6545553577815404,0.9795219654128665,0.26152238022713437,2.7109246492385863,nan,nan
cifar10,topk_softmax_025,9,22,0.7992783784866333,0.6485,0.6497510779588175,0.9898382147153219,0.2615297243708656,2.727290940284729,nan,nan
cifar10,topk_softmax_025,9,23,0.7847322225570679,0.6552,0.655335297220917,0.9901623884836833,0.26152804508095695,2.7252866903940838,nan,nan
cifar10,topk_softmax_025,9,24,0.7765473127365112,0.6636,0.6665375022395497,0.9805979859261286,0.2615255228110722,2.7157776912053424,nan,nan
cifar10,topk_softmax_025,9,25,0.7642150521278381,0.6607,0.6623132308808618,0.9897524703116644,0.2615252743164698,2.71032041822161,nan,nan
cifar10,topk_softmax_025,9,26,0.7583553194999695,0.6553,0.6571355187407318,0.9866907908802941,0.2615282769714083,2.7084891886938185,nan,nan
cifar10,topk_softmax_025,9,27,0.7415370345115662,0.6596,0.6609445699510428,0.9959863151822771,0.2615253742252077,2.7127760523841493,nan,nan
cifar10,topk_softmax_025,9,28,0.7320449948310852,0.6604,0.6578743311313024,0.9841375929968698,0.261527173433985,2.712926249277024,nan,nan
cifar10,topk_softmax_025,9,29,0.7247610092163086,0.6686,0.6690838979863958,0.974559722060249,0.26152057761237735,2.706189619927179,nan,nan
cifar10,sparsemax,0,0,1.7783979177474976,0.4152,0.40346100969179916,1.6024339028767176,0.2965745385913622,2.350956552369254,nan,nan
cifar10,sparsemax,0,1,1.487345814704895,0.4738,0.46239082643596197,1.4565920727593558,0.298572460349117,2.374715380441575,nan,nan
cifar10,sparsemax,0,2,1.3757500648498535,0.5119,0.5053081568716695,1.3719402744656517,0.25954455066294896,2.2995990787233627,nan,nan
cifar10,sparsemax,0,3,1.306481122970581,0.5424,0.5400950516170224,1.2782196482022603,0.250470770185902,2.313349489370982,nan,nan
cifar10,sparsemax,0,4,1.250916838645935,0.5646,0.5620188323949524,1.2222798443975902,0.24496079108544758,2.308086020605905,nan,nan
cifar10,sparsemax,0,5,1.205618143081665,0.5713,0.5680669849014037,1.2063799699147542,0.23021577483131772,2.250054209005265,nan,nan
cifar10,sparsemax,0,6,1.1665294170379639,0.583,0.5771674701640895,1.1865581660043625,0.22771864845639184,2.250625039282299,nan,nan
cifar10,sparsemax,0,7,1.1343523263931274,0.5875,0.5842936684577505,1.1604923151788258,0.2280795333640916,2.265836405754089,nan,nan
cifar10,sparsemax,0,8,1.1015220880508423,0.5911,0.5896744068340072,1.154667934349605,0.21473482662723178,2.19696520680473,nan,nan
cifar10,sparsemax,0,9,1.070829153060913,0.606,0.6060309759572606,1.129322964804513,0.2155898270862443,2.2274799426396688,nan,nan
cifar10,sparsemax,0,10,1.0470373630523682,0.6056,0.6017999621290642,1.1325429274922325,0.21694376773777463,2.2236260675248647,nan,nan
cifar10,sparsemax,0,11,1.0245885848999023,0.5976,0.591618932934791,1.1600827148982458,0.21293527065288453,2.2235481489272346,nan,nan
cifar10,sparsemax,0,12,1.0035182237625122,0.6208,0.6225025944302711,1.088707114968981,0.20793202732290542,2.2039344066665287,nan,nan
cifar10,sparsemax,0,13,0.9772144556045532,0.6254,0.6230511293680046,1.0902086751801627,0.21279329125370297,2.226119121483394,nan,nan
cifar10,sparsemax,0,14,0.9552390575408936,0.6316,0.629285586123109,1.0621929021108718,0.20756330241759618,2.2128507341657366,nan,nan
cifar10,sparsemax,0,15,0.9364935755729675,0.6289,0.6270038232092097,1.0630778352419534,0.21575124214092892,2.2445602292106264,nan,nan
cifar10,sparsemax,0,16,0.9191534519195557,0.627,0.6305950458660412,1.0725655805496943,0.21760239189579372,2.2729798612140475,nan,nan
cifar10,sparsemax,0,17,0.9050049185752869,0.6325,0.6307593391679374,1.0686207987013316,0.21503418073767708,2.257355961913154,nan,nan
cifar10,sparsemax,0,18,0.8795424699783325,0.6204,0.6254693417215273,1.101696290856316,0.2108081423100971,2.235787687982832,nan,nan
cifar10,sparsemax,0,19,0.8643810749053955,0.6404,0.6392563415553885,1.0582186574027652,0.20566011312462035,2.211708314645858,nan,nan
cifar10,sparsemax,0,20,0.8582428097724915,0.6352,0.6351628527793178,1.0717762345359438,0.21379700012150266,2.259996525446574,nan,nan
cifar10,sparsemax,0,21,0.8446536064147949,0.6435,0.6427144788546,1.0531560551552546,0.21204825419755208,2.2534120798110964,nan,nan
cifar10,sparsemax,0,22,0.8251698017120361,0.6392,0.6400277914586121,1.0535219930467152,0.21448253166107906,2.263162888799395,nan,nan
cifar10,sparsemax,0,23,0.811926543712616,0.6466,0.6472618391765396,1.0522829697245644,0.20679480312835602,2.2307630652473085,nan,nan
cifar10,sparsemax,0,24,0.8016303181648254,0.6384,0.6366180696046719,1.0727919465019589,0.2098622685387021,2.2466356107166834,nan,nan
cifar10,sparsemax,0,25,0.7840354442596436,0.6489,0.6478742469572752,1.0534488337380545,0.2045505410148984,2.2230023213795254,nan,nan
cifar10,sparsemax,0,26,0.7725867629051208,0.647,0.6455598053530055,1.0717857746850876,0.212276534310409,2.2608817861193704,nan,nan
cifar10,sparsemax,0,27,0.7626932263374329,0.6487,0.6472128273015463,1.0437182818140303,0.20681240757306416,2.2403823659533546,nan,nan
cifar10,sparsemax,0,28,0.7554370760917664,0.6458,0.6459840659432222,1.0778031371888661,0.20640500358172825,2.2366658176694596,nan,nan
cifar10,sparsemax,0,29,0.7465825080871582,0.643,0.6406928406949518,1.083712978022439,0.202536493681726,2.2190387339819044,nan,nan
cifar10,sparsemax,1,0,1.7735354900360107,0.4398,0.42151059604445323,1.5289360375631422,0.3695815539076215,2.6014418516840254,nan,nan
cifar10,sparsemax,1,1,1.4836982488632202,0.497,0.48780592010638657,1.3910352877208165,0.33751455382222223,2.546239925566174,nan,nan
cifar10,sparsemax,1,2,1.3750003576278687,0.5242,0.5115066501752975,1.3337338992527552,0.325037121843724,2.5302295571281794,nan,nan
cifar10,sparsemax,1,3,1.3004359006881714,0.5247,0.5186492972656105,1.311485153152829,0.30457326741445634,2.4939016098067874,nan,nan
cifar10,sparsemax,1,4,1.2457833290100098,0.5631,0.5597082048554678,1.2318011965070452,0.28145260583786735,2.4487326985313778,nan,nan
cifar10,sparsemax,1,5,1.1967731714248657,0.5622,0.5564767810187836,1.209940000375112,0.2706224459267798,2.423718630132221,nan,nan
cifar10,sparsemax,1,6,1.1573920249938965,0.5758,0.5666670309786077,1.1920085997808547,0.25628416041533153,2.382817577748072,nan,nan
cifar10,sparsemax,1,7,1.1225858926773071,0.5881,0.5846742108305357,1.1562926513808114,0.2490267873519943,2.3683470669246853,nan,nan
cifar10,sparsemax,1,8,1.0901579856872559,0.6019,0.5975708490149801,1.1354998696418035,0.25561891964503697,2.395785842055366,nan,nan
cifar10,sparsemax,1,9,1.0641382932662964,0.6033,0.5957671313982142,1.1131884450004215,0.23866420771394456,2.349367572580065,nan,nan
cifar10,sparsemax,1,10,1.0396461486816406,0.6156,0.6065802157889786,1.101046979995001,0.23388763389417103,2.339303807985215,nan,nan
cifar10,sparsemax,1,11,1.016060471534729,0.6096,0.6053489696440766,1.122346099785396,0.23294080375205903,2.330542269207182,nan,nan
cifar10,sparsemax,1,12,0.9887068271636963,0.6105,0.6055100951061549,1.0997633536656697,0.23248457717044013,2.338431091535659,nan,nan
cifar10,sparsemax,1,13,0.9717598557472229,0.6124,0.6131059066493084,1.093745151587895,0.21638525674740475,2.26125191620418,nan,nan
cifar10,sparsemax,1,14,0.9484004974365234,0.6316,0.6271108214431275,1.0682026198932102,0.22680880079666774,2.3172617662520634,nan,nan
cifar10,sparsemax,1,15,0.9333104491233826,0.626,0.6266858751947233,1.0759483626910618,0.22129066118172236,2.299253847485497,nan,nan
cifar10,sparsemax,1,16,0.9122207164764404,0.6306,0.6279569100168523,1.0850224875268482,0.21416366298993428,2.2688994101115636,nan,nan
cifar10,sparsemax,1,17,0.9013792872428894,0.6363,0.6337312401235893,1.056219480151222,0.2181902860601743,2.2833909432093304,nan,nan
cifar10,sparsemax,1,18,0.8792822957038879,0.6255,0.6212781032527899,1.0696491116569156,0.22317076531194505,2.3158629156294324,nan,nan
cifar10,sparsemax,1,19,0.8623089790344238,0.6339,0.630073951475028,1.0648624959446136,0.2144369580915996,2.2706543684005736,nan,nan
cifar10,sparsemax,1,20,0.8529905676841736,0.6356,0.6325548155151293,1.063699376015436,0.21844748911403475,2.289091684704735,nan,nan
cifar10,sparsemax,1,21,0.839799702167511,0.6408,0.6380022553276877,1.0572861995015825,0.2148346844173613,2.273524418331328,nan,nan
cifar10,sparsemax,1,22,0.8249302506446838,0.6405,0.6367590123066467,1.0538369178771974,0.21649814588682992,2.2892632756914413,nan,nan
cifar10,sparsemax,1,23,0.815468430519104,0.6341,0.6292393472112954,1.0885464759100052,0.21126940520036788,2.2634635278156825,nan,nan
cifar10,sparsemax,1,24,0.8005489110946655,0.6314,0.6261262226149966,1.108236139161246,0.21496346188443047,2.2844471534093223,nan,nan
cifar10,sparsemax,1,25,0.787002682685852,0.6377,0.6337833483956059,1.0810367737497601,0.2167636200785637,2.2923692918959118,nan,nan
cifar10,sparsemax,1,26,0.7763620018959045,0.6404,0.6362343071722835,1.0766621124176752,0.21321244679746174,2.27789930389041,nan,nan
cifar10,sparsemax,2,0,1.7943220138549805,0.4282,0.41442848169072544,1.559667638369969,0.36867145729206857,2.515203072343554,nan,nan
cifar10,sparsemax,2,1,1.4928703308105469,0.4925,0.4840596508887347,1.3986395540691556,0.3675726790513311,2.6011220710618157,nan,nan
cifar10,sparsemax,2,2,1.3810425996780396,0.5204,0.5203648284159914,1.3291947909763882,0.3381976898227419,2.5828859817414056,nan,nan
cifar10,sparsemax,2,3,1.299631118774414,0.5365,0.5311466918290727,1.2622780067580086,0.3303845956211998,2.598075314930507,nan,nan
cifar10,sparsemax,2,4,1.2436662912368774,0.5561,0.5474052008999102,1.2340386248770214,0.297725317236923,2.4863756997244697,nan,nan
cifar10,sparsemax,2,5,1.197235345840454,0.556,0.5504303709671066,1.2250818133354187,0.28721012274424235,2.4670744822138833,nan,nan
cifar10,sparsemax,2,6,1.1525119543075562,0.5753,0.5762860788431895,1.1752601078578404,0.2640566511523156,2.3930393741244362,nan,nan
cifar10,sparsemax,2,7,1.1189968585968018,0.5913,0.584483127376731,1.1473572946730115,0.2838735052517482,2.474415444192432,nan,nan
cifar10,sparsemax,2,8,1.087128758430481,0.5942,0.5877016049726438,1.1395976373127528,0.2722149207478478,2.4682932717459543,nan,nan
cifar10,sparsemax,2,9,1.0625267028808594,0.5959,0.593519345428111,1.1249011499541146,0.264142594450996,2.4400942030407133,nan,nan
cifar10,sparsemax,2,10,1.028939962387085,0.6062,0.6039724741708774,1.1078358871596201,0.26203140424830573,2.4337668907074703,nan,nan
cifar10,sparsemax,2,11,1.00998854637146,0.6097,0.6051446754501335,1.0921444637434823,0.26223640065817605,2.446556368328276,nan,nan
cifar10,sparsemax,2,12,0.9829456806182861,0.616,0.6112041102809656,1.0904226036298843,0.25795320996216364,2.4301711105165027,nan,nan
cifar10,sparsemax,2,13,0.967145562171936,0.6139,0.6086454051095064,1.1050544988541375,0.25529408085913885,2.4239697876430695,nan,nan
cifar10,sparsemax,2,14,0.9434508681297302,0.6188,0.6181609901574496,1.0858219510033018,0.24902995207480022,2.398249862307594,nan,nan
cifar10,sparsemax,2,15,0.9274630546569824,0.6249,0.6238069128057218,1.0629286380041214,0.246511272305534,2.3891171682448613,nan,nan
cifar10,sparsemax,2,16,0.9048131108283997,0.6222,0.6166148003473715,1.083391765185765,0.2553232464761961,2.428371562276568,nan,nan
cifar10,sparsemax,2,17,0.8989286422729492,0.6274,0.6259674597104274,1.0575091560681662,0.2537164097740537,2.4268217257090976,nan,nan
cifar10,sparsemax,2,18,0.8725279569625854,0.6291,0.6305532116062146,1.0513688223702566,0.24434659289462227,2.3789822022120157,nan,nan
cifar10,sparsemax,2,19,0.8684743642807007,0.6313,0.6300874540449032,1.0498589998199825,0.25397252078567234,2.4311021089553835,nan,nan
cifar10,sparsemax,2,20,0.8394359350204468,0.6344,0.6345568720448317,1.0393331669625783,0.24538676887750627,2.3913845164435252,nan,nan
cifar10,sparsemax,2,21,0.8271052241325378,0.632,0.6325971039854235,1.0646922020685106,0.2380580968090466,2.36574992452349,nan,nan
cifar10,sparsemax,2,22,0.8194437623023987,0.6313,0.6291466727863828,1.0604088016918727,0.2347128159233502,2.3510710750307355,nan,nan
cifar10,sparsemax,2,23,0.7977682948112488,0.6366,0.6349520832227277,1.0591512804939633,0.24125760956889108,2.3838933013734365,nan,nan
cifar10,sparsemax,2,24,0.7893916964530945,0.6405,0.6407400107359242,1.0535767174902417,0.23847793546460924,2.373695146469843,nan,nan
cifar10,sparsemax,2,25,0.7725319266319275,0.6446,0.6427553071720152,1.0754138469696044,0.23889089829864957,2.375729979787554,nan,nan
cifar10,sparsemax,2,26,0.7645887136459351,0.6383,0.6348131132307805,1.0665022884096418,0.23019767162345706,2.341431860696702,nan,nan
cifar10,sparsemax,2,27,0.7499081492424011,0.6416,0.6391859715605694,1.0574723340216137,0.23642512630848658,2.3718667416345505,nan,nan
cifar10,sparsemax,2,28,0.7405437231063843,0.6387,0.6397004834537766,1.0648623636790684,0.2286923064362435,2.3386232943761915,nan,nan
cifar10,sparsemax,2,29,0.7308441400527954,0.644,0.6377819973569754,1.0798741936683656,0.23102251028730755,2.349683176903498,nan,nan
cifar10,sparsemax,3,0,1.78963303565979,0.4352,0.41910687562354365,1.5403667461304438,0.318609886155242,2.49882036617824,nan,nan
cifar10,sparsemax,3,1,1.4843844175338745,0.4977,0.4958838327691411,1.3785333622069587,0.28893722622167495,2.4812466337567285,nan,nan
cifar10,sparsemax,3,2,1.356276035308838,0.5229,0.5218860059651484,1.302515322821481,0.2815545032421748,2.4861990519932338,nan,nan
cifar10,sparsemax,3,3,1.2874161005020142,0.5389,0.5345258971261504,1.2764153843834287,0.26869186815761387,2.4237991457893733,nan,nan
cifar10,sparsemax,3,4,1.238517165184021,0.5552,0.5487504028367983,1.2286689519882201,0.2668216817435764,2.459169131233579,nan,nan
cifar10,sparsemax,3,5,1.198781967163086,0.5571,0.5478677248107782,1.2152389407157898,0.2640507473832085,2.4412884700865973,nan,nan
cifar10,sparsemax,3,6,1.1564099788665771,0.571,0.5628045802656187,1.1815646654083616,0.25174879211755025,2.3849004030227663,nan,nan
cifar10,sparsemax,3,7,1.1262898445129395,0.5811,0.5704112088370726,1.1598813993590218,0.25117999882925124,2.37327652658735,nan,nan
cifar10,sparsemax,3,8,1.085968255996704,0.5957,0.5919073435130573,1.1270337093444098,0.2440942808276131,2.37389075756073,nan,nan
cifar10,sparsemax,3,9,1.0629628896713257,0.6049,0.5965179527209504,1.1114079367546807,0.24932815695092791,2.384168731598627,nan,nan
cifar10,sparsemax,3,10,1.0355603694915771,0.6034,0.6046013371789589,1.1041962436267307,0.24716655895823525,2.3948971396400816,nan,nan
cifar10,sparsemax,3,11,1.0106898546218872,0.605,0.6009257028465059,1.0995493553933644,0.23761432923021772,2.357964507738749,nan,nan
cifar10,sparsemax,3,12,0.9828158617019653,0.6093,0.6093855501026185,1.097376973856063,0.2412822520449048,2.364581372624352,nan,nan
cifar10,sparsemax,3,13,0.9689220786094666,0.6244,0.6193652324548962,1.0783857907567704,0.2355030675729116,2.347692981220427,nan,nan
cifar10,sparsemax,3,14,0.9413760304450989,0.6246,0.6233689037667017,1.0620300400824774,0.2353011190891266,2.3451446567262924,nan,nan
cifar10,sparsemax,3,15,0.9278869032859802,0.6325,0.6334171910660421,1.0445085128148397,0.22294109030848458,2.29007849806831,nan,nan
cifar10,sparsemax,3,16,0.9094619154930115,0.6369,0.635789110937861,1.0322079363323393,0.22479950139919916,2.3053765819186256,nan,nan
cifar10,sparsemax,3,17,0.8941816091537476,0.6409,0.6338996276002316,1.0348703770410448,0.22613740279560998,2.3158390703655423,nan,nan
cifar10,sparsemax,3,18,0.8701950311660767,0.6331,0.6339507634160656,1.0530514683042254,0.22560554224820364,2.3166227488290696,nan,nan
cifar10,sparsemax,3,19,0.8571164011955261,0.6316,0.6280694815233259,1.0523154139518738,0.22478338742539997,2.314800356683277,nan,nan
cifar10,sparsemax,3,20,0.8401445746421814,0.6432,0.6428299530264989,1.0180835326512654,0.22662514526219596,2.3262288661230177,nan,nan
cifar10,sparsemax,3,21,0.8268002271652222,0.6407,0.64045576586805,1.0378548554011753,0.21649002120608374,2.2786823284058344,nan,nan
cifar10,sparsemax,3,22,0.81288743019104,0.6446,0.6438257509136374,1.0351834989729383,0.2274303539168267,2.331429356620425,nan,nan
cifar10,sparsemax,3,23,0.80058354139328,0.6429,0.6414179470791155,1.0334997506368728,0.22258408658561252,2.3109778074991136,nan,nan
cifar10,sparsemax,3,24,0.7934485077857971,0.6464,0.6412858290290231,1.035574617839995,0.22029027420850028,2.2959926094327656,nan,nan
cifar10,sparsemax,3,25,0.7790970802307129,0.6393,0.64027251041113,1.0315297234626044,0.2146839528566315,2.275894247917902,nan,nan
cifar10,sparsemax,3,26,0.7651311159133911,0.6379,0.6359545824565956,1.0515221380052113,0.21731097811744327,2.2885125285103207,nan,nan
cifar10,sparsemax,3,27,0.7590275406837463,0.6434,0.6418164821353957,1.053399844396682,0.22492531502530688,2.3247767618724278,nan,nan
cifar10,sparsemax,3,28,0.7454803586006165,0.6536,0.6522126613916199,1.0170843198185875,0.2258286850793021,2.330897808074951,nan,nan
cifar10,sparsemax,3,29,0.7296060919761658,0.6452,0.6467488880729191,1.0420823284557887,0.2214305769119944,2.31104336806706,nan,nan
cifar10,sparsemax,4,0,1.817872405052185,0.4088,0.3836672762245782,1.5889992452803112,0.30810035928374246,2.474425842648461,nan,nan
cifar10,sparsemax,4,1,1.5050716400146484,0.4839,0.48093234628041015,1.4254143703551518,0.2558544767044839,2.3420333056222824,nan,nan
cifar10,sparsemax,4,2,1.3699495792388916,0.5253,0.5233636628522652,1.3064538876215617,0.22453232606252035,2.2621826353527252,nan,nan
cifar10,sparsemax,4,3,1.296952724456787,0.5288,0.5139568465311564,1.2894192127954391,0.2236692454133715,2.277400933560871,nan,nan
cifar10,sparsemax,4,4,1.2378565073013306,0.5532,0.5511232977910254,1.2348566895439512,0.22490768276509784,2.283611171586173,nan,nan
cifar10,sparsemax,4,5,1.1910591125488281,0.5595,0.5560792924085988,1.2175899971099127,0.21744083478337242,2.267173562731062,nan,nan
cifar10,sparsemax,4,6,1.1578395366668701,0.5689,0.5666229286574509,1.189544549442473,0.20620011595033463,2.212547482763018,nan,nan
cifar10,sparsemax,4,7,1.1216412782669067,0.5761,0.5728575613053918,1.1681687633196514,0.2073820363907587,2.226788971537635,nan,nan
cifar10,sparsemax,4,8,1.0915560722351074,0.5998,0.5983880646824978,1.1210757692654927,0.19790593399887993,2.1786994968141826,nan,nan
cifar10,sparsemax,4,9,1.067481517791748,0.6026,0.5967385106178,1.116882752804529,0.20372765894447054,2.2106239432380312,nan,nan
cifar10,sparsemax,4,10,1.0360182523727417,0.5952,0.5851340181824266,1.1398003623599098,0.20788792705252057,2.2426421415238154,nan,nan
cifar10,sparsemax,4,11,1.0155185461044312,0.6017,0.597868731659756,1.1218959439368474,0.20500134258043198,2.218275229136149,nan,nan
cifar10,sparsemax,4,12,0.9904538989067078,0.6105,0.6118385718788468,1.0864736755688986,0.2025521721868288,2.2128040029889062,nan,nan
cifar10,sparsemax,4,13,0.9737428426742554,0.6149,0.6130126199644162,1.0686848384993417,0.20377868570032573,2.2161585728327435,nan,nan
cifar10,sparsemax,4,14,0.9495512247085571,0.6158,0.6124754305731481,1.0817995037351336,0.2069610724846522,2.234356542995998,nan,nan
cifar10,sparsemax,4,15,0.9296503663063049,0.6127,0.6144436447033483,1.0977282654671443,0.201485689835889,2.2074996278399515,nan,nan
cifar10,sparsemax,4,16,0.9109727740287781,0.6259,0.6206615554887552,1.0720485965410869,0.2023806128473509,2.212094001542954,nan,nan
cifar10,sparsemax,4,17,0.8911082744598389,0.622,0.6220206830009265,1.0763790488243103,0.20360683025348755,2.2149169354211717,nan,nan
cifar10,sparsemax,4,18,0.8831823468208313,0.621,0.620043416672654,1.0595774792489552,0.20750754752329417,2.2395913646334695,nan,nan
cifar10,sparsemax,4,19,0.8605523705482483,0.6156,0.6117703880794063,1.074543901852199,0.20125401623192288,2.2065995352608816,nan,nan
cifar10,sparsemax,4,20,0.8449671268463135,0.6259,0.6227080248687532,1.0720489802814666,0.1996505577649389,2.2001320316678004,nan,nan
cifar10,sparsemax,4,21,0.8350025415420532,0.6191,0.6123997702894721,1.1002584934234618,0.2026784490261759,2.2110582760402133,nan,nan
cifar10,sparsemax,5,0,1.7995235919952393,0.4239,0.4088024186686476,1.6041891449973698,0.30451934656926566,2.4291576845305305,nan,nan
cifar10,sparsemax,5,1,1.514519214630127,0.4761,0.475276749648822,1.4205183994202386,0.27719995904536476,2.415701358658927,nan,nan
cifar10,sparsemax,5,2,1.3852893114089966,0.5092,0.5020519218923081,1.3341229597727458,0.2601219579577446,2.370152735710144,nan,nan
cifar10,sparsemax,5,3,1.3113268613815308,0.5419,0.5405693626015065,1.2717666694096157,0.2510652368267377,2.3419713570958094,nan,nan
cifar10,sparsemax,5,4,1.2502504587173462,0.5446,0.5452790505345055,1.2546441475550334,0.24311611347255252,2.327744684332893,nan,nan
cifar10,sparsemax,5,5,1.2104851007461548,0.5596,0.5578419221535419,1.2165988496371678,0.23938515612057276,2.313918950444176,nan,nan
cifar10,sparsemax,5,6,1.1750869750976562,0.5718,0.5697040799646406,1.1970232146126882,0.23610247373580934,2.3183398167292277,nan,nan
cifar10,sparsemax,5,7,1.140184760093689,0.5853,0.5840780979616799,1.1592609093302773,0.2219323069566772,2.2556116688819157,nan,nan
cifar10,sparsemax,5,8,1.1074938774108887,0.5837,0.583794125857444,1.168455379349845,0.22481151790845963,2.2764014760653177,nan,nan
cifar10,sparsemax,5,9,1.0809355974197388,0.5824,0.5811610496665419,1.1668558529445103,0.22399221772239322,2.2791159221104214,nan,nan
cifar10,sparsemax,5,10,1.0503166913986206,0.589,0.5804873742502761,1.1510620849473137,0.23272302037193662,2.330067882083711,nan,nan
cifar10,sparsemax,5,11,1.028469443321228,0.5897,0.591124312473476,1.1346927983420236,0.21593899513993944,2.2513139650935217,nan,nan
cifar10,sparsemax,5,12,1.0048574209213257,0.6035,0.6022731472421726,1.1227024089722406,0.22712858078025636,2.2937214698110306,nan,nan
cifar10,sparsemax,5,13,0.9813156723976135,0.6013,0.5978400230699903,1.111127165385655,0.22329276267971312,2.298398434548151,nan,nan
cifar10,sparsemax,5,14,0.9720895290374756,0.6084,0.6051698953723847,1.1362398283822195,0.22854570696751278,2.315307844252813,nan,nan
cifar10,sparsemax,5,15,0.9469295144081116,0.6144,0.6155045509148954,1.1068195303281148,0.2223970088220778,2.2993055320921396,nan,nan
cifar10,sparsemax,5,16,0.9250459671020508,0.619,0.6233500278996058,1.1002633736247107,0.23092770732584453,2.3406861623128257,nan,nan
cifar10,sparsemax,5,17,0.9110391139984131,0.6197,0.6164764708675627,1.0999826119059608,0.2246584347316197,2.305342816171192,nan,nan
cifar10,sparsemax,5,18,0.8975269198417664,0.6183,0.6146053814214405,1.0961066121146792,0.21372734776565006,2.259068237032209,nan,nan
cifar10,sparsemax,5,19,0.8772297501564026,0.6222,0.6223877720598285,1.0934052115394957,0.22085481718892142,2.3038436378751483,nan,nan
cifar10,sparsemax,5,20,0.8589106202125549,0.6286,0.6282067562803285,1.0799814031237647,0.22635479555243537,2.3271263803754536,nan,nan
cifar10,sparsemax,5,21,0.8492996096611023,0.6239,0.6207512493722811,1.099095786753155,0.21432633080652783,2.2638598464784168,nan,nan
cifar10,sparsemax,5,22,0.8334131240844727,0.6143,0.6171499297402218,1.1192470317795162,0.22420990438688368,2.3204941953931537,nan,nan
cifar10,sparsemax,5,23,0.8228569030761719,0.6242,0.6224526663306653,1.0828421411060152,0.2237020920429911,2.3146727879842124,nan,nan
cifar10,sparsemax,5,24,0.8058452606201172,0.6289,0.6270382616874494,1.101856960001446,0.21189294365190325,2.2620752629779632,nan,nan
cifar10,sparsemax,5,25,0.8005715012550354,0.6316,0.6360139610824164,1.0813192055338905,0.214826733370622,2.2749488966805593,nan,nan
cifar10,sparsemax,5,26,0.7851663827896118,0.6305,0.6277396017405812,1.0965299350874764,0.21415411162944067,2.2708080904824395,nan,nan
cifar10,sparsemax,5,27,0.7826547622680664,0.6284,0.6284149409928833,1.088442805835179,0.2151928932893844,2.277044267881484,nan,nan
cifar10,sparsemax,5,28,0.7716965079307556,0.6313,0.6310073123416313,1.082829938048408,0.21922935893138248,2.297295597621373,nan,nan
cifar10,sparsemax,5,29,0.7549112439155579,0.6328,0.6306552842256153,1.0976498626527331,0.21954265435536702,2.2963126386914934,nan,nan
cifar10,sparsemax,6,0,1.7932171821594238,0.4366,0.420366746076978,1.534887797491891,0.31745696798676537,2.4854846812429883,nan,nan
cifar10,sparsemax,6,1,1.493165373802185,0.4884,0.48096016585410073,1.3997215974898565,0.28929869731267294,2.421344384692964,nan,nan
cifar10,sparsemax,6,2,1.3749178647994995,0.5267,0.5217888435311385,1.3173769439969745,0.2814508679367247,2.4306226157006763,nan,nan
cifar10,sparsemax,6,3,1.2963860034942627,0.5489,0.5413106377882563,1.2552879271053132,0.26630151122808454,2.399225953079405,nan,nan
cifar10,sparsemax,6,4,1.238554835319519,0.5582,0.556021809016382,1.2296501074518476,0.2447491235676266,2.3328830809820267,nan,nan
cifar10,sparsemax,6,5,1.195881724357605,0.5821,0.5768348606543648,1.1699922470819382,0.2544327139854431,2.3807927812848773,nan,nan
cifar10,sparsemax,6,6,1.154700756072998,0.5985,0.5963089658186088,1.134073669569833,0.24549285506918317,2.3632203522182644,nan,nan
cifar10,sparsemax,6,7,1.1173256635665894,0.5898,0.592524672328333,1.1573897163073221,0.24519416994991758,2.369249523253668,nan,nan
cifar10,sparsemax,6,8,1.0861365795135498,0.6025,0.5941966623828219,1.129346944036938,0.24764486898978552,2.394690804254441,nan,nan
cifar10,sparsemax,6,9,1.0643930435180664,0.6082,0.6063818168363169,1.1099918320065454,0.23900957313321886,2.348591031347002,nan,nan
cifar10,sparsemax,6,10,1.0353721380233765,0.6145,0.6149708067909218,1.0865472072646731,0.24112341964528675,2.3684061947323025,nan,nan
cifar10,sparsemax,6,11,1.009208083152771,0.623,0.6229631181622273,1.081461004416148,0.245118429121517,2.3872540201459613,nan,nan
cifar10,sparsemax,6,12,0.9909281134605408,0.6231,0.6188723938623346,1.067186465149834,0.23299308646292913,2.334106701896304,nan,nan
cifar10,sparsemax,6,13,0.9654777646064758,0.6299,0.6287611932523826,1.0563812630517142,0.2287633538246155,2.314113794054304,nan,nan
cifar10,sparsemax,6,14,0.9498717188835144,0.6354,0.6318470255408131,1.0520990161668686,0.23076483727920624,2.3377724920000347,nan,nan
cifar10,sparsemax,6,15,0.9244670271873474,0.6398,0.6364835918283306,1.0664726223264422,0.23322131023520515,2.344262383097694,nan,nan
cifar10,sparsemax,6,16,0.9049277901649475,0.6435,0.6410318697366171,1.0368367989857992,0.2285787454673222,2.335655062539237,nan,nan
cifar10,sparsemax,6,17,0.8892627954483032,0.636,0.6321280451292849,1.0576001553308396,0.22843424273388727,2.3336100271769933,nan,nan
cifar10,sparsemax,6,18,0.8716226816177368,0.6462,0.6467770971613709,1.015310777936663,0.2357106597650619,2.3689474911916824,nan,nan
cifar10,sparsemax,6,19,0.860518217086792,0.6423,0.640337616803965,1.0273156058220636,0.2298287264647938,2.345372000194731,nan,nan
cifar10,sparsemax,6,20,0.8452607989311218,0.6464,0.642496304621584,1.0352474638393947,0.22628994158336094,2.333431029319763,nan,nan
cifar10,sparsemax,6,21,0.8298448324203491,0.6446,0.6432936254488855,1.0277446673029944,0.22474686396973473,2.326278763725644,nan,nan
cifar10,sparsemax,6,22,0.8143115043640137,0.652,0.6458098956645167,1.0360971938996089,0.23254213765973136,2.362696823619661,nan,nan
cifar10,sparsemax,6,23,0.8001249432563782,0.6425,0.6396272477934911,1.0408465226491292,0.22849825819333394,2.3435690334865025,nan,nan
cifar10,sparsemax,6,24,0.7894799113273621,0.6498,0.6492589918803289,1.0332784221285864,0.21823325937702542,2.2965416579019458,nan,nan
cifar10,sparsemax,6,25,0.7776061296463013,0.6494,0.6454347555783728,1.045938509418851,0.22551244625023434,2.331142109916324,nan,nan
cifar10,sparsemax,6,26,0.7696433663368225,0.6588,0.6588931691742694,1.011394686925979,0.23619950534332365,2.3819134485153923,nan,nan
cifar10,sparsemax,6,27,0.7533580660820007,0.6494,0.6478830736381817,1.0291617722738358,0.2193696330700602,2.3067254248119538,nan,nan
cifar10,sparsemax,6,28,0.7412751317024231,0.6565,0.6548752643303702,1.0522601859910148,0.22659618116560437,2.3431144782475064,nan,nan
cifar10,sparsemax,6,29,0.735225260257721,0.6523,0.6520412785575572,1.0200000791322617,0.2262829533645085,2.339129966781253,nan,nan
cifar10,sparsemax,7,0,1.7648221254348755,0.4375,0.4189873891397684,1.5351270005816504,0.36800220583875975,2.494990277290344,nan,nan
cifar10,sparsemax,7,1,1.4812965393066406,0.5048,0.49841586432986107,1.3694603931336176,0.3118696226605347,2.3421905619757517,nan,nan
cifar10,sparsemax,7,2,1.3801876306533813,0.4822,0.4694789907362245,1.4181740318025862,0.2874543613975956,2.311400842098963,nan,nan
cifar10,sparsemax,7,3,1.3052374124526978,0.5456,0.5392560155507966,1.2534634113311767,0.2878093847206661,2.3705291310946146,nan,nan
cifar10,sparsemax,7,4,1.248008131980896,0.5642,0.5622079621263824,1.2044539616221472,0.27213005551270075,2.3303742056801204,nan,nan
cifar10,sparsemax,7,5,1.2023003101348877,0.567,0.5621526467895607,1.1933550499734424,0.2713955476170494,2.3190758478073845,nan,nan
cifar10,sparsemax,7,6,1.1659914255142212,0.5733,0.5725946112465075,1.2051991598946707,0.2680860761375654,2.3536956667900086,nan,nan
cifar10,sparsemax,7,7,1.1364268064498901,0.5914,0.5901249437269337,1.152574784982772,0.26284601212967007,2.329789297921317,nan,nan
cifar10,sparsemax,7,8,1.1010762453079224,0.5965,0.5916674724630273,1.1294422671908424,0.25775729495854605,2.3143020556086586,nan,nan
cifar10,sparsemax,7,9,1.0697870254516602,0.6071,0.602655692409055,1.1079797716367812,0.2504932831440653,2.288004618031638,nan,nan
cifar10,sparsemax,7,10,1.0417661666870117,0.6068,0.6067163799125079,1.110894995643979,0.24004704164607185,2.27456264041719,nan,nan
cifar10,sparsemax,7,11,1.0158742666244507,0.6167,0.6153298391733766,1.0971216496967133,0.2546595617419197,2.31330463545663,nan,nan
cifar10,sparsemax,7,12,0.9926972985267639,0.6189,0.620829322621446,1.0978946123804365,0.25164903948704404,2.3231543512571426,nan,nan
cifar10,sparsemax,7,13,0.9728482961654663,0.6174,0.6166714956710142,1.075823972338722,0.24800886802730107,2.30103873865945,nan,nan
cifar10,sparsemax,7,14,0.9529120326042175,0.6223,0.6189881057964081,1.0851591933341254,0.23978885582515172,2.287702325412205,nan,nan
cifar10,sparsemax,7,15,0.9337879419326782,0.6279,0.6274075232271503,1.0672608687764122,0.2399080649727867,2.286764277163006,nan,nan
cifar10,sparsemax,7,16,0.9108040928840637,0.629,0.626914992206978,1.071040373756772,0.2375213716711317,2.2924260270027887,nan,nan
cifar10,sparsemax,7,17,0.8975626826286316,0.6229,0.6221674648533748,1.0995682966141473,0.2503146651245299,2.3449557486034576,nan,nan
cifar10,sparsemax,7,18,0.8849641680717468,0.6312,0.627165188852125,1.0650637921832857,0.24318826454026357,2.3130105308123996,nan,nan
cifar10,sparsemax,7,19,0.868004560470581,0.6334,0.6328781996719138,1.0726657907168071,0.24346083175568353,2.3332623731522335,nan,nan
cifar10,sparsemax,7,20,0.8475304841995239,0.6364,0.634232271520189,1.0470799735614231,0.23757172645557495,2.301187098593939,nan,nan
cifar10,sparsemax,7,21,0.8361334204673767,0.6413,0.6407651162206212,1.0544795967283702,0.24278959539674577,2.331558119683039,nan,nan
cifar10,sparsemax,7,22,0.8234711289405823,0.6356,0.6338446689002455,1.062473930631365,0.24325578049534843,2.331301015899295,nan,nan
cifar10,sparsemax,7,23,0.8121198415756226,0.6393,0.6342267624503285,1.0743408486956643,0.230336737207004,2.2822214569364276,nan,nan
cifar10,sparsemax,7,24,0.7995513677597046,0.6451,0.6432485168061887,1.0430689959298998,0.2342706676749956,2.304199952170962,nan,nan
cifar10,sparsemax,7,25,0.7829192876815796,0.6422,0.6403358289323395,1.0696856305712745,0.23544384432690485,2.3125125135694233,nan,nan
cifar10,sparsemax,7,26,0.7697867751121521,0.6427,0.6416368273892699,1.0643234281312852,0.23401952506530851,2.308913236572629,nan,nan
cifar10,sparsemax,7,27,0.7634363174438477,0.648,0.6462841099281891,1.0560526984078544,0.23215640428520384,2.305430224963597,nan,nan
cifar10,sparsemax,7,28,0.7514778971672058,0.6496,0.6455017847460806,1.045901149795169,0.2339910755554835,2.3199558814366656,nan,nan
cifar10,sparsemax,7,29,0.7385635375976562,0.654,0.6523102708532394,1.0599878288450695,0.23799049393052146,2.3382602419172014,nan,nan
cifar10,sparsemax,8,0,1.7781240940093994,0.4246,0.4064798127940305,1.5645082746233259,0.30419967092928435,2.367843235106695,nan,nan
cifar10,sparsemax,8,1,1.490612506866455,0.4909,0.4927531799273754,1.4163022790636335,0.23812728978338696,2.247758428255717,nan,nan
cifar10,sparsemax,8,2,1.3856641054153442,0.5134,0.5088809351148782,1.3439436265400477,0.23379737968955722,2.2256943186124167,nan,nan
cifar10,sparsemax,8,3,1.3091703653335571,0.5311,0.5291570892961796,1.2912223952157156,0.22977376069341388,2.266903155190604,nan,nan
cifar10,sparsemax,8,4,1.2578256130218506,0.5547,0.5529375592804796,1.2356388994625636,0.21434780983697801,2.2040740467253186,nan,nan
cifar10,sparsemax,8,5,1.2052234411239624,0.5571,0.560377099516891,1.2332526241030013,0.20819074178025837,2.1780969631104243,nan,nan
cifar10,sparsemax,8,6,1.1724581718444824,0.569,0.5624670912524377,1.1991700677644639,0.19889047841231028,2.1275380429767425,nan,nan
cifar10,sparsemax,8,7,1.1427022218704224,0.5759,0.5734928294126099,1.1727204073043096,0.20801215554986682,2.186283432869684,nan,nan
cifar10,sparsemax,8,8,1.113416314125061,0.5744,0.5756805762858014,1.1764563339097158,0.20172877744549797,2.157168371904464,nan,nan
cifar10,sparsemax,8,9,1.085844874382019,0.5889,0.5873405648171579,1.1478941253253392,0.19997948791299547,2.16125354993911,nan,nan
cifar10,sparsemax,8,10,1.0551481246948242,0.5994,0.5992313399453412,1.1227668245633444,0.19726653808639164,2.148599117710477,nan,nan
cifar10,sparsemax,8,11,1.038038969039917,0.596,0.6004874945024543,1.1478108337947301,0.20561220113720213,2.18627659820375,nan,nan
cifar10,sparsemax,8,12,1.0128839015960693,0.5937,0.5931670805790058,1.1325485547383627,0.19552320334173384,2.1456576029459637,nan,nan
cifar10,sparsemax,8,13,0.9963111877441406,0.6005,0.5951946744843639,1.1321077903111776,0.2039911136031151,2.193800331297375,nan,nan
cifar10,sparsemax,8,14,0.9723342061042786,0.6067,0.6110854397466998,1.1143847902615864,0.19373391135817483,2.14143138499487,nan,nan
cifar10,sparsemax,8,15,0.9533475637435913,0.6049,0.6078273567235589,1.1120770783651444,0.19635319617532548,2.155688206354777,nan,nan
cifar10,sparsemax,8,16,0.9325879216194153,0.6108,0.6098268880470554,1.1204777240753174,0.19722932924826939,2.1617379222597393,nan,nan
cifar10,sparsemax,8,17,0.9194316864013672,0.6141,0.6155794864114865,1.092617626417251,0.20220337410767872,2.1905486606416247,nan,nan
cifar10,sparsemax,8,18,0.9074175357818604,0.6195,0.6170567068806688,1.095127470720382,0.19917295759632475,2.1697807459604173,nan,nan
cifar10,sparsemax,8,19,0.8840186595916748,0.6247,0.6223750383878628,1.071235966682434,0.20032181988159817,2.1803624629974365,nan,nan
cifar10,sparsemax,8,20,0.867850661277771,0.6216,0.6223723367522892,1.1028895162400745,0.19546239929539816,2.1533313558215186,nan,nan
cifar10,sparsemax,8,21,0.8588953614234924,0.6257,0.6233095496626755,1.0831445007097154,0.200164005727995,2.1792959497088478,nan,nan
cifar10,sparsemax,8,22,0.8436428308486938,0.627,0.6296522338718787,1.0628439381009056,0.2030896159155028,2.1915785471598306,nan,nan
cifar10,sparsemax,8,23,0.8277171850204468,0.6215,0.6194258558290827,1.0859027612776984,0.19721361448367436,2.169523714837574,nan,nan
cifar10,sparsemax,8,24,0.8126972317695618,0.6283,0.628100133117121,1.1016907453536988,0.19415201849880673,2.1477186872845606,nan,nan
cifar10,sparsemax,8,25,0.8060038685798645,0.621,0.6236728482797914,1.0936086467334203,0.19637524755228133,2.1627760819026403,nan,nan
cifar10,sparsemax,8,26,0.7912497520446777,0.6311,0.6305464288089375,1.094253715447017,0.2023194541533788,2.1958241837365287,nan,nan
cifar10,sparsemax,8,27,0.7868051528930664,0.6255,0.6276820335842836,1.1011433987390427,0.19743300442184722,2.1697631347747075,nan,nan
cifar10,sparsemax,8,28,0.7722243070602417,0.6207,0.6245856906950484,1.1062033102625892,0.19956834202721005,2.18018616267613,nan,nan
cifar10,sparsemax,8,29,0.7664892673492432,0.629,0.6285587675141168,1.0991702834765116,0.1966936149767467,2.171128439903259,nan,nan
cifar10,sparsemax,9,0,1.771901249885559,0.4187,0.3983510740052224,1.5798338447298323,0.2918645988262835,2.34976072765532,nan,nan
cifar10,sparsemax,9,1,1.4778108596801758,0.4902,0.48797974082592094,1.4046717007954916,0.30261385987202327,2.430120015144348,nan,nan
cifar10,sparsemax,9,2,1.3705475330352783,0.5147,0.5124503001955603,1.332537653332665,0.277211470192387,2.3788949750718618,nan,nan
cifar10,sparsemax,9,3,1.3028135299682617,0.5266,0.5219553428004375,1.3280308570180621,0.2659495091154462,2.3665894071261087,nan,nan
cifar10,sparsemax,9,4,1.2435046434402466,0.5509,0.5454427719881825,1.2532600056557428,0.24169852016937166,2.303523283913022,nan,nan
cifar10,sparsemax,9,5,1.2098554372787476,0.5628,0.5578934522829161,1.2236264319646926,0.2374893987462634,2.31236659742537,nan,nan
cifar10,sparsemax,9,6,1.1649795770645142,0.5773,0.5789745506447279,1.1939944136710394,0.23636295064574198,2.3131159504254657,nan,nan
cifar10,sparsemax,9,7,1.1348977088928223,0.5798,0.5754009107101817,1.1698141211555118,0.2382035323551723,2.314417015938532,nan,nan
cifar10,sparsemax,9,8,1.1012094020843506,0.5837,0.5754846192080596,1.1710275133450827,0.23003564193135217,2.286374509334564,nan,nan
cifar10,sparsemax,9,9,1.0791783332824707,0.6026,0.6042611012538983,1.1271076582726978,0.2107597597298168,2.200389944371723,nan,nan
cifar10,sparsemax,9,10,1.0516016483306885,0.606,0.6022335108371178,1.1104069641658239,0.22292603424617222,2.274957287879217,nan,nan
cifar10,sparsemax,9,11,1.0238603353500366,0.6141,0.6146656376414297,1.0900640998567854,0.2138654472572463,2.2420507998693555,nan,nan
cifar10,sparsemax,9,12,0.999197781085968,0.6176,0.6130085934785884,1.0881785636856443,0.21829787847541626,2.2683788833164034,nan,nan
cifar10,sparsemax,9,13,0.9798542261123657,0.6141,0.6147786321090899,1.0898708468391782,0.2084078095498539,2.2148158152898154,nan,nan
cifar10,sparsemax,9,14,0.957966148853302,0.6216,0.6228508446168415,1.0672916633742195,0.2209083963008154,2.2781869411468505,nan,nan
cifar10,sparsemax,9,15,0.933663010597229,0.6286,0.6287736457012097,1.0554614203316826,0.2151477153812136,2.2614074162074496,nan,nan
cifar10,sparsemax,9,16,0.9140350818634033,0.6309,0.6315112776517287,1.055648142383212,0.21489012894176301,2.250180100259327,nan,nan
cifar10,sparsemax,9,17,0.8970574736595154,0.6347,0.6330940506719381,1.0433494874409266,0.21899260523773376,2.2809809843699136,nan,nan
cifar10,sparsemax,9,18,0.881548285484314,0.6358,0.6362786110578792,1.051231196380797,0.21149890933718,2.2474928231466382,nan,nan
cifar10,sparsemax,9,19,0.8629894852638245,0.6224,0.6183413191061324,1.089087404523577,0.20649353776659285,2.2146019163585846,nan,nan
cifar10,sparsemax,9,20,0.8464842438697815,0.6342,0.6323918131555513,1.055493652252924,0.20719429006179174,2.222123426482791,nan,nan
cifar10,sparsemax,9,21,0.8347928524017334,0.6394,0.6377410383940074,1.0389874617258708,0.21625554802871885,2.2682730175199963,nan,nan
cifar10,sparsemax,9,22,0.8224932551383972,0.6352,0.6364253063836947,1.0526976994105748,0.21190461324793952,2.2478554634820846,nan,nan
cifar10,sparsemax,9,23,0.805820643901825,0.6387,0.6395945201964075,1.0420036611102876,0.20691715812399275,2.2242412873676844,nan,nan
cifar10,sparsemax,9,24,0.800691545009613,0.6428,0.6430394776040874,1.04182600520906,0.21128954596462704,2.2466744320733207,nan,nan
cifar10,sparsemax,9,25,0.7771741151809692,0.646,0.6469066899633354,1.0434594937733241,0.2078192610825811,2.23019528729575,nan,nan
cifar10,sparsemax,9,26,0.7703278064727783,0.6389,0.6410773835750513,1.065451028801146,0.21508160921789352,2.2620671136038646,nan,nan
cifar10,sparsemax,9,27,0.7578511834144592,0.648,0.6473261927625005,1.0467355393228077,0.21634936339798427,2.2686877193905057,nan,nan
cifar10,sparsemax,9,28,0.751930296421051,0.6389,0.6344356848297711,1.068313805829911,0.21345370631842386,2.2583311296644664,nan,nan
cifar10,sparsemax,9,29,0.7415414452552795,0.6458,0.644687948850484,1.0484628773870923,0.21390306928328107,2.2597118638810656,nan,nan
cifar10,entmax15,0,0,1.80870521068573,0.4056,0.3899712713702826,1.647835520335606,0.693521112203598,3.2438550336020335,nan,nan
cifar10,entmax15,0,1,1.5089739561080933,0.465,0.45798826872152176,1.496766550200326,0.6726850875786372,3.197814396449498,nan,nan
cifar10,entmax15,0,2,1.3867454528808594,0.5054,0.4995252229283597,1.3737017892655872,0.6593920676481156,3.150079857735407,nan,nan
cifar10,entmax15,0,3,1.3097094297409058,0.5342,0.5326980290689336,1.2987764971596854,0.6546922766026997,3.115598033723377,nan,nan
cifar10,entmax15,0,4,1.251639485359192,0.556,0.5501101513046504,1.2399196068445841,0.6311477502187093,3.0501128991444904,nan,nan
cifar10,entmax15,0,5,1.2047492265701294,0.5716,0.5693189420267469,1.1849676921254113,0.6315657567410242,3.0506080320903233,nan,nan
cifar10,entmax15,0,6,1.1600409746170044,0.5752,0.5730459062794393,1.1850363515672229,0.6295026302337646,3.037242115111578,nan,nan
cifar10,entmax15,0,7,1.1271048784255981,0.5903,0.5884809093147488,1.1358568185851687,0.6474107427256448,3.094105168751308,nan,nan
cifar10,entmax15,0,8,1.0890989303588867,0.5888,0.5866809772098013,1.1373531466438658,0.6246541542666298,3.0218384254546393,nan,nan
cifar10,entmax15,0,9,1.0599652528762817,0.6045,0.6036364562930561,1.1102398963201614,0.6203480543125244,3.0094457887467883,nan,nan
cifar10,entmax15,0,10,1.0343421697616577,0.6137,0.61121422833659,1.0901995902969723,0.6298774707885015,3.06371344044095,nan,nan
cifar10,entmax15,0,11,1.0059641599655151,0.612,0.609182339650418,1.1123424087251936,0.6374266210056486,3.093172840845017,nan,nan
cifar10,entmax15,0,12,0.9838189482688904,0.597,0.5994205230270389,1.1271671079453969,0.6147805181287583,2.989778032756987,nan,nan
cifar10,entmax15,0,13,0.9621143341064453,0.6345,0.6347164053878127,1.0481959751674108,0.6371774520192828,3.0739633526120866,nan,nan
cifar10,entmax15,0,14,0.9328826665878296,0.6291,0.6255953118600148,1.0533323668298267,0.641454233442034,3.090480048315866,nan,nan
cifar10,entmax15,0,15,0.9188635349273682,0.634,0.6321831162128502,1.0606796219235375,0.6305778361502148,3.0889168455487206,nan,nan
cifar10,entmax15,0,16,0.8956014513969421,0.6449,0.6440705844429553,1.0258669949713208,0.628293833562306,3.0520536365963165,nan,nan
cifar10,entmax15,0,17,0.884878933429718,0.6428,0.6416432815929769,1.036716494106111,0.6241529473236629,3.0461596681958154,nan,nan
cifar10,entmax15,0,18,0.8594022989273071,0.6418,0.6431932856044187,1.0293966361454554,0.6180703651337397,3.0291958729426067,nan,nan
cifar10,entmax15,0,19,0.8448271155357361,0.6471,0.6506495304067332,1.0138120231174288,0.6207604584239778,3.0231134823390415,nan,nan
cifar10,entmax15,0,20,0.8307360410690308,0.6413,0.6448497407093361,1.025713082154592,0.6311397623448145,3.053681400844029,nan,nan
cifar10,entmax15,0,21,0.8171507716178894,0.6486,0.6461483229880309,1.0248531727563768,0.6229539678210304,3.0353096258072627,nan,nan
cifar10,entmax15,0,22,0.8060204982757568,0.6501,0.6491342195735237,1.0051276121820722,0.614166678133465,3.0253464301427204,nan,nan
cifar10,entmax15,0,23,0.7882270812988281,0.6532,0.652517117928085,1.0147580867721921,0.6249205396288917,3.0423745722997757,nan,nan
cifar10,entmax15,0,24,0.7834806442260742,0.6469,0.6495977041566233,1.0315136018253508,0.6053008058241436,2.9899097692398797,nan,nan
cifar10,entmax15,0,25,0.7680066227912903,0.65,0.6471160673807159,1.025334820860908,0.6016078675077075,2.977408454531715,nan,nan
cifar10,entmax15,0,26,0.7571779489517212,0.656,0.6556505888494303,1.0243168762751989,0.6217069315058844,3.034650602794829,nan,nan
cifar10,entmax15,0,27,0.7422000765800476,0.6541,0.6549012840260809,1.0141041426431565,0.6097748219966889,3.0008263758250644,nan,nan
cifar10,entmax15,0,28,0.7391155362129211,0.6547,0.6546623321900349,1.0288024788811094,0.627712841119085,3.03104499408177,nan,nan
cifar10,entmax15,0,29,0.7279897928237915,0.6567,0.6527173408806113,1.0316566904385884,0.6233343083234061,3.0376121486936296,nan,nan
cifar10,entmax15,1,0,1.8250998258590698,0.4211,0.40870953549505024,1.5929706266948156,0.6671329007262276,3.149196583884103,nan,nan
cifar10,entmax15,1,1,1.516160488128662,0.4707,0.45555551159488605,1.452691598165603,0.6717128955182575,3.1920752797807967,nan,nan
cifar10,entmax15,1,2,1.3949313163757324,0.5187,0.5070636626091674,1.333968776748294,0.6520023927802131,3.145334880692618,nan,nan
cifar10,entmax15,1,3,1.312108039855957,0.5177,0.51177126548969,1.3283934139070057,0.6770310098216648,3.2048789137885683,nan,nan
cifar10,entmax15,1,4,1.2525525093078613,0.5546,0.5457262597646529,1.2522240184602282,0.6656093378861745,3.1733756508146014,nan,nan
cifar10,entmax15,1,5,1.2023875713348389,0.5627,0.5595687282289084,1.214574712798709,0.6464892427126566,3.134404694466364,nan,nan
cifar10,entmax15,1,6,1.1606215238571167,0.5741,0.5664655185699055,1.1862094481786092,0.6539740173589615,3.129733813376654,nan,nan
cifar10,entmax15,1,7,1.1218031644821167,0.577,0.5715974689998299,1.1755020362990243,0.646442193928219,3.135610682623727,nan,nan
cifar10,entmax15,1,8,1.090801477432251,0.5951,0.5897636695050352,1.1400603992598397,0.6415230665888105,3.121376004673186,nan,nan
cifar10,entmax15,1,9,1.0623902082443237,0.5924,0.5877261953206067,1.1356134948276337,0.6410876844610487,3.1216125215802872,nan,nan
cifar10,entmax15,1,10,1.0381656885147095,0.604,0.5962108491942837,1.114841684273311,0.6411273283617837,3.1138589234579177,nan,nan
cifar10,entmax15,1,11,1.0095694065093994,0.602,0.5950169453211072,1.1195097389675321,0.628977374235789,3.0943026701609293,nan,nan
cifar10,entmax15,1,12,0.9882683157920837,0.6164,0.6187950829153092,1.0848741412162781,0.6373689844494774,3.10757847627004,nan,nan
cifar10,entmax15,1,13,0.9597323536872864,0.6216,0.6192481676774222,1.071133900256384,0.6385642108463105,3.1016885326022194,nan,nan
cifar10,entmax15,1,14,0.9385175704956055,0.6276,0.6225594768866084,1.0606920140130178,0.6084418540909177,3.0343490418933685,nan,nan
cifar10,entmax15,1,15,0.9274881482124329,0.6336,0.631173709227703,1.0660362839698792,0.6060384165673028,3.0205373877570745,nan,nan
cifar10,entmax15,1,16,0.905718982219696,0.6278,0.6255625079003387,1.0827267459460668,0.6233310455367679,3.0729457071849278,nan,nan
cifar10,entmax15,1,17,0.8860058188438416,0.6288,0.6277960434694868,1.0588066856066385,0.6170591462226142,3.049135851860046,nan,nan
cifar10,entmax15,1,18,0.8694390654563904,0.6226,0.6162171343112465,1.128645346278236,0.6007966538270314,3.004327512922741,nan,nan
cifar10,entmax15,1,19,0.8524734973907471,0.6347,0.6291188239619382,1.0698315529596238,0.609803866488593,3.0349998803365796,nan,nan
cifar10,entmax15,1,20,0.841809868812561,0.6409,0.6385015399415662,1.0447618058749608,0.5974360965547107,3.0089672361101423,nan,nan
cifar10,entmax15,1,21,0.8244702219963074,0.6326,0.6309067644641402,1.0915282686551413,0.5907442021937598,3.004264481862386,nan,nan
cifar10,entmax15,1,22,0.8081956505775452,0.6354,0.6318055902809853,1.0789276702063424,0.5914952454112825,2.9870950846444995,nan,nan
cifar10,entmax15,1,23,0.7953425049781799,0.6439,0.6395099494506342,1.05867570184526,0.5750813989412217,2.943381013189043,nan,nan
cifar10,entmax15,1,24,0.7844885587692261,0.6347,0.6281778694401374,1.1065758307774862,0.591007752929415,2.9776938756306968,nan,nan
cifar10,entmax15,1,25,0.7698233723640442,0.6339,0.6321677960932924,1.0790581197965712,0.5833568317549569,2.9618723733084544,nan,nan
cifar10,entmax15,1,26,0.7585839629173279,0.6469,0.6468926023955948,1.0585217827842348,0.5830848617213112,2.98327088696616,nan,nan
cifar10,entmax15,1,27,0.7451981902122498,0.6364,0.6363587089068736,1.0810875478244963,0.5744526218800318,2.944476534071423,nan,nan
cifar10,entmax15,1,28,0.7464052438735962,0.6509,0.6459662307866462,1.0542447095825558,0.5790765444437663,2.9556052378245763,nan,nan
cifar10,entmax15,1,29,0.726799726486206,0.6433,0.6400185187959992,1.089467051483336,0.579184242373421,2.959726089522952,nan,nan
cifar10,entmax15,2,0,1.8210535049438477,0.428,0.41933750016166266,1.5683588981628418,0.7350379376184373,3.3399486541748047,nan,nan
cifar10,entmax15,2,1,1.5158746242523193,0.4789,0.4683270500079999,1.4366761911483037,0.7102556166194735,3.28781152906872,nan,nan
cifar10,entmax15,2,2,1.3942832946777344,0.5214,0.5168170526888846,1.3257375796635946,0.7149942988441104,3.283715838477725,nan,nan
cifar10,entmax15,2,3,1.299837350845337,0.5433,0.5332094370434597,1.272770426954542,0.7166050295035045,3.299882245063782,nan,nan
cifar10,entmax15,2,4,1.2365796566009521,0.5628,0.5543476568359732,1.233284038021451,0.721208052124296,3.311089655331203,nan,nan
cifar10,entmax15,2,5,1.1938555240631104,0.5723,0.5675462624432864,1.1880120158195495,0.7098236058439528,3.2743263982591175,nan,nan
cifar10,entmax15,2,6,1.14778470993042,0.5913,0.5909286859256969,1.152077305316925,0.7150424798329671,3.296932211376372,nan,nan
cifar10,entmax15,2,7,1.1102980375289917,0.594,0.5888097310620912,1.1409093748955499,0.7093462064152672,3.2809812386830646,nan,nan
cifar10,entmax15,2,8,1.0827748775482178,0.5983,0.5950704082298985,1.1341945052146911,0.7149069442635491,3.2934706903639293,nan,nan
cifar10,entmax15,2,9,1.0487252473831177,0.6108,0.6111441550399143,1.10110874630156,0.7021544629619235,3.2644641785394577,nan,nan
cifar10,entmax15,2,10,1.024579405784607,0.6188,0.6118398765804635,1.0786732032185509,0.717946431750343,3.2991188446680706,nan,nan
cifar10,entmax15,2,11,0.9953076243400574,0.6232,0.6227497783132817,1.0758459692909603,0.6990436519895281,3.2591178326379686,nan,nan
cifar10,entmax15,2,12,0.9746798872947693,0.6273,0.6249520385874036,1.062931806132907,0.716552704288846,3.2938801867621286,nan,nan
cifar10,entmax15,2,13,0.9546838998794556,0.6275,0.6204853784432747,1.0670279003324963,0.6852158830279396,3.2224067460922967,nan,nan
cifar10,entmax15,2,14,0.9327486753463745,0.6313,0.6306359912191377,1.0382927412078493,0.6865548412005107,3.230675556546166,nan,nan
cifar10,entmax15,2,15,0.9156293869018555,0.6324,0.6311341232445276,1.044978608403887,0.6792156520343963,3.2131096215475172,nan,nan
cifar10,entmax15,2,16,0.9006015658378601,0.632,0.6281245601885314,1.0594122154372079,0.6625777366615477,3.1714374110812233,nan,nan
cifar10,entmax15,2,17,0.8837915062904358,0.6398,0.637528402410884,1.0480548330715724,0.6902563918204535,3.2248444727488925,nan,nan
cifar10,entmax15,2,18,0.868226170539856,0.6414,0.6413707851819421,1.0232671170007615,0.6832440489814395,3.20264751684098,nan,nan
cifar10,entmax15,2,19,0.8545914888381958,0.6427,0.6394036818039465,1.0344007168497358,0.667864891177132,3.178181449572245,nan,nan
cifar10,entmax15,2,20,0.8327385187149048,0.6475,0.6476972925205284,1.0082205976758685,0.6734316232658568,3.181266062600272,nan,nan
cifar10,entmax15,2,21,0.8218955993652344,0.6506,0.651612850381468,1.0231220432690211,0.6601442728723799,3.1532565957023984,nan,nan
cifar10,entmax15,2,22,0.8101567625999451,0.6386,0.6383502019057807,1.051094671658107,0.6752438093934741,3.1851451465061733,nan,nan
cifar10,entmax15,2,23,0.7960621118545532,0.6518,0.6489715402404002,1.0090046490941729,0.6606566389401753,3.152666049911862,nan,nan
cifar10,entmax15,2,24,0.7834654450416565,0.6545,0.6525974336206299,1.0193433540208,0.6729031696206047,3.18004541964758,nan,nan
cifar10,entmax15,2,25,0.773676872253418,0.6519,0.6485312848026659,1.0177100062370301,0.6692300495647249,3.167637260754903,nan,nan
cifar10,entmax15,2,26,0.7566318511962891,0.6607,0.6582558295518807,1.0008654486565363,0.6847215655304136,3.2021366573515393,nan,nan
cifar10,entmax15,2,27,0.7454402446746826,0.6519,0.6508077567194623,1.024480720928737,0.6655084942068372,3.155399216924395,nan,nan
cifar10,entmax15,2,28,0.741642951965332,0.6538,0.6520799896453485,1.0189573935100011,0.659488947050912,3.140264558792114,nan,nan
cifar10,entmax15,2,29,0.7255756855010986,0.6613,0.6591230694651559,1.0083828903379894,0.6639359244278499,3.155303332919166,nan,nan
cifar10,entmax15,3,0,1.8135379552841187,0.4335,0.41376302483144983,1.5534355992362612,0.6577569118567875,3.136184955778576,nan,nan
cifar10,entmax15,3,1,1.4994505643844604,0.4804,0.48253109958969864,1.4081997031257265,0.6475496953441984,3.093678284826733,nan,nan
cifar10,entmax15,3,2,1.384507179260254,0.4997,0.5016507513030843,1.3441326924732753,0.6765812521889096,3.1670219637098764,nan,nan
cifar10,entmax15,3,3,1.3038424253463745,0.5268,0.5253587567957722,1.286367973259517,0.6435468591394878,3.0985485951105756,nan,nan
cifar10,entmax15,3,4,1.2434972524642944,0.5567,0.5484799380980767,1.2143720524651664,0.6390145920571827,3.0871264037631807,nan,nan
cifar10,entmax15,3,5,1.197225570678711,0.5714,0.5611874600286804,1.1879295405887422,0.6139521402972085,3.0265480120976767,nan,nan
cifar10,entmax15,3,6,1.158829927444458,0.5699,0.5629752608811985,1.18721068246024,0.6204532092525845,3.0510260979334514,nan,nan
cifar10,entmax15,3,7,1.1171830892562866,0.5807,0.5665409760193448,1.1667514795348757,0.6049891400904882,3.026630960191999,nan,nan
cifar10,entmax15,3,8,1.0766798257827759,0.5958,0.5944076730563926,1.126655900478363,0.6107224762439728,3.01513028939565,nan,nan
cifar10,entmax15,3,9,1.0490200519561768,0.6082,0.6000708811222719,1.0946199451174055,0.6026809252443768,3.0072861989339192,nan,nan
cifar10,entmax15,3,10,1.0264472961425781,0.6102,0.612511957105182,1.0870161323320298,0.6184311299096971,3.0445765801838465,nan,nan
cifar10,entmax15,3,11,0.9962397813796997,0.6215,0.6154513419750595,1.0660282861618768,0.6211929517132896,3.048956370353699,nan,nan
cifar10,entmax15,3,12,0.9745436906814575,0.6341,0.6331415741922983,1.0370430815787541,0.6067264914512634,3.0211046468643916,nan,nan
cifar10,entmax15,3,13,0.9578791260719299,0.6297,0.6275940330708658,1.0484849901426405,0.6073501175358182,3.019914683841524,nan,nan
cifar10,entmax15,3,14,0.9288547039031982,0.6338,0.6310763102965734,1.0277336126282102,0.6251066701752799,3.074222744078863,nan,nan
cifar10,entmax15,3,15,0.9150282740592957,0.6291,0.6283552637063777,1.0455215420041766,0.5829514012450263,2.9653432357878913,nan,nan
cifar10,entmax15,3,16,0.8968003392219543,0.6398,0.6337128749575378,1.0157309350513277,0.6078271176133837,2.995954010600135,nan,nan
cifar10,entmax15,3,17,0.8827984929084778,0.648,0.6429724431894396,0.9928506385712397,0.6013830792336237,2.990679661432902,nan,nan
cifar10,entmax15,3,18,0.856354832649231,0.6483,0.64654768841443,0.9968451221783956,0.6101370811462402,3.0039561862037294,nan,nan
cifar10,entmax15,3,19,0.8379884958267212,0.651,0.6474066724098682,1.0028413891792298,0.6118068243776049,3.016314354397002,nan,nan
cifar10,entmax15,3,20,0.8290662169456482,0.6533,0.6507799553852234,1.0076023289135525,0.6034036349682581,3.0033637535004387,nan,nan
cifar10,entmax15,3,21,0.8117824792861938,0.6484,0.6498249648090048,1.0060620432808285,0.5927181158746991,2.9552435193743025,nan,nan
cifar10,entmax15,3,22,0.7932462096214294,0.66,0.6602023821987187,0.9831744852520171,0.6018244734832219,2.9973346256074453,nan,nan
cifar10,entmax15,3,23,0.7928289175033569,0.6619,0.6610222284102999,0.9765684763590495,0.6141377221970331,3.0164172376905167,nan,nan
cifar10,entmax15,3,24,0.779791533946991,0.6624,0.6608559294107486,0.9874269888514564,0.6021576830318995,2.9944646040598553,nan,nan
cifar10,entmax15,3,25,0.7567731738090515,0.6559,0.6571582610993189,1.0033223055657887,0.6015871354511806,2.9892889374778386,nan,nan
cifar10,entmax15,3,26,0.7490040063858032,0.6519,0.6511247586338798,1.016182577610016,0.6009648354280562,2.9934208177384876,nan,nan
cifar10,entmax15,3,27,0.7451171278953552,0.6551,0.651780799040433,1.0160543294180007,0.6095879046689896,3.0053887787319367,nan,nan
cifar10,entmax15,3,28,0.7268601655960083,0.6611,0.6623421389237845,0.9876572245643253,0.5856146063123431,2.944785328138442,nan,nan
cifar10,entmax15,3,29,0.719671905040741,0.6614,0.6594275223623658,1.0041776617368063,0.5770294742924826,2.9316792431331815,nan,nan
cifar10,entmax15,4,0,1.8470966815948486,0.4071,0.3759339657627245,1.6079093864985874,0.6499111501943498,3.126136463029044,nan,nan
cifar10,entmax15,4,1,1.504584789276123,0.4761,0.4666358773961252,1.427383431934175,0.6129766137827011,3.024913271268209,nan,nan
cifar10,entmax15,4,2,1.3756422996520996,0.5226,0.5166896607346878,1.3184595051265897,0.5878912043003809,2.9703155097507294,nan,nan
cifar10,entmax15,4,3,1.2975670099258423,0.5335,0.5258830086967101,1.277999606586638,0.5523551969301133,2.890336822328113,nan,nan
cifar10,entmax15,4,4,1.2358390092849731,0.5439,0.5379345727247692,1.2515559043203082,0.5587467139675504,2.90312648160117,nan,nan
cifar10,entmax15,4,5,1.1898325681686401,0.5672,0.5601451471971698,1.1987766356695266,0.5434392294713429,2.8633704696382796,nan,nan
cifar10,entmax15,4,6,1.1501613855361938,0.5766,0.5741441689146317,1.1664856780143011,0.5282843762920016,2.817239701180231,nan,nan
cifar10,entmax15,4,7,1.1162675619125366,0.5745,0.572654068923516,1.1741104455221267,0.5139109431278138,2.7843274082456317,nan,nan
cifar10,entmax15,4,8,1.0872533321380615,0.5943,0.5957337303839069,1.1226786136627198,0.5259435727482751,2.8221064885457356,nan,nan
cifar10,entmax15,4,9,1.0553672313690186,0.5904,0.5845086997881974,1.1518342971801758,0.5387745732352847,2.858861867586772,nan,nan
cifar10,entmax15,4,10,1.034964680671692,0.5971,0.5865073880511116,1.1186473942938304,0.5179803293375742,2.809365347453526,nan,nan
cifar10,entmax15,4,11,1.0091447830200195,0.6158,0.6128677635935331,1.08300883940288,0.5363632564033781,2.849534360567729,nan,nan
cifar10,entmax15,4,12,0.9814953207969666,0.6153,0.6152634314526113,1.0697168310483296,0.5382178413016455,2.8450803949719385,nan,nan
cifar10,entmax15,4,13,0.9604361653327942,0.6175,0.6141785059857316,1.082423802784511,0.5195945399148124,2.800336838903881,nan,nan
cifar10,entmax15,4,14,0.9371823072433472,0.6216,0.6188644380725767,1.0766013298715864,0.5397888458910443,2.847639087268284,nan,nan
cifar10,entmax15,4,15,0.922516405582428,0.6204,0.6243010884202341,1.0794390281041464,0.5236739463749386,2.790321694101606,nan,nan
cifar10,entmax15,4,16,0.9119710326194763,0.6313,0.627075575972189,1.046007586093176,0.5019367219436737,2.74182752654666,nan,nan
cifar10,entmax15,4,17,0.8851313591003418,0.6244,0.6169069078978018,1.0795142588161286,0.5143831370841889,2.7815384331203643,nan,nan
cifar10,entmax15,4,18,0.868541955947876,0.6327,0.6330639866262209,1.0527810045651027,0.5071114506040301,2.752418912024725,nan,nan
cifar10,entmax15,4,19,0.85511314868927,0.6314,0.6275721226204803,1.0527499096734183,0.5432578716959272,2.858290800594148,nan,nan
cifar10,entmax15,4,20,0.8447292447090149,0.6386,0.6351232527208591,1.0583724884759813,0.5076333203486034,2.760299357913789,nan,nan
cifar10,entmax15,4,21,0.830266535282135,0.6373,0.6349928527435946,1.044834049542745,0.5073886046806971,2.7674958342597598,nan,nan
cifar10,entmax15,4,22,0.8195540308952332,0.6407,0.6431970814026731,1.0395395284607296,0.5136197219292323,2.7672014872233075,nan,nan
cifar10,entmax15,4,23,0.8054535984992981,0.6377,0.6375510559473125,1.0431974093119303,0.5084427586623601,2.761254358291626,nan,nan
cifar10,entmax15,4,24,0.7977339029312134,0.6354,0.6342928882046582,1.04300244422186,0.5104031791289647,2.760400384948367,nan,nan
cifar10,entmax15,4,25,0.7772080898284912,0.6367,0.638265179426918,1.0481345818156287,0.518393974077134,2.77682683127267,nan,nan
cifar10,entmax15,4,26,0.7734453678131104,0.6446,0.6456609961416528,1.0377675788743155,0.4987010603859311,2.720680400303432,nan,nan
cifar10,entmax15,4,27,0.756007969379425,0.6418,0.6461291029354986,1.0506788231077648,0.5161568190370287,2.781461993853251,nan,nan
cifar10,entmax15,4,28,0.750070333480835,0.6426,0.640535320628786,1.0431454085168383,0.4966394000110172,2.720154839470273,nan,nan
cifar10,entmax15,4,29,0.7328200936317444,0.6417,0.6419334490121743,1.0643384871028718,0.5020752970661436,2.7254376865568615,nan,nan
cifar10,entmax15,5,0,1.8105628490447998,0.4248,0.41647942525439363,1.5895380882989794,0.6621211103030613,3.1667560304914204,nan,nan
cifar10,entmax15,5,1,1.492241382598877,0.4886,0.48395651162954356,1.3943210862931752,0.6666608733790261,3.1873624574570427,nan,nan
cifar10,entmax15,5,2,1.3700520992279053,0.5187,0.5133173249667383,1.3138788007554554,0.6506259410154251,3.130102394876026,nan,nan
cifar10,entmax15,5,3,1.2851489782333374,0.5446,0.5435796422351328,1.2567994657016937,0.6499455443450383,3.1284950596945627,nan,nan
cifar10,entmax15,5,4,1.2320772409439087,0.544,0.5429630279794221,1.2628159136999222,0.6539778734956468,3.147688716933841,nan,nan
cifar10,entmax15,5,5,1.1955077648162842,0.5781,0.5746587568744733,1.1702177115849086,0.6676183836800712,3.170652413368225,nan,nan
cifar10,entmax15,5,6,1.1497857570648193,0.5772,0.5766002212878613,1.1833171929631914,0.6404787886710394,3.1007462456112815,nan,nan
cifar10,entmax15,5,7,1.11922287940979,0.5895,0.5882051274548349,1.1386879858516512,0.6304547099840073,3.0761684429077873,nan,nan
cifar10,entmax15,5,8,1.0841681957244873,0.5844,0.5812258087512138,1.1664360761642456,0.6452027545088813,3.115114929562523,nan,nan
cifar10,entmax15,5,9,1.0592029094696045,0.5954,0.5926095777386016,1.1279692803110395,0.6341407208215623,3.1022042047409784,nan,nan
cifar10,entmax15,5,10,1.0243571996688843,0.6012,0.5915536646858217,1.122738948322478,0.6523982226848603,3.151775272687276,nan,nan
cifar10,entmax15,5,11,0.9983642101287842,0.6139,0.6105369888388106,1.0850763746670313,0.6155819206010728,3.0461334728059315,nan,nan
cifar10,entmax15,5,12,0.9818702936172485,0.6152,0.6103361106144373,1.0974504794393267,0.6274726410706838,3.083172331537519,nan,nan
cifar10,entmax15,5,13,0.9523131847381592,0.6188,0.613549414781722,1.0710046444620405,0.6471841278530303,3.1270872933523997,nan,nan
cifar10,entmax15,5,14,0.9424388408660889,0.6214,0.6195286416079822,1.0796321494238716,0.6211127871558779,3.065956669762021,nan,nan
cifar10,entmax15,5,15,0.9189218282699585,0.6213,0.6224590434261494,1.0754999552454267,0.6334987478596824,3.103319312277294,nan,nan
cifar10,entmax15,5,16,0.9019928574562073,0.634,0.6348503551167914,1.0398119267963228,0.6233166410809472,3.0789829980759396,nan,nan
cifar10,entmax15,5,17,0.8882297873497009,0.6213,0.6167882994108839,1.0924589020865305,0.61768698039509,3.063044758070083,nan,nan
cifar10,entmax15,5,18,0.8782945871353149,0.6377,0.6339178518840084,1.0471772443680536,0.6171501108578273,3.063652546065194,nan,nan
cifar10,entmax15,5,19,0.8511085510253906,0.6422,0.64353096486839,1.0379556899979,0.6309483454340981,3.0940204733893983,nan,nan
cifar10,entmax15,5,20,0.8370938897132874,0.6359,0.6305440778697856,1.057495777947562,0.6362229926245553,3.1030373913901195,nan,nan
cifar10,entmax15,5,21,0.8210690021514893,0.6392,0.6367592182569473,1.0354131278537568,0.6307867558229537,3.0949056477773755,nan,nan
cifar10,entmax15,5,22,0.8166592717170715,0.6392,0.6400050774871845,1.071492158231281,0.6287357574417478,3.097518861861456,nan,nan
cifar10,entmax15,5,23,0.7994040846824646,0.6334,0.6277894583500943,1.0593346118927003,0.6144915075529189,3.0537143389383954,nan,nan
cifar10,entmax15,5,24,0.7841076254844666,0.6409,0.6420756761327265,1.0313277846290951,0.609806866305215,3.0303513992400397,nan,nan
cifar10,entmax15,6,0,1.8376662731170654,0.4268,0.41130672644884425,1.5624437422979445,0.6997294167677561,3.2699230466570173,nan,nan
cifar10,entmax15,6,1,1.500591516494751,0.4954,0.48808569340233765,1.3678488685971215,0.6730764936833155,3.213388437316531,nan,nan
cifar10,entmax15,6,2,1.3846603631973267,0.5231,0.5197025806541663,1.3091499112901233,0.6517315174852099,3.1617161625907535,nan,nan
cifar10,entmax15,6,3,1.304295539855957,0.542,0.5358060228115906,1.245009297983987,0.6456164223807198,3.138538132395063,nan,nan
cifar10,entmax15,6,4,1.2405067682266235,0.5502,0.5494151779976973,1.2427605555171057,0.6341714359465099,3.11655668985276,nan,nan
cifar10,entmax15,6,5,1.19318425655365,0.5773,0.5708467586114545,1.1815200033641997,0.6359573341551281,3.1210798343022663,nan,nan
cifar10,entmax15,6,6,1.1496787071228027,0.5845,0.5806812779250266,1.154778736545926,0.6221429989451454,3.078733804112389,nan,nan
cifar10,entmax15,6,7,1.107168197631836,0.5924,0.596057865164205,1.1522403149377731,0.6399847745895386,3.1129905223846435,nan,nan
cifar10,entmax15,6,8,1.0803581476211548,0.6034,0.5989026507800866,1.1335948393458413,0.6206265230973561,3.0719304777327037,nan,nan
cifar10,entmax15,6,9,1.0507363080978394,0.6202,0.6239984327295789,1.084038572084336,0.6317105489117759,3.1131208703631446,nan,nan
cifar10,entmax15,6,10,1.025752305984497,0.6152,0.6138493907718587,1.069560778708685,0.6301720985344478,3.106937187058585,nan,nan
cifar10,entmax15,6,11,0.9993432760238647,0.6294,0.6283560081006511,1.0605954476765225,0.6117569971652258,3.0514766159511746,nan,nan
cifar10,entmax15,6,12,0.9749170541763306,0.6363,0.6315796623206449,1.0298383485703242,0.6074214824608394,3.0274446986970447,nan,nan
cifar10,entmax15,6,13,0.9485587477684021,0.6351,0.6341937802111227,1.0468929807345073,0.6260195771853129,3.0835196926480246,nan,nan
cifar10,entmax15,6,14,0.9312120079994202,0.6392,0.6361138237905655,1.0274446782611666,0.6073757605893272,3.036732863244556,nan,nan
cifar10,entmax15,6,15,0.9138511419296265,0.6405,0.6379985834382716,1.040633819784437,0.6023631853716714,3.0293308530535015,nan,nan
cifar10,entmax15,6,16,0.8910279870033264,0.6537,0.6526320123606276,1.008128181525639,0.6113266028109051,3.054394140697661,nan,nan
cifar10,entmax15,6,17,0.8770866394042969,0.653,0.6512619304654332,1.0026994290805997,0.5935134601025355,3.012533500081017,nan,nan
cifar10,entmax15,6,18,0.8647974133491516,0.65,0.6481463928278781,0.9979096316155933,0.6038064170451392,3.0324880679448447,nan,nan
cifar10,entmax15,6,19,0.8460695743560791,0.6583,0.6566912646523846,0.9927163862046742,0.6076910004729317,3.0450988837650845,nan,nan
cifar10,entmax15,6,20,0.8253191113471985,0.6473,0.6445267530045223,1.0408977395012264,0.5883824933142889,2.9933822325297763,nan,nan
cifar10,entmax15,6,21,0.8144623637199402,0.6551,0.6546456761611121,1.0026594837506613,0.5863843151501247,2.990333227884202,nan,nan
cifar10,entmax15,6,22,0.8045316934585571,0.6682,0.6655277597223569,0.9835523911884853,0.5850442928927285,2.990028767358689,nan,nan
cifar10,entmax15,6,23,0.7899076342582703,0.6556,0.6518573102410704,1.0111399775459653,0.5860802761146,2.98692417939504,nan,nan
cifar10,entmax15,6,24,0.7777823805809021,0.6606,0.6559453274746578,1.021052192506336,0.5857059595130739,2.983661581221081,nan,nan
cifar10,entmax15,6,25,0.7669460773468018,0.6668,0.6636383530997839,0.9880371491114298,0.5847029620692843,2.9948883658363705,nan,nan
cifar10,entmax15,6,26,0.7545305490493774,0.6601,0.6595316965842427,0.9903980561665127,0.5897672059990111,2.9999160176231747,nan,nan
cifar10,entmax15,6,27,0.7432326674461365,0.6607,0.6594974293204257,0.9995334852309454,0.5793133809452965,2.986625023115249,nan,nan
cifar10,entmax15,7,0,1.8018156290054321,0.4347,0.42422739484018945,1.5475857553027925,0.7440937717755636,3.3561386562529063,nan,nan
cifar10,entmax15,7,1,1.5117692947387695,0.4876,0.47577791592903507,1.4190079700379146,0.719680278641837,3.333944763456072,nan,nan
cifar10,entmax15,7,2,1.4002412557601929,0.5038,0.4957117005452556,1.3586849428358532,0.7032023634229387,3.283590951420012,nan,nan
cifar10,entmax15,7,3,1.3132773637771606,0.5438,0.5339355841186547,1.2618103243055798,0.6897562532197862,3.238470736004057,nan,nan
cifar10,entmax15,7,4,1.2473652362823486,0.5657,0.5610881581035038,1.2033161379042125,0.6957943771566664,3.263870214280628,nan,nan
cifar10,entmax15,7,5,1.2008960247039795,0.5847,0.5826644660044467,1.1563915848731994,0.7095653775192442,3.285665131750561,nan,nan
cifar10,entmax15,7,6,1.1507794857025146,0.5734,0.571175730093619,1.202086739880698,0.7094750997566042,3.2903789122899374,nan,nan
cifar10,entmax15,7,7,1.1204907894134521,0.5903,0.5880996810293905,1.134726851894742,0.6768159165268852,3.2060558375858124,nan,nan
cifar10,entmax15,7,8,1.0819462537765503,0.6029,0.5960061105876937,1.1151561436199007,0.7046810008230664,3.270529422305879,nan,nan
cifar10,entmax15,7,9,1.0533912181854248,0.6164,0.6121113377449546,1.0862232673735845,0.7142162215142023,3.2925849460420156,nan,nan
cifar10,entmax15,7,10,1.0220078229904175,0.6089,0.6100639876025266,1.103990310146695,0.7054392031260899,3.269683271362668,nan,nan
cifar10,entmax15,7,11,0.9997554421424866,0.6154,0.6105464812246764,1.1098974489030384,0.7051493681612468,3.2636199724106563,nan,nan
cifar10,entmax15,7,12,0.9716025590896606,0.6183,0.6213061501665231,1.0870114383243379,0.7035123101302556,3.2721611829031083,nan,nan
cifar10,entmax15,7,13,0.9507474303245544,0.6356,0.6356818720839923,1.0441473523775737,0.6840734348410652,3.223691919871739,nan,nan
cifar10,entmax15,7,14,0.928935170173645,0.641,0.6408389500734686,1.0239246748742603,0.7092585858844576,3.265250259354001,nan,nan
cifar10,entmax15,7,15,0.9081175327301025,0.6427,0.6419755520836491,1.020577503385998,0.6964299375102634,3.2434741690045312,nan,nan
cifar10,entmax15,7,16,0.8925047516822815,0.6447,0.6431267555582767,1.0185600178582328,0.7024080980391729,3.2609770207178026,nan,nan
cifar10,entmax15,7,17,0.8790867924690247,0.6441,0.6428495117213802,1.036045015425909,0.6696861894357772,3.1893759863717217,nan,nan
cifar10,entmax15,7,18,0.8581852912902832,0.6394,0.6392175181751533,1.0382418518974668,0.7033159525621505,3.2580682300385977,nan,nan
cifar10,entmax15,7,19,0.8456555008888245,0.6545,0.6517843765227521,1.0176220422699338,0.6981694967973799,3.2409815152486163,nan,nan
cifar10,entmax15,7,20,0.8276640176773071,0.6536,0.6501289208687976,1.016393330551329,0.6649116567202977,3.1696710972558884,nan,nan
cifar10,entmax15,7,21,0.818309485912323,0.6563,0.6570075437458468,1.0051350911458334,0.6793742134457543,3.2023278190976097,nan,nan
cifar10,entmax15,7,22,0.797767698764801,0.6418,0.6398220011120787,1.0379721783456348,0.6832029805296943,3.2090877453486124,nan,nan
cifar10,entmax15,7,23,0.7900905013084412,0.6548,0.6515031980959487,1.0339074259712582,0.6813666119461967,3.207420172010149,nan,nan
cifar10,entmax15,7,24,0.7764248251914978,0.6587,0.6581462287673182,1.0058831118402027,0.6987749624819982,3.2367936009452456,nan,nan
cifar10,entmax15,7,25,0.7589721083641052,0.6533,0.6524290547529809,1.0262105447905405,0.669633268174671,3.1737926778339203,nan,nan
cifar10,entmax15,7,26,0.7512121796607971,0.662,0.6612126941541576,1.0204598404112317,0.6735512824285598,3.190421417781285,nan,nan
cifar10,entmax15,7,27,0.7452744841575623,0.6581,0.655275233177788,1.019937562942505,0.6598994203976223,3.151726426397051,nan,nan
cifar10,entmax15,7,28,0.7363959550857544,0.6589,0.6594306192973292,1.006139007636479,0.666150975227356,3.1613442602611723,nan,nan
cifar10,entmax15,7,29,0.7209550142288208,0.6621,0.6622498075159096,1.0122232170332046,0.6817980859960828,3.2037509146190826,nan,nan
cifar10,entmax15,8,0,1.824813723564148,0.4173,0.3916029814381653,1.5907985755375453,0.6469572493008204,3.120880012285142,nan,nan
cifar10,entmax15,8,1,1.5109450817108154,0.4953,0.4946323382568501,1.4098633947826567,0.5970621358780633,3.003265999612354,nan,nan
cifar10,entmax15,8,2,1.3907580375671387,0.5111,0.5061424151388175,1.3412786472411382,0.5692576974630356,2.947916830153692,nan,nan
cifar10,entmax15,8,3,1.31093430519104,0.532,0.5321636649094266,1.297562365304856,0.5538093251841408,2.9307279711677916,nan,nan
cifar10,entmax15,8,4,1.2536004781723022,0.5628,0.5626622841187517,1.2375811758495512,0.5316340168317158,2.8763191790807814,nan,nan
cifar10,entmax15,8,5,1.2035083770751953,0.5696,0.5725021146617315,1.2083036348933265,0.5811314988703955,2.987993115470523,nan,nan
cifar10,entmax15,8,6,1.1665421724319458,0.5516,0.5414625288384449,1.2437136774971371,0.5758337878045582,2.9765736227943784,nan,nan
cifar10,entmax15,8,7,1.1276341676712036,0.5921,0.5901504360409731,1.1348452880269004,0.5491126943202246,2.9079961288542973,nan,nan
cifar10,entmax15,8,8,1.094636082649231,0.5967,0.5969616509963233,1.129328827630906,0.5377866384528932,2.8821287915820166,nan,nan
cifar10,entmax15,8,9,1.0683714151382446,0.6005,0.5944311558085396,1.1384379602613903,0.5363488261188779,2.8728875216983614,nan,nan
cifar10,entmax15,8,10,1.0336568355560303,0.6112,0.6116945297003884,1.0885770604723977,0.5486919022741772,2.9066527309871857,nan,nan
cifar10,entmax15,8,11,1.0150974988937378,0.6023,0.6051790386972278,1.10414004723231,0.5462271991230193,2.8941274222873505,nan,nan
cifar10,entmax15,8,12,0.9885369539260864,0.619,0.6157424735397463,1.0667575024423146,0.5308239200285503,2.8647320520310173,nan,nan
cifar10,entmax15,8,13,0.9652137160301208,0.6277,0.6264643844914464,1.055868054571606,0.5431379925637018,2.8894530500684468,nan,nan
cifar10,entmax15,8,14,0.9470790028572083,0.6264,0.6308139818803787,1.0546316090084258,0.5388663330248424,2.88365174248105,nan,nan
cifar10,entmax15,8,15,0.9291431307792664,0.6329,0.6357175576383801,1.0367720689092363,0.543747743396532,2.893637178057716,nan,nan
cifar10,entmax15,8,16,0.9097962975502014,0.6304,0.6308317627620473,1.0545311133066813,0.5314876589037123,2.8639047724860056,nan,nan
cifar10,entmax15,8,17,0.8861515522003174,0.6433,0.6442664328531655,1.0191316615967523,0.5453422079483669,2.9022580214909146,nan,nan
cifar10,entmax15,8,18,0.8728765845298767,0.6272,0.6259257493803242,1.0626051096689133,0.530512614051501,2.8534649542399815,nan,nan
cifar10,entmax15,8,19,0.854895293712616,0.6345,0.6336827390218205,1.04446979647591,0.548497860914185,2.898335250218709,nan,nan
cifar10,entmax15,8,20,0.8447323441505432,0.6462,0.6463618205612123,1.005592245715005,0.5303602353447959,2.8479036626361665,nan,nan
cifar10,entmax15,8,21,0.8266047835350037,0.6408,0.6402451668834738,1.0270640214284261,0.534079949770655,2.8653341599873134,nan,nan
cifar10,entmax15,8,22,0.8186917304992676,0.6369,0.6365572623199481,1.0432726661364238,0.5410556312118258,2.8635156211398898,nan,nan
cifar10,entmax15,8,23,0.7993905544281006,0.6463,0.6458426600453818,1.0151789801461355,0.5334382282836097,2.852459233147757,nan,nan
cifar10,entmax15,8,24,0.7855516672134399,0.6589,0.6585714163470188,1.0054370846067155,0.543139419527281,2.876717726389567,nan,nan
cifar10,entmax15,8,25,0.772503137588501,0.6474,0.6485174329249854,1.0252429099310012,0.5385759528194155,2.8527499062674386,nan,nan
cifar10,entmax15,8,26,0.7591826319694519,0.6457,0.6474388554538902,1.0364674914450873,0.5537481167486735,2.8982012873604184,nan,nan
cifar10,entmax15,8,27,0.7536431550979614,0.6433,0.6419928155403712,1.0575571917352222,0.5418962643260048,2.879914899099441,nan,nan
cifar10,entmax15,8,28,0.7397586107254028,0.6509,0.6544053015296136,1.031926795414516,0.5192500799894333,2.8145726396923973,nan,nan
cifar10,entmax15,8,29,0.7305996417999268,0.6545,0.6518149551703445,1.0463214965093703,0.5259913631847927,2.8383263201940627,nan,nan
cifar10,entmax15,9,0,1.8120850324630737,0.4021,0.3850216676689119,1.5965640124820528,0.6623071955783026,3.1406536647251673,nan,nan
cifar10,entmax15,9,1,1.4971283674240112,0.4747,0.4699619425295105,1.4433169251396543,0.6607167629968552,3.1460436593918573,nan,nan
cifar10,entmax15,9,2,1.3761118650436401,0.5217,0.5239815522837573,1.3331149305616106,0.6427380828630357,3.1127348388944354,nan,nan
cifar10,entmax15,9,3,1.3002099990844727,0.536,0.5285283889192176,1.2879558103425162,0.6446810183070955,3.055842714082627,nan,nan
cifar10,entmax15,9,4,1.2416298389434814,0.5501,0.5450253243108673,1.2369906607128325,0.6211135640030816,3.031892462003799,nan,nan
cifar10,entmax15,9,5,1.1998025178909302,0.5676,0.5653334702021355,1.2063027773584638,0.6204004929179237,3.0239410139265512,nan,nan
cifar10,entmax15,9,6,1.1553715467453003,0.5813,0.5814212911025364,1.1537723705882117,0.603322000162942,3.012917373293922,nan,nan
cifar10,entmax15,9,7,1.1171400547027588,0.586,0.5817222476663423,1.1412106360707963,0.6232744145961034,3.0527030672345843,nan,nan
cifar10,entmax15,9,8,1.0837948322296143,0.5951,0.5879791975570039,1.1369385668209622,0.6159769799028124,3.0421801941735405,nan,nan
cifar10,entmax15,9,9,1.0490788221359253,0.6065,0.611246076158867,1.1042080532936822,0.6160813243616194,3.0475952398209345,nan,nan
cifar10,entmax15,9,10,1.023205041885376,0.6159,0.6155775285439794,1.0752850487118675,0.6122612799916949,3.032524692444574,nan,nan
cifar10,entmax15,9,11,0.9989025592803955,0.6236,0.6237055324141341,1.0507558640979586,0.6191323552812849,3.051473867325556,nan,nan
cifar10,entmax15,9,12,0.9724594354629517,0.6154,0.6067370421057559,1.0726378662245615,0.6294021047296978,3.0486182701020015,nan,nan
cifar10,entmax15,9,13,0.948926568031311,0.6321,0.6284142372176629,1.0467637385640824,0.6247891292685555,3.070772718247913,nan,nan
cifar10,entmax15,9,14,0.9322453141212463,0.6364,0.6366989839113476,1.0267806825183687,0.6321028851327442,3.0664570808410643,nan,nan
cifar10,entmax15,9,15,0.905624508857727,0.6384,0.6384354534901613,1.0281933426856995,0.6184334859961556,3.047687598637172,nan,nan
cifar10,entmax15,9,16,0.8927856683731079,0.6412,0.6381403199571264,1.0254647771517436,0.6215158368859972,3.0643523431959605,nan,nan
cifar10,entmax15,9,17,0.8693650364875793,0.6532,0.6504955532779981,1.0032528059823171,0.6121301080499376,3.0368911323093233,nan,nan
cifar10,entmax15,9,18,0.8576536774635315,0.6477,0.646392160816734,1.0135333765120733,0.6120218736784798,3.0236110880261378,nan,nan
cifar10,entmax15,9,19,0.839285135269165,0.6458,0.6444944234834469,1.0020774137406123,0.6358125990345365,3.092947543235052,nan,nan
cifar10,entmax15,9,20,0.8222700953483582,0.6474,0.6452939379452104,1.0231015131587073,0.6293791271391369,3.069969919749669,nan,nan
cifar10,entmax15,9,21,0.81034916639328,0.6528,0.6512006390286159,0.9967852115631104,0.6112453290394374,3.0289575940086726,nan,nan
cifar10,entmax15,9,22,0.8003164529800415,0.6445,0.6462849184592938,1.0208936265536717,0.6241531621842157,3.0668823821204048,nan,nan
