dataset,method,seed,epoch,train_loss,val_accuracy,val_macro_f1,val_loss,attention_density,attention_entropy,alpha_mean,alpha_std
mnist,softmax,0,0,1.4443881511688232,0.761,0.7547636807929395,0.7016752527115193,1.0,3.7932389797048365,nan,nan
mnist,softmax,0,1,0.5157132148742676,0.9065,0.9054143285569969,0.30997786179501957,1.0,3.808164763957896,nan,nan
mnist,softmax,0,2,0.28775784373283386,0.9295833333333333,0.9294951860793743,0.22310082804649434,1.0,3.8070385329266814,nan,nan
mnist,softmax,0,3,0.20215857028961182,0.9503333333333334,0.949943505586015,0.16323790857766537,1.0,3.808156812444646,nan,nan
mnist,softmax,0,4,0.16119055449962616,0.9595833333333333,0.9592180579984386,0.12968647812909267,1.0,3.806700379290479,nan,nan
mnist,softmax,0,5,0.14084842801094055,0.96325,0.9628774259097362,0.12052217141744938,1.0,3.8086316357267664,nan,nan
mnist,softmax,0,6,0.12169139832258224,0.96575,0.9654455417750258,0.11012037827613506,1.0,3.810712527721486,nan,nan
mnist,softmax,0,7,0.111399345099926,0.96525,0.9651075523928239,0.1132098471230649,1.0,3.7973720291827586,nan,nan
mnist,softmax,0,8,0.10305836796760559,0.9639166666666666,0.9635768215073346,0.11671201599405166,1.0,3.7916752429718668,nan,nan
mnist,softmax,0,9,0.09514967352151871,0.9729166666666667,0.9726831581664641,0.08980671768175795,1.0,3.7932575966449495,nan,nan
mnist,softmax,0,10,0.08547556400299072,0.9733333333333334,0.9730956306542801,0.08562065526208978,1.0,3.7888875159811466,nan,nan
mnist,softmax,0,11,0.08143281936645508,0.9695833333333334,0.9692578864895603,0.09876218874086724,1.0,3.793305812998021,nan,nan
mnist,softmax,0,12,0.07789663225412369,0.9736666666666667,0.9735631201561503,0.08785073681080595,1.0,3.777909220533168,nan,nan
mnist,softmax,0,13,0.07394584268331528,0.9741666666666666,0.9739681906767161,0.0864857201405028,1.0,3.7713393733856524,nan,nan
mnist,softmax,0,14,0.06714728474617004,0.97525,0.9750593082736565,0.08255433283270673,1.0,3.771373008159881,nan,nan
mnist,softmax,0,15,0.06405647099018097,0.975,0.9748318588149181,0.08485784024951305,1.0,3.792589821714036,nan,nan
mnist,softmax,0,16,0.062204908579587936,0.97725,0.9770462929562349,0.07363863792666729,1.0,3.786001276462636,nan,nan
mnist,softmax,0,17,0.058259379118680954,0.9789166666666667,0.9787286878842737,0.07955796933396066,1.0,3.779984507154911,nan,nan
mnist,softmax,0,18,0.05287814512848854,0.9784166666666667,0.978290271518458,0.07927953241828908,1.0,3.7692566247696573,nan,nan
mnist,softmax,0,19,0.05075278505682945,0.97675,0.9765179620940903,0.08177979028922447,1.0,3.7557102720788182,nan,nan
mnist,softmax,0,20,0.05134265124797821,0.9754166666666667,0.9752604348996666,0.08234812037900407,1.0,3.7374289695252765,nan,nan
mnist,softmax,0,21,0.05069880560040474,0.9785833333333334,0.9783883058601189,0.07741540830899427,1.0,3.7435470819473267,nan,nan
mnist,softmax,0,22,0.04702071100473404,0.9805,0.9803601634431726,0.06920987351777706,1.0,3.740694226102626,nan,nan
mnist,softmax,0,23,0.04509773477911949,0.9776666666666667,0.9775291114416216,0.07824035472375282,1.0,3.7603488247445287,nan,nan
mnist,softmax,0,24,0.040356770157814026,0.9816666666666667,0.9815205334712909,0.06932746124592551,1.0,3.7373120125303876,nan,nan
mnist,softmax,0,25,0.03995908796787262,0.9788333333333333,0.9786980194195184,0.07429742737811931,1.0,3.7461480713905173,nan,nan
mnist,softmax,0,26,0.03904901444911957,0.9815,0.9813206431908135,0.07468457084069861,0.9999999778067812,3.74184561790304,nan,nan
mnist,softmax,0,27,0.040654294192790985,0.9795,0.979352603213764,0.07271687722111002,0.9999999733681374,3.7615678006030144,nan,nan
mnist,softmax,0,28,0.03386345133185387,0.9795833333333334,0.9794262923548193,0.07156552972787238,0.9999999955613562,3.7479950772955064,nan,nan
mnist,softmax,0,29,0.03692682087421417,0.97825,0.978027556665164,0.08850294446691553,0.9999999955613562,3.743522306706043,nan,nan
mnist,softmax,1,0,1.4642351865768433,0.7420833333333333,0.7298825570623471,0.7557990842677177,0.9999997558745932,3.6319489605883333,nan,nan
mnist,softmax,1,1,0.5410085320472717,0.8973333333333333,0.8965721769223396,0.331609050644205,1.0,3.6854108597369906,nan,nan
mnist,softmax,1,2,0.3286314010620117,0.92225,0.9216026716727793,0.2472433736349674,1.0,3.691977749479578,nan,nan
mnist,softmax,1,3,0.2409144639968872,0.9406666666666667,0.9402149852206882,0.19166839344704406,1.0,3.7020346712558827,nan,nan
mnist,softmax,1,4,0.20064595341682434,0.9523333333333334,0.951931653670508,0.15558475160852392,1.0,3.683517783246142,nan,nan
mnist,softmax,1,5,0.16978733241558075,0.9594166666666667,0.9591347589792794,0.13275178379200875,1.0,3.7002593101339136,nan,nan
mnist,softmax,1,6,0.15022043883800507,0.9584166666666667,0.9581332272843455,0.1334036721828136,1.0,3.6513408701470556,nan,nan
mnist,softmax,1,7,0.1390286087989807,0.9574166666666667,0.9571343473184486,0.14075460364209844,1.0,3.6343540282959634,nan,nan
mnist,softmax,1,8,0.12280478328466415,0.9686666666666667,0.96832706831765,0.10525003860288477,1.0,3.6853889962460133,nan,nan
mnist,softmax,1,9,0.11433524638414383,0.96575,0.9654094595061438,0.11119292430738185,1.0,3.6551359612891017,nan,nan
mnist,softmax,1,10,0.10652484744787216,0.9681666666666666,0.9678796901223352,0.10165072446490855,1.0,3.638421002854692,nan,nan
mnist,softmax,1,11,0.09731949120759964,0.97,0.9696437990586777,0.09496340433016737,1.0,3.63707457704747,nan,nan
mnist,softmax,1,12,0.09160308539867401,0.9733333333333334,0.9731213643495711,0.08832867023475627,1.0,3.6044509537676546,nan,nan
mnist,softmax,1,13,0.08695664256811142,0.97125,0.9709281600844017,0.09340621959021751,1.0,3.6026663374393544,nan,nan
mnist,softmax,1,14,0.08624346554279327,0.9725833333333334,0.972337815994963,0.09152166252123549,1.0,3.5868494333104883,nan,nan
mnist,softmax,1,15,0.08507385104894638,0.9701666666666666,0.9698496697933043,0.09470629093653345,1.0,3.598444256376713,nan,nan
mnist,softmax,1,16,0.07756666094064713,0.9711666666666666,0.9709868798953071,0.09689579579107305,1.0,3.58926625961953,nan,nan
mnist,softmax,1,17,0.07043712586164474,0.9738333333333333,0.9736751853441806,0.08614332652948004,0.9999999866840688,3.5620920658111572,nan,nan
mnist,softmax,1,18,0.0680159479379654,0.9728333333333333,0.9725532425641414,0.09239178555125886,0.9999999201044123,3.561445560861141,nan,nan
mnist,softmax,1,19,0.06273135542869568,0.975,0.9747624068289531,0.08480107300776116,1.0,3.567897195511676,nan,nan
mnist,softmax,1,20,0.06424427777528763,0.9768333333333333,0.9766295748799289,0.08136421755114769,0.9999998979111935,3.5712073559456683,nan,nan
mnist,softmax,1,21,0.06128798797726631,0.9765,0.9762480666125517,0.07878589693536149,0.999999889667998,3.5101799432267535,nan,nan
mnist,softmax,1,22,0.05730287730693817,0.9739166666666667,0.9738057327532641,0.0841960933535023,0.9999996537857867,3.5452136410043593,nan,nan
mnist,softmax,1,23,0.05319938063621521,0.97575,0.9755098741031263,0.07922548291451753,0.9999997869450995,3.5343994358752635,nan,nan
mnist,softmax,1,24,0.05504598468542099,0.977,0.9767750190748117,0.08135160306428975,0.9999994997014391,3.5036968829783985,nan,nan
mnist,softmax,1,25,0.05328066647052765,0.97925,0.9790703907892213,0.0727083094001926,0.9999998769861587,3.5433077583921717,nan,nan
mnist,softmax,1,26,0.04905311018228531,0.97275,0.9724814740803183,0.09526986933927586,0.9999999955613562,3.5183346575879035,nan,nan
mnist,softmax,1,27,0.046326786279678345,0.9806666666666667,0.9805278375677631,0.06599377904166566,0.999999760313237,3.5201357095799546,nan,nan
mnist,softmax,1,28,0.04675206542015076,0.9776666666666667,0.9775266782599437,0.07973906120404284,0.9999999429317231,3.4860434760438634,nan,nan
mnist,softmax,1,29,0.04776947572827339,0.9810833333333333,0.9809330979293984,0.0687374617864794,0.9999999866840688,3.5261181009576674,nan,nan
mnist,softmax,2,0,1.4119834899902344,0.8251666666666667,0.8212808392380916,0.5474851562621745,0.9999999251771481,3.7392108237489743,nan,nan
mnist,softmax,2,1,0.43300890922546387,0.906,0.904897035620686,0.30222113937773604,1.0,3.7379417723797737,nan,nan
mnist,softmax,2,2,0.2847600281238556,0.91975,0.9182171018866923,0.24805048995829643,1.0,3.777027350790957,nan,nan
mnist,softmax,2,3,0.21214616298675537,0.94225,0.9417649741434673,0.18591165241408855,1.0,3.786729206430151,nan,nan
mnist,softmax,2,4,0.1772187501192093,0.9485833333333333,0.9482658180434937,0.16307000276890207,1.0,3.7534215272741114,nan,nan
mnist,softmax,2,5,0.15249010920524597,0.9599166666666666,0.9595286110571323,0.12899230420589447,1.0,3.7533230984464603,nan,nan
mnist,softmax,2,6,0.13611552119255066,0.9605,0.9600031250575773,0.1264416773585563,1.0,3.764516815226129,nan,nan
mnist,softmax,2,7,0.12385310232639313,0.9585,0.9583599085554857,0.1300333154169803,1.0,3.754638248301567,nan,nan
mnist,softmax,2,8,0.11425046622753143,0.9611666666666666,0.9607708368233915,0.123214324421071,1.0,3.7519298386066517,nan,nan
mnist,softmax,2,9,0.10513745993375778,0.9690833333333333,0.968735634496759,0.09830855316621193,1.0,3.74492224987517,nan,nan
mnist,softmax,2,10,0.09783784300088882,0.9685833333333334,0.9683091048107642,0.09942760318517685,1.0,3.7474488679398883,nan,nan
mnist,softmax,2,11,0.08854594826698303,0.9678333333333333,0.9675899078594629,0.1026655338070494,1.0,3.7497433347904936,nan,nan
mnist,softmax,2,12,0.08513063937425613,0.9699166666666666,0.9698324664125593,0.09658532248849565,1.0,3.746626491242267,nan,nan
mnist,softmax,2,13,0.07786070555448532,0.9730833333333333,0.9728338963889053,0.08624012411591854,1.0,3.733699263410365,nan,nan
mnist,softmax,2,14,0.07818741351366043,0.9661666666666666,0.9657394046553106,0.10937081935240868,1.0,3.723996679833595,nan,nan
mnist,softmax,2,15,0.07294844090938568,0.97225,0.9719487314821071,0.08785479147224984,1.0,3.732982392006732,nan,nan
mnist,softmax,2,16,0.0694984421133995,0.9736666666666667,0.973500127809188,0.08994323332258995,1.0,3.7316873580851455,nan,nan
mnist,softmax,2,17,0.06266768276691437,0.9686666666666667,0.9683511644099561,0.10100287167315787,1.0,3.7270662657758025,nan,nan
mnist,softmax,2,18,0.06051887199282646,0.9765,0.9762661780973965,0.07743612922569539,1.0,3.7216149289557277,nan,nan
mnist,softmax,2,19,0.05809670686721802,0.9770833333333333,0.9768393670135749,0.07518059011310974,1.0,3.7155758599017528,nan,nan
mnist,softmax,2,20,0.05573061481118202,0.9755,0.9753755268187838,0.07728793476014695,1.0,3.716914133822664,nan,nan
mnist,softmax,2,21,0.05412775278091431,0.9771666666666666,0.9769512097700757,0.07746054325252771,1.0,3.717022791821906,nan,nan
mnist,softmax,2,22,0.04910095036029816,0.9776666666666667,0.9774186706963535,0.07710751068798151,1.0,3.710701602570554,nan,nan
mnist,softmax,2,23,0.04548389092087746,0.9775833333333334,0.9773825528074414,0.07364018717186248,1.0,3.690870208943144,nan,nan
mnist,softmax,2,24,0.04598040506243706,0.9785833333333334,0.9784398609696359,0.0711407296042493,1.0,3.692819892091954,nan,nan
mnist,softmax,2,25,0.04536120966076851,0.9765,0.9761651322255787,0.08210858349945951,1.0,3.6860152559077486,nan,nan
mnist,softmax,2,26,0.040207624435424805,0.97875,0.9785876826446482,0.07263781360172211,1.0,3.6818286763860826,nan,nan
mnist,softmax,2,27,0.04025481268763542,0.9805833333333334,0.9804394505967693,0.0679261519950121,1.0,3.6881372776437313,nan,nan
mnist,softmax,2,28,0.039099451154470444,0.9788333333333333,0.9786766776975906,0.07827454242617526,1.0,3.6857132556590626,nan,nan
mnist,softmax,2,29,0.03808945044875145,0.9795,0.9793440963399969,0.06811720836273533,1.0,3.692013464075454,nan,nan
mnist,softmax,3,0,1.425054907798767,0.7866666666666666,0.7846554302151394,0.653189480304718,0.9999999511749187,3.7438870287956076,nan,nan
mnist,softmax,3,1,0.49833691120147705,0.8905833333333333,0.8886723637432642,0.34186128986642716,1.0,3.7852747998339065,nan,nan
mnist,softmax,3,2,0.33331456780433655,0.9205833333333333,0.9201494256493964,0.24994882148631076,1.0,3.734021965493547,nan,nan
mnist,softmax,3,3,0.24775749444961548,0.9359166666666666,0.9353081251534607,0.20716709881386858,1.0,3.7575071339911603,nan,nan
mnist,softmax,3,4,0.20959021151065826,0.9449166666666666,0.9444955527275217,0.17258009742549124,1.0,3.759456954103835,nan,nan
mnist,softmax,3,5,0.1819913685321808,0.9438333333333333,0.9435327929492097,0.18241263006595856,1.0,3.71467102842128,nan,nan
mnist,softmax,3,6,0.15619079768657684,0.95775,0.9574349276319507,0.1330693427552568,1.0,3.6993388723819813,nan,nan
mnist,softmax,3,7,0.14074592292308807,0.9566666666666667,0.9564440391725368,0.1366742416582209,1.0,3.691164420006123,nan,nan
mnist,softmax,3,8,0.13008318841457367,0.9628333333333333,0.9625672957453064,0.12079809154284761,0.9999999296157918,3.6933349320229065,nan,nan
mnist,softmax,3,9,0.11724872142076492,0.9666666666666667,0.9664379795317025,0.10948160330348826,1.0,3.684395617627083,nan,nan
mnist,softmax,3,10,0.10930050164461136,0.97,0.9697647134988185,0.09916659436644391,0.9999999955613562,3.6997188887697585,nan,nan
mnist,softmax,3,11,0.09737170487642288,0.9669166666666666,0.9667165454172106,0.10752834165666966,0.9999993069374815,3.6941632818668446,nan,nan
mnist,softmax,3,12,0.09731318801641464,0.9689166666666666,0.9686982453028012,0.10081395277000488,0.9999993145465851,3.68666520778169,nan,nan
mnist,softmax,3,13,0.09160730242729187,0.9710833333333333,0.9708668469660819,0.09515964675773965,0.9999993392761718,3.686964344471059,nan,nan
mnist,softmax,3,14,0.08615623414516449,0.9746666666666667,0.974489420031663,0.08386399398775811,0.9999993855648852,3.6725132135634726,nan,nan
mnist,softmax,3,15,0.07850164920091629,0.9716666666666667,0.9715577772388506,0.09399246329322775,0.9999969982086344,3.6922495111506035,nan,nan
mnist,softmax,3,16,0.07390184700489044,0.9719166666666667,0.9719507697019933,0.09002610351494018,0.9999993094738494,3.6776948330250194,nan,nan
mnist,softmax,3,17,0.07377603650093079,0.9735833333333334,0.9735972606444403,0.08679800012961347,0.9999994851173238,3.675673910912047,nan,nan
mnist,softmax,3,18,0.06730577349662781,0.9759166666666667,0.9758958685006816,0.08172944307010224,0.9999989860869468,3.6745159955734903,nan,nan
mnist,softmax,3,19,0.0619901679456234,0.9755833333333334,0.9754132970914083,0.08205352323327927,0.9999990082801656,3.681967260989737,nan,nan
mnist,softmax,3,20,0.061495341360569,0.97725,0.9771524878307598,0.0807736040429866,0.9999995111150944,3.669513461437631,nan,nan
mnist,softmax,3,21,0.05830203369259834,0.9725833333333334,0.972351798145383,0.09120730603946016,0.9999988250275875,3.6553284361007368,nan,nan
mnist,softmax,3,22,0.05582643300294876,0.9725833333333334,0.9725700525527227,0.09136678016883262,0.999998965161912,3.666566950209597,nan,nan
mnist,softmax,3,23,0.052363764494657516,0.9758333333333333,0.9757137538932719,0.07958801915036871,0.9999997400222941,3.6561788498087133,nan,nan
mnist,softmax,3,24,0.04908144101500511,0.9758333333333333,0.9758471109009614,0.08379002644660626,0.9999997939201112,3.6625423964033734,nan,nan
mnist,softmax,3,25,0.04743516072630882,0.97625,0.9761046092891819,0.08466194340206207,0.9999999556135624,3.6423105838450978,nan,nan
mnist,softmax,4,0,1.542266607284546,0.7613333333333333,0.7466639599189018,0.7012358066883493,0.9999999955613562,3.7922378702366606,nan,nan
mnist,softmax,4,1,0.5539011359214783,0.8785833333333334,0.8779823498333614,0.3776515373524199,1.0,3.7868267247017395,nan,nan
mnist,softmax,4,2,0.3508462607860565,0.9191666666666667,0.9184759648262437,0.25882613532086635,1.0,3.766278510398053,nan,nan
mnist,softmax,4,3,0.25539419054985046,0.9325833333333333,0.9324882937505828,0.21323797392084243,1.0,3.772766531781947,nan,nan
mnist,softmax,4,4,0.21131809055805206,0.9485833333333333,0.9480576072908902,0.165828767292043,1.0,3.7362004822873054,nan,nan
mnist,softmax,4,5,0.17635123431682587,0.9535833333333333,0.9530461067027047,0.15066945806462714,1.0,3.742609493275906,nan,nan
mnist,softmax,4,6,0.15568621456623077,0.9505,0.9503185885916796,0.16307558119297028,1.0,3.724367118896322,nan,nan
mnist,softmax,4,7,0.1445132941007614,0.9555833333333333,0.9554212978974508,0.14014939836999205,1.0,3.714527015990399,nan,nan
mnist,softmax,4,8,0.12502959370613098,0.95975,0.9594600425856494,0.1286747468278763,1.0,3.723380963853065,nan,nan
mnist,softmax,4,9,0.1164417564868927,0.9664166666666667,0.9661354827424962,0.10647171149228482,1.0,3.732078973283159,nan,nan
mnist,softmax,4,10,0.10990951955318451,0.9643333333333334,0.9639493440729078,0.11184193051241814,1.0,3.716622953719281,nan,nan
mnist,softmax,4,11,0.10161711275577545,0.96975,0.9694633940729839,0.09860812928131286,1.0,3.7162112276604833,nan,nan
mnist,softmax,4,12,0.09495481103658676,0.9704166666666667,0.9701106541996584,0.09256789619301228,1.0,3.7288783306771136,nan,nan
mnist,softmax,4,13,0.08882515132427216,0.9695,0.9692186983444776,0.10063293600018988,1.0,3.7176957003613738,nan,nan
mnist,softmax,4,14,0.08424077183008194,0.97,0.9696947546416546,0.09621030234910072,1.0,3.711311809560086,nan,nan
mnist,softmax,4,15,0.08018218725919724,0.9730833333333333,0.9728597839667705,0.08894992271002303,1.0,3.6974127850633987,nan,nan
mnist,softmax,4,16,0.07439529150724411,0.976,0.9757378569513872,0.08262074540587182,1.0,3.6937311583376946,nan,nan
mnist,softmax,4,17,0.0704117938876152,0.9751666666666666,0.9749542787039582,0.07817596411134334,1.0,3.6903156752282,nan,nan
mnist,softmax,4,18,0.0683990865945816,0.971,0.9708722554499714,0.0985692136306712,1.0,3.693408745400449,nan,nan
mnist,softmax,4,19,0.06371782720088959,0.9755,0.9752881353511663,0.08493973041309956,1.0,3.6758220525498086,nan,nan
mnist,softmax,4,20,0.057081036269664764,0.97625,0.9759809697222007,0.07708640642305638,0.9999999733681374,3.678394431763507,nan,nan
mnist,softmax,4,21,0.06015535071492195,0.9760833333333333,0.9758496297853594,0.0840296596288681,1.0,3.672670306043422,nan,nan
mnist,softmax,4,22,0.05471641942858696,0.9761666666666666,0.975975781929544,0.08042712470001363,1.0,3.6763775272572294,nan,nan
mnist,softmax,4,23,0.050074249505996704,0.97475,0.9745570820832736,0.08210797576194113,1.0,3.671374539111523,nan,nan
mnist,softmax,4,24,0.050341732800006866,0.9795,0.9792958711839483,0.07347349517364452,0.9999999866840688,3.6791850886446364,nan,nan
mnist,softmax,4,25,0.04583806172013283,0.9784166666666667,0.978279921823207,0.07637142576277256,0.9999999378589873,3.6768244023018695,nan,nan
mnist,softmax,4,26,0.04936164245009422,0.9778333333333333,0.9777003401830455,0.0766283318083337,0.9999999955613562,3.675032171797245,nan,nan
mnist,softmax,4,27,0.042760707437992096,0.9781666666666666,0.9780082842658228,0.07904504627940502,0.999999686124477,3.6792209427407445,nan,nan
mnist,softmax,4,28,0.040752433240413666,0.9744166666666667,0.9743008645860824,0.08818766831400547,1.0,3.6747537141150617,nan,nan
mnist,softmax,4,29,0.03988746926188469,0.9801666666666666,0.9799900953102167,0.07437757527495319,0.9999999778067812,3.68276096404867,nan,nan
mnist,softmax,5,0,1.4847712516784668,0.7535,0.7460649580353612,0.7310439398948182,0.999987320062962,3.5876108179701136,nan,nan
mnist,softmax,5,1,0.5256668925285339,0.8753333333333333,0.8737002095055899,0.37742890449280436,1.0,3.605130241272297,nan,nan
mnist,softmax,5,2,0.3348373472690582,0.9234166666666667,0.9223434017563417,0.24249299219314088,1.0,3.59511584423958,nan,nan
mnist,softmax,5,3,0.24932149052619934,0.9369166666666666,0.9359721700917045,0.20336902363503234,1.0,3.6548639738813358,nan,nan
mnist,softmax,5,4,0.2043915092945099,0.9476666666666667,0.9470687972784342,0.16954945994818466,1.0,3.634678452572924,nan,nan
mnist,softmax,5,5,0.1811893880367279,0.9566666666666667,0.9561078663602005,0.13995276914632065,1.0,3.592818607675268,nan,nan
mnist,softmax,5,6,0.15523573756217957,0.9615,0.9610576952320959,0.12222300263795446,1.0,3.6213222082625043,nan,nan
mnist,softmax,5,7,0.1408313363790512,0.96725,0.9669341253693948,0.10948085261786238,1.0,3.622122533777927,nan,nan
mnist,softmax,5,8,0.12901842594146729,0.9663333333333334,0.9658356288868614,0.11013079585230097,1.0,3.6253835064299564,nan,nan
mnist,softmax,5,9,0.11627501249313354,0.96975,0.969441770976865,0.09982945437126971,1.0,3.642786018391873,nan,nan
mnist,softmax,5,10,0.11133433878421783,0.9688333333333333,0.9684091438826018,0.10155893925656663,1.0,3.632880634449898,nan,nan
mnist,softmax,5,11,0.10484699159860611,0.9723333333333334,0.9719202574739236,0.08554038611498285,1.0,3.6539559896956098,nan,nan
mnist,softmax,5,12,0.09719203412532806,0.9686666666666667,0.9682032087381856,0.09976741616079148,0.9999999955613562,3.630537956318957,nan,nan
mnist,softmax,5,13,0.08871769905090332,0.9703333333333334,0.9700061697135656,0.09254542690642337,1.0,3.6199781843956482,nan,nan
mnist,softmax,5,14,0.08310408890247345,0.9743333333333334,0.9740208171774499,0.07937600852010097,1.0,3.611693278272101,nan,nan
mnist,softmax,5,15,0.08226671069860458,0.9753333333333334,0.9749811751464948,0.07914540330146222,0.9999999911227124,3.60794927211518,nan,nan
mnist,softmax,5,16,0.07185982912778854,0.9740833333333333,0.973981804710248,0.0823215830357785,0.9999999955613562,3.6098312951148825,nan,nan
mnist,softmax,5,17,0.06811731308698654,0.9758333333333333,0.9755544043932665,0.07906960426492894,1.0,3.6211090113254305,nan,nan
mnist,softmax,5,18,0.06858518719673157,0.977,0.9767008854855742,0.07487028623197942,0.9999999911227124,3.6298008193360998,nan,nan
mnist,softmax,5,19,0.06144873425364494,0.9765833333333334,0.976339923657916,0.07265704154889001,0.9999999911227124,3.6044953021597355,nan,nan
mnist,softmax,5,20,0.05881774052977562,0.9803333333333333,0.9801177454573775,0.0682988257959802,0.999999982245425,3.648283250788425,nan,nan
mnist,softmax,5,21,0.058135986328125,0.9760833333333333,0.9758465255571487,0.07534143641749595,0.9999999955613562,3.633710196677675,nan,nan
mnist,softmax,5,22,0.052879150956869125,0.9786666666666667,0.9783952838858735,0.07644303392698155,0.9999999955613562,3.635100592958166,nan,nan
mnist,softmax,5,23,0.052928946912288666,0.981,0.9807993197052294,0.06302748465950185,0.9999999866840688,3.6151450162238263,nan,nan
mnist,softmax,5,24,0.050295230001211166,0.9761666666666666,0.9759005849470939,0.07319993458371213,0.9999999911227124,3.615777109531646,nan,nan
mnist,softmax,5,25,0.04880038648843765,0.9806666666666667,0.9804268995947887,0.07335885836088911,0.9999999955613562,3.611132007964114,nan,nan
mnist,softmax,5,26,0.04681011661887169,0.978,0.9777038047831252,0.07734976292766155,0.9999999955613562,3.6339846519713705,nan,nan
mnist,softmax,5,27,0.04294180870056152,0.97825,0.9780196808553363,0.07309124852590104,0.9999999955613562,3.639096181443397,nan,nan
mnist,softmax,5,28,0.04326535761356354,0.978,0.9777609861132873,0.08123929473630925,0.9999999866840688,3.6004715320911815,nan,nan
mnist,softmax,6,0,1.4295270442962646,0.7978333333333333,0.7907909605017357,0.6383962998998925,0.9999961637436076,3.5058254485434674,nan,nan
mnist,softmax,6,1,0.4408871531486511,0.9054166666666666,0.9043412286425406,0.30905923310746536,1.0,3.5827466249465942,nan,nan
mnist,softmax,6,2,0.2699972689151764,0.9356666666666666,0.9352613722443321,0.20407310508667154,0.9999999911227124,3.6637900281459728,nan,nan
mnist,softmax,6,3,0.21450264751911163,0.9426666666666667,0.9422341361252095,0.17995532047241292,0.9999997920178353,3.657855596948177,nan,nan
mnist,softmax,6,4,0.17519611120224,0.9521666666666667,0.9516495972559792,0.1538519375818841,0.999997672248394,3.662948839207913,nan,nan
mnist,softmax,6,5,0.15557728707790375,0.9554166666666667,0.9550272752710814,0.1417198452226659,0.9999970514723595,3.655796796717542,nan,nan
mnist,softmax,6,6,0.13608844578266144,0.96175,0.9614210115942938,0.11990918678806183,0.999995563258516,3.6715244130885347,nan,nan
mnist,softmax,6,7,0.12565457820892334,0.9631666666666666,0.962955903748794,0.11547714677896906,0.9999930408406765,3.6759521073483405,nan,nan
mnist,softmax,6,8,0.11351508647203445,0.9608333333333333,0.9606389601001976,0.1207797774609099,0.9999912495308734,3.6574704875337316,nan,nan
mnist,softmax,6,9,0.1085122749209404,0.9670833333333333,0.9668563019346312,0.10712349169114803,0.9999971554634419,3.6622793141831744,nan,nan
mnist,softmax,6,10,0.0987372025847435,0.9693333333333334,0.9690786764015167,0.0963158924528893,0.9999956773950699,3.684706840109318,nan,nan
mnist,softmax,6,11,0.09039954841136932,0.971,0.9707134365262645,0.09162547035103148,0.9999969798199674,3.688106587592592,nan,nan
mnist,softmax,6,12,0.08573035895824432,0.9720833333333333,0.9718396303744214,0.08952706655923356,0.9999958834749587,3.682790365624935,nan,nan
mnist,softmax,6,13,0.08266307413578033,0.9749166666666667,0.9747340029139467,0.08093846906372841,0.9999938531124846,3.6933432335549212,nan,nan
mnist,softmax,6,14,0.0756932720541954,0.97225,0.9720849391615051,0.08696263430124902,0.9999915970132706,3.685586226747391,nan,nan
mnist,softmax,6,15,0.07475593686103821,0.974,0.9737955830494366,0.08011517729213898,0.9999975581118401,3.6777526064121977,nan,nan
mnist,softmax,6,16,0.07092493772506714,0.97125,0.971116514659573,0.0926784819110911,0.9999938004828514,3.679527072196311,nan,nan
mnist,softmax,6,17,0.06555037945508957,0.9758333333333333,0.9756310864215602,0.07625288960147411,0.9999860842177208,3.7048424431618225,nan,nan
mnist,softmax,6,18,0.06138875335454941,0.9705833333333334,0.9705503829951146,0.09555178270378012,0.9999940097332001,3.710690622634076,nan,nan
mnist,softmax,6,19,0.06128143146634102,0.9746666666666667,0.9744761853673939,0.07892140865008881,0.9999895647485205,3.7020075549470617,nan,nan
mnist,softmax,6,20,0.0531483069062233,0.9745,0.9743403754086639,0.08528406553445979,0.9999843518784706,3.6885188386795367,nan,nan
mnist,softmax,6,21,0.05372612178325653,0.9760833333333333,0.975897112622861,0.07776320551304107,0.9999912641149886,3.696095106449533,nan,nan
mnist,softmax,6,22,0.05208108574151993,0.97725,0.977051811605558,0.07490038241636246,0.99998698716468,3.6880198615662594,nan,nan
mnist,softmax,6,23,0.05012739822268486,0.9769166666666667,0.9766733679543469,0.07696653304106378,0.9999888298359323,3.6864753200652753,nan,nan
mnist,softmax,6,24,0.04863666370511055,0.9725,0.9722714543357235,0.09061055939565314,0.9999776152854271,3.6873738334534014,nan,nan
mnist,softmax,6,25,0.04545743390917778,0.9766666666666667,0.9765063241676419,0.0792379842159596,0.9999794040588622,3.6870630294718643,nan,nan
mnist,softmax,6,26,0.04191424325108528,0.9795,0.9793290718046638,0.07167782194595387,0.9999915405790857,3.6927388957206237,nan,nan
mnist,softmax,6,27,0.0414540134370327,0.9776666666666667,0.9775785067608309,0.07764167849846343,0.9999895609439687,3.7033429399449775,nan,nan
mnist,softmax,6,28,0.041290830820798874,0.9798333333333333,0.9796449134010633,0.07138090988898531,0.9999857050307254,3.693847674004575,nan,nan
mnist,softmax,6,29,0.03983070328831673,0.982,0.9818284913109313,0.06682007090049855,0.9999821331906826,3.6969541793173932,nan,nan
mnist,softmax,7,0,1.4240952730178833,0.813,0.8116773590805038,0.5898945135004977,0.9999920383412787,3.6167175034259227,nan,nan
mnist,softmax,7,1,0.4347013831138611,0.9098333333333334,0.9083601636449095,0.288651649305161,1.0,3.7140506505966187,nan,nan
mnist,softmax,7,2,0.2784213423728943,0.9284166666666667,0.9276352793413556,0.23269056148351508,1.0,3.728306382260424,nan,nan
mnist,softmax,7,3,0.2218434065580368,0.9345,0.9339935261784156,0.2060974024711771,1.0,3.7281826252632952,nan,nan
mnist,softmax,7,4,0.1791088730096817,0.9449166666666666,0.9444905158491974,0.17660683536149085,1.0,3.7370825929844633,nan,nan
mnist,softmax,7,5,0.15687710046768188,0.95375,0.9533895201343192,0.14931946675828162,1.0,3.7363662136361953,nan,nan
mnist,softmax,7,6,0.1370881199836731,0.9565833333333333,0.9564364057347566,0.13754417033905678,1.0,3.717678470814482,nan,nan
mnist,softmax,7,7,0.12213994562625885,0.9584166666666667,0.9580470460644724,0.13119246604594778,1.0,3.71940086750274,nan,nan
mnist,softmax,7,8,0.11145789176225662,0.9499166666666666,0.9498050135911719,0.15345165656602128,1.0,3.713463362227095,nan,nan
mnist,softmax,7,9,0.10608800500631332,0.9671666666666666,0.9668617288937131,0.11060020438534149,1.0,3.717466714534354,nan,nan
mnist,softmax,7,10,0.09464439004659653,0.9668333333333333,0.9666109597197605,0.10626193389613578,1.0,3.696349833873992,nan,nan
mnist,softmax,7,11,0.09092225879430771,0.9695833333333334,0.9693696746916511,0.09762308025296698,1.0,3.7057501103015658,nan,nan
mnist,softmax,7,12,0.08630859106779099,0.9691666666666666,0.9689176304917979,0.10247424197323779,1.0,3.689064880634876,nan,nan
mnist,softmax,7,13,0.07776474207639694,0.97025,0.9701661110838096,0.09637824216104568,1.0,3.6970931012579737,nan,nan
mnist,softmax,7,14,0.07431470602750778,0.9698333333333333,0.9697769087904076,0.10256586699409688,1.0,3.6855825718413007,nan,nan
mnist,softmax,7,15,0.06723476946353912,0.9706666666666667,0.9703806755142615,0.09993257912549566,1.0,3.7014798686859454,nan,nan
mnist,softmax,7,16,0.06553749740123749,0.9741666666666666,0.974014742259822,0.08906381585179492,1.0,3.67705197537199,nan,nan
mnist,softmax,7,17,0.06386899948120117,0.9715833333333334,0.9714333032146216,0.09725491750113507,1.0,3.681986859504213,nan,nan
mnist,softmax,7,18,0.06042744964361191,0.97475,0.9745521037640549,0.08343052677810192,1.0,3.689555972180468,nan,nan
mnist,softmax,7,19,0.0558563731610775,0.9739166666666667,0.9737565249718131,0.09068066912128571,1.0,3.6720608320642025,nan,nan
mnist,softmax,7,20,0.05447465553879738,0.97575,0.9755720281999478,0.08104250996195256,1.0,3.6825163034682578,nan,nan
mnist,softmax,7,21,0.054507285356521606,0.9745833333333334,0.9744564055659108,0.08905652930286337,1.0,3.67604989701129,nan,nan
mnist,softmax,7,22,0.0477341003715992,0.9736666666666667,0.9735763031005475,0.09289153887236372,1.0,3.672138546375518,nan,nan
mnist,softmax,7,23,0.04730309545993805,0.97625,0.9760874860109535,0.08369204750720491,1.0,3.6575359029972807,nan,nan
mnist,softmax,7,24,0.04540476202964783,0.9775,0.977317122697373,0.08420925520043424,1.0,3.657242754672436,nan,nan
mnist,softmax,7,25,0.041483983397483826,0.97775,0.9776084307252111,0.08120684706150218,1.0,3.66226589679718,nan,nan
mnist,softmax,7,26,0.03876357153058052,0.9783333333333334,0.9782449980033239,0.0813868494030643,1.0,3.6425454895547094,nan,nan
mnist,softmax,7,27,0.04350219666957855,0.9739166666666667,0.973760760538662,0.09070546516871199,1.0,3.6299303237428058,nan,nan
mnist,softmax,7,28,0.0426068939268589,0.9784166666666667,0.9783019307569317,0.08703846119819804,1.0,3.642789711343481,nan,nan
mnist,softmax,7,29,0.03805699199438095,0.979,0.9788260950675728,0.08131984654972528,1.0,3.6336061320406325,nan,nan
mnist,softmax,8,0,1.5307629108428955,0.7279166666666667,0.7230868983592452,0.772476465144056,0.999999889667998,3.79552264923745,nan,nan
mnist,softmax,8,1,0.5580853223800659,0.8764166666666666,0.8727067620446253,0.3786314034715612,1.0,3.8209517534742963,nan,nan
mnist,softmax,8,2,0.33138784766197205,0.9239166666666667,0.9233718298321589,0.24907631316083542,1.0,3.8050247354710356,nan,nan
mnist,softmax,8,3,0.24916775524616241,0.9413333333333334,0.9408578669468641,0.1850241517766993,1.0,3.810758319306881,nan,nan
mnist,softmax,8,4,0.20505058765411377,0.9488333333333333,0.9484880404637661,0.16341810736884463,1.0,3.8017521284996194,nan,nan
mnist,softmax,8,5,0.1754913032054901,0.95025,0.9499233327668563,0.1619937391357219,1.0,3.7938962337818554,nan,nan
mnist,softmax,8,6,0.15747137367725372,0.9559166666666666,0.9557963348417688,0.13909578925751626,1.0,3.780251548645344,nan,nan
mnist,softmax,8,7,0.14055310189723969,0.9630833333333333,0.9629107665067418,0.11853592795260409,1.0,3.771823340273918,nan,nan
mnist,softmax,8,8,0.1289094090461731,0.964,0.9638116012262486,0.11287361185284371,1.0,3.763437367500143,nan,nan
mnist,softmax,8,9,0.11616929620504379,0.96875,0.9685388424039963,0.0973949595651728,1.0,3.7554855777862226,nan,nan
mnist,softmax,8,10,0.10723961889743805,0.971,0.970803543858235,0.09374357022820635,1.0,3.7504207682102284,nan,nan
mnist,softmax,8,11,0.10003405809402466,0.9720833333333333,0.9718698361574578,0.0956708072347844,1.0,3.7416815351932606,nan,nan
mnist,softmax,8,12,0.09000813215970993,0.9745,0.9743218423886727,0.08207657184214034,1.0,3.741643413584283,nan,nan
mnist,softmax,8,13,0.08665282279253006,0.9709166666666667,0.970580678833725,0.09352501446103796,1.0,3.72799780520987,nan,nan
mnist,softmax,8,14,0.08659254014492035,0.9726666666666667,0.9725034534285207,0.08823732885115958,1.0,3.7199606996901493,nan,nan
mnist,softmax,8,15,0.07788118720054626,0.97425,0.9741382062835718,0.08402722328901291,1.0,3.722991570513299,nan,nan
mnist,softmax,8,16,0.07443021982908249,0.9748333333333333,0.9746829761752691,0.08067894378241072,1.0,3.6929726397737546,nan,nan
mnist,softmax,8,17,0.07159843295812607,0.97475,0.9746653395724673,0.07910823940913728,1.0,3.6921449392399888,nan,nan
mnist,softmax,8,18,0.06674874573945999,0.9741666666666666,0.9739361904665266,0.08361983291329221,1.0,3.6992965632296624,nan,nan
mnist,softmax,8,19,0.06419894099235535,0.9759166666666667,0.9757182589220577,0.07906651021318233,1.0,3.68567216142695,nan,nan
mnist,softmax,8,20,0.05902966856956482,0.9780833333333333,0.9779160610498895,0.07251036274147794,1.0,3.6745546574288226,nan,nan
mnist,softmax,8,21,0.06144449859857559,0.97675,0.9766100042863558,0.0802344596607888,1.0,3.6750493227167333,nan,nan
mnist,softmax,8,22,0.05354071035981178,0.9775,0.9774061085922842,0.0717182777465341,1.0,3.652747856809738,nan,nan
mnist,softmax,8,23,0.05464208126068115,0.97575,0.9755846972911371,0.08299358728084158,1.0,3.6712849114803556,nan,nan
mnist,softmax,8,24,0.053239304572343826,0.9788333333333333,0.9786643786316157,0.07296033251158734,1.0,3.6527734639796803,nan,nan
mnist,softmax,8,25,0.048451244831085205,0.9785,0.9784931811763476,0.07497113316934159,1.0,3.6556473513866994,nan,nan
mnist,softmax,8,26,0.043046735227108,0.9803333333333333,0.9802367142901683,0.06555971332845535,0.9999999911227124,3.6544323601621262,nan,nan
mnist,softmax,8,27,0.042933300137519836,0.9804166666666667,0.9803601740979963,0.06971218785706987,0.9999999911227124,3.636071983804094,nan,nan
mnist,softmax,8,28,0.04490962624549866,0.9801666666666666,0.9801578760860465,0.07154365973745255,0.9999999911227124,3.6473994686248457,nan,nan
mnist,softmax,8,29,0.04283665120601654,0.9830833333333333,0.9830184697428767,0.06304275228622112,0.9999999644908499,3.6349313081579004,nan,nan
mnist,softmax,9,0,1.4347103834152222,0.7315833333333334,0.7232473294342201,0.752065029550106,1.0,3.73703917290302,nan,nan
mnist,softmax,9,1,0.5665525794029236,0.88525,0.8848487926505545,0.35269528881032414,1.0,3.746261814807324,nan,nan
mnist,softmax,9,2,0.3355937600135803,0.9173333333333333,0.9173131000175057,0.26171615402749243,1.0,3.715548051164505,nan,nan
mnist,softmax,9,3,0.24765117466449738,0.9174166666666667,0.9172718112857294,0.26411273980394323,1.0,3.704485188139246,nan,nan
mnist,softmax,9,4,0.19985812902450562,0.94475,0.9447325599200257,0.1713157093271296,1.0,3.713900566101074,nan,nan
mnist,softmax,9,5,0.16883207857608795,0.955,0.9548916741709735,0.14069332229964276,1.0,3.741968520144199,nan,nan
mnist,softmax,9,6,0.1487056463956833,0.9596666666666667,0.9596436712383085,0.13123820191051097,1.0,3.733375775053146,nan,nan
mnist,softmax,9,7,0.131509929895401,0.9600833333333333,0.9600646857676359,0.1289926914775625,1.0,3.7239679275675024,nan,nan
mnist,softmax,9,8,0.11962185055017471,0.9636666666666667,0.9637430006585731,0.117107694215597,1.0,3.7516951713156192,nan,nan
mnist,softmax,9,9,0.11409398913383484,0.96475,0.9647928144464293,0.11424920089701389,1.0,3.73187418440555,nan,nan
mnist,softmax,9,10,0.09826318174600601,0.9719166666666667,0.9718772346357497,0.09453158025094803,1.0,3.743170583501775,nan,nan
mnist,softmax,9,11,0.09721611440181732,0.9715,0.9715180022541933,0.09478576227705529,1.0,3.7325655602394265,nan,nan
mnist,softmax,9,12,0.09026359766721725,0.9694166666666667,0.9693850594086404,0.09826739314705768,1.0,3.743812715753596,nan,nan
mnist,softmax,9,13,0.08139519393444061,0.97175,0.9717490041807115,0.08909120038151741,1.0,3.7451928194533,nan,nan
mnist,softmax,9,14,0.07380245625972748,0.9713333333333334,0.9712650610762932,0.09381383601972397,1.0,3.7295932008865034,nan,nan
mnist,softmax,9,15,0.07206545025110245,0.9725,0.9725229663994728,0.08841679593984117,1.0,3.727960964466663,nan,nan
mnist,softmax,9,16,0.06958815455436707,0.9734166666666667,0.9734624524614468,0.09015568813427965,1.0,3.733810782432556,nan,nan
mnist,softmax,9,17,0.06291812658309937,0.9794166666666667,0.9794162038452164,0.07439556464235833,1.0,3.7272133040935436,nan,nan
mnist,softmax,9,18,0.06058473140001297,0.9764166666666667,0.976424356071375,0.07779436447518936,1.0,3.726257270955025,nan,nan
mnist,softmax,9,19,0.05404389649629593,0.97775,0.9777201666565363,0.07933356676329957,1.0,3.731855372165112,nan,nan
mnist,softmax,9,20,0.05522163584828377,0.97625,0.9762482547290802,0.0815752054307055,1.0,3.7216427858839642,nan,nan
mnist,softmax,9,21,0.05224817618727684,0.9798333333333333,0.9798313144294456,0.06903501909146918,1.0,3.729810174475325,nan,nan
mnist,softmax,9,22,0.04919334873557091,0.9795,0.9794771135385749,0.07178697001902347,1.0,3.7209599398552102,nan,nan
mnist,softmax,9,23,0.04661207273602486,0.9795833333333334,0.9795673647091345,0.07858004230768123,1.0,3.716058218732793,nan,nan
mnist,softmax,9,24,0.04758792743086815,0.9810833333333333,0.9810659199379824,0.06787897884211641,1.0,3.717405306532028,nan,nan
mnist,softmax,9,25,0.042607855051755905,0.9755,0.9754580930564434,0.08633136198400183,1.0,3.706717399840659,nan,nan
mnist,softmax,9,26,0.04217497631907463,0.98,0.9799526546485267,0.07272161260009447,1.0,3.7226431496599885,nan,nan
mnist,softmax,9,27,0.03870581090450287,0.9805833333333334,0.9805682075087289,0.06997063387423119,1.0,3.7087936122366725,nan,nan
mnist,softmax,9,28,0.03450364992022514,0.9803333333333333,0.9803879753481132,0.07356011063019012,1.0,3.7112587690353394,nan,nan
mnist,softmax,9,29,0.03518783301115036,0.9780833333333333,0.9781024247055177,0.07583250057824115,1.0,3.703075814754405,nan,nan
mnist,topk_softmax_0125,0,0,1.1284563541412354,0.8505833333333334,0.8477010492494793,0.4764065685424399,0.14000000059604645,1.9262754752280864,nan,nan
mnist,topk_softmax_0125,0,1,0.3211321234703064,0.9245,0.9234931137400053,0.24225216311343173,0.14000000059604645,1.9225030896511484,nan,nan
mnist,topk_softmax_0125,0,2,0.20054177939891815,0.9470833333333334,0.9467832693798531,0.17683684191805252,0.14000000059604645,1.9204333221658747,nan,nan
mnist,topk_softmax_0125,0,3,0.16362720727920532,0.956,0.9556786068092379,0.1442837245920871,0.14000000059604645,1.9155366141745385,nan,nan
mnist,topk_softmax_0125,0,4,0.13578952848911285,0.9589166666666666,0.9585146419338413,0.13440438756283293,0.14000000059604645,1.907928285446573,nan,nan
mnist,topk_softmax_0125,0,5,0.1191016286611557,0.96225,0.961860271076092,0.12652992536412908,0.14000000059604645,1.9019769354069487,nan,nan
mnist,topk_softmax_0125,0,6,0.10576864331960678,0.9645833333333333,0.964277655149791,0.12042842202998222,0.14000000059604645,1.8970614418070366,nan,nan
mnist,topk_softmax_0125,0,7,0.09546174854040146,0.96675,0.9665234025762892,0.11036233453357473,0.14000000059604645,1.8949636284341203,nan,nan
mnist,topk_softmax_0125,0,8,0.08503608405590057,0.965,0.9647155682536068,0.10908443944409807,0.14000000059604645,1.8903533004699868,nan,nan
mnist,topk_softmax_0125,0,9,0.08128523826599121,0.9696666666666667,0.9694038183457311,0.09962626265243013,0.14000000059604645,1.884094106390121,nan,nan
mnist,topk_softmax_0125,0,10,0.07225977629423141,0.9666666666666667,0.9663652805630731,0.11376887084321773,0.14000000059604645,1.881950205944954,nan,nan
mnist,topk_softmax_0125,0,11,0.0664813369512558,0.9745,0.9743062642084087,0.08809646215052047,0.14000000059604645,1.8816195523485224,nan,nan
mnist,topk_softmax_0125,0,12,0.05892428755760193,0.9726666666666667,0.972499946631548,0.09239990446478763,0.14000000059604645,1.8790034639074447,nan,nan
mnist,topk_softmax_0125,0,13,0.05711788684129715,0.9740833333333333,0.9738611457711972,0.09377063802899198,0.14000000059604645,1.8801516129615459,nan,nan
mnist,topk_softmax_0125,0,14,0.05520167201757431,0.973,0.9728328602146512,0.0884681225140044,0.14000000059604645,1.8811040013394458,nan,nan
mnist,topk_softmax_0125,0,15,0.05156228691339493,0.9748333333333333,0.9747287501140021,0.08907087400872657,0.14000000059604645,1.869693730739837,nan,nan
mnist,topk_softmax_0125,0,16,0.04464402422308922,0.9765833333333334,0.9763849094854864,0.0816050288762818,0.14000000059604645,1.8728731312650315,nan,nan
mnist,topk_softmax_0125,0,17,0.04585936665534973,0.9754166666666667,0.9752339907124696,0.08618181488139832,0.14000000059604645,1.8660454230105623,nan,nan
mnist,topk_softmax_0125,0,18,0.04428814351558685,0.9765,0.976267519581777,0.08657887974318038,0.14000000059604645,1.8646317631640332,nan,nan
mnist,topk_softmax_0125,0,19,0.038348857313394547,0.9783333333333334,0.9781316993683303,0.07911116019525427,0.14000000059604645,1.8653541422904807,nan,nan
mnist,topk_softmax_0125,0,20,0.038290515542030334,0.9745,0.9742655618542189,0.096236970037856,0.14000000059604645,1.8639969736971753,nan,nan
mnist,topk_softmax_0125,0,21,0.03907611593604088,0.97775,0.9775814527331168,0.0792763962390575,0.14000000059604645,1.8571501501063084,nan,nan
mnist,topk_softmax_0125,0,22,0.03607863932847977,0.9768333333333333,0.9766958264463813,0.08498202260345855,0.14000000059604645,1.8531304623218292,nan,nan
mnist,topk_softmax_0125,0,23,0.03361354395747185,0.9778333333333333,0.9776652824558368,0.08739564369650597,0.14000000059604645,1.851263405160701,nan,nan
mnist,topk_softmax_0125,0,24,0.03097277134656906,0.9780833333333333,0.9778877962105744,0.08353234451026359,0.14000000059604645,1.851204090930046,nan,nan
mnist,topk_softmax_0125,1,0,1.1880697011947632,0.8358333333333333,0.8323957195579735,0.5103982369950477,0.14000000059604645,1.9170911464285343,nan,nan
mnist,topk_softmax_0125,1,1,0.3588769733905792,0.9266666666666666,0.9259306539190643,0.23764973752042082,0.14000000059604645,1.9041105407349608,nan,nan
mnist,topk_softmax_0125,1,2,0.22775420546531677,0.93975,0.9392108103027221,0.1890696588348835,0.14000000059604645,1.9024997290144576,nan,nan
mnist,topk_softmax_0125,1,3,0.17982006072998047,0.9545833333333333,0.9542563640267794,0.1446404013227909,0.14000000059604645,1.8953708473672257,nan,nan
mnist,topk_softmax_0125,1,4,0.14483146369457245,0.9619166666666666,0.961604411359767,0.12520202122470167,0.14000000059604645,1.8915128695203902,nan,nan
mnist,topk_softmax_0125,1,5,0.1269330084323883,0.9590833333333333,0.9586425156464273,0.13571253482331622,0.14000000059604645,1.8885850107416193,nan,nan
mnist,topk_softmax_0125,1,6,0.11029741913080215,0.9651666666666666,0.9649482265617415,0.11234836668727245,0.14000000059604645,1.8797719389834302,nan,nan
mnist,topk_softmax_0125,1,7,0.10192468017339706,0.9690833333333333,0.968848657558454,0.10273454635542759,0.14000000059604645,1.873537686276943,nan,nan
mnist,topk_softmax_0125,1,8,0.08950789272785187,0.9705,0.9702767508361522,0.10252607019340738,0.14000000059604645,1.87825235026948,nan,nan
mnist,topk_softmax_0125,1,9,0.08031237870454788,0.97425,0.9740739234580233,0.08868715285937837,0.14000000059604645,1.8750960902964815,nan,nan
mnist,topk_softmax_0125,1,10,0.07650099694728851,0.9739166666666667,0.9736485328676183,0.0878462645601719,0.14000000059604645,1.872980959871982,nan,nan
mnist,topk_softmax_0125,1,11,0.0726918950676918,0.9744166666666667,0.9742108207634393,0.08424786803253154,0.14000000059604645,1.871500719100871,nan,nan
mnist,topk_softmax_0125,1,12,0.0635698139667511,0.9729166666666667,0.9727674051648009,0.08932863952631646,0.14000000059604645,1.8671458071850715,nan,nan
mnist,topk_softmax_0125,1,13,0.058921847492456436,0.97575,0.9755103103654023,0.08202550211485396,0.14000000059604645,1.8606985756691465,nan,nan
mnist,topk_softmax_0125,1,14,0.05852098390460014,0.9746666666666667,0.9743972796672521,0.08376548038993745,0.14000000059604645,1.8537863226647073,nan,nan
mnist,topk_softmax_0125,1,15,0.05698482692241669,0.9771666666666666,0.9769592621066563,0.0785717683190361,0.14000000059604645,1.8593024243699743,nan,nan
mnist,topk_softmax_0125,1,16,0.04863157868385315,0.9776666666666667,0.9774963552122132,0.07951076372348248,0.14000000059604645,1.8653576906691207,nan,nan
mnist,topk_softmax_0125,1,17,0.05037716403603554,0.975,0.9747133566140285,0.0888443989877371,0.14000000059604645,1.853283036262431,nan,nan
mnist,topk_softmax_0125,1,18,0.047178640961647034,0.9788333333333333,0.9785935095262787,0.0720055636731868,0.14000000059604645,1.847543493230292,nan,nan
mnist,topk_softmax_0125,1,19,0.043859582394361496,0.9798333333333333,0.9796532204061185,0.07040848313493932,0.14000000059604645,1.8485585019943562,nan,nan
mnist,topk_softmax_0125,1,20,0.042337797582149506,0.9754166666666667,0.9750112529594466,0.08220607379173979,0.14000000059604645,1.8493395815504359,nan,nan
mnist,topk_softmax_0125,1,21,0.03913993015885353,0.9783333333333334,0.9780762852412807,0.08400129570447384,0.14000000059604645,1.8437643216011372,nan,nan
mnist,topk_softmax_0125,1,22,0.036370422691106796,0.9801666666666666,0.9800452528511416,0.07532631043106952,0.14000000059604645,1.8383908500062658,nan,nan
mnist,topk_softmax_0125,1,23,0.03677218034863472,0.9786666666666667,0.9784425347826007,0.08356351559942073,0.14000000059604645,1.8414781664280182,nan,nan
mnist,topk_softmax_0125,1,24,0.037504054605960846,0.9793333333333333,0.9791634704468144,0.07693288621908807,0.14000000059604645,1.8327321270678907,nan,nan
mnist,topk_softmax_0125,1,25,0.03435472771525383,0.979,0.9787430104729846,0.07738004933963431,0.14000000059604645,1.8376448775859588,nan,nan
mnist,topk_softmax_0125,1,26,0.03289012238383293,0.9815,0.9813260829211023,0.0709638808200017,0.14000000059604645,1.8377411187963282,nan,nan
mnist,topk_softmax_0125,1,27,0.028101125732064247,0.98075,0.9805292393388456,0.0751102838189678,0.14000000059604645,1.8394553648664596,nan,nan
mnist,topk_softmax_0125,1,28,0.028256867080926895,0.9794166666666667,0.9792264552743083,0.08084655366837978,0.14000000059604645,1.8244396879317912,nan,nan
mnist,topk_softmax_0125,1,29,0.028035596013069153,0.9799166666666667,0.9797129170283613,0.07833922771301041,0.14000000059604645,1.8355706701887415,nan,nan
mnist,topk_softmax_0125,2,0,1.0533696413040161,0.8610833333333333,0.857365684079425,0.42863297018599,0.14000000059604645,1.9209243934205238,nan,nan
mnist,topk_softmax_0125,2,1,0.35011664032936096,0.91775,0.9162445530069631,0.2648403501891075,0.14000000059604645,1.9082660180457094,nan,nan
mnist,topk_softmax_0125,2,2,0.23505593836307526,0.9404166666666667,0.9398957670732495,0.19397063442367188,0.14000000059604645,1.906582422713016,nan,nan
mnist,topk_softmax_0125,2,3,0.17964470386505127,0.9533333333333334,0.9529940173186805,0.15157353164667778,0.14000000059604645,1.9036549760940227,nan,nan
mnist,topk_softmax_0125,2,4,0.15003874897956848,0.9603333333333334,0.9600054958303549,0.1269146276915327,0.14000000059604645,1.9038569901851898,nan,nan
mnist,topk_softmax_0125,2,5,0.12688720226287842,0.963,0.9627478655650588,0.12348699260582315,0.14000000059604645,1.9020464914910338,nan,nan
mnist,topk_softmax_0125,2,6,0.11569033563137054,0.96675,0.9665803529603411,0.11062592894155929,0.14000000059604645,1.8993413042514882,nan,nan
mnist,topk_softmax_0125,2,7,0.1004079133272171,0.9708333333333333,0.970613715042259,0.09818478531025826,0.14000000059604645,1.896599661796651,nan,nan
mnist,topk_softmax_0125,2,8,0.09037648886442184,0.9660833333333333,0.9658322980111093,0.11253272203054834,0.14000000059604645,1.8951128531009593,nan,nan
mnist,topk_softmax_0125,2,9,0.08531651645898819,0.9680833333333333,0.9677889601044782,0.10268207671160394,0.14000000059604645,1.8917790587912215,nan,nan
mnist,topk_softmax_0125,2,10,0.07736250758171082,0.9706666666666667,0.9704842349569883,0.09628458986891077,0.14000000059604645,1.8894812211077263,nan,nan
mnist,topk_softmax_0125,2,11,0.07420787960290909,0.9739166666666667,0.9737513283727812,0.08848063314848757,0.14000000059604645,1.8885161711814555,nan,nan
mnist,topk_softmax_0125,2,12,0.06575964391231537,0.9721666666666666,0.9719101660468971,0.08954502800677686,0.14000000059604645,1.8910898502836837,nan,nan
mnist,topk_softmax_0125,2,13,0.06652779877185822,0.9721666666666666,0.9719664076693494,0.09526754670003627,0.14000000059604645,1.8874575901538768,nan,nan
mnist,topk_softmax_0125,2,14,0.06222786009311676,0.9736666666666667,0.9734993110683071,0.09190538882258091,0.14000000059604645,1.883135087946628,nan,nan
mnist,topk_softmax_0125,2,15,0.05467304214835167,0.9731666666666666,0.9730202187402215,0.08791084524164809,0.14000000059604645,1.8839908635362665,nan,nan
mnist,topk_softmax_0125,2,16,0.050873201340436935,0.9765833333333334,0.9764825058410409,0.08443974210147528,0.14000000059604645,1.880077656279219,nan,nan
mnist,topk_softmax_0125,2,17,0.0500732958316803,0.9773333333333334,0.9770950069517099,0.08034932098173081,0.14000000059604645,1.8803164895544662,nan,nan
mnist,topk_softmax_0125,2,18,0.04776851460337639,0.9768333333333333,0.9766921883973106,0.08282744500072713,0.14000000059604645,1.8814335173748908,nan,nan
mnist,topk_softmax_0125,2,19,0.045423950999975204,0.9763333333333334,0.976110807422996,0.08155358095276863,0.14000000059604645,1.8790291103910892,nan,nan
mnist,topk_softmax_0125,2,20,0.04169837757945061,0.9765833333333334,0.9764485844349536,0.08882343347006022,0.14000000059604645,1.8805833420854934,nan,nan
mnist,topk_softmax_0125,2,21,0.04636666923761368,0.97925,0.9790978638222775,0.07731782304162675,0.14000000059604645,1.872795434708291,nan,nan
mnist,topk_softmax_0125,2,22,0.03338198736310005,0.9774166666666667,0.9772730361558493,0.08146702149446974,0.14000000059604645,1.865767903784488,nan,nan
mnist,topk_softmax_0125,2,23,0.03607378154993057,0.9768333333333333,0.97666398540582,0.08769396169388548,0.14000000059604645,1.869384856934243,nan,nan
mnist,topk_softmax_0125,2,24,0.0377168208360672,0.9770833333333333,0.9768841847804668,0.08513098871929849,0.14000000059604645,1.8672764352027407,nan,nan
mnist,topk_softmax_0125,2,25,0.03586258739233017,0.9756666666666667,0.9754680514831302,0.09075863643529568,0.14000000059604645,1.8662646565031498,nan,nan
mnist,topk_softmax_0125,2,26,0.03229716047644615,0.9780833333333333,0.9779348926792529,0.08782451952550005,0.14000000059604645,1.8710822057216725,nan,nan
mnist,topk_softmax_0125,3,0,1.0816142559051514,0.8698333333333333,0.868121846608678,0.4127648453763191,0.14000000059604645,1.8997672707476514,nan,nan
mnist,topk_softmax_0125,3,1,0.3185477554798126,0.9218333333333333,0.9214467035185867,0.24709213065340163,0.14000000059604645,1.900838591951005,nan,nan
mnist,topk_softmax_0125,3,2,0.2179235965013504,0.94875,0.948410776607594,0.17595223828833154,0.14000000059604645,1.900811512419518,nan,nan
mnist,topk_softmax_0125,3,3,0.17072197794914246,0.9564166666666667,0.9561736862376045,0.14284108705977175,0.14000000059604645,1.903514306595985,nan,nan
mnist,topk_softmax_0125,3,4,0.14240029454231262,0.9643333333333334,0.9641826749090233,0.12161942365321707,0.14000000059604645,1.9030282180360023,nan,nan
mnist,topk_softmax_0125,3,5,0.11802922189235687,0.9645,0.9642412801329476,0.11256858001046992,0.14000000059604645,1.900908685745077,nan,nan
mnist,topk_softmax_0125,3,6,0.10897748917341232,0.964,0.9637272466436422,0.12048961547143916,0.14000000059604645,1.8987622248365523,nan,nan
mnist,topk_softmax_0125,3,7,0.09426641464233398,0.9704166666666667,0.970325963103204,0.0959156574879555,0.14000000059604645,1.8962986050768103,nan,nan
mnist,topk_softmax_0125,3,8,0.0828881710767746,0.9704166666666667,0.9702725893257043,0.09363898436756844,0.14000000059604645,1.8926496404282591,nan,nan
mnist,topk_softmax_0125,3,9,0.07547829300165176,0.9710833333333333,0.9709307046313047,0.09792369398030829,0.14000000059604645,1.8863369163046493,nan,nan
mnist,topk_softmax_0125,3,10,0.07155167311429977,0.97175,0.9715480244331698,0.09875095762470935,0.14000000059604645,1.886831818742955,nan,nan
mnist,topk_softmax_0125,3,11,0.0676116943359375,0.97125,0.9709740722505362,0.0944344071631736,0.14000000059604645,1.8857475354316386,nan,nan
mnist,topk_softmax_0125,3,12,0.05812768638134003,0.9761666666666666,0.9760009246199715,0.08417209531081483,0.14000000059604645,1.8862730340754732,nan,nan
mnist,topk_softmax_0125,3,13,0.05593976750969887,0.97475,0.9746154981031854,0.08841174825074825,0.14000000059604645,1.885511521329271,nan,nan
mnist,topk_softmax_0125,3,14,0.05519958212971687,0.9761666666666666,0.976102778583835,0.08197389697616404,0.14000000059604645,1.8839222382991871,nan,nan
mnist,topk_softmax_0125,3,15,0.04909706115722656,0.97375,0.9735743305427658,0.09242885242751304,0.14000000059604645,1.8886393004275384,nan,nan
mnist,topk_softmax_0125,3,16,0.04892900586128235,0.9735833333333334,0.9733609761682291,0.08808377266247222,0.14000000059604645,1.883980782742196,nan,nan
mnist,topk_softmax_0125,3,17,0.04463493451476097,0.9755833333333334,0.975475355275053,0.08814870625575806,0.14000000059604645,1.8900791000812611,nan,nan
mnist,topk_softmax_0125,4,0,1.2155721187591553,0.8636666666666667,0.8600943819096587,0.4333115708320699,0.14000000059604645,1.9309614326091522,nan,nan
mnist,topk_softmax_0125,4,1,0.34808349609375,0.9265833333333333,0.9259481564348846,0.23552026013110547,0.14000000059604645,1.9223906981184127,nan,nan
mnist,topk_softmax_0125,4,2,0.2323777824640274,0.9443333333333334,0.9437416253122933,0.18058316837599936,0.14000000059604645,1.908577430755534,nan,nan
mnist,topk_softmax_0125,4,3,0.1763996034860611,0.9545833333333333,0.9541989261780264,0.14393113188921136,0.14000000059604645,1.89489154485946,nan,nan
mnist,topk_softmax_0125,4,4,0.15112930536270142,0.9553333333333334,0.9553121657819018,0.14133784159066828,0.14000000059604645,1.8867666188706742,nan,nan
mnist,topk_softmax_0125,4,5,0.1315099596977234,0.9645833333333333,0.964282023443978,0.11457938589948288,0.14000000059604645,1.8821746605507872,nan,nan
mnist,topk_softmax_0125,4,6,0.11419118195772171,0.9635,0.9633698194871844,0.11792345440134089,0.14000000059604645,1.8842913647915454,nan,nan
mnist,topk_softmax_0125,4,7,0.10440580546855927,0.97,0.9698058341325959,0.09594819361859179,0.14000000059604645,1.8791078823678038,nan,nan
mnist,topk_softmax_0125,4,8,0.09691660851240158,0.96775,0.9672589164741853,0.1078570415364935,0.14000000059604645,1.871461830240615,nan,nan
mnist,topk_softmax_0125,4,9,0.08608987927436829,0.9644166666666667,0.9640364372155676,0.10980091695772841,0.14000000059604645,1.8753309072332178,nan,nan
mnist,topk_softmax_0125,4,10,0.07920339703559875,0.9701666666666666,0.9698484740546824,0.09258470636733035,0.14000000059604645,1.8708543016555461,nan,nan
mnist,topk_softmax_0125,4,11,0.07352834939956665,0.9740833333333333,0.9738410585245066,0.0852178470726977,0.14000000059604645,1.869514768427991,nan,nan
mnist,topk_softmax_0125,4,12,0.07074074447154999,0.9749166666666667,0.9747264432860805,0.08200813790268087,0.14000000059604645,1.8652726614728887,nan,nan
mnist,topk_softmax_0125,4,13,0.06411438435316086,0.9748333333333333,0.974637984530248,0.0832358884050491,0.14000000059604645,1.8618685019777177,nan,nan
mnist,topk_softmax_0125,4,14,0.06052447110414505,0.9733333333333334,0.9731377377262171,0.08987283936523377,0.14000000059604645,1.8605020908599204,nan,nan
mnist,topk_softmax_0125,4,15,0.059633735567331314,0.9745,0.9743140321528283,0.08529777769395645,0.14000000059604645,1.8558975521554337,nan,nan
mnist,topk_softmax_0125,4,16,0.05226106196641922,0.9744166666666667,0.9742312061876162,0.08414513966504564,0.14000000059604645,1.8517307892758796,nan,nan
mnist,topk_softmax_0125,4,17,0.051665615290403366,0.9785,0.9782418866303851,0.0728596447709393,0.14000000059604645,1.8522331575129896,nan,nan
mnist,topk_softmax_0125,4,18,0.047104544937610626,0.9754166666666667,0.9753186234492759,0.07682397834798123,0.14000000059604645,1.8543818275979225,nan,nan
mnist,topk_softmax_0125,4,19,0.04591303691267967,0.9784166666666667,0.978346935407661,0.07846307722812003,0.14000000059604645,1.8527711046502946,nan,nan
mnist,topk_softmax_0125,4,20,0.04353509470820427,0.9768333333333333,0.9766891646749662,0.08085370971325864,0.14000000059604645,1.8556486254042768,nan,nan
mnist,topk_softmax_0125,4,21,0.039970118552446365,0.9770833333333333,0.9769371506214439,0.08452391533299963,0.14000000059604645,1.8485548927428874,nan,nan
mnist,topk_softmax_0125,4,22,0.044657379388809204,0.9774166666666667,0.9772828047749377,0.08057573810219765,0.14000000059604645,1.8440312489550164,nan,nan
mnist,topk_softmax_0125,5,0,1.0506175756454468,0.90025,0.8983648655371917,0.32738120188104347,0.14000000059604645,1.907405471548121,nan,nan
mnist,topk_softmax_0125,5,1,0.29515692591667175,0.9334166666666667,0.9330690577713158,0.21856837925758768,0.14000000059604645,1.883798637288682,nan,nan
mnist,topk_softmax_0125,5,2,0.20930546522140503,0.9465,0.945830731121507,0.1748238614899047,0.14000000059604645,1.875268357865354,nan,nan
mnist,topk_softmax_0125,5,3,0.1670180708169937,0.952,0.9514130154621142,0.15289288410480986,0.14000000059604645,1.8630839129711718,nan,nan
mnist,topk_softmax_0125,5,4,0.14066320657730103,0.9630833333333333,0.9626024396785919,0.12194534819176857,0.14000000059604645,1.865154686126303,nan,nan
mnist,topk_softmax_0125,5,5,0.12096606194972992,0.9615833333333333,0.9609040881098408,0.12298267509074921,0.14000000059604645,1.8676196958156341,nan,nan
mnist,topk_softmax_0125,5,6,0.10547817498445511,0.9686666666666667,0.9682028629307599,0.10135075980995564,0.14000000059604645,1.8611015563315534,nan,nan
mnist,topk_softmax_0125,5,7,0.09611060470342636,0.9679166666666666,0.967595911004891,0.10513480071057664,0.14000000059604645,1.8536697359795267,nan,nan
mnist,topk_softmax_0125,5,8,0.09050004929304123,0.97075,0.9703000330067214,0.09731640016778986,0.14000000059604645,1.8522529044049851,nan,nan
mnist,topk_softmax_0125,5,9,0.07984650880098343,0.9700833333333333,0.969814859153258,0.09765001037653456,0.14000000059604645,1.8617515678101397,nan,nan
mnist,topk_softmax_0125,5,10,0.07311004400253296,0.9725833333333334,0.9723599453098892,0.09532937114226057,0.14000000059604645,1.8558944717366646,nan,nan
mnist,topk_softmax_0125,5,11,0.06922399252653122,0.9731666666666666,0.9729376952116393,0.08874082422636925,0.14000000059604645,1.8524579646739554,nan,nan
mnist,topk_softmax_0125,5,12,0.06287115067243576,0.9715,0.9712407966759699,0.09378773108758826,0.14000000059604645,1.844335452039191,nan,nan
mnist,topk_softmax_0125,5,13,0.05741163715720177,0.9739166666666667,0.9736207831860579,0.08773445353863087,0.14000000059604645,1.8447901974333094,nan,nan
mnist,topk_softmax_0125,5,14,0.05685729160904884,0.9723333333333334,0.9720487522715692,0.09238633152810817,0.14000000059604645,1.8376620589418615,nan,nan
mnist,topk_softmax_0125,5,15,0.054125379770994186,0.9731666666666666,0.972866836986017,0.09560461441411618,0.14000000059604645,1.8442719933834482,nan,nan
mnist,topk_softmax_0125,5,16,0.0479954332113266,0.9753333333333334,0.9750547820624101,0.08459600160255078,0.14000000059604645,1.8397348434367078,nan,nan
mnist,topk_softmax_0125,5,17,0.04639190807938576,0.9761666666666666,0.9757783242539613,0.08513025788867727,0.14000000059604645,1.849039524159533,nan,nan
mnist,topk_softmax_0125,5,18,0.043980326503515244,0.9771666666666666,0.9769210078501709,0.08209393435019127,0.14000000059604645,1.8444374647546322,nan,nan
mnist,topk_softmax_0125,5,19,0.04143849387764931,0.973,0.9727321594882085,0.09302408882278076,0.14000000059604645,1.842072290308932,nan,nan
mnist,topk_softmax_0125,5,20,0.039808399975299835,0.9743333333333334,0.9740684581192888,0.08943238747405245,0.14000000059604645,1.8276152496642255,nan,nan
mnist,topk_softmax_0125,5,21,0.039953406900167465,0.9754166666666667,0.9751849961672979,0.09068964453453714,0.14000000059604645,1.8258197941678636,nan,nan
mnist,topk_softmax_0125,5,22,0.035150013864040375,0.9785833333333334,0.9783878584167145,0.08585415388199877,0.14000000059604645,1.830292174156676,nan,nan
mnist,topk_softmax_0125,5,23,0.03597411513328552,0.97525,0.9750199485383637,0.09637716182685913,0.14000000059604645,1.8262291981818828,nan,nan
mnist,topk_softmax_0125,5,24,0.033081065863370895,0.97725,0.9769790105260243,0.09292603985584796,0.14000000059604645,1.823303202365307,nan,nan
mnist,topk_softmax_0125,5,25,0.031018750742077827,0.9753333333333334,0.9750230910809504,0.09418845454112013,0.14000000059604645,1.8192390495158257,nan,nan
mnist,topk_softmax_0125,5,26,0.037030935287475586,0.9768333333333333,0.9765715810854261,0.08886651413396318,0.14000000059604645,1.8260029972867762,nan,nan
mnist,topk_softmax_0125,5,27,0.028686553239822388,0.9765,0.9762247164228727,0.09056661781319912,0.14000000059604645,1.8416147168646468,nan,nan
mnist,topk_softmax_0125,6,0,1.1334991455078125,0.8629166666666667,0.8603520062216294,0.4374360309002247,0.14000000059604645,1.8756383454546015,nan,nan
mnist,topk_softmax_0125,6,1,0.34059494733810425,0.9080833333333334,0.9083812510811609,0.30020351517707744,0.14000000059604645,1.831814616284472,nan,nan
mnist,topk_softmax_0125,6,2,0.22971442341804504,0.9434166666666667,0.9430421667319703,0.1861008421537724,0.14000000059604645,1.8183953330871907,nan,nan
mnist,topk_softmax_0125,6,3,0.1778763383626938,0.94775,0.9473169403098192,0.17022338192513647,0.14000000059604645,1.8233462990598475,nan,nan
mnist,topk_softmax_0125,6,4,0.15320631861686707,0.9573333333333334,0.9569404647207355,0.1384281115011966,0.14000000059604645,1.806054968783196,nan,nan
mnist,topk_softmax_0125,6,5,0.1315816193819046,0.9595833333333333,0.9591994684464961,0.1292634882191394,0.14000000059604645,1.809159760779523,nan,nan
mnist,topk_softmax_0125,6,6,0.12175185978412628,0.9635,0.9632494475062154,0.11551014508338685,0.14000000059604645,1.8062136845385774,nan,nan
mnist,topk_softmax_0125,6,7,0.10324995219707489,0.9641666666666666,0.9639059249245842,0.10879582824542168,0.14000000059604645,1.8061218933856233,nan,nan
mnist,topk_softmax_0125,6,8,0.09739664196968079,0.9639166666666666,0.9636863865236185,0.1134899452011636,0.14000000059604645,1.7986653497878542,nan,nan
mnist,topk_softmax_0125,6,9,0.0864400640130043,0.9675833333333334,0.9673017744450119,0.10473891672618846,0.14000000059604645,1.791672463112689,nan,nan
mnist,topk_softmax_0125,6,10,0.0806383565068245,0.9689166666666666,0.9686955345242734,0.09983054223529836,0.14000000059604645,1.7975090196792116,nan,nan
mnist,topk_softmax_0125,6,11,0.07497605681419373,0.9694166666666667,0.9690694090086687,0.0979808933557348,0.14000000059604645,1.7932364484097094,nan,nan
mnist,topk_softmax_0125,6,12,0.06864573061466217,0.9719166666666667,0.9716799080808343,0.08933036750618448,0.14000000059604645,1.7846065556749384,nan,nan
mnist,topk_softmax_0125,6,13,0.062040142714977264,0.9723333333333334,0.9721219794399136,0.09005142764208164,0.14000000059604645,1.7905222380414922,nan,nan
mnist,topk_softmax_0125,6,14,0.061337921768426895,0.9723333333333334,0.9721550672135271,0.09041590798408428,0.14000000059604645,1.7829793425316507,nan,nan
mnist,topk_softmax_0125,6,15,0.05703065171837807,0.973,0.9727438904949317,0.08947292770794098,0.14000000059604645,1.7935595892845315,nan,nan
mnist,topk_softmax_0125,6,16,0.04947531223297119,0.973,0.9727798094090885,0.09083693648906464,0.14000000059604645,1.7690334358113877,nan,nan
mnist,topk_softmax_0125,6,17,0.05404584854841232,0.9735833333333334,0.973337948329904,0.08745323525781327,0.14000000059604645,1.7662502958419475,nan,nan
mnist,topk_softmax_0125,6,18,0.047119226306676865,0.9739166666666667,0.973718104935774,0.08639239464351471,0.14000000059604645,1.7850904883222376,nan,nan
mnist,topk_softmax_0125,6,19,0.04437506943941116,0.9760833333333333,0.9758256543150171,0.08765007852715381,0.14000000059604645,1.7633354384848412,nan,nan
mnist,topk_softmax_0125,6,20,0.04326982423663139,0.9741666666666666,0.97395775770706,0.0893323930337074,0.14000000059604645,1.7646396629353787,nan,nan
mnist,topk_softmax_0125,6,21,0.039018161594867706,0.9759166666666667,0.9757095449969807,0.08423320568622426,0.14000000059604645,1.7533968167102083,nan,nan
mnist,topk_softmax_0125,6,22,0.037241533398628235,0.97675,0.9764865697680071,0.08319418631652568,0.14000000059604645,1.7312125525576003,nan,nan
mnist,topk_softmax_0125,6,23,0.03705029934644699,0.9763333333333334,0.9761226111903338,0.08616171202602539,0.14000000059604645,1.7410383541533287,nan,nan
mnist,topk_softmax_0125,6,24,0.03620192036032677,0.9769166666666667,0.9767706858996286,0.08258717091001094,0.14000000059604645,1.7710888981819153,nan,nan
mnist,topk_softmax_0125,6,25,0.03391526639461517,0.9730833333333333,0.9729629930729884,0.09298661850551342,0.14000000059604645,1.754666155957161,nan,nan
mnist,topk_softmax_0125,6,26,0.03273920714855194,0.9741666666666666,0.9739553650695507,0.09072694943306293,0.14000000059604645,1.7472338942771262,nan,nan
mnist,topk_softmax_0125,6,27,0.03324747830629349,0.9763333333333334,0.9761159963600987,0.08515079422517026,0.14000000059604645,1.7628543858832502,nan,nan
mnist,topk_softmax_0125,6,28,0.02854006551206112,0.9761666666666666,0.9759388837112084,0.08497453591925033,0.14000000059604645,1.7586454254515627,nan,nan
mnist,topk_softmax_0125,6,29,0.027674123644828796,0.9751666666666666,0.9749830414061333,0.09107892746303944,0.14000000059604645,1.7438602637737355,nan,nan
mnist,topk_softmax_0125,7,0,1.0053354501724243,0.88375,0.882672010937599,0.3724911025864013,0.14000000059604645,1.9056446298639824,nan,nan
mnist,topk_softmax_0125,7,1,0.2870015799999237,0.9305833333333333,0.9296582608660022,0.22429104846842746,0.14000000059604645,1.8840557235352537,nan,nan
mnist,topk_softmax_0125,7,2,0.20488926768302917,0.9460833333333334,0.9454430440837234,0.17205086556520868,0.14000000059604645,1.8751165854169967,nan,nan
mnist,topk_softmax_0125,7,3,0.16380201280117035,0.9528333333333333,0.9523450052267399,0.1534279616589242,0.14000000059604645,1.8713268434747736,nan,nan
mnist,topk_softmax_0125,7,4,0.13884791731834412,0.95775,0.9572788111435457,0.14053269943341296,0.14000000059604645,1.8714791688513248,nan,nan
mnist,topk_softmax_0125,7,5,0.11962909251451492,0.962,0.9617027827880001,0.1247961790637767,0.14000000059604645,1.8651943523833092,nan,nan
mnist,topk_softmax_0125,7,6,0.11154691874980927,0.9635833333333333,0.963233538164584,0.1220503917875442,0.14000000059604645,1.8676318665768237,nan,nan
mnist,topk_softmax_0125,7,7,0.09847462922334671,0.9645833333333333,0.9642614798510254,0.12066182811209496,0.14000000059604645,1.863957093117085,nan,nan
mnist,topk_softmax_0125,7,8,0.09104043245315552,0.9661666666666666,0.9659385164980311,0.11853256092426624,0.14000000059604645,1.8586259433563719,nan,nan
mnist,topk_softmax_0125,7,9,0.08272925764322281,0.9669166666666666,0.9667336123414355,0.11462743302926104,0.14000000059604645,1.8594295483954408,nan,nan
mnist,topk_softmax_0125,7,10,0.07717356830835342,0.9705,0.9702980008257798,0.1053670660612431,0.14000000059604645,1.858771320353163,nan,nan
mnist,topk_softmax_0125,7,11,0.06945564597845078,0.9728333333333333,0.9726732663731577,0.10100116953253746,0.14000000059604645,1.8604892099157293,nan,nan
mnist,topk_softmax_0125,7,12,0.06327801197767258,0.9688333333333333,0.9686548294414361,0.10995326690534328,0.14000000059604645,1.8563780822652451,nan,nan
mnist,topk_softmax_0125,7,13,0.0643313005566597,0.9709166666666667,0.9707269959284149,0.1024380346086431,0.14000000059604645,1.8482832870584853,nan,nan
mnist,topk_softmax_0125,7,14,0.053734999150037766,0.9723333333333334,0.9721545198585824,0.09940462056151096,0.14000000059604645,1.855311135028271,nan,nan
mnist,topk_softmax_0125,7,15,0.05453886091709137,0.9700833333333333,0.9699153129029672,0.10777629555222835,0.14000000059604645,1.8621213258580958,nan,nan
mnist,topk_softmax_0125,7,16,0.0495557002723217,0.9733333333333334,0.973153206610222,0.0966845174577642,0.14000000059604645,1.8493648805516831,nan,nan
mnist,topk_softmax_0125,7,17,0.04784630611538887,0.9755,0.9753131297094612,0.0870486243449627,0.14000000059604645,1.847212090137157,nan,nan
mnist,topk_softmax_0125,7,18,0.04731692373752594,0.97125,0.971023635684924,0.10298306296797509,0.14000000059604645,1.8445960765189313,nan,nan
mnist,topk_softmax_0125,7,19,0.04310533031821251,0.9725,0.9723946186893808,0.10381832068904917,0.14000000059604645,1.852616899825157,nan,nan
mnist,topk_softmax_0125,7,20,0.04279140755534172,0.9766666666666667,0.9765306928322175,0.09227889693005288,0.14000000059604645,1.846589429581419,nan,nan
mnist,topk_softmax_0125,7,21,0.0412788949906826,0.9760833333333333,0.9759275426603917,0.09076367275036396,0.14000000059604645,1.848749690867485,nan,nan
mnist,topk_softmax_0125,7,22,0.0344463549554348,0.9723333333333334,0.9721663025415601,0.11037896518060501,0.14000000059604645,1.8447169978567894,nan,nan
mnist,topk_softmax_0125,7,23,0.038110606372356415,0.9731666666666666,0.9729412155424064,0.10322473253658478,0.14000000059604645,1.8328666458738612,nan,nan
mnist,topk_softmax_0125,7,24,0.03648502007126808,0.9734166666666667,0.9732417351685584,0.10081007868606359,0.14000000059604645,1.848591574963103,nan,nan
mnist,topk_softmax_0125,7,25,0.03596345707774162,0.9741666666666666,0.9739586239566493,0.09593313076394669,0.14000000059604645,1.8510686273270465,nan,nan
mnist,topk_softmax_0125,8,0,1.09835684299469,0.8720833333333333,0.8714620360867075,0.39948909650457665,0.14000000059604645,1.9239256622943472,nan,nan
mnist,topk_softmax_0125,8,1,0.32608121633529663,0.9259166666666667,0.925409431655995,0.22973406441668245,0.14000000059604645,1.913707009021272,nan,nan
mnist,topk_softmax_0125,8,2,0.22025711834430695,0.9441666666666667,0.9435317761859775,0.17351842671632767,0.14000000059604645,1.905971220199098,nan,nan
mnist,topk_softmax_0125,8,3,0.18308109045028687,0.95225,0.9517322451038023,0.1489950213977631,0.14000000059604645,1.8988588541112048,nan,nan
mnist,topk_softmax_0125,8,4,0.15232425928115845,0.9578333333333333,0.9574668376502091,0.13828038788856345,0.14000000059604645,1.890584111213684,nan,nan
mnist,topk_softmax_0125,8,5,0.13286267220973969,0.9583333333333334,0.9580266896604638,0.13190034887892135,0.14000000059604645,1.8877545278123085,nan,nan
mnist,topk_softmax_0125,8,6,0.11633669584989548,0.9623333333333334,0.9620101996685537,0.12258904070613232,0.14000000059604645,1.8842271135208455,nan,nan
mnist,topk_softmax_0125,8,7,0.10516908019781113,0.9625833333333333,0.9623699169510985,0.11671960401408216,0.14000000059604645,1.878889392031,nan,nan
mnist,topk_softmax_0125,8,8,0.09837731719017029,0.9691666666666666,0.9688538900379624,0.10255616546628323,0.14000000059604645,1.8741379189998546,nan,nan
mnist,topk_softmax_0125,8,9,0.09004002809524536,0.9691666666666666,0.968801195981726,0.10030279875277205,0.14000000059604645,1.8693827606262046,nan,nan
mnist,topk_softmax_0125,8,10,0.07978646457195282,0.973,0.9727637764049885,0.09044143533770074,0.14000000059604645,1.8672237751331735,nan,nan
mnist,topk_softmax_0125,8,11,0.07299710810184479,0.9718333333333333,0.9715720696458684,0.09390914658124143,0.14000000059604645,1.8674471682690559,nan,nan
mnist,topk_softmax_0125,8,12,0.06914857774972916,0.9723333333333334,0.9720327545625933,0.09161546774842638,0.14000000059604645,1.8636663682917332,nan,nan
mnist,topk_softmax_0125,8,13,0.06326800584793091,0.9744166666666667,0.9741369247056582,0.09051284915272226,0.14000000059604645,1.8596018299143364,nan,nan
mnist,topk_softmax_0125,8,14,0.06109016388654709,0.97075,0.9704032051027133,0.09719036388745968,0.14000000059604645,1.856255535115587,nan,nan
mnist,topk_softmax_0125,8,15,0.05749228596687317,0.9735833333333334,0.9733508000742326,0.08667426013407555,0.14000000059604645,1.851375275469841,nan,nan
mnist,topk_softmax_0125,8,16,0.05134529620409012,0.9730833333333333,0.9727426818402638,0.09055313103376551,0.14000000059604645,1.8522448438279173,nan,nan
mnist,topk_softmax_0125,8,17,0.052609167993068695,0.9748333333333333,0.9745499775459461,0.09056708363300943,0.14000000059604645,1.849826918003407,nan,nan
mnist,topk_softmax_0125,8,18,0.04688215255737305,0.9754166666666667,0.975088826853001,0.08745461880685167,0.14000000059604645,1.8493951280066308,nan,nan
mnist,topk_softmax_0125,8,19,0.045346349477767944,0.9751666666666666,0.9747816363213234,0.09083103396474047,0.14000000059604645,1.8491744538570971,nan,nan
mnist,topk_softmax_0125,8,20,0.04450693726539612,0.9755833333333334,0.9752568310048122,0.08490355229599679,0.14000000059604645,1.8427789553682854,nan,nan
mnist,topk_softmax_0125,8,21,0.041192300617694855,0.9751666666666666,0.9748999980642472,0.08964000832527241,0.14000000059604645,1.8420817078428064,nan,nan
mnist,topk_softmax_0125,8,22,0.03686928749084473,0.9758333333333333,0.9755821458913105,0.08720454736117353,0.14000000059604645,1.8387037984868313,nan,nan
mnist,topk_softmax_0125,8,23,0.03837048262357712,0.9736666666666667,0.9734132706483292,0.09371953160363308,0.14000000059604645,1.8336001089278688,nan,nan
mnist,topk_softmax_0125,8,24,0.03670145943760872,0.9755,0.9752056127137265,0.09306615820907532,0.14000000059604645,1.8391348301096166,nan,nan
mnist,topk_softmax_0125,8,25,0.03772860765457153,0.9780833333333333,0.9778577734046721,0.08848320050759519,0.14000000059604645,1.8305967057004888,nan,nan
mnist,topk_softmax_0125,8,26,0.031885433942079544,0.9755833333333334,0.9753179222046511,0.08521082593088454,0.14000000059604645,1.8306718684257346,nan,nan
mnist,topk_softmax_0125,8,27,0.034661341458559036,0.9755833333333334,0.9752294821583666,0.09001932554739586,0.14000000059604645,1.825304331931662,nan,nan
mnist,topk_softmax_0125,8,28,0.03129616007208824,0.97575,0.9754103673779552,0.09167483046730147,0.14000000059604645,1.8374849164739568,nan,nan
mnist,topk_softmax_0125,8,29,0.028827156871557236,0.97725,0.9771052459465486,0.09038076355577783,0.14000000059604645,1.8285157300056296,nan,nan
mnist,topk_softmax_0125,9,0,1.1007802486419678,0.8679166666666667,0.8662583739070353,0.41747495912491006,0.14000000059604645,1.9249780393661338,nan,nan
mnist,topk_softmax_0125,9,1,0.31870728731155396,0.9339166666666666,0.9337847330041475,0.21843404845988496,0.14000000059604645,1.9115636932088973,nan,nan
mnist,topk_softmax_0125,9,2,0.2124398797750473,0.9501666666666667,0.9502479541372686,0.16570267747057246,0.14000000059604645,1.9077031866033027,nan,nan
mnist,topk_softmax_0125,9,3,0.16687558591365814,0.956,0.9559266469244168,0.14506736817829152,0.14000000059604645,1.910197837555662,nan,nan
mnist,topk_softmax_0125,9,4,0.13539497554302216,0.9603333333333334,0.960318191387352,0.12930321392226726,0.14000000059604645,1.908302715484132,nan,nan
mnist,topk_softmax_0125,9,5,0.11325724422931671,0.9658333333333333,0.9658594005377716,0.11362577094993692,0.14000000059604645,1.9111290244345969,nan,nan
mnist,topk_softmax_0125,9,6,0.09841150790452957,0.97125,0.9713060421670425,0.09433173626027208,0.14000000059604645,1.9122392421073102,nan,nan
mnist,topk_softmax_0125,9,7,0.08672831952571869,0.9693333333333334,0.9695006737404042,0.10228076054060713,0.14000000059604645,1.9068895159883703,nan,nan
mnist,topk_softmax_0125,9,8,0.08185906708240509,0.9715833333333334,0.9715898337017455,0.09443623073240544,0.14000000059604645,1.9051176956359377,nan,nan
mnist,topk_softmax_0125,9,9,0.07448108494281769,0.9721666666666666,0.9721329351901206,0.09394834800920587,0.14000000059604645,1.9073973703891673,nan,nan
mnist,topk_softmax_0125,9,10,0.06620459258556366,0.97625,0.9762602239888805,0.08027274312174067,0.14000000059604645,1.9046137497780171,nan,nan
mnist,topk_softmax_0125,9,11,0.06681414693593979,0.9731666666666666,0.9732496775391206,0.09068972950286054,0.14000000059604645,1.9028709556194061,nan,nan
mnist,topk_softmax_0125,9,12,0.05885051563382149,0.974,0.9739863281105618,0.09157809385276855,0.14000000059604645,1.9001397617319797,nan,nan
mnist,topk_softmax_0125,9,13,0.0526532381772995,0.9786666666666667,0.9787253092688873,0.07559993462835221,0.14000000059604645,1.9024026279753827,nan,nan
mnist,topk_softmax_0125,9,14,0.052375826984643936,0.9738333333333333,0.9738053351380754,0.09221240505576134,0.14000000059604645,1.8998857533678095,nan,nan
mnist,topk_softmax_0125,9,15,0.0487949475646019,0.9754166666666667,0.9753597481098399,0.08435450894559951,0.14000000059604645,1.901532455961755,nan,nan
mnist,topk_softmax_0125,9,16,0.0457267239689827,0.9785833333333334,0.9786032799254458,0.0767073318996328,0.14000000059604645,1.9008438942280221,nan,nan
mnist,topk_softmax_0125,9,17,0.042000140994787216,0.9761666666666666,0.9761707534483376,0.08428408823748852,0.14000000059604645,1.8933956635759233,nan,nan
mnist,topk_softmax_0125,9,18,0.04140586033463478,0.97775,0.9777885487956167,0.08648400753736496,0.14000000059604645,1.8983838646969897,nan,nan
mnist,topk_softmax_025,0,0,1.2167185544967651,0.853,0.8509972513036003,0.45527029671567554,0.25999999046325684,2.5390946281717177,nan,nan
mnist,topk_softmax_025,0,1,0.35498183965682983,0.9239166666666667,0.9229845387618971,0.24674806347552766,0.25999999046325684,2.534212366063544,nan,nan
mnist,topk_softmax_025,0,2,0.22448362410068512,0.94025,0.9397966692149768,0.18882443660751302,0.25999999046325684,2.534663550397183,nan,nan
mnist,topk_softmax_025,0,3,0.17477010190486908,0.9490833333333333,0.9490829221082377,0.1629747190374009,0.25999999046325684,2.5297791704218437,nan,nan
mnist,topk_softmax_025,0,4,0.1447097361087799,0.9594166666666667,0.9590711177532857,0.13764061651965406,0.25999999046325684,2.5326492710316435,nan,nan
mnist,topk_softmax_025,0,5,0.12445591390132904,0.9640833333333333,0.9637048971994233,0.11645499228480015,0.25999999046325684,2.5288050732714065,nan,nan
mnist,topk_softmax_025,0,6,0.10691407322883606,0.9663333333333334,0.9660858222769321,0.10841987519822222,0.25999999046325684,2.528248241607179,nan,nan
mnist,topk_softmax_025,0,7,0.09670870006084442,0.96775,0.9675340390062178,0.10304431736152223,0.25999999046325684,2.5203428344523653,nan,nan
mnist,topk_softmax_025,0,8,0.08792345225811005,0.9705,0.9703124202144062,0.1010128304837866,0.25999999046325684,2.511122533615599,nan,nan
mnist,topk_softmax_025,0,9,0.0785321593284607,0.9725833333333334,0.9723054531139322,0.08860483083953248,0.25999999046325684,2.5091980923997594,nan,nan
mnist,topk_softmax_025,0,10,0.07379444688558578,0.973,0.9727662323414645,0.08408086406106645,0.25999999046325684,2.5027447025826635,nan,nan
mnist,topk_softmax_025,0,11,0.06776197254657745,0.9753333333333334,0.9751016575189005,0.07928197077931241,0.25999999046325684,2.504393217411447,nan,nan
mnist,topk_softmax_025,0,12,0.06406872719526291,0.97175,0.9716190703003467,0.09696687845156547,0.25999999046325684,2.4927073641026274,nan,nan
mnist,topk_softmax_025,0,13,0.058836694806814194,0.9776666666666667,0.977506515236306,0.07662433595891963,0.25999999046325684,2.4881574904665036,nan,nan
mnist,topk_softmax_025,0,14,0.05412226542830467,0.9741666666666666,0.973939556081201,0.08707885420385827,0.25999999046325684,2.4867416341254054,nan,nan
mnist,topk_softmax_025,0,15,0.05322666093707085,0.9768333333333333,0.9766417146972758,0.07726765229822473,0.25999999046325684,2.476426713010098,nan,nan
mnist,topk_softmax_025,0,16,0.050876833498477936,0.9774166666666667,0.977261777653131,0.07167184883926778,0.25999999046325684,2.482920190121265,nan,nan
mnist,topk_softmax_025,0,17,0.046433258801698685,0.9796666666666667,0.9795478544433248,0.07275232153528548,0.25999999046325684,2.474951495515539,nan,nan
mnist,topk_softmax_025,0,18,0.0432581752538681,0.9800833333333333,0.979931796770338,0.06786779573860954,0.25999999046325684,2.477792242740063,nan,nan
mnist,topk_softmax_025,0,19,0.04245973005890846,0.9734166666666667,0.973200900785329,0.09770493534334163,0.25999999046325684,2.4603115954297654,nan,nan
mnist,topk_softmax_025,0,20,0.0405304841697216,0.9795833333333334,0.9794507379640145,0.06781011463162746,0.25999999046325684,2.4730911812883742,nan,nan
mnist,topk_softmax_025,0,21,0.03654241934418678,0.9798333333333333,0.9797112155330467,0.07171919981532908,0.25999999046325684,2.4616091555737434,nan,nan
mnist,topk_softmax_025,0,22,0.037763189524412155,0.97875,0.9786297184908497,0.07573535004036223,0.25999999046325684,2.467192738614184,nan,nan
mnist,topk_softmax_025,0,23,0.03487963601946831,0.9771666666666666,0.9770044461966464,0.08016623857807606,0.25999999046325684,2.4558471517359957,nan,nan
mnist,topk_softmax_025,1,0,1.2608067989349365,0.8394166666666667,0.8372170121099843,0.5039062474636321,0.25999999046325684,2.5152594485181443,nan,nan
mnist,topk_softmax_025,1,1,0.3696175217628479,0.9199166666666667,0.918736662660308,0.24969291369965735,0.25999999046325684,2.5140345121951815,nan,nan
mnist,topk_softmax_025,1,2,0.2428387701511383,0.9256666666666666,0.9246297768282729,0.22913596636437356,0.25999999046325684,2.5054313045866947,nan,nan
mnist,topk_softmax_025,1,3,0.1959604024887085,0.9453333333333334,0.9447696799477964,0.1722140890803743,0.25999999046325684,2.4920880667706755,nan,nan
mnist,topk_softmax_025,1,4,0.1620490998029709,0.9585833333333333,0.9581728749800342,0.13197578109325248,0.25999999046325684,2.4756243736185928,nan,nan
mnist,topk_softmax_025,1,5,0.138492614030838,0.9581666666666667,0.9576627736574956,0.13932565377747758,0.25999999046325684,2.4631317194471967,nan,nan
mnist,topk_softmax_025,1,6,0.12271790206432343,0.9633333333333334,0.9630010529876214,0.11984330764476289,0.25999999046325684,2.4473701258923146,nan,nan
mnist,topk_softmax_025,1,7,0.1171417087316513,0.9605,0.9602496675871608,0.12611889220932695,0.25999999046325684,2.427055209241015,nan,nan
mnist,topk_softmax_025,1,8,0.10314067453145981,0.9660833333333333,0.9657871854520119,0.10975934897965574,0.25999999046325684,2.4279327570123876,nan,nan
mnist,topk_softmax_025,1,9,0.09640372544527054,0.9655833333333333,0.9653370042960809,0.1097436307117026,0.25999999046325684,2.4111606745009726,nan,nan
mnist,topk_softmax_025,1,10,0.08603885024785995,0.97075,0.9704954293100057,0.09613776377382431,0.25999999046325684,2.413578210993016,nan,nan
mnist,topk_softmax_025,1,11,0.07535578310489655,0.9720833333333333,0.9717834895971101,0.09545693598053556,0.25999999046325684,2.405327388580809,nan,nan
mnist,topk_softmax_025,1,12,0.0721450001001358,0.972,0.9717669345223048,0.09008067489621487,0.25999999046325684,2.4164261513567986,nan,nan
mnist,topk_softmax_025,1,13,0.067153699696064,0.9696666666666667,0.9693325714409069,0.10418996040491348,0.25999999046325684,2.417807561285952,nan,nan
mnist,topk_softmax_025,1,14,0.06459268182516098,0.972,0.971683286431316,0.09476711771431122,0.25999999046325684,2.3986655296163355,nan,nan
mnist,topk_softmax_025,1,15,0.06074528768658638,0.9713333333333334,0.9710087274818908,0.09664930133743489,0.25999999046325684,2.394983339816966,nan,nan
mnist,topk_softmax_025,1,16,0.05730792135000229,0.97425,0.9740283905030388,0.08895763540838628,0.25999999046325684,2.38882259358751,nan,nan
mnist,topk_softmax_025,1,17,0.054127659648656845,0.97425,0.973940601381806,0.08890079052999933,0.25999999046325684,2.388478509923245,nan,nan
mnist,topk_softmax_025,1,18,0.05276711657643318,0.9765,0.9763897819450843,0.0838806306388467,0.25999999046325684,2.383094572006388,nan,nan
mnist,topk_softmax_025,1,19,0.04626072198152542,0.9781666666666666,0.9779601945022074,0.0829142651500854,0.25999999046325684,2.377320941458357,nan,nan
mnist,topk_softmax_025,1,20,0.04783262312412262,0.9775833333333334,0.9774039051374628,0.07847301160639271,0.25999999046325684,2.3795206775056554,nan,nan
mnist,topk_softmax_025,1,21,0.04609054699540138,0.9735833333333334,0.9733129220567431,0.09102661222060944,0.25999999046325684,2.3721955152268106,nan,nan
mnist,topk_softmax_025,1,22,0.042087823152542114,0.9756666666666667,0.9754747089811525,0.08330942973732314,0.25999999046325684,2.377571364666553,nan,nan
mnist,topk_softmax_025,1,23,0.03792722150683403,0.975,0.9746943049451557,0.09336545722598726,0.25999999046325684,2.3770326502779695,nan,nan
mnist,topk_softmax_025,1,24,0.0365242175757885,0.976,0.9757218917953739,0.08883118823646231,0.25999999046325684,2.3462454968310418,nan,nan
mnist,topk_softmax_025,2,0,1.1846145391464233,0.83775,0.8320705426387265,0.5002532569651909,0.25999999046325684,2.51175183691877,nan,nan
mnist,topk_softmax_025,2,1,0.3627593517303467,0.9209166666666667,0.9195587492640669,0.25185551478507673,0.25999999046325684,2.5014967512577138,nan,nan
mnist,topk_softmax_025,2,2,0.23247979581356049,0.9436666666666667,0.9429273857950257,0.18395508429471483,0.25999999046325684,2.481979636435813,nan,nan
mnist,topk_softmax_025,2,3,0.17827539145946503,0.9453333333333334,0.9449370696041768,0.17615726716974947,0.25999999046325684,2.4780134495268475,nan,nan
mnist,topk_softmax_025,2,4,0.1527319848537445,0.956,0.9556275007808963,0.1459232324615438,0.25999999046325684,2.4758732623242317,nan,nan
mnist,topk_softmax_025,2,5,0.13257582485675812,0.9608333333333333,0.9604227881682721,0.12974665512112862,0.25999999046325684,2.4711597295517618,nan,nan
mnist,topk_softmax_025,2,6,0.11608637869358063,0.9625,0.9621763478307391,0.12217979798925684,0.25999999046325684,2.4628941835241114,nan,nan
mnist,topk_softmax_025,2,7,0.1034298837184906,0.9666666666666667,0.966370014726856,0.10739629945539414,0.25999999046325684,2.4626877713710704,nan,nan
mnist,topk_softmax_025,2,8,0.09418567270040512,0.9698333333333333,0.969611282742162,0.09929035936898374,0.25999999046325684,2.4687649087702974,nan,nan
mnist,topk_softmax_025,2,9,0.08550078421831131,0.9729166666666667,0.9727299974086968,0.09525368774824954,0.25999999046325684,2.4629422400860075,nan,nan
mnist,topk_softmax_025,2,10,0.07888434827327728,0.974,0.9737759282668635,0.08999683319571171,0.25999999046325684,2.4585215741015496,nan,nan
mnist,topk_softmax_025,2,11,0.07439374923706055,0.9755,0.9752770922605528,0.08539920070386947,0.25999999046325684,2.451627842923428,nan,nan
mnist,topk_softmax_025,2,12,0.06740495562553406,0.9738333333333333,0.9736457067050539,0.0836958647408384,0.25999999046325684,2.4534189320625144,nan,nan
mnist,topk_softmax_025,2,13,0.06363879144191742,0.9744166666666667,0.9741075188904436,0.08500405083945457,0.25999999046325684,2.436158088927573,nan,nan
mnist,topk_softmax_025,2,14,0.05960825830698013,0.9695833333333334,0.9692329844573863,0.10549012389271817,0.25999999046325684,2.438392608723742,nan,nan
mnist,topk_softmax_025,2,15,0.05509096384048462,0.9758333333333333,0.9755941226710515,0.08326352550152769,0.25999999046325684,2.4441203107225133,nan,nan
mnist,topk_softmax_025,2,16,0.05296724662184715,0.975,0.9747448219820326,0.08497123382589285,0.25999999046325684,2.4427337646484375,nan,nan
mnist,topk_softmax_025,2,17,0.04924802482128143,0.9795,0.9792628662123019,0.08286311873730193,0.25999999046325684,2.440515218897069,nan,nan
mnist,topk_softmax_025,2,18,0.04654793441295624,0.9753333333333334,0.9750781047716387,0.08759351383815421,0.25999999046325684,2.4326579139587725,nan,nan
mnist,topk_softmax_025,2,19,0.04439185932278633,0.9776666666666667,0.9774745956365216,0.07827268136625594,0.25999999046325684,2.444814780925183,nan,nan
mnist,topk_softmax_025,2,20,0.04437249153852463,0.9763333333333334,0.9761266478655604,0.08108997178521563,0.25999999046325684,2.4305418323963246,nan,nan
mnist,topk_softmax_025,2,21,0.04012153670191765,0.9761666666666666,0.9759244186368672,0.08494975255366335,0.25999999046325684,2.4360000884279294,nan,nan
mnist,topk_softmax_025,2,22,0.03533538058400154,0.9804166666666667,0.9802247913147774,0.07182303853729304,0.25999999046325684,2.4208250654504653,nan,nan
mnist,topk_softmax_025,2,23,0.037216465920209885,0.976,0.9757372139557072,0.0851081455562343,0.25999999046325684,2.4309783210145666,nan,nan
mnist,topk_softmax_025,2,24,0.03232300281524658,0.9756666666666667,0.9753741401074869,0.08908944604720206,0.25999999046325684,2.4318447011582394,nan,nan
mnist,topk_softmax_025,2,25,0.03848103806376457,0.9793333333333333,0.9791262397494407,0.07920648415196449,0.25999999046325684,2.4247813326247196,nan,nan
mnist,topk_softmax_025,2,26,0.031057754531502724,0.9790833333333333,0.9788812194846764,0.07532676107230339,0.25999999046325684,2.4305943681838666,nan,nan
mnist,topk_softmax_025,2,27,0.03175497055053711,0.97875,0.9785009172988103,0.07863050723012457,0.25999999046325684,2.421970134085797,nan,nan
mnist,topk_softmax_025,3,0,1.2050493955612183,0.8515,0.8500513548466045,0.4604893035077034,0.25999999046325684,2.49832532507308,nan,nan
mnist,topk_softmax_025,3,1,0.3370305299758911,0.92525,0.9245769887581666,0.24515625105259267,0.25999999046325684,2.5139303359579532,nan,nan
mnist,topk_softmax_025,3,2,0.22788168489933014,0.944,0.9436356745579142,0.19002904299091786,0.25999999046325684,2.496413695051315,nan,nan
mnist,topk_softmax_025,3,3,0.1826775223016739,0.9510833333333333,0.9506606139517849,0.15675334870181185,0.25999999046325684,2.5032608990973615,nan,nan
mnist,topk_softmax_025,3,4,0.15266115963459015,0.9524166666666667,0.9521893024593961,0.15136234050101421,0.25999999046325684,2.501408576965332,nan,nan
mnist,topk_softmax_025,3,5,0.13004615902900696,0.957,0.9568353098874344,0.13242762107798395,0.25999999046325684,2.4930473946510476,nan,nan
mnist,topk_softmax_025,3,6,0.11517152190208435,0.9645833333333333,0.9643725343548196,0.12042665338896691,0.25999999046325684,2.4842266021890844,nan,nan
mnist,topk_softmax_025,3,7,0.10338049381971359,0.9665833333333333,0.9664110747244153,0.10972926955907902,0.25999999046325684,2.4757073508932237,nan,nan
mnist,topk_softmax_025,3,8,0.0959852859377861,0.9708333333333333,0.9706898755537745,0.0977328064593863,0.25999999046325684,2.478917301969325,nan,nan
mnist,topk_softmax_025,3,9,0.08455467224121094,0.9723333333333334,0.9722127197386445,0.09563967918461942,0.25999999046325684,2.470576745398501,nan,nan
mnist,topk_softmax_025,3,10,0.07622051239013672,0.9711666666666666,0.9710044122210538,0.09214636366418068,0.25999999046325684,2.472928115662108,nan,nan
mnist,topk_softmax_025,3,11,0.07500921934843063,0.9726666666666667,0.9726574805872629,0.09488809703195349,0.25999999046325684,2.472657226501627,nan,nan
mnist,topk_softmax_025,3,12,0.06462341547012329,0.9738333333333333,0.9736785240165341,0.0865098254636247,0.25999999046325684,2.465460584518757,nan,nan
mnist,topk_softmax_025,3,13,0.063027024269104,0.9750833333333333,0.9749450477528901,0.08490419142106746,0.25999999046325684,2.466157763562304,nan,nan
mnist,topk_softmax_025,3,14,0.05962308868765831,0.9766666666666667,0.9766092357626432,0.07775831519764789,0.25999999046325684,2.464943195911164,nan,nan
mnist,topk_softmax_025,3,15,0.05138025060296059,0.9761666666666666,0.9761210184410103,0.08069145885553766,0.25999999046325684,2.46721055659842,nan,nan
mnist,topk_softmax_025,3,16,0.048100560903549194,0.9725,0.9723812707192637,0.0848869560088249,0.25999999046325684,2.460881826725412,nan,nan
mnist,topk_softmax_025,3,17,0.04602641612291336,0.9756666666666667,0.9755151432833612,0.08511301169687129,0.25999999046325684,2.464997504619842,nan,nan
mnist,topk_softmax_025,3,18,0.0463407076895237,0.9791666666666666,0.9790775342834236,0.07511998728868809,0.25999999046325684,2.457632300701547,nan,nan
mnist,topk_softmax_025,3,19,0.04236921668052673,0.9764166666666667,0.9762770669105036,0.08315456622934088,0.25999999046325684,2.464899514583831,nan,nan
mnist,topk_softmax_025,3,20,0.040801141411066055,0.9783333333333334,0.9781529816924956,0.07771545371159594,0.25999999046325684,2.4580802739934717,nan,nan
mnist,topk_softmax_025,3,21,0.03899666294455528,0.979,0.9789171255245922,0.07876266856142815,0.25999999046325684,2.4590479338422733,nan,nan
mnist,topk_softmax_025,3,22,0.03598471358418465,0.9778333333333333,0.9777023366224513,0.08159308428777025,0.25999999046325684,2.460064020562679,nan,nan
mnist,topk_softmax_025,3,23,0.03318849578499794,0.9779166666666667,0.9777249499133551,0.08188421837985516,0.25999999046325684,2.4578722588559416,nan,nan
mnist,topk_softmax_025,4,0,1.3382564783096313,0.83975,0.8333756174422021,0.5082470387854474,0.25999999046325684,2.54659266928409,nan,nan
mnist,topk_softmax_025,4,1,0.37184134125709534,0.92825,0.9276245770333466,0.23762509702367984,0.25999999046325684,2.5325163273101157,nan,nan
mnist,topk_softmax_025,4,2,0.2398878037929535,0.9423333333333334,0.9417366502074376,0.18759206761705113,0.25999999046325684,2.5264895063765507,nan,nan
mnist,topk_softmax_025,4,3,0.1815279871225357,0.9511666666666667,0.9508479738788764,0.15602168345704992,0.25999999046325684,2.517933297664561,nan,nan
mnist,topk_softmax_025,4,4,0.15429149568080902,0.9588333333333333,0.9587886589337684,0.12981851969627625,0.25999999046325684,2.501536836015417,nan,nan
mnist,topk_softmax_025,4,5,0.13405057787895203,0.9564166666666667,0.9562475864575447,0.14801035266607365,0.25999999046325684,2.4951533129874695,nan,nan
mnist,topk_softmax_025,4,6,0.11638084799051285,0.9683333333333334,0.9681383227708957,0.10427828949499637,0.25999999046325684,2.4833408391222043,nan,nan
mnist,topk_softmax_025,4,7,0.10619495809078217,0.9673333333333334,0.9671954926515187,0.10660481627317185,0.25999999046325684,2.4838668919624167,nan,nan
mnist,topk_softmax_025,4,8,0.096279077231884,0.9724166666666667,0.972201226841585,0.09434319184498584,0.25999999046325684,2.480972726294335,nan,nan
mnist,topk_softmax_025,4,9,0.0890916958451271,0.97175,0.9714420200186735,0.09145030296070779,0.25999999046325684,2.4769562381379147,nan,nan
mnist,topk_softmax_025,4,10,0.08019979298114777,0.9755833333333334,0.9754229164662561,0.08388866642688184,0.25999999046325684,2.471145731337527,nan,nan
mnist,topk_softmax_025,4,11,0.0775483101606369,0.974,0.9737745607412667,0.08338253992669126,0.25999999046325684,2.459059517434303,nan,nan
mnist,topk_softmax_025,4,12,0.07044309377670288,0.97525,0.97506274207923,0.0812563403172696,0.25999999046325684,2.458291081672019,nan,nan
mnist,topk_softmax_025,4,13,0.06828783452510834,0.9743333333333334,0.9741492214364491,0.0845701906116719,0.25999999046325684,2.4512889283768673,nan,nan
mnist,topk_softmax_025,4,14,0.06360899657011032,0.9755833333333334,0.9753676626767099,0.08266690872768138,0.25999999046325684,2.460174301837353,nan,nan
mnist,topk_softmax_025,4,15,0.0585305355489254,0.9774166666666667,0.9773176947772507,0.07347877791270296,0.25999999046325684,2.4575008153915405,nan,nan
mnist,topk_softmax_025,4,16,0.054074157029390335,0.9765833333333334,0.9764315886418455,0.07719307598915506,0.25999999046325684,2.457004653646591,nan,nan
mnist,topk_softmax_025,4,17,0.05418255180120468,0.9779166666666667,0.9776968824081747,0.07341889951853676,0.25999999046325684,2.453567497273709,nan,nan
mnist,topk_softmax_025,4,18,0.04831613227725029,0.97775,0.9775640089817351,0.07589666961513936,0.25999999046325684,2.449231452130257,nan,nan
mnist,topk_softmax_025,4,19,0.0482475608587265,0.97975,0.9795419382571703,0.06955928149375509,0.25999999046325684,2.4423276287444096,nan,nan
mnist,topk_softmax_025,4,20,0.04345850646495819,0.97525,0.9750109960143403,0.08656945578912471,0.25999999046325684,2.4380418518756297,nan,nan
mnist,topk_softmax_025,4,21,0.041155099868774414,0.9745833333333334,0.9743287321386799,0.09327352090560376,0.25999999046325684,2.432853252329725,nan,nan
mnist,topk_softmax_025,4,22,0.04206762835383415,0.9781666666666666,0.9779622891550908,0.08289949845601903,0.25999999046325684,2.4293900119497422,nan,nan
mnist,topk_softmax_025,4,23,0.039200473576784134,0.97975,0.9794932114398327,0.07547847625422985,0.25999999046325684,2.430455316888525,nan,nan
mnist,topk_softmax_025,4,24,0.03869326785206795,0.97975,0.9796111145318422,0.06878628742266843,0.25999999046325684,2.430582657773444,nan,nan
mnist,topk_softmax_025,5,0,1.2136669158935547,0.8105833333333333,0.8053066535970077,0.5543275881320873,0.25999999046325684,2.4973004625198687,nan,nan
mnist,topk_softmax_025,5,1,0.393116295337677,0.9021666666666667,0.902532940052934,0.31355854456729076,0.25999999046325684,2.482648436059343,nan,nan
mnist,topk_softmax_025,5,2,0.2571676969528198,0.9395,0.9387937489724824,0.19587535775722342,0.25999999046325684,2.4749547065572535,nan,nan
mnist,topk_softmax_025,5,3,0.19435890018939972,0.946,0.9452629317517918,0.16979261123119516,0.25999999046325684,2.47721673833563,nan,nan
mnist,topk_softmax_025,5,4,0.16651833057403564,0.9536666666666667,0.9532254266962861,0.1494506724337314,0.25999999046325684,2.4714806434956005,nan,nan
mnist,topk_softmax_025,5,5,0.14321047067642212,0.9615833333333333,0.9611261520558771,0.12696777823123526,0.25999999046325684,2.4599231075733266,nan,nan
mnist,topk_softmax_025,5,6,0.12293605506420135,0.9655,0.9650701802250164,0.11571267484984499,0.25999999046325684,2.4549046907019108,nan,nan
mnist,topk_softmax_025,5,7,0.11423778533935547,0.96375,0.9633811520072975,0.12144169718661207,0.25999999046325684,2.451956142770483,nan,nan
mnist,topk_softmax_025,5,8,0.10034133493900299,0.96925,0.9688864317833168,0.10320136323571205,0.25999999046325684,2.454555757502292,nan,nan
mnist,topk_softmax_025,5,9,0.09466823190450668,0.9705833333333334,0.970251971742455,0.09545241026802266,0.25999999046325684,2.442148502836836,nan,nan
mnist,topk_softmax_025,5,10,0.08413050323724747,0.9701666666666666,0.9697635552506789,0.09950590094036245,0.25999999046325684,2.441464233905711,nan,nan
mnist,topk_softmax_025,5,11,0.08020438253879547,0.9720833333333333,0.9717394019266475,0.09124754646674116,0.25999999046325684,2.437682570295131,nan,nan
mnist,topk_softmax_025,5,12,0.0751338005065918,0.9740833333333333,0.9737901287492156,0.08947357368913103,0.25999999046325684,2.438378577536725,nan,nan
mnist,topk_softmax_025,5,13,0.06529057770967484,0.9725833333333334,0.9722462326396091,0.09269012280918182,0.25999999046325684,2.439459998556908,nan,nan
mnist,topk_softmax_025,5,14,0.06743833422660828,0.9735833333333334,0.9732828835951611,0.08731927976329276,0.25999999046325684,2.4263647160631545,nan,nan
mnist,topk_softmax_025,5,15,0.06136444956064224,0.9663333333333334,0.9659220242707572,0.11382131215105666,0.25999999046325684,2.4255366021014275,nan,nan
mnist,topk_softmax_025,5,16,0.05838741362094879,0.9733333333333334,0.9730673285866063,0.08839782228336689,0.25999999046325684,2.4321722350222,nan,nan
mnist,topk_softmax_025,5,17,0.05260232463479042,0.9761666666666666,0.9758795386849719,0.08548206859763632,0.25999999046325684,2.4311264601159603,nan,nan
mnist,topk_softmax_025,5,18,0.051252033561468124,0.9756666666666667,0.9753467280914446,0.08339139565508416,0.25999999046325684,2.428388255707761,nan,nan
mnist,topk_softmax_025,5,19,0.04811833053827286,0.9756666666666667,0.9753970886733601,0.08330344317599814,0.25999999046325684,2.431239323413118,nan,nan
mnist,topk_softmax_025,5,20,0.045673906803131104,0.9770833333333333,0.9767774234552483,0.08155848993424406,0.25999999046325684,2.4124547953301287,nan,nan
mnist,topk_softmax_025,5,21,0.04614432528614998,0.9764166666666667,0.9761427557053315,0.0860511978810772,0.25999999046325684,2.4340465829727496,nan,nan
mnist,topk_softmax_025,5,22,0.04164620861411095,0.9745,0.9742021431810646,0.08370395531838244,0.25999999046325684,2.420988663713983,nan,nan
mnist,topk_softmax_025,5,23,0.03583962842822075,0.9786666666666667,0.9784395377955786,0.07889609058645178,0.25999999046325684,2.4249162090585585,nan,nan
mnist,topk_softmax_025,5,24,0.038376182317733765,0.9756666666666667,0.9754192688896538,0.0868988981906404,0.25999999046325684,2.421584098897082,nan,nan
mnist,topk_softmax_025,5,25,0.04128652065992355,0.9736666666666667,0.9733548101725834,0.09794828018292467,0.25999999046325684,2.41004389904915,nan,nan
mnist,topk_softmax_025,5,26,0.035303402692079544,0.97825,0.9779984942001972,0.07961512660171757,0.25999999046325684,2.4315489961745893,nan,nan
mnist,topk_softmax_025,5,27,0.029311612248420715,0.975,0.9747705112357693,0.09323589951592556,0.25999999046325684,2.4238653969257435,nan,nan
mnist,topk_softmax_025,5,28,0.03192649409174919,0.9731666666666666,0.9728969159880702,0.10566157895199796,0.25999999046325684,2.427968200216902,nan,nan
mnist,topk_softmax_025,6,0,1.2820760011672974,0.8225833333333333,0.8176773711912876,0.538175973486393,0.25999999046325684,2.503313186320853,nan,nan
mnist,topk_softmax_025,6,1,0.3988911807537079,0.91025,0.9095487574634799,0.28089294091184086,0.25999999046325684,2.469245266407094,nan,nan
mnist,topk_softmax_025,6,2,0.2576824128627777,0.93175,0.9313495887166183,0.22704136117975762,0.25999999046325684,2.4880455783072937,nan,nan
mnist,topk_softmax_025,6,3,0.20821213722229004,0.93825,0.9378024759494272,0.19474099925223817,0.25999999046325684,2.4743067254411413,nan,nan
mnist,topk_softmax_025,6,4,0.1646740585565567,0.9545833333333333,0.9543155691568099,0.1478435327398016,0.25999999046325684,2.462561054432646,nan,nan
mnist,topk_softmax_025,6,5,0.14181779325008392,0.9595833333333333,0.9591780850933738,0.13127511914106124,0.25999999046325684,2.471412831164421,nan,nan
mnist,topk_softmax_025,6,6,0.12582091987133026,0.9629166666666666,0.9626027947878469,0.12070821606098338,0.25999999046325684,2.4674794876829105,nan,nan
mnist,topk_softmax_025,6,7,0.10998937487602234,0.9648333333333333,0.964522951995739,0.11216348988261629,0.25999999046325684,2.452700680874764,nan,nan
mnist,topk_softmax_025,6,8,0.09749650955200195,0.9675,0.9672869861014617,0.10483174541212142,0.25999999046325684,2.456585042020108,nan,nan
mnist,topk_softmax_025,6,9,0.0899638831615448,0.9723333333333334,0.9721516853889669,0.08805393720877931,0.25999999046325684,2.460776613113728,nan,nan
mnist,topk_softmax_025,6,10,0.08183224499225616,0.9720833333333333,0.971811361164637,0.09166555312719751,0.25999999046325684,2.453298363279789,nan,nan
mnist,topk_softmax_025,6,11,0.0733049064874649,0.9738333333333333,0.9736409221672797,0.08683532373385226,0.25999999046325684,2.453178103933943,nan,nan
mnist,topk_softmax_025,6,12,0.06923525035381317,0.9740833333333333,0.9738612462336252,0.08527918580047628,0.25999999046325684,2.447396143953851,nan,nan
mnist,topk_softmax_025,6,13,0.06561262905597687,0.9720833333333333,0.971955466304219,0.09450212715471044,0.25999999046325684,2.459371901573019,nan,nan
mnist,topk_softmax_025,6,14,0.0609089694917202,0.9753333333333334,0.9751155461913614,0.08319401019748221,0.25999999046325684,2.4412400468866875,nan,nan
mnist,topk_softmax_025,6,15,0.05675971508026123,0.9735833333333334,0.9733539062646352,0.0848588531717975,0.25999999046325684,2.456233265552115,nan,nan
mnist,topk_softmax_025,6,16,0.05171153321862221,0.9760833333333333,0.9759396505714287,0.0784229002892971,0.25999999046325684,2.443585750904489,nan,nan
mnist,topk_softmax_025,6,17,0.05241217836737633,0.9788333333333333,0.9786370652562055,0.07165605994932195,0.25999999046325684,2.4297332459307732,nan,nan
mnist,topk_softmax_025,6,18,0.04800259321928024,0.9778333333333333,0.9777247757823038,0.07483685706207092,0.25999999046325684,2.4478538847984153,nan,nan
mnist,topk_softmax_025,6,19,0.04510209336876869,0.9774166666666667,0.9772497802540837,0.07663415721122255,0.25999999046325684,2.4327695851630353,nan,nan
mnist,topk_softmax_025,6,20,0.04293939843773842,0.9764166666666667,0.9762551962788107,0.08033156973567415,0.25999999046325684,2.4321475992811488,nan,nan
mnist,topk_softmax_025,6,21,0.04472177475690842,0.9795,0.9793535618559284,0.0681885373283257,0.25999999046325684,2.4257653977008578,nan,nan
mnist,topk_softmax_025,6,22,0.037720926105976105,0.9766666666666667,0.9764659165303294,0.08301529248661184,0.25999999046325684,2.4200505576235183,nan,nan
mnist,topk_softmax_025,6,23,0.03935004770755768,0.9785,0.978327179050455,0.07369075743283363,0.25999999046325684,2.4304029053830085,nan,nan
mnist,topk_softmax_025,6,24,0.03367318958044052,0.9800833333333333,0.9799032547340527,0.06894691102206707,0.25999999046325684,2.427227679719316,nan,nan
mnist,topk_softmax_025,6,25,0.034429050981998444,0.9815833333333334,0.9814475061588276,0.06557723850091086,0.25999999046325684,2.4156438036167875,nan,nan
mnist,topk_softmax_025,6,26,0.030453350394964218,0.9771666666666666,0.977000802515217,0.08183086532703106,0.25999999046325684,2.4264880393413786,nan,nan
mnist,topk_softmax_025,6,27,0.034375015646219254,0.9773333333333334,0.977190191178756,0.0807844711110947,0.25999999046325684,2.423835888822028,nan,nan
mnist,topk_softmax_025,6,28,0.03279653191566467,0.9808333333333333,0.9806837005877821,0.06860210247179295,0.25999999046325684,2.4310675098540937,nan,nan
mnist,topk_softmax_025,6,29,0.032938335090875626,0.9803333333333333,0.980143529989944,0.07480733504796282,0.25999999046325684,2.421905575914586,nan,nan
mnist,topk_softmax_025,7,0,1.1425666809082031,0.8375833333333333,0.8340953672489924,0.49558375807518656,0.25999999046325684,2.483010672508402,nan,nan
mnist,topk_softmax_025,7,1,0.3592340052127838,0.90925,0.9081641691422468,0.2898582419816484,0.25999999046325684,2.4857103647069727,nan,nan
mnist,topk_softmax_025,7,2,0.241462841629982,0.9373333333333334,0.9367261991881686,0.2067009063160166,0.25999999046325684,2.489888437250827,nan,nan
mnist,topk_softmax_025,7,3,0.18604543805122375,0.9448333333333333,0.9443418966963908,0.1759528603325499,0.25999999046325684,2.4950877707055272,nan,nan
mnist,topk_softmax_025,7,4,0.15806525945663452,0.9534166666666667,0.9528593257901952,0.15803515554425565,0.25999999046325684,2.4926269130503877,nan,nan
mnist,topk_softmax_025,7,5,0.13716432452201843,0.9574166666666667,0.957212578479464,0.14063751174414413,0.25999999046325684,2.4872530394412102,nan,nan
mnist,topk_softmax_025,7,6,0.12177493423223495,0.9623333333333334,0.9620947308957583,0.1262022060282687,0.25999999046325684,2.481407771719263,nan,nan
mnist,topk_softmax_025,7,7,0.1055298000574112,0.9618333333333333,0.9615352080523933,0.12503502874615344,0.25999999046325684,2.479968885157971,nan,nan
mnist,topk_softmax_025,7,8,0.09746431559324265,0.9653333333333334,0.9650960795890822,0.11628206074237823,0.25999999046325684,2.4785521563063275,nan,nan
mnist,topk_softmax_025,7,9,0.09103818237781525,0.9651666666666666,0.9648267538146411,0.11525706027416473,0.25999999046325684,2.4531158208847046,nan,nan
mnist,topk_softmax_025,7,10,0.08444393426179886,0.9688333333333333,0.9685353784616758,0.1068965677726776,0.25999999046325684,2.469314849123042,nan,nan
mnist,topk_softmax_025,7,11,0.07302697747945786,0.97375,0.9735855257290476,0.09274492472251679,0.25999999046325684,2.4687352560936136,nan,nan
mnist,topk_softmax_025,7,12,0.06807311624288559,0.9731666666666666,0.9729358936037457,0.0918367160286041,0.25999999046325684,2.4627075854768146,nan,nan
mnist,topk_softmax_025,7,13,0.06606552004814148,0.9728333333333333,0.9726381984079364,0.09217253850495562,0.25999999046325684,2.4437654652494065,nan,nan
mnist,topk_softmax_025,7,14,0.06033938750624657,0.9724166666666667,0.9722630394005176,0.09631521437079349,0.25999999046325684,2.4284855685335525,nan,nan
mnist,topk_softmax_025,7,15,0.05812574923038483,0.97075,0.9705527411698048,0.10003906123815699,0.25999999046325684,2.4464444885862635,nan,nan
mnist,topk_softmax_025,7,16,0.053609829396009445,0.9748333333333333,0.9745728467399584,0.09014602037186319,0.25999999046325684,2.456601234192544,nan,nan
mnist,topk_softmax_025,7,17,0.05201316252350807,0.9746666666666667,0.9744377729045788,0.09229069960085635,0.25999999046325684,2.45941228562213,nan,nan
mnist,topk_softmax_025,7,18,0.048615992069244385,0.972,0.971672003963276,0.09909790730539789,0.25999999046325684,2.456828677907903,nan,nan
mnist,topk_softmax_025,7,19,0.0443752147257328,0.9766666666666667,0.976510192660057,0.08567646126005243,0.25999999046325684,2.4549317055560174,nan,nan
mnist,topk_softmax_025,7,20,0.042224008589982986,0.9718333333333333,0.9716467314134827,0.1022612473115008,0.25999999046325684,2.4426347220197635,nan,nan
mnist,topk_softmax_025,7,21,0.04327726736664772,0.9715,0.9711673288274014,0.10377290682431231,0.25999999046325684,2.4236018632320646,nan,nan
mnist,topk_softmax_025,7,22,0.03958934172987938,0.9776666666666667,0.9776018667411277,0.08875639120394245,0.25999999046325684,2.4255838799983898,nan,nan
mnist,topk_softmax_025,7,23,0.035642582923173904,0.9788333333333333,0.9786380075746711,0.08158672585132275,0.25999999046325684,2.438489300139407,nan,nan
mnist,topk_softmax_025,7,24,0.03455023095011711,0.9776666666666667,0.9775134361406584,0.08636596775118341,0.25999999046325684,2.437930330317071,nan,nan
mnist,topk_softmax_025,7,25,0.03545765578746796,0.9774166666666667,0.9772135947034242,0.08791349707369475,0.25999999046325684,2.4234133908089173,nan,nan
mnist,topk_softmax_025,7,26,0.033722881227731705,0.9774166666666667,0.9772027521964384,0.09182795145093127,0.25999999046325684,2.4175681306960737,nan,nan
mnist,topk_softmax_025,7,27,0.03404130041599274,0.9785,0.9783259728401958,0.08829553952400988,0.25999999046325684,2.430054025447115,nan,nan
mnist,topk_softmax_025,7,28,0.027524756267666817,0.9745833333333334,0.9743627389819307,0.09706951158636427,0.25999999046325684,2.4371821144793895,nan,nan
mnist,topk_softmax_025,8,0,1.2182989120483398,0.8366666666666667,0.8355181554810246,0.5018269273828952,0.25999999046325684,2.5309444665908813,nan,nan
mnist,topk_softmax_025,8,1,0.37649551033973694,0.9209166666666667,0.9206680095981257,0.2520480682241156,0.25999999046325684,2.506727723365134,nan,nan
mnist,topk_softmax_025,8,2,0.24551577866077423,0.9375,0.9368190117452034,0.1950012762495812,0.25999999046325684,2.5040700993639358,nan,nan
mnist,topk_softmax_025,8,3,0.19574782252311707,0.94425,0.943985800484729,0.17129485309123993,0.25999999046325684,2.4900083009232867,nan,nan
mnist,topk_softmax_025,8,4,0.1603023260831833,0.9573333333333334,0.9570532483530843,0.13552968330839846,0.25999999046325684,2.4846817660839,nan,nan
mnist,topk_softmax_025,8,5,0.14128932356834412,0.9590833333333333,0.9587680033133326,0.13234720204738862,0.25999999046325684,2.483626809525997,nan,nan
mnist,topk_softmax_025,8,6,0.12212254106998444,0.9620833333333333,0.9619042088362979,0.12554558675656927,0.25999999046325684,2.478503151142851,nan,nan
mnist,topk_softmax_025,8,7,0.11096267402172089,0.9646666666666667,0.9644816789589468,0.1129603219476152,0.25999999046325684,2.4689462311724397,nan,nan
mnist,topk_softmax_025,8,8,0.0993405282497406,0.97075,0.9705830345837121,0.09315636353765397,0.25999999046325684,2.46886331223427,nan,nan
mnist,topk_softmax_025,8,9,0.09315197169780731,0.9670833333333333,0.9667220750985281,0.10233517914534883,0.25999999046325684,2.465518147387403,nan,nan
mnist,topk_softmax_025,8,10,0.0864301398396492,0.9735,0.9732652541578268,0.08408376415993304,0.25999999046325684,2.4602461748934807,nan,nan
mnist,topk_softmax_025,8,11,0.078868068754673,0.9749166666666667,0.9747800446438124,0.0797721979386629,0.25999999046325684,2.4618259769804935,nan,nan
mnist,topk_softmax_025,8,12,0.07260148227214813,0.9754166666666667,0.9752241777214099,0.08176248385868173,0.25999999046325684,2.459699772773905,nan,nan
mnist,topk_softmax_025,8,13,0.0678752139210701,0.9718333333333333,0.9715642185696842,0.09548534651068931,0.25999999046325684,2.4532360827669186,nan,nan
mnist,topk_softmax_025,8,14,0.06579960882663727,0.97775,0.9775775999049392,0.07687659930200019,0.25999999046325684,2.4558682441711426,nan,nan
mnist,topk_softmax_025,8,15,0.05943206325173378,0.9710833333333333,0.9705846841543833,0.09766685261212765,0.25999999046325684,2.4439962417521377,nan,nan
mnist,topk_softmax_025,8,16,0.05842670798301697,0.9723333333333334,0.9720763828640161,0.08663443642410826,0.25999999046325684,2.4413764273866696,nan,nan
mnist,topk_softmax_025,8,17,0.05488221347332001,0.97775,0.9775128257857812,0.07654492802759434,0.25999999046325684,2.4361418434914124,nan,nan
mnist,topk_softmax_025,8,18,0.04940236359834671,0.9761666666666666,0.9759990370496323,0.07881753305171399,0.25999999046325684,2.4390193300044283,nan,nan
mnist,topk_softmax_025,8,19,0.04770614206790924,0.9765,0.9761720210073228,0.08129039656450139,0.25999999046325684,2.432591253138603,nan,nan
mnist,topk_softmax_025,9,0,1.2031339406967163,0.819,0.8166872096418833,0.5587391390445384,0.25999999046325684,2.517177736505549,nan,nan
mnist,topk_softmax_025,9,1,0.4131010174751282,0.9134166666666667,0.9131506468729551,0.2866081392511408,0.25999999046325684,2.5278549828427903,nan,nan
mnist,topk_softmax_025,9,2,0.264405757188797,0.9373333333333334,0.9373711466946262,0.20349698466189364,0.25999999046325684,2.5154326849795403,nan,nan
mnist,topk_softmax_025,9,3,0.20083557069301605,0.94525,0.9451200454360482,0.17577193962766768,0.25999999046325684,2.5099093254576337,nan,nan
mnist,topk_softmax_025,9,4,0.16513115167617798,0.95875,0.9586602827170314,0.13910704312172342,0.25999999046325684,2.50157556888905,nan,nan
mnist,topk_softmax_025,9,5,0.1414674073457718,0.9625833333333333,0.9625773688116709,0.12416301192121303,0.25999999046325684,2.5023732997001487,nan,nan
mnist,topk_softmax_025,9,6,0.12220228463411331,0.96325,0.9631841044833575,0.12236109566181264,0.25999999046325684,2.4977835391430143,nan,nan
mnist,topk_softmax_025,9,7,0.10762184858322144,0.9684166666666667,0.9684605197034484,0.1103631208076122,0.25999999046325684,2.493583344398661,nan,nan
mnist,topk_softmax_025,9,8,0.09751714020967484,0.96825,0.9683142371099492,0.10809884061838718,0.25999999046325684,2.48914299366322,nan,nan
mnist,topk_softmax_025,9,9,0.0927610769867897,0.9681666666666666,0.9681322686475035,0.10387070350190426,0.25999999046325684,2.48874764746808,nan,nan
mnist,topk_softmax_025,9,10,0.08312330394983292,0.97375,0.9737535783367199,0.09118552735828339,0.25999999046325684,2.4872920360971005,nan,nan
mnist,topk_softmax_025,9,11,0.07815747708082199,0.9730833333333333,0.9730298392017602,0.08756828973902032,0.25999999046325684,2.4833044549252126,nan,nan
mnist,topk_softmax_025,9,12,0.06981369853019714,0.9721666666666666,0.9721319858642422,0.09298128571282042,0.25999999046325684,2.4803019381584006,nan,nan
mnist,topk_softmax_025,9,13,0.0649799257516861,0.9703333333333334,0.9704060531155634,0.09206798312036281,0.25999999046325684,2.477798451768591,nan,nan
mnist,topk_softmax_025,9,14,0.06417796015739441,0.97525,0.9752365154946278,0.08202768826579794,0.25999999046325684,2.4808009025898388,nan,nan
mnist,topk_softmax_025,9,15,0.05697610229253769,0.9744166666666667,0.9743493838717441,0.08370914254733856,0.25999999046325684,2.472043623315527,nan,nan
mnist,topk_softmax_025,9,16,0.05265669524669647,0.97675,0.976760249814969,0.08104785900325218,0.25999999046325684,2.4766654486351825,nan,nan
mnist,topk_softmax_025,9,17,0.04920152202248573,0.9763333333333334,0.9763172238247515,0.07986856438219547,0.25999999046325684,2.4786463544723834,nan,nan
mnist,topk_softmax_025,9,18,0.05005126819014549,0.9770833333333333,0.9770909112821775,0.08135461204863609,0.25999999046325684,2.470832806952456,nan,nan
mnist,topk_softmax_025,9,19,0.04712587222456932,0.9775833333333334,0.9775807219484232,0.07977018105064301,0.25999999046325684,2.4697367612351764,nan,nan
mnist,topk_softmax_025,9,20,0.04409250617027283,0.9793333333333333,0.9793578073495139,0.07624509867201461,0.25999999046325684,2.4706086097879614,nan,nan
mnist,topk_softmax_025,9,21,0.04158633574843407,0.9780833333333333,0.9780624217754162,0.0837633786524864,0.25999999046325684,2.470825210530707,nan,nan
mnist,topk_softmax_025,9,22,0.03729498013854027,0.9785833333333334,0.9785911783002593,0.07598739164940854,0.25999999046325684,2.4708653536248715,nan,nan
mnist,topk_softmax_025,9,23,0.03740566596388817,0.9789166666666667,0.9789526968228772,0.07389834798634687,0.25999999046325684,2.473662538731352,nan,nan
mnist,topk_softmax_025,9,24,0.03548697009682655,0.9784166666666667,0.9783844755165504,0.07843050649984086,0.25999999046325684,2.4652182472513076,nan,nan
mnist,topk_softmax_025,9,25,0.035660117864608765,0.9789166666666667,0.9788977186896298,0.07844002233778542,0.25999999046325684,2.4672635692231197,nan,nan
mnist,topk_softmax_05,0,0,1.3466383218765259,0.8116666666666666,0.8089017999110437,0.5879661041371366,0.5,3.1428633700025843,nan,nan
mnist,topk_softmax_05,0,1,0.43347081542015076,0.9113333333333333,0.9101245046626694,0.2834547025726197,0.5,3.1500827961779656,nan,nan
mnist,topk_softmax_05,0,2,0.25458720326423645,0.9275,0.9271144475593094,0.23209814759010963,0.5,3.1158062828348037,nan,nan
mnist,topk_softmax_05,0,3,0.18875925242900848,0.9526666666666667,0.9523556339722502,0.15467341640528212,0.5,3.1006773177613605,nan,nan
mnist,topk_softmax_05,0,4,0.1530325710773468,0.9575833333333333,0.9571748050737685,0.134675680481373,0.5,3.0850145106619977,nan,nan
mnist,topk_softmax_05,0,5,0.13052836060523987,0.9561666666666667,0.9556208975907458,0.14187282942076948,0.5,3.08575764615485,nan,nan
mnist,topk_softmax_05,0,6,0.1174750104546547,0.9625,0.9622199035509317,0.12724242565479685,0.5,3.07959199205358,nan,nan
mnist,topk_softmax_05,0,7,0.10769278556108475,0.9666666666666667,0.9664924087756811,0.10787317505542268,0.5,3.077535576008736,nan,nan
mnist,topk_softmax_05,0,8,0.0964767336845398,0.9661666666666666,0.9658506718184878,0.11114047325037896,0.5,3.0836782709081123,nan,nan
mnist,topk_softmax_05,0,9,0.0882222130894661,0.9715,0.9712617143751746,0.09957660053004609,0.5,3.0639368295669556,nan,nan
mnist,topk_softmax_05,0,10,0.08146420121192932,0.9708333333333333,0.970655041999365,0.09778904470991581,0.5,3.069994972107258,nan,nan
mnist,topk_softmax_05,0,11,0.07693258672952652,0.97125,0.9710412145428992,0.09403906572372356,0.5,3.064010587144405,nan,nan
mnist,topk_softmax_05,0,12,0.07422321289777756,0.97325,0.9731387926963828,0.09449042585935999,0.5,3.068047995262958,nan,nan
mnist,topk_softmax_05,0,13,0.06808387488126755,0.9740833333333333,0.9738586498255197,0.08974081436370282,0.5,3.0671796545069268,nan,nan
mnist,topk_softmax_05,0,14,0.06253458559513092,0.9764166666666667,0.9762543206230194,0.07787166520002041,0.5,3.0559047257646603,nan,nan
mnist,topk_softmax_05,0,15,0.05707358568906784,0.9745833333333334,0.9744267369796848,0.08577043297601507,0.5,3.0499200770195496,nan,nan
mnist,topk_softmax_05,0,16,0.05766778066754341,0.978,0.9778383954056167,0.07850525226998836,0.5,3.0566424106029753,nan,nan
mnist,topk_softmax_05,0,17,0.05054748058319092,0.9771666666666666,0.977009516099111,0.0789908851160014,0.5,3.05319023385961,nan,nan
mnist,topk_softmax_05,0,18,0.05160009115934372,0.97675,0.9765983210029994,0.07976889848075014,0.5,3.0452599728361087,nan,nan
mnist,topk_softmax_05,0,19,0.047274116426706314,0.9750833333333333,0.974920111462423,0.08179675113964588,0.5,3.0296806731122605,nan,nan
mnist,topk_softmax_05,0,20,0.04588397219777107,0.9785833333333334,0.9784344728839158,0.0758224405506824,0.5,3.0509242681746787,nan,nan
mnist,topk_softmax_05,0,21,0.04376250505447388,0.9774166666666667,0.9772464347410368,0.07561095403705506,0.5,3.0388121757101505,nan,nan
mnist,topk_softmax_05,0,22,0.03977639600634575,0.9749166666666667,0.9747755543661419,0.08918442977394195,0.5,3.034390449523926,nan,nan
mnist,topk_softmax_05,0,23,0.037162475287914276,0.9765833333333334,0.9763591324548331,0.08325092320112472,0.5,3.0502172328056174,nan,nan
mnist,topk_softmax_05,0,24,0.03925265371799469,0.9788333333333333,0.9786706556255265,0.08087123692669768,0.5,3.0376785384847764,nan,nan
mnist,topk_softmax_05,0,25,0.037067774683237076,0.9803333333333333,0.9801721324748657,0.07584755915276548,0.5,3.032585623416495,nan,nan
mnist,topk_softmax_05,0,26,0.03373076766729355,0.9785,0.9783462429724482,0.07889051461948994,0.5,3.037225824721316,nan,nan
mnist,topk_softmax_05,0,27,0.03184166178107262,0.9784166666666667,0.9782576757372823,0.08202223824535279,0.5,3.0438984226673207,nan,nan
mnist,topk_softmax_05,0,28,0.0332101471722126,0.9789166666666667,0.9787743781643401,0.07624858843677855,0.5,3.0440427673623915,nan,nan
mnist,topk_softmax_05,0,29,0.03081640414893627,0.977,0.9767893490862752,0.08696558847131723,0.5,3.0491150617599487,nan,nan
mnist,topk_softmax_05,1,0,1.3533631563186646,0.8216666666666667,0.8180268615522044,0.5552722760971557,0.5,3.1439387367126788,nan,nan
mnist,topk_softmax_05,1,1,0.43503808975219727,0.9041666666666667,0.903366258352138,0.3037770092487335,0.5,3.136568508249648,nan,nan
mnist,topk_softmax_05,1,2,0.27871301770210266,0.9294166666666667,0.9285368210830844,0.2248044489546025,0.5,3.1265465604498033,nan,nan
mnist,topk_softmax_05,1,3,0.21107377111911774,0.9493333333333334,0.9487291045996594,0.16522906229217002,0.5,3.1177634609506484,nan,nan
mnist,topk_softmax_05,1,4,0.17453594505786896,0.9543333333333334,0.9537598726499349,0.15167871688274628,0.5,3.123229617768146,nan,nan
mnist,topk_softmax_05,1,5,0.15246817469596863,0.959,0.9584885329171247,0.1331571435674708,0.5,3.1158247425201093,nan,nan
mnist,topk_softmax_05,1,6,0.13306096196174622,0.9615,0.9610749885973279,0.1231570840674512,0.5,3.10343488987456,nan,nan
mnist,topk_softmax_05,1,7,0.11869648098945618,0.9535,0.9532551199679793,0.14628593591933556,0.5,3.095714990128862,nan,nan
mnist,topk_softmax_05,1,8,0.1054893210530281,0.9675,0.967214502186644,0.10135490970408663,0.5,3.110275276163791,nan,nan
mnist,topk_softmax_05,1,9,0.10404762625694275,0.96725,0.9670638617892392,0.10415817709996346,0.5,3.0963431495301266,nan,nan
mnist,topk_softmax_05,1,10,0.09084592014551163,0.9714166666666667,0.9711294702378807,0.09244083343668187,0.5,3.089921771211827,nan,nan
mnist,topk_softmax_05,1,11,0.08636592328548431,0.9680833333333333,0.9677808273060983,0.10054313763976097,0.5,3.078594060654336,nan,nan
mnist,topk_softmax_05,1,12,0.07727759331464767,0.9711666666666666,0.9710036931674957,0.09263950725026587,0.5,3.093771165989815,nan,nan
mnist,topk_softmax_05,1,13,0.07204870879650116,0.9698333333333333,0.9694371860990904,0.10404291439880715,0.5,3.087370456533229,nan,nan
mnist,topk_softmax_05,1,14,0.07076281309127808,0.9755833333333334,0.975397762598828,0.08159122572458805,0.5,3.0827768280151044,nan,nan
mnist,topk_softmax_05,1,15,0.0655079036951065,0.9716666666666667,0.9713888193934567,0.09615564469168796,0.5,3.0778347913255084,nan,nan
mnist,topk_softmax_05,1,16,0.06255864351987839,0.97625,0.9760999585236222,0.07839367296943005,0.5,3.0820464124070837,nan,nan
mnist,topk_softmax_05,1,17,0.05716868117451668,0.976,0.9757642401859709,0.08701615467509057,0.5,3.0805241452886705,nan,nan
mnist,topk_softmax_05,1,18,0.0548415333032608,0.9744166666666667,0.9742041165198551,0.08433883343922331,0.5,3.070648094441028,nan,nan
mnist,topk_softmax_05,1,19,0.052161749452352524,0.9759166666666667,0.975708693145316,0.08111493749187347,0.5,3.074113523706477,nan,nan
mnist,topk_softmax_05,1,20,0.04919730871915817,0.97575,0.9754971761879003,0.085469759326983,0.5,3.0607689974155834,nan,nan
mnist,topk_softmax_05,1,21,0.04713024944067001,0.9779166666666667,0.9777282455516467,0.07766761151241496,0.5,3.0503136502935533,nan,nan
mnist,topk_softmax_05,1,22,0.045967768877744675,0.9785833333333334,0.9783549662374995,0.07902787615881955,0.5,3.046982904697986,nan,nan
mnist,topk_softmax_05,1,23,0.043726686388254166,0.97475,0.9744347300165227,0.0898551685299645,0.5,3.057275761949255,nan,nan
mnist,topk_softmax_05,1,24,0.041388463228940964,0.9785833333333334,0.978433682186771,0.07542037603227382,0.5,3.053355151034416,nan,nan
mnist,topk_softmax_05,1,25,0.038432877510786057,0.9783333333333334,0.9781695279934846,0.08246075005290356,0.5,3.0590488606310906,nan,nan
mnist,topk_softmax_05,1,26,0.0372154638171196,0.97825,0.9780401164206296,0.0814065069871697,0.5,3.0658263348518533,nan,nan
mnist,topk_softmax_05,1,27,0.03626371920108795,0.9766666666666667,0.9763993745205225,0.08752821393786593,0.5,3.050259476012372,nan,nan
mnist,topk_softmax_05,2,0,1.2456672191619873,0.8308333333333333,0.8271368324360381,0.5175278059979702,0.5,3.1145286154239735,nan,nan
mnist,topk_softmax_05,2,1,0.38826707005500793,0.9138333333333334,0.9123388787144904,0.27688707633221404,0.5,3.1334235693546053,nan,nan
mnist,topk_softmax_05,2,2,0.24488385021686554,0.9349166666666666,0.9340329042922727,0.20781531375139317,0.5,3.141889995716988,nan,nan
mnist,topk_softmax_05,2,3,0.18924875557422638,0.9519166666666666,0.9512811242827395,0.152289702061643,0.5,3.145095076966793,nan,nan
mnist,topk_softmax_05,2,4,0.15733414888381958,0.9598333333333333,0.9593859955091955,0.13128696318636549,0.5,3.143325478472608,nan,nan
mnist,topk_softmax_05,2,5,0.1338297575712204,0.956,0.9553298945013735,0.1328534227102361,0.5,3.140366749560579,nan,nan
mnist,topk_softmax_05,2,6,0.12083536386489868,0.9618333333333333,0.9614456067379535,0.11900919580713232,0.5,3.1300140441732203,nan,nan
mnist,topk_softmax_05,2,7,0.1027255430817604,0.9648333333333333,0.9644517905148022,0.10711957387467648,0.5,3.1403977997759553,nan,nan
mnist,topk_softmax_05,2,8,0.09812380373477936,0.9665,0.9661652263531583,0.10911733189478834,0.5,3.12383840946441,nan,nan
mnist,topk_softmax_05,2,9,0.08568690717220306,0.96875,0.9683633086640379,0.09837107891415028,0.5,3.1329392727385175,nan,nan
mnist,topk_softmax_05,2,10,0.08588258177042007,0.9700833333333333,0.9697993198974941,0.09080973136773769,0.5,3.112845098718684,nan,nan
mnist,topk_softmax_05,2,11,0.07168520241975784,0.97475,0.9745569620984412,0.08365744550494437,0.5,3.114231322674041,nan,nan
mnist,topk_softmax_05,2,12,0.06932851672172546,0.9743333333333334,0.9740521815791666,0.08331803390954404,0.5,3.106542371689005,nan,nan
mnist,topk_softmax_05,2,13,0.06304870545864105,0.974,0.973735998659814,0.08833675300504298,0.5,3.119813865803658,nan,nan
mnist,topk_softmax_05,2,14,0.06336966156959534,0.9705833333333334,0.9702498838936959,0.0942037876774656,0.5,3.107879486489803,nan,nan
mnist,topk_softmax_05,2,15,0.056248560547828674,0.9763333333333334,0.9761031804372415,0.07754705386592987,0.5,3.1216250581944243,nan,nan
mnist,topk_softmax_05,2,16,0.05365521088242531,0.9745833333333334,0.9743677098171017,0.08192698391986654,0.5,3.1027568350446986,nan,nan
mnist,topk_softmax_05,2,17,0.0501398965716362,0.9760833333333333,0.9757897014454672,0.08265704106777272,0.5,3.1065796081055987,nan,nan
mnist,topk_softmax_05,2,18,0.04840255156159401,0.9716666666666667,0.9714326159985414,0.09607319058255946,0.5,3.1026481288544674,nan,nan
mnist,topk_softmax_05,2,19,0.047173433005809784,0.978,0.9778051765123366,0.0716798826655809,0.5,3.0994356185831924,nan,nan
mnist,topk_softmax_05,2,20,0.04235091805458069,0.9773333333333334,0.977166453438303,0.07640413884469803,0.5,3.108506849471559,nan,nan
mnist,topk_softmax_05,2,21,0.042472295463085175,0.9778333333333333,0.9776173221400463,0.07516131918639579,0.5,3.097798377909559,nan,nan
mnist,topk_softmax_05,2,22,0.03765478357672691,0.97925,0.9790771865983444,0.07306027269743859,0.5,3.073665753323981,nan,nan
mnist,topk_softmax_05,2,23,0.03630375117063522,0.97575,0.975419084979628,0.08668914722635392,0.5,3.0835864670733186,nan,nan
mnist,topk_softmax_05,2,24,0.04122273251414299,0.9766666666666667,0.9764173614693981,0.08333430807799735,0.5,3.0827783346176147,nan,nan
mnist,topk_softmax_05,2,25,0.037020619958639145,0.9790833333333333,0.9788742951567487,0.07190352353326818,0.5,3.0719156087713038,nan,nan
mnist,topk_softmax_05,2,26,0.03320148214697838,0.97675,0.9764835251297083,0.0862540768340547,0.5,3.080235245379996,nan,nan
mnist,topk_softmax_05,2,27,0.029845500364899635,0.97875,0.9784860097646055,0.08272800959171132,0.5,3.079959773002787,nan,nan
mnist,topk_softmax_05,3,0,1.3077640533447266,0.7995,0.7946728951882324,0.5707097592506003,0.5,3.137228897277345,nan,nan
mnist,topk_softmax_05,3,1,0.4215601086616516,0.8989166666666667,0.8982025553360907,0.3275228592943638,0.5,3.14045353645974,nan,nan
mnist,topk_softmax_05,3,2,0.27385643124580383,0.92925,0.9285187451543051,0.22279825632242448,0.5,3.1213117432087025,nan,nan
mnist,topk_softmax_05,3,3,0.20918399095535278,0.9415,0.9410589428350604,0.18253858102128862,0.5,3.119142730185326,nan,nan
mnist,topk_softmax_05,3,4,0.17952466011047363,0.948,0.9476782707828187,0.16816545499766128,0.5,3.1115746269834803,nan,nan
mnist,topk_softmax_05,3,5,0.15119831264019012,0.9550833333333333,0.9548126637398848,0.13906811811822525,0.5,3.1095203440240087,nan,nan
mnist,topk_softmax_05,3,6,0.13214561343193054,0.9606666666666667,0.9602936376926307,0.1246644285448054,0.5,3.1086359708867173,nan,nan
mnist,topk_softmax_05,3,7,0.11877229809761047,0.9660833333333333,0.96581134255685,0.11045478847115597,0.5,3.0961558742726103,nan,nan
mnist,topk_softmax_05,3,8,0.10938617587089539,0.9635833333333333,0.9634224116545319,0.11118098324600686,0.5,3.091629596466714,nan,nan
mnist,topk_softmax_05,3,9,0.09569258987903595,0.9659166666666666,0.9655945332810587,0.11032619604721983,0.5,3.0880530184887824,nan,nan
mnist,topk_softmax_05,3,10,0.09360715746879578,0.9700833333333333,0.9699874137907996,0.09512901337856942,0.5,3.07894918259154,nan,nan
mnist,topk_softmax_05,3,11,0.07888108491897583,0.9670833333333333,0.9670898317608263,0.10852181982803852,0.5,3.079462046318866,nan,nan
mnist,topk_softmax_05,3,12,0.07435353845357895,0.97375,0.973611815425102,0.09060705243114461,0.5,3.0698223722741957,nan,nan
mnist,topk_softmax_05,3,13,0.0733804702758789,0.96825,0.9681223932625711,0.10233318437128625,0.5,3.077897104811161,nan,nan
mnist,topk_softmax_05,3,14,0.06833907216787338,0.9736666666666667,0.973569759006741,0.08617681847449313,0.5,3.07037720274418,nan,nan
mnist,topk_softmax_05,3,15,0.06042715534567833,0.9740833333333333,0.9738821369775952,0.08615828535341202,0.5,3.06901511993814,nan,nan
mnist,topk_softmax_05,3,16,0.05831626057624817,0.9730833333333333,0.9729262662617713,0.08608169283004517,0.5,3.0658715684363185,nan,nan
mnist,topk_softmax_05,3,17,0.055999256670475006,0.9756666666666667,0.9755045177437207,0.0829915120167301,0.5,3.070058066794213,nan,nan
mnist,topk_softmax_05,3,18,0.050206009298563004,0.9753333333333334,0.9752175564237872,0.07905679659799059,0.5,3.0682166814804077,nan,nan
mnist,topk_softmax_05,3,19,0.04740036651492119,0.978,0.9778978470472168,0.07675175263764376,0.5,3.0706791624109795,nan,nan
mnist,topk_softmax_05,3,20,0.04438909515738487,0.9758333333333333,0.9757074652471548,0.08029691312224307,0.5,3.069516618201073,nan,nan
mnist,topk_softmax_05,3,21,0.045341283082962036,0.979,0.9788801594768997,0.07452354179893403,0.5,3.0481886711526425,nan,nan
mnist,topk_softmax_05,3,22,0.042934224009513855,0.979,0.978841883145113,0.0750385044895588,0.5,3.0644986477304013,nan,nan
mnist,topk_softmax_05,3,23,0.03970704227685928,0.9793333333333333,0.9792226447887439,0.07525244529577012,0.5,3.0642356644285487,nan,nan
mnist,topk_softmax_05,3,24,0.03480934351682663,0.9795833333333334,0.979459493090064,0.07333044519529064,0.5,3.0644105241653765,nan,nan
mnist,topk_softmax_05,3,25,0.036061663180589676,0.9781666666666666,0.9779957085506104,0.08219504071042892,0.5,3.0464264534889383,nan,nan
mnist,topk_softmax_05,3,26,0.03525539115071297,0.9779166666666667,0.977771370045853,0.08256166582887477,0.5,3.040270630349504,nan,nan
mnist,topk_softmax_05,3,27,0.03339216113090515,0.9770833333333333,0.9768829038644069,0.08337647606559256,0.5,3.0521390793171337,nan,nan
mnist,topk_softmax_05,3,28,0.03215939179062843,0.9745,0.9742955170622645,0.09466938579336126,0.5,3.0556087290987057,nan,nan
mnist,topk_softmax_05,3,29,0.033494461327791214,0.9776666666666667,0.9775507741274467,0.08530218356308784,0.5,3.056859460282833,nan,nan
mnist,topk_softmax_05,4,0,1.4609951972961426,0.8224166666666667,0.8156198810554474,0.5501146804779133,0.5,3.1713891663449876,nan,nan
mnist,topk_softmax_05,4,1,0.4365617632865906,0.9051666666666667,0.9041197119361181,0.3018103470193579,0.5,3.1746242350720344,nan,nan
mnist,topk_softmax_05,4,2,0.2896062135696411,0.9315833333333333,0.9307188763068522,0.21537377891388346,0.5,3.1586523208212345,nan,nan
mnist,topk_softmax_05,4,3,0.21667425334453583,0.94125,0.9407558334097219,0.18411562512529658,0.5,3.139392817274053,nan,nan
mnist,topk_softmax_05,4,4,0.17948022484779358,0.951,0.9506790061940584,0.15330748545362594,0.5,3.124478931122638,nan,nan
mnist,topk_softmax_05,4,5,0.15734955668449402,0.9596666666666667,0.9593401477332734,0.1271591677944711,0.5,3.122365954074454,nan,nan
mnist,topk_softmax_05,4,6,0.13775411248207092,0.95575,0.9554459554746343,0.13651733290641865,0.5,3.1149751201589058,nan,nan
mnist,topk_softmax_05,4,7,0.1307128369808197,0.96025,0.959845336416333,0.12222487320925327,0.5,3.098871502470463,nan,nan
mnist,topk_softmax_05,4,8,0.1118026077747345,0.9685,0.9681918319438173,0.09738851306920356,0.5,3.1073822188884654,nan,nan
mnist,topk_softmax_05,4,9,0.10206905752420425,0.96125,0.9609688854878261,0.1160537969083228,0.5,3.095381067154255,nan,nan
mnist,topk_softmax_05,4,10,0.09348645061254501,0.96475,0.9644314715554316,0.11072731668010671,0.5,3.091434374768683,nan,nan
mnist,topk_softmax_05,4,11,0.08921744674444199,0.9705,0.9703218390037082,0.09080137962356527,0.5,3.0933453377257,nan,nan
mnist,topk_softmax_05,4,12,0.07790641486644745,0.9758333333333333,0.9755444916632948,0.07417610034029534,0.5,3.0931902109308447,nan,nan
mnist,topk_softmax_05,4,13,0.07486284524202347,0.97675,0.9766521866442357,0.07632485911884207,0.5,3.090518687633758,nan,nan
mnist,topk_softmax_05,4,14,0.07131943851709366,0.9735,0.9733335293246161,0.08334222903594057,0.5,3.0677636684255396,nan,nan
mnist,topk_softmax_05,4,15,0.06696190685033798,0.976,0.9758225572916812,0.0799301804063168,0.5,3.0634099853799697,nan,nan
mnist,topk_softmax_05,4,16,0.06073830649256706,0.9750833333333333,0.9748623001969033,0.08406503435145034,0.5,3.0661262882516738,nan,nan
mnist,topk_softmax_05,4,17,0.05621291697025299,0.9755,0.9754013648164586,0.07743166830945522,0.5,3.067141281797531,nan,nan
mnist,topk_softmax_05,4,18,0.05415389686822891,0.9796666666666667,0.9795398836868177,0.06460638589998509,0.5,3.0688523992579033,nan,nan
mnist,topk_softmax_05,4,19,0.04990904778242111,0.9773333333333334,0.9770751306481049,0.08215152432626867,0.5,3.053392620796853,nan,nan
mnist,topk_softmax_05,4,20,0.051343128085136414,0.9774166666666667,0.977166434826121,0.07448348133487905,0.5,3.0571223928573286,nan,nan
mnist,topk_softmax_05,4,21,0.046177152544260025,0.9816666666666667,0.9815685625617429,0.06524978823801304,0.5,3.05048635158133,nan,nan
mnist,topk_softmax_05,4,22,0.04393978789448738,0.9784166666666667,0.9782310120013665,0.07247327116536016,0.5,3.0654693055660167,nan,nan
mnist,topk_softmax_05,4,23,0.04015734791755676,0.9763333333333334,0.9761957320707827,0.07844435909089256,0.5,3.061788071977331,nan,nan
mnist,topk_softmax_05,4,24,0.0417969711124897,0.9789166666666667,0.9787278323702182,0.08340194761911605,0.5,3.0510218828282456,nan,nan
mnist,topk_softmax_05,4,25,0.03808402270078659,0.9770833333333333,0.9769536359797982,0.07853260656145025,0.5,3.056712952065975,nan,nan
mnist,topk_softmax_05,4,26,0.03501063957810402,0.9796666666666667,0.9794889475191603,0.07334434593770098,0.5,3.0553070661869457,nan,nan
mnist,topk_softmax_05,5,0,1.3176177740097046,0.8150833333333334,0.811379019904957,0.5460057594674699,0.4996980365286482,2.991567002966049,nan,nan
mnist,topk_softmax_05,5,1,0.4299902617931366,0.9023333333333333,0.9019208130270332,0.31001923946624105,0.49991996554618184,2.934687429286064,nan,nan
mnist,topk_softmax_05,5,2,0.28267303109169006,0.9335,0.9324810493443385,0.2109924486659943,0.499994787764042,2.949014536877896,nan,nan
mnist,topk_softmax_05,5,3,0.21156011521816254,0.9459166666666666,0.9452416977023994,0.17317729998142162,0.5,2.982558821110015,nan,nan
mnist,topk_softmax_05,5,4,0.18024283647537231,0.9546666666666667,0.9540469219970144,0.14460519130559676,0.4999999115441708,2.962225594419114,nan,nan
mnist,topk_softmax_05,5,5,0.1588224172592163,0.9544166666666667,0.9539427396633021,0.1445106454986207,0.5,2.9759787194272307,nan,nan
mnist,topk_softmax_05,5,6,0.13453051447868347,0.9601666666666666,0.959702002202836,0.12741004057387087,0.5,2.96764353488354,nan,nan
mnist,topk_softmax_05,5,7,0.12256386876106262,0.9659166666666666,0.9655729698068314,0.10882736496785854,0.5,2.9695608920239387,nan,nan
mnist,topk_softmax_05,5,8,0.1103697195649147,0.96825,0.9678939792526929,0.1022959181920011,0.5,2.9430716976206353,nan,nan
mnist,topk_softmax_05,5,9,0.09982027858495712,0.9685833333333334,0.9681661131470968,0.10351505400018489,0.5,2.9734832606417068,nan,nan
mnist,topk_softmax_05,5,10,0.09141852706670761,0.96275,0.9623374979302038,0.11249227956571478,0.5,2.9736430949353156,nan,nan
mnist,topk_softmax_05,5,11,0.0871606320142746,0.9721666666666666,0.9718381571435508,0.0936947354769453,0.5,2.9564012390501957,nan,nan
mnist,topk_softmax_05,5,12,0.08261796087026596,0.9696666666666667,0.9692203918785257,0.09970416168266154,0.5,2.9396321342346514,nan,nan
mnist,topk_softmax_05,5,13,0.08256443589925766,0.9740833333333333,0.9737861016105007,0.08412305931461618,0.5,2.9576154161006847,nan,nan
mnist,topk_softmax_05,5,14,0.07348107546567917,0.97275,0.9724889525541016,0.08910775549234227,0.5,2.973543641415048,nan,nan
mnist,topk_softmax_05,5,15,0.06798931211233139,0.9739166666666667,0.9735948660639224,0.0846251960288971,0.5,2.956119009789,nan,nan
mnist,topk_softmax_05,5,16,0.06192056089639664,0.9759166666666667,0.9757437529020854,0.07805116236843962,0.5,2.964891733007228,nan,nan
mnist,topk_softmax_05,5,17,0.059237316250801086,0.9754166666666667,0.9751764481160705,0.08117420614716854,0.5,2.96145276820406,nan,nan
mnist,topk_softmax_05,5,18,0.06203160807490349,0.9738333333333333,0.9734775484173799,0.09153229109150299,0.5,2.9477303129561405,nan,nan
mnist,topk_softmax_05,5,19,0.05209687352180481,0.9784166666666667,0.9781984618844828,0.07434670092102061,0.5,2.9412132121146994,nan,nan
mnist,topk_softmax_05,5,20,0.04662370681762695,0.9775833333333334,0.9773009724441328,0.0766801708873282,0.5,2.954255208056024,nan,nan
mnist,topk_softmax_05,5,21,0.04738106578588486,0.9755833333333334,0.9753866487255707,0.08255252888069507,0.5,2.938429647303642,nan,nan
mnist,topk_softmax_05,5,22,0.04709786921739578,0.9785,0.9781871805360838,0.07554620314151683,0.49999997907496513,2.919191520264808,nan,nan
mnist,topk_softmax_05,5,23,0.04402288421988487,0.97625,0.9760520261276799,0.0822059386508896,0.5,2.939067726439618,nan,nan
mnist,topk_softmax_05,5,24,0.04136554151773453,0.9748333333333333,0.9745057187052014,0.0845334176370438,0.4999999705147236,2.950978324768391,nan,nan
mnist,topk_softmax_05,5,25,0.038370754569768906,0.9781666666666666,0.9778928841203699,0.0794860507421037,0.5,2.9490917667429497,nan,nan
mnist,topk_softmax_05,5,26,0.040065422654151917,0.9775,0.9772299862814601,0.07986991654368157,0.5,2.9618015796580215,nan,nan
mnist,topk_softmax_05,5,27,0.03674015402793884,0.9769166666666667,0.9766756419229029,0.08115606786722833,0.5,2.963584248055803,nan,nan
mnist,topk_softmax_05,6,0,1.3656786680221558,0.8164166666666667,0.8128066606943098,0.5676840080859813,0.5,3.045417851590096,nan,nan
mnist,topk_softmax_05,6,1,0.41769224405288696,0.906,0.9052690533529193,0.31098434265623703,0.5,3.0114852291472416,nan,nan
mnist,topk_softmax_05,6,2,0.2659655809402466,0.9161666666666667,0.9155967079105702,0.261527086191989,0.5,3.0613055305278047,nan,nan
mnist,topk_softmax_05,6,3,0.21179401874542236,0.9443333333333334,0.9439743163330053,0.17955257061948168,0.5,3.040494497786177,nan,nan
mnist,topk_softmax_05,6,4,0.1707184761762619,0.9466666666666667,0.9461603373688515,0.16872607869036654,0.5,3.0793815141028547,nan,nan
mnist,topk_softmax_05,6,5,0.1547980010509491,0.95275,0.9523144443508219,0.14795064846885966,0.5,3.0622512102127075,nan,nan
mnist,topk_softmax_05,6,6,0.12835051119327545,0.9601666666666666,0.9599169642601542,0.1269313098585352,0.5,3.059158348022623,nan,nan
mnist,topk_softmax_05,6,7,0.11646540462970734,0.9639166666666666,0.9637025940553572,0.1142599530359532,0.5,3.046699678644221,nan,nan
mnist,topk_softmax_05,6,8,0.1025056466460228,0.966,0.96573554279466,0.10744486344938582,0.5,3.055939017458165,nan,nan
mnist,topk_softmax_05,6,9,0.09809186309576035,0.96375,0.9634654112217247,0.11443734882359809,0.5,3.051607441394887,nan,nan
mnist,topk_softmax_05,6,10,0.0871250331401825,0.9706666666666667,0.9704251254527417,0.09745472534856897,0.5,3.0601738691329956,nan,nan
mnist,topk_softmax_05,6,11,0.0808304101228714,0.96625,0.9659190178848226,0.10855376593610074,0.5,3.0464093177876572,nan,nan
mnist,topk_softmax_05,6,12,0.07828465104103088,0.97125,0.9709624465337816,0.09265074585663512,0.5,3.030448763928515,nan,nan
mnist,topk_softmax_05,6,13,0.07273901253938675,0.9725833333333334,0.972403916485403,0.08849213105884005,0.5,3.021217549100835,nan,nan
mnist,topk_softmax_05,6,14,0.06625112891197205,0.9734166666666667,0.9731933618642014,0.08627669588523976,0.5,3.0302418749383153,nan,nan
mnist,topk_softmax_05,6,15,0.06311740726232529,0.97525,0.9750280716463463,0.08186240577475822,0.5,3.0512646233781857,nan,nan
mnist,topk_softmax_05,6,16,0.0604681633412838,0.9738333333333333,0.9736023983126534,0.08609195552924846,0.5,3.030775199545191,nan,nan
mnist,topk_softmax_05,6,17,0.05676897242665291,0.9761666666666666,0.975938811461527,0.0787913932048894,0.5,3.024476591576921,nan,nan
mnist,topk_softmax_05,6,18,0.0545525923371315,0.9773333333333334,0.9771946663135654,0.07800959613411984,0.5,3.0334230001936566,nan,nan
mnist,topk_softmax_05,6,19,0.053419776260852814,0.9763333333333334,0.9760604314678437,0.0808365651743209,0.5,3.0325929890287684,nan,nan
mnist,topk_softmax_05,6,20,0.04676874354481697,0.9755,0.9753149350688615,0.08717540849713569,0.5,3.0333821722801697,nan,nan
mnist,topk_softmax_05,6,21,0.04399637505412102,0.9766666666666667,0.9764724316668986,0.08212659448543762,0.5,3.0406538958245135,nan,nan
mnist,topk_softmax_05,6,22,0.04440069571137428,0.9784166666666667,0.9782086111669077,0.07396311015683285,0.5,3.042805651400952,nan,nan
mnist,topk_softmax_05,6,23,0.04261403903365135,0.979,0.9787821484474554,0.07720372956642445,0.5,3.0356599371483983,nan,nan
mnist,topk_softmax_05,6,24,0.0436372235417366,0.9764166666666667,0.9762056900068167,0.08183029943958242,0.5,3.044034333939248,nan,nan
mnist,topk_softmax_05,6,25,0.041110698133707047,0.97975,0.9795851373232116,0.07318636521379998,0.5,3.0378128366267427,nan,nan
mnist,topk_softmax_05,6,26,0.03659692034125328,0.9773333333333334,0.977149144186526,0.08085898789478109,0.5,3.041056348922405,nan,nan
mnist,topk_softmax_05,6,27,0.03307913988828659,0.9755,0.9753335891664937,0.08417490421933063,0.5,3.0358117818832397,nan,nan
mnist,topk_softmax_05,6,28,0.03158668056130409,0.9771666666666666,0.9768842166761186,0.08282392642440949,0.5,3.012237490491664,nan,nan
mnist,topk_softmax_05,6,29,0.03619028627872467,0.9776666666666667,0.9774339849071175,0.0848706490657431,0.5,3.062560033290944,nan,nan
mnist,topk_softmax_05,7,0,1.2770625352859497,0.81725,0.8098464105740254,0.5488292689019061,0.5,3.1031886694279125,nan,nan
mnist,topk_softmax_05,7,1,0.4116765856742859,0.889,0.8875915375571045,0.3515228606919025,0.5,3.0996936153858266,nan,nan
mnist,topk_softmax_05,7,2,0.25441551208496094,0.9345833333333333,0.9337999264875565,0.21297150184499455,0.5,3.0964108477247523,nan,nan
mnist,topk_softmax_05,7,3,0.19576771557331085,0.9441666666666667,0.9437462083516636,0.17376894725764053,0.5,3.1011351118696497,nan,nan
mnist,topk_softmax_05,7,4,0.16739563643932343,0.94825,0.9477297999778781,0.16277460722213097,0.5,3.113138939471955,nan,nan
mnist,topk_softmax_05,7,5,0.13981886208057404,0.95725,0.9569433830992986,0.14256895206710127,0.5,3.113347593774187,nan,nan
mnist,topk_softmax_05,7,6,0.12291423976421356,0.9608333333333333,0.9605320821103325,0.12648771845913948,0.5,3.096897414390077,nan,nan
mnist,topk_softmax_05,7,7,0.10818862915039062,0.9589166666666666,0.9584829108563586,0.12794781056173304,0.5,3.0938283306487064,nan,nan
mnist,topk_softmax_05,7,8,0.10022240877151489,0.9596666666666667,0.9594973374447437,0.12404547187876194,0.5,3.076088012532985,nan,nan
mnist,topk_softmax_05,7,9,0.08952177315950394,0.9644166666666667,0.9643683345100167,0.11779526486358743,0.5,3.058915820527584,nan,nan
mnist,topk_softmax_05,7,10,0.08578246086835861,0.9655833333333333,0.9654573602803657,0.1100173053589273,0.5,3.062666948805464,nan,nan
mnist,topk_softmax_05,7,11,0.07654636353254318,0.96825,0.9680867676107179,0.10052475824635079,0.5,3.0537148333610373,nan,nan
mnist,topk_softmax_05,7,12,0.07099469751119614,0.9680833333333333,0.9678018835318254,0.10421190149289497,0.5,3.0686814911822053,nan,nan
mnist,topk_softmax_05,7,13,0.06582938879728317,0.974,0.9739126472193039,0.09132754969152998,0.5,3.0651959789560195,nan,nan
mnist,topk_softmax_05,7,14,0.061994969844818115,0.973,0.9728226952511708,0.09056057891947158,0.5,3.0674553374026683,nan,nan
mnist,topk_softmax_05,7,15,0.058502331376075745,0.9719166666666667,0.9716026437009766,0.09654555556939003,0.5,3.0547187505884374,nan,nan
mnist,topk_softmax_05,7,16,0.05577831342816353,0.9725,0.9722664426323785,0.09066255580871663,0.5,3.0582973094696695,nan,nan
mnist,topk_softmax_05,7,17,0.05163117125630379,0.9729166666666667,0.9726414961678935,0.09490908539675652,0.5,3.0532252585634274,nan,nan
mnist,topk_softmax_05,7,18,0.05023525282740593,0.97425,0.9740072131376216,0.09468207940300728,0.5,3.050269951211645,nan,nan
mnist,topk_softmax_05,7,19,0.04552270472049713,0.9730833333333333,0.9728756644132363,0.09235650530837952,0.5,3.0257834297545414,nan,nan
mnist,topk_softmax_05,7,20,0.046220697462558746,0.976,0.9758150125212758,0.08527438647728017,0.5,3.037947028241259,nan,nan
mnist,topk_softmax_05,7,21,0.04377923160791397,0.97475,0.9744915444253524,0.08913819341266409,0.5,3.0327805610413248,nan,nan
mnist,topk_softmax_05,7,22,0.041068267077207565,0.9731666666666666,0.9730981144725221,0.09183820424244758,0.5,3.02953269633841,nan,nan
mnist,topk_softmax_05,7,23,0.038517341017723083,0.9725,0.9722864294495517,0.10091498054246953,0.5,3.0426740443452878,nan,nan
mnist,topk_softmax_05,7,24,0.036282919347286224,0.9721666666666666,0.9720528872064916,0.10705769165082181,0.5,3.017021174126483,nan,nan
mnist,topk_softmax_05,7,25,0.03650578856468201,0.9745,0.9743039991253332,0.09269271608679852,0.5,3.031705856323242,nan,nan
mnist,topk_softmax_05,8,0,1.384436845779419,0.7933333333333333,0.7887131140992446,0.6304693424955328,0.5,3.1636010332310454,nan,nan
mnist,topk_softmax_05,8,1,0.4352947771549225,0.9114166666666667,0.9113173051245556,0.2760532190825077,0.5,3.1464368688299302,nan,nan
mnist,topk_softmax_05,8,2,0.2705426514148712,0.92875,0.9286127480469316,0.22326969276083278,0.5,3.134565454848269,nan,nan
mnist,topk_softmax_05,8,3,0.21001888811588287,0.9399166666666666,0.9394944107648845,0.18985741569640788,0.5,3.1207911587776023,nan,nan
mnist,topk_softmax_05,8,4,0.16951118409633636,0.9566666666666667,0.9563136956637607,0.14070312536143242,0.5,3.1159176446021872,nan,nan
mnist,topk_softmax_05,8,5,0.1512226164340973,0.9515833333333333,0.9510081228862882,0.14554253418711907,0.5,3.1044238247769944,nan,nan
mnist,topk_softmax_05,8,6,0.1340326964855194,0.96225,0.9618365003787368,0.12381760300473964,0.5,3.09260748041437,nan,nan
mnist,topk_softmax_05,8,7,0.11949805915355682,0.9594166666666667,0.959336037122991,0.1308834543253513,0.5,3.082576219071733,nan,nan
mnist,topk_softmax_05,8,8,0.10585538297891617,0.97,0.969685128977137,0.09725521774368083,0.5,3.076804721609075,nan,nan
mnist,topk_softmax_05,8,9,0.09800470620393753,0.96775,0.9674533628036699,0.10147614166774649,0.5,3.0681651475581715,nan,nan
mnist,topk_softmax_05,8,10,0.09059802442789078,0.9663333333333334,0.966089168066841,0.10745183647947108,0.5,3.0697582731855677,nan,nan
mnist,topk_softmax_05,8,11,0.0850963369011879,0.9734166666666667,0.9731642316099768,0.08656271947349639,0.5,3.0650952039880957,nan,nan
mnist,topk_softmax_05,8,12,0.07766096293926239,0.972,0.9717243159400123,0.0912388515202923,0.5,3.0665228011760304,nan,nan
mnist,topk_softmax_05,8,13,0.07381130754947662,0.96975,0.9693996454940239,0.0988381519675889,0.5,3.0614415229635035,nan,nan
mnist,topk_softmax_05,8,14,0.06930529326200485,0.97175,0.9715400227992067,0.08904776389294482,0.5,3.057944581863728,nan,nan
mnist,topk_softmax_05,8,15,0.06548399478197098,0.9725,0.9723278586896088,0.09010856923587779,0.5,3.0569851829650556,nan,nan
mnist,topk_softmax_05,8,16,0.06200180575251579,0.9778333333333333,0.9777236167413378,0.07590363803815017,0.5,3.0567100834339223,nan,nan
mnist,topk_softmax_05,8,17,0.058083660900592804,0.9774166666666667,0.9771869005143398,0.0739231777397242,0.5,3.059103182021608,nan,nan
mnist,topk_softmax_05,8,18,0.058481041342020035,0.97325,0.9729633775397588,0.08722276454593272,0.5,3.0518567308466484,nan,nan
mnist,topk_softmax_05,8,19,0.0524665042757988,0.97675,0.9764184087712737,0.07859178196559562,0.5,3.053469457524888,nan,nan
mnist,topk_softmax_05,8,20,0.0498841255903244,0.9771666666666666,0.9770390286465378,0.07597318438297891,0.5,3.0468098559278123,nan,nan
mnist,topk_softmax_05,8,21,0.04820121452212334,0.9763333333333334,0.9761026279012059,0.08061958940580805,0.5,3.0430992588083794,nan,nan
mnist,topk_softmax_05,9,0,1.3310821056365967,0.7925,0.7872906503860879,0.605688064656359,0.5,3.1594433911303255,nan,nan
mnist,topk_softmax_05,9,1,0.46575310826301575,0.9095,0.908903433171415,0.2922331896868158,0.5,3.1236586951194925,nan,nan
mnist,topk_softmax_05,9,2,0.2872229814529419,0.9336666666666666,0.9335595710322231,0.21155780268476365,0.5,3.1179947675542627,nan,nan
mnist,topk_softmax_05,9,3,0.21422773599624634,0.9410833333333334,0.941130808629574,0.18243326563784418,0.5,3.101134698441688,nan,nan
mnist,topk_softmax_05,9,4,0.1758812963962555,0.95375,0.9536819954006301,0.14741100814748317,0.5,3.1015704413677785,nan,nan
mnist,topk_softmax_05,9,5,0.14397506415843964,0.9608333333333333,0.9607262944995416,0.12778616760005343,0.5,3.105640730959304,nan,nan
mnist,topk_softmax_05,9,6,0.12775707244873047,0.9630833333333333,0.9630517148419399,0.1227191317271679,0.5,3.089814673078821,nan,nan
mnist,topk_softmax_05,9,7,0.11588837951421738,0.9635,0.9634331394294146,0.11854082599599311,0.5,3.10004298230435,nan,nan
mnist,topk_softmax_05,9,8,0.1043582409620285,0.9665,0.9664815508308153,0.11118612065911293,0.5,3.094544032786755,nan,nan
mnist,topk_softmax_05,9,9,0.09698436409235,0.9639166666666666,0.9638393871198211,0.11175197006223049,0.5,3.093394274407245,nan,nan
mnist,topk_softmax_05,9,10,0.08596592396497726,0.9691666666666666,0.9692134180353993,0.09870805979726162,0.5,3.08887669380675,nan,nan
mnist,topk_softmax_05,9,11,0.08219960331916809,0.97275,0.9727331325009944,0.0938264528646114,0.5,3.0881568649981883,nan,nan
mnist,topk_softmax_05,9,12,0.07497875392436981,0.9734166666666667,0.973348649728871,0.09025708039073234,0.5,3.082727741687856,nan,nan
mnist,topk_softmax_05,9,13,0.07033783197402954,0.97225,0.9722075310020781,0.09028855790483191,0.5,3.0859249196154006,nan,nan
mnist,topk_softmax_05,9,14,0.06920424848794937,0.96575,0.965681552285653,0.11894424172474984,0.5,3.0796194837448443,nan,nan
mnist,topk_softmax_05,9,15,0.06969830393791199,0.9730833333333333,0.9730653609051594,0.08793876383532868,0.5,3.0771335870661636,nan,nan
mnist,topk_softmax_05,9,16,0.057465810328722,0.9719166666666667,0.971925160003227,0.09318319169130732,0.5,3.08555643101956,nan,nan
mnist,topk_softmax_05,9,17,0.053388576954603195,0.9765,0.9764600505969219,0.0760609230145495,0.5,3.0767111499258815,nan,nan
mnist,topk_softmax_05,9,18,0.051458168774843216,0.9745,0.9744510648173985,0.08735475641615847,0.5,3.0788249868027706,nan,nan
mnist,topk_softmax_05,9,19,0.051934607326984406,0.9751666666666666,0.9751453832361229,0.08549354304658606,0.5,3.074479929944302,nan,nan
mnist,topk_softmax_05,9,20,0.045395057648420334,0.9735833333333334,0.9736240433449529,0.09358945591969693,0.5,3.063387629833627,nan,nan
mnist,topk_softmax_05,9,21,0.045108817517757416,0.9775833333333334,0.9775426588571812,0.0815550250972205,0.5,3.065351813397509,nan,nan
mnist,topk_softmax_05,9,22,0.04317964240908623,0.9771666666666666,0.977177675709798,0.08235354016118861,0.5,3.0681004727140384,nan,nan
mnist,topk_softmax_05,9,23,0.042698513716459274,0.97675,0.9767441221398483,0.08638437197325712,0.5,3.0760473900652947,nan,nan
mnist,topk_softmax_05,9,24,0.04178344085812569,0.97925,0.9791918869737797,0.07429411218679965,0.5,3.072691686609958,nan,nan
mnist,topk_softmax_05,9,25,0.03532879427075386,0.9778333333333333,0.9778371396757171,0.08217697931413954,0.5,3.061061458384737,nan,nan
mnist,topk_softmax_05,9,26,0.03595544025301933,0.97575,0.9757446186919981,0.08790823817253113,0.5,3.066030484564761,nan,nan
mnist,topk_softmax_05,9,27,0.03447449207305908,0.9745833333333334,0.9745555494960104,0.09605814520507416,0.5,3.0585449781823666,nan,nan
mnist,topk_softmax_05,9,28,0.03356754779815674,0.9780833333333333,0.9780645511288233,0.08074674793974833,0.5,3.074670781480505,nan,nan
mnist,topk_softmax_05,9,29,0.03428611159324646,0.9769166666666667,0.9768536341089472,0.082019983691738,0.5,3.058958023152453,nan,nan
mnist,sparsemax,0,0,1.1171958446502686,0.8595833333333334,0.8572836172604739,0.44024151310007625,0.5215190105298733,2.697456973664304,nan,nan
mnist,sparsemax,0,1,0.3450555205345154,0.9259166666666667,0.9250685764043507,0.2461077574085682,0.4882388390759204,2.6153858608387885,nan,nan
mnist,sparsemax,0,2,0.2253749519586563,0.9446666666666667,0.9443980019250959,0.18267629422405932,0.47887186436577045,2.6111863154046078,nan,nan
mnist,sparsemax,0,3,0.1772344559431076,0.9541666666666667,0.9537436034945455,0.1524722213123707,0.45893654052881483,2.5544059352671846,nan,nan
mnist,sparsemax,0,4,0.14713943004608154,0.9585,0.9580857940282705,0.13689705618518463,0.4486407881721537,2.5278758051547596,nan,nan
mnist,sparsemax,0,5,0.12178416550159454,0.9570833333333333,0.9566299342055078,0.13455784209865204,0.44510172624537286,2.528022437653643,nan,nan
mnist,sparsemax,0,6,0.10723788291215897,0.9609166666666666,0.9604837058046869,0.1263832559293889,0.42911284242538694,2.4738127081952195,nan,nan
mnist,sparsemax,0,7,0.09911109507083893,0.965,0.9647841685063085,0.11924498155713081,0.4291032448093942,2.485401913206628,nan,nan
mnist,sparsemax,0,8,0.08972746133804321,0.96625,0.9659804356493412,0.11269566230475903,0.4225146323442459,2.4683398604393005,nan,nan
mnist,sparsemax,0,9,0.08429276943206787,0.9679166666666666,0.9676333958226625,0.10591030041588113,0.4176710346277724,2.4528631986455713,nan,nan
mnist,sparsemax,0,10,0.07459062337875366,0.9675,0.9673167744694633,0.10923438669836268,0.4114264974251707,2.4473554644178837,nan,nan
mnist,sparsemax,0,11,0.06910907477140427,0.9701666666666666,0.9698277850441013,0.09797035688732533,0.3993995592315146,2.427031624824443,nan,nan
mnist,sparsemax,0,12,0.06493289023637772,0.9704166666666667,0.9701780078532636,0.09959893340760088,0.4005182293501306,2.441463140731162,nan,nan
mnist,sparsemax,0,13,0.0653548389673233,0.9695,0.9691684653496988,0.1011755182705027,0.39459795536513026,2.440188139042956,nan,nan
mnist,sparsemax,0,14,0.053448960185050964,0.9725,0.9722176528799118,0.09016593188998547,0.38657170217087927,2.425578513043992,nan,nan
mnist,sparsemax,0,15,0.05570032075047493,0.9724166666666667,0.9722076970288015,0.09122845233279339,0.3835452216419768,2.414880268117215,nan,nan
mnist,sparsemax,0,16,0.052756235003471375,0.9760833333333333,0.9758697007727811,0.08351937867701054,0.3710320758375716,2.3790787914966014,nan,nan
mnist,sparsemax,0,17,0.04727555811405182,0.9754166666666667,0.975237743942334,0.08320179514269879,0.3721918114956389,2.3823650377861996,nan,nan
mnist,sparsemax,0,18,0.04626971855759621,0.976,0.9758344535045298,0.08434011680173113,0.35818971915447967,2.34706482100994,nan,nan
mnist,sparsemax,0,19,0.042637381702661514,0.9744166666666667,0.974149596950866,0.08636846837211162,0.35307990807168027,2.3289020416584423,nan,nan
mnist,sparsemax,0,20,0.0377945713698864,0.9758333333333333,0.9756847252870836,0.08467288204330078,0.34871760961857245,2.3197927944203642,nan,nan
mnist,sparsemax,0,21,0.0415717288851738,0.9763333333333334,0.976172642584616,0.08501174475284333,0.34754222330260787,2.3242659480013748,nan,nan
mnist,sparsemax,0,22,0.04200674220919609,0.97675,0.9765306070793358,0.08374125185482045,0.3403344195573888,2.3128545220862042,nan,nan
mnist,sparsemax,0,23,0.036193884909152985,0.9755833333333334,0.9754218197905269,0.08767000831505085,0.34751459559861647,2.33058023199122,nan,nan
mnist,sparsemax,0,24,0.03720097616314888,0.978,0.977805376176771,0.07859183772605785,0.34457114782739195,2.322058530564004,nan,nan
mnist,sparsemax,0,25,0.033965956419706345,0.9776666666666667,0.9774948023901848,0.07825423541300475,0.3364177022842651,2.284532917306778,nan,nan
mnist,sparsemax,0,26,0.03034253977239132,0.9770833333333333,0.9768766132600304,0.08899720821608888,0.3502355804468723,2.32744585199559,nan,nan
mnist,sparsemax,0,27,0.030070116743445396,0.9760833333333333,0.9759390439509833,0.08230071233466585,0.32508730761548305,2.2402606872802084,nan,nan
mnist,sparsemax,0,28,0.028473135083913803,0.9785833333333334,0.9784178661617208,0.08466551664899638,0.33029495671074444,2.257492708398941,nan,nan
mnist,sparsemax,0,29,0.031792543828487396,0.9798333333333333,0.9796866609588959,0.0765389280512612,0.3259026588911706,2.2617890936263065,nan,nan
mnist,sparsemax,1,0,1.1792503595352173,0.8236666666666667,0.8166466554770919,0.5277568444292596,0.4568207710981369,2.5182446456970053,nan,nan
mnist,sparsemax,1,1,0.38482043147087097,0.9201666666666667,0.9191476077455112,0.253515897913182,0.4390292361061624,2.4947878109647874,nan,nan
mnist,sparsemax,1,2,0.25006794929504395,0.9358333333333333,0.9348667558938116,0.20369074604612716,0.40452236491949,2.3936412473942372,nan,nan
mnist,sparsemax,1,3,0.19246356189250946,0.9506666666666667,0.9499670589642577,0.16192221562279033,0.3766908295294072,2.3236667425074478,nan,nan
mnist,sparsemax,1,4,0.15531010925769806,0.959,0.9585388272984707,0.13235264049565537,0.3707331858099775,2.343177893060319,nan,nan
mnist,sparsemax,1,5,0.13621272146701813,0.95975,0.9593923478313963,0.12835694373922146,0.3589979001182191,2.3104186577999846,nan,nan
mnist,sparsemax,1,6,0.12191067636013031,0.9633333333333334,0.9628944793533123,0.11297558644350539,0.3489326950400434,2.2913863760359745,nan,nan
mnist,sparsemax,1,7,0.10952678322792053,0.96275,0.9623712986047197,0.11467836448486815,0.33929712943574214,2.2578544756199452,nan,nan
mnist,sparsemax,1,8,0.09838099032640457,0.9690833333333333,0.9687701130896003,0.09723522831150826,0.3510738181624007,2.3099198392096985,nan,nan
mnist,sparsemax,1,9,0.09020355343818665,0.9706666666666667,0.9703625499740951,0.09213806712564002,0.34572213476008556,2.298933390607225,nan,nan
mnist,sparsemax,1,10,0.08014796674251556,0.96925,0.9689136337464459,0.09719870968701992,0.33430536313259857,2.2692140175941145,nan,nan
mnist,sparsemax,1,11,0.07391493022441864,0.9701666666666666,0.9698763405173277,0.09136096522846121,0.3278025729542083,2.248699153991456,nan,nan
mnist,sparsemax,1,12,0.07095547765493393,0.974,0.9737057310826429,0.08434273659231815,0.325504296796119,2.2484821284070926,nan,nan
mnist,sparsemax,1,13,0.06823840737342834,0.9711666666666666,0.9708469811321268,0.0958057360208415,0.3225834328443446,2.2574283607462617,nan,nan
mnist,sparsemax,1,14,0.06459321826696396,0.9725,0.9722844811313964,0.09273317028233345,0.31212567205124714,2.2270261353634773,nan,nan
mnist,sparsemax,1,15,0.06010173633694649,0.9739166666666667,0.9736742554434858,0.08813894413253094,0.31024431548220044,2.21973199793633,nan,nan
mnist,sparsemax,1,16,0.0562751479446888,0.9725833333333334,0.9722773528734191,0.09162374296562469,0.3040550371750872,2.197060044775618,nan,nan
mnist,sparsemax,1,17,0.05172954127192497,0.9704166666666667,0.9701246906336897,0.10505612127165845,0.30166277844221034,2.189389600398693,nan,nan
mnist,sparsemax,2,0,1.101062536239624,0.8625833333333334,0.8601981344659914,0.4320665661324846,0.47599570817769843,2.5234173789937446,nan,nan
mnist,sparsemax,2,1,0.3488956391811371,0.9191666666666667,0.9174688474931413,0.2641793727240664,0.4691801167866017,2.5335113989545945,nan,nan
mnist,sparsemax,2,2,0.24216125905513763,0.94175,0.9411649698837895,0.18909716083014266,0.458119402064922,2.532589003126672,nan,nan
mnist,sparsemax,2,3,0.1880139708518982,0.9499166666666666,0.9492939968871406,0.16172250756557952,0.4363297352448423,2.4616307032869216,nan,nan
mnist,sparsemax,2,4,0.15827469527721405,0.95575,0.9552636595879672,0.1441550705027073,0.4283586971937342,2.449336039259079,nan,nan
mnist,sparsemax,2,5,0.13220857083797455,0.9615833333333333,0.9611926709435237,0.12663488866800957,0.4214751240103803,2.4461303619628256,nan,nan
mnist,sparsemax,2,6,0.11631700396537781,0.9645,0.9641483462061837,0.11523222067254654,0.39170481470671104,2.3532557081668934,nan,nan
mnist,sparsemax,2,7,0.10172878205776215,0.96725,0.9670655281438723,0.11310467139837589,0.3857203848818515,2.324777196062372,nan,nan
mnist,sparsemax,2,8,0.09608972817659378,0.9693333333333334,0.9693319659427508,0.10223014272273855,0.3857745439448255,2.3351859564476825,nan,nan
mnist,sparsemax,2,9,0.08617523312568665,0.97225,0.9720315697375572,0.09246683592333439,0.3668740819743339,2.303863987009576,nan,nan
mnist,sparsemax,2,10,0.07797875255346298,0.9741666666666666,0.9739582800270752,0.0862964854595509,0.3531053643277351,2.2817745170694717,nan,nan
mnist,sparsemax,2,11,0.0736737921833992,0.9739166666666667,0.9736280159401313,0.09197607648340946,0.34571918861028994,2.258493072174965,nan,nan
mnist,sparsemax,2,12,0.06794816255569458,0.975,0.9747772957072073,0.08677755494384055,0.34382748667229995,2.2517074422633394,nan,nan
mnist,sparsemax,2,13,0.059836577624082565,0.9736666666666667,0.9735275430462933,0.09375332593125232,0.34177056192717653,2.2398769398953053,nan,nan
mnist,sparsemax,2,14,0.06058517098426819,0.97125,0.9710923165796281,0.10101808991996532,0.33035207619058327,2.22472896474473,nan,nan
mnist,sparsemax,2,15,0.05558811500668526,0.9775,0.9773180716362709,0.07926580064157222,0.32751846107396676,2.2184627487304365,nan,nan
mnist,sparsemax,2,16,0.0528276152908802,0.97625,0.9761008344027704,0.08303451090258487,0.3131521058843491,2.188362184991228,nan,nan
mnist,sparsemax,2,17,0.049744755029678345,0.9765,0.9763049326803861,0.08962701255098936,0.3210618644952774,2.2260754260611026,nan,nan
mnist,sparsemax,2,18,0.04652239382266998,0.97375,0.9734786878700679,0.0927948487645134,0.31768678635992903,2.18587489584659,nan,nan
mnist,sparsemax,2,19,0.043715182691812515,0.97475,0.9745392112453996,0.08801979872774571,0.30973906624824443,2.1814402671570474,nan,nan
mnist,sparsemax,2,20,0.045089706778526306,0.9738333333333333,0.9736526588375648,0.09361032843391628,0.30135030664028006,2.169398558900711,nan,nan
mnist,sparsemax,3,0,1.1387217044830322,0.8546666666666667,0.852265866799307,0.45897780010040773,0.5024340759883535,2.5800674874731837,nan,nan
mnist,sparsemax,3,1,0.3642008304595947,0.9143333333333333,0.9134976131873334,0.27564580358089286,0.5154095135153608,2.6406870661897863,nan,nan
mnist,sparsemax,3,2,0.24683541059494019,0.939,0.9384891774846308,0.19695468532278182,0.5014116686392338,2.6104100384610764,nan,nan
mnist,sparsemax,3,3,0.18918685615062714,0.95025,0.949850567727123,0.16538888025791088,0.486640916384281,2.5997815119459275,nan,nan
mnist,sparsemax,3,4,0.16020295023918152,0.9529166666666666,0.9527128817180628,0.14760662108025652,0.4743503948792498,2.578309419307303,nan,nan
mnist,sparsemax,3,5,0.1372309774160385,0.9513333333333334,0.9511231746043969,0.15503292610036565,0.47137143478748644,2.5636210986908448,nan,nan
mnist,sparsemax,3,6,0.1234821304678917,0.9640833333333333,0.9638237502859784,0.1191814918308816,0.45595642638967393,2.5149906620066216,nan,nan
mnist,sparsemax,3,7,0.11300430446863174,0.96575,0.9655843595957597,0.11094844579062563,0.44917697348493213,2.507102961235858,nan,nan
mnist,sparsemax,3,8,0.10075001418590546,0.96675,0.9666088398797804,0.11303235939208497,0.4430534299066726,2.5113486495423825,nan,nan
mnist,sparsemax,3,9,0.0914236530661583,0.9708333333333333,0.9707410738588067,0.0999121073078602,0.4317945582752532,2.4782347666456346,nan,nan
mnist,sparsemax,3,10,0.08718965202569962,0.9605,0.9604264238899397,0.12753367994694,0.43334315796481804,2.491882172036678,nan,nan
mnist,sparsemax,3,11,0.07707967609167099,0.97225,0.9720940816517706,0.09413987865790407,0.4390448534742315,2.5091712956732892,nan,nan
mnist,sparsemax,3,12,0.07550150901079178,0.9741666666666666,0.9740505875171867,0.08736848058377175,0.4140489253591984,2.439915952530313,nan,nan
mnist,sparsemax,3,13,0.06649712473154068,0.97475,0.9747017133997897,0.08506780490279198,0.4132274522426281,2.444580996290166,nan,nan
mnist,sparsemax,3,14,0.06270108371973038,0.9711666666666666,0.971110757749433,0.10402681825167322,0.4205839510293717,2.4832881562253264,nan,nan
mnist,sparsemax,3,15,0.05873588100075722,0.9758333333333333,0.9757033559710571,0.08242248577323366,0.4154715824951517,2.476895177617986,nan,nan
mnist,sparsemax,3,16,0.05257057026028633,0.9734166666666667,0.9733619112586375,0.08839206635317903,0.412882406343805,2.4786817723132195,nan,nan
mnist,sparsemax,3,17,0.051401395350694656,0.9775,0.9774775473649784,0.0828218057830917,0.40298101369370803,2.426564708669135,nan,nan
mnist,sparsemax,3,18,0.04955701902508736,0.9765833333333334,0.976523953585238,0.08117520825025883,0.3957293626475841,2.4110545592105135,nan,nan
mnist,sparsemax,3,19,0.048629943281412125,0.9746666666666667,0.9745402169757357,0.08991595841151603,0.38815933339139247,2.3895187454020723,nan,nan
mnist,sparsemax,3,20,0.04478464648127556,0.97525,0.9750771134847204,0.08487495023043866,0.3856691139492583,2.397125340522604,nan,nan
mnist,sparsemax,3,21,0.04427925497293472,0.977,0.9768693812800558,0.08217730004578194,0.3810430242026106,2.3973110825457473,nan,nan
mnist,sparsemax,3,22,0.041687820106744766,0.9743333333333334,0.9743037664772374,0.08911333387677974,0.3893996913065302,2.4083116041853074,nan,nan
mnist,sparsemax,4,0,1.2942171096801758,0.8249166666666666,0.8198533067201179,0.5380603988119896,0.483519102189135,2.5757717388741512,nan,nan
mnist,sparsemax,4,1,0.38225120306015015,0.9174166666666667,0.9168217293093877,0.26518387680358074,0.473446435750799,2.5653450996317764,nan,nan
mnist,sparsemax,4,2,0.24576516449451447,0.9426666666666667,0.9424170781941161,0.18648463218136035,0.46305511019965434,2.549132692052963,nan,nan
mnist,sparsemax,4,3,0.1932014673948288,0.9485,0.9486155981935005,0.15921292564970382,0.4467927854745946,2.5321223938718753,nan,nan
mnist,sparsemax,4,4,0.16422176361083984,0.9521666666666667,0.9519469059198608,0.14927353250219466,0.42523024548241434,2.4748574736270497,nan,nan
mnist,sparsemax,4,5,0.14215002954006195,0.9588333333333333,0.958699316274233,0.1302766094499446,0.4130644585858,2.440515585402225,nan,nan
mnist,sparsemax,4,6,0.12714192271232605,0.9645,0.964264307175657,0.11514755813999379,0.3962097190161969,2.3969000742790545,nan,nan
mnist,sparsemax,4,7,0.11760637909173965,0.9634166666666667,0.9631023141592998,0.1137888547270856,0.39211368782723205,2.385312597802345,nan,nan
mnist,sparsemax,4,8,0.10136916488409042,0.9685833333333334,0.9683485120835972,0.10034161251276097,0.37462061088769993,2.346970217025026,nan,nan
mnist,sparsemax,4,9,0.09405158460140228,0.9665833333333333,0.9663246986088833,0.10792506882484923,0.3715860070066249,2.342877720264678,nan,nan
mnist,sparsemax,4,10,0.08581038564443588,0.96725,0.9670981269447381,0.1001122329938919,0.36648660993322413,2.338829622623768,nan,nan
mnist,sparsemax,4,11,0.08046051859855652,0.9695833333333334,0.9692616074718885,0.10182689177863141,0.3652206578470291,2.3366731100894036,nan,nan
mnist,sparsemax,4,12,0.07368268817663193,0.97425,0.974021764280495,0.08619440323177804,0.3613978402411684,2.329216815055685,nan,nan
mnist,sparsemax,4,13,0.06905212253332138,0.9728333333333333,0.9726362359563897,0.08675744741203938,0.34391118887257066,2.2641948410805237,nan,nan
mnist,sparsemax,4,14,0.06776215881109238,0.9733333333333334,0.9730795528824207,0.09002200165327559,0.341281329539228,2.2638970435933863,nan,nan
mnist,sparsemax,4,15,0.06316870450973511,0.9753333333333334,0.975147980725793,0.08334761509235869,0.3405785731812741,2.262677622602341,nan,nan
mnist,sparsemax,4,16,0.05628795176744461,0.9745833333333334,0.9744978215932898,0.08870401308733097,0.3387219821836086,2.2624948253022863,nan,nan
mnist,sparsemax,4,17,0.05608629062771797,0.9765833333333334,0.9764261771868137,0.07830929910724467,0.3301972214211809,2.247582460971589,nan,nan
mnist,sparsemax,4,18,0.05354036018252373,0.9738333333333333,0.9736053658194551,0.09204047149483194,0.32641693299755137,2.2337819946573134,nan,nan
mnist,sparsemax,4,19,0.049648433923721313,0.9749166666666667,0.9746729150699306,0.08703805446783279,0.32816170599866423,2.2392180219609688,nan,nan
mnist,sparsemax,4,20,0.04824937507510185,0.9769166666666667,0.9767521348360642,0.0767656387959389,0.3310309968730237,2.2588639208611023,nan,nan
mnist,sparsemax,4,21,0.04529197886586189,0.97525,0.9750379694667171,0.0860874612439186,0.31938444854731257,2.2298983373540513,nan,nan
mnist,sparsemax,4,22,0.043775591999292374,0.9731666666666666,0.972851658236039,0.09072648472291359,0.3139633377815815,2.1984144829689187,nan,nan
mnist,sparsemax,4,23,0.04115181788802147,0.9785833333333334,0.9784985725392813,0.07387411582501645,0.32463451252972825,2.2543676799916206,nan,nan
mnist,sparsemax,4,24,0.04076419770717621,0.97425,0.973980224909661,0.09323573215527738,0.30607109437597557,2.1904201406113644,nan,nan
mnist,sparsemax,4,25,0.03718163073062897,0.9736666666666667,0.9734079475760087,0.09118147234016276,0.30837607542251017,2.1983563405402164,nan,nan
mnist,sparsemax,4,26,0.038788508623838425,0.9754166666666667,0.9752781646345431,0.08306431255124985,0.3054212327016161,2.1885271643070463,nan,nan
mnist,sparsemax,4,27,0.0354471355676651,0.9779166666666667,0.9777466129196306,0.08546093355943547,0.3063126301511805,2.2088995956360025,nan,nan
mnist,sparsemax,4,28,0.034259360283613205,0.976,0.9758689099558296,0.09409680463215138,0.3044474319891727,2.2020972840329436,nan,nan
mnist,sparsemax,5,0,1.115859866142273,0.85925,0.855978562649726,0.44587834528151976,0.4544063204146446,2.3818120094055826,nan,nan
mnist,sparsemax,5,1,0.34980931878089905,0.9208333333333333,0.9199062810798923,0.25222880440823575,0.44044038891158205,2.388065076888876,nan,nan
mnist,sparsemax,5,2,0.24382933974266052,0.94,0.9392668828183327,0.1962423012294668,0.4227754494294207,2.379954289882741,nan,nan
mnist,sparsemax,5,3,0.19092588126659393,0.9516666666666667,0.951087700924029,0.15996089276481182,0.40353778432658377,2.354848195897772,nan,nan
mnist,sparsemax,5,4,0.15868720412254333,0.9554166666666667,0.9548803203815691,0.14353445378389765,0.3943076327126077,2.336659194307124,nan,nan
mnist,sparsemax,5,5,0.13620255887508392,0.9621666666666666,0.9617810908069842,0.12639943573703158,0.3853243960345045,2.3133847637379423,nan,nan
mnist,sparsemax,5,6,0.11839524656534195,0.9624166666666667,0.9620459888465321,0.12564580554657795,0.37813738892053034,2.3057944774627686,nan,nan
mnist,sparsemax,5,7,0.11098845303058624,0.96525,0.9649942878610807,0.11169940209452142,0.3690055451811628,2.2965854799493832,nan,nan
mnist,sparsemax,5,8,0.09811583906412125,0.9679166666666666,0.9675541497639732,0.10114352317883614,0.35194495082535643,2.250591603999442,nan,nan
mnist,sparsemax,5,9,0.08913305401802063,0.9710833333333333,0.9708384430105459,0.0970310610025487,0.350252406869797,2.2462812091441866,nan,nan
mnist,sparsemax,5,10,0.08421854674816132,0.9705,0.9702246882565795,0.09489813462850895,0.3459154418174257,2.252147897760919,nan,nan
mnist,sparsemax,5,11,0.07654951512813568,0.9723333333333334,0.9720652075731557,0.09436614526079055,0.3378195011235298,2.2468362678872777,nan,nan
mnist,sparsemax,5,12,0.06999048590660095,0.9713333333333334,0.971058993568836,0.09335025019468145,0.34449995657865035,2.260945459629627,nan,nan
mnist,sparsemax,5,13,0.06559211015701294,0.9733333333333334,0.973130977836939,0.0884373184848339,0.3345425488783958,2.2221059799194336,nan,nan
mnist,sparsemax,5,14,0.06517976522445679,0.9695833333333334,0.9692430244365353,0.099763367721375,0.3247569999162187,2.2010257091928036,nan,nan
mnist,sparsemax,5,15,0.058245424181222916,0.9720833333333333,0.9716990545789912,0.10158917347484446,0.31214128387101153,2.1789757901049676,nan,nan
mnist,sparsemax,5,16,0.05513150617480278,0.9725833333333334,0.9723669831555319,0.09679132902083244,0.30823825315592135,2.1811900075445783,nan,nan
mnist,sparsemax,5,17,0.055143631994724274,0.9711666666666666,0.9707120171080319,0.09200133327791031,0.30401218413038456,2.144211657503818,nan,nan
mnist,sparsemax,5,18,0.05079834535717964,0.9723333333333334,0.9719946883630215,0.09538037195167642,0.2962035687362894,2.143769274366663,nan,nan
mnist,sparsemax,6,0,1.164358139038086,0.8455833333333334,0.841825860338599,0.48577548722003366,0.4695926695427996,2.4329472919727895,nan,nan
mnist,sparsemax,6,1,0.370849072933197,0.9134166666666667,0.9130785319192821,0.281431072252862,0.4668854167486759,2.4366762346409736,nan,nan
mnist,sparsemax,6,2,0.2483227699995041,0.9301666666666667,0.9295274241010487,0.2237705924409501,0.45818680255336963,2.388631115568445,nan,nan
mnist,sparsemax,6,3,0.1891356259584427,0.9435833333333333,0.9431987248889167,0.18130540530732336,0.440939558630294,2.3348167437188168,nan,nan
mnist,sparsemax,6,4,0.16201388835906982,0.94975,0.9493958977612579,0.1519569827521101,0.42383204289573306,2.280462806529187,nan,nan
mnist,sparsemax,6,5,0.13617293536663055,0.9585833333333333,0.9581759487387862,0.12893587620334424,0.411280188154667,2.269367814064026,nan,nan
mnist,sparsemax,6,6,0.1261812001466751,0.9631666666666666,0.9628731615662982,0.11642391884580572,0.39694971258335926,2.219374384017701,nan,nan
mnist,sparsemax,6,7,0.10946328938007355,0.9594166666666667,0.9591461440808159,0.12349608508830374,0.3802572831194452,2.188877916082423,nan,nan
mnist,sparsemax,6,8,0.10163836181163788,0.9641666666666666,0.9638244834042252,0.11290334462326893,0.3655520854319664,2.1305652666599193,nan,nan
mnist,sparsemax,6,9,0.09572228789329529,0.96775,0.9675551415340078,0.10724277211789121,0.3589042471127307,2.1410953973201994,nan,nan
mnist,sparsemax,6,10,0.08636414259672165,0.9649166666666666,0.9646596429259594,0.10900220481005121,0.34787163931004544,2.1082300734012684,nan,nan
mnist,sparsemax,6,11,0.07972163707017899,0.9705833333333334,0.9703995300587375,0.0978479820521588,0.34826060836302475,2.0991151827446957,nan,nan
mnist,sparsemax,6,12,0.07587424665689468,0.9698333333333333,0.9695808049541423,0.09719231035164062,0.3475620334452771,2.1134008853993516,nan,nan
mnist,sparsemax,6,13,0.07032804191112518,0.9691666666666666,0.9689627660661951,0.10095491902308261,0.32653483922811266,2.0227954755438136,nan,nan
mnist,sparsemax,6,14,0.06713098287582397,0.9725833333333334,0.9724076893705528,0.09034022807757905,0.326425257990969,2.060882516363834,nan,nan
mnist,sparsemax,6,15,0.062043894082307816,0.9714166666666667,0.9712008117788367,0.09408085016494101,0.33322251746629145,2.0577561817270644,nan,nan
mnist,sparsemax,6,16,0.059497155249118805,0.9695,0.9692938860119412,0.10025024311022555,0.32173370696762776,2.0352730801764953,nan,nan
mnist,sparsemax,6,17,0.057748205959796906,0.9739166666666667,0.9737484595104988,0.08155581596842472,0.3195530637464625,2.0214553234425,nan,nan
mnist,sparsemax,6,18,0.05155162885785103,0.9724166666666667,0.9722311429306822,0.09089059929581399,0.31970511535380747,2.045172728122549,nan,nan
mnist,sparsemax,6,19,0.05226992443203926,0.9735,0.9732591454313091,0.08524861353191923,0.31864845308851686,2.0250754432475313,nan,nan
mnist,sparsemax,6,20,0.048372119665145874,0.9723333333333334,0.9721549139563204,0.09750261538206263,0.30406022912010233,1.9821133410676997,nan,nan
mnist,sparsemax,6,21,0.052246011793613434,0.9740833333333333,0.9739496231515814,0.09042330466686412,0.3099717432038581,1.9812288144801526,nan,nan
mnist,sparsemax,6,22,0.04355267062783241,0.9731666666666666,0.9729543738368129,0.09316364572720325,0.3028297429072096,1.9851076704390505,nan,nan
mnist,sparsemax,6,23,0.044098932296037674,0.97475,0.9745971509051538,0.08859160922943278,0.30323428375289796,2.0006790985452367,nan,nan
mnist,sparsemax,6,24,0.04106203094124794,0.9700833333333333,0.9699153741770878,0.10658573866524595,0.30124698864652755,2.007320721098717,nan,nan
mnist,sparsemax,6,25,0.03953460976481438,0.9765833333333334,0.9764410372453531,0.08579725110308921,0.2898934012714853,1.983912875043585,nan,nan
mnist,sparsemax,6,26,0.0397043377161026,0.9738333333333333,0.9737472781509281,0.09553733269901986,0.2873615416440558,1.9623991212946303,nan,nan
mnist,sparsemax,6,27,0.03624391183257103,0.97625,0.9760624910334423,0.08807242927240565,0.2975868955254555,2.019916227523317,nan,nan
mnist,sparsemax,6,28,0.03630528226494789,0.9750833333333333,0.9749317325733017,0.08979051774169536,0.284705362262878,1.9680219647732187,nan,nan
mnist,sparsemax,6,29,0.03460373729467392,0.9744166666666667,0.9741579147544126,0.0983233936527308,0.2757062052792691,1.9322186898677907,nan,nan
mnist,sparsemax,7,0,1.104813575744629,0.8699166666666667,0.8693574330306509,0.4200055263143905,0.47021827735799426,2.4570867901152753,nan,nan
mnist,sparsemax,7,1,0.3299645781517029,0.9138333333333334,0.9125380947853025,0.2703280930823468,0.45178950482860525,2.421717839038118,nan,nan
mnist,sparsemax,7,2,0.22726087272167206,0.9390833333333334,0.9386129307466066,0.19107109974039363,0.43520200379351354,2.3805434336053564,nan,nan
mnist,sparsemax,7,3,0.18439728021621704,0.948,0.9476220577108745,0.16519412953168788,0.40559694424588627,2.3088567675428187,nan,nan
mnist,sparsemax,7,4,0.15835455060005188,0.9554166666666667,0.9550465568130375,0.14122810722031492,0.3860509281462811,2.296659765091348,nan,nan
mnist,sparsemax,7,5,0.13503585755825043,0.9595833333333333,0.9591817087228778,0.12774022557633988,0.37022865436812663,2.2730269000885333,nan,nan
mnist,sparsemax,7,6,0.12114442139863968,0.9595,0.9591862392774841,0.13370674277873748,0.35157871912134453,2.218738628194687,nan,nan
mnist,sparsemax,7,7,0.10976240038871765,0.9544166666666667,0.953827202898102,0.14252993924186586,0.3453643391741083,2.214862032139555,nan,nan
mnist,sparsemax,7,8,0.10028150677680969,0.9670833333333333,0.9668030372283256,0.10741733181032728,0.33624441810744876,2.198476328494701,nan,nan
mnist,sparsemax,7,9,0.09100455045700073,0.96475,0.964562916584294,0.11510314832025385,0.3225456680706207,2.1483083075665412,nan,nan
mnist,sparsemax,7,10,0.08244309574365616,0.9701666666666666,0.9699597667352812,0.10069806394266322,0.3108514263591868,2.1313922494015793,nan,nan
mnist,sparsemax,7,11,0.0790519267320633,0.9665,0.9662867601229997,0.10825649411120314,0.29141149226021257,2.0678032839551883,nan,nan
mnist,sparsemax,7,12,0.07386400550603867,0.971,0.9707868194016168,0.10016494906170571,0.2903800568682082,2.0749543423348284,nan,nan
mnist,sparsemax,7,13,0.06801272928714752,0.9726666666666667,0.9724106243529123,0.093147226946151,0.28079026097312887,2.05350642889104,nan,nan
mnist,sparsemax,7,14,0.0654207170009613,0.9710833333333333,0.9709186356413124,0.0966568372826627,0.28775884242767985,2.08406988103339,nan,nan
mnist,sparsemax,7,15,0.06152708828449249,0.9738333333333333,0.9737007582682697,0.08888960352286379,0.2918327030666331,2.0863182506662734,nan,nan
mnist,sparsemax,7,16,0.05218929797410965,0.9705833333333334,0.9703263600363969,0.09902122402761845,0.2773157133066908,2.033290724805061,nan,nan
mnist,sparsemax,7,17,0.05533059313893318,0.97475,0.9746024131358256,0.08735467537127911,0.27835918741023286,2.030238911192468,nan,nan
mnist,sparsemax,7,18,0.048399679362773895,0.9711666666666666,0.971055896920315,0.09966579210409458,0.2661053853783202,2.0271287928236292,nan,nan
mnist,sparsemax,7,19,0.049847718328237534,0.9715833333333334,0.9714627593846158,0.09875864170967265,0.26347793353364823,2.023426019130869,nan,nan
mnist,sparsemax,7,20,0.046099305152893066,0.97575,0.975578491005928,0.09168502902413936,0.2564385328838166,1.9926070089035846,nan,nan
mnist,sparsemax,7,21,0.043475039303302765,0.9725833333333334,0.9722826865612847,0.09810802760593434,0.2541446260949399,1.988663819242031,nan,nan
mnist,sparsemax,7,22,0.04138019680976868,0.9756666666666667,0.9754459395537032,0.09187432576684242,0.26318397737563926,2.01665908478676,nan,nan
mnist,sparsemax,7,23,0.042465679347515106,0.9701666666666666,0.9699526011015983,0.10813236054270825,0.2595597773473314,2.0073436562051166,nan,nan
mnist,sparsemax,7,24,0.03925731033086777,0.9748333333333333,0.9746367360383438,0.09429559333527342,0.2589754869646214,2.0012331719094134,nan,nan
mnist,sparsemax,7,25,0.03649866208434105,0.9736666666666667,0.9735376017495705,0.10079388538415128,0.2684879829274847,2.03410023958125,nan,nan
mnist,sparsemax,8,0,1.174072504043579,0.848,0.8466720421379751,0.47294564830495955,0.4743924003015173,2.571118117646968,nan,nan
mnist,sparsemax,8,1,0.368740439414978,0.9255833333333333,0.9250305939176549,0.23824151335878574,0.41973339385808783,2.421713759290411,nan,nan
mnist,sparsemax,8,2,0.2294992208480835,0.9418333333333333,0.9411512982281103,0.18439574190910826,0.3864481531559153,2.342115695172168,nan,nan
mnist,sparsemax,8,3,0.18114852905273438,0.9525,0.9520334605965888,0.14932642417385222,0.3623336052640955,2.305769300207179,nan,nan
mnist,sparsemax,8,4,0.15331250429153442,0.95925,0.9589269678666323,0.1274214469371958,0.34994243323168855,2.2635087282099624,nan,nan
mnist,sparsemax,8,5,0.13252586126327515,0.95925,0.9588773804455897,0.1299384187193627,0.33504685410793794,2.2309513130086533,nan,nan
mnist,sparsemax,8,6,0.11613911390304565,0.9669166666666666,0.9667379660491845,0.10514459782775412,0.3138716484003879,2.174486530588028,nan,nan
mnist,sparsemax,8,7,0.10611563920974731,0.9711666666666666,0.9710126262313924,0.09654643576829991,0.31318779987223605,2.173668901971046,nan,nan
mnist,sparsemax,8,8,0.09455908089876175,0.9696666666666667,0.9695279530670173,0.09815181252804209,0.3033687055427977,2.148591881102704,nan,nan
mnist,sparsemax,8,9,0.08778917789459229,0.9720833333333333,0.971866105966243,0.09144755413240575,0.30529549242334164,2.1509147007414637,nan,nan
mnist,sparsemax,8,10,0.07946714013814926,0.9730833333333333,0.9729309720868985,0.08863431167729358,0.30136040756677057,2.144232926216531,nan,nan
mnist,sparsemax,8,11,0.07577843219041824,0.97525,0.9749790255296826,0.08162551064123498,0.3024611086287397,2.148464136935295,nan,nan
mnist,sparsemax,8,12,0.06832324713468552,0.9734166666666667,0.9732467953531824,0.08416516365523034,0.30623529962402707,2.16783296047373,nan,nan
mnist,sparsemax,8,13,0.06736162304878235,0.9703333333333334,0.9699281699710414,0.09919615763616055,0.2963932692370516,2.1446489349324653,nan,nan
mnist,sparsemax,8,14,0.0661921352148056,0.973,0.9727947580986276,0.08504319943963214,0.28090523880846957,2.0893035784680793,nan,nan
mnist,sparsemax,8,15,0.06157449632883072,0.97625,0.9760374100327589,0.07673271729591045,0.2793004885315895,2.087491141988876,nan,nan
mnist,sparsemax,8,16,0.057673148810863495,0.97725,0.9771462067409363,0.07765293906026698,0.28156375742339074,2.101878526362967,nan,nan
mnist,sparsemax,8,17,0.05167801305651665,0.97625,0.9760014872384858,0.08390712238689686,0.2835421343433096,2.108117094699373,nan,nan
mnist,sparsemax,8,18,0.0548979751765728,0.9773333333333334,0.9771061343477371,0.07693506484018996,0.2656986909977933,2.0603063169946063,nan,nan
mnist,sparsemax,8,19,0.04475381225347519,0.9770833333333333,0.9768772790702582,0.07800912750052645,0.26624776993660215,2.0640516902538057,nan,nan
mnist,sparsemax,8,20,0.0465661995112896,0.975,0.9748046292327901,0.0868368037045002,0.261129674442271,2.0329490367402423,nan,nan
mnist,sparsemax,8,21,0.044776007533073425,0.9765,0.9762554357192904,0.08448636484272937,0.2505496578647735,1.9926190008508398,nan,nan
mnist,sparsemax,8,22,0.0396001823246479,0.9768333333333333,0.976685901559129,0.08210314049365673,0.2617979587075558,2.02765617725697,nan,nan
mnist,sparsemax,8,23,0.04063320532441139,0.9774166666666667,0.977249909231005,0.07964370046999861,0.25468249856791597,2.0226221553822783,nan,nan
mnist,sparsemax,8,24,0.036868587136268616,0.9755,0.975239537940946,0.08980268148824255,0.24599471387076885,1.9947785494175363,nan,nan
mnist,sparsemax,8,25,0.0391102135181427,0.9785,0.9783253068922759,0.07513844328833387,0.24117143721656598,1.9870014114582792,nan,nan
mnist,sparsemax,8,26,0.03403738886117935,0.9775833333333334,0.9773833459753165,0.07899033932134192,0.24384357510729038,1.987010268454856,nan,nan
mnist,sparsemax,8,27,0.03656076639890671,0.97925,0.9790727797254695,0.0749387460106865,0.2459217699918341,1.999863917523242,nan,nan
mnist,sparsemax,8,28,0.03371458128094673,0.9794166666666667,0.9793119209321199,0.076205451834075,0.23020635751333643,1.9385392513680966,nan,nan
mnist,sparsemax,8,29,0.036079686135053635,0.9786666666666667,0.9785912096129561,0.07288959543121622,0.2359037236013311,1.9541672303321513,nan,nan
mnist,sparsemax,9,0,1.1269192695617676,0.8385833333333333,0.8364859466678387,0.49049039089933355,0.49619398186815544,2.601347050768264,nan,nan
mnist,sparsemax,9,1,0.3842405676841736,0.9213333333333333,0.9207974153424177,0.25334959207697116,0.48342429244137824,2.5972870930712273,nan,nan
mnist,sparsemax,9,2,0.23762401938438416,0.94575,0.9457700058592853,0.1723966143549757,0.4755701297458182,2.577207028865814,nan,nan
mnist,sparsemax,9,3,0.18178199231624603,0.9555,0.9553878235064713,0.141787505609558,0.45139022139792745,2.508477957958871,nan,nan
mnist,sparsemax,9,4,0.14278213679790497,0.9545833333333333,0.9545999472699048,0.14525449688130238,0.43901199688936804,2.490323708412495,nan,nan
mnist,sparsemax,9,5,0.12658658623695374,0.96275,0.9626834454166404,0.11812266533045059,0.43124219759347593,2.476007947262297,nan,nan
mnist,sparsemax,9,6,0.10999276489019394,0.9699166666666666,0.969857448036971,0.10124604883504675,0.42773988351542896,2.467878923771229,nan,nan
mnist,sparsemax,9,7,0.1016424149274826,0.9675833333333334,0.967524047789819,0.10605591638608182,0.41253204532760257,2.427152695808005,nan,nan
mnist,sparsemax,9,8,0.09140405803918839,0.96625,0.9662783776049615,0.1116801842730096,0.41050291219924356,2.450706084992023,nan,nan
mnist,sparsemax,9,9,0.08359675854444504,0.9718333333333333,0.9718106626027293,0.09008700943532143,0.39634439285765305,2.400190054102147,nan,nan
mnist,sparsemax,9,10,0.07610353082418442,0.9738333333333333,0.9737948585392125,0.08508349106983935,0.38378919613488177,2.3640348708375973,nan,nan
mnist,sparsemax,9,11,0.07253115624189377,0.9756666666666667,0.9756660558104985,0.08285791946059846,0.3824420319275653,2.3831747453263463,nan,nan
mnist,sparsemax,9,12,0.06624633818864822,0.9735833333333334,0.9735240727377151,0.08897597960969235,0.36151593004135374,2.313041509465968,nan,nan
mnist,sparsemax,9,13,0.06222274899482727,0.97575,0.9757461727093627,0.08280661702156067,0.35385808079166614,2.2839501208447395,nan,nan
mnist,sparsemax,9,14,0.05981393903493881,0.976,0.9759799230109932,0.08280927786960247,0.360412320399538,2.3346935066771,nan,nan
mnist,sparsemax,9,15,0.05610794201493263,0.9740833333333333,0.9741039335291524,0.08740178519423972,0.3456276593373177,2.284148859216812,nan,nan
mnist,sparsemax,9,16,0.0529681034386158,0.9743333333333334,0.974357829275311,0.08528442942398659,0.32939080228196815,2.239688627263333,nan,nan
mnist,sparsemax,9,17,0.04967451095581055,0.973,0.9730052787994599,0.08873195209084674,0.33065837431461254,2.2395552130455667,nan,nan
mnist,sparsemax,9,18,0.04636887088418007,0.97325,0.973306421115874,0.09293486162068997,0.31819556637647306,2.2140209827017276,nan,nan
mnist,sparsemax,9,19,0.04633297026157379,0.97675,0.9767012512542271,0.08068051858943828,0.30828086191669424,2.1892275264922607,nan,nan
mnist,sparsemax,9,20,0.045462027192115784,0.9710833333333333,0.9711633018215565,0.10266084596514702,0.3155560346042856,2.2388906872018857,nan,nan
mnist,sparsemax,9,21,0.040609389543533325,0.97625,0.9762768022981098,0.08695279656255499,0.29586169583366273,2.1610485530914145,nan,nan
mnist,sparsemax,9,22,0.03691450133919716,0.9778333333333333,0.9778029595950171,0.07972060246987546,0.30613115540844327,2.188844857063699,nan,nan
mnist,sparsemax,9,23,0.03804218769073486,0.9748333333333333,0.9748220203298361,0.08849973294963227,0.2897002733451255,2.1301525019584817,nan,nan
mnist,sparsemax,9,24,0.038320183753967285,0.9755833333333334,0.9755674602862332,0.0874376405981627,0.2806591087199272,2.110038901897187,nan,nan
mnist,sparsemax,9,25,0.0326370894908905,0.9780833333333333,0.9780584237370642,0.08310274843205796,0.2750411921359123,2.096047338019026,nan,nan
mnist,sparsemax,9,26,0.032834190875291824,0.9755833333333334,0.9755669382488643,0.08410230536568672,0.29460253344571335,2.1975171464554806,nan,nan
mnist,sparsemax,9,27,0.032622769474983215,0.9763333333333334,0.9762984813747566,0.08929513689090914,0.27889455030573174,2.1246969281358923,nan,nan
mnist,sparsemax,9,28,0.03391650691628456,0.9773333333333334,0.9773031406091146,0.08741030996625727,0.2745391108254169,2.1267593794680657,nan,nan
mnist,sparsemax,9,29,0.026862632483243942,0.97275,0.9727206380340648,0.10286077349743944,0.28236654353268603,2.130387950450816,nan,nan
mnist,entmax15,0,0,1.2261162996292114,0.8333333333333334,0.8299827542804324,0.5188338610720127,0.813056359265713,3.2717035526924945,nan,nan
mnist,entmax15,0,1,0.41306278109550476,0.9091666666666667,0.907986977844651,0.2859954532790691,0.8047963754927858,3.220354100491138,nan,nan
mnist,entmax15,0,2,0.2585414946079254,0.9279166666666666,0.9274002783086607,0.22493874202383327,0.7904158082414181,3.176464448583887,nan,nan
mnist,entmax15,0,3,0.19559268653392792,0.949,0.9486205721427542,0.1595262514149889,0.79643969586555,3.171572545741467,nan,nan
mnist,entmax15,0,4,0.15786327421665192,0.9579166666666666,0.9575428632966039,0.13473326966483543,0.7975946341423278,3.157640074161773,nan,nan
mnist,entmax15,0,5,0.13578511774539948,0.9491666666666667,0.9487022913283824,0.15775592593436547,0.8030495992366303,3.1589976777421667,nan,nan
mnist,entmax15,0,6,0.12070216238498688,0.9648333333333333,0.9645532235505108,0.1122085135826405,0.7926832900402394,3.1269853165809143,nan,nan
mnist,entmax15,0,7,0.10832524299621582,0.9635,0.9633242574979057,0.11805921705796364,0.7926230994944877,3.117088330552933,nan,nan
mnist,entmax15,0,8,0.09998390078544617,0.96525,0.9649602211046571,0.11068556861991578,0.7805808338713138,3.065673457815292,nan,nan
mnist,entmax15,0,9,0.09058547019958496,0.9698333333333333,0.9696180661469598,0.09538964491258277,0.7686776398344243,3.019318050526558,nan,nan
mnist,entmax15,0,10,0.08440393209457397,0.9660833333333333,0.9658641587060226,0.11145966721976057,0.7597459129830624,2.999895821226404,nan,nan
mnist,entmax15,0,11,0.07955876737833023,0.9720833333333333,0.9719291435477297,0.09186000535462766,0.7520792306737697,2.962989089336801,nan,nan
mnist,entmax15,0,12,0.07386723905801773,0.9749166666666667,0.9747626753423985,0.08954620670447959,0.7595923682476612,2.9896451767454755,nan,nan
mnist,entmax15,0,13,0.0675903856754303,0.9705,0.9702547755020664,0.09772292413610092,0.7442188415121525,2.9460106758361166,nan,nan
mnist,entmax15,0,14,0.06538235396146774,0.97275,0.9725717118696074,0.0884093387805401,0.7350959460786048,2.9101121552447053,nan,nan
mnist,entmax15,0,15,0.0615365169942379,0.9743333333333334,0.9741585217610638,0.08662903312831483,0.7407239783317485,2.9298650914050164,nan,nan
mnist,entmax15,0,16,0.05716414004564285,0.9765833333333334,0.9763749635058803,0.07817201138018294,0.7220750533519907,2.8880160793345024,nan,nan
mnist,entmax15,0,17,0.05514146387577057,0.974,0.9738727598364001,0.08887284526482542,0.7177850172874776,2.8862247162676873,nan,nan
mnist,entmax15,0,18,0.05491761118173599,0.9763333333333334,0.9761889690433421,0.0795775378083295,0.7154593994008734,2.8743649949418737,nan,nan
mnist,entmax15,0,19,0.04811517149209976,0.9730833333333333,0.9728873058488603,0.09276040889164235,0.7170892744622333,2.881826159801889,nan,nan
mnist,entmax15,0,20,0.04690137133002281,0.9758333333333333,0.9756535589416255,0.08346124377815013,0.7100087080864196,2.858576442332978,nan,nan
mnist,entmax15,0,21,0.045239027589559555,0.97875,0.9786345365351607,0.07657587861127042,0.7221099233373682,2.9067672313527857,nan,nan
mnist,entmax15,0,22,0.04555005580186844,0.9756666666666667,0.9754632094244176,0.08416865857199152,0.7093392908573151,2.865318161375979,nan,nan
mnist,entmax15,0,23,0.03933289274573326,0.9766666666666667,0.9765009832121623,0.0836929444897365,0.7166270004942062,2.901296760173554,nan,nan
mnist,entmax15,0,24,0.03908577561378479,0.9783333333333334,0.9781936214159396,0.07992819490584921,0.6964988169517923,2.8480250074508344,nan,nan
mnist,entmax15,0,25,0.0383375883102417,0.98,0.9798750074271348,0.07434644395525151,0.706058866166054,2.8642229628055653,nan,nan
mnist,entmax15,0,26,0.03309968486428261,0.9765,0.9763732434329299,0.09054146409827343,0.7066351295785701,2.8737962702487376,nan,nan
mnist,entmax15,0,27,0.034460779279470444,0.9780833333333333,0.9779161781767878,0.08299447055113443,0.7059757138820405,2.869243654798954,nan,nan
mnist,entmax15,0,28,0.03283242508769035,0.9776666666666667,0.9775045193696619,0.08682394237752925,0.6997717010213974,2.8665766817458134,nan,nan
mnist,entmax15,0,29,0.031791314482688904,0.9776666666666667,0.9774507592102314,0.09017281392787366,0.6940268474690457,2.870924488027045,nan,nan
mnist,entmax15,1,0,1.3219231367111206,0.8135833333333333,0.8088038649018113,0.5703711535068269,0.7062184065580368,3.0083740366266127,nan,nan
mnist,entmax15,1,1,0.42094919085502625,0.9204166666666667,0.9195187764532274,0.2591069756036109,0.7572587214885874,3.140451027991924,nan,nan
mnist,entmax15,1,2,0.27132299542427063,0.93525,0.9347441153492511,0.20994488482779644,0.7547537259598995,3.136132706987097,nan,nan
mnist,entmax15,1,3,0.21015101671218872,0.9480833333333333,0.9477829066834188,0.16931313387256988,0.7457417985226246,3.100680800194436,nan,nan
mnist,entmax15,1,4,0.17150121927261353,0.9590833333333333,0.9586805712911877,0.13524060759772646,0.7487821185842474,3.099754995488106,nan,nan
mnist,entmax15,1,5,0.14838536083698273,0.95575,0.9554310365989258,0.13679057399326183,0.7408582358918292,3.074202174836017,nan,nan
mnist,entmax15,1,6,0.12780101597309113,0.9638333333333333,0.9636762156097565,0.119684858208007,0.7432729354564179,3.0689402032405773,nan,nan
mnist,entmax15,1,7,0.11889833956956863,0.9673333333333334,0.9671056095917958,0.10818459783145722,0.7367860630471655,3.0540367111246636,nan,nan
mnist,entmax15,1,8,0.10412385314702988,0.96825,0.9680290309974978,0.10751959253498848,0.7293043979938995,3.0357472592211785,nan,nan
mnist,entmax15,1,9,0.09676335752010345,0.9689166666666666,0.9687828716700194,0.10150349916929895,0.7499685116270756,3.063966045988367,nan,nan
mnist,entmax15,1,10,0.08827316015958786,0.9721666666666666,0.9719416484200224,0.09254553097676724,0.7408533736746362,3.0476510499386076,nan,nan
mnist,entmax15,1,11,0.08103802800178528,0.972,0.9718104329705769,0.09155286246157707,0.7370499664164604,3.03763986902034,nan,nan
mnist,entmax15,1,12,0.07343313843011856,0.9733333333333334,0.9731527906800548,0.08679490782161976,0.7292103279144206,3.008903381672311,nan,nan
mnist,entmax15,1,13,0.07309114187955856,0.9756666666666667,0.9754382361501588,0.08403060628854214,0.7499338578670582,3.053253323473829,nan,nan
mnist,entmax15,1,14,0.06773259490728378,0.9756666666666667,0.9755223335689471,0.08338078428456124,0.7447823457261349,3.0252249976421925,nan,nan
mnist,entmax15,1,15,0.06586752086877823,0.9766666666666667,0.9764561279407055,0.07839881620825605,0.7332223482588505,3.0078074653097926,nan,nan
mnist,entmax15,1,16,0.058387093245983124,0.9785,0.9782923597763435,0.07439817250409025,0.7297730021020199,2.9982609672749296,nan,nan
mnist,entmax15,1,17,0.05742184817790985,0.9783333333333334,0.978125747139889,0.0756749043122251,0.7177122837685525,2.9756681817643185,nan,nan
mnist,entmax15,1,18,0.055265434086322784,0.9740833333333333,0.9738539549959621,0.09043688013991143,0.7076797802397545,2.9575709383538427,nan,nan
mnist,entmax15,1,19,0.05118348076939583,0.9784166666666667,0.9782486137334111,0.07420833535650943,0.710288978003441,2.940973611588174,nan,nan
mnist,entmax15,1,20,0.047780297696590424,0.9768333333333333,0.9766043478415682,0.07929417164005498,0.6980060377019517,2.9053822628995207,nan,nan
mnist,entmax15,1,21,0.04577697813510895,0.9775833333333334,0.9773007032180215,0.07731675962976953,0.6944448339178207,2.8966197510983083,nan,nan
mnist,entmax15,2,0,1.2352449893951416,0.8236666666666667,0.8195621408113357,0.5231715034931264,0.7906165446372743,3.1659454487739724,nan,nan
mnist,entmax15,2,1,0.3940194547176361,0.9178333333333333,0.916516612633354,0.26024288509754423,0.8376310537470147,3.3078734418179128,nan,nan
mnist,entmax15,2,2,0.247694730758667,0.9400833333333334,0.9392814210529012,0.191743311412791,0.8445797759167691,3.297342693552058,nan,nan
mnist,entmax15,2,3,0.1938289850950241,0.9515,0.9510265940275046,0.15442759004679132,0.8465697188326653,3.291998946920354,nan,nan
mnist,entmax15,2,4,0.1626022905111313,0.9493333333333334,0.948819821784124,0.1535482441491269,0.8284020836048938,3.2296466320119004,nan,nan
mnist,entmax15,2,5,0.13584358990192413,0.95825,0.9577611012907014,0.13241361676061408,0.828795389292088,3.216741163679894,nan,nan
mnist,entmax15,2,6,0.12353190779685974,0.9580833333333333,0.9576091245704227,0.1335927834536167,0.8256667795333457,3.1946947473160763,nan,nan
mnist,entmax15,2,7,0.11032544821500778,0.9630833333333333,0.9628393004874098,0.12018767649188955,0.8233167560810738,3.1850207891870053,nan,nan
mnist,entmax15,2,8,0.09917154163122177,0.9656666666666667,0.9654333935547191,0.10352335660222997,0.815962922699908,3.1629685188861605,nan,nan
mnist,entmax15,2,9,0.0907040610909462,0.9664166666666667,0.9659633658639739,0.10236159930045301,0.8124643887611146,3.1428578077478613,nan,nan
mnist,entmax15,2,10,0.08434534072875977,0.9658333333333333,0.9652869530542745,0.11063286178606621,0.7892535068887345,3.087145026693953,nan,nan
mnist,entmax15,2,11,0.08121412992477417,0.9705,0.97022056841157,0.09436141604438741,0.794678898567849,3.095169244928563,nan,nan
mnist,entmax15,2,12,0.074940025806427,0.9716666666666667,0.971422588422891,0.09175039819897489,0.7971603128504245,3.097126382462522,nan,nan
mnist,entmax15,2,13,0.07382778823375702,0.97,0.9697511544545311,0.10078369526866268,0.7725512074663284,3.0380137651524644,nan,nan
mnist,entmax15,2,14,0.06523783504962921,0.97075,0.9703591922493399,0.09515754450508888,0.7628620704437824,3.013970078305995,nan,nan
mnist,entmax15,2,15,0.06136047840118408,0.9723333333333334,0.9720711665129219,0.08979104229427398,0.7574787697893508,2.990862042345899,nan,nan
mnist,entmax15,2,16,0.056350208818912506,0.9733333333333334,0.9731590170887495,0.08708125059591963,0.7476843830118788,2.9674462917003224,nan,nan
mnist,entmax15,2,17,0.05873771384358406,0.9725833333333334,0.9722488647229632,0.09427234435335119,0.7528999295640499,2.9625067330421286,nan,nan
mnist,entmax15,2,18,0.05360735207796097,0.97325,0.9729257354762074,0.0890270387951998,0.7558234822242818,2.986113878006631,nan,nan
mnist,entmax15,2,19,0.0501784048974514,0.97675,0.976611590987613,0.07633588146022026,0.7378760309929543,2.9373644463559416,nan,nan
mnist,entmax15,2,20,0.04989658296108246,0.9743333333333334,0.9740134359884264,0.08842550499483626,0.7416784370199163,2.9612147579801844,nan,nan
mnist,entmax15,2,21,0.046312980353832245,0.9779166666666667,0.9777503054886708,0.07709630156688868,0.736218068827974,2.9383176996352827,nan,nan
mnist,entmax15,2,22,0.04048335552215576,0.9775,0.9772041038463815,0.08052823016855945,0.7344778199145134,2.933935761451721,nan,nan
mnist,entmax15,2,23,0.0427464097738266,0.97675,0.9765513231252433,0.07703960698811298,0.7315340422569437,2.940661610441005,nan,nan
mnist,entmax15,2,24,0.03955306485295296,0.9761666666666666,0.9759922528410412,0.08629097906436692,0.7279616727473888,2.9251011812940555,nan,nan
mnist,entmax15,2,25,0.042565613985061646,0.977,0.9768289097617682,0.08227521030509725,0.7216073572635651,2.895974154167987,nan,nan
mnist,entmax15,2,26,0.03862468898296356,0.9765,0.9762741572751977,0.08259739802080265,0.7163398709702999,2.895065061589505,nan,nan
mnist,entmax15,3,0,1.2307164669036865,0.8395,0.8359343202761085,0.4976452348080087,0.8004600323261098,3.2080469917743764,nan,nan
mnist,entmax15,3,1,0.41586610674858093,0.9056666666666666,0.9047265547567219,0.2985317802175562,0.8192817879484054,3.244967037058891,nan,nan
mnist,entmax15,3,2,0.28964245319366455,0.9328333333333333,0.9323022764554711,0.21974457293114763,0.823870857345297,3.2538139287461627,nan,nan
mnist,entmax15,3,3,0.22256335616111755,0.9445,0.9441372466127286,0.17881847283941635,0.8182446595202101,3.2324021851762814,nan,nan
mnist,entmax15,3,4,0.18454238772392273,0.9511666666666667,0.9510118334430864,0.1595208613162345,0.814736897006948,3.2045387613012437,nan,nan
mnist,entmax15,3,5,0.15804849565029144,0.9564166666666667,0.9562208631890426,0.14949957566692473,0.803227609776436,3.1552079180453685,nan,nan
mnist,entmax15,3,6,0.14353422820568085,0.95875,0.9584540421898142,0.13886198845315487,0.7865624040999311,3.124198705592054,nan,nan
mnist,entmax15,3,7,0.12820923328399658,0.96525,0.9650571818305058,0.11522086051867363,0.7896674313443772,3.1177223337457534,nan,nan
mnist,entmax15,3,8,0.11785084754228592,0.9649166666666666,0.9648078447043513,0.11514886944217885,0.7777203911162437,3.082881250280015,nan,nan
mnist,entmax15,3,9,0.10373298078775406,0.965,0.9647172150909444,0.11614024654981937,0.7484570912858273,3.0210301013703043,nan,nan
mnist,entmax15,3,10,0.09756580740213394,0.9660833333333333,0.9659540343609473,0.10367165727818266,0.787336159259715,3.0941673796227636,nan,nan
mnist,entmax15,3,11,0.09101106226444244,0.9691666666666666,0.969062963752787,0.09948734859836862,0.7835392590532911,3.085217222254327,nan,nan
mnist,entmax15,3,12,0.08346448838710785,0.97075,0.9706778112814008,0.09900926227899308,0.7604509687170069,3.015217441193601,nan,nan
mnist,entmax15,3,13,0.07912547141313553,0.9698333333333333,0.9696369934270492,0.1040421945459031,0.7667652672909676,3.0412008965269046,nan,nan
mnist,entmax15,3,14,0.0763157457113266,0.9701666666666666,0.9698960153321602,0.10391407150854455,0.7812812093724596,3.0629349439702134,nan,nan
mnist,entmax15,3,15,0.07045990973711014,0.9729166666666667,0.9727303210029479,0.09089645109278091,0.7588448346929347,3.0105760427231485,nan,nan
mnist,entmax15,3,16,0.06662057340145111,0.9708333333333333,0.9706545373302969,0.09831614990500694,0.7632064102812016,3.020082879573741,nan,nan
mnist,entmax15,3,17,0.0638667494058609,0.975,0.9749795687676881,0.08311440954183011,0.7297024137162148,2.9385869274748133,nan,nan
mnist,entmax15,3,18,0.057058703154325485,0.971,0.9710744284759576,0.09394297772582541,0.7293490716751586,2.9436397577853914,nan,nan
mnist,entmax15,3,19,0.05744608864188194,0.97525,0.9752444728641129,0.08676835811360085,0.7444100284830053,2.980875989224048,nan,nan
mnist,entmax15,3,20,0.054047130048274994,0.974,0.9737880940605986,0.09073548177455334,0.7333950400352478,2.9500280948395425,nan,nan
mnist,entmax15,3,21,0.04982598125934601,0.9720833333333333,0.9718211596252612,0.0973366657470135,0.7364877671637433,2.957927607475443,nan,nan
mnist,entmax15,3,22,0.05043470486998558,0.97675,0.9766344301058043,0.07877142041763092,0.7195482545710624,2.9191599729213307,nan,nan
mnist,entmax15,3,23,0.045246999710798264,0.9760833333333333,0.9759902966049563,0.08494738322940279,0.7224080664046267,2.9126402367936803,nan,nan
mnist,entmax15,3,24,0.048615094274282455,0.977,0.9769824989441347,0.07752486702768092,0.7105011762456691,2.8866099854733083,nan,nan
mnist,entmax15,3,25,0.04200201854109764,0.9765,0.9764118716621238,0.08349472672698345,0.7060022683853798,2.881918582510441,nan,nan
mnist,entmax15,3,26,0.043400757014751434,0.97675,0.9767207757201248,0.08536513149738312,0.6907130441767104,2.8377556217477675,nan,nan
mnist,entmax15,3,27,0.036689527332782745,0.9766666666666667,0.9765933228042936,0.08791582436954722,0.693123476936462,2.8399394725231413,nan,nan
mnist,entmax15,3,28,0.03602653369307518,0.9760833333333333,0.9759962691930676,0.08225381421916028,0.6916410295253105,2.8272850462730896,nan,nan
mnist,entmax15,3,29,0.03791914880275726,0.9785833333333334,0.9784830277139414,0.07723664349698006,0.6990790589058653,2.866765245478204,nan,nan
mnist,entmax15,4,0,1.391903281211853,0.8138333333333333,0.8080175800396832,0.5662513628919074,0.8107753725762062,3.194435200792678,nan,nan
mnist,entmax15,4,1,0.4323633313179016,0.899,0.8982615925818743,0.3203958954582823,0.8155293033478108,3.2439911948873643,nan,nan
mnist,entmax15,4,2,0.27412912249565125,0.9389166666666666,0.9381209554757991,0.20040569216647047,0.8060173950296767,3.225540668406385,nan,nan
mnist,entmax15,4,3,0.20601528882980347,0.9473333333333334,0.9468983652473977,0.16981836234001405,0.8004391193389893,3.2042214921180237,nan,nan
mnist,entmax15,4,4,0.17142368853092194,0.9539166666666666,0.9536439008013156,0.14714238760953255,0.7938964062548698,3.171510993166173,nan,nan
mnist,entmax15,4,5,0.14612193405628204,0.96275,0.962403969746485,0.12175764730002017,0.7943270764452346,3.1514802866793694,nan,nan
mnist,entmax15,4,6,0.13021892309188843,0.96375,0.9633962361432928,0.11766600640530282,0.7771189999073109,3.099413430437129,nan,nan
mnist,entmax15,4,7,0.11797135323286057,0.9660833333333333,0.965734844066648,0.11020991285430624,0.7679841550106697,3.059633734378409,nan,nan
mnist,entmax15,4,8,0.10190575569868088,0.9685,0.9682585018836857,0.10317263347988433,0.764455719831142,3.0374495070031347,nan,nan
mnist,entmax15,4,9,0.09318795800209045,0.9715833333333334,0.9714378973702947,0.09444981020815829,0.7562000929041112,3.0092094451823135,nan,nan
mnist,entmax15,4,10,0.08913277089595795,0.965,0.9646445508941804,0.11667129397392273,0.7529656576349381,2.9971368287472013,nan,nan
mnist,entmax15,4,11,0.08435779809951782,0.9681666666666666,0.9680045281471431,0.10174368551753937,0.7436125170677266,2.9497788129968847,nan,nan
mnist,entmax15,4,12,0.07687176018953323,0.9715833333333334,0.9713816702823882,0.09363337241588755,0.7498753508354755,2.9750698120036025,nan,nan
mnist,entmax15,4,13,0.0741448849439621,0.9758333333333333,0.9757470908138913,0.08435101022428655,0.749356969873956,2.9578820010449025,nan,nan
mnist,entmax15,4,14,0.06961139291524887,0.97375,0.9735398242413336,0.0892129564221869,0.7263840969572676,2.873806020046802,nan,nan
mnist,entmax15,4,15,0.06376215815544128,0.9750833333333333,0.9749515203911032,0.0873349813863318,0.7371085704641139,2.9194408629802946,nan,nan
mnist,entmax15,4,16,0.064928337931633,0.9765833333333334,0.9763952736744297,0.0743247999789867,0.7241986298814733,2.879146695137024,nan,nan
mnist,entmax15,4,17,0.05551229417324066,0.9741666666666666,0.974016541771786,0.0857290497564889,0.7332662844911535,2.9211478030427975,nan,nan
mnist,entmax15,4,18,0.0569273941218853,0.9730833333333333,0.9729136637320192,0.08935873448214632,0.7414038206668611,2.935390015865894,nan,nan
mnist,entmax15,4,19,0.051490701735019684,0.97825,0.9781055278030438,0.08401957178052435,0.7278030070852726,2.9149161196769553,nan,nan
mnist,entmax15,4,20,0.05361799895763397,0.9733333333333334,0.9733070642411261,0.0891797190254673,0.737967330724635,2.9316946673900524,nan,nan
mnist,entmax15,4,21,0.04867258295416832,0.9778333333333333,0.9776636691372568,0.08182405426781228,0.7229808074362735,2.8950270845534956,nan,nan
mnist,entmax15,4,22,0.04609335958957672,0.9760833333333333,0.9759483998738967,0.08435142809089194,0.7293827939540782,2.920600804876774,nan,nan
mnist,entmax15,4,23,0.04628108814358711,0.97725,0.9770141385355255,0.08654662673460677,0.7113402282938044,2.867301418426189,nan,nan
mnist,entmax15,4,24,0.04453029856085777,0.9766666666666667,0.9764595965833838,0.0867835616970316,0.7217154870641992,2.9057219129927616,nan,nan
mnist,entmax15,5,0,1.2506459951400757,0.8031666666666667,0.7972213611779851,0.58338186208238,0.740943524431675,3.020283891799602,nan,nan
mnist,entmax15,5,1,0.4786348342895508,0.8819166666666667,0.880487451814538,0.3684131515787003,0.7904359983636978,3.1456623331029365,nan,nan
mnist,entmax15,5,2,0.3278522789478302,0.9003333333333333,0.8988831442156082,0.30135004824780404,0.805266982063334,3.1618480707736727,nan,nan
mnist,entmax15,5,3,0.2534635066986084,0.93325,0.9320370890806334,0.20500969506324607,0.7937153628531922,3.1256963521876235,nan,nan
mnist,entmax15,5,4,0.1974206566810608,0.9491666666666667,0.9485472647834733,0.15759887847494572,0.7833397356753654,3.090140365539713,nan,nan
mnist,entmax15,5,5,0.16893623769283295,0.95075,0.9503315991288265,0.1520690990889326,0.7716904517183912,3.0630820051152656,nan,nan
mnist,entmax15,5,6,0.14958429336547852,0.9604166666666667,0.9599326716197494,0.12522892828317397,0.7689326291388654,3.060831107991807,nan,nan
mnist,entmax15,5,7,0.1307724267244339,0.9645,0.9641360144145545,0.1157997581869998,0.7555964918846779,3.00270288548571,nan,nan
mnist,entmax15,5,8,0.11601479351520538,0.9616666666666667,0.9612841465990657,0.12237863274330789,0.7544517624885478,3.0176207613437733,nan,nan
mnist,entmax15,5,9,0.10746320337057114,0.9629166666666666,0.9625097810617508,0.1169410582552565,0.7340747200428172,2.9683823154327715,nan,nan
mnist,entmax15,5,10,0.09995991736650467,0.97025,0.9700231332370308,0.09767259578121469,0.7446925595719763,2.9851826099639243,nan,nan
mnist,entmax15,5,11,0.09393345564603806,0.96875,0.9684330986094976,0.09842215732057044,0.7346284357791252,2.9791977659184883,nan,nan
mnist,entmax15,5,12,0.08930695801973343,0.9710833333333333,0.9708028511493951,0.09393853020477802,0.7377352505288226,2.976712163458479,nan,nan
mnist,entmax15,5,13,0.08363804221153259,0.9758333333333333,0.9756653594144084,0.08468469105502392,0.7293784662764123,2.948939691198633,nan,nan
mnist,entmax15,5,14,0.07483381032943726,0.9684166666666667,0.9682694640447267,0.10573639482893843,0.7386703294642428,2.9761375315645906,nan,nan
mnist,entmax15,5,15,0.07064085453748703,0.9720833333333333,0.9718573155550132,0.09136079489550691,0.7240459424384097,2.9328637047016874,nan,nan
mnist,entmax15,5,16,0.06958401203155518,0.9735833333333334,0.9733242490953915,0.09003330394625664,0.7181549795130466,2.9125143619293863,nan,nan
mnist,entmax15,5,17,0.06445694714784622,0.9741666666666666,0.9739645547551357,0.08729814080164787,0.6887891742777317,2.842507425774919,nan,nan
mnist,entmax15,5,18,0.06325709074735641,0.9706666666666667,0.9704550709033881,0.09465215061890318,0.7053275032246367,2.8749608765257166,nan,nan
mnist,entmax15,6,0,1.2525620460510254,0.8044166666666667,0.7979598921153399,0.5879134313857302,0.7161003449495803,2.9716695648558598,nan,nan
mnist,entmax15,6,1,0.4689476490020752,0.8900833333333333,0.8887271816906793,0.341298630897035,0.7733313891481846,3.119586399260988,nan,nan
mnist,entmax15,6,2,0.30636468529701233,0.9255,0.925163087562008,0.23697856988044494,0.7930155269643093,3.184930040481243,nan,nan
mnist,entmax15,6,3,0.2299148440361023,0.9374166666666667,0.9370622221220508,0.1973587065301043,0.7865768480808177,3.164861780531863,nan,nan
mnist,entmax15,6,4,0.18570482730865479,0.9400833333333334,0.9395718922529896,0.18110673129558563,0.785890778962602,3.150519885915391,nan,nan
mnist,entmax15,6,5,0.1567361205816269,0.9515833333333333,0.9512623593375462,0.14451916056110503,0.7880716469693692,3.1633742946259518,nan,nan
mnist,entmax15,6,6,0.13884519040584564,0.9590833333333333,0.9587815035325621,0.12291983166273604,0.7840225880450391,3.1503075640252294,nan,nan
mnist,entmax15,6,7,0.11936686187982559,0.9610833333333333,0.9609111558291638,0.1125822995412857,0.7889870037423804,3.147514802344302,nan,nan
mnist,entmax15,6,8,0.1084437146782875,0.9655,0.9652167621867598,0.10572013480866209,0.7681340568877281,3.1091749896394445,nan,nan
mnist,entmax15,6,9,0.09835909307003021,0.9684166666666667,0.9681344475056859,0.09518016843085593,0.7721081857985639,3.1152133814832,nan,nan
mnist,entmax15,6,10,0.09528985619544983,0.9669166666666666,0.9666795678346942,0.09846462499588093,0.7623537943718282,3.0751509006987225,nan,nan
mnist,entmax15,6,11,0.0849909633398056,0.9665833333333333,0.966291300772671,0.10248844563326936,0.7563149916364792,3.0646650410713034,nan,nan
mnist,entmax15,6,12,0.08119597285985947,0.9721666666666666,0.9719496124515048,0.08801348864081059,0.765881468006905,3.0804570558223316,nan,nan
mnist,entmax15,6,13,0.07588376104831696,0.9704166666666667,0.9702141104642029,0.08992126821837526,0.7693490252849904,3.101132611010937,nan,nan
mnist,entmax15,6,14,0.07020755857229233,0.9744166666666667,0.9742367823441844,0.0818723515468709,0.7572992932289204,3.0651080887368383,nan,nan
mnist,entmax15,6,15,0.06536424905061722,0.9720833333333333,0.9718375104356376,0.08600419030544605,0.7642608931724061,3.064021960217902,nan,nan
mnist,entmax15,6,16,0.06017974019050598,0.9691666666666666,0.968984843517522,0.098073847433354,0.7483651333666862,3.039568094497031,nan,nan
mnist,entmax15,6,17,0.05893253535032272,0.9715,0.9712349745503916,0.09420962806077714,0.7329442925909733,2.9990137409656605,nan,nan
mnist,entmax15,6,18,0.056296512484550476,0.9739166666666667,0.9738006436532067,0.08884509902526723,0.7281317913785894,2.9864872313560324,nan,nan
mnist,entmax15,6,19,0.05650731548666954,0.9734166666666667,0.9731422575560054,0.0871963620661421,0.7222255544459566,2.9648281716285867,nan,nan
mnist,entmax15,7,0,1.1767674684524536,0.8423333333333334,0.8402431761366527,0.49740220638031657,0.7742623743858743,3.0696384982859835,nan,nan
mnist,entmax15,7,1,0.37309011816978455,0.9179166666666667,0.9170558085656113,0.2609145295746783,0.8039148487943284,3.1884169832189033,nan,nan
mnist,entmax15,7,2,0.24484655261039734,0.93625,0.9356550381943454,0.20094262634186036,0.8069567128698877,3.184547267061599,nan,nan
mnist,entmax15,7,3,0.19024498760700226,0.9518333333333333,0.9514855691709077,0.15555790241094344,0.8107201812115121,3.1959205282495375,nan,nan
mnist,entmax15,7,4,0.15455234050750732,0.9503333333333334,0.9498151373770991,0.164193535263234,0.7916179394468348,3.1277266639344234,nan,nan
mnist,entmax15,7,5,0.1382623314857483,0.9555,0.9552155790529149,0.1423966054745177,0.807381070040642,3.1658264880484723,nan,nan
mnist,entmax15,7,6,0.1220344752073288,0.9590833333333333,0.9588256845420983,0.13420999787272292,0.8061195193453038,3.1666142154247203,nan,nan
mnist,entmax15,7,7,0.10936149209737778,0.9631666666666666,0.9629331404043036,0.11559574290158901,0.7974316947003628,3.133447190548511,nan,nan
mnist,entmax15,7,8,0.09940358996391296,0.96875,0.9685160182572587,0.10589015650305342,0.783878245886336,3.0884123152874885,nan,nan
mnist,entmax15,7,9,0.09229964017868042,0.96525,0.9650822837211521,0.11359350288167913,0.7723921524717453,3.0468806966822197,nan,nan
mnist,entmax15,7,10,0.08782948553562164,0.9688333333333333,0.9686514053391833,0.10096138826710113,0.7652404948751977,3.011954480029167,nan,nan
mnist,entmax15,7,11,0.08124160021543503,0.97125,0.9710936819484459,0.09529180262000003,0.7696595122205451,3.0281632732837758,nan,nan
mnist,entmax15,7,12,0.06891413778066635,0.97175,0.9715818409732219,0.09925362265648995,0.7520135653779861,2.982970232659198,nan,nan
mnist,entmax15,7,13,0.07153042405843735,0.9729166666666667,0.9727551894395621,0.09289347063353721,0.7516332027759958,2.9887846784388765,nan,nan
mnist,entmax15,7,14,0.06513859331607819,0.9730833333333333,0.9729236910698187,0.09367321930984233,0.7480128952797424,2.9688048692459756,nan,nan
mnist,entmax15,7,15,0.0626906231045723,0.973,0.9728157144977903,0.08685866101308072,0.7400342403574193,2.9282249618083873,nan,nan
mnist,entmax15,7,16,0.06028164178133011,0.9735833333333334,0.9733627622676069,0.09489757528013372,0.7266296972619727,2.910528890630032,nan,nan
mnist,entmax15,7,17,0.058105118572711945,0.9751666666666666,0.9749538619097713,0.08522801033835462,0.7227380269385398,2.881554185075963,nan,nan
mnist,entmax15,7,18,0.05067384988069534,0.97375,0.9734886203577096,0.09141944618301188,0.7250432594025389,2.901454930609845,nan,nan
mnist,entmax15,7,19,0.050742730498313904,0.97225,0.9721153541654749,0.088652127244054,0.7221353047705711,2.8943789106734257,nan,nan
mnist,entmax15,7,20,0.04686432704329491,0.9770833333333333,0.9769297815084794,0.08263792719771253,0.7189409529909174,2.8724043952657823,nan,nan
mnist,entmax15,7,21,0.046363454312086105,0.9739166666666667,0.9737265834060354,0.09706227045426978,0.7117212617650945,2.8583655408088195,nan,nan
mnist,entmax15,7,22,0.043662820011377335,0.9775833333333334,0.9774544174025095,0.0858770851838462,0.7027405684298658,2.855137530793535,nan,nan
mnist,entmax15,7,23,0.040122661739587784,0.9766666666666667,0.9766140184744618,0.08987066435052994,0.7079312896474879,2.8564366355855415,nan,nan
mnist,entmax15,7,24,0.03758762776851654,0.9745833333333334,0.974435863810745,0.09703555298929518,0.7183545605933412,2.893724296955352,nan,nan
mnist,entmax15,7,25,0.0390610434114933,0.9741666666666666,0.9739659034548813,0.09517068740852336,0.7177717717404061,2.9025362730026245,nan,nan
mnist,entmax15,7,26,0.03644596040248871,0.97425,0.9741142473210964,0.09953725112086916,0.6971915063071759,2.8477312656159097,nan,nan
mnist,entmax15,7,27,0.035347048193216324,0.9745,0.9742654735230319,0.09881151630047788,0.6948488912683852,2.8221764818150947,nan,nan
mnist,entmax15,8,0,1.2610065937042236,0.8191666666666667,0.815792088253087,0.5570131552980301,0.8469154777679038,3.3252839864568506,nan,nan
mnist,entmax15,8,1,0.44969990849494934,0.9029166666666667,0.9014401902549547,0.3087233707625815,0.8078875408527699,3.220561293845481,nan,nan
mnist,entmax15,8,2,0.29551175236701965,0.9240833333333334,0.9233783909295269,0.24443218999720634,0.806120459069597,3.1936027521782733,nan,nan
mnist,entmax15,8,3,0.2271691858768463,0.9353333333333333,0.9349630260483336,0.19816555431548585,0.8140508659342502,3.2179239633235523,nan,nan
mnist,entmax15,8,4,0.19222143292427063,0.9469166666666666,0.9463843213405789,0.16609206748135547,0.800103450709201,3.1575883068936936,nan,nan
mnist,entmax15,8,5,0.16285358369350433,0.9541666666666667,0.9538430727282501,0.1433505417501673,0.8093087926824042,3.1625973341312816,nan,nan
mnist,entmax15,8,6,0.1452435851097107,0.9580833333333333,0.9579270880319204,0.1335436391862149,0.8089268397777638,3.1239170013590063,nan,nan
mnist,entmax15,8,7,0.13100875914096832,0.9614166666666667,0.9611821088311329,0.12305423474692284,0.8052519864224373,3.096187251679441,nan,nan
mnist,entmax15,8,8,0.1216556504368782,0.96225,0.962019221711655,0.1251320501274251,0.788738506905576,3.044264925287125,nan,nan
mnist,entmax15,8,9,0.1091286838054657,0.9665833333333333,0.966235618092027,0.10683902487792868,0.7974520097387597,3.053236235963537,nan,nan
mnist,entmax15,8,10,0.09832464158535004,0.9681666666666666,0.9677334607084292,0.10696553240748162,0.7914272844791412,3.009838469485019,nan,nan
mnist,entmax15,8,11,0.09316333383321762,0.9674166666666667,0.9672031450902449,0.10386343871025329,0.7809409461122878,2.9884555847086807,nan,nan
mnist,entmax15,8,12,0.08585897833108902,0.9685,0.9681733706772153,0.10517356160314793,0.7862009589976453,2.9988789710592716,nan,nan
mnist,entmax15,8,13,0.08445765823125839,0.9664166666666667,0.965785822938555,0.10756092264931252,0.7757470747257801,2.963348401353714,nan,nan
mnist,entmax15,8,14,0.07904499769210815,0.9714166666666667,0.9711394341720873,0.09189514914884213,0.7639237794470279,2.9269754607626735,nan,nan
mnist,entmax15,8,15,0.07259988784790039,0.9735,0.9732045825062607,0.08690682556876476,0.755896619025697,2.898294710098429,nan,nan
mnist,entmax15,8,16,0.06885184347629547,0.973,0.9727653837267939,0.08646734581982836,0.759382814803022,2.900544861529736,nan,nan
mnist,entmax15,8,17,0.06255520135164261,0.9733333333333334,0.9730075111373324,0.08741890817405061,0.7400111632144197,2.8471420445340745,nan,nan
mnist,entmax15,8,18,0.058724839240312576,0.9740833333333333,0.9737106934882938,0.08807449213209305,0.7515982605041341,2.8900089416098087,nan,nan
mnist,entmax15,8,19,0.056694936007261276,0.97525,0.9749589528972515,0.08558267085476125,0.7425750684230885,2.875342972735141,nan,nan
mnist,entmax15,8,20,0.05541836842894554,0.972,0.9718597634864029,0.0932451605479768,0.7340997812595773,2.8502554462311114,nan,nan
mnist,entmax15,8,21,0.05387866124510765,0.9729166666666667,0.97276164496731,0.09086151468626996,0.7377429553802978,2.862005852638407,nan,nan
mnist,entmax15,8,22,0.04824133589863777,0.9785833333333334,0.9784947545495163,0.07510763228415175,0.7090491766625262,2.779124475539999,nan,nan
mnist,entmax15,8,23,0.046653248369693756,0.9768333333333333,0.9765039126363464,0.08478531467312193,0.7045178673368819,2.784334438912412,nan,nan
mnist,entmax15,8,24,0.045206062495708466,0.97525,0.9749635871937523,0.0798937181367519,0.714043140411377,2.8031111625914877,nan,nan
mnist,entmax15,8,25,0.04419165849685669,0.9783333333333334,0.9780554969931978,0.07066711157243302,0.7141730823415391,2.807842493057251,nan,nan
mnist,entmax15,8,26,0.04169526323676109,0.97775,0.977545790327173,0.07403524168469805,0.704820565720822,2.7950974855017154,nan,nan
mnist,entmax15,8,27,0.03967387601733208,0.9776666666666667,0.9773664596307091,0.0815477414017028,0.70055239124501,2.784252991067602,nan,nan
mnist,entmax15,9,0,1.2549991607666016,0.8064166666666667,0.8015900742482348,0.5690299557878616,0.727700207461702,3.078832702433809,nan,nan
mnist,entmax15,9,1,0.4502370059490204,0.9098333333333334,0.9097458538088586,0.2929398281143067,0.7591634646375128,3.143145426790765,nan,nan
mnist,entmax15,9,2,0.2815138101577759,0.9420833333333334,0.9419920516192191,0.19019649478983372,0.7780456422491276,3.1651257834535964,nan,nan
mnist,entmax15,9,3,0.20579862594604492,0.93675,0.937065093460614,0.19738515196962558,0.7904809884568478,3.180832183107417,nan,nan
mnist,entmax15,9,4,0.16085225343704224,0.9600833333333333,0.960146754301678,0.1272286758460897,0.7725306299138577,3.141046097938051,nan,nan
mnist,entmax15,9,5,0.13735659420490265,0.9616666666666667,0.9615595247995034,0.12438832849581191,0.783262497567116,3.1552962242288793,nan,nan
mnist,entmax15,9,6,0.1250167191028595,0.9679166666666666,0.9679322850930141,0.1066607303441839,0.7876409602926132,3.1643603837236447,nan,nan
mnist,entmax15,9,7,0.10662809759378433,0.9691666666666666,0.9691842418729418,0.10016379402355945,0.7863204866013629,3.1530160903930664,nan,nan
mnist,entmax15,9,8,0.10060404241085052,0.9669166666666666,0.9669499588500516,0.107320941429823,0.786982812780015,3.1453939777739506,nan,nan
mnist,entmax15,9,9,0.08914104104042053,0.9669166666666666,0.9669392962879615,0.10433364651621656,0.7725142069319462,3.1146881605716463,nan,nan
mnist,entmax15,9,10,0.0803738459944725,0.9725833333333334,0.972656090424738,0.0904092196612916,0.7690636788276916,3.1009572820460543,nan,nan
mnist,entmax15,9,11,0.07817007601261139,0.9735833333333334,0.9735593252972933,0.08850356548073444,0.7803448857145107,3.1169596174930003,nan,nan
mnist,entmax15,9,12,0.07350360602140427,0.9725,0.9724427999549494,0.0892788975479755,0.7702311721253903,3.0926190995155496,nan,nan
mnist,entmax15,9,13,0.06679505109786987,0.9759166666666667,0.9759463738816612,0.07814943025562357,0.7676154159485026,3.0866671394794545,nan,nan
mnist,entmax15,9,14,0.06367328763008118,0.97075,0.9707500134502682,0.10147924998656233,0.7747549845817241,3.113940512880366,nan,nan
mnist,entmax15,9,15,0.059883758425712585,0.975,0.974989349687345,0.08219212737489254,0.7814156539896702,3.115890315238466,nan,nan
mnist,entmax15,9,16,0.05649738013744354,0.9736666666666667,0.9736951690708416,0.08963766812961152,0.7688531805860236,3.087470031799154,nan,nan
mnist,entmax15,9,17,0.051659367978572845,0.9739166666666667,0.9739275624410709,0.08472654080771386,0.766185463108915,3.077932931007223,nan,nan
mnist,entmax15,9,18,0.04962768778204918,0.9769166666666667,0.9769023081435927,0.07891326472955815,0.7734268599368156,3.0923084705433945,nan,nan
mnist,entmax15,9,19,0.0453065000474453,0.9785833333333334,0.9786051000784706,0.07224006931039881,0.7539344981629797,3.032785694649879,nan,nan
mnist,entmax15,9,20,0.04272213205695152,0.978,0.9779836266570003,0.07587271108430751,0.7596867255708004,3.0496894679170974,nan,nan
mnist,entmax15,9,21,0.042345210909843445,0.97525,0.9753100560352193,0.08230776224840194,0.7583558851100028,3.0396992018882263,nan,nan
mnist,entmax15,9,22,0.039930518716573715,0.9715833333333334,0.9715273887113252,0.09963742508850199,0.7473400837563454,3.024669035952142,nan,nan
mnist,entmax15,9,23,0.040568623691797256,0.9775,0.9774915187896278,0.07622458326055649,0.7591303669391795,3.0555888566565006,nan,nan
mnist,entmax15,9,24,0.038200948387384415,0.9780833333333333,0.9781008040337179,0.08073659467094756,0.752957117684344,3.0242952742475144,nan,nan
mnist,headwise_adaptive_entmax,0,0,1.2250300645828247,0.8356666666666667,0.8323890564606892,0.5139805839416829,0.8122091413812434,3.265664722057099,1.5049476623535156,0.005874008638784289
mnist,headwise_adaptive_entmax,0,1,0.41192683577537537,0.9109166666666667,0.9097317142658363,0.28399250038126683,0.7986432294896308,3.212048517896774,1.5062009692192078,0.008386683650314808
mnist,headwise_adaptive_entmax,0,2,0.25780102610588074,0.9288333333333333,0.9282208398289337,0.22340017620553362,0.7890741482694098,3.1732001710445323,1.5068641304969788,0.009795045480132103
mnist,headwise_adaptive_entmax,0,3,0.19433367252349854,0.9506666666666667,0.9503334892452104,0.15675401655917473,0.7958250813027645,3.168716075572562,1.507383644580841,0.01144880149513483
mnist,headwise_adaptive_entmax,0,4,0.1572706252336502,0.9579166666666666,0.9575208710190559,0.13360536780129087,0.7911650436989804,3.1351131175426725,1.5077942609786987,0.01288815401494503
mnist,headwise_adaptive_entmax,0,5,0.13479328155517578,0.95025,0.9497794913733447,0.15574612040468988,0.7965217632182101,3.138881876113567,1.5079392194747925,0.013166902586817741
mnist,headwise_adaptive_entmax,0,6,0.12021009624004364,0.9643333333333334,0.9640430364208766,0.11448921841826845,0.7909858879890848,3.116133687344003,1.508540689945221,0.014333175495266914
mnist,headwise_adaptive_entmax,0,7,0.10801688581705093,0.9655,0.9653583844011114,0.11378343458822433,0.7922363160772526,3.1089264864617205,1.508231520652771,0.01518649933859706
mnist,headwise_adaptive_entmax,0,8,0.0988980308175087,0.9668333333333333,0.9665826534693819,0.10746162376822309,0.783963087391346,3.0662149977176747,1.5084145665168762,0.015700960531830788
mnist,headwise_adaptive_entmax,0,9,0.08988767862319946,0.9695833333333334,0.9693663019861392,0.09621923654637438,0.7669326016243468,3.005725510576938,1.5090845227241516,0.017021458130329847
mnist,headwise_adaptive_entmax,0,10,0.08334993571043015,0.9678333333333333,0.9676245654979978,0.10297645533338506,0.759119321691229,2.984057621752962,1.508940875530243,0.017629167065024376
mnist,headwise_adaptive_entmax,0,11,0.07927146553993225,0.9710833333333333,0.9709386877479993,0.09633557863057927,0.7546579476366652,2.9557508179481995,1.5089946389198303,0.017767871730029583
mnist,headwise_adaptive_entmax,0,12,0.07335857301950455,0.9740833333333333,0.9739245075502432,0.09195705138622447,0.7600108353381462,2.9776095177264925,1.5089244842529297,0.018058824352920055
mnist,headwise_adaptive_entmax,0,13,0.0675353854894638,0.9736666666666667,0.9734170085634204,0.08918387363565729,0.7509481589844886,2.953178385470776,1.5089585781097412,0.018907012417912483
mnist,headwise_adaptive_entmax,0,14,0.06245050206780434,0.9723333333333334,0.9721747921489772,0.0917329024919804,0.7473778065214766,2.9315061949669046,1.5088091492652893,0.019350891932845116
mnist,headwise_adaptive_entmax,0,15,0.06251003593206406,0.9744166666666667,0.9742410705833933,0.08434510750180864,0.7396236150822741,2.9289782656000014,1.5088198781013489,0.01994793303310871
mnist,headwise_adaptive_entmax,0,16,0.05687440559267998,0.97475,0.9745353732500066,0.08624496356524686,0.7304697880085479,2.8990966436710766,1.5084036588668823,0.020846580155193806
mnist,headwise_adaptive_entmax,0,17,0.05528837814927101,0.9748333333333333,0.9747073375009068,0.08429358182276817,0.7203448224574962,2.8633651809489473,1.5082887411117554,0.0213411757722497
mnist,headwise_adaptive_entmax,0,18,0.05216846242547035,0.9789166666666667,0.9788062144604345,0.07503361964320883,0.7177895599223197,2.8765481786524996,1.5081104636192322,0.02141779102385044
mnist,headwise_adaptive_entmax,0,19,0.04719637334346771,0.9730833333333333,0.972873232137357,0.08803335101680552,0.7196488710159951,2.881852773909873,1.5081449151039124,0.02104838192462921
mnist,headwise_adaptive_entmax,0,20,0.04693274199962616,0.97725,0.9770691997805013,0.08148904247803891,0.7188968772583819,2.8746226924531,1.5078332424163818,0.021351546980440617
mnist,headwise_adaptive_entmax,0,21,0.044872358441352844,0.9764166666666667,0.9762389346829605,0.08260991662106615,0.7226713711911059,2.8801674259469863,1.5068992376327515,0.021357371471822262
mnist,headwise_adaptive_entmax,0,22,0.04560040682554245,0.9753333333333334,0.975169885774777,0.08906882311752502,0.7285942162605042,2.903483913299885,1.5064376592636108,0.02167345304042101
mnist,headwise_adaptive_entmax,0,23,0.03913524001836777,0.9760833333333333,0.9759504156895632,0.08852030313078393,0.7215934852336315,2.9035569885943797,1.5063070058822632,0.02131374180316925
mnist,headwise_adaptive_entmax,1,0,1.3212921619415283,0.8289166666666666,0.8257568591740265,0.5387634476448627,0.7044265885302361,3.009787620382106,1.504575788974762,0.003410191275179386
mnist,headwise_adaptive_entmax,1,1,0.4169046878814697,0.9191666666666667,0.9181412993988907,0.261053444540247,0.7611781840628766,3.1500565270160106,1.5026516318321228,0.0038292688550427556
mnist,headwise_adaptive_entmax,1,2,0.2703045606613159,0.9326666666666666,0.9320808220406315,0.21497617281497794,0.7566626985022362,3.1388740463459746,1.502209186553955,0.003738212864845991
mnist,headwise_adaptive_entmax,1,3,0.20892632007598877,0.9493333333333334,0.9490481103472733,0.16610751982699049,0.7504098358306479,3.1086240169849804,1.5024933815002441,0.004291803226806223
mnist,headwise_adaptive_entmax,1,4,0.1706581860780716,0.9585,0.9581028577350317,0.13589653166684698,0.7518890195704521,3.104209539738107,1.5016255378723145,0.0054709091782569885
mnist,headwise_adaptive_entmax,1,5,0.14745043218135834,0.9555,0.9551736564896738,0.13895822918795525,0.7472136375751901,3.0862768229017865,1.5018554329872131,0.006090498762205243
mnist,headwise_adaptive_entmax,1,6,0.1271631270647049,0.9649166666666666,0.9647165709803396,0.11625133700510289,0.7464819170059042,3.075585722923279,1.5017864108085632,0.007190802600234747
mnist,headwise_adaptive_entmax,1,7,0.11859250068664551,0.967,0.9667357808210191,0.10851008397467593,0.7446809620299237,3.0660035052198045,1.5015333890914917,0.007663944503292441
mnist,headwise_adaptive_entmax,1,8,0.10329993814229965,0.968,0.9677912984205858,0.10656832198196269,0.7366219036122585,3.050104407553977,1.500920057296753,0.007456131279468536
mnist,headwise_adaptive_entmax,1,9,0.0964837521314621,0.9701666666666666,0.9700497708124536,0.0993581327827687,0.7605740110924903,3.080842834837893,1.500592291355133,0.008160651661455631
mnist,headwise_adaptive_entmax,1,10,0.08735454827547073,0.9719166666666667,0.9716994254125458,0.09424178968084619,0.751611203589338,3.0655966261599925,1.5002958178520203,0.008591889636591077
mnist,headwise_adaptive_entmax,1,11,0.08032233268022537,0.9716666666666667,0.9714539126076245,0.09291581579662384,0.743604340451829,3.041907158303768,1.5000470876693726,0.008088930742815137
mnist,headwise_adaptive_entmax,1,12,0.07469196617603302,0.9765833333333334,0.9764384836838099,0.08145218944930016,0.7423572197873541,3.02683192364713,1.4998880624771118,0.008634109981358051
mnist,headwise_adaptive_entmax,1,13,0.07159598916769028,0.975,0.9748035420319828,0.08570443561419527,0.765702060562499,3.0789628789779986,1.499668836593628,0.008934784913435578
mnist,headwise_adaptive_entmax,1,14,0.06696593761444092,0.9765833333333334,0.9764245498145835,0.08123997265988207,0.7564591226425577,3.038088154285512,1.500144124031067,0.008578774752095342
mnist,headwise_adaptive_entmax,1,15,0.0634974017739296,0.9765833333333334,0.9763926044064896,0.0789188064951846,0.74946144159804,3.024434673025253,1.4999972581863403,0.00815115193836391
mnist,headwise_adaptive_entmax,1,16,0.05816272273659706,0.9776666666666667,0.9773910593290113,0.07749048204339565,0.7435759318635818,3.012198384771956,1.500019907951355,0.008372166194021702
mnist,headwise_adaptive_entmax,1,17,0.058023400604724884,0.9789166666666667,0.9787301083243914,0.07463007483710633,0.7311100021321723,2.9755573703887617,1.5000243186950684,0.008054666221141815
mnist,headwise_adaptive_entmax,1,18,0.054891593754291534,0.9755833333333334,0.9753582822211874,0.08505590838637758,0.7234200125044965,2.971236464825082,1.499121904373169,0.007605995517224073
mnist,headwise_adaptive_entmax,1,19,0.049402493983507156,0.9780833333333333,0.9779351320287996,0.07637088004737458,0.7213448786989172,2.9528284656240587,1.4990831017494202,0.007768077775835991
mnist,headwise_adaptive_entmax,1,20,0.04749072343111038,0.979,0.9788191021405389,0.07094172491355145,0.7168580439496548,2.9345913136259036,1.4988802671432495,0.008575983345508575
mnist,headwise_adaptive_entmax,1,21,0.04435040429234505,0.9788333333333333,0.978659349333995,0.07270592577913974,0.7196164479915131,2.9384460778946573,1.4984964728355408,0.00917184166610241
mnist,headwise_adaptive_entmax,1,22,0.04702153429389,0.978,0.9778024502689903,0.077616496764599,0.7104982587885349,2.9235191877852094,1.4978757500648499,0.008871199563145638
mnist,headwise_adaptive_entmax,1,23,0.043972089886665344,0.9798333333333333,0.9797082808026494,0.07290071078595962,0.7047078723603106,2.8978359927522375,1.4978443384170532,0.009599064011126757
mnist,headwise_adaptive_entmax,1,24,0.03982985019683838,0.98175,0.9815971542837321,0.06560829287751559,0.7074529534958779,2.8997436406764576,1.4970494508743286,0.008829377591609955
mnist,headwise_adaptive_entmax,1,25,0.03602774813771248,0.9801666666666666,0.9799893344204544,0.07106222410468345,0.6979467120576412,2.877137950126161,1.4967416524887085,0.008783247321844101
mnist,headwise_adaptive_entmax,1,26,0.03730042651295662,0.981,0.9808455994109362,0.07244379937331727,0.6984081223924109,2.890313257562353,1.4956790208816528,0.009194223210215569
mnist,headwise_adaptive_entmax,1,27,0.03409842029213905,0.9814166666666667,0.9812321320770968,0.06690693823026216,0.6839590440405175,2.849162888019643,1.4959580302238464,0.009238893166184425
mnist,headwise_adaptive_entmax,1,28,0.03281749412417412,0.9811666666666666,0.9810431572651426,0.06771828701838534,0.6849492135200095,2.874022435634694,1.4953569769859314,0.008636854588985443
mnist,headwise_adaptive_entmax,1,29,0.03309725970029831,0.98,0.9797879182608547,0.0724168316996161,0.6725365998263054,2.8225619792938232,1.4947749972343445,0.008876057341694832
mnist,headwise_adaptive_entmax,2,0,1.2345139980316162,0.8276666666666667,0.8233108936231861,0.5145237103421637,0.7891839793387879,3.162506580352783,1.5052927136421204,0.006007560295984149
mnist,headwise_adaptive_entmax,2,1,0.39327913522720337,0.9184166666666667,0.9171855984150354,0.25794625884674965,0.8446606232764873,3.3216131190036204,1.505012333393097,0.007431641221046448
mnist,headwise_adaptive_entmax,2,2,0.24705912172794342,0.9408333333333333,0.9400839283035836,0.1912384388294626,0.8542393699605414,3.3157085332464664,1.5048057436943054,0.007890663109719753
mnist,headwise_adaptive_entmax,2,3,0.19251082837581635,0.9513333333333334,0.9508498152733807,0.1548023208817269,0.8571779448935326,3.3138638481180718,1.5046964287757874,0.007704628864303231
mnist,headwise_adaptive_entmax,2,4,0.16210560500621796,0.9489166666666666,0.9484211462842215,0.15501344520994959,0.839620071522733,3.2510045538557337,1.5049238204956055,0.00761583773419261
mnist,headwise_adaptive_entmax,2,5,0.1355244666337967,0.96025,0.9598145166454186,0.12798920107331682,0.840131882657396,3.2357100578064615,1.5048511028289795,0.008128918474540114
mnist,headwise_adaptive_entmax,2,6,0.12249958515167236,0.95825,0.9577649213042685,0.1349313868645658,0.8340459973254102,3.2068176447077,1.5049050450325012,0.008214929606765509
mnist,headwise_adaptive_entmax,2,7,0.10970256477594376,0.9625,0.9622096900957402,0.1185937282886911,0.8315216543826651,3.198776128444266,1.5050415396690369,0.008730275556445122
mnist,headwise_adaptive_entmax,2,8,0.09895934909582138,0.9656666666666667,0.9653767611314974,0.10148209032226116,0.8237820077449718,3.176413452371638,1.5049949288368225,0.008673511445522308
mnist,headwise_adaptive_entmax,2,9,0.09018076956272125,0.9668333333333333,0.9663742512033842,0.10110793460873847,0.8202383461150717,3.1540522626105774,1.5048274397850037,0.008735756855458021
mnist,headwise_adaptive_entmax,2,10,0.08321069926023483,0.96575,0.9652026765184324,0.10744430267430366,0.7980233697181053,3.0984256140729216,1.5048127174377441,0.009018915239721537
mnist,headwise_adaptive_entmax,2,11,0.08112513273954391,0.9704166666666667,0.9700964569868276,0.09505763229854564,0.8006232235025852,3.0978439057126956,1.5050283670425415,0.00953276688233018
mnist,headwise_adaptive_entmax,2,12,0.07458020746707916,0.9718333333333333,0.971591169298485,0.0894039530861885,0.8037728679941055,3.1076646738864007,1.5051326751708984,0.01026199758052826
mnist,headwise_adaptive_entmax,2,13,0.07370789349079132,0.9680833333333333,0.9678356414161474,0.10724038951733011,0.7798062302964799,3.0463088547929806,1.5050747990608215,0.010306531097739935
mnist,headwise_adaptive_entmax,2,14,0.06672744452953339,0.9709166666666667,0.9705390221707644,0.09274513020794442,0.7718524114882692,3.0264232539116067,1.5054130554199219,0.010093030985444784
mnist,headwise_adaptive_entmax,2,15,0.06078442558646202,0.97125,0.9709154621710836,0.09139114245772362,0.7636296298909695,3.003149134047488,1.505199372768402,0.010537248104810715
mnist,headwise_adaptive_entmax,2,16,0.05766655504703522,0.9743333333333334,0.9740298562397853,0.08619143148051932,0.7663730763374491,3.0004907263086196,1.5054535865783691,0.010122575331479311
mnist,headwise_adaptive_entmax,2,17,0.057325270026922226,0.9718333333333333,0.9715040351356976,0.09198044668486778,0.7662843757487358,2.981874722115537,1.5051085352897644,0.009872151538729668
mnist,headwise_adaptive_entmax,2,18,0.052776917815208435,0.9739166666666667,0.9735924619084907,0.08884851800951551,0.7697903532931145,3.002079431046831,1.5049419403076172,0.010212898254394531
mnist,headwise_adaptive_entmax,2,19,0.04911358654499054,0.9755833333333334,0.9753022616563586,0.081613555748729,0.7416428156355594,2.933019128251583,1.5054367184638977,0.010480048134922981
mnist,headwise_adaptive_entmax,2,20,0.04864547401666641,0.97625,0.9759497057436721,0.08353558234236341,0.7432202094412864,2.9540303184631025,1.505493938922882,0.010832662228494883
mnist,headwise_adaptive_entmax,2,21,0.04597640782594681,0.9749166666666667,0.9746602034303555,0.07998929141049689,0.742077923835592,2.9441412864847387,1.5049430131912231,0.010680108796805143
mnist,headwise_adaptive_entmax,2,22,0.04063041880726814,0.97825,0.9779930143332634,0.07898980730827501,0.7446017620411325,2.9504544481318047,1.5044898986816406,0.010651619639247656
mnist,headwise_adaptive_entmax,2,23,0.041418153792619705,0.97675,0.9765234435604239,0.08182746290843537,0.73235496244532,2.9279672110334354,1.5038375854492188,0.010688357055187225
mnist,headwise_adaptive_entmax,2,24,0.03956947848200798,0.9764166666666667,0.9762310094577853,0.08667412879777715,0.7335869568459531,2.932731978436734,1.5037425756454468,0.011400081682950258
mnist,headwise_adaptive_entmax,2,25,0.04281110316514969,0.973,0.9726305038214436,0.09569855692221764,0.7378647162559184,2.94479301888892,1.5034016370773315,0.012174691073596478
mnist,headwise_adaptive_entmax,2,26,0.038189176470041275,0.9774166666666667,0.9771980447220665,0.07718174999698679,0.7334048462674972,2.932276172840849,1.5031152963638306,0.01256877975538373
mnist,headwise_adaptive_entmax,2,27,0.03430888429284096,0.97925,0.9790745261622427,0.07745094571579644,0.7249505310616595,2.909190150017434,1.5025082230567932,0.0126448436640203
mnist,headwise_adaptive_entmax,2,28,0.030133748427033424,0.978,0.9777451017252105,0.08117772809209976,0.7331405180565854,2.9243995027339205,1.502743899822235,0.013389963656663895
mnist,headwise_adaptive_entmax,2,29,0.03448028489947319,0.9730833333333333,0.9728973729190725,0.09849726519686111,0.727865826576314,2.9351264568085367,1.5020692944526672,0.013547465205192566
mnist,headwise_adaptive_entmax,3,0,1.2302607297897339,0.8396666666666667,0.836174734897674,0.4948571203870976,0.7995424923744607,3.206917042427875,1.5039255619049072,0.0027625231305137277
mnist,headwise_adaptive_entmax,3,1,0.4147453308105469,0.9063333333333333,0.9053416274895572,0.29774322661947694,0.8180675348068805,3.2399561760273388,1.5043150782585144,0.0045985139440745115
mnist,headwise_adaptive_entmax,3,2,0.2896918058395386,0.93275,0.9322031098063702,0.22017829310386738,0.8243264993454548,3.2540923458464603,1.50453382730484,0.005200120387598872
mnist,headwise_adaptive_entmax,3,3,0.22137418389320374,0.9441666666666667,0.9438356617265601,0.1792396733418424,0.8209409085994072,3.236275330502936,1.5037075281143188,0.006019234424456954
mnist,headwise_adaptive_entmax,3,4,0.18422040343284607,0.9510833333333333,0.9509573489793741,0.15885207865466464,0.8185612267636239,3.208940163571784,1.5036109685897827,0.006157355848699808
mnist,headwise_adaptive_entmax,3,5,0.157521590590477,0.95675,0.9565615337000868,0.14789688190881242,0.8088706706432586,3.160621445229713,1.5031749606132507,0.006491319974884391
mnist,headwise_adaptive_entmax,3,6,0.14257685840129852,0.9594166666666667,0.9591074175063034,0.14037032774154176,0.7953201843068954,3.1321948208707444,1.5031978487968445,0.006702335784211755
mnist,headwise_adaptive_entmax,3,7,0.128046452999115,0.9648333333333333,0.9646338550825895,0.11564627004430648,0.7955597537629148,3.12270927682836,1.50332909822464,0.007540921913459897
mnist,headwise_adaptive_entmax,3,8,0.11790826171636581,0.9655833333333333,0.9654516498517334,0.11453648688311273,0.7882795733340243,3.0962889219852205,1.5035043358802795,0.008090944727882743
mnist,headwise_adaptive_entmax,3,9,0.10351582616567612,0.9661666666666666,0.9658888234055398,0.1128554750788719,0.765234151419173,3.043681598724203,1.5035246014595032,0.00873170280829072
mnist,headwise_adaptive_entmax,3,10,0.09817984700202942,0.9640833333333333,0.9639268940605625,0.10653329505882364,0.7976957901995233,3.1077500378831906,1.5038026571273804,0.009664436569437385
mnist,headwise_adaptive_entmax,3,11,0.0926218181848526,0.9691666666666666,0.9690476157896526,0.10108537813450427,0.8003759295382398,3.115649213182165,1.5039337277412415,0.010205266298726201
mnist,headwise_adaptive_entmax,3,12,0.08261001110076904,0.9705,0.9704376804733593,0.09871814463366853,0.771414818915915,3.0322422676898064,1.5038382411003113,0.010365411406382918
mnist,headwise_adaptive_entmax,3,13,0.07948325574398041,0.9705,0.9703341189587265,0.10386683443125258,0.781527300464346,3.060904680414403,1.5038985013961792,0.010734509211033583
mnist,headwise_adaptive_entmax,3,14,0.0753970816731453,0.9705,0.9702279076492735,0.10197708684396237,0.7898119009555654,3.077983518864246,1.5042208433151245,0.011180833680555224
mnist,headwise_adaptive_entmax,3,15,0.07022841274738312,0.9721666666666666,0.9719584656104139,0.09359061242418086,0.7638988748509833,3.013466632112544,1.5048047304153442,0.011818184051662683
mnist,headwise_adaptive_entmax,3,16,0.06777250021696091,0.9699166666666666,0.9697061618904954,0.09955852264736562,0.7612968886152227,3.0100175928562245,1.5047609210014343,0.011852017603814602
mnist,headwise_adaptive_entmax,3,17,0.0628821849822998,0.9759166666666667,0.9758779452884507,0.08246090457318946,0.7419125570895824,2.9571019969087966,1.5048637390136719,0.013282896019518375
mnist,headwise_adaptive_entmax,3,18,0.05700201913714409,0.9724166666666667,0.9723660813669573,0.0882306232889916,0.7283280840579499,2.931886061708978,1.5047319531440735,0.013550417497754097
mnist,headwise_adaptive_entmax,3,19,0.058868374675512314,0.9746666666666667,0.9746400007518486,0.08845029097605259,0.7549948127979927,2.9948769021541515,1.504285454750061,0.013982530683279037
mnist,headwise_adaptive_entmax,3,20,0.054982054978609085,0.9745833333333334,0.9743731086867309,0.09029332088663224,0.7383367336810903,2.9592871006498944,1.5043103694915771,0.014180990401655436
mnist,headwise_adaptive_entmax,3,21,0.0486861877143383,0.973,0.9727259441179885,0.0991976954280696,0.7341663913523897,2.9322528002109935,1.5048843026161194,0.014745479915291071
mnist,headwise_adaptive_entmax,3,22,0.0512697696685791,0.9770833333333333,0.9769764879596703,0.0775678619504609,0.7261047807145626,2.912108228561726,1.5045956373214722,0.01483421167358756
mnist,headwise_adaptive_entmax,3,23,0.0449281744658947,0.9776666666666667,0.9775623237989162,0.08062621982807809,0.7303166846011547,2.9239724113586103,1.5042505264282227,0.014915548264980316
mnist,headwise_adaptive_entmax,3,24,0.046497710049152374,0.977,0.9769761447626928,0.08091191709675688,0.719345378748914,2.9007707834243774,1.503769874572754,0.014798295684158802
mnist,headwise_adaptive_entmax,3,25,0.04159079119563103,0.97675,0.9766121148849563,0.0812544538540409,0.7159512594659277,2.8965597761438246,1.5030460953712463,0.014987607952207327
mnist,headwise_adaptive_entmax,3,26,0.04159253463149071,0.9769166666666667,0.9768668070950397,0.0824342614158671,0.7219625432440575,2.9108732609038657,1.5025190711021423,0.016424376517534256
mnist,headwise_adaptive_entmax,3,27,0.03476102277636528,0.97475,0.9745922142893997,0.09186312881238917,0.7157383237747436,2.908307136373317,1.5017985105514526,0.016226365696638823
mnist,headwise_adaptive_entmax,3,28,0.038306593894958496,0.97825,0.9781541026710704,0.07616092260689178,0.7037528810348916,2.868808386173654,1.5016882419586182,0.016872007865458727
mnist,headwise_adaptive_entmax,3,29,0.03521956875920296,0.9790833333333333,0.9789573262621044,0.07754679630569955,0.7130957626281901,2.8971283232912106,1.5008049011230469,0.01716483337804675
mnist,headwise_adaptive_entmax,4,0,1.3911936283111572,0.8125833333333333,0.8065424910325854,0.5668761914080762,0.8119536435350458,3.194140241501179,1.5042712092399597,0.004076129058375955
mnist,headwise_adaptive_entmax,4,1,0.43085777759552,0.899,0.8982623001475032,0.32111140895397106,0.820487083272731,3.2548854959771987,1.5046395063400269,0.00518339010886848
mnist,headwise_adaptive_entmax,4,2,0.27300605177879333,0.938,0.9371649321368235,0.201354740147895,0.8166554709698292,3.2471526683645044,1.5035165548324585,0.006317463703453541
mnist,headwise_adaptive_entmax,4,3,0.20503883063793182,0.94875,0.9482450140294741,0.16885777721379666,0.8121010090442414,3.223260339270247,1.5022687315940857,0.0077647860161960125
mnist,headwise_adaptive_entmax,4,4,0.1702243685722351,0.9545,0.9542440939322689,0.14728622709182984,0.8063500174816619,3.1940810147752154,1.5013624429702759,0.008473729249089956
mnist,headwise_adaptive_entmax,4,5,0.14477227628231049,0.96225,0.9618630615837839,0.12253958367286845,0.8091837541854128,3.179033284491681,1.5011115074157715,0.008011157624423504
mnist,headwise_adaptive_entmax,4,6,0.12912358343601227,0.9635,0.9631791947065913,0.11600109173896465,0.7933149692860055,3.12346380822202,1.5010951161384583,0.00783060397952795
mnist,headwise_adaptive_entmax,4,7,0.11733975261449814,0.96575,0.9653972713158291,0.11032900261752149,0.7862176013753769,3.087555545441648,1.5008745789527893,0.009200921282172203
mnist,headwise_adaptive_entmax,4,8,0.10178227722644806,0.9690833333333333,0.9688622024648327,0.1013004167124312,0.7818944923421169,3.0638185891699283,1.5015653371810913,0.009656637907028198
mnist,headwise_adaptive_entmax,4,9,0.09261272847652435,0.97175,0.9715866605260268,0.09370947708474829,0.7713828632172118,3.0228942734129887,1.5017393827438354,0.010152103379368782
mnist,headwise_adaptive_entmax,4,10,0.08909972757101059,0.9669166666666666,0.9665988796525514,0.1125585730088518,0.7667801234316318,3.011757807528719,1.5017078518867493,0.010883602313697338
mnist,headwise_adaptive_entmax,4,11,0.08328299224376678,0.96825,0.9680812215461453,0.10132952303962504,0.7583703443090967,2.9644994355262595,1.5009343028068542,0.011600019875913858
mnist,headwise_adaptive_entmax,4,12,0.07597307115793228,0.9724166666666667,0.972208405929089,0.09001187663129036,0.7625494459842114,2.986088937901436,1.4999475479125977,0.012354481965303421
mnist,headwise_adaptive_entmax,4,13,0.07295574992895126,0.9754166666666667,0.9753094790796254,0.08302385423411714,0.7710418916763143,2.99279689027908,1.5000436305999756,0.012417130637913942
mnist,headwise_adaptive_entmax,4,14,0.06913943588733673,0.9731666666666666,0.9729517886878689,0.08775169501437786,0.7511873847626626,2.9299729047937597,1.4998092651367188,0.012832555454224348
mnist,headwise_adaptive_entmax,4,15,0.06363239884376526,0.9751666666666666,0.9750441545497115,0.08505790117890277,0.7559037132466093,2.9605788068568453,1.4993100762367249,0.013239045161753893
mnist,headwise_adaptive_entmax,4,16,0.06449536234140396,0.9749166666666667,0.9748265246060648,0.07640388861615607,0.7416222513990199,2.9154634678617435,1.4991109371185303,0.013886226806789637
mnist,headwise_adaptive_entmax,4,17,0.055702049285173416,0.9743333333333334,0.9741382298273663,0.08804772635723682,0.7579916094211822,2.9780886832703937,1.4982937574386597,0.01358029618859291
mnist,headwise_adaptive_entmax,4,18,0.055185943841934204,0.9745833333333334,0.974438041618859,0.08724636465628097,0.7664263089920612,2.991909531836814,1.4969083666801453,0.014263562858104706
mnist,headwise_adaptive_entmax,5,0,1.251410722732544,0.8026666666666666,0.7968121080471374,0.5840168607995865,0.7406548654779475,3.021554705944467,1.5050938725471497,0.006929208873771131
mnist,headwise_adaptive_entmax,5,1,0.47721678018569946,0.8824166666666666,0.8810203980882724,0.3674801290035248,0.7913270434166523,3.1438250896778515,1.5043362975120544,0.007772379205562174
mnist,headwise_adaptive_entmax,5,2,0.32713234424591064,0.9009166666666667,0.8994472994731822,0.299740473006634,0.8065709097588316,3.164422773300333,1.5050491690635681,0.00820022844709456
mnist,headwise_adaptive_entmax,5,3,0.2522515058517456,0.9310833333333334,0.9297390153591747,0.21106376292857718,0.7948679201146389,3.1176099701130644,1.5048403143882751,0.008399733924306929
mnist,headwise_adaptive_entmax,5,4,0.19653867185115814,0.9500833333333333,0.9494437291955075,0.1575186935828087,0.7845488793038308,3.084660603645,1.5046879649162292,0.007723478600382805
mnist,headwise_adaptive_entmax,5,5,0.166866734623909,0.95275,0.9522708710541263,0.1468937766361744,0.780726561520962,3.0733901084737574,1.5044254064559937,0.008472801302559674
mnist,headwise_adaptive_entmax,5,6,0.14893722534179688,0.9595833333333333,0.9590520952647236,0.1287089927082366,0.7685872151496562,3.0381672077990594,1.5044893026351929,0.00901303079444915
mnist,headwise_adaptive_entmax,5,7,0.13050973415374756,0.9644166666666667,0.9641102653847959,0.11452267525043894,0.7575468693641906,2.986968547739881,1.5035853385925293,0.008763265563175082
mnist,headwise_adaptive_entmax,5,8,0.11529239267110825,0.96325,0.9628705769964719,0.11717906324787343,0.7645242550271623,3.015619972918896,1.5028049945831299,0.008919312851503491
mnist,headwise_adaptive_entmax,5,9,0.10868409276008606,0.9643333333333334,0.9639160350091993,0.11615186850441263,0.7442310477824922,2.967853655206396,1.5022674798965454,0.008969724178314209
mnist,headwise_adaptive_entmax,5,10,0.10069993883371353,0.9701666666666666,0.9699827968087955,0.09632135777080313,0.7536666488393824,2.9804613539513123,1.5021564364433289,0.009791824501007795
mnist,headwise_adaptive_entmax,5,11,0.09377452731132507,0.968,0.9676979195859244,0.10183331362427549,0.7528032432211206,2.9994233897391784,1.5017337203025818,0.00949605810455978
mnist,headwise_adaptive_entmax,5,12,0.0883246585726738,0.972,0.971819891312558,0.09254645508654574,0.7488750124231298,2.972920131176076,1.5013969540596008,0.010381284402683377
mnist,headwise_adaptive_entmax,5,13,0.08271646499633789,0.9721666666666666,0.9720231463569557,0.09057340517323068,0.7265070594371633,2.9017648113534804,1.500637412071228,0.010602275840938091
mnist,headwise_adaptive_entmax,5,14,0.07552605122327805,0.9706666666666667,0.9704716362001216,0.09373708671711861,0.753109946529916,2.9889360260456166,1.5000340342521667,0.011242583626881242
mnist,headwise_adaptive_entmax,5,15,0.07018410414457321,0.9730833333333333,0.9728752686674766,0.08942794562020201,0.7497138888277906,2.9775676067839276,1.4989370107650757,0.01114294957369566
mnist,headwise_adaptive_entmax,5,16,0.0696265771985054,0.9724166666666667,0.9721821818926214,0.0917433258542355,0.7345113050430379,2.9147457467748765,1.4980207681655884,0.011348186060786247
mnist,headwise_adaptive_entmax,5,17,0.06338631361722946,0.9733333333333334,0.9730719165229651,0.08966554463543791,0.7206109755850852,2.876303639817745,1.4974803924560547,0.011669736122712493
mnist,headwise_adaptive_entmax,5,18,0.06161604821681976,0.9740833333333333,0.9738983397229101,0.08822951822521839,0.735834354415853,2.922891282020731,1.4968620538711548,0.012269944651052356
mnist,headwise_adaptive_entmax,5,19,0.056694693863391876,0.9746666666666667,0.974445036626544,0.08381407549406619,0.7252468859895747,2.8917783929946577,1.4959208965301514,0.013015324017032981
mnist,headwise_adaptive_entmax,5,20,0.05367721617221832,0.9755833333333334,0.9753200409355187,0.08550847242487238,0.710842953717455,2.8410003413545324,1.495238482952118,0.013824281981214881
mnist,headwise_adaptive_entmax,5,21,0.05311930179595947,0.9785,0.9783322871061937,0.0774198988888492,0.7170783845668144,2.8649116450167718,1.4934105277061462,0.013385209487751126
mnist,headwise_adaptive_entmax,5,22,0.05073194578289986,0.9765833333333334,0.9764131846584027,0.07864420104058499,0.7162369159941978,2.855361121766111,1.492604374885559,0.013343341415748
mnist,headwise_adaptive_entmax,5,23,0.04898035526275635,0.9761666666666666,0.9759386485400837,0.08587273075542551,0.687904602986701,2.784212147935908,1.491960883140564,0.014128576731309295
mnist,headwise_adaptive_entmax,5,24,0.048385947942733765,0.97775,0.9775555357505222,0.07697241666152123,0.7078431185255659,2.846831270988951,1.4909271597862244,0.013716448796913028
mnist,headwise_adaptive_entmax,5,25,0.04593560844659805,0.9766666666666667,0.9764296370249534,0.08554307521974787,0.6938714391373574,2.790476459137937,1.4910545945167542,0.01418086513876915
mnist,headwise_adaptive_entmax,5,26,0.04215316101908684,0.9789166666666667,0.9787299327645309,0.07235425881090317,0.6762457905297584,2.7410406609799,1.49025559425354,0.014045852236449718
mnist,headwise_adaptive_entmax,5,27,0.04082447662949562,0.9768333333333333,0.9766061116208785,0.08234627275390828,0.6647966453369628,2.70949516905115,1.489763081073761,0.014779402874410152
mnist,headwise_adaptive_entmax,5,28,0.038558803498744965,0.9763333333333334,0.9761522992229367,0.08417426200306162,0.6758388997392452,2.742651579227853,1.4883233308792114,0.01508540939539671
mnist,headwise_adaptive_entmax,5,29,0.03567494451999664,0.97725,0.9770796307020937,0.08378953768059294,0.6782230573131683,2.7549330985292477,1.4871619939804077,0.01516995020210743
mnist,headwise_adaptive_entmax,6,0,1.2530121803283691,0.804,0.7977116574864568,0.5914305771919007,0.7123418035025292,2.9611488783613162,1.5036555528640747,0.003271787951234728
mnist,headwise_adaptive_entmax,6,1,0.472208708524704,0.88925,0.8882135373601038,0.34582507990776223,0.7713372713707863,3.1173743085658296,1.5045468211174011,0.005310233100317419
mnist,headwise_adaptive_entmax,6,2,0.30684900283813477,0.92475,0.9243416402983273,0.23755382286741378,0.7944363964364883,3.1889016374628594,1.5047045946121216,0.0064409623155370355
mnist,headwise_adaptive_entmax,6,3,0.2291581779718399,0.93825,0.937913643609326,0.19535846469250132,0.789058673254987,3.17265152170303,1.5048316717147827,0.00749114784412086
mnist,headwise_adaptive_entmax,6,4,0.18509864807128906,0.9408333333333333,0.9402973408138168,0.18057038413083298,0.7868910831339816,3.155452385861823,1.5061318278312683,0.008184164064005017
mnist,headwise_adaptive_entmax,6,5,0.1563774049282074,0.9509166666666666,0.9505840903800408,0.1464695361383418,0.7866283927826171,3.1634660578788596,1.5064972639083862,0.008982344064861536
mnist,headwise_adaptive_entmax,6,6,0.13830192387104034,0.96025,0.9599846392708452,0.12022306674972494,0.7825656102058736,3.1516110998518925,1.5077740550041199,0.010353680932894349
mnist,headwise_adaptive_entmax,6,7,0.11861667782068253,0.9634166666666667,0.9632138652311438,0.10893547463607281,0.7892633651165252,3.1545179803320704,1.5084906220436096,0.011271252995356917
mnist,headwise_adaptive_entmax,6,8,0.10887259989976883,0.9650833333333333,0.9648041679087864,0.10528061554787006,0.7672736181857738,3.1088410920285163,1.5095467567443848,0.011788050178438425
mnist,headwise_adaptive_entmax,6,9,0.09828806668519974,0.9680833333333333,0.9677903481720106,0.09470334894796635,0.769540973166202,3.114346440802229,1.5101611614227295,0.013171725906431675
mnist,headwise_adaptive_entmax,6,10,0.09535998106002808,0.96725,0.9670233924443371,0.10155598565619042,0.7642645068625187,3.08730811514753,1.510854184627533,0.013180994894355536
mnist,headwise_adaptive_entmax,6,11,0.0854167491197586,0.9666666666666667,0.9664011499165186,0.1035171776534395,0.7518301954928864,3.056643455586535,1.5112170577049255,0.013985920697450638
mnist,headwise_adaptive_entmax,6,12,0.08210977166891098,0.97125,0.9710489953116703,0.09052518247923952,0.7629122911615575,3.0785469171848705,1.5119875073432922,0.014410427305847406
mnist,headwise_adaptive_entmax,6,13,0.0761662945151329,0.9709166666666667,0.970723826912567,0.0879418339501036,0.7699271434165061,3.108076529299959,1.512057363986969,0.015046469867229462
mnist,headwise_adaptive_entmax,6,14,0.06968527287244797,0.9736666666666667,0.9734536050351098,0.08445421384370073,0.7542699822720061,3.060382353498581,1.5124747157096863,0.01561033632606268
mnist,headwise_adaptive_entmax,6,15,0.06374191492795944,0.9729166666666667,0.9726562782975687,0.08575792368897732,0.7600584182333439,3.0663211015944785,1.51313054561615,0.01642297999933362
mnist,headwise_adaptive_entmax,6,16,0.06116274371743202,0.9701666666666666,0.9699780849166701,0.09510305206826393,0.7437524598963717,3.0307640014810766,1.5134254693984985,0.016532881651073694
mnist,headwise_adaptive_entmax,6,17,0.058438051491975784,0.97275,0.972513920692027,0.09067315885678251,0.7368521531845661,3.005623738816444,1.5134647488594055,0.016733217053115368
mnist,headwise_adaptive_entmax,6,18,0.05458100140094757,0.9734166666666667,0.9732642123082564,0.08697736508985783,0.7291869705027723,2.99392950027547,1.513359248638153,0.017281113658100367
mnist,headwise_adaptive_entmax,6,19,0.05378657951951027,0.9748333333333333,0.9746223443841172,0.08216058383596704,0.719597374505185,2.9728103064476175,1.5138209462165833,0.017775452695786953
mnist,headwise_adaptive_entmax,6,20,0.04924096167087555,0.97525,0.9751007893387559,0.08460522316237713,0.7247010228481698,2.965473438831086,1.5141290426254272,0.017251127399504185
mnist,headwise_adaptive_entmax,6,21,0.04909398406744003,0.9766666666666667,0.9764760254893929,0.07620662399270434,0.7227886674251962,2.958562508542487,1.5135995149612427,0.017331760842353106
mnist,headwise_adaptive_entmax,6,22,0.04341784864664078,0.9754166666666667,0.9751277819283757,0.07977814488905541,0.7221227491155584,2.9602861252236874,1.513420283794403,0.017660883720964193
mnist,headwise_adaptive_entmax,6,23,0.04291273653507233,0.9789166666666667,0.9786629437237421,0.07341360677271447,0.7042764558437022,2.908621628233727,1.513877034187317,0.018251101952046156
mnist,headwise_adaptive_entmax,6,24,0.04423227906227112,0.9738333333333333,0.9735802407792382,0.09553546343553573,0.7029485284013951,2.907133977463905,1.513491153717041,0.01809215033426881
mnist,headwise_adaptive_entmax,6,25,0.040764451026916504,0.9745,0.9742898853120389,0.09065180208454741,0.7033352350935023,2.9227052470470998,1.513169527053833,0.01811946276575327
mnist,headwise_adaptive_entmax,6,26,0.03766029328107834,0.9773333333333334,0.9770896293196284,0.08048029790850396,0.6996477683807941,2.9068928145347757,1.512600302696228,0.018299995455890894
mnist,headwise_adaptive_entmax,6,27,0.03781198337674141,0.97675,0.9766065239056338,0.08175390506995485,0.7097619746593719,2.9322374551854233,1.511594295501709,0.018145093228667974
mnist,headwise_adaptive_entmax,6,28,0.037998493760824203,0.9768333333333333,0.9765701649142091,0.08218573759052347,0.711869035629516,2.919380822080247,1.5112891793251038,0.01839084317907691
mnist,headwise_adaptive_entmax,7,0,1.1770637035369873,0.8413333333333334,0.8392147090335633,0.5000777980114551,0.7651731207015666,3.04937833167137,1.507013976573944,0.003251041052863002
mnist,headwise_adaptive_entmax,7,1,0.37163761258125305,0.9189166666666667,0.9179675291475048,0.2541350392585105,0.7981727871489017,3.1800594634198127,1.5070677399635315,0.00456173752900213
mnist,headwise_adaptive_entmax,7,2,0.2420881688594818,0.9371666666666667,0.9365846734963004,0.20034692769354961,0.8032533862489335,3.1777197629847427,1.507261574268341,0.005913903703913093
mnist,headwise_adaptive_entmax,7,3,0.1883629411458969,0.9511666666666667,0.9507916677386163,0.15840458473626604,0.8073818721669785,3.191565100182878,1.5080880522727966,0.0077666318975389
mnist,headwise_adaptive_entmax,7,4,0.1544012427330017,0.951,0.9505348347191994,0.16210791183278916,0.7837906384721716,3.110770413216124,1.5085522532463074,0.008351909462362528
mnist,headwise_adaptive_entmax,7,5,0.1380680501461029,0.95425,0.9539867495846185,0.14070392106758786,0.8025206644484337,3.1556963286501296,1.508315920829773,0.008722773985937238
mnist,headwise_adaptive_entmax,7,6,0.12181039154529572,0.9590833333333333,0.958824214009814,0.13354156340690368,0.8029277426131228,3.160679916118054,1.5086441040039062,0.009227009722962976
mnist,headwise_adaptive_entmax,7,7,0.10794749855995178,0.9639166666666666,0.9637353110431878,0.11371118686300644,0.7988868343069199,3.1348688678538545,1.5083822011947632,0.009644533507525921
mnist,headwise_adaptive_entmax,7,8,0.09802096337080002,0.9669166666666666,0.9666822123267096,0.10678447790919467,0.7826379626355273,3.0848436431681856,1.5090091228485107,0.01010194607079029
mnist,headwise_adaptive_entmax,7,9,0.0915331169962883,0.9664166666666667,0.966260748855752,0.11215914738305072,0.7670603407190201,3.0306406300118627,1.5095046162605286,0.010904648341238499
mnist,headwise_adaptive_entmax,7,10,0.08703174442052841,0.969,0.9687796525964721,0.1011513110963588,0.7679523476894866,3.017134369687831,1.5091476440429688,0.01129581080749631
mnist,headwise_adaptive_entmax,7,11,0.08014287799596786,0.9709166666666667,0.9707393654900015,0.09534198386555022,0.7655237856063437,3.0073417146155177,1.5093467831611633,0.011987633537501097
mnist,headwise_adaptive_entmax,7,12,0.06792144477367401,0.9708333333333333,0.9706598030561142,0.09750836493170008,0.7472985799008227,2.959719084678812,1.5098657011985779,0.011936844792217016
mnist,headwise_adaptive_entmax,7,13,0.07095193862915039,0.97225,0.9720776133526995,0.09407425759003517,0.7501530057572304,2.980607550194923,1.509686529636383,0.01239109830930829
mnist,headwise_adaptive_entmax,7,14,0.06469906121492386,0.97375,0.9735732646440647,0.09011952761322894,0.7552907105456007,2.9828930839579155,1.5099128484725952,0.014245069585740566
mnist,headwise_adaptive_entmax,7,15,0.06159614399075508,0.9725,0.9723168226673806,0.09119013094521583,0.7483732649620544,2.952507292970698,1.509982943534851,0.014574602711945772
mnist,headwise_adaptive_entmax,7,16,0.06144855543971062,0.9725,0.9723751602386335,0.0970030426979065,0.72699200092478,2.9088013780877944,1.5103589296340942,0.015481468755751848
mnist,headwise_adaptive_entmax,7,17,0.05674046650528908,0.97525,0.9750511435238932,0.0811491592569237,0.7312681338888534,2.9015653716756944,1.5102455615997314,0.016490834765136242
mnist,headwise_adaptive_entmax,7,18,0.049247756600379944,0.9728333333333333,0.9725161623406351,0.09462979784671297,0.7332466802698501,2.9237429005034428,1.5101773738861084,0.017137113958597183
mnist,headwise_adaptive_entmax,7,19,0.049902260303497314,0.974,0.9738880669286134,0.08995117861381237,0.7234056687101404,2.8886957904125783,1.509896993637085,0.017135433852672577
mnist,headwise_adaptive_entmax,7,20,0.04525640606880188,0.9753333333333334,0.9751686195811169,0.08886619336269003,0.7292664406147409,2.8929377794265747,1.5091244578361511,0.01676229201257229
mnist,headwise_adaptive_entmax,7,21,0.04898901656270027,0.97475,0.9746756891294973,0.09030976261388748,0.7351495712361438,2.924148199406076,1.5083544850349426,0.01589022297412157
mnist,headwise_adaptive_entmax,7,22,0.0410059355199337,0.9771666666666666,0.9769739846655856,0.08634824095729818,0.721059482782445,2.891290824464027,1.5082850456237793,0.016450155526399612
mnist,headwise_adaptive_entmax,7,23,0.038376107811927795,0.9766666666666667,0.9765633141863763,0.09224710621415301,0.7169096412810874,2.8705690870893763,1.507790982723236,0.01723405160009861
mnist,headwise_adaptive_entmax,7,24,0.038410723209381104,0.9726666666666667,0.9724722705558992,0.10124949445115759,0.7236458900127005,2.8998124295092644,1.5079861879348755,0.017201044131070375
mnist,headwise_adaptive_entmax,7,25,0.03789389878511429,0.9764166666666667,0.9763072170106908,0.09139674959426865,0.7285630303494474,2.916633091074355,1.5076834559440613,0.018365272786468267
mnist,headwise_adaptive_entmax,7,26,0.03489915281534195,0.9748333333333333,0.974660997228073,0.09557292243822459,0.7020354962095301,2.8538083142422614,1.507307231426239,0.019499152898788452
mnist,headwise_adaptive_entmax,7,27,0.0368211567401886,0.97725,0.97716586915584,0.09049646774346524,0.7015335667640605,2.8361198039765054,1.506633996963501,0.020553103648126125
mnist,headwise_adaptive_entmax,7,28,0.032296501100063324,0.9799166666666667,0.9797898237203337,0.08423489885048029,0.7032704632332984,2.851665608426358,1.5058146715164185,0.02164466120302677
mnist,headwise_adaptive_entmax,7,29,0.030638422816991806,0.9741666666666666,0.973909842643014,0.10354671496501629,0.700624814058872,2.8346351435843933,1.5057449340820312,0.021542977541685104
mnist,headwise_adaptive_entmax,8,0,1.2610743045806885,0.8191666666666667,0.8158647337998689,0.5573350089661618,0.8469759917005579,3.3258803981415768,1.503039538860321,0.00446271023247391
mnist,headwise_adaptive_entmax,8,1,0.4489707052707672,0.9030833333333333,0.9016156991359212,0.3064146809121396,0.8108913194625935,3.2270617916228925,1.5022321343421936,0.007485630456358194
mnist,headwise_adaptive_entmax,8,2,0.29490986466407776,0.9244166666666667,0.9236893455895441,0.24212735986455958,0.8092914191966362,3.2028365972194264,1.5031057000160217,0.009274270269088447
mnist,headwise_adaptive_entmax,8,3,0.22588112950325012,0.93775,0.937358559902413,0.19047232955060106,0.8140510504550122,3.2221656150006233,1.504249393939972,0.010320868343114853
mnist,headwise_adaptive_entmax,8,4,0.19129985570907593,0.949,0.9485006015532356,0.16305287388410974,0.8003503724615625,3.1623870895263995,1.5062358975410461,0.011135322507470846
mnist,headwise_adaptive_entmax,8,5,0.1629330962896347,0.9548333333333333,0.9544712431148057,0.14222899840233175,0.8084013474748489,3.1580505650094213,1.5072824358940125,0.011584172258153558
mnist,headwise_adaptive_entmax,8,6,0.14421404898166656,0.9566666666666667,0.9564523477945853,0.1380012311199878,0.805140458522959,3.1154475161369812,1.5086631178855896,0.012424700194969773
mnist,headwise_adaptive_entmax,8,7,0.13109317421913147,0.9599166666666666,0.9597926404383698,0.12579775918671426,0.8055325879695567,3.0892549854643803,1.5092843174934387,0.012968444963917136
mnist,headwise_adaptive_entmax,8,8,0.12154916673898697,0.962,0.9617226220695498,0.12279576324719063,0.7904197351729616,3.04175977250363,1.5098394751548767,0.013483098708093166
mnist,headwise_adaptive_entmax,8,9,0.11008936166763306,0.9658333333333333,0.9654617285611939,0.11056070481526091,0.7987914224888416,3.0510200211342346,1.5106194019317627,0.013608582084998488
mnist,headwise_adaptive_entmax,8,10,0.09619647264480591,0.9681666666666666,0.9678053765291615,0.10759371178264314,0.7889543055219853,3.0088853785332215,1.5109347701072693,0.014271470718085766
mnist,headwise_adaptive_entmax,8,11,0.09213981032371521,0.968,0.9678192012843508,0.105777105276889,0.7765774479571809,2.9751470444050243,1.5109302401542664,0.014610586687922478
mnist,headwise_adaptive_entmax,8,12,0.0869850367307663,0.9694166666666667,0.9691032562867982,0.10580777047954976,0.7764138744232503,2.9690252263495265,1.511138677597046,0.014246796257793903
mnist,headwise_adaptive_entmax,8,13,0.08356449007987976,0.9686666666666667,0.9681829912718806,0.10050977615916983,0.7674961870021009,2.939398516999914,1.5111297369003296,0.01404399680905044
mnist,headwise_adaptive_entmax,8,14,0.07768300175666809,0.9719166666666667,0.971683158647606,0.0939236900551205,0.762237642673736,2.916447472065053,1.5111050605773926,0.014357899315655231
mnist,headwise_adaptive_entmax,8,15,0.07189437747001648,0.9731666666666666,0.9728936752724028,0.089063019273763,0.7525789522110148,2.8866183757781982,1.510847568511963,0.014604862313717604
mnist,headwise_adaptive_entmax,8,16,0.06840214878320694,0.9740833333333333,0.9738681416603194,0.08522635262380256,0.7497834854937614,2.8866275041661362,1.5111486315727234,0.01466054585762322
mnist,headwise_adaptive_entmax,8,17,0.06428250670433044,0.97375,0.9733902684261713,0.0873258640553723,0.7281616025782646,2.8300807374588985,1.5112349390983582,0.014969311188906431
mnist,headwise_adaptive_entmax,8,18,0.05860978737473488,0.9723333333333334,0.9718716530634521,0.09619894203670482,0.7485320022765626,2.8946187952731517,1.510544240474701,0.014608552446588874
mnist,headwise_adaptive_entmax,8,19,0.05692516267299652,0.97525,0.974981249864688,0.08342953787205067,0.7333929741636236,2.8642831406694778,1.5109041333198547,0.014030771795660257
mnist,headwise_adaptive_entmax,8,20,0.05697887763381004,0.9724166666666667,0.9721992827610245,0.0945339709361817,0.734445368989985,2.863906294741529,1.5105035901069641,0.014593562809750438
mnist,headwise_adaptive_entmax,8,21,0.05206674709916115,0.9735833333333334,0.9733499604250794,0.08497639234237214,0.7441445557360954,2.9051256408082677,1.5100414752960205,0.014656810089945793
mnist,headwise_adaptive_entmax,8,22,0.047597382217645645,0.97675,0.9765217561956465,0.07701268570220217,0.7168844082254044,2.83052038385513,1.510291576385498,0.01466505671851337
mnist,headwise_adaptive_entmax,8,23,0.04550239071249962,0.9770833333333333,0.9768806302268974,0.07970493310626517,0.7147828112257287,2.8169524162373643,1.5096222758293152,0.014588219346478581
mnist,headwise_adaptive_entmax,8,24,0.04208967089653015,0.97875,0.9784390163721193,0.07810261017306054,0.7080449601437183,2.8128133809312863,1.510115385055542,0.014329756028018892
mnist,headwise_adaptive_entmax,8,25,0.044056933373212814,0.9761666666666666,0.9759638339558141,0.08148920369592119,0.7154474296468369,2.824509082956517,1.5098053216934204,0.014864481054246426
mnist,headwise_adaptive_entmax,8,26,0.04153147339820862,0.9773333333333334,0.9770930793824342,0.08003710097375702,0.7175511800228281,2.8386347192399044,1.5092735290527344,0.0138952168636024
mnist,headwise_adaptive_entmax,8,27,0.03912729397416115,0.978,0.9778196637752888,0.08046525415587932,0.7081478834152222,2.798548462543082,1.5091297030448914,0.01439028384629637
mnist,headwise_adaptive_entmax,8,28,0.03925745561718941,0.9770833333333333,0.9767946983277864,0.08019632739114001,0.7097202938921908,2.810263973601321,1.5085890889167786,0.014281568699516356
mnist,headwise_adaptive_entmax,8,29,0.03728674352169037,0.9768333333333333,0.9765905776569644,0.07926399447023869,0.6964106756321927,2.785018487179533,1.5082006454467773,0.015462599229067564
mnist,headwise_adaptive_entmax,9,0,1.2545706033706665,0.8013333333333333,0.7963565508078052,0.5766129563463495,0.726568857406048,3.0776393464271057,1.5050967931747437,0.004548407741822302
mnist,headwise_adaptive_entmax,9,1,0.45036110281944275,0.9066666666666666,0.9065428337166347,0.299382635570587,0.7546871101602595,3.125630150450037,1.5051683187484741,0.007551514310762286
mnist,headwise_adaptive_entmax,9,2,0.2824709117412567,0.9405833333333333,0.9405577545292454,0.19292016485904126,0.7761299800365529,3.1520473272242446,1.5060343742370605,0.009250769391655922
mnist,headwise_adaptive_entmax,9,3,0.20728814601898193,0.9373333333333334,0.9376382913368861,0.19923916379822063,0.787025752219748,3.1679242849349976,1.5062844157218933,0.009912108536809683
mnist,headwise_adaptive_entmax,9,4,0.16077318787574768,0.9621666666666666,0.9622345367126461,0.12271721993989133,0.7670738107346474,3.122130272236276,1.5066519379615784,0.010063080117106438
mnist,headwise_adaptive_entmax,9,5,0.1363997608423233,0.95975,0.9596355669066561,0.1294229878707135,0.77843325062001,3.1323194579875215,1.5068435072898865,0.01027919352054596
mnist,headwise_adaptive_entmax,9,6,0.12330179661512375,0.9664166666666667,0.9664274575888164,0.10702051016244482,0.786901740951741,3.1481070873585155,1.5066499710083008,0.009918613824993372
mnist,headwise_adaptive_entmax,9,7,0.10620569437742233,0.9708333333333333,0.9708635775290153,0.09595998297346399,0.7905878583167462,3.148141442461217,1.5068274140357971,0.010024902876466513
mnist,headwise_adaptive_entmax,9,8,0.10072188079357147,0.9681666666666666,0.9682386540913577,0.10444149739564733,0.7897059815995237,3.1417334003651396,1.506377100944519,0.010725509840995073
mnist,headwise_adaptive_entmax,9,9,0.08841273188591003,0.9696666666666667,0.9696612452662912,0.09873451062656463,0.7823691406148545,3.120562309914447,1.5065189599990845,0.010550401173532009
mnist,headwise_adaptive_entmax,9,10,0.0798630490899086,0.9708333333333333,0.9709181960280227,0.09394827952727358,0.7829041087881048,3.118014614632789,1.5070136189460754,0.01086466433480382
mnist,headwise_adaptive_entmax,9,11,0.07866856455802917,0.9725833333333334,0.9725718401362755,0.08811197398190802,0.7915675044059753,3.126790191264863,1.5072596669197083,0.011407110840082169
mnist,headwise_adaptive_entmax,9,12,0.07359059154987335,0.97075,0.9706800554597927,0.09530397235079015,0.7838440664271091,3.1081649699109666,1.5073599815368652,0.012100059539079666
mnist,headwise_adaptive_entmax,9,13,0.06650770455598831,0.9741666666666666,0.974186577264103,0.08257756338633121,0.7744468552000979,3.080191285052198,1.506949782371521,0.012388391885906458
mnist,headwise_adaptive_entmax,9,14,0.06345149129629135,0.9698333333333333,0.969819540194875,0.1032526674581335,0.7875224789406391,3.125471845586249,1.506064534187317,0.012223228346556425
mnist,headwise_adaptive_entmax,9,15,0.059778761118650436,0.9754166666666667,0.9754143341150708,0.08370201880151922,0.7973557425306198,3.125963233886881,1.5060955286026,0.012956371530890465
mnist,headwise_adaptive_entmax,9,16,0.05598240718245506,0.9744166666666667,0.9744375749651727,0.08521592910302446,0.784578263759613,3.107312377462996,1.5059282779693604,0.012609285768121481
mnist,headwise_adaptive_entmax,9,17,0.05105138570070267,0.9734166666666667,0.9734942281046589,0.08764024015436782,0.7892156775961531,3.111646921076673,1.5055027604103088,0.013197322841733694
mnist,headwise_adaptive_entmax,9,18,0.05050821974873543,0.9761666666666666,0.9761989478217779,0.0846382210308567,0.7920952534421961,3.112849623598951,1.5054393410682678,0.01364772766828537
mnist,headwise_adaptive_entmax,9,19,0.04466098174452782,0.9779166666666667,0.9779160282689702,0.0781472292827799,0.7836125879845721,3.086627336258584,1.5051742196083069,0.013793973252177238
mnist,headwise_adaptive_entmax,9,20,0.04183351993560791,0.9770833333333333,0.9770794165146427,0.08090875258154058,0.7792569925176337,3.077560807796235,1.5044427514076233,0.014686633832752705
mnist,headwise_adaptive_entmax,9,21,0.043406277894973755,0.97825,0.9783078430650368,0.07586304185555336,0.7786307100285875,3.0737669696199132,1.504022479057312,0.014547471422702074
mnist,headwise_adaptive_entmax,9,22,0.038987185806035995,0.9768333333333333,0.9768301097701327,0.07959726306193686,0.763645905763545,3.048486222612097,1.5032536387443542,0.015175649896264076
mnist,headwise_adaptive_entmax,9,23,0.03971965238451958,0.9785,0.9785228420260441,0.07561608800228606,0.7786826954243031,3.0880607873835464,1.502848505973816,0.014799897093325853
mnist,headwise_adaptive_entmax,9,24,0.038506507873535156,0.9778333333333333,0.9778637946198099,0.07689222534920306,0.7753820045197264,3.0748262278577116,1.5023429989814758,0.014184970874339342
mnist,headwise_adaptive_entmax,9,25,0.03448721393942833,0.9775,0.9775302953014243,0.07953627530406131,0.7777882770020911,3.0751995380888593,1.501826524734497,0.015174045227468014
mnist,headwise_adaptive_entmax,9,26,0.03523366525769234,0.9759166666666667,0.9759119880476286,0.08302095025143724,0.7871876752122919,3.097993381479953,1.500888705253601,0.015380800236016512
mnist,headwise_adaptive_entmax,9,27,0.03279242664575577,0.9766666666666667,0.9766351032233466,0.08787614214134977,0.7826403550645138,3.0893077698159725,1.499933660030365,0.015134049579501152
mnist,headwise_adaptive_entmax,9,28,0.02990311197936535,0.9791666666666666,0.9791880124324566,0.07363708689808846,0.7825811048771473,3.090787484290752,1.498299241065979,0.015018818899989128
mnist,headwise_adaptive_entmax,9,29,0.03385169431567192,0.9805,0.9805253806189722,0.07048892435875345,0.7839045182187506,3.0964158316876027,1.4974684119224548,0.01557106338441372
fashion_mnist,softmax,0,0,1.2158193588256836,0.7365,0.7210339737168602,0.7051271149452697,0.9999999911227124,3.773628792864211,nan,nan
fashion_mnist,softmax,0,1,0.6471058130264282,0.8004166666666667,0.7962019269489844,0.5413240815730805,0.9999998719134229,3.7394723334210984,nan,nan
fashion_mnist,softmax,0,2,0.543414294719696,0.8068333333333333,0.8013345111974164,0.5330709593093141,1.0,3.7162812288771283,nan,nan
fashion_mnist,softmax,0,3,0.49562782049179077,0.823,0.8208811618829797,0.4715611757116115,1.0,3.6829636654955276,nan,nan
fashion_mnist,softmax,0,4,0.4651946425437927,0.83925,0.8352897084350449,0.4344084345279856,1.0,3.6788275241851807,nan,nan
fashion_mnist,softmax,0,5,0.4413861036300659,0.8490833333333333,0.8443345767506614,0.41906705498695374,1.0,3.648546508018007,nan,nan
fashion_mnist,softmax,0,6,0.4147704839706421,0.8584166666666667,0.8562414137233627,0.39030381783525997,0.9999999778067812,3.624425543115494,nan,nan
fashion_mnist,softmax,0,7,0.3965202867984772,0.8575833333333334,0.8558110039110991,0.3920570909976959,0.9999999384930793,3.6079961010750305,nan,nan
fashion_mnist,softmax,0,8,0.38901486992836,0.8586666666666667,0.8555828272539031,0.3814510252881557,0.9999994679968408,3.582661785977952,nan,nan
fashion_mnist,softmax,0,9,0.37385863065719604,0.8701666666666666,0.8682070481657236,0.35196285044893305,0.9999979353965597,3.5648692110751536,nan,nan
fashion_mnist,softmax,0,10,0.36514565348625183,0.8710833333333333,0.8699643885487083,0.34549635395090633,0.9999955328221016,3.550467475931695,nan,nan
fashion_mnist,softmax,0,11,0.3505841791629791,0.86425,0.861393130670695,0.359282412427537,0.9999885375195361,3.5183042135644467,nan,nan
fashion_mnist,softmax,0,12,0.3427351117134094,0.8769166666666667,0.87530238786669,0.327479416702656,0.9999923243167552,3.5184402034637774,nan,nan
fashion_mnist,softmax,0,13,0.33734962344169617,0.8776666666666667,0.8758297922037597,0.3281942254051249,0.9999659422864305,3.488029304971086,nan,nan
fashion_mnist,softmax,0,14,0.33112379908561707,0.8819166666666667,0.8808732393237892,0.31628109673236277,0.9999373028887079,3.4877021490259374,nan,nan
fashion_mnist,softmax,0,15,0.3202599585056305,0.8825,0.8809661173165295,0.31608996397637307,0.9999141103409707,3.4680190086364746,nan,nan
fashion_mnist,softmax,0,16,0.31566372513771057,0.8771666666666667,0.8760946940193556,0.3216743034885285,0.9997952022451035,3.440890644459014,nan,nan
fashion_mnist,softmax,0,17,0.31075146794319153,0.8809166666666667,0.8786081668779314,0.3160577869795738,0.9998683124146563,3.445836625200637,nan,nan
fashion_mnist,softmax,0,18,0.3053140640258789,0.8726666666666667,0.8711796519470141,0.34092421354131497,0.999854085293222,3.4555743247904678,nan,nan
fashion_mnist,softmax,0,19,0.2983187437057495,0.8820833333333333,0.8798889889241309,0.30941512483231565,0.9997387490373977,3.4336204934627452,nan,nan
fashion_mnist,softmax,0,20,0.2944623529911041,0.8848333333333334,0.8848266092301333,0.30614061431681855,0.9998135154551648,3.4381502841381315,nan,nan
fashion_mnist,softmax,0,21,0.286641389131546,0.8886666666666667,0.8885908281767231,0.3033071715146937,0.9997713882872399,3.4326110038351505,nan,nan
fashion_mnist,softmax,0,22,0.2857096195220947,0.8896666666666667,0.8876024312949633,0.28886223219810647,0.9998539261361385,3.4382294391063932,nan,nan
fashion_mnist,softmax,0,23,0.2792567014694214,0.8888333333333334,0.8882521368646115,0.29575726992272316,0.9997352710429658,3.4323010571459505,nan,nan
fashion_mnist,softmax,0,24,0.27630355954170227,0.8873333333333333,0.887115589229032,0.3049722944802426,0.999829148992579,3.4355708030944174,nan,nan
fashion_mnist,softmax,0,25,0.26930055022239685,0.89325,0.8927529772841887,0.2901579515731081,0.9996147092352522,3.436026568108417,nan,nan
fashion_mnist,softmax,0,26,0.26444631814956665,0.8895833333333333,0.8883981117666615,0.29882872675327543,0.9996325056603614,3.4267971515655518,nan,nan
fashion_mnist,softmax,0,27,0.26379621028900146,0.8935,0.8933459643454345,0.29523228806384066,0.9996724350655333,3.4301243462461106,nan,nan
fashion_mnist,softmax,0,28,0.25725001096725464,0.8925,0.8909843190489395,0.2912446599691472,0.9997708214090225,3.437553489461858,nan,nan
fashion_mnist,softmax,0,29,0.2508507966995239,0.8928333333333334,0.8924154559927713,0.2887182936389395,0.9995730335408068,3.4177720673540803,nan,nan
fashion_mnist,softmax,1,0,1.3039517402648926,0.726,0.7065775025487098,0.7249510782830259,0.9999991059303284,3.7103060864387674,nan,nan
fashion_mnist,softmax,1,1,0.6379156112670898,0.7924166666666667,0.7917155789400347,0.5628940057247243,0.9999993437148155,3.7049533128738403,nan,nan
fashion_mnist,softmax,1,2,0.533376932144165,0.8224166666666667,0.8210592647512271,0.479839432746806,0.9999878267024426,3.6774165883977363,nan,nan
fashion_mnist,softmax,1,3,0.4793325662612915,0.8296666666666667,0.8269621256646387,0.45508178751519385,0.9999981750833228,3.6618928630301295,nan,nan
fashion_mnist,softmax,1,4,0.4503873288631439,0.8383333333333334,0.8355809223769931,0.44004829576674925,0.9999997641177888,3.651155563111001,nan,nan
fashion_mnist,softmax,1,5,0.42405614256858826,0.8505833333333334,0.8477042252357435,0.40809205745128874,0.9999984591565234,3.6349288504174413,nan,nan
fashion_mnist,softmax,1,6,0.406544029712677,0.8569166666666667,0.852513436974899,0.3970649990629643,0.9999941118220066,3.618506038442571,nan,nan
fashion_mnist,softmax,1,7,0.38845282793045044,0.8523333333333334,0.8512312088998808,0.4097077409003643,0.9999875470678857,3.6072885990142822,nan,nan
fashion_mnist,softmax,1,8,0.3787800669670105,0.8603333333333333,0.8599289463233992,0.38628688771673975,0.9999651002123001,3.6063608869593193,nan,nan
fashion_mnist,softmax,1,9,0.3656995892524719,0.86625,0.8650642200818692,0.36426580903377936,0.9999406217260564,3.5927496996331723,nan,nan
fashion_mnist,softmax,1,10,0.35310959815979004,0.8658333333333333,0.8656131562031391,0.36037636373905424,0.9998980354755482,3.584861894871326,nan,nan
fashion_mnist,softmax,1,11,0.3482583165168762,0.8710833333333333,0.870551682606626,0.35309781609697544,0.9997744522196181,3.5709533031950604,nan,nan
fashion_mnist,softmax,1,12,0.3361368775367737,0.8721666666666666,0.8691220570602549,0.36021484593127634,0.9998304038605792,3.580418754131236,nan,nan
fashion_mnist,softmax,1,13,0.32930323481559753,0.8783333333333333,0.8770260517396077,0.33777614540242135,0.9996966237717486,3.5794956887021976,nan,nan
fashion_mnist,softmax,1,14,0.32439687848091125,0.8750833333333333,0.873003635663521,0.3354029135501131,0.9997620994740344,3.5795055323458733,nan,nan
fashion_mnist,softmax,1,15,0.317364364862442,0.8803333333333333,0.879155320029156,0.3299932622529091,0.9995502074982258,3.555792587868711,nan,nan
fashion_mnist,softmax,1,16,0.3091711103916168,0.8734166666666666,0.8733727268319894,0.338816836793372,0.9992466619674195,3.559593439102173,nan,nan
fashion_mnist,softmax,1,17,0.3044179081916809,0.87725,0.8762250549228039,0.3229471394356261,0.9995612083597386,3.572151247491228,nan,nan
fashion_mnist,softmax,1,18,0.29644477367401123,0.88,0.8788384148150484,0.32178743722590997,0.9997466320687152,3.565038982858049,nan,nan
fashion_mnist,softmax,1,19,0.29645973443984985,0.8794166666666666,0.8793587393070645,0.3177144892038183,0.9991549494418692,3.5442630534476423,nan,nan
fashion_mnist,softmax,1,20,0.28872963786125183,0.8791666666666667,0.8765940385739104,0.33178717278419656,0.999522882573148,3.5387699375761317,nan,nan
fashion_mnist,softmax,2,0,1.2488555908203125,0.7291666666666666,0.7225715873308536,0.7622859249723718,0.999974455605162,3.7937385731555047,nan,nan
fashion_mnist,softmax,2,1,0.6390208005905151,0.79975,0.7960331712117832,0.5536596001462734,0.999995342594512,3.7593044879588673,nan,nan
fashion_mnist,softmax,2,2,0.5287333726882935,0.8200833333333334,0.8152491921744236,0.5039345958131425,0.9999883707533491,3.727936625480652,nan,nan
fashion_mnist,softmax,2,3,0.48057153820991516,0.8280833333333333,0.8216705394816252,0.4631342539127837,0.999994473254427,3.722221186820497,nan,nan
fashion_mnist,softmax,2,4,0.4573235809803009,0.84225,0.8410010182836917,0.4459980802333101,0.9999843759739653,3.6984229975558343,nan,nan
fashion_mnist,softmax,2,5,0.43570172786712646,0.8469166666666667,0.8447613323090575,0.4184010586840041,0.9999846010766131,3.685693621635437,nan,nan
fashion_mnist,softmax,2,6,0.4109242558479309,0.8483333333333334,0.8467137830745965,0.4162508401464909,0.9999955214084463,3.667097992085396,nan,nan
fashion_mnist,softmax,2,7,0.3919151723384857,0.86025,0.8593041548058397,0.3802815314303053,0.9999979252510882,3.6571792135847376,nan,nan
fashion_mnist,softmax,2,8,0.37732475996017456,0.8641666666666666,0.8651368909821906,0.368923101653444,0.9999939253989686,3.626842163978739,nan,nan
fashion_mnist,softmax,2,9,0.3611295521259308,0.8639166666666667,0.8656869616011008,0.37057012065928036,0.9999989049231752,3.619791213502275,nan,nan
fashion_mnist,softmax,2,10,0.3533928096294403,0.8666666666666667,0.8665782778805715,0.3563386474518066,0.9999959449818794,3.594802587590319,nan,nan
fashion_mnist,softmax,2,11,0.3482885956764221,0.8748333333333334,0.8749794577349362,0.3446343132156007,0.9999979360306517,3.5724809550224466,nan,nan
fashion_mnist,softmax,2,12,0.3380841612815857,0.8729166666666667,0.8722707625233082,0.33965563964336476,0.9999979461761231,3.542389806280745,nan,nan
fashion_mnist,softmax,2,13,0.32939115166664124,0.87275,0.8727903024449375,0.33908676530452486,0.9999938359920014,3.552521756354799,nan,nan
fashion_mnist,softmax,2,14,0.32147133350372314,0.8753333333333333,0.8755581659581166,0.34160961686296665,0.9999964579622797,3.5243722834485642,nan,nan
fashion_mnist,softmax,2,15,0.31469544768333435,0.88,0.8803477191054766,0.3284019070102813,0.9999976050346455,3.5452569647038237,nan,nan
fashion_mnist,softmax,2,16,0.31095030903816223,0.8796666666666667,0.8802504089318042,0.3287544145863107,0.9999932012659438,3.5159562826156616,nan,nan
fashion_mnist,softmax,2,17,0.3065766394138336,0.8781666666666667,0.8790029427744758,0.3347837119660479,0.9999948860482967,3.5176582285698426,nan,nan
fashion_mnist,softmax,2,18,0.30075395107269287,0.8775833333333334,0.8770697816778519,0.33644422571709814,0.9999910776919507,3.5217946463442864,nan,nan
fashion_mnist,softmax,2,19,0.29313230514526367,0.8815833333333334,0.8807787582937777,0.3246812167319846,0.9999958346498773,3.520005885590898,nan,nan
fashion_mnist,softmax,2,20,0.28827178478240967,0.8860833333333333,0.8853547005402159,0.3094343898144174,0.9999921524778326,3.505258248207417,nan,nan
fashion_mnist,softmax,2,21,0.2805320918560028,0.8863333333333333,0.8861770790622188,0.31751425342356904,0.9999948873164806,3.52238170897707,nan,nan
fashion_mnist,softmax,2,22,0.2788032293319702,0.8858333333333334,0.8872347264966012,0.3216441676337668,0.999993697759953,3.4818851541965565,nan,nan
fashion_mnist,softmax,2,23,0.27509835362434387,0.8891666666666667,0.889340287621672,0.309997947292125,0.9999914010788532,3.459635153729865,nan,nan
fashion_mnist,softmax,2,24,0.2704309821128845,0.8855833333333333,0.8852217970282853,0.31416983046430225,0.9999958752317631,3.4760822311360786,nan,nan
fashion_mnist,softmax,2,25,0.26736676692962646,0.8850833333333333,0.8843170085393405,0.31823543918893693,0.9999959468841553,3.501859647162417,nan,nan
fashion_mnist,softmax,2,26,0.26176634430885315,0.8901666666666667,0.8899553843196213,0.30859804819238945,0.9999891367364437,3.447904416855345,nan,nan
fashion_mnist,softmax,2,27,0.2580397427082062,0.88575,0.8851748765445435,0.3137314110360247,0.9999894347596676,3.461383172806273,nan,nan
fashion_mnist,softmax,2,28,0.2521006464958191,0.8879166666666667,0.8863330910154483,0.31536947634625945,0.9999872167059716,3.4674777046163032,nan,nan
fashion_mnist,softmax,2,29,0.24617622792720795,0.8860833333333333,0.8854965330073394,0.32432069201418695,0.9999926033172202,3.4555794660081256,nan,nan
fashion_mnist,softmax,3,0,1.300876498222351,0.7300833333333333,0.7236075349401163,0.7522448453497379,1.0,3.7811645421575992,nan,nan
fashion_mnist,softmax,3,1,0.6627354621887207,0.7850833333333334,0.780978312527284,0.5916558719695882,0.9999979157397088,3.743633465563997,nan,nan
fashion_mnist,softmax,3,2,0.54181307554245,0.8199166666666666,0.8172222323752412,0.49447509963461694,0.999999502237807,3.70283527577177,nan,nan
fashion_mnist,softmax,3,3,0.4904997646808624,0.8178333333333333,0.8163403476567688,0.4822197936950846,0.9999982327856916,3.679307387230244,nan,nan
fashion_mnist,softmax,3,4,0.457171767950058,0.8398333333333333,0.8388417026414035,0.4311396511311227,0.9999999689294937,3.672294740981244,nan,nan
fashion_mnist,softmax,3,5,0.4333275854587555,0.8353333333333334,0.8360706864078935,0.4364622324071032,0.9999991160757998,3.652975858526027,nan,nan
fashion_mnist,softmax,3,6,0.416241854429245,0.8396666666666667,0.8390500695963701,0.4233318529230483,0.9999973063773298,3.640904578756779,nan,nan
fashion_mnist,softmax,3,7,0.39799031615257263,0.8563333333333333,0.8553399779860122,0.4001451756091828,0.9999997647518807,3.636258673160634,nan,nan
fashion_mnist,softmax,3,8,0.3866621255874634,0.8628333333333333,0.8617985756096422,0.3740838309551807,0.9999999778067812,3.621529000870725,nan,nan
fashion_mnist,softmax,3,9,0.3735505938529968,0.8650833333333333,0.8647526784110842,0.36694551211722354,0.9999996005220616,3.6017720978310765,nan,nan
fashion_mnist,softmax,3,10,0.3593575656414032,0.8629166666666667,0.8618227758081446,0.3748664824252433,0.9999980324126304,3.5890070123875395,nan,nan
fashion_mnist,softmax,3,11,0.3563879728317261,0.8565,0.8566017472456264,0.37794962208321753,0.9999943407292061,3.556601661316892,nan,nan
fashion_mnist,softmax,3,12,0.345310240983963,0.8641666666666666,0.8648476079287658,0.3638126621855066,0.9999903307316151,3.545841934833121,nan,nan
fashion_mnist,softmax,3,13,0.33840224146842957,0.8724166666666666,0.8709285952809539,0.35251867644330287,0.9999848845157218,3.5386450620407754,nan,nan
fashion_mnist,softmax,3,14,0.3295358717441559,0.8753333333333333,0.874074881038787,0.34019066108034013,0.9999855528486535,3.5315898682208773,nan,nan
fashion_mnist,softmax,3,15,0.3252175450325012,0.8736666666666667,0.8715698542735577,0.342019111869183,0.9999735342695358,3.5113650636470064,nan,nan
fashion_mnist,softmax,3,16,0.31837961077690125,0.87075,0.8693206201970772,0.3521257695999551,0.999968188240173,3.495735150702456,nan,nan
fashion_mnist,softmax,3,17,0.3165243864059448,0.8749166666666667,0.874474089464855,0.33848494766874515,0.9999686980501135,3.5073588477804307,nan,nan
fashion_mnist,softmax,3,18,0.3112412691116333,0.8738333333333334,0.8724285339069766,0.3468663023507341,0.9999451339244843,3.476328783846916,nan,nan
fashion_mnist,softmax,3,19,0.3028081953525543,0.8760833333333333,0.8765505881351894,0.3376485378818309,0.9999512167687111,3.4878687782490507,nan,nan
fashion_mnist,softmax,3,20,0.2982124984264374,0.8751666666666666,0.8743186583165594,0.34925902492188393,0.9999388132957702,3.4557004634370196,nan,nan
fashion_mnist,softmax,3,21,0.29634153842926025,0.8778333333333334,0.87441253411095,0.3391988626185884,0.999909870167996,3.4592886351524514,nan,nan
fashion_mnist,softmax,3,22,0.28669872879981995,0.8764166666666666,0.8757606704820452,0.34554614792478844,0.9999272398492123,3.454380710074242,nan,nan
fashion_mnist,softmax,3,23,0.28700122237205505,0.8804166666666666,0.8788954824193531,0.33408537443647995,0.9998819460260108,3.445026646269129,nan,nan
fashion_mnist,softmax,3,24,0.28091588616371155,0.8765,0.8770112696744559,0.33532841408506353,0.9998245740190466,3.4441603269982846,nan,nan
fashion_mnist,softmax,3,25,0.2778710722923279,0.8766666666666667,0.8758029801333777,0.3304308941389652,0.9998079760277525,3.4322841091358915,nan,nan
fashion_mnist,softmax,3,26,0.2728869318962097,0.8785833333333334,0.8773547420368569,0.33405394566820024,0.9998352077413113,3.442296469465215,nan,nan
fashion_mnist,softmax,3,27,0.27028968930244446,0.8793333333333333,0.8789318033664818,0.33602110565976895,0.999801091691281,3.4311304320680334,nan,nan
fashion_mnist,softmax,3,28,0.26564642786979675,0.8825833333333334,0.8808726002107505,0.3215455301898591,0.999811496506346,3.4346890982161176,nan,nan
fashion_mnist,softmax,3,29,0.26155078411102295,0.8855,0.8838615642446428,0.31893717862190085,0.9998236799493749,3.4370987516768436,nan,nan
fashion_mnist,softmax,4,0,1.2345280647277832,0.7388333333333333,0.7350455989909881,0.7124007585200858,0.9999922672484783,3.8132890868694225,nan,nan
fashion_mnist,softmax,4,1,0.6376580595970154,0.8044166666666667,0.8002756749331958,0.540509690629675,0.9999997362177423,3.7477583276464586,nan,nan
fashion_mnist,softmax,4,2,0.5311487913131714,0.81875,0.8158516451274587,0.4876240808913048,1.0,3.7426292667997645,nan,nan
fashion_mnist,softmax,4,3,0.4873158633708954,0.8251666666666667,0.8203715811036746,0.48075743495149814,1.0,3.7258283508584853,nan,nan
fashion_mnist,softmax,4,4,0.45854347944259644,0.8364166666666667,0.8340971051442574,0.4467322509339515,1.0,3.703924595041478,nan,nan
fashion_mnist,softmax,4,5,0.4351341724395752,0.8445833333333334,0.8419875034808101,0.4204023524801782,1.0,3.6722864445219647,nan,nan
fashion_mnist,softmax,4,6,0.4162399172782898,0.8480833333333333,0.8453701180164144,0.4122862714402219,1.0,3.69725590563835,nan,nan
fashion_mnist,softmax,4,7,0.4027591645717621,0.84925,0.8447873899852277,0.40298595136784493,1.0,3.658758023951916,nan,nan
fashion_mnist,softmax,4,8,0.3903403878211975,0.85825,0.8550124622262189,0.3827492169877316,1.0,3.6528613186897116,nan,nan
fashion_mnist,softmax,4,9,0.37680482864379883,0.8539166666666667,0.8523535540711522,0.39523661073218,1.0,3.6469233670133225,nan,nan
fashion_mnist,softmax,4,10,0.3670234978199005,0.8576666666666667,0.855863508739913,0.38614537360820367,1.0,3.6439407277614513,nan,nan
fashion_mnist,softmax,4,11,0.36003708839416504,0.866,0.8635388257312211,0.36124263418481706,1.0,3.6219700777784305,nan,nan
fashion_mnist,softmax,4,12,0.3499409854412079,0.8659166666666667,0.8656551629672744,0.3591792196669477,0.9999997165608914,3.6044341325759888,nan,nan
fashion_mnist,softmax,4,13,0.3427293002605438,0.8663333333333333,0.8627546055816897,0.3655622037167245,0.9999999378589873,3.605661838612658,nan,nan
fashion_mnist,softmax,4,14,0.33327463269233704,0.8680833333333333,0.8669715815580681,0.3567440059590847,0.9999997679223406,3.6003192561738033,nan,nan
fashion_mnist,softmax,4,15,0.3259182870388031,0.8711666666666666,0.8699520213606773,0.3399498608518154,0.9999988256616795,3.5956729523679045,nan,nan
fashion_mnist,softmax,4,16,0.3241245746612549,0.872,0.8707635963532597,0.34219399633559777,0.9999991693395249,3.58455978809519,nan,nan
fashion_mnist,softmax,4,17,0.31805428862571716,0.87625,0.8751054205472876,0.3352583538978658,0.9999984515474197,3.5802837787790502,nan,nan
fashion_mnist,softmax,4,18,0.31132444739341736,0.879,0.8774812326809791,0.32789083269048247,0.9999977394621423,3.574578543926807,nan,nan
fashion_mnist,softmax,4,19,0.31006795167922974,0.8785,0.8772467535530858,0.3293101990476568,0.999994602609188,3.5759353206512774,nan,nan
fashion_mnist,softmax,4,20,0.3011065125465393,0.8761666666666666,0.8755062938590527,0.3325422650322001,0.9999940927992476,3.573517307322076,nan,nan
fashion_mnist,softmax,4,21,0.2982845902442932,0.8748333333333334,0.8735038528676682,0.331390104078232,0.9999938765738873,3.555608333425319,nan,nan
fashion_mnist,softmax,4,22,0.29121923446655273,0.879,0.8772481011471388,0.3285002388218616,0.999991460049406,3.544555981108483,nan,nan
fashion_mnist,softmax,4,23,0.2911189794540405,0.8778333333333334,0.8762753731764011,0.3277261970525092,0.999986341024967,3.5354380328604518,nan,nan
fashion_mnist,softmax,5,0,1.1933921575546265,0.7421666666666666,0.7440278826965134,0.6925471260192546,0.9999997248040869,3.7187167203172726,nan,nan
fashion_mnist,softmax,5,1,0.6256037354469299,0.79125,0.787196637433981,0.5622933576715753,1.0,3.716102564588506,nan,nan
fashion_mnist,softmax,5,2,0.5402327179908752,0.8155,0.8128878057977499,0.5013347065195124,1.0,3.6920438776624964,nan,nan
fashion_mnist,softmax,5,3,0.4813074469566345,0.8323333333333334,0.8324284862721383,0.4560164923363544,1.0,3.6799943700749824,nan,nan
fashion_mnist,softmax,5,4,0.44990164041519165,0.843,0.8405509654679495,0.4224444253647581,1.0,3.647873229168831,nan,nan
fashion_mnist,softmax,5,5,0.42060619592666626,0.8489166666666667,0.8447353673547797,0.40464915937565743,0.9999992765010671,3.6376092915839338,nan,nan
fashion_mnist,softmax,5,6,0.4017254710197449,0.8458333333333333,0.8468144877724418,0.40865918867131495,0.9999945525159227,3.61931168525777,nan,nan
fashion_mnist,softmax,5,7,0.3848409652709961,0.8529166666666667,0.8510850764040946,0.3959219956651647,0.9999835814567323,3.612903704034521,nan,nan
fashion_mnist,softmax,5,8,0.3724610507488251,0.859,0.8588998723386012,0.3734016367729674,0.9999812441937467,3.6007950787848615,nan,nan
fashion_mnist,softmax,5,9,0.3630485534667969,0.85625,0.853291296565527,0.3865928504061192,0.9999493671224472,3.575231521687609,nan,nan
fashion_mnist,softmax,5,10,0.35592421889305115,0.8635833333333334,0.8632374296654728,0.3666146606840986,0.9999726535157955,3.5597372765236712,nan,nan
fashion_mnist,softmax,5,11,0.3427145779132843,0.8666666666666667,0.8674902432831914,0.35003119326652365,0.9999015210790837,3.567507195979991,nan,nan
fashion_mnist,softmax,5,12,0.3373079299926758,0.866,0.865214424231327,0.3626327438557402,0.9999224302616525,3.5525626299229076,nan,nan
fashion_mnist,softmax,5,13,0.3303026258945465,0.8714166666666666,0.8693129719116867,0.3519790312077137,0.9998878094744175,3.544036307233445,nan,nan
fashion_mnist,softmax,5,14,0.3268382251262665,0.87425,0.8722158361625422,0.3374665297092275,0.9999550295637009,3.53015414451031,nan,nan
fashion_mnist,softmax,5,15,0.31355586647987366,0.8745,0.871670263959837,0.33100464940071106,0.9999224194820892,3.5253028159445905,nan,nan
fashion_mnist,softmax,5,16,0.30840036273002625,0.8773333333333333,0.8766549494425604,0.32955870476174864,0.9999365882670626,3.530799239239794,nan,nan
fashion_mnist,softmax,5,17,0.3070065677165985,0.8783333333333333,0.8784466967586129,0.3265719600814454,0.9999065044078421,3.512646218563648,nan,nan
fashion_mnist,softmax,5,18,0.30320316553115845,0.8803333333333333,0.8800077008236105,0.329830232452839,0.9999053097785787,3.504381093573063,nan,nan
fashion_mnist,softmax,5,19,0.29341110587120056,0.8828333333333334,0.8806073107250822,0.3214456296347557,0.9998930331240309,3.500589908437526,nan,nan
fashion_mnist,softmax,5,20,0.2911461293697357,0.88,0.8797305185031459,0.3225943389091086,0.9999258137763815,3.481128121944184,nan,nan
fashion_mnist,softmax,5,21,0.28645145893096924,0.8820833333333333,0.8817408488337358,0.3204801250645455,0.9998706756754124,3.489592098175211,nan,nan
fashion_mnist,softmax,5,22,0.281218945980072,0.8825,0.8822277272494281,0.32445616290924395,0.9997969491684691,3.484508362222225,nan,nan
fashion_mnist,softmax,5,23,0.27754712104797363,0.88025,0.87974065979214,0.31558765629504587,0.9998156891224232,3.466465823193814,nan,nan
fashion_mnist,softmax,5,24,0.2769555449485779,0.882,0.8803151013202924,0.31790404116853754,0.9998266563770619,3.469572650625351,nan,nan
fashion_mnist,softmax,6,0,1.246893048286438,0.7228333333333333,0.7181971480251967,0.776534804638396,0.9999999644908499,3.6608132859493825,nan,nan
fashion_mnist,softmax,6,1,0.6298843026161194,0.7885833333333333,0.7786938160708582,0.5833887648075184,0.9999997438268459,3.6769023930772824,nan,nan
fashion_mnist,softmax,6,2,0.5317737460136414,0.8156666666666667,0.8137174016716244,0.5120497143014948,1.0,3.666679803361284,nan,nan
fashion_mnist,softmax,6,3,0.48821714520454407,0.8275833333333333,0.8255651635299847,0.48015510338418027,1.0,3.6596754662534026,nan,nan
fashion_mnist,softmax,6,4,0.4584006369113922,0.8395,0.8372910718248351,0.4383441514157234,1.0,3.664034001370694,nan,nan
fashion_mnist,softmax,6,5,0.4301910698413849,0.8408333333333333,0.8382414011047965,0.4413135863365011,1.0,3.6460397776137006,nan,nan
fashion_mnist,softmax,6,6,0.4104767441749573,0.8409166666666666,0.8427278169102296,0.4299397126157233,1.0,3.625766632404733,nan,nan
fashion_mnist,softmax,6,7,0.39209842681884766,0.85225,0.8516423187797832,0.40136864654561305,0.9999998097724103,3.6236225468047123,nan,nan
fashion_mnist,softmax,6,8,0.38064903020858765,0.8620833333333333,0.8616339269259325,0.38421788431228476,0.9999977115620958,3.599740406300159,nan,nan
fashion_mnist,softmax,6,9,0.3630055785179138,0.86325,0.8630785697569101,0.37295644143794443,0.9999935500165249,3.590651326991142,nan,nan
fashion_mnist,softmax,6,10,0.35268616676330566,0.86875,0.8678813394856295,0.35992057653183634,0.9999908291279002,3.5866765899861113,nan,nan
fashion_mnist,softmax,6,11,0.3487825095653534,0.8745833333333334,0.8743616640380557,0.3496972588782615,0.9999834831724775,3.571313180822007,nan,nan
fashion_mnist,softmax,6,12,0.3383665382862091,0.8633333333333333,0.862470293393938,0.3727871357126439,0.9999901062630593,3.5721949313549284,nan,nan
fashion_mnist,softmax,6,13,0.3277673125267029,0.8720833333333333,0.8729926265765856,0.34909287095069885,0.9999706833920581,3.560926855878627,nan,nan
fashion_mnist,softmax,6,14,0.32364851236343384,0.87375,0.8740074648222192,0.3479239002187201,0.9999649949530338,3.5452462992769607,nan,nan
fashion_mnist,softmax,6,15,0.3148672878742218,0.8775,0.8774707278518095,0.3456341801805699,0.9999483690616933,3.5382128218387034,nan,nan
fashion_mnist,softmax,6,16,0.3161378800868988,0.8766666666666667,0.8748057682832305,0.3408026486001116,0.9999409115060847,3.524362325668335,nan,nan
fashion_mnist,softmax,6,17,0.30582454800605774,0.8755,0.8745889048697553,0.34258888535043025,0.9999338705488976,3.5300684203492834,nan,nan
fashion_mnist,softmax,6,18,0.30065929889678955,0.8795,0.8785235648004537,0.33776357960193715,0.9999145408894153,3.524214356503588,nan,nan
fashion_mnist,softmax,6,19,0.2977021038532257,0.88275,0.8814408893379072,0.3253716144790041,0.9999059248477855,3.5110896546789943,nan,nan
fashion_mnist,softmax,6,20,0.2887698709964752,0.8849166666666667,0.8842007480973775,0.323496365166725,0.9999131344734354,3.5343143001515815,nan,nan
fashion_mnist,softmax,6,21,0.28399181365966797,0.88625,0.8864972196164296,0.3168589409361494,0.9998763064120678,3.5120145386837898,nan,nan
fashion_mnist,softmax,6,22,0.2789194881916046,0.88275,0.8825816308309975,0.3251174317395433,0.9998337106501802,3.5087978839874268,nan,nan
fashion_mnist,softmax,6,23,0.2767398953437805,0.89025,0.8904755770339075,0.3081408812010542,0.999814750032222,3.5024643045790653,nan,nan
fashion_mnist,softmax,6,24,0.26929906010627747,0.88825,0.8882572992854728,0.3169466818266727,0.999782567328595,3.5096380000418805,nan,nan
fashion_mnist,softmax,6,25,0.2719615399837494,0.8876666666666667,0.8877705516406177,0.31434338967850867,0.9997119700655024,3.5005333727978645,nan,nan
fashion_mnist,softmax,6,26,0.2643110454082489,0.8915,0.8908722335611572,0.3110214560589892,0.9996924292533955,3.4834174348952924,nan,nan
fashion_mnist,softmax,6,27,0.2603997588157654,0.8885,0.8888558420936024,0.31591434301214016,0.9995384869423318,3.473546208219325,nan,nan
fashion_mnist,softmax,6,28,0.2571011185646057,0.8868333333333334,0.886902645258934,0.3228978749285353,0.9996006273208781,3.4750386806244546,nan,nan
fashion_mnist,softmax,6,29,0.2512873113155365,0.8910833333333333,0.8901064838322391,0.31593481562239056,0.9996124169927962,3.4619992667056145,nan,nan
fashion_mnist,softmax,7,0,1.2804018259048462,0.7289166666666667,0.7250086309610481,0.7269024848937988,0.9999545609697382,3.7329020195818963,nan,nan
fashion_mnist,softmax,7,1,0.6423370242118835,0.8035833333333333,0.7989951153524693,0.5459515014861492,0.9999899712014706,3.7210179719519108,nan,nan
fashion_mnist,softmax,7,2,0.5413457155227661,0.8135,0.8091219739182218,0.5153373739820846,0.9999999866840688,3.7004793730187924,nan,nan
fashion_mnist,softmax,7,3,0.49239736795425415,0.8340833333333333,0.831566419749968,0.4530250759834939,0.9999951504646464,3.6715322022742414,nan,nan
fashion_mnist,softmax,7,4,0.46140390634536743,0.8425,0.8381773011724091,0.42922062949931367,0.9999991972395714,3.6425917681227338,nan,nan
fashion_mnist,softmax,7,5,0.4330298602581024,0.8489166666666667,0.8453433319056648,0.4091220498085022,0.9999995643788195,3.6403706225943058,nan,nan
fashion_mnist,softmax,7,6,0.413071870803833,0.8463333333333334,0.8435593978095703,0.4125144494340775,0.9999999651249419,3.6226352630777563,nan,nan
fashion_mnist,softmax,7,7,0.3979014754295349,0.8398333333333333,0.8394591128699229,0.43129639803095066,0.9999978199918219,3.6125601656893465,nan,nan
fashion_mnist,softmax,7,8,0.38696518540382385,0.8600833333333333,0.8593353681661385,0.3673691622754361,0.9999963672871285,3.6049220612708557,nan,nan
fashion_mnist,softmax,7,9,0.3737589120864868,0.8575833333333334,0.8545443911368942,0.3783043147401607,0.9999989734051076,3.606396418936709,nan,nan
fashion_mnist,softmax,7,10,0.36678025126457214,0.8621666666666666,0.8604937303563744,0.36698118613121355,0.9999998725475149,3.589747078875278,nan,nan
fashion_mnist,softmax,7,11,0.3608008325099945,0.8575833333333334,0.8553466558750138,0.3763038116566678,0.9999999740022294,3.584757855597963,nan,nan
fashion_mnist,softmax,7,12,0.3513794541358948,0.8673333333333333,0.8672302789195327,0.35525978055406127,0.9999999340544355,3.572157801465785,nan,nan
fashion_mnist,softmax,7,13,0.34260520339012146,0.874,0.8744944021569789,0.34644672686749317,0.9999996360312117,3.57246710138118,nan,nan
fashion_mnist,softmax,7,14,0.3376517593860626,0.8719166666666667,0.8700760048984607,0.33800335069920157,0.9999992936215503,3.570264750338615,nan,nan
fashion_mnist,softmax,7,15,0.3325967788696289,0.86825,0.867694151194552,0.35484004401146096,0.9999966836990194,3.5484071310530316,nan,nan
fashion_mnist,softmax,7,16,0.3226456642150879,0.87375,0.8714387919022777,0.34378546286136547,0.99999977743372,3.567265863114215,nan,nan
fashion_mnist,softmax,7,17,0.31522661447525024,0.8749166666666667,0.8741989024461416,0.3381043076515198,0.9999791472516162,3.5431148067433784,nan,nan
fashion_mnist,softmax,7,18,0.31143397092819214,0.8719166666666667,0.8733320895710822,0.3422028197253004,0.9999981535241959,3.5301429667371385,nan,nan
fashion_mnist,softmax,7,19,0.3054867386817932,0.87675,0.8760312412812343,0.3398162805019541,0.9999934942164319,3.522903858347142,nan,nan
fashion_mnist,softmax,7,20,0.301230788230896,0.8761666666666666,0.8761808719244272,0.3306036971985026,0.9999984052587063,3.524020643944436,nan,nan
fashion_mnist,softmax,7,21,0.29439449310302734,0.8805833333333334,0.8807336465500235,0.32240746947045024,0.9999980508012974,3.522064318048193,nan,nan
fashion_mnist,softmax,7,22,0.2918485105037689,0.8810833333333333,0.8810447538422721,0.3190433382987976,0.9999928411017073,3.5031755173459964,nan,nan
fashion_mnist,softmax,7,23,0.287970632314682,0.8816666666666667,0.881848444575206,0.31492387424124046,0.9999985415884789,3.5063231422546064,nan,nan
fashion_mnist,softmax,7,24,0.2831229269504547,0.88225,0.8810766279612066,0.3233128938269108,0.9999960236092831,3.487103226337027,nan,nan
fashion_mnist,softmax,7,25,0.27743226289749146,0.8784166666666666,0.8784135649809055,0.3250492589270815,0.9999960939934913,3.4835987649065383,nan,nan
fashion_mnist,softmax,7,26,0.2780326008796692,0.8836666666666667,0.8828109045682618,0.3187299440515802,0.9999984553519715,3.493647882278929,nan,nan
fashion_mnist,softmax,7,27,0.27190274000167847,0.883,0.8832051400885627,0.31683180497047747,0.9999949938439309,3.471664238483348,nan,nan
fashion_mnist,softmax,7,28,0.26485615968704224,0.8834166666666666,0.8846146109259783,0.3162161432048108,0.9999966234602826,3.4732625383011837,nan,nan
fashion_mnist,softmax,7,29,0.2642361521720886,0.8858333333333334,0.8853929382210293,0.3099363148212433,0.9999934517322703,3.4635714723708784,nan,nan
fashion_mnist,softmax,8,0,1.2479983568191528,0.7165,0.7001770551830427,0.7770965238834949,0.9999999866840688,3.791457916827912,nan,nan
fashion_mnist,softmax,8,1,0.6512827277183533,0.7955,0.7933271118851732,0.5611255879097796,0.9999982378584273,3.6821392419490406,nan,nan
fashion_mnist,softmax,8,2,0.539544403553009,0.8184166666666667,0.8179433725372555,0.493995154157598,0.9999989226777503,3.6568385134352015,nan,nan
fashion_mnist,softmax,8,3,0.49174943566322327,0.8248333333333333,0.8252640507722857,0.4765522258078798,0.9999984731065467,3.6247253189695643,nan,nan
fashion_mnist,softmax,8,4,0.4574064016342163,0.839,0.8402933615118393,0.4364167166517136,0.9999987920548054,3.6032841028051172,nan,nan
fashion_mnist,softmax,8,5,0.43406322598457336,0.8474166666666667,0.8465609614250148,0.41937555975102364,0.999999557403808,3.5873733530653285,nan,nan
fashion_mnist,softmax,8,6,0.4107048511505127,0.8555,0.8565337954442958,0.3906551054183473,0.9999997121222476,3.581110939066461,nan,nan
fashion_mnist,softmax,8,7,0.39278653264045715,0.85025,0.8468231121160136,0.4039242831950492,0.9999991826554562,3.5653317989187037,nan,nan
fashion_mnist,softmax,8,8,0.37849506735801697,0.859,0.8599333841857568,0.3769020311375882,0.9999991636326973,3.5547392292225615,nan,nan
fashion_mnist,softmax,8,9,0.3683222830295563,0.86375,0.8646013383115498,0.37173036374944324,0.9999972131658108,3.53961940014616,nan,nan
fashion_mnist,softmax,8,10,0.35652777552604675,0.8665,0.8676179825543331,0.35951969217746815,0.9999981554264717,3.5503102591697204,nan,nan
fashion_mnist,softmax,8,11,0.350212424993515,0.8689166666666667,0.8688033351296871,0.3492051572241682,0.9999964383054287,3.5307006633028073,nan,nan
fashion_mnist,softmax,8,12,0.3392215073108673,0.8666666666666667,0.8675542115466571,0.3639817586604585,0.9999966697489961,3.5146594250455814,nan,nan
fashion_mnist,softmax,8,13,0.3365142047405243,0.86925,0.8694558600065564,0.3534034982006601,0.9999929444586977,3.5008394160169236,nan,nan
fashion_mnist,softmax,8,14,0.32921352982521057,0.871,0.871904946259699,0.35118297503349627,0.9999958676226596,3.492325838575972,nan,nan
fashion_mnist,softmax,8,15,0.3201896548271179,0.8721666666666666,0.8701863101319948,0.33963185295145565,0.9999948220050081,3.5076551665651037,nan,nan
fashion_mnist,softmax,8,16,0.31754177808761597,0.874,0.8761931044020145,0.33237297928079645,0.9999832193902198,3.47692542380475,nan,nan
fashion_mnist,softmax,8,17,0.3116587996482849,0.8785833333333334,0.8780177590356875,0.3321219780977736,0.9999897670238576,3.4860333635451948,nan,nan
fashion_mnist,softmax,8,18,0.3096398711204529,0.8791666666666667,0.8792093256475733,0.3278076280938818,0.9999806747791615,3.4698365241923232,nan,nan
fashion_mnist,softmax,8,19,0.300327330827713,0.877,0.8769932479908308,0.3371319073311826,0.9999903231225116,3.4573378588290926,nan,nan
fashion_mnist,softmax,8,20,0.2958514988422394,0.8811666666666667,0.8809082474057612,0.32606946566003436,0.9999878355797301,3.4631210565567017,nan,nan
fashion_mnist,softmax,8,21,0.2915588915348053,0.8776666666666667,0.8766584279816133,0.34078699984449023,0.999980294323982,3.4395011917073677,nan,nan
fashion_mnist,softmax,8,22,0.287577748298645,0.8814166666666666,0.8819500051319722,0.32662684676495,0.9999783527343831,3.429130320853375,nan,nan
fashion_mnist,softmax,8,23,0.2841961085796356,0.8836666666666667,0.8838074963684365,0.3204202965853062,0.9999819651563117,3.4264564767796943,nan,nan
fashion_mnist,softmax,8,24,0.2800024151802063,0.8834166666666666,0.8844491278611637,0.3192316214454935,0.9999758613870499,3.4097465225990784,nan,nan
fashion_mnist,softmax,8,25,0.2768869996070862,0.88425,0.8859194422256005,0.3131776585223827,0.9999768099886306,3.394485978370017,nan,nan
fashion_mnist,softmax,8,26,0.2678929567337036,0.8840833333333333,0.8835082483142255,0.32423379510007005,0.9999820729519459,3.4203723694415804,nan,nan
fashion_mnist,softmax,8,27,0.26603835821151733,0.8840833333333333,0.8836911228002409,0.31645051913058503,0.9999698026383177,3.3988368866291454,nan,nan
fashion_mnist,softmax,8,28,0.26360124349594116,0.8815,0.8830261327751059,0.3292521121020013,0.9999781314362871,3.4117388649189726,nan,nan
fashion_mnist,softmax,8,29,0.2589099705219269,0.8864166666666666,0.886997095276089,0.3165007661631767,0.9999613571674266,3.381818345252504,nan,nan
fashion_mnist,softmax,9,0,1.2133545875549316,0.7544166666666666,0.7495405951183917,0.7072781425841311,0.99999164520426,3.7421459035670503,nan,nan
fashion_mnist,softmax,9,1,0.627848207950592,0.81,0.8069230615711834,0.5203963740074888,0.999997152292982,3.7107802781652897,nan,nan
fashion_mnist,softmax,9,2,0.5187781453132629,0.8304166666666667,0.8269580089855546,0.4584787969893597,0.9999999124953087,3.721595147822766,nan,nan
fashion_mnist,softmax,9,3,0.47432318329811096,0.8349166666666666,0.833186206872669,0.4455867631638304,0.999999982245425,3.7080342236985553,nan,nan
fashion_mnist,softmax,9,4,0.4481021761894226,0.84025,0.8401181669613429,0.43448323011398315,1.0,3.68467515072924,nan,nan
fashion_mnist,softmax,9,5,0.4210319519042969,0.8589166666666667,0.8564948474252964,0.3911150598779638,1.0,3.6714524385776928,nan,nan
fashion_mnist,softmax,9,6,0.4028053879737854,0.86175,0.8598797702761228,0.37972751767077345,0.9999999955613562,3.650484255019655,nan,nan
fashion_mnist,softmax,9,7,0.3848763704299927,0.8574166666666667,0.857835683880038,0.3824431686959368,0.9999999606862982,3.635654261771669,nan,nan
fashion_mnist,softmax,9,8,0.3734516203403473,0.8711666666666666,0.8691581050581643,0.34603467900702295,0.9999985168588922,3.629589377565587,nan,nan
fashion_mnist,softmax,9,9,0.3615710437297821,0.8700833333333333,0.8697628647834268,0.3464605415121038,0.9999992035804911,3.6177513878396215,nan,nan
fashion_mnist,softmax,9,10,0.3492344319820404,0.8709166666666667,0.8702253079715522,0.35367107644994206,0.99999996132039,3.611271211441527,nan,nan
fashion_mnist,softmax,9,11,0.3446935713291168,0.87725,0.877149779701333,0.3309746010506407,0.9999999955613562,3.6076256163576814,nan,nan
fashion_mnist,softmax,9,12,0.3367033004760742,0.8788333333333334,0.8777882678313167,0.32088133122058626,1.0,3.6083310538149895,nan,nan
fashion_mnist,softmax,9,13,0.32969605922698975,0.88125,0.8796197714255657,0.31887041983452247,0.99999992581124,3.5907984211089765,nan,nan
fashion_mnist,softmax,9,14,0.3224039673805237,0.8785833333333334,0.8753960566970234,0.32666243581061666,0.9999997793359959,3.5800688621845653,nan,nan
fashion_mnist,softmax,9,15,0.31615591049194336,0.8775,0.8776948535739356,0.32979606060271566,0.9999999036180213,3.573442522515642,nan,nan
fashion_mnist,softmax,9,16,0.3101728856563568,0.8798333333333334,0.8782825671984353,0.3194234764322321,0.9999999422976311,3.5711965586276766,nan,nan
fashion_mnist,softmax,9,17,0.3047585189342499,0.8779166666666667,0.8776640392118203,0.3250620444404318,0.9999997787019039,3.572026950247744,nan,nan
fashion_mnist,softmax,9,18,0.29679903388023376,0.88625,0.8861986653706208,0.30869810790457625,0.999999557403808,3.5587319972667286,nan,nan
fashion_mnist,softmax,9,19,0.289113312959671,0.8813333333333333,0.8800373584404442,0.3232424665004649,0.9999994521445417,3.5533795280659453,nan,nan
fashion_mnist,softmax,9,20,0.2882968783378601,0.8839166666666667,0.8827014815330912,0.3082943152874074,0.9999990850052936,3.5491516463300017,nan,nan
fashion_mnist,softmax,9,21,0.282155841588974,0.8846666666666667,0.8846877373315332,0.3116763326081824,0.9999992124577786,3.5417453633978013,nan,nan
fashion_mnist,softmax,9,22,0.2799725830554962,0.8761666666666666,0.8774627804493319,0.3194231352907546,0.9999984350610287,3.524604135371269,nan,nan
fashion_mnist,softmax,9,23,0.27490273118019104,0.8849166666666667,0.8839677969082812,0.3148180341466944,0.9999932710160601,3.517443707648744,nan,nan
fashion_mnist,topk_softmax_0125,0,0,0.9913100004196167,0.805,0.8008715808451516,0.5375549032333049,0.14000000059604645,1.9276853330591892,nan,nan
fashion_mnist,topk_softmax_0125,0,1,0.5155315399169922,0.83275,0.8317420903723935,0.4537523052793868,0.14000000059604645,1.9242200039802713,nan,nan
fashion_mnist,topk_softmax_0125,0,2,0.43855753540992737,0.8478333333333333,0.8484025531385055,0.407721775643369,0.14000000059604645,1.9211721306151532,nan,nan
fashion_mnist,topk_softmax_0125,0,3,0.40774694085121155,0.8554166666666667,0.8532526284776469,0.37778472519935447,0.14000000059604645,1.918524960254101,nan,nan
fashion_mnist,topk_softmax_0125,0,4,0.3811314105987549,0.8534166666666667,0.8488360168590716,0.3841524491918848,0.14000000059604645,1.9140180539577565,nan,nan
fashion_mnist,topk_softmax_0125,0,5,0.3659614622592926,0.86825,0.8675948685700433,0.34763966342236136,0.14000000059604645,1.9073038912834006,nan,nan
fashion_mnist,topk_softmax_0125,0,6,0.34745553135871887,0.8694166666666666,0.8651762978745916,0.3443182221752532,0.14000000059604645,1.9048783056279446,nan,nan
fashion_mnist,topk_softmax_0125,0,7,0.33510318398475647,0.87675,0.8762334831265255,0.32601634587379213,0.14000000059604645,1.9010333596391882,nan,nan
fashion_mnist,topk_softmax_0125,0,8,0.3228871524333954,0.8776666666666667,0.8748708439798273,0.3228672264104194,0.14000000059604645,1.8962267117297396,nan,nan
fashion_mnist,topk_softmax_0125,0,9,0.3130709230899811,0.8729166666666667,0.8709122515655737,0.33518359445511026,0.14000000059604645,1.8930449156050986,nan,nan
fashion_mnist,topk_softmax_0125,0,10,0.3057843744754791,0.8825,0.8818791929329685,0.3126146010261901,0.14000000059604645,1.889087829184025,nan,nan
fashion_mnist,topk_softmax_0125,0,11,0.29553481936454773,0.882,0.8793908468385604,0.3185532635196726,0.14000000059604645,1.8843086869158643,nan,nan
fashion_mnist,topk_softmax_0125,0,12,0.28991931676864624,0.8870833333333333,0.885862639465094,0.30192537161898103,0.14000000059604645,1.8798138562669144,nan,nan
fashion_mnist,topk_softmax_0125,0,13,0.2845246195793152,0.887,0.8861112751633972,0.305745763981596,0.14000000059604645,1.873979724468069,nan,nan
fashion_mnist,topk_softmax_0125,0,14,0.2806643843650818,0.8871666666666667,0.8861878285848077,0.3022775193478199,0.14000000059604645,1.874415581530713,nan,nan
fashion_mnist,topk_softmax_0125,0,15,0.2726994752883911,0.8901666666666667,0.8887195181984826,0.29397158705173654,0.14000000059604645,1.8722755820193189,nan,nan
fashion_mnist,topk_softmax_0125,0,16,0.26334211230278015,0.8854166666666666,0.8853925295536517,0.3132420093455213,0.14000000059604645,1.8664028758698321,nan,nan
fashion_mnist,topk_softmax_0125,0,17,0.26013004779815674,0.8920833333333333,0.8907320553842352,0.29405419179733766,0.14000000059604645,1.8654223122495286,nan,nan
fashion_mnist,topk_softmax_0125,0,18,0.2555871307849884,0.8869166666666667,0.8857087498489815,0.30467779363723513,0.14000000059604645,1.8640219429706006,nan,nan
fashion_mnist,topk_softmax_0125,0,19,0.2510666251182556,0.891,0.8898051868036264,0.2900034598213561,0.14000000059604645,1.857186919831215,nan,nan
fashion_mnist,topk_softmax_0125,0,20,0.24521668255329132,0.89025,0.8900908172883518,0.2951765925960338,0.14000000059604645,1.8558076607420089,nan,nan
fashion_mnist,topk_softmax_0125,0,21,0.2420656681060791,0.8903333333333333,0.8884110733694308,0.297263022432936,0.14000000059604645,1.853418154919401,nan,nan
fashion_mnist,topk_softmax_0125,0,22,0.23652365803718567,0.8913333333333333,0.8903211240376627,0.2977412032320144,0.14000000059604645,1.8525120628641008,nan,nan
fashion_mnist,topk_softmax_0125,1,0,0.9986148476600647,0.795,0.7856100085528869,0.5542938411235809,0.14000000059604645,1.9228258855799412,nan,nan
fashion_mnist,topk_softmax_0125,1,1,0.5177687406539917,0.8224166666666667,0.8217071490425717,0.48550759604636656,0.14000000059604645,1.8923473992246262,nan,nan
fashion_mnist,topk_softmax_0125,1,2,0.4499715566635132,0.8451666666666666,0.8437593357232117,0.4165467505759381,0.14000000059604645,1.8750286787114245,nan,nan
fashion_mnist,topk_softmax_0125,1,3,0.41105353832244873,0.8536666666666667,0.853112570581405,0.39621063940068507,0.14000000059604645,1.8616260898874162,nan,nan
fashion_mnist,topk_softmax_0125,1,4,0.3846296966075897,0.8634166666666667,0.8617867356830502,0.37334074682377755,0.14000000059604645,1.8545934481823698,nan,nan
fashion_mnist,topk_softmax_0125,1,5,0.364341676235199,0.868,0.8655459783855607,0.35605117044550305,0.14000000059604645,1.843625470678857,nan,nan
fashion_mnist,topk_softmax_0125,1,6,0.34985002875328064,0.86875,0.8664498749089272,0.35842249177871865,0.14000000059604645,1.8439516995815521,nan,nan
fashion_mnist,topk_softmax_0125,1,7,0.3387396037578583,0.8765833333333334,0.8756950638196457,0.34306520921118716,0.14000000059604645,1.8332965424720278,nan,nan
fashion_mnist,topk_softmax_0125,1,8,0.32624098658561707,0.87675,0.8760248149033402,0.3422063500323194,0.14000000059604645,1.8245700191944203,nan,nan
fashion_mnist,topk_softmax_0125,1,9,0.3162705898284912,0.8776666666666667,0.8768953884944051,0.3356292450681646,0.14000000059604645,1.8234320016617471,nan,nan
fashion_mnist,topk_softmax_0125,1,10,0.3056885600090027,0.87875,0.877056213146585,0.3355832410619614,0.14000000059604645,1.8182414288216449,nan,nan
fashion_mnist,topk_softmax_0125,1,11,0.2986376881599426,0.8825833333333334,0.8810418064778668,0.32108768376898256,0.14000000059604645,1.8138175898409905,nan,nan
fashion_mnist,topk_softmax_0125,1,12,0.2923218011856079,0.8798333333333334,0.8775340647325358,0.3295390206448575,0.14000000059604645,1.8073751964467637,nan,nan
fashion_mnist,topk_softmax_0125,1,13,0.2837756276130676,0.8806666666666667,0.8781757461159267,0.3218990383630103,0.14000000059604645,1.811878853655876,nan,nan
fashion_mnist,topk_softmax_0125,1,14,0.2797912657260895,0.8809166666666667,0.8800897965044292,0.329375462329134,0.14000000059604645,1.801350786330852,nan,nan
fashion_mnist,topk_softmax_0125,1,15,0.27238917350769043,0.87975,0.8775402704710474,0.3309339830215941,0.14000000059604645,1.800214835937987,nan,nan
fashion_mnist,topk_softmax_0125,1,16,0.2686581015586853,0.8783333333333333,0.8775938897569819,0.33874174001369073,0.14000000059604645,1.7977852047757898,nan,nan
fashion_mnist,topk_softmax_0125,2,0,0.972503125667572,0.8018333333333333,0.7985223971622399,0.5448422736309945,0.14000000059604645,1.9008821477281286,nan,nan
fashion_mnist,topk_softmax_0125,2,1,0.4933850169181824,0.83975,0.8378642044972388,0.44331094115338426,0.14000000059604645,1.8973584669701598,nan,nan
fashion_mnist,topk_softmax_0125,2,2,0.43574628233909607,0.84925,0.8443741687241941,0.4164322018623352,0.14000000059604645,1.8910744329716296,nan,nan
fashion_mnist,topk_softmax_0125,2,3,0.3968549072742462,0.8586666666666667,0.8563509246938897,0.3847114088687491,0.14000000059604645,1.8902629702649218,nan,nan
fashion_mnist,topk_softmax_0125,2,4,0.37372398376464844,0.8630833333333333,0.8607134340892252,0.3728239580671838,0.14000000059604645,1.8788310593747077,nan,nan
fashion_mnist,topk_softmax_0125,2,5,0.35999515652656555,0.8708333333333333,0.8701457462261457,0.3536733002104658,0.14000000059604645,1.8750279533102157,nan,nan
fashion_mnist,topk_softmax_0125,2,6,0.34540683031082153,0.87325,0.8733468180977262,0.335482066299053,0.14000000059604645,1.8758308925527207,nan,nan
fashion_mnist,topk_softmax_0125,2,7,0.33421847224235535,0.8753333333333333,0.8751775545378553,0.3379403251282712,0.14000000059604645,1.8733076186890298,nan,nan
fashion_mnist,topk_softmax_0125,2,8,0.32550692558288574,0.87375,0.8745157847270771,0.34576929249662036,0.14000000059604645,1.8673428728225383,nan,nan
fashion_mnist,topk_softmax_0125,2,9,0.3176625370979309,0.8778333333333334,0.8794986482900891,0.3356942854663159,0.14000000059604645,1.8660012394823926,nan,nan
fashion_mnist,topk_softmax_0125,2,10,0.3111977279186249,0.8753333333333333,0.8749448557414773,0.3310018200823601,0.14000000059604645,1.855673093745049,nan,nan
fashion_mnist,topk_softmax_0125,2,11,0.30182790756225586,0.88025,0.8805694061964529,0.3170151669294276,0.14000000059604645,1.8538015370673322,nan,nan
fashion_mnist,topk_softmax_0125,2,12,0.29367518424987793,0.8836666666666667,0.8809769950948698,0.31420197607354916,0.14000000059604645,1.8485876854429855,nan,nan
fashion_mnist,topk_softmax_0125,2,13,0.289129376411438,0.8839166666666667,0.8844270536285286,0.3164060978179282,0.14000000059604645,1.8448715019733348,nan,nan
fashion_mnist,topk_softmax_0125,2,14,0.28161340951919556,0.8788333333333334,0.8804010484412794,0.3265468528930177,0.14000000059604645,1.8403090733162901,nan,nan
fashion_mnist,topk_softmax_0125,2,15,0.2711579501628876,0.88625,0.8863033955033188,0.3093015637169493,0.14000000059604645,1.8353399926043572,nan,nan
fashion_mnist,topk_softmax_0125,2,16,0.2701435089111328,0.88725,0.886991934714137,0.3175824208462492,0.14000000059604645,1.831166721404867,nan,nan
fashion_mnist,topk_softmax_0125,2,17,0.260542094707489,0.8856666666666667,0.8849163946948657,0.31312453905318643,0.14000000059604645,1.825278159151686,nan,nan
fashion_mnist,topk_softmax_0125,2,18,0.25492531061172485,0.8871666666666667,0.8879074885650559,0.31954001968211315,0.14000000059604645,1.8222216266266844,nan,nan
fashion_mnist,topk_softmax_0125,2,19,0.25340723991394043,0.8866666666666667,0.8862881815979945,0.30927565281695507,0.14000000059604645,1.8137497686325235,nan,nan
fashion_mnist,topk_softmax_0125,2,20,0.24510617554187775,0.8868333333333334,0.8861155794523935,0.31389763063572823,0.14000000059604645,1.812771425602284,nan,nan
fashion_mnist,topk_softmax_0125,2,21,0.24104000627994537,0.889,0.8891551984585921,0.3082156365222119,0.14000000059604645,1.8071162383607093,nan,nan
fashion_mnist,topk_softmax_0125,2,22,0.23750221729278564,0.88275,0.884190840833603,0.33019550334899983,0.14000000059604645,1.7978732661998018,nan,nan
fashion_mnist,topk_softmax_0125,2,23,0.23137307167053223,0.8901666666666667,0.8905872096120199,0.31287831194857335,0.14000000059604645,1.7917930724773001,nan,nan
fashion_mnist,topk_softmax_0125,2,24,0.23165811598300934,0.88625,0.8859957573688992,0.3207737346912952,0.14000000059604645,1.7962996274866956,nan,nan
fashion_mnist,topk_softmax_0125,2,25,0.2240603119134903,0.8911666666666667,0.8911374904259342,0.3130804217876272,0.14000000059604645,1.791843962162099,nan,nan
fashion_mnist,topk_softmax_0125,2,26,0.2206018716096878,0.8895,0.8893488324679542,0.32329855700756643,0.14000000059604645,1.7862339450957927,nan,nan
fashion_mnist,topk_softmax_0125,2,27,0.2163296341896057,0.8904166666666666,0.8902629873589266,0.32498964952661635,0.14000000059604645,1.7837597131729126,nan,nan
fashion_mnist,topk_softmax_0125,2,28,0.21063724160194397,0.8903333333333333,0.8896600815245117,0.32472069941936654,0.14000000059604645,1.780702051964212,nan,nan
fashion_mnist,topk_softmax_0125,2,29,0.20877227187156677,0.8905,0.8903503517652751,0.3233647685735784,0.14000000059604645,1.7816645185998146,nan,nan
fashion_mnist,topk_softmax_0125,3,0,1.000295639038086,0.7890833333333334,0.7815559590603388,0.573425959399406,0.14000000059604645,1.9140450180845057,nan,nan
fashion_mnist,topk_softmax_0125,3,1,0.5095729827880859,0.8118333333333333,0.8128842058133839,0.4948674053587812,0.14000000059604645,1.8985174653377939,nan,nan
fashion_mnist,topk_softmax_0125,3,2,0.447799950838089,0.8409166666666666,0.8408418442929912,0.4301782383563671,0.14000000059604645,1.8961262297123036,nan,nan
fashion_mnist,topk_softmax_0125,3,3,0.41392338275909424,0.8515833333333334,0.851549835055423,0.39762392766932225,0.14000000059604645,1.8911404457498104,nan,nan
fashion_mnist,topk_softmax_0125,3,4,0.3894561529159546,0.8590833333333333,0.8589722238805804,0.3809368027017472,0.14000000059604645,1.8841979161221931,nan,nan
fashion_mnist,topk_softmax_0125,3,5,0.36942899227142334,0.8485,0.8488309290176161,0.39804783843933267,0.14000000059604645,1.883838714437282,nan,nan
fashion_mnist,topk_softmax_0125,3,6,0.35151708126068115,0.8580833333333333,0.8581213318193415,0.37569459511878645,0.14000000059604645,1.8765266956167017,nan,nan
fashion_mnist,topk_softmax_0125,3,7,0.33909428119659424,0.872,0.86934103995666,0.3522682396021295,0.14000000059604645,1.8734668810316857,nan,nan
fashion_mnist,topk_softmax_0125,3,8,0.32975494861602783,0.87575,0.8746522645803557,0.3414679512064508,0.14000000059604645,1.8686355009992073,nan,nan
fashion_mnist,topk_softmax_0125,3,9,0.3190481960773468,0.8745833333333334,0.8732563366984823,0.3420021045715251,0.14000000059604645,1.8670214275096326,nan,nan
fashion_mnist,topk_softmax_0125,3,10,0.31232932209968567,0.8715833333333334,0.8713023879402744,0.34088805571515507,0.14000000059604645,1.8621673064028963,nan,nan
fashion_mnist,topk_softmax_0125,3,11,0.30633315443992615,0.87625,0.8759915875021351,0.33795835743559166,0.14000000059604645,1.86131093476681,nan,nan
fashion_mnist,topk_softmax_0125,3,12,0.29311874508857727,0.8800833333333333,0.8797511590272322,0.3247950869671842,0.14000000059604645,1.8514067276995232,nan,nan
fashion_mnist,topk_softmax_0125,3,13,0.28826674818992615,0.8795,0.8786842456055602,0.3304968945523526,0.14000000059604645,1.8495616037794884,nan,nan
fashion_mnist,topk_softmax_0125,3,14,0.28227031230926514,0.8796666666666667,0.878051378456,0.3255654389553882,0.14000000059604645,1.8424501152748758,nan,nan
fashion_mnist,topk_softmax_0125,3,15,0.2761927843093872,0.8848333333333334,0.8835770814863485,0.31671195746736325,0.14000000059604645,1.8409696348170017,nan,nan
fashion_mnist,topk_softmax_0125,3,16,0.2717188596725464,0.8788333333333334,0.8770789964729365,0.3356395189432388,0.14000000059604645,1.8371140969560502,nan,nan
fashion_mnist,topk_softmax_0125,3,17,0.26651760935783386,0.8781666666666667,0.8784109692374722,0.329698401879757,0.14000000059604645,1.8312252848706347,nan,nan
fashion_mnist,topk_softmax_0125,3,18,0.2575889527797699,0.8821666666666667,0.8814602058230809,0.328051561687855,0.14000000059604645,1.83137849543957,nan,nan
fashion_mnist,topk_softmax_0125,3,19,0.2508218586444855,0.8814166666666666,0.8819170717547682,0.31928387601324854,0.14000000059604645,1.8324940280711397,nan,nan
fashion_mnist,topk_softmax_0125,3,20,0.2490839958190918,0.8845833333333334,0.8837282905981809,0.3307321246000046,0.13999998807273012,1.833280160072002,nan,nan
fashion_mnist,topk_softmax_0125,4,0,1.0069717168807983,0.7935833333333333,0.7828447856602989,0.5725497977530702,0.14000000059604645,1.9324850693662117,nan,nan
fashion_mnist,topk_softmax_0125,4,1,0.5214731693267822,0.83275,0.8288867568055613,0.4591793227703013,0.14000000059604645,1.9182901800946985,nan,nan
fashion_mnist,topk_softmax_0125,4,2,0.4577537178993225,0.83925,0.8365706041647151,0.43346723089826866,0.14000000059604645,1.8989727065918294,nan,nan
fashion_mnist,topk_softmax_0125,4,3,0.416709303855896,0.85375,0.850734174879681,0.3993539645316753,0.14000000059604645,1.9000535683428987,nan,nan
fashion_mnist,topk_softmax_0125,4,4,0.3957383930683136,0.8605,0.8594873985753578,0.3836916938741156,0.14000000059604645,1.889138422113784,nan,nan
fashion_mnist,topk_softmax_0125,4,5,0.37463122606277466,0.861,0.8577829674548362,0.3735950310179528,0.14000000059604645,1.8886666386685473,nan,nan
fashion_mnist,topk_softmax_0125,4,6,0.35920754075050354,0.8683333333333333,0.8673256827657063,0.3611597792899355,0.14000000059604645,1.8805672323450129,nan,nan
fashion_mnist,topk_softmax_0125,4,7,0.3538547456264496,0.8679166666666667,0.8660632411055701,0.3600800132497828,0.14000000059604645,1.8688741389741288,nan,nan
fashion_mnist,topk_softmax_0125,4,8,0.3353061079978943,0.8710833333333333,0.8697152127366016,0.3518608757790099,0.14000000059604645,1.8706112618141986,nan,nan
fashion_mnist,topk_softmax_0125,4,9,0.32997259497642517,0.8671666666666666,0.866931866073912,0.36555386413919166,0.14000000059604645,1.8660860695737473,nan,nan
fashion_mnist,topk_softmax_0125,4,10,0.3197697401046753,0.8681666666666666,0.8671076143791264,0.35436669689543704,0.14000000059604645,1.8677320531074038,nan,nan
fashion_mnist,topk_softmax_0125,4,11,0.31317001581192017,0.8768333333333334,0.875939286882522,0.34059932447494345,0.14000000059604645,1.856354220116392,nan,nan
fashion_mnist,topk_softmax_0125,4,12,0.30374112725257874,0.87575,0.8752496960167937,0.3355746053634806,0.14000000059604645,1.8577470906237339,nan,nan
fashion_mnist,topk_softmax_0125,4,13,0.2989557385444641,0.87725,0.8739465631787254,0.3372026073171737,0.14000000059604645,1.8554356174266085,nan,nan
fashion_mnist,topk_softmax_0125,4,14,0.2888535261154175,0.8795833333333334,0.8793490485615101,0.33134756475052934,0.14000000059604645,1.8547084762694988,nan,nan
fashion_mnist,topk_softmax_0125,4,15,0.28509145975112915,0.8808333333333334,0.8796227146613482,0.3375459614586323,0.14000000059604645,1.8504854732371392,nan,nan
fashion_mnist,topk_softmax_0125,4,16,0.2800382673740387,0.8798333333333334,0.8791024548117827,0.33317983943097135,0.14000000059604645,1.845534750755797,nan,nan
fashion_mnist,topk_softmax_0125,4,17,0.2730410397052765,0.88075,0.8803450620840396,0.340757003807007,0.14000000059604645,1.8420010995357594,nan,nan
fashion_mnist,topk_softmax_0125,4,18,0.2710721492767334,0.8824166666666666,0.8804708395030161,0.3281361159492046,0.14000000059604645,1.842322274725488,nan,nan
fashion_mnist,topk_softmax_0125,4,19,0.26654350757598877,0.8855833333333333,0.8840347492594542,0.3226091915622671,0.14000000059604645,1.8393095427371087,nan,nan
fashion_mnist,topk_softmax_0125,4,20,0.26196321845054626,0.8801666666666667,0.8795307013251568,0.3360473459705393,0.14000000059604645,1.8345878644192473,nan,nan
fashion_mnist,topk_softmax_0125,4,21,0.259332537651062,0.8816666666666667,0.8804486935573905,0.3334585295078602,0.14000000059604645,1.832480880808323,nan,nan
fashion_mnist,topk_softmax_0125,4,22,0.24999524652957916,0.8849166666666667,0.8830694147322877,0.3208622355410393,0.14000000059604645,1.828657553551045,nan,nan
fashion_mnist,topk_softmax_0125,4,23,0.247938334941864,0.8821666666666667,0.8803952600452118,0.32327917027980724,0.14000000059604645,1.8279760467245223,nan,nan
fashion_mnist,topk_softmax_0125,4,24,0.2449483722448349,0.8874166666666666,0.8872579249565874,0.31829020222450827,0.14000000059604645,1.8278509074069085,nan,nan
fashion_mnist,topk_softmax_0125,4,25,0.23781083524227142,0.8840833333333333,0.8839571848978334,0.32755237881173477,0.14000000059604645,1.8187714307866198,nan,nan
fashion_mnist,topk_softmax_0125,4,26,0.23118221759796143,0.8859166666666667,0.8849535967514235,0.32790074545018216,0.14000000059604645,1.8183014367489105,nan,nan
fashion_mnist,topk_softmax_0125,4,27,0.23039835691452026,0.8888333333333334,0.8885982193244001,0.3312040846398536,0.14000000059604645,1.8166889725847448,nan,nan
fashion_mnist,topk_softmax_0125,4,28,0.22759000957012177,0.88525,0.884898089879119,0.33347511925595874,0.1399999923528509,1.8152064364007179,nan,nan
fashion_mnist,topk_softmax_0125,4,29,0.2245880663394928,0.8881666666666667,0.8880225616442112,0.32568526141186976,0.13999999647444866,1.80576635548409,nan,nan
fashion_mnist,topk_softmax_0125,5,0,0.9730144143104553,0.7981666666666667,0.7957165701519455,0.5523521881154243,0.14000000059604645,1.9092065412947472,nan,nan
fashion_mnist,topk_softmax_0125,5,1,0.5169408917427063,0.8243333333333334,0.8211285656573981,0.46697652847208876,0.14000000059604645,1.885117398931625,nan,nan
fashion_mnist,topk_softmax_0125,5,2,0.4576946198940277,0.8395,0.8369572390179757,0.4246685352731258,0.14000000059604645,1.8688567306133026,nan,nan
fashion_mnist,topk_softmax_0125,5,3,0.41270554065704346,0.8540833333333333,0.8524329888771789,0.39710249292089583,0.14000000059604645,1.8566765886671999,nan,nan
fashion_mnist,topk_softmax_0125,5,4,0.3912302553653717,0.8575,0.8564174221723342,0.38549526447945454,0.14000000059604645,1.8472304394904604,nan,nan
fashion_mnist,topk_softmax_0125,5,5,0.36944445967674255,0.8626666666666667,0.8590406442331183,0.3701836168766022,0.14000000059604645,1.8407308827055262,nan,nan
fashion_mnist,topk_softmax_0125,5,6,0.3556598126888275,0.8529166666666667,0.8530037731869777,0.3977646333106021,0.14000000059604645,1.8327011643572058,nan,nan
fashion_mnist,topk_softmax_0125,5,7,0.3442211449146271,0.8666666666666667,0.8662591282555223,0.36332253763016237,0.14000000059604645,1.8291171687714598,nan,nan
fashion_mnist,topk_softmax_0125,5,8,0.3301301896572113,0.8755,0.8745608128136093,0.33621108975816283,0.14000000059604645,1.8227873330420636,nan,nan
fashion_mnist,topk_softmax_0125,5,9,0.3183469772338867,0.87075,0.8665299124773901,0.35595492986922567,0.14000000059604645,1.8138857800909813,nan,nan
fashion_mnist,topk_softmax_0125,5,10,0.31737256050109863,0.8763333333333333,0.876079804114314,0.33100481680099,0.14000000059604645,1.7982234346105697,nan,nan
fashion_mnist,topk_softmax_0125,5,11,0.30547967553138733,0.8745833333333334,0.8758346693596784,0.3334164023399353,0.14000000059604645,1.8112935005350317,nan,nan
fashion_mnist,topk_softmax_0125,5,12,0.29504236578941345,0.8794166666666666,0.8775306205491269,0.32443955508952443,0.14000000059604645,1.8107468511195892,nan,nan
fashion_mnist,topk_softmax_0125,5,13,0.2905783951282501,0.8820833333333333,0.8809159047715779,0.3244728858166553,0.14000000059604645,1.79955204370174,nan,nan
fashion_mnist,topk_softmax_0125,5,14,0.28417226672172546,0.88075,0.880440080080222,0.324120597636446,0.14000000059604645,1.7828758625274008,nan,nan
fashion_mnist,topk_softmax_0125,5,15,0.2803366482257843,0.8854166666666666,0.8839236506129448,0.31807935491521305,0.14000000059604645,1.788344809349547,nan,nan
fashion_mnist,topk_softmax_0125,5,16,0.2724290192127228,0.8865833333333333,0.885955708801635,0.3149076050266306,0.14000000059604645,1.787194902592517,nan,nan
fashion_mnist,topk_softmax_0125,5,17,0.2688084840774536,0.8898333333333334,0.8895976746555023,0.30558017942499605,0.14000000059604645,1.7815390064361247,nan,nan
fashion_mnist,topk_softmax_0125,5,18,0.26270392537117004,0.8824166666666666,0.8828243407357815,0.3149052731534268,0.14000000059604645,1.769057697438179,nan,nan
fashion_mnist,topk_softmax_0125,5,19,0.2583049535751343,0.8870833333333333,0.8839197794749376,0.31162132005742255,0.14000000059604645,1.7698493815482932,nan,nan
fashion_mnist,topk_softmax_0125,5,20,0.25236231088638306,0.88625,0.8860214729096482,0.31025013232484777,0.14000000059604645,1.7813106255328401,nan,nan
fashion_mnist,topk_softmax_0125,5,21,0.24468083679676056,0.8871666666666667,0.8869949195177776,0.32001416543696787,0.13999999647444866,1.7773112007912168,nan,nan
fashion_mnist,topk_softmax_0125,5,22,0.2429727166891098,0.8851666666666667,0.8843577977158279,0.31854462687005386,0.13999997967101158,1.7638485976990232,nan,nan
fashion_mnist,topk_softmax_0125,6,0,1.0201982259750366,0.7841666666666667,0.777075689322076,0.5975144530864472,0.14000000059604645,1.9201305546659104,nan,nan
fashion_mnist,topk_softmax_0125,6,1,0.5120252370834351,0.8293333333333334,0.8263121040170874,0.47894341134010476,0.14000000059604645,1.9066297881146694,nan,nan
fashion_mnist,topk_softmax_0125,6,2,0.44148311018943787,0.8395833333333333,0.8392624594914441,0.4425296352264729,0.14000000059604645,1.8863351953790544,nan,nan
fashion_mnist,topk_softmax_0125,6,3,0.40418437123298645,0.8558333333333333,0.8533108871805695,0.397617573433734,0.14000000059604645,1.884664478454184,nan,nan
fashion_mnist,topk_softmax_0125,6,4,0.37542226910591125,0.8604166666666667,0.8602459786123277,0.3797591728098849,0.14000000059604645,1.8689747338599347,nan,nan
fashion_mnist,topk_softmax_0125,6,5,0.3572538495063782,0.87,0.870065792877946,0.3535488894645204,0.14000000059604645,1.8675842018837625,nan,nan
fashion_mnist,topk_softmax_0125,6,6,0.3429363965988159,0.8613333333333333,0.8621503333910155,0.3718546622611107,0.14000000059604645,1.858975407925058,nan,nan
fashion_mnist,topk_softmax_0125,6,7,0.3293432295322418,0.8758333333333334,0.8745471081756289,0.3469997561992483,0.14000000059604645,1.8525900701259046,nan,nan
fashion_mnist,topk_softmax_0125,6,8,0.31975221633911133,0.8796666666666667,0.8787219804155812,0.3312205260104321,0.14000000059604645,1.845652609429461,nan,nan
fashion_mnist,topk_softmax_0125,6,9,0.3070915639400482,0.8733333333333333,0.8721935745894168,0.34743474011725567,0.14000000059604645,1.8378129639524095,nan,nan
fashion_mnist,topk_softmax_0125,6,10,0.30078446865081787,0.8770833333333333,0.8752296280103516,0.33296318003471864,0.14000000059604645,1.8338371921092906,nan,nan
fashion_mnist,topk_softmax_0125,6,11,0.29686033725738525,0.88225,0.8817140670035339,0.3241816004540058,0.14000000059604645,1.8179899948708556,nan,nan
fashion_mnist,topk_softmax_0125,6,12,0.28774145245552063,0.87925,0.8793626307807205,0.33493137264505346,0.14000000059604645,1.8146204200196774,nan,nan
fashion_mnist,topk_softmax_0125,6,13,0.2792549729347229,0.878,0.8788563761010776,0.3300769246639089,0.14000000059604645,1.8088951161567202,nan,nan
fashion_mnist,topk_softmax_0125,6,14,0.2778739333152771,0.8808333333333334,0.8809613916828105,0.32974003826050047,0.14000000059604645,1.7969140892333173,nan,nan
fashion_mnist,topk_softmax_0125,6,15,0.272137314081192,0.88,0.8778881857914765,0.32989308491666264,0.14000000059604645,1.7982398740788723,nan,nan
fashion_mnist,topk_softmax_0125,6,16,0.26199615001678467,0.8853333333333333,0.8837345700854005,0.32111699657237275,0.14000000059604645,1.7903361498041357,nan,nan
fashion_mnist,topk_softmax_0125,6,17,0.25794512033462524,0.8850833333333333,0.8838345334182032,0.32524472411642685,0.14000000059604645,1.778673343201901,nan,nan
fashion_mnist,topk_softmax_0125,6,18,0.25167152285575867,0.88475,0.8838520213316505,0.33581715758810654,0.14000000059604645,1.7808652634316302,nan,nan
fashion_mnist,topk_softmax_0125,6,19,0.2507000267505646,0.8833333333333333,0.8823719619892841,0.32214506763093015,0.14000000059604645,1.7793739032238087,nan,nan
fashion_mnist,topk_softmax_0125,6,20,0.2470885068178177,0.88375,0.883891267602543,0.3242521000669358,0.14000000059604645,1.7751632725938837,nan,nan
fashion_mnist,topk_softmax_0125,6,21,0.23931628465652466,0.8851666666666667,0.8849502612939395,0.33435210268548193,0.14000000059604645,1.7717030403461862,nan,nan
fashion_mnist,topk_softmax_0125,7,0,1.0610768795013428,0.7950833333333334,0.7958033246521271,0.5505213902351704,0.14000000059604645,1.9187308892290642,nan,nan
fashion_mnist,topk_softmax_0125,7,1,0.5042659044265747,0.8319166666666666,0.8292378454515894,0.4512208554338902,0.14000000059604645,1.886428730284914,nan,nan
fashion_mnist,topk_softmax_0125,7,2,0.4382375180721283,0.8456666666666667,0.8430915503252894,0.4191769285404936,0.14000000059604645,1.8740765211430002,nan,nan
fashion_mnist,topk_softmax_0125,7,3,0.4055473208427429,0.853,0.849222275663179,0.3928390164324578,0.14000000059604645,1.8618267444854086,nan,nan
fashion_mnist,topk_softmax_0125,7,4,0.37987974286079407,0.8595,0.8559512872080614,0.3757769433741874,0.14000000059604645,1.8523111419474825,nan,nan
fashion_mnist,topk_softmax_0125,7,5,0.36192283034324646,0.8648333333333333,0.8621087345417614,0.36715758037059865,0.14000000059604645,1.8569935725090352,nan,nan
fashion_mnist,topk_softmax_0125,7,6,0.3486897051334381,0.8644166666666667,0.8620431077657045,0.37114391047903833,0.14000000059604645,1.8553243837458022,nan,nan
fashion_mnist,topk_softmax_0125,7,7,0.33777916431427,0.864,0.8644749450913178,0.3632726466402094,0.14000000059604645,1.8451505239973678,nan,nan
fashion_mnist,topk_softmax_0125,7,8,0.325328528881073,0.8705,0.8692864124098891,0.3561783769029252,0.14000000059604645,1.8364954971252603,nan,nan
fashion_mnist,topk_softmax_0125,7,9,0.31607741117477417,0.8750833333333333,0.8727813443529951,0.3413225659664641,0.14000000059604645,1.84543768776224,nan,nan
fashion_mnist,topk_softmax_0125,7,10,0.3062421679496765,0.8711666666666666,0.8707762295474838,0.34508710021668293,0.14000000059604645,1.8364838450512988,nan,nan
fashion_mnist,topk_softmax_0125,7,11,0.3008348345756531,0.8728333333333333,0.8712840039760399,0.34778957671307503,0.14000000059604645,1.8339740456418787,nan,nan
fashion_mnist,topk_softmax_0125,7,12,0.29261085391044617,0.8689166666666667,0.8683910932256286,0.34220066793421483,0.14000000059604645,1.8284736681491771,nan,nan
fashion_mnist,topk_softmax_0125,7,13,0.2834172546863556,0.8810833333333333,0.8816698797412708,0.32804372938389476,0.14000000059604645,1.8181802922106804,nan,nan
fashion_mnist,topk_softmax_0125,7,14,0.2827299237251282,0.8821666666666667,0.8818132165405886,0.31747457924041345,0.14000000059604645,1.826407126923825,nan,nan
fashion_mnist,topk_softmax_0125,7,15,0.2760262191295624,0.8814166666666666,0.8817887016994733,0.3236192154123428,0.14000000059604645,1.814552238646974,nan,nan
fashion_mnist,topk_softmax_0125,7,16,0.2691686153411865,0.8808333333333334,0.8798642869757736,0.32890152202007616,0.14000000059604645,1.8247235848548564,nan,nan
fashion_mnist,topk_softmax_0125,7,17,0.2651244103908539,0.8826666666666667,0.8819007211831502,0.3263740507846183,0.14000000059604645,1.8151680839822648,nan,nan
fashion_mnist,topk_softmax_0125,7,18,0.26007145643234253,0.8850833333333333,0.8841775970634966,0.3103103843775201,0.13999999647444866,1.8075161043633805,nan,nan
fashion_mnist,topk_softmax_0125,7,19,0.25438493490219116,0.8845,0.8841590705496654,0.3101671055910435,0.14000000059604645,1.8066798524653658,nan,nan
fashion_mnist,topk_softmax_0125,7,20,0.25069576501846313,0.8829166666666667,0.8832917970009901,0.3226180964327873,0.13999998395113236,1.8083870068509529,nan,nan
fashion_mnist,topk_softmax_0125,7,21,0.24621756374835968,0.882,0.8817744486067165,0.3227456395930432,0.13999998807273012,1.8026103225160153,nan,nan
fashion_mnist,topk_softmax_0125,7,22,0.2396397590637207,0.8835,0.8827234723717202,0.31968544486989364,0.13999998807273012,1.8050532632685723,nan,nan
fashion_mnist,topk_softmax_0125,7,23,0.2376801073551178,0.8795833333333334,0.8796348656186318,0.32633155584335327,0.13999998395113236,1.7939889950955168,nan,nan
fashion_mnist,topk_softmax_0125,8,0,1.0000661611557007,0.8021666666666667,0.8005987881037064,0.5514761932352756,0.14000000059604645,1.9148091787987567,nan,nan
fashion_mnist,topk_softmax_0125,8,1,0.5106005668640137,0.83175,0.8297786472390657,0.45717193852079674,0.14000000059604645,1.8945009962041328,nan,nan
fashion_mnist,topk_softmax_0125,8,2,0.44527730345726013,0.8456666666666667,0.8460129440165046,0.4254626638077675,0.14000000059604645,1.8786554843821424,nan,nan
fashion_mnist,topk_softmax_0125,8,3,0.41079244017601013,0.84775,0.8484059494114732,0.41220280147613364,0.14000000059604645,1.8580476388018181,nan,nan
fashion_mnist,topk_softmax_0125,8,4,0.38631564378738403,0.863,0.862542021754782,0.37308296624650344,0.14000000059604645,1.8620755076408386,nan,nan
fashion_mnist,topk_softmax_0125,8,5,0.36305880546569824,0.8611666666666666,0.8601660897613546,0.3766112657303506,0.14000000059604645,1.8539704972125115,nan,nan
fashion_mnist,topk_softmax_0125,8,6,0.3488001525402069,0.8700833333333333,0.8698679587295832,0.35478113052692817,0.14000000059604645,1.8456022295546024,nan,nan
fashion_mnist,topk_softmax_0125,8,7,0.3358001708984375,0.8681666666666666,0.866825580826944,0.3645030329836176,0.14000000059604645,1.8533469337098143,nan,nan
fashion_mnist,topk_softmax_0125,8,8,0.3299594223499298,0.8676666666666667,0.8705617827529594,0.3553967146163291,0.14000000059604645,1.8362901692694806,nan,nan
fashion_mnist,topk_softmax_0125,8,9,0.31297871470451355,0.8738333333333334,0.874985289691967,0.3471572773253664,0.14000000059604645,1.8369474334919706,nan,nan
fashion_mnist,topk_softmax_0125,8,10,0.30580106377601624,0.8751666666666666,0.8747844822094762,0.34040392142661074,0.14000000059604645,1.8359947711863416,nan,nan
fashion_mnist,topk_softmax_0125,8,11,0.2988424003124237,0.8794166666666666,0.8799419149048487,0.33142309683434507,0.14000000059604645,1.8202750099466203,nan,nan
fashion_mnist,topk_softmax_0125,8,12,0.2909867763519287,0.8723333333333333,0.8729417835239316,0.3583301109202365,0.14000000059604645,1.8141094890046627,nan,nan
fashion_mnist,topk_softmax_0125,8,13,0.2873126268386841,0.8803333333333333,0.8806419939264204,0.32402704434191926,0.14000000059604645,1.810179279205647,nan,nan
fashion_mnist,topk_softmax_0125,8,14,0.2815448045730591,0.8708333333333333,0.8722439634279914,0.34327144255029396,0.14000000059604645,1.801790308445058,nan,nan
fashion_mnist,topk_softmax_0125,8,15,0.27584877610206604,0.8779166666666667,0.8775810352696455,0.3239329000736805,0.14000000059604645,1.802960977909413,nan,nan
fashion_mnist,topk_softmax_0125,8,16,0.2683408260345459,0.8800833333333333,0.8824705018919461,0.3243850437884635,0.14000000059604645,1.8037328098682648,nan,nan
fashion_mnist,topk_softmax_0125,8,17,0.26112985610961914,0.8835,0.8837324659343835,0.3154695899562633,0.14000000059604645,1.7954988264022989,nan,nan
fashion_mnist,topk_softmax_0125,8,18,0.260108083486557,0.8869166666666667,0.8870613807515056,0.32053410689881506,0.14000000059604645,1.7842416141895538,nan,nan
fashion_mnist,topk_softmax_0125,8,19,0.25329941511154175,0.8833333333333333,0.8842916159893109,0.3216148186871346,0.14000000059604645,1.7841691083096443,nan,nan
fashion_mnist,topk_softmax_0125,8,20,0.2500033676624298,0.88775,0.8878852454077549,0.31594657802835424,0.14000000059604645,1.7822217053555427,nan,nan
fashion_mnist,topk_softmax_0125,8,21,0.24725165963172913,0.8896666666666667,0.8888750222301478,0.3200983573147591,0.14000000059604645,1.7774660397083202,nan,nan
fashion_mnist,topk_softmax_0125,8,22,0.23740865290164948,0.8875,0.8880022939751481,0.31702871113381487,0.14000000059604645,1.7782575044226139,nan,nan
fashion_mnist,topk_softmax_0125,8,23,0.23570819199085236,0.8909166666666667,0.8911278798460701,0.3121326939856752,0.14000000059604645,1.7800714703316385,nan,nan
fashion_mnist,topk_softmax_0125,8,24,0.23178572952747345,0.8881666666666667,0.8877363112623111,0.3177796938317887,0.14000000059604645,1.7672505771860163,nan,nan
fashion_mnist,topk_softmax_0125,8,25,0.2268819808959961,0.8865,0.8877670453489166,0.3182664269462545,0.14000000059604645,1.7679709817500824,nan,nan
fashion_mnist,topk_softmax_0125,8,26,0.22283636033535004,0.8871666666666667,0.88719210403424,0.3241523285495474,0.14000000059604645,1.7716529584945517,nan,nan
fashion_mnist,topk_softmax_0125,8,27,0.21812424063682556,0.8861666666666667,0.8860506758344935,0.3303182518228571,0.14000000059604645,1.754818430606355,nan,nan
fashion_mnist,topk_softmax_0125,8,28,0.21719242632389069,0.888,0.8889721670786097,0.32513120738749807,0.14000000059604645,1.759834550796671,nan,nan
fashion_mnist,topk_softmax_0125,9,0,0.9874916672706604,0.797,0.7876219700616531,0.5587929258955285,0.14000000059604645,1.925511025367899,nan,nan
fashion_mnist,topk_softmax_0125,9,1,0.5174790024757385,0.83175,0.8287908017359031,0.4515826740163438,0.14000000059604645,1.914689951754631,nan,nan
fashion_mnist,topk_softmax_0125,9,2,0.449716717004776,0.8463333333333334,0.8435285486930099,0.4150717467703718,0.14000000059604645,1.9031518266556111,nan,nan
fashion_mnist,topk_softmax_0125,9,3,0.42065906524658203,0.8510833333333333,0.8501409211265857,0.39988557772433503,0.14000000059604645,1.8857792184707967,nan,nan
fashion_mnist,topk_softmax_0125,9,4,0.39841315150260925,0.8554166666666667,0.8559506226960029,0.3792807396422041,0.14000000059604645,1.876941699930962,nan,nan
fashion_mnist,topk_softmax_0125,9,5,0.37605008482933044,0.8645833333333334,0.8639562710891125,0.37008876876628144,0.14000000059604645,1.8674009239419977,nan,nan
fashion_mnist,topk_softmax_0125,9,6,0.36401888728141785,0.866,0.86550623169611,0.362031803803241,0.14000000059604645,1.8643090661535873,nan,nan
fashion_mnist,topk_softmax_0125,9,7,0.35145923495292664,0.8715,0.8704893566271107,0.35167422605321763,0.14000000059604645,1.858584151623097,nan,nan
fashion_mnist,topk_softmax_0125,9,8,0.34316593408584595,0.8730833333333333,0.8717891956240853,0.34546355808034857,0.14000000059604645,1.8528958203944754,nan,nan
fashion_mnist,topk_softmax_0125,9,9,0.3324544131755829,0.8765,0.8753902658459497,0.34132339821216906,0.14000000059604645,1.848940298912373,nan,nan
fashion_mnist,topk_softmax_0125,9,10,0.32442691922187805,0.8768333333333334,0.8762702209581785,0.34035461031376046,0.14000000059604645,1.852686658818671,nan,nan
fashion_mnist,topk_softmax_0125,9,11,0.31674712896347046,0.8773333333333333,0.8768066043806154,0.3370587540433762,0.14000000059604645,1.848692387976545,nan,nan
fashion_mnist,topk_softmax_0125,9,12,0.3076311945915222,0.8831666666666667,0.8822747505221862,0.31744972283535816,0.14000000059604645,1.842484768400801,nan,nan
fashion_mnist,topk_softmax_0125,9,13,0.30377256870269775,0.88275,0.8807670624912898,0.3282932245984991,0.14000000059604645,1.83224914555854,nan,nan
fashion_mnist,topk_softmax_0125,9,14,0.2968149185180664,0.8821666666666667,0.8806676155121756,0.321223184783408,0.14000000059604645,1.8308797034811466,nan,nan
fashion_mnist,topk_softmax_0125,9,15,0.28941261768341064,0.87675,0.8774617933886025,0.33801442955402616,0.14000000059604645,1.8271882559390777,nan,nan
fashion_mnist,topk_softmax_0125,9,16,0.286378413438797,0.8831666666666667,0.8822018182678679,0.3219060238371504,0.14000000059604645,1.8313885559426977,nan,nan
fashion_mnist,topk_softmax_0125,9,17,0.27804309129714966,0.88275,0.8813577925735041,0.33328038897920165,0.14000000059604645,1.8225119608513853,nan,nan
fashion_mnist,topk_softmax_025,0,0,1.0558234453201294,0.7895833333333333,0.7788761767385279,0.566269188485247,0.25999999046325684,2.5397748515961016,nan,nan
fashion_mnist,topk_softmax_025,0,1,0.5353724956512451,0.8378333333333333,0.8331650765679285,0.4448222473580786,0.25999999046325684,2.5239976999607494,nan,nan
fashion_mnist,topk_softmax_025,0,2,0.45389994978904724,0.8445833333333334,0.8440671484135229,0.4193336640266662,0.25999999046325684,2.5153104498031293,nan,nan
fashion_mnist,topk_softmax_025,0,3,0.4187699556350708,0.8441666666666666,0.8435403637347394,0.41426570618406255,0.25999999046325684,2.501446528637663,nan,nan
fashion_mnist,topk_softmax_025,0,4,0.39106786251068115,0.8606666666666667,0.8578878973997688,0.37283281886831243,0.25999999046325684,2.4862629048367766,nan,nan
fashion_mnist,topk_softmax_025,0,5,0.3719283938407898,0.8594166666666667,0.8586999125161107,0.3767668072213518,0.25999998222006127,2.475327139205121,nan,nan
fashion_mnist,topk_softmax_025,0,6,0.35503971576690674,0.875,0.8748478574022165,0.3384786257718472,0.25999979547997737,2.461684155971446,nan,nan
fashion_mnist,topk_softmax_025,0,7,0.34131214022636414,0.87725,0.8748440550363622,0.33493150738959615,0.25999948794537403,2.4474438758606607,nan,nan
fashion_mnist,topk_softmax_025,0,8,0.3349352478981018,0.874,0.8717075768074872,0.33601340144238573,0.2599995047488111,2.445479154586792,nan,nan
fashion_mnist,topk_softmax_025,0,9,0.3214070498943329,0.8730833333333333,0.870115056890084,0.33985206009225644,0.25999935954175096,2.436252391084712,nan,nan
fashion_mnist,topk_softmax_025,0,10,0.31409281492233276,0.87875,0.8776606421842192,0.3224022848174927,0.2599992130665069,2.433021930938071,nan,nan
fashion_mnist,topk_softmax_025,0,11,0.30583420395851135,0.8775,0.8757748967635097,0.3304148918770729,0.2599989185307888,2.4239134255875934,nan,nan
fashion_mnist,topk_softmax_025,0,12,0.29984915256500244,0.88825,0.8870819356819906,0.30786268381362264,0.259998786322614,2.414325366628931,nan,nan
fashion_mnist,topk_softmax_025,0,13,0.2932962477207184,0.8830833333333333,0.8817338620212809,0.3099311431671711,0.259998526979,2.411771201072855,nan,nan
fashion_mnist,topk_softmax_025,0,14,0.2891055941581726,0.87975,0.8789181972914124,0.32111152530984677,0.25999836877305454,2.403342533618846,nan,nan
fashion_mnist,topk_softmax_025,0,15,0.27920955419540405,0.8856666666666667,0.8840693012186354,0.3070002258458036,0.2599981106976245,2.3998180780004947,nan,nan
fashion_mnist,topk_softmax_025,0,16,0.2745765149593353,0.8799166666666667,0.8793291897023374,0.3154412989920758,0.25999851524829865,2.401675526131975,nan,nan
fashion_mnist,topk_softmax_025,0,17,0.26862815022468567,0.8866666666666667,0.8840342578456927,0.3086092253314688,0.25999808977258965,2.388219397118751,nan,nan
fashion_mnist,topk_softmax_025,1,0,1.056563138961792,0.788,0.7845687722695533,0.5833501365590603,0.25999999046325684,2.53027757938872,nan,nan
fashion_mnist,topk_softmax_025,1,1,0.5361659526824951,0.8204166666666667,0.8182946047539627,0.49095547643113646,0.25999999046325684,2.537244956544105,nan,nan
fashion_mnist,topk_softmax_025,1,2,0.4704233705997467,0.8405833333333333,0.8378064049237548,0.43383127767988977,0.25999999046325684,2.531884553584647,nan,nan
fashion_mnist,topk_softmax_025,1,3,0.427204430103302,0.8539166666666667,0.8525652796183237,0.40061740291879533,0.25999999046325684,2.5305156327308493,nan,nan
fashion_mnist,topk_softmax_025,1,4,0.40347543358802795,0.8593333333333333,0.8579335781066975,0.39265118317401154,0.25999999046325684,2.52056105086144,nan,nan
fashion_mnist,topk_softmax_025,1,5,0.3894883394241333,0.8613333333333333,0.859647846418319,0.381937656630861,0.25999999046325684,2.512470676543865,nan,nan
fashion_mnist,topk_softmax_025,1,6,0.3666835129261017,0.8675,0.8647905597386245,0.36346295349141383,0.25999999046325684,2.5031720120856105,nan,nan
fashion_mnist,topk_softmax_025,1,7,0.3562062680721283,0.8718333333333333,0.8702888799779755,0.35246616665353164,0.25999999046325684,2.4941960471741695,nan,nan
fashion_mnist,topk_softmax_025,1,8,0.3390806317329407,0.8683333333333333,0.8681879473682004,0.35659659099071583,0.25999999046325684,2.4874736451088113,nan,nan
fashion_mnist,topk_softmax_025,1,9,0.3301757574081421,0.8748333333333334,0.8744951189801904,0.34547655950201317,0.25999999046325684,2.4806478023529053,nan,nan
fashion_mnist,topk_softmax_025,1,10,0.32277190685272217,0.8728333333333333,0.8715565845333073,0.3531119924910525,0.25999999046325684,2.476942764951828,nan,nan
fashion_mnist,topk_softmax_025,1,11,0.31655317544937134,0.88,0.87921823606844,0.3276981828694648,0.25999999046325684,2.4656633696657546,nan,nan
fashion_mnist,topk_softmax_025,1,12,0.3064740300178528,0.8785,0.8771632055548343,0.3327115818541101,0.25999999046325684,2.4520535037872637,nan,nan
fashion_mnist,topk_softmax_025,1,13,0.30058854818344116,0.8813333333333333,0.87979591727734,0.3304651360562507,0.25999999046325684,2.4527968244349703,nan,nan
fashion_mnist,topk_softmax_025,1,14,0.29495903849601746,0.8841666666666667,0.8825975307376609,0.31610753751815635,0.25999999046325684,2.453324188577368,nan,nan
fashion_mnist,topk_softmax_025,1,15,0.28367239236831665,0.8788333333333334,0.8770707629899581,0.3413376636961673,0.25999999046325684,2.450723412189078,nan,nan
fashion_mnist,topk_softmax_025,1,16,0.2809097468852997,0.8804166666666666,0.8801378595396383,0.3254729084512021,0.25999999046325684,2.444786840296806,nan,nan
fashion_mnist,topk_softmax_025,1,17,0.2751021087169647,0.8891666666666667,0.8865478911905624,0.32343053056838666,0.25999999046325684,2.423387887630057,nan,nan
fashion_mnist,topk_softmax_025,1,18,0.26965442299842834,0.8868333333333334,0.8863273973683448,0.3128165196865163,0.25999999046325684,2.4321536307639264,nan,nan
fashion_mnist,topk_softmax_025,1,19,0.2660151720046997,0.8868333333333334,0.8860468566934194,0.3120728892848847,0.25999999046325684,2.4226881088094507,nan,nan
fashion_mnist,topk_softmax_025,1,20,0.25930893421173096,0.888,0.8866297537444234,0.3209120678774854,0.25999999046325684,2.4215072849963573,nan,nan
fashion_mnist,topk_softmax_025,1,21,0.2525595724582672,0.8890833333333333,0.8880572180075472,0.3110442465924202,0.25999999046325684,2.414698042768113,nan,nan
fashion_mnist,topk_softmax_025,1,22,0.24641072750091553,0.88325,0.8835219843902948,0.3148346942790011,0.25999999046325684,2.425427558574271,nan,nan
fashion_mnist,topk_softmax_025,2,0,1.0412265062332153,0.7815833333333333,0.7759963918913475,0.6017163535381885,0.25999999046325684,2.5169218981519657,nan,nan
fashion_mnist,topk_softmax_025,2,1,0.5254606008529663,0.83,0.8272426934255565,0.46724411464752036,0.25999999046325684,2.5194587504610104,nan,nan
fashion_mnist,topk_softmax_025,2,2,0.4608820080757141,0.8345833333333333,0.8258710428078186,0.4561348424312916,0.25999999046325684,2.508319362680963,nan,nan
fashion_mnist,topk_softmax_025,2,3,0.42556723952293396,0.8475,0.8441529356001409,0.4209954833730738,0.25999999046325684,2.4993402856461544,nan,nan
fashion_mnist,topk_softmax_025,2,4,0.4043720066547394,0.85675,0.8549887255770034,0.39671479387486236,0.25999999046325684,2.4887462727566985,nan,nan
fashion_mnist,topk_softmax_025,2,5,0.3808302581310272,0.86575,0.8648494698618739,0.3697999639714018,0.25999999046325684,2.4795686108000736,nan,nan
fashion_mnist,topk_softmax_025,2,6,0.36445343494415283,0.8706666666666667,0.8694902410809549,0.3622696818189418,0.25999999046325684,2.471635803263238,nan,nan
fashion_mnist,topk_softmax_025,2,7,0.3506624698638916,0.869,0.8693538199376357,0.3581775382478186,0.25999999046325684,2.45748763135139,nan,nan
fashion_mnist,topk_softmax_025,2,8,0.3409186005592346,0.87475,0.8760306451188009,0.34416146227653993,0.25999999046325684,2.455872561069245,nan,nan
fashion_mnist,topk_softmax_025,2,9,0.3304217457771301,0.8711666666666666,0.8731541530769352,0.35464429918755874,0.25999999046325684,2.4390919842618577,nan,nan
fashion_mnist,topk_softmax_025,2,10,0.32379406690597534,0.8760833333333333,0.876661109919216,0.3405659490443291,0.25999999046325684,2.428931401131001,nan,nan
fashion_mnist,topk_softmax_025,2,11,0.31589698791503906,0.88325,0.8835462175576326,0.3203261012726642,0.25999999046325684,2.423865894053845,nan,nan
fashion_mnist,topk_softmax_025,2,12,0.30852222442626953,0.88525,0.8848987374631407,0.3179105558293931,0.25999999046325684,2.413339378985953,nan,nan
fashion_mnist,topk_softmax_025,2,13,0.3009212613105774,0.879,0.8792936644201633,0.3302737699544176,0.25999999046325684,2.4119275909789066,nan,nan
fashion_mnist,topk_softmax_025,2,14,0.2952284514904022,0.8811666666666667,0.8813761637115999,0.31801050267320996,0.25999999046325684,2.3898009239359106,nan,nan
fashion_mnist,topk_softmax_025,2,15,0.2880714535713196,0.8860833333333333,0.8866884385257932,0.30870686186120866,0.25999999046325684,2.4044556820646243,nan,nan
fashion_mnist,topk_softmax_025,2,16,0.28418439626693726,0.8836666666666667,0.883914248664933,0.3244589865207672,0.25999999046325684,2.3728429053692106,nan,nan
fashion_mnist,topk_softmax_025,2,17,0.27783870697021484,0.88575,0.8858897235273423,0.3088352914820326,0.25999999046325684,2.386253960589145,nan,nan
fashion_mnist,topk_softmax_025,2,18,0.2746097445487976,0.8829166666666667,0.8826550770444971,0.32459212649375835,0.25999999046325684,2.397602134562553,nan,nan
fashion_mnist,topk_softmax_025,2,19,0.2670650780200958,0.8855,0.886191792399677,0.3147612645270977,0.25999999046325684,2.395656316838366,nan,nan
fashion_mnist,topk_softmax_025,2,20,0.26393210887908936,0.88575,0.8848752022571305,0.3098030879776529,0.25999999046325684,2.390542928208696,nan,nan
fashion_mnist,topk_softmax_025,3,0,1.0215892791748047,0.784,0.7806556206058928,0.5922533508310927,0.25999999046325684,2.5204636822355555,nan,nan
fashion_mnist,topk_softmax_025,3,1,0.5263653993606567,0.80675,0.8034067714034044,0.5173009310631042,0.25999999046325684,2.4997807081709515,nan,nan
fashion_mnist,topk_softmax_025,3,2,0.4608018696308136,0.8373333333333334,0.8359893633345488,0.44342277785564993,0.25999999046325684,2.4937721744496772,nan,nan
fashion_mnist,topk_softmax_025,3,3,0.42489635944366455,0.8509166666666667,0.8506445067195226,0.3969122437720603,0.25999999046325684,2.4837612268772533,nan,nan
fashion_mnist,topk_softmax_025,3,4,0.39817264676094055,0.85475,0.8548468809103538,0.3931388005297235,0.25999999046325684,2.4645862731527775,nan,nan
fashion_mnist,topk_softmax_025,3,5,0.37478846311569214,0.8576666666666667,0.8583360873033687,0.3777290899702843,0.25999999046325684,2.4512747855896646,nan,nan
fashion_mnist,topk_softmax_025,3,6,0.35647085309028625,0.8485833333333334,0.8445744270803012,0.40408957638639087,0.25999999046325684,2.446513903901932,nan,nan
fashion_mnist,topk_softmax_025,3,7,0.3445863723754883,0.8695833333333334,0.8661404221418489,0.35389752083636344,0.25999999046325684,2.4373685501991433,nan,nan
fashion_mnist,topk_softmax_025,3,8,0.33203789591789246,0.8745,0.874327931546841,0.3440688284153634,0.2599999451256813,2.4170681288901794,nan,nan
fashion_mnist,topk_softmax_025,3,9,0.32576823234558105,0.8730833333333333,0.872167937228871,0.34197854900613744,0.2599999451256813,2.4058678632086896,nan,nan
fashion_mnist,topk_softmax_025,3,10,0.3149953782558441,0.8779166666666667,0.8777725036746269,0.33012061867308107,0.2599998912278642,2.406469629165974,nan,nan
fashion_mnist,topk_softmax_025,3,11,0.31226614117622375,0.8709166666666667,0.8709910496692659,0.34775417345635434,0.259999820209564,2.388125888844754,nan,nan
fashion_mnist,topk_softmax_025,3,12,0.2962725758552551,0.8706666666666667,0.8710916806536005,0.3398817948838498,0.25999979547997737,2.3855055266238274,nan,nan
fashion_mnist,topk_softmax_025,3,13,0.29303327202796936,0.8786666666666667,0.8774555965639024,0.33177306233568393,0.2599998449391507,2.376067415196845,nan,nan
fashion_mnist,topk_softmax_025,3,14,0.28622403740882874,0.8803333333333333,0.8783732207049418,0.32009030434679475,0.25999979960157515,2.372333957793865,nan,nan
fashion_mnist,topk_softmax_025,3,15,0.28204333782196045,0.8824166666666666,0.8811828133094146,0.31851120483368,0.25999973365601076,2.379101149579312,nan,nan
fashion_mnist,topk_softmax_025,3,16,0.2743815779685974,0.8831666666666667,0.883317841522881,0.31792893561911073,0.2599996756365959,2.362463484419153,nan,nan
fashion_mnist,topk_softmax_025,3,17,0.27113157510757446,0.8848333333333334,0.884344581483081,0.3145000097599435,0.2599997542639996,2.350016304787169,nan,nan
fashion_mnist,topk_softmax_025,3,18,0.2658652663230896,0.8824166666666666,0.8813767257749466,0.32486171988730733,0.25999968387979144,2.3569949155158185,nan,nan
fashion_mnist,topk_softmax_025,3,19,0.25887003540992737,0.87975,0.8799188484912743,0.32381189471863686,0.25999962966492834,2.3392758699173624,nan,nan
fashion_mnist,topk_softmax_025,3,20,0.252806156873703,0.8821666666666667,0.8816185272323445,0.32426535861289246,0.2599994096350163,2.3439882714697657,nan,nan
fashion_mnist,topk_softmax_025,3,21,0.2510831356048584,0.8866666666666667,0.8837191635820746,0.32292578163299157,0.25999956371936395,2.339655427222556,nan,nan
fashion_mnist,topk_softmax_025,3,22,0.2483665645122528,0.8848333333333334,0.8840496649016725,0.3131211498316298,0.2599996090569395,2.3411867187378252,nan,nan
fashion_mnist,topk_softmax_025,3,23,0.2455884963274002,0.88725,0.8858639021062492,0.313042366124214,0.2599995966921461,2.331231670176729,nan,nan
fashion_mnist,topk_softmax_025,3,24,0.23768770694732666,0.888,0.8882644967056208,0.31659239911018533,0.25999957227960546,2.3420552979124354,nan,nan
fashion_mnist,topk_softmax_025,3,25,0.2343635857105255,0.8856666666666667,0.8855969730925924,0.32000650687420623,0.25999959288759433,2.3199361917820385,nan,nan
fashion_mnist,topk_softmax_025,3,26,0.23168258368968964,0.88875,0.8877713678410311,0.3191415591442839,0.25999962966492834,2.338944559401654,nan,nan
fashion_mnist,topk_softmax_025,3,27,0.22504965960979462,0.8801666666666667,0.8791243692829894,0.34343729342551943,0.2599994096350163,2.329868828996699,nan,nan
fashion_mnist,topk_softmax_025,3,28,0.22318997979164124,0.88825,0.8881891793884764,0.32837690539816594,0.2599992181392426,2.3234812858256886,nan,nan
fashion_mnist,topk_softmax_025,3,29,0.21877521276474,0.8854166666666666,0.8850850826445213,0.32513047723059957,0.25999937254063626,2.329447031021118,nan,nan
fashion_mnist,topk_softmax_025,4,0,1.0492523908615112,0.78975,0.7814685121521686,0.5697586631521265,0.25999999046325684,2.5452601529182273,nan,nan
fashion_mnist,topk_softmax_025,4,1,0.539124071598053,0.83275,0.8308596529946689,0.46639131168101694,0.25999999046325684,2.531709868857201,nan,nan
fashion_mnist,topk_softmax_025,4,2,0.47601693868637085,0.83775,0.8360785267779564,0.4422179276638843,0.25999999046325684,2.515244202410921,nan,nan
fashion_mnist,topk_softmax_025,4,3,0.4368878901004791,0.8461666666666666,0.8432868052312011,0.42118716556975183,0.25999999046325684,2.5115337270371456,nan,nan
fashion_mnist,topk_softmax_025,4,4,0.41118526458740234,0.8535833333333334,0.853768083370127,0.39970004812200016,0.25999999046325684,2.4985179064121654,nan,nan
fashion_mnist,topk_softmax_025,4,5,0.3865029513835907,0.8613333333333333,0.8583674080296347,0.3725355305570237,0.25999999046325684,2.4906569389586752,nan,nan
fashion_mnist,topk_softmax_025,4,6,0.36838197708129883,0.863,0.8620675220978542,0.3604084785948408,0.25999999046325684,2.4849922961377082,nan,nan
fashion_mnist,topk_softmax_025,4,7,0.36253833770751953,0.8564166666666667,0.8530102441805871,0.3866771383488432,0.25999999046325684,2.4877816540129642,nan,nan
fashion_mnist,topk_softmax_025,4,8,0.3472056984901428,0.8695,0.8681752779761714,0.348907305205122,0.25999999046325684,2.4767395714496043,nan,nan
fashion_mnist,topk_softmax_025,4,9,0.3353103995323181,0.86375,0.8622990581616989,0.36648675165277844,0.25999999046325684,2.465927116414334,nan,nan
fashion_mnist,topk_softmax_025,4,10,0.3255477845668793,0.8715833333333334,0.8701963133188955,0.3480465567492424,0.25999999046325684,2.4702696090048932,nan,nan
fashion_mnist,topk_softmax_025,4,11,0.31700241565704346,0.8783333333333333,0.8766705753029896,0.3293118286640086,0.25999999046325684,2.4595327909956586,nan,nan
fashion_mnist,topk_softmax_025,4,12,0.3108113408088684,0.8751666666666666,0.8748356683394594,0.3316153256182975,0.25999999046325684,2.461767353910081,nan,nan
fashion_mnist,topk_softmax_025,4,13,0.3027501106262207,0.8759166666666667,0.8744567465498457,0.3274728519485352,0.25999999046325684,2.4566664924012853,nan,nan
fashion_mnist,topk_softmax_025,4,14,0.2916654646396637,0.8783333333333333,0.8776537492904778,0.32821039284797426,0.25999999046325684,2.4475632297231797,nan,nan
fashion_mnist,topk_softmax_025,4,15,0.2879188060760498,0.8794166666666666,0.8787994331819498,0.32568414477591817,0.25999999046325684,2.438373938519904,nan,nan
fashion_mnist,topk_softmax_025,4,16,0.28212350606918335,0.88075,0.8784357345486093,0.3218834311404127,0.25999999046325684,2.441516637802124,nan,nan
fashion_mnist,topk_softmax_025,4,17,0.27781760692596436,0.8783333333333333,0.8786817058353644,0.32938463351827985,0.25999999046325684,2.432637503806581,nan,nan
fashion_mnist,topk_softmax_025,4,18,0.26956111192703247,0.8875833333333333,0.886449376044529,0.3125753101516277,0.25999999046325684,2.444368575481658,nan,nan
fashion_mnist,topk_softmax_025,4,19,0.2634679079055786,0.8856666666666667,0.8837970211434968,0.3144718113731831,0.25999999046325684,2.4377257570307305,nan,nan
fashion_mnist,topk_softmax_025,4,20,0.26085221767425537,0.8828333333333334,0.8829820407879708,0.32308273524680037,0.25999999046325684,2.424762041010755,nan,nan
fashion_mnist,topk_softmax_025,4,21,0.25510695576667786,0.8903333333333333,0.888903959165679,0.3048841398447118,0.25999999046325684,2.4235672849289913,nan,nan
fashion_mnist,topk_softmax_025,4,22,0.24949243664741516,0.8899166666666667,0.8883662160646866,0.3108840562561725,0.25999999046325684,2.424929159752866,nan,nan
fashion_mnist,topk_softmax_025,4,23,0.24672050774097443,0.8845,0.8829558232865586,0.31543401327539,0.25999999046325684,2.415352128921671,nan,nan
fashion_mnist,topk_softmax_025,4,24,0.24257023632526398,0.8880833333333333,0.8878029955356525,0.30912967501802646,0.25999999046325684,2.4037105276229536,nan,nan
fashion_mnist,topk_softmax_025,4,25,0.23578232526779175,0.8913333333333333,0.8903659292250452,0.3096126761842281,0.25999999046325684,2.4041024979124677,nan,nan
fashion_mnist,topk_softmax_025,4,26,0.23351989686489105,0.8870833333333333,0.8852201798986398,0.3171207587769691,0.25999999046325684,2.4029979376082724,nan,nan
fashion_mnist,topk_softmax_025,4,27,0.2306782603263855,0.8896666666666667,0.8893172263865952,0.31067123311631223,0.25999999046325684,2.401075743614359,nan,nan
fashion_mnist,topk_softmax_025,4,28,0.22658298909664154,0.88925,0.8882437042681142,0.3179441363887584,0.25999999046325684,2.4024255706908857,nan,nan
fashion_mnist,topk_softmax_025,4,29,0.21923550963401794,0.8836666666666667,0.8839891567351031,0.3274923632753656,0.25999999046325684,2.4019578872842993,nan,nan
fashion_mnist,topk_softmax_025,5,0,1.0306651592254639,0.80075,0.7960278907515508,0.5505432144124457,0.25999999046325684,2.4799091511584344,nan,nan
fashion_mnist,topk_softmax_025,5,1,0.5223313570022583,0.8204166666666667,0.8182843272611366,0.4839662326143143,0.25999999046325684,2.4679702317461056,nan,nan
fashion_mnist,topk_softmax_025,5,2,0.4636976718902588,0.8365,0.8352109324148195,0.4368427294365903,0.25999999046325684,2.4631642990923943,nan,nan
fashion_mnist,topk_softmax_025,5,3,0.4249211847782135,0.8455833333333334,0.8439406642105081,0.4211878757527534,0.25999987759488696,2.457817666074063,nan,nan
fashion_mnist,topk_softmax_025,5,4,0.4038638174533844,0.85425,0.8540266037715234,0.39264964550099474,0.25999999046325684,2.4573824583215917,nan,nan
fashion_mnist,topk_softmax_025,5,5,0.3820265829563141,0.8551666666666666,0.8534005382424914,0.39280115797164594,0.25999999046325684,2.4453475526038635,nan,nan
fashion_mnist,topk_softmax_025,5,6,0.3660130500793457,0.8551666666666666,0.8529483370184338,0.38871519362672846,0.25999999046325684,2.443382740020752,nan,nan
fashion_mnist,topk_softmax_025,5,7,0.3560880124568939,0.8664166666666666,0.865392838854459,0.3640005017848725,0.25999999046325684,2.4135884832828602,nan,nan
fashion_mnist,topk_softmax_025,5,8,0.3367241621017456,0.871,0.8699395609142252,0.3464341810409059,0.25999999046325684,2.4065553127451147,nan,nan
fashion_mnist,topk_softmax_025,5,9,0.3277016282081604,0.8686666666666667,0.8660273370538606,0.35313687108932656,0.25999999046325684,2.412673569740133,nan,nan
fashion_mnist,topk_softmax_025,5,10,0.32152098417282104,0.8765833333333334,0.8757167930820277,0.331327904412087,0.25999999046325684,2.38887420613715,nan,nan
fashion_mnist,topk_softmax_025,5,11,0.3107849657535553,0.8734166666666666,0.8739585906592271,0.3395820481980101,0.25999999046325684,2.3860866161102945,nan,nan
fashion_mnist,topk_softmax_025,5,12,0.3017590343952179,0.8708333333333333,0.8687690839861286,0.3410421292832557,0.25999998634165905,2.3780583472962076,nan,nan
fashion_mnist,topk_softmax_025,5,13,0.2968043386936188,0.8800833333333333,0.8780831808899849,0.3283187918206479,0.25999991595745087,2.3619267433247666,nan,nan
fashion_mnist,topk_softmax_025,5,14,0.2877669930458069,0.8806666666666667,0.8786712372065196,0.3250661146767596,0.2599999448086353,2.3497261975673918,nan,nan
fashion_mnist,topk_softmax_025,5,15,0.28251364827156067,0.8815833333333334,0.8794445868647573,0.318213034183421,0.2599999657336702,2.356301414205673,nan,nan
fashion_mnist,topk_softmax_025,5,16,0.2790842652320862,0.88225,0.8805577313661421,0.3179482551331216,0.25999995717342866,2.355285855049783,nan,nan
fashion_mnist,topk_softmax_025,5,17,0.2741430103778839,0.88,0.8803205464385752,0.32478464474069313,0.25999903995940027,2.3375579524547496,nan,nan
fashion_mnist,topk_softmax_025,5,18,0.2707420289516449,0.879,0.8791799105398109,0.32075133317328514,0.2599999077142553,2.330368457956517,nan,nan
fashion_mnist,topk_softmax_025,5,19,0.26504701375961304,0.8818333333333334,0.8780101259809345,0.33231069242700617,0.25999971177983794,2.3309538668774543,nan,nan
fashion_mnist,topk_softmax_025,5,20,0.2590814530849457,0.88325,0.8831642482610722,0.31538045881910526,0.2599998782289789,2.3463621697527297,nan,nan
fashion_mnist,topk_softmax_025,5,21,0.24855093657970428,0.88475,0.8840955508981001,0.31727905191005545,0.2599999574904746,2.324630519177051,nan,nan
fashion_mnist,topk_softmax_025,5,22,0.2504070997238159,0.8839166666666667,0.8833220892852923,0.3194277895257828,0.2599992894745888,2.2964940299379064,nan,nan
fashion_mnist,topk_softmax_025,5,23,0.24225682020187378,0.89075,0.8884111528303587,0.31594729994205717,0.25999999046325684,2.3012135510749006,nan,nan
fashion_mnist,topk_softmax_025,5,24,0.2430916428565979,0.8833333333333333,0.8821512052078908,0.3111723299990309,0.25999993656543974,2.30128580204984,nan,nan
fashion_mnist,topk_softmax_025,5,25,0.2342848777770996,0.88775,0.8851152586266405,0.3161526902558956,0.2599999283222442,2.3006500690541367,nan,nan
fashion_mnist,topk_softmax_025,5,26,0.23100940883159637,0.8865,0.8849877260044765,0.32022885629471315,0.259999895349462,2.309161181145526,nan,nan
fashion_mnist,topk_softmax_025,5,27,0.2254321426153183,0.8889166666666667,0.8891492654973531,0.3152281321743701,0.2599994758976267,2.288496271092841,nan,nan
fashion_mnist,topk_softmax_025,5,28,0.22196921706199646,0.8846666666666667,0.8826009662974554,0.32136292470262406,0.25999990327561157,2.3080806909723486,nan,nan
fashion_mnist,topk_softmax_025,6,0,1.062838077545166,0.7676666666666667,0.7607062434455887,0.6344130153351641,0.25999999046325684,2.4944727978807815,nan,nan
fashion_mnist,topk_softmax_025,6,1,0.542794406414032,0.8234166666666667,0.8209282309700079,0.49407579353515135,0.25999998634165905,2.4686211170034205,nan,nan
fashion_mnist,topk_softmax_025,6,2,0.46713173389434814,0.827,0.8258384609056598,0.47415697447797084,0.2599997548980916,2.4560192595136927,nan,nan
fashion_mnist,topk_softmax_025,6,3,0.4350644648075104,0.8410833333333333,0.8386998493430236,0.43371117432066736,0.2599983462627898,2.4397086919622217,nan,nan
fashion_mnist,topk_softmax_025,6,4,0.4058651030063629,0.8504166666666667,0.8480669433343355,0.4089405701515522,0.2599936134003578,2.408175488735767,nan,nan
fashion_mnist,topk_softmax_025,6,5,0.3855123221874237,0.8630833333333333,0.862776350816057,0.38212198843347267,0.25999460448610023,2.410116360542622,nan,nan
fashion_mnist,topk_softmax_025,6,6,0.3680877089500427,0.84775,0.8490134922534243,0.39617699701735315,0.25999290194917235,2.3984882704755095,nan,nan
fashion_mnist,topk_softmax_025,6,7,0.3545054495334625,0.8608333333333333,0.8601792946512301,0.3865476371125972,0.25999943182823504,2.3943832985898283,nan,nan
fashion_mnist,topk_softmax_025,6,8,0.3402504622936249,0.86725,0.8680643952275743,0.3703563349678161,0.2599982885604209,2.388062243765973,nan,nan
fashion_mnist,topk_softmax_025,6,9,0.3333098590373993,0.8715833333333334,0.8704855491443789,0.3538910359778303,0.25999991627449687,2.387996011591972,nan,nan
fashion_mnist,topk_softmax_025,6,10,0.3192631006240845,0.87475,0.8729193441796032,0.34586399983852467,0.25999830441272004,2.3718585283198257,nan,nan
fashion_mnist,topk_softmax_025,6,11,0.31778696179389954,0.8736666666666667,0.8738172350491696,0.34582511319759046,0.25999999046325684,2.36463903619888,nan,nan
fashion_mnist,topk_softmax_025,6,12,0.30582931637763977,0.87825,0.8778861326500547,0.3473692238330841,0.25999999046325684,2.375962424785533,nan,nan
fashion_mnist,topk_softmax_025,6,13,0.3007262647151947,0.87125,0.8738181779464229,0.3534072047852455,0.25999999046325684,2.373426693551084,nan,nan
fashion_mnist,topk_softmax_025,6,14,0.29418841004371643,0.86525,0.8666765968317197,0.35151168640623703,0.25999999046325684,2.366374665118278,nan,nan
fashion_mnist,topk_softmax_025,6,15,0.28893423080444336,0.8805833333333334,0.8791178294478952,0.3324381496678007,0.25999999046325684,2.3684344621414835,nan,nan
fashion_mnist,topk_softmax_025,6,16,0.2810189723968506,0.885,0.8827265167427937,0.32682339751974065,0.25999999046325684,2.370774893050498,nan,nan
fashion_mnist,topk_softmax_025,6,17,0.2735404968261719,0.8831666666666667,0.8823316230570672,0.3339214083996225,0.25999999046325684,2.3662851541600327,nan,nan
fashion_mnist,topk_softmax_025,6,18,0.27029114961624146,0.8798333333333334,0.8799195889931097,0.3372107205238748,0.25999999046325684,2.3649191729565886,nan,nan
fashion_mnist,topk_softmax_025,6,19,0.26209476590156555,0.8806666666666667,0.8800051354930598,0.32720907412944955,0.25999999046325684,2.3534891656104553,nan,nan
fashion_mnist,topk_softmax_025,6,20,0.2598567306995392,0.8796666666666667,0.8797213853580977,0.33468513602906086,0.25999999046325684,2.356755005552414,nan,nan
fashion_mnist,topk_softmax_025,6,21,0.2575017213821411,0.8823333333333333,0.8829288909152352,0.32702142222130554,0.25999999046325684,2.355371153101008,nan,nan
fashion_mnist,topk_softmax_025,7,0,1.070043921470642,0.7759166666666667,0.7754091584469947,0.6216871852570391,0.25999999046325684,2.5236094834956715,nan,nan
fashion_mnist,topk_softmax_025,7,1,0.5321708917617798,0.82375,0.8196186627061575,0.4812449660707027,0.25999999046325684,2.498322674568663,nan,nan
fashion_mnist,topk_softmax_025,7,2,0.45616331696510315,0.8378333333333333,0.8355531660506573,0.43576286574627493,0.25999999046325684,2.4514848780124745,nan,nan
fashion_mnist,topk_softmax_025,7,3,0.4247470200061798,0.8499166666666667,0.8473518968822302,0.40149170413930363,0.25999999046325684,2.428110845545505,nan,nan
fashion_mnist,topk_softmax_025,7,4,0.39791208505630493,0.8529166666666667,0.8494247714556101,0.39507972560030347,0.25999999046325684,2.405800920851687,nan,nan
fashion_mnist,topk_softmax_025,7,5,0.3751555383205414,0.8624166666666667,0.8605213930028285,0.36939122638803845,0.25999999046325684,2.42072915777247,nan,nan
fashion_mnist,topk_softmax_025,7,6,0.3580058813095093,0.8634166666666667,0.8604656236530287,0.36813268445907754,0.25999999046325684,2.4077251287216836,nan,nan
fashion_mnist,topk_softmax_025,7,7,0.34435877203941345,0.8689166666666667,0.8694425842009015,0.35184449528126005,0.25999999046325684,2.4116485727594252,nan,nan
fashion_mnist,topk_softmax_025,7,8,0.3323865234851837,0.87375,0.871407749686927,0.34956374954670033,0.25999999046325684,2.385374903678894,nan,nan
fashion_mnist,topk_softmax_025,7,9,0.321593701839447,0.87675,0.8745964292659766,0.33514927359337504,0.25999999046325684,2.3899675227226096,nan,nan
fashion_mnist,topk_softmax_025,7,10,0.3142566680908203,0.8786666666666667,0.8775140042699257,0.3312923844824446,0.25999999046325684,2.3720627084691475,nan,nan
fashion_mnist,topk_softmax_025,7,11,0.30800896883010864,0.8784166666666666,0.8779313715045802,0.332311195578981,0.25999999046325684,2.3762041355701204,nan,nan
fashion_mnist,topk_softmax_025,7,12,0.3001495897769928,0.8814166666666666,0.8812180370570672,0.3261056418748612,0.25999999046325684,2.357558306227339,nan,nan
fashion_mnist,topk_softmax_025,7,13,0.2873908579349518,0.8834166666666666,0.8833107189343179,0.32045208932237423,0.25999999046325684,2.3505167073391853,nan,nan
fashion_mnist,topk_softmax_025,7,14,0.2851465344429016,0.8803333333333333,0.8807482703206595,0.31703117362996364,0.25999999046325684,2.355995515559582,nan,nan
fashion_mnist,topk_softmax_025,7,15,0.277689129114151,0.8783333333333333,0.877995318108227,0.3334773816960923,0.25999999046325684,2.3611130689052824,nan,nan
fashion_mnist,topk_softmax_025,7,16,0.2753896415233612,0.88375,0.883554417250591,0.3150345968439224,0.25999999046325684,2.3565716007922557,nan,nan
fashion_mnist,topk_softmax_025,7,17,0.26893651485443115,0.8876666666666667,0.8871527919482209,0.3103463589511019,0.25999998634165905,2.340754618035986,nan,nan
fashion_mnist,topk_softmax_025,7,18,0.2630615234375,0.88725,0.8868829738800746,0.31084503296841964,0.2599999780984635,2.34032762811539,nan,nan
fashion_mnist,topk_softmax_025,7,19,0.2598186731338501,0.8841666666666667,0.883921724586379,0.3181296187512418,0.25999997397686575,2.3377175305752043,nan,nan
fashion_mnist,topk_softmax_025,7,20,0.2525596022605896,0.8898333333333334,0.8901481605619954,0.3146203949730447,0.25999992007904865,2.3183975929909564,nan,nan
fashion_mnist,topk_softmax_025,7,21,0.24925187230110168,0.8890833333333333,0.8894510733901957,0.3076359727915297,0.259999858255082,2.3247915227362452,nan,nan
fashion_mnist,topk_softmax_025,7,22,0.2437150776386261,0.8941666666666667,0.8936096571837444,0.29563283254491524,0.2599998541334842,2.3322688746959606,nan,nan
fashion_mnist,topk_softmax_025,7,23,0.24187907576560974,0.8834166666666666,0.8828574609582972,0.3174120244827676,0.25999987886307085,2.335140306898888,nan,nan
fashion_mnist,topk_softmax_025,7,24,0.2354954183101654,0.8928333333333334,0.891285538837481,0.30778266933370146,0.25999976694583893,2.3214192263623503,nan,nan
fashion_mnist,topk_softmax_025,7,25,0.2300812005996704,0.8889166666666667,0.8894960943881364,0.3145773471035856,0.2599997425332983,2.3197174478084484,nan,nan
fashion_mnist,topk_softmax_025,7,26,0.22914907336235046,0.8876666666666667,0.8874385846216375,0.31281259243792675,0.2599998249652538,2.3102355180902685,nan,nan
fashion_mnist,topk_softmax_025,7,27,0.22454561293125153,0.88425,0.884342639693183,0.32195183634757996,0.25999954659888086,2.3170961141586304,nan,nan
fashion_mnist,topk_softmax_025,8,0,1.0486674308776855,0.7949166666666667,0.7945041029675964,0.5706761485718667,0.25999999046325684,2.522816650410916,nan,nan
fashion_mnist,topk_softmax_025,8,1,0.5373167991638184,0.8259166666666666,0.8250877888231161,0.48109821182616214,0.25999999046325684,2.502011829234184,nan,nan
fashion_mnist,topk_softmax_025,8,2,0.4703037142753601,0.8366666666666667,0.8385993458014542,0.44960636471180204,0.25999999046325684,2.4872957848488015,nan,nan
fashion_mnist,topk_softmax_025,8,3,0.42936018109321594,0.8496666666666667,0.8497221765502786,0.42218378122816697,0.25999999046325684,2.4716485662663237,nan,nan
fashion_mnist,topk_softmax_025,8,4,0.40236884355545044,0.8548333333333333,0.8551093423344241,0.39836642336338124,0.25999999046325684,2.4677089224470423,nan,nan
fashion_mnist,topk_softmax_025,8,5,0.38198819756507874,0.8558333333333333,0.8535011761159911,0.3988680750765699,0.25999999046325684,2.4548474499519837,nan,nan
fashion_mnist,topk_softmax_025,8,6,0.3691613972187042,0.8630833333333333,0.8631583058434582,0.37260612782011643,0.25999999046325684,2.44883944886796,nan,nan
fashion_mnist,topk_softmax_025,8,7,0.3530527353286743,0.8656666666666667,0.864703543186638,0.3696602487817724,0.25999999046325684,2.448654608523592,nan,nan
fashion_mnist,topk_softmax_025,8,8,0.3444099724292755,0.8726666666666667,0.8728759643785111,0.35737053923150325,0.25999999046325684,2.4402118642279444,nan,nan
fashion_mnist,topk_softmax_025,8,9,0.3312462866306305,0.8634166666666667,0.8645578283129056,0.3641932118446269,0.25999999046325684,2.4217273757812823,nan,nan
fashion_mnist,topk_softmax_025,8,10,0.3245629668235779,0.87475,0.873788584363299,0.34209349180789705,0.25999999046325684,2.4295942352173174,nan,nan
fashion_mnist,topk_softmax_025,8,11,0.3162294924259186,0.8801666666666667,0.8807999399152845,0.3315742142657016,0.25999999046325684,2.4232515882938466,nan,nan
fashion_mnist,topk_softmax_025,8,12,0.3077779710292816,0.8744166666666666,0.8751317731301922,0.35156223875411013,0.25999999046325684,2.42306328073461,nan,nan
fashion_mnist,topk_softmax_025,8,13,0.302157461643219,0.8755,0.8763735507771102,0.33921351458163973,0.25999999046325684,2.418857696208548,nan,nan
fashion_mnist,topk_softmax_025,8,14,0.29844436049461365,0.8785833333333334,0.8792048950917508,0.334206945084511,0.25999999046325684,2.421883002240607,nan,nan
fashion_mnist,topk_softmax_025,8,15,0.29152968525886536,0.8781666666666667,0.8772031513384755,0.32652708253961926,0.25999999046325684,2.4124009888222875,nan,nan
fashion_mnist,topk_softmax_025,8,16,0.2849123179912567,0.8815,0.8834732246917335,0.32660408888725523,0.25999999046325684,2.4118179539416698,nan,nan
fashion_mnist,topk_softmax_025,8,17,0.2781149446964264,0.8803333333333333,0.8801683265881628,0.32545151672464734,0.25999999046325684,2.403841482832077,nan,nan
fashion_mnist,topk_softmax_025,8,18,0.27622729539871216,0.8843333333333333,0.8836623861034185,0.31841830180046404,0.25999999046325684,2.4022810966410537,nan,nan
fashion_mnist,topk_softmax_025,8,19,0.26580750942230225,0.88,0.8800925409281252,0.3280875045568385,0.25999999046325684,2.389079116760416,nan,nan
fashion_mnist,topk_softmax_025,8,20,0.26320794224739075,0.88475,0.8856086701715981,0.32510028018596326,0.25999999046325684,2.391835146761955,nan,nan
fashion_mnist,topk_softmax_025,8,21,0.26229390501976013,0.8865833333333333,0.8860791479362626,0.32291471704523617,0.25999999046325684,2.390826899954613,nan,nan
fashion_mnist,topk_softmax_025,8,22,0.25575146079063416,0.8903333333333333,0.8901399813427947,0.319867231110309,0.25999999046325684,2.38990909748889,nan,nan
fashion_mnist,topk_softmax_025,8,23,0.2507513165473938,0.8853333333333333,0.8860474338127633,0.3207407130839977,0.25999999046325684,2.3878294914326768,nan,nan
fashion_mnist,topk_softmax_025,8,24,0.24629028141498566,0.8855833333333333,0.8860451117402279,0.32007307448285693,0.25999999046325684,2.374989540018934,nan,nan
fashion_mnist,topk_softmax_025,8,25,0.24228332936763763,0.8911666666666667,0.8918407663132077,0.3144859766706507,0.25999999046325684,2.3756044621163226,nan,nan
fashion_mnist,topk_softmax_025,8,26,0.23879845440387726,0.8878333333333334,0.888480989330286,0.32437717977990493,0.25999999046325684,2.3747315381435636,nan,nan
fashion_mnist,topk_softmax_025,8,27,0.23310858011245728,0.8848333333333334,0.8844278877696652,0.3345769868886217,0.25999999046325684,2.3645595515027957,nan,nan
fashion_mnist,topk_softmax_025,8,28,0.23222628235816956,0.8841666666666667,0.886237257776037,0.31715855319449243,0.25999999046325684,2.3784775201310504,nan,nan
fashion_mnist,topk_softmax_025,8,29,0.22722141444683075,0.8834166666666666,0.8835006365751307,0.3237631022930145,0.25999999046325684,2.3686866354435048,nan,nan
fashion_mnist,topk_softmax_025,9,0,1.0528956651687622,0.7955,0.7911637317508079,0.5729321120901311,0.25999999046325684,2.5274985090215156,nan,nan
fashion_mnist,topk_softmax_025,9,1,0.5467149019241333,0.8325,0.8300564345829937,0.46253744655467094,0.25999999046325684,2.5252728690492345,nan,nan
fashion_mnist,topk_softmax_025,9,2,0.4768986999988556,0.83925,0.8358066675218041,0.4333638295214227,0.25999999046325684,2.4867531035808805,nan,nan
fashion_mnist,topk_softmax_025,9,3,0.43465980887413025,0.8498333333333333,0.8499163184237976,0.4104010735420471,0.25999999046325684,2.4817789108195205,nan,nan
fashion_mnist,topk_softmax_025,9,4,0.41268444061279297,0.8551666666666666,0.8548996898734866,0.3980476976709163,0.25999999046325684,2.4819356786443834,nan,nan
fashion_mnist,topk_softmax_025,9,5,0.39004606008529663,0.8651666666666666,0.864165206656992,0.37086777293935735,0.25999999046325684,2.468883220185625,nan,nan
fashion_mnist,topk_softmax_025,9,6,0.3738440275192261,0.8641666666666666,0.8625508629444237,0.36657285183034044,0.25999999046325684,2.471401975509968,nan,nan
fashion_mnist,topk_softmax_025,9,7,0.3606867492198944,0.8681666666666666,0.8680883886406774,0.3654568911866939,0.25999999046325684,2.4637301399352705,nan,nan
fashion_mnist,topk_softmax_025,9,8,0.35264232754707336,0.8748333333333334,0.8743912641249783,0.34759738280418073,0.25999999046325684,2.446856404872651,nan,nan
fashion_mnist,topk_softmax_025,9,9,0.34105798602104187,0.8736666666666667,0.8736094024968756,0.3408771055809995,0.25999999046325684,2.444982092431251,nan,nan
fashion_mnist,topk_softmax_025,9,10,0.33294737339019775,0.8750833333333333,0.8732912745715036,0.34330807594542806,0.25999999046325684,2.445895293925671,nan,nan
fashion_mnist,topk_softmax_025,9,11,0.3255612254142761,0.8815,0.881268041708295,0.3313491074962819,0.25999999046325684,2.442232329794701,nan,nan
fashion_mnist,topk_softmax_025,9,12,0.3143041133880615,0.87975,0.8781858235502893,0.3275074686141724,0.25999999046325684,2.4319655362595904,nan,nan
fashion_mnist,topk_softmax_025,9,13,0.31021571159362793,0.8831666666666667,0.8823002307829121,0.3187919154446176,0.25999999046325684,2.42961863253979,nan,nan
fashion_mnist,topk_softmax_025,9,14,0.30067628622055054,0.8829166666666667,0.88066745585867,0.3150335233262245,0.25999999046325684,2.418693702271644,nan,nan
fashion_mnist,topk_softmax_025,9,15,0.2991526424884796,0.879,0.8798635759249601,0.32999522571868084,0.25999999046325684,2.4150974014972117,nan,nan
fashion_mnist,topk_softmax_025,9,16,0.2872498631477356,0.8795833333333334,0.8799884467825617,0.3230700353358654,0.25999999046325684,2.416678121749391,nan,nan
fashion_mnist,topk_softmax_025,9,17,0.2819453477859497,0.8848333333333334,0.8835115788413773,0.31835698225396747,0.25999999046325684,2.4050277572997074,nan,nan
fashion_mnist,topk_softmax_025,9,18,0.2768133580684662,0.8865833333333333,0.8865593417056198,0.3103237751316517,0.25999999046325684,2.3968020500020777,nan,nan
fashion_mnist,topk_softmax_025,9,19,0.27127450704574585,0.8821666666666667,0.8812112312172464,0.32820477415906624,0.25999999046325684,2.402091160733649,nan,nan
fashion_mnist,topk_softmax_025,9,20,0.2681242823600769,0.887,0.8864689824699369,0.31328628481702603,0.25999999046325684,2.402271308797471,nan,nan
fashion_mnist,topk_softmax_025,9,21,0.2618689239025116,0.8823333333333333,0.8821083025756083,0.3265547714334853,0.25999999046325684,2.3999622755862298,nan,nan
fashion_mnist,topk_softmax_025,9,22,0.2568081021308899,0.8885833333333333,0.889168306720688,0.3101605214971177,0.25999999046325684,2.380924425226577,nan,nan
fashion_mnist,topk_softmax_025,9,23,0.25215551257133484,0.8838333333333334,0.8835005183115925,0.31791811705903805,0.25999999046325684,2.3824557040600065,nan,nan
fashion_mnist,topk_softmax_025,9,24,0.24769006669521332,0.8878333333333334,0.88741897995576,0.3180609621266101,0.25999999046325684,2.3867329612691353,nan,nan
fashion_mnist,topk_softmax_025,9,25,0.2413816601037979,0.8891666666666667,0.8888405447865239,0.3150773634935947,0.25999999046325684,2.378435606652118,nan,nan
fashion_mnist,topk_softmax_025,9,26,0.24154601991176605,0.8895,0.8897812932895391,0.31283988470726826,0.25999999046325684,2.375119041889272,nan,nan
fashion_mnist,topk_softmax_025,9,27,0.23499026894569397,0.87975,0.8797439467447173,0.3463769792876345,0.25999999046325684,2.3897971320659557,nan,nan
fashion_mnist,topk_softmax_025,9,28,0.23495762050151825,0.8901666666666667,0.8905060362259215,0.3155548058925791,0.25999999046325684,2.374089996865455,nan,nan
fashion_mnist,topk_softmax_025,9,29,0.22837550938129425,0.8888333333333334,0.8880877321758252,0.3157264032262437,0.25999999046325684,2.3576677631824574,nan,nan
fashion_mnist,topk_softmax_05,0,0,1.0866997241973877,0.7548333333333334,0.7385110961717081,0.6569642919175168,0.5,3.160426319913661,nan,nan
fashion_mnist,topk_softmax_05,0,1,0.5772751569747925,0.8150833333333334,0.8090572498738944,0.4983385896429102,0.5,3.153622185930293,nan,nan
fashion_mnist,topk_softmax_05,0,2,0.49564915895462036,0.8255833333333333,0.8243232227343332,0.4751714696275427,0.5,3.1514475802157786,nan,nan
fashion_mnist,topk_softmax_05,0,3,0.4552105963230133,0.83525,0.8328131267490079,0.44331073507349544,0.5,3.1435108489178596,nan,nan
fashion_mnist,topk_softmax_05,0,4,0.4271999001502991,0.8504166666666667,0.8491950350354003,0.4043813893135558,0.5,3.127169941334014,nan,nan
fashion_mnist,topk_softmax_05,0,5,0.40585601329803467,0.853,0.8513228962241695,0.3875338042036016,0.5,3.111395518830482,nan,nan
fashion_mnist,topk_softmax_05,0,6,0.3875526487827301,0.8655833333333334,0.8653671224260201,0.36210332652355764,0.4999999873181607,3.094969833150823,nan,nan
fashion_mnist,topk_softmax_05,0,7,0.3725817799568176,0.86175,0.8602003638384546,0.37265619381945186,0.4999999828795169,3.0900541087414357,nan,nan
fashion_mnist,topk_softmax_05,0,8,0.3612138330936432,0.8593333333333333,0.8556646907095876,0.3752662184390616,0.4999999746363214,3.07961753074159,nan,nan
fashion_mnist,topk_softmax_05,0,9,0.350864976644516,0.8706666666666667,0.8676246441819311,0.34263555103159965,0.49999995783288426,3.0646161297534373,nan,nan
fashion_mnist,topk_softmax_05,0,10,0.3439229130744934,0.8743333333333333,0.8726745337024985,0.32872377938412606,0.4999999746363214,3.0523874886492464,nan,nan
fashion_mnist,topk_softmax_05,0,11,0.3308119475841522,0.8730833333333333,0.8716412889810474,0.33037598526224177,0.49999989347254975,3.0499200567286064,nan,nan
fashion_mnist,topk_softmax_05,0,12,0.32273581624031067,0.8763333333333333,0.8745144304813467,0.3221573899400995,0.4999999701976776,3.040172117821714,nan,nan
fashion_mnist,topk_softmax_05,0,13,0.3197934925556183,0.8773333333333333,0.8752434682301914,0.32116531120969893,0.49999991915327435,3.0323222241503127,nan,nan
fashion_mnist,topk_softmax_05,0,14,0.3150472939014435,0.88075,0.8807889581712119,0.31529421723903495,0.49999990615438905,3.020491125735831,nan,nan
fashion_mnist,topk_softmax_05,0,15,0.3044373691082001,0.8784166666666666,0.8765568981402417,0.3196694806535193,0.49999982530766346,3.0155182873949093,nan,nan
fashion_mnist,topk_softmax_05,0,16,0.29931557178497314,0.8713333333333333,0.8713183615628358,0.3328552312673406,0.4999997542893633,3.0022319022645343,nan,nan
fashion_mnist,topk_softmax_05,0,17,0.293112188577652,0.87875,0.8769623654740851,0.3134382928305484,0.49999985542703185,3.0074724212605903,nan,nan
fashion_mnist,topk_softmax_05,0,18,0.2921592593193054,0.8794166666666666,0.877650133026983,0.3150956589490809,0.49999984211110055,3.006102734423698,nan,nan
fashion_mnist,topk_softmax_05,0,19,0.28334784507751465,0.8835,0.8827556032859045,0.30546438250135866,0.49999970451314396,3.007073483568557,nan,nan
fashion_mnist,topk_softmax_05,0,20,0.27958986163139343,0.8841666666666667,0.8835107067740772,0.3126620552007188,0.49999964903009697,2.988119645321623,nan,nan
fashion_mnist,topk_softmax_05,0,21,0.27297714352607727,0.8850833333333333,0.8834043060011035,0.3015314578375918,0.499999574524291,2.9805714348529246,nan,nan
fashion_mnist,topk_softmax_05,0,22,0.27264437079429626,0.8843333333333333,0.8829005748676316,0.30961462728520656,0.49999936368871245,2.973508150019544,nan,nan
fashion_mnist,topk_softmax_05,0,23,0.264886736869812,0.88325,0.883442921109709,0.31134041604843543,0.49999954377083067,2.969319891422353,nan,nan
fashion_mnist,topk_softmax_05,0,24,0.2606641948223114,0.88625,0.8845508663417878,0.29960279610562834,0.49999920801913483,2.976660594027093,nan,nan
fashion_mnist,topk_softmax_05,0,25,0.25814321637153625,0.8865833333333333,0.8860301684326094,0.29920954177988335,0.4999992657215037,2.962804956639067,nan,nan
fashion_mnist,topk_softmax_05,0,26,0.25207075476646423,0.89075,0.8900716732869199,0.2981133134441173,0.499999278403343,2.9615661996476192,nan,nan
fashion_mnist,topk_softmax_05,0,27,0.24867524206638336,0.8846666666666667,0.8855084734846074,0.30760340265771174,0.49999912907468513,2.9627878691287752,nan,nan
fashion_mnist,topk_softmax_05,0,28,0.24193429946899414,0.8891666666666667,0.8883268763755234,0.3069336027541059,0.49999953933218694,2.939756527860114,nan,nan
fashion_mnist,topk_softmax_05,0,29,0.23852962255477905,0.8868333333333334,0.8852264309481572,0.3051602713605191,0.49999907549391404,2.957148148658428,nan,nan
fashion_mnist,topk_softmax_05,1,0,1.133306860923767,0.7554166666666666,0.7454608996069243,0.6500475837829265,0.5,3.1365807386154825,nan,nan
fashion_mnist,topk_softmax_05,1,1,0.555407702922821,0.8208333333333333,0.820638448255,0.504043126359899,0.5,3.1260920052832746,nan,nan
fashion_mnist,topk_softmax_05,1,2,0.47807061672210693,0.8395,0.8387010980863915,0.43097286909184557,0.5,3.118271995098033,nan,nan
fashion_mnist,topk_softmax_05,1,3,0.42933419346809387,0.8470833333333333,0.8455367494454986,0.40803894781051797,0.5,3.1212761427493807,nan,nan
fashion_mnist,topk_softmax_05,1,4,0.40264198184013367,0.8571666666666666,0.854464122223559,0.39272589062122587,0.5,3.1107594637160605,nan,nan
fashion_mnist,topk_softmax_05,1,5,0.38714858889579773,0.8595833333333334,0.856681133038712,0.3774206987086763,0.5,3.1005194187164307,nan,nan
fashion_mnist,topk_softmax_05,1,6,0.36965641379356384,0.862,0.8592269735858148,0.36865322830829217,0.5,3.0871053832642574,nan,nan
fashion_mnist,topk_softmax_05,1,7,0.3580828607082367,0.86875,0.8669782735564293,0.3573107624307592,0.5,3.066332111967371,nan,nan
fashion_mnist,topk_softmax_05,1,8,0.35060322284698486,0.87025,0.8683943239506619,0.3526939160012184,0.5,3.0535208139013736,nan,nan
fashion_mnist,topk_softmax_05,1,9,0.3388468325138092,0.8705833333333334,0.8706982388871303,0.3463433391236244,0.5,3.039260940348848,nan,nan
fashion_mnist,topk_softmax_05,1,10,0.3318450450897217,0.8698333333333333,0.8676510867374926,0.35013948856516086,0.5,3.03078478955208,nan,nan
fashion_mnist,topk_softmax_05,1,11,0.32300686836242676,0.8820833333333333,0.8807603215513993,0.3222104615353523,0.5,3.034096403324858,nan,nan
fashion_mnist,topk_softmax_05,1,12,0.31285229325294495,0.8810833333333333,0.880080205372769,0.3244340254905376,0.5,3.0270698552436017,nan,nan
fashion_mnist,topk_softmax_05,1,13,0.3060072958469391,0.8824166666666666,0.8807065248321699,0.3258730090679006,0.5,3.020236558102547,nan,nan
fashion_mnist,topk_softmax_05,1,14,0.30380234122276306,0.88425,0.8817056865675615,0.31760093538050954,0.5,3.0075874962705247,nan,nan
fashion_mnist,topk_softmax_05,1,15,0.2938648760318756,0.88625,0.8852671888231425,0.3142337031820987,0.5,3.0030578501681062,nan,nan
fashion_mnist,topk_softmax_05,1,16,0.2918684482574463,0.8790833333333333,0.8780422273340228,0.3276706870566023,0.49999887543789884,2.983129049869294,nan,nan
fashion_mnist,topk_softmax_05,1,17,0.2867010533809662,0.8865833333333333,0.884072102713564,0.31652370380594375,0.4999988151991621,2.9801751146925257,nan,nan
fashion_mnist,topk_softmax_05,1,18,0.2782670259475708,0.8890833333333333,0.8875332465438778,0.3095786381275096,0.4999964348179229,2.9863756920428988,nan,nan
fashion_mnist,topk_softmax_05,1,19,0.2700124680995941,0.89125,0.8903354781793149,0.30344431863186205,0.4999809569500862,2.9869404447839614,nan,nan
fashion_mnist,topk_softmax_05,1,20,0.2671324908733368,0.8881666666666667,0.8861936608061397,0.32369012021003885,0.4999893659606893,2.976317286491394,nan,nan
fashion_mnist,topk_softmax_05,1,21,0.2619832456111908,0.889,0.8887276630766919,0.3036649702711308,0.49999511780891015,2.9682810205094357,nan,nan
fashion_mnist,topk_softmax_05,1,22,0.25489529967308044,0.885,0.8856255099576271,0.30963110448198117,0.49998727789584624,2.970765030130427,nan,nan
fashion_mnist,topk_softmax_05,1,23,0.2550254762172699,0.8906666666666667,0.8906424113519407,0.3063898688935219,0.499991514898361,2.9491190047974283,nan,nan
fashion_mnist,topk_softmax_05,1,24,0.24665440618991852,0.8948333333333334,0.8934755354839625,0.29958728558205544,0.499983400740522,2.963040755150166,nan,nan
fashion_mnist,topk_softmax_05,1,25,0.2445082664489746,0.8945833333333333,0.8929673543803662,0.2985333223292168,0.4999883197089459,2.9455731219433723,nan,nan
fashion_mnist,topk_softmax_05,1,26,0.23874519765377045,0.8945,0.8928881053409341,0.2984958487622281,0.4999864592831186,2.9354244470596313,nan,nan
fashion_mnist,topk_softmax_05,1,27,0.23418428003787994,0.8904166666666666,0.8880173847138948,0.31234690832330825,0.4999752745349356,2.937047265945597,nan,nan
fashion_mnist,topk_softmax_05,1,28,0.23220163583755493,0.88725,0.8871032062544011,0.3108421893829995,0.4999911737568835,2.928691582476839,nan,nan
fashion_mnist,topk_softmax_05,1,29,0.22956201434135437,0.8911666666666667,0.8899449446315133,0.30914172720401845,0.49997291571282326,2.9239015579223633,nan,nan
fashion_mnist,topk_softmax_05,2,0,1.1244372129440308,0.755,0.7486991540883181,0.6554314620951389,0.5,3.1404621322104274,nan,nan
fashion_mnist,topk_softmax_05,2,1,0.5759814977645874,0.8211666666666667,0.8198504067890899,0.487944928255487,0.5,3.1302617991224246,nan,nan
fashion_mnist,topk_softmax_05,2,2,0.4861184358596802,0.8313333333333334,0.8234023198864147,0.46642986447253126,0.5,3.1152214268420604,nan,nan
fashion_mnist,topk_softmax_05,2,3,0.4401516616344452,0.8395,0.8331755369683362,0.4495477796869075,0.5,3.107207217115037,nan,nan
fashion_mnist,topk_softmax_05,2,4,0.4163033664226532,0.8565833333333334,0.8541170597459147,0.39626918701415365,0.5,3.094334399446528,nan,nan
fashion_mnist,topk_softmax_05,2,5,0.3998698592185974,0.859,0.8560765522983622,0.38508992879948717,0.5,3.1039066898061876,nan,nan
fashion_mnist,topk_softmax_05,2,6,0.3777438998222351,0.8665833333333334,0.8653110362283657,0.3702475498331354,0.5,3.1046870972247835,nan,nan
fashion_mnist,topk_softmax_05,2,7,0.36536869406700134,0.8693333333333333,0.8686067491582475,0.3597092806024754,0.5,3.0888120164262487,nan,nan
fashion_mnist,topk_softmax_05,2,8,0.3560178577899933,0.8695,0.8695619363198448,0.35692291881175753,0.5,3.0914043188095093,nan,nan
fashion_mnist,topk_softmax_05,2,9,0.3422047793865204,0.8711666666666666,0.8719753876810425,0.35683233972559586,0.5,3.081686007215622,nan,nan
fashion_mnist,topk_softmax_05,2,10,0.33385565876960754,0.8744166666666666,0.8738012623146002,0.34222416040745185,0.5,3.0798631247053754,nan,nan
fashion_mnist,topk_softmax_05,2,11,0.32531288266181946,0.8799166666666667,0.8798339957988045,0.3302009188114329,0.5,3.056749536636028,nan,nan
fashion_mnist,topk_softmax_05,2,12,0.32236528396606445,0.8798333333333334,0.8795690217769098,0.3301681850818878,0.5,3.0635106791841222,nan,nan
fashion_mnist,topk_softmax_05,2,13,0.3135381042957306,0.87775,0.877646626919093,0.3331218482332027,0.5,3.0400990856454726,nan,nan
fashion_mnist,topk_softmax_05,2,14,0.30279624462127686,0.8798333333333334,0.8805823857257489,0.3304836540780169,0.5,3.0368476319820323,nan,nan
fashion_mnist,topk_softmax_05,2,15,0.29777640104293823,0.8795833333333334,0.8790305622369587,0.32337286212342853,0.5,3.0381710301054285,nan,nan
fashion_mnist,topk_softmax_05,2,16,0.29429125785827637,0.8808333333333334,0.8808290247100489,0.330645962915522,0.5,3.0243683013510196,nan,nan
fashion_mnist,topk_softmax_05,2,17,0.28582143783569336,0.8835,0.8824441148391686,0.3194436763829373,0.5,3.01626485459348,nan,nan
fashion_mnist,topk_softmax_05,2,18,0.2808481752872467,0.8829166666666667,0.8820590245215163,0.325932225648393,0.5,3.00479833876833,nan,nan
fashion_mnist,topk_softmax_05,2,19,0.27642926573753357,0.8833333333333333,0.8828949752610008,0.31951791872369484,0.5,2.998594669585532,nan,nan
fashion_mnist,topk_softmax_05,2,20,0.27076396346092224,0.8885833333333333,0.8874553717123053,0.3099275526214153,0.5,2.9878724382278765,nan,nan
fashion_mnist,topk_softmax_05,2,21,0.26730653643608093,0.88675,0.885969062603964,0.3203831952303014,0.5,2.9840792037071067,nan,nan
fashion_mnist,topk_softmax_05,2,22,0.261296808719635,0.8859166666666667,0.8871103603072232,0.319634976539206,0.5,2.982539214986436,nan,nan
fashion_mnist,topk_softmax_05,2,23,0.2560146450996399,0.8865,0.8848014139584247,0.32162541880252515,0.5,2.9759582407931062,nan,nan
fashion_mnist,topk_softmax_05,2,24,0.2509992718696594,0.8896666666666667,0.8890255501268758,0.311352771330387,0.5,2.978976049321763,nan,nan
fashion_mnist,topk_softmax_05,2,25,0.24605892598628998,0.8876666666666667,0.8871950781028961,0.3168470517117926,0.5,2.9742045630799963,nan,nan
fashion_mnist,topk_softmax_05,2,26,0.24475739896297455,0.8930833333333333,0.8933446723714861,0.31154066894916776,0.5,2.958139906538294,nan,nan
fashion_mnist,topk_softmax_05,2,27,0.2371782511472702,0.8901666666666667,0.8896960832921407,0.319492554410975,0.5,2.9550683041836354,nan,nan
fashion_mnist,topk_softmax_05,2,28,0.23360951244831085,0.8935,0.8924730325884696,0.3102429921322681,0.5,2.9473141786899975,nan,nan
fashion_mnist,topk_softmax_05,2,29,0.23175972700119019,0.8913333333333333,0.8913950500603477,0.31925380927451114,0.5,2.9390336909192674,nan,nan
fashion_mnist,topk_softmax_05,3,0,1.1403926610946655,0.7679166666666667,0.7605698372696039,0.634672001321265,0.5,3.172474389380597,nan,nan
fashion_mnist,topk_softmax_05,3,1,0.5749123096466064,0.8024166666666667,0.8001623922405938,0.5326414406299591,0.5,3.120852952307843,nan,nan
fashion_mnist,topk_softmax_05,3,2,0.4815550446510315,0.8285,0.8269239720884538,0.46977189563690347,0.5,3.0782051593699356,nan,nan
fashion_mnist,topk_softmax_05,3,3,0.4428568482398987,0.83675,0.8348699097626608,0.44796223082440967,0.5,3.0616987512466753,nan,nan
fashion_mnist,topk_softmax_05,3,4,0.4129660725593567,0.8491666666666666,0.8491060666528009,0.40777104966183925,0.5,3.0427467645482813,nan,nan
fashion_mnist,topk_softmax_05,3,5,0.39177629351615906,0.8473333333333334,0.847283527784158,0.40452406634675697,0.5,3.0153731589621686,nan,nan
fashion_mnist,topk_softmax_05,3,6,0.3747643828392029,0.8551666666666666,0.854719491360458,0.3902398442968409,0.5,3.01384762246558,nan,nan
fashion_mnist,topk_softmax_05,3,7,0.3631819784641266,0.8638333333333333,0.8642527674840036,0.3666646084252824,0.5,2.9980506871608976,nan,nan
fashion_mnist,topk_softmax_05,3,8,0.35070863366127014,0.86575,0.8644246218985678,0.3651608983252911,0.4999999955613562,2.9864801447442235,nan,nan
fashion_mnist,topk_softmax_05,3,9,0.3411921560764313,0.8623333333333333,0.8622874256830808,0.36738123126486516,0.49999990266688327,2.962664317577443,nan,nan
fashion_mnist,topk_softmax_05,3,10,0.33148738741874695,0.86975,0.868384431935724,0.35836065291090213,0.4999998278440313,2.963177201595712,nan,nan
fashion_mnist,topk_softmax_05,3,11,0.3262685239315033,0.8668333333333333,0.867159370260568,0.35210196864097676,0.49999984369633044,2.951788960619176,nan,nan
fashion_mnist,topk_softmax_05,3,12,0.31699344515800476,0.8718333333333333,0.8722148116412649,0.3421821359624254,0.4999994800445881,2.9371180889454296,nan,nan
fashion_mnist,topk_softmax_05,3,13,0.30873242020606995,0.8739166666666667,0.872467175055367,0.33767589197513903,0.4999945382488535,2.9293458461761475,nan,nan
fashion_mnist,topk_softmax_05,3,14,0.3036791682243347,0.8715,0.8713351653554223,0.34851720136530856,0.4999907289413696,2.927010678230448,nan,nan
fashion_mnist,topk_softmax_05,3,15,0.29599037766456604,0.8771666666666667,0.8764312634735475,0.33112045773800386,0.4999873089663526,2.9180503677814564,nan,nan
fashion_mnist,topk_softmax_05,3,16,0.2936885356903076,0.8710833333333333,0.8692057141267544,0.3426166183136879,0.49996011941990953,2.920078970016317,nan,nan
fashion_mnist,topk_softmax_05,3,17,0.2831408381462097,0.8761666666666666,0.876131332259059,0.334553174198942,0.4999594466483339,2.911693575534415,nan,nan
fashion_mnist,topk_softmax_05,3,18,0.2818840444087982,0.8755833333333334,0.8755076765379709,0.33671724130498604,0.49996262630249594,2.9166103981910867,nan,nan
fashion_mnist,topk_softmax_05,3,19,0.2758829593658447,0.8803333333333333,0.880292238447703,0.32192948143532935,0.49992465687559007,2.8930492502577763,nan,nan
fashion_mnist,topk_softmax_05,3,20,0.2685457170009613,0.8725833333333334,0.8731074753518604,0.3474186579597757,0.49994551152624983,2.876021570347725,nan,nan
fashion_mnist,topk_softmax_05,3,21,0.26363417506217957,0.8824166666666666,0.8811715892302429,0.321911004312495,0.49993436577472283,2.876553882943823,nan,nan
fashion_mnist,topk_softmax_05,3,22,0.25879156589508057,0.8815,0.8812248354450807,0.3253243432400074,0.49986762379078153,2.858244606789122,nan,nan
fashion_mnist,topk_softmax_05,3,23,0.2579326033592224,0.8836666666666667,0.8834267421134994,0.31907450550414146,0.4999103010334867,2.863495083565408,nan,nan
fashion_mnist,topk_softmax_05,3,24,0.2512487471103668,0.8838333333333334,0.8843743042592376,0.31874790882810633,0.4998873767066509,2.8759952529947808,nan,nan
fashion_mnist,topk_softmax_05,3,25,0.2483416497707367,0.8851666666666667,0.8847000423242317,0.3180736179681534,0.49990521022614015,2.852794923680894,nan,nan
fashion_mnist,topk_softmax_05,3,26,0.24192963540554047,0.8850833333333333,0.8846336782346118,0.32213073303090767,0.49987979550310907,2.8602247567887003,nan,nan
fashion_mnist,topk_softmax_05,3,27,0.23893362283706665,0.8845,0.883912711091264,0.3219012890724426,0.4999123925858356,2.8582602384242604,nan,nan
fashion_mnist,topk_softmax_05,3,28,0.23494525253772736,0.8818333333333334,0.8811291455839496,0.33292022949837624,0.49990025099287644,2.851527104986475,nan,nan
fashion_mnist,topk_softmax_05,3,29,0.22818589210510254,0.88625,0.8854048574304993,0.3249471495126156,0.4998803268721763,2.839365005493164,nan,nan
fashion_mnist,topk_softmax_05,4,0,1.0997273921966553,0.7688333333333334,0.7642936857188527,0.631936603404106,0.5,3.1830492679108966,nan,nan
fashion_mnist,topk_softmax_05,4,1,0.5752366185188293,0.8165,0.8135612132127024,0.4972797429307978,0.5,3.14239557753218,nan,nan
fashion_mnist,topk_softmax_05,4,2,0.48965534567832947,0.8246666666666667,0.819929105849047,0.4711978036038419,0.5,3.1347235872390424,nan,nan
fashion_mnist,topk_softmax_05,4,3,0.4588038921356201,0.8395,0.8359434513438899,0.4387002752182331,0.5,3.120994725125901,nan,nan
fashion_mnist,topk_softmax_05,4,4,0.4275326430797577,0.85325,0.8522337236892484,0.41086940625880625,0.5,3.1126926401828197,nan,nan
fashion_mnist,topk_softmax_05,4,5,0.4064266085624695,0.8568333333333333,0.8550659365574257,0.3918779625537548,0.5,3.0941396114674022,nan,nan
fashion_mnist,topk_softmax_05,4,6,0.3919215798377991,0.86,0.8590173410362297,0.3861222419332951,0.4999999955613562,3.0872691742917326,nan,nan
fashion_mnist,topk_softmax_05,4,7,0.3827177584171295,0.8548333333333333,0.8514432988894504,0.3940265654249394,0.4999993751023678,3.070582646004697,nan,nan
fashion_mnist,topk_softmax_05,4,8,0.3674977421760559,0.8580833333333333,0.8561038297793996,0.39182456693750745,0.4999972011180634,3.0583217042557735,nan,nan
fashion_mnist,topk_softmax_05,4,9,0.3544662892818451,0.8591666666666666,0.8584278123653626,0.38442484051623244,0.4999968472947466,3.0492854498802346,nan,nan
fashion_mnist,topk_softmax_05,4,10,0.3435821533203125,0.8593333333333333,0.8563533343978449,0.3804640985549764,0.4999885137410874,3.0301319386096712,nan,nan
fashion_mnist,topk_softmax_05,4,11,0.33758822083473206,0.8706666666666667,0.8703438287326251,0.3587031583202646,0.4999825821277943,3.0157598738974714,nan,nan
fashion_mnist,topk_softmax_05,4,12,0.3283844590187073,0.871,0.870621479112015,0.34818009207857414,0.4999816547682945,3.0106278505731137,nan,nan
fashion_mnist,topk_softmax_05,4,13,0.3220928907394409,0.8728333333333333,0.8707940827318688,0.342380257045969,0.4999961497935843,3.0259206548650215,nan,nan
fashion_mnist,topk_softmax_05,4,14,0.3114088475704193,0.8735,0.873434141504355,0.34462524791981314,0.49999488129260694,2.9994988263921534,nan,nan
fashion_mnist,topk_softmax_05,4,15,0.3074820935726166,0.8694166666666666,0.8665530915286294,0.3565533395777357,0.49999442759980545,2.9945758505070463,nan,nan
fashion_mnist,topk_softmax_05,4,16,0.30373114347457886,0.8813333333333333,0.8797811984250382,0.33752771768164125,0.49999697347904776,2.9896122546906168,nan,nan
fashion_mnist,topk_softmax_05,4,17,0.29453325271606445,0.8835,0.8833017273005955,0.3279489196361379,0.49999742019683757,2.994710019294252,nan,nan
fashion_mnist,topk_softmax_05,4,18,0.2874475121498108,0.8835,0.881835457655804,0.3271616281981164,0.4999979778807214,2.9884600132069687,nan,nan
fashion_mnist,topk_softmax_05,4,19,0.2890457212924957,0.8835,0.8812105128768989,0.32302380590996843,0.49999603787635233,2.984644336903349,nan,nan
fashion_mnist,topk_softmax_05,4,20,0.279481440782547,0.8803333333333333,0.8794391974552134,0.32401898217962144,0.49999434675307985,2.975727025498735,nan,nan
fashion_mnist,topk_softmax_05,4,21,0.27562466263771057,0.88,0.8793999960317642,0.32568133574851016,0.49999399388090093,2.961534375840045,nan,nan
fashion_mnist,topk_softmax_05,4,22,0.2707121670246124,0.887,0.884994566516718,0.31440610200800795,0.4999936264246068,2.9641701135229557,nan,nan
fashion_mnist,topk_softmax_05,4,23,0.2657427489757538,0.8846666666666667,0.8833528245307963,0.31863641802300796,0.4999969246539664,2.9566714484640895,nan,nan
fashion_mnist,topk_softmax_05,4,24,0.26328596472740173,0.8845833333333334,0.8840262782356068,0.32230818525273747,0.49999020327913,2.960409905048127,nan,nan
fashion_mnist,topk_softmax_05,4,25,0.2562142610549927,0.8855833333333333,0.8851753503514936,0.3139176371883839,0.49999146639032566,2.9652246236801147,nan,nan
fashion_mnist,topk_softmax_05,4,26,0.25431111454963684,0.8864166666666666,0.8849036807570074,0.3161156843317316,0.4999887293323557,2.938297893138642,nan,nan
fashion_mnist,topk_softmax_05,4,27,0.25409096479415894,0.88975,0.8877547843928898,0.32267999775866246,0.49999640216218666,2.960931935208909,nan,nan
fashion_mnist,topk_softmax_05,4,28,0.24412335455417633,0.8904166666666666,0.8897487060023431,0.3088440977512522,0.4999963726769102,2.9610712578956115,nan,nan
fashion_mnist,topk_softmax_05,4,29,0.24113106727600098,0.8876666666666667,0.8875973141339397,0.3222867466033773,0.4999938645261399,2.9435029359574014,nan,nan
fashion_mnist,topk_softmax_05,5,0,1.0709166526794434,0.7784166666666666,0.776347563227275,0.6058510782870841,0.5,3.170242329861255,nan,nan
fashion_mnist,topk_softmax_05,5,1,0.5523278117179871,0.8120833333333334,0.8088086586440161,0.49990942947407985,0.5,3.1543907637291766,nan,nan
fashion_mnist,topk_softmax_05,5,2,0.4842837154865265,0.8345833333333333,0.8343766205538141,0.4506778317563077,0.5,3.121323235491489,nan,nan
fashion_mnist,topk_softmax_05,5,3,0.4394771456718445,0.8430833333333333,0.842263350957122,0.41646889930075787,0.4999999831965629,3.0993181264146847,nan,nan
fashion_mnist,topk_softmax_05,5,4,0.41506636142730713,0.851,0.8488933624519035,0.40040074574186446,0.49999955676971597,3.0867546619252955,nan,nan
fashion_mnist,topk_softmax_05,5,5,0.38908880949020386,0.8564166666666667,0.8538132034604484,0.38425575355266,0.49998572785803613,3.077378828474816,nan,nan
fashion_mnist,topk_softmax_05,5,6,0.3760741353034973,0.857,0.856408534906531,0.3752732866622032,0.49999104567030644,3.053639307935187,nan,nan
fashion_mnist,topk_softmax_05,5,7,0.3621775209903717,0.8625833333333334,0.862290040369291,0.3693170985008808,0.49998914529668526,3.041276148025026,nan,nan
fashion_mnist,topk_softmax_05,5,8,0.34732291102409363,0.8665,0.8669588550331705,0.35378851472063266,0.49998198925180637,3.0395000564291124,nan,nan
fashion_mnist,topk_softmax_05,5,9,0.3387659788131714,0.8665833333333334,0.8635368997749218,0.3640072707166063,0.49996014700291,3.018455337970815,nan,nan
fashion_mnist,topk_softmax_05,5,10,0.329987108707428,0.8745,0.8732678306662478,0.3404514643740147,0.4999698685838821,3.0100147064695966,nan,nan
fashion_mnist,topk_softmax_05,5,11,0.32393327355384827,0.8735,0.8735673851338739,0.3463537299886663,0.499959297953768,2.9829322023594633,nan,nan
fashion_mnist,topk_softmax_05,5,12,0.31523311138153076,0.8741666666666666,0.8724849198109649,0.33276636993631403,0.49995572389440335,2.9862733090177493,nan,nan
fashion_mnist,topk_softmax_05,5,13,0.30820465087890625,0.8754166666666666,0.8728209068166917,0.3386030482484939,0.49994402362945234,2.987021598410099,nan,nan
fashion_mnist,topk_softmax_05,5,14,0.30011186003685,0.8733333333333333,0.8721174279752588,0.32987038315610684,0.4999605870627342,2.9499900543943363,nan,nan
fashion_mnist,topk_softmax_05,5,15,0.2961849868297577,0.8821666666666667,0.8800992914702306,0.3218427005600422,0.49995876499947084,2.9682217658834253,nan,nan
fashion_mnist,topk_softmax_05,5,16,0.28937792778015137,0.8806666666666667,0.878925550101361,0.3208348795454553,0.49996407805605136,2.9539067263298846,nan,nan
fashion_mnist,topk_softmax_05,5,17,0.28496411442756653,0.8811666666666667,0.8807501802394396,0.32135851300777274,0.4999512361085161,2.9343274172316205,nan,nan
fashion_mnist,topk_softmax_05,5,18,0.2837984263896942,0.8808333333333334,0.8813735321982181,0.3203654561905151,0.4999702236753829,2.9406806534909187,nan,nan
fashion_mnist,topk_softmax_05,5,19,0.27428510785102844,0.8821666666666667,0.8787861285457919,0.3231025160627162,0.4999186063700534,2.9285153835377793,nan,nan
fashion_mnist,topk_softmax_05,5,20,0.27086806297302246,0.8850833333333333,0.8848799775149161,0.3106734143926742,0.49994762083317373,2.9405582940324826,nan,nan
fashion_mnist,topk_softmax_05,5,21,0.26391202211380005,0.8853333333333333,0.8849683291448635,0.3194754504142924,0.49989458569820894,2.9336879709933665,nan,nan
fashion_mnist,topk_softmax_05,5,22,0.2608773112297058,0.8849166666666667,0.8838208291267126,0.32602697008467735,0.4999479654621571,2.921684148463797,nan,nan
fashion_mnist,topk_softmax_05,5,23,0.257366418838501,0.8804166666666666,0.8793359867392075,0.3263952782813539,0.49994045939851317,2.9154606017660587,nan,nan
fashion_mnist,topk_softmax_05,5,24,0.2567073404788971,0.88475,0.882434547996564,0.3217953915925736,0.4998930898752618,2.9040323546592224,nan,nan
fashion_mnist,topk_softmax_05,5,25,0.24809150397777557,0.88825,0.8864051147586407,0.3086296193143155,0.49990337579808336,2.8894080735267478,nan,nan
fashion_mnist,topk_softmax_05,5,26,0.2454567700624466,0.8859166666666667,0.8850194718118447,0.32643596162187294,0.49985245409164025,2.8970953226089478,nan,nan
fashion_mnist,topk_softmax_05,5,27,0.24262331426143646,0.8831666666666667,0.8828446799598779,0.3191483673897195,0.49986362710912174,2.8911954900051686,nan,nan
fashion_mnist,topk_softmax_05,5,28,0.23803254961967468,0.8890833333333333,0.8880111177269903,0.3126267048906773,0.49979137423190667,2.866546060176606,nan,nan
fashion_mnist,topk_softmax_05,5,29,0.2335236817598343,0.8874166666666666,0.8859325030414394,0.32141312259308835,0.49984754209822796,2.904785029431607,nan,nan
fashion_mnist,topk_softmax_05,6,0,1.1171516180038452,0.767,0.7634399897212117,0.6396519313467309,0.5,3.047567410671965,nan,nan
fashion_mnist,topk_softmax_05,6,1,0.5675700306892395,0.8166666666666667,0.8133492323341385,0.5114142241630149,0.4999995834015785,3.0206937155825027,nan,nan
fashion_mnist,topk_softmax_05,6,2,0.4989319145679474,0.81325,0.8138346863267113,0.509126752614975,0.49999838211434955,3.0178987853070525,nan,nan
fashion_mnist,topk_softmax_05,6,3,0.4590699076652527,0.84075,0.838734348841361,0.44872232193642475,0.4999999698806316,3.0097165386727514,nan,nan
fashion_mnist,topk_softmax_05,6,4,0.4319547116756439,0.8450833333333333,0.84167619867277,0.4206592618150914,0.4999999705147236,2.976291557575794,nan,nan
fashion_mnist,topk_softmax_05,6,5,0.4072282016277313,0.8529166666666667,0.852049671261552,0.400746928250536,0.4999998202349277,2.954155069716433,nan,nan
fashion_mnist,topk_softmax_05,6,6,0.3891049027442932,0.8509166666666667,0.8512371926068916,0.40767975246652643,0.4999998316485831,2.906783213006689,nan,nan
fashion_mnist,topk_softmax_05,6,7,0.368861585855484,0.856,0.8567849230663868,0.39233756953097404,0.4999999039350672,2.891772762258002,nan,nan
fashion_mnist,topk_softmax_05,6,8,0.36210396885871887,0.8631666666666666,0.8614642300636124,0.3687627930590447,0.4999999828795169,2.9031344246357045,nan,nan
fashion_mnist,topk_softmax_05,6,9,0.3502180874347687,0.86025,0.8591889769978385,0.36939870169822203,0.4999999955613562,2.8667730295911746,nan,nan
fashion_mnist,topk_softmax_05,6,10,0.33800238370895386,0.8698333333333333,0.8688341437740437,0.3581457737278431,0.49999976950757047,2.857764135015772,nan,nan
fashion_mnist,topk_softmax_05,6,11,0.33370813727378845,0.8739166666666667,0.8733510041202642,0.3509832912303032,0.4999999831965629,2.872839146472038,nan,nan
fashion_mnist,topk_softmax_05,6,12,0.32445210218429565,0.8705,0.869429869168898,0.3576715436387569,0.49999983608722687,2.8675834270233804,nan,nan
fashion_mnist,topk_softmax_05,6,13,0.31602659821510315,0.8720833333333333,0.8738263342107386,0.3507287965175953,0.4999999537112865,2.857723340075067,nan,nan
fashion_mnist,topk_softmax_05,6,14,0.3170259892940521,0.86925,0.8695950609425717,0.3478183866815364,0.4999999828795169,2.834697781725133,nan,nan
fashion_mnist,topk_softmax_05,6,15,0.30540046095848083,0.87875,0.8792248492977766,0.3340921845841915,0.4999999831965629,2.8707957166306515,nan,nan
fashion_mnist,topk_softmax_05,6,16,0.29973405599594116,0.8813333333333333,0.8792639940886915,0.33185411989688873,0.4999999873181607,2.852318401032306,nan,nan
fashion_mnist,topk_softmax_05,6,17,0.29195496439933777,0.8736666666666667,0.8729722302489907,0.34118256004566844,0.4999999955613562,2.8343448309188193,nan,nan
fashion_mnist,topk_softmax_05,6,18,0.28716525435447693,0.8800833333333333,0.8795055740628948,0.33286341010256015,0.49999998256247097,2.8492942490476243,nan,nan
fashion_mnist,topk_softmax_05,6,19,0.2861970067024231,0.8786666666666667,0.8785597859752474,0.3257661648887269,0.49999992359191814,2.8203373208959053,nan,nan
fashion_mnist,topk_softmax_05,6,20,0.2809619903564453,0.87975,0.8793314670210786,0.3260714053473574,0.49999992390896414,2.826158992787625,nan,nan
fashion_mnist,topk_softmax_05,6,21,0.27419915795326233,0.8835833333333334,0.88347798111087,0.31879965897570267,0.49999983101449114,2.827020622314291,nan,nan
fashion_mnist,topk_softmax_05,6,22,0.2693578600883484,0.8834166666666666,0.8827088541553147,0.32861714572348494,0.49999976443483474,2.828514299494155,nan,nan
fashion_mnist,topk_softmax_05,6,23,0.2622779905796051,0.8814166666666666,0.8820650392475342,0.3302698208296553,0.4999997469973057,2.8093738352998776,nan,nan
fashion_mnist,topk_softmax_05,6,24,0.25881147384643555,0.8814166666666666,0.8812493280142071,0.34030171467902814,0.4999998855464002,2.839986359819453,nan,nan
fashion_mnist,topk_softmax_05,6,25,0.2554798722267151,0.88125,0.8821765181564734,0.3276474697792784,0.4999994324876907,2.77393764891523,nan,nan
fashion_mnist,topk_softmax_05,6,26,0.25003644824028015,0.886,0.8860082010086515,0.3217552786177777,0.4999997508018575,2.799495691948749,nan,nan
fashion_mnist,topk_softmax_05,6,27,0.24725545942783356,0.8883333333333333,0.8883092057666759,0.31920553585316275,0.4999997552405012,2.778882011454156,nan,nan
fashion_mnist,topk_softmax_05,6,28,0.24089981615543365,0.8815833333333334,0.8821231900130291,0.3401581692568799,0.49999961447208485,2.7912208805692957,nan,nan
fashion_mnist,topk_softmax_05,6,29,0.24002580344676971,0.884,0.883317767441304,0.32889529872447887,0.49999978821328345,2.7908341351975787,nan,nan
fashion_mnist,topk_softmax_05,7,0,1.1322523355484009,0.741,0.7363176280610828,0.6925069207840777,0.5,3.15975029417809,nan,nan
fashion_mnist,topk_softmax_05,7,1,0.5958220958709717,0.80925,0.8076170800107751,0.5217683023594796,0.5,3.1152086866662856,nan,nan
fashion_mnist,topk_softmax_05,7,2,0.5021905899047852,0.8305833333333333,0.8265829605807692,0.45969290999656026,0.5,3.0710559271751565,nan,nan
fashion_mnist,topk_softmax_05,7,3,0.4580102264881134,0.84225,0.8395648600068737,0.42990709048636416,0.5,3.0328521449515162,nan,nan
fashion_mnist,topk_softmax_05,7,4,0.42634305357933044,0.8500833333333333,0.846429366047782,0.4034429966135228,0.49999997083176956,3.000121649275435,nan,nan
fashion_mnist,topk_softmax_05,7,5,0.40260833501815796,0.8515,0.8490569968837585,0.4018522063468365,0.49999674520594006,2.962310418169549,nan,nan
fashion_mnist,topk_softmax_05,7,6,0.3876526951789856,0.8554166666666667,0.8533285607799266,0.38736681925489547,0.4999948197856863,2.9811652645151665,nan,nan
fashion_mnist,topk_softmax_05,7,7,0.36977818608283997,0.859,0.8598089799496785,0.38817751280804896,0.4999982020322313,2.9656052564052824,nan,nan
fashion_mnist,topk_softmax_05,7,8,0.3547208905220032,0.86925,0.8677331748798819,0.3532586541581661,0.49999948701959973,2.952425330243212,nan,nan
fashion_mnist,topk_softmax_05,7,9,0.34588056802749634,0.8685,0.8660115135013371,0.35121420152643895,0.4999928376142015,2.9438203065953354,nan,nan
fashion_mnist,topk_softmax_05,7,10,0.336526483297348,0.87075,0.8696008721278885,0.34771567392856517,0.4999934580731899,2.938178176575519,nan,nan
fashion_mnist,topk_softmax_05,7,11,0.3303163945674896,0.8723333333333333,0.871495930823186,0.3438376930165798,0.4999978301372934,2.9224223836939385,nan,nan
fashion_mnist,topk_softmax_05,7,12,0.3210042417049408,0.8734166666666666,0.8724811619444116,0.33992992182995413,0.49999764942108316,2.9345661097384514,nan,nan
fashion_mnist,topk_softmax_05,7,13,0.3140377998352051,0.87875,0.8792282965053138,0.32416186053702173,0.4999979579068245,2.9273545361579734,nan,nan
fashion_mnist,topk_softmax_05,7,14,0.3074302077293396,0.8814166666666666,0.880659417889792,0.32555898833782115,0.4999977730690165,2.9222400036263974,nan,nan
fashion_mnist,topk_softmax_05,7,15,0.3018980324268341,0.8821666666666667,0.8822549687319178,0.3186322444296898,0.49999812403891947,2.914685639929264,nan,nan
fashion_mnist,topk_softmax_05,7,16,0.2930522859096527,0.8753333333333333,0.8749228095163468,0.33961401911492045,0.4999994477058979,2.9284591319713185,nan,nan
fashion_mnist,topk_softmax_05,7,17,0.2878674864768982,0.8833333333333333,0.88308852666866,0.32274103259786646,0.49999658478067277,2.920367509760755,nan,nan
fashion_mnist,topk_softmax_05,7,18,0.2814922034740448,0.8790833333333333,0.8793228815945862,0.32587140354704347,0.49999451637268066,2.9085673677160386,nan,nan
fashion_mnist,topk_softmax_05,7,19,0.2774873673915863,0.8889166666666667,0.8891600662663057,0.3047327088548782,0.4999868337144243,2.907913900436239,nan,nan
fashion_mnist,topk_softmax_05,7,20,0.2727067768573761,0.88325,0.884073179352033,0.31529318240094695,0.4999853714983514,2.8990779024489384,nan,nan
fashion_mnist,topk_softmax_05,7,21,0.26979684829711914,0.8904166666666666,0.8905676348924592,0.3066041792960877,0.4999938036533112,2.881259948649305,nan,nan
fashion_mnist,topk_softmax_05,7,22,0.2615528106689453,0.8870833333333333,0.887788240196174,0.3082618212446253,0.49999278086297055,2.896224785358348,nan,nan
fashion_mnist,topk_softmax_05,7,23,0.26179084181785583,0.88575,0.8856084804246235,0.30924487716340004,0.49998384872649576,2.881976508079691,nan,nan
fashion_mnist,topk_softmax_05,7,24,0.25457683205604553,0.8866666666666667,0.8862224993698442,0.3060823529958725,0.49999366351898683,2.8937218671149396,nan,nan
fashion_mnist,topk_softmax_05,7,25,0.24914585053920746,0.8896666666666667,0.8893592195237771,0.3041697813475386,0.4999926524593475,2.893905649793909,nan,nan
fashion_mnist,topk_softmax_05,7,26,0.24574220180511475,0.8884166666666666,0.8873547871451926,0.3032822377504186,0.49999356301541026,2.893097844529659,nan,nan
fashion_mnist,topk_softmax_05,8,0,1.1327238082885742,0.77075,0.7645344575153661,0.6396626804737334,0.5,3.1508940965571304,nan,nan
fashion_mnist,topk_softmax_05,8,1,0.5764631032943726,0.8083333333333333,0.8079795279246145,0.5219542105147179,0.49999967946651136,3.0911705291017575,nan,nan
fashion_mnist,topk_softmax_05,8,2,0.49476850032806396,0.82675,0.8259591595959854,0.4760991024210098,0.49999953330831326,3.071356786058304,nan,nan
fashion_mnist,topk_softmax_05,8,3,0.44815966486930847,0.8344166666666667,0.8340602764908092,0.44678261495651084,0.4999999705147236,3.076204147744686,nan,nan
fashion_mnist,topk_softmax_05,8,4,0.42577627301216125,0.8480833333333333,0.848788310790739,0.4100974905998149,0.5,3.0416986460381366,nan,nan
fashion_mnist,topk_softmax_05,8,5,0.4035479724407196,0.8554166666666667,0.8536064103758807,0.40392342526861963,0.5,3.0167428508717964,nan,nan
fashion_mnist,topk_softmax_05,8,6,0.3868130147457123,0.8648333333333333,0.864119004564834,0.37384985101983903,0.5,3.0179725200571914,nan,nan
fashion_mnist,topk_softmax_05,8,7,0.3698825240135193,0.855,0.8521332474889839,0.3955341678984622,0.5,2.992359148695114,nan,nan
fashion_mnist,topk_softmax_05,8,8,0.36008790135383606,0.86275,0.8646112479629814,0.37143379513253555,0.5,2.9803094660982175,nan,nan
fashion_mnist,topk_softmax_05,8,9,0.349250465631485,0.865,0.8660832444592955,0.36095256437646583,0.4999999955613562,2.9639751429253436,nan,nan
fashion_mnist,topk_softmax_05,8,10,0.3407498598098755,0.87,0.8715753523502536,0.34746638891544745,0.4999999743192754,2.9602286029369274,nan,nan
fashion_mnist,topk_softmax_05,8,11,0.33442845940589905,0.8705,0.8712881575307648,0.34567333852991144,0.4999999698806316,2.9654379499719496,nan,nan
fashion_mnist,topk_softmax_05,8,12,0.32401904463768005,0.8734166666666666,0.8736954397294197,0.34920223310906834,0.4999999530771945,2.9525305489276317,nan,nan
fashion_mnist,topk_softmax_05,8,13,0.3194703161716461,0.87775,0.8776874611113865,0.33688552138653205,0.49999991091007884,2.9538371157138905,nan,nan
fashion_mnist,topk_softmax_05,8,14,0.31209826469421387,0.8751666666666666,0.8755844500651833,0.3419296348348577,0.4999998944236877,2.909242203895082,nan,nan
fashion_mnist,topk_softmax_05,8,15,0.30393505096435547,0.88525,0.88532790871738,0.3178836592334382,0.4999998731816069,2.928271732431777,nan,nan
fashion_mnist,topk_softmax_05,8,16,0.29995250701904297,0.8735833333333334,0.8759557686896275,0.333357128691166,0.4999999701976776,2.9290885265837323,nan,nan
fashion_mnist,topk_softmax_05,8,17,0.29649826884269714,0.8815833333333334,0.8822042109620648,0.3285576837494018,0.4999998646213653,2.916910128390535,nan,nan
fashion_mnist,topk_softmax_05,8,18,0.2912667393684387,0.8826666666666667,0.8820550517953707,0.3192377914773657,0.4999999701976776,2.894497995680951,nan,nan
fashion_mnist,topk_softmax_05,8,19,0.28269779682159424,0.8794166666666666,0.8794182866982062,0.32386164589131133,0.49999980565081253,2.907290511942924,nan,nan
fashion_mnist,topk_softmax_05,8,20,0.2801997661590576,0.886,0.8864362823230314,0.3148248274909689,0.4999999740022294,2.905170410237414,nan,nan
fashion_mnist,topk_softmax_05,8,21,0.27366116642951965,0.8816666666666667,0.8806110360230368,0.33011804394265437,0.4999998481349742,2.891557325708105,nan,nan
fashion_mnist,topk_softmax_05,8,22,0.2712878882884979,0.8843333333333333,0.8845985362479896,0.31679814039392673,0.499999851939526,2.8779210486310594,nan,nan
fashion_mnist,topk_softmax_05,8,23,0.26333096623420715,0.8816666666666667,0.8825550785656631,0.32753648276024677,0.4999998563781698,2.885470078346577,nan,nan
fashion_mnist,topk_softmax_05,8,24,0.2640365958213806,0.8834166666666666,0.8837347657666017,0.3279647732034643,0.4999991531701798,2.8754063134497785,nan,nan
fashion_mnist,topk_softmax_05,8,25,0.25923046469688416,0.8868333333333334,0.8876890663127807,0.31840332898687806,0.4999952164102108,2.8845421101184603,nan,nan
fashion_mnist,topk_softmax_05,8,26,0.25160717964172363,0.8874166666666666,0.8868671501588924,0.32811491635251555,0.499997930006778,2.8721278550777027,nan,nan
fashion_mnist,topk_softmax_05,8,27,0.24738839268684387,0.8888333333333334,0.8882107040900558,0.3140108455368813,0.49999665738420285,2.8605345310048853,nan,nan
fashion_mnist,topk_softmax_05,8,28,0.24581052362918854,0.8865833333333333,0.8879393521261806,0.31444295987169796,0.4999962122516429,2.865623248384354,nan,nan
fashion_mnist,topk_softmax_05,8,29,0.2423049509525299,0.8819166666666667,0.8828344047055715,0.32154579333802485,0.49999061575595366,2.883885969506933,nan,nan
fashion_mnist,topk_softmax_05,9,0,1.0617731809616089,0.7795833333333333,0.7731953071880351,0.611597810019838,0.5,3.1690741802783724,nan,nan
fashion_mnist,topk_softmax_05,9,1,0.5740689635276794,0.8146666666666667,0.8129527143045083,0.5033233742764656,0.5,3.1485633114550975,nan,nan
fashion_mnist,topk_softmax_05,9,2,0.5026978850364685,0.83425,0.8278083168663185,0.4475661205484512,0.5,3.1156422609978534,nan,nan
fashion_mnist,topk_softmax_05,9,3,0.4643673300743103,0.8414166666666667,0.8407127925831125,0.42851586227721356,0.5,3.1026089952347125,nan,nan
fashion_mnist,topk_softmax_05,9,4,0.4358188807964325,0.84375,0.8441994767434131,0.42078154137794005,0.5,3.085677923040187,nan,nan
fashion_mnist,topk_softmax_05,9,5,0.4106319844722748,0.8526666666666667,0.8513175800831989,0.3980698782078763,0.5,3.0685575287392797,nan,nan
fashion_mnist,topk_softmax_05,9,6,0.39965587854385376,0.85125,0.852169986504378,0.3956527050505293,0.5,3.059062732026932,nan,nan
fashion_mnist,topk_softmax_05,9,7,0.38263627886772156,0.8598333333333333,0.8588280960340058,0.38250236435139434,0.5,3.052591339070746,nan,nan
fashion_mnist,topk_softmax_05,9,8,0.3725891709327698,0.8694166666666666,0.8687540842046486,0.35313057011746346,0.4999999743192754,3.0406865059061254,nan,nan
fashion_mnist,topk_softmax_05,9,9,0.3582317531108856,0.8643333333333333,0.8638791117573866,0.36025315301215394,0.4999997171949833,3.032837555763569,nan,nan
fashion_mnist,topk_softmax_05,9,10,0.34618762135505676,0.86675,0.8647789485077988,0.3664521511564863,0.4999992904510904,3.031812794665073,nan,nan
fashion_mnist,topk_softmax_05,9,11,0.3438842296600342,0.8735,0.8743185462176992,0.3396492429236148,0.49999985923158363,3.014482203950273,nan,nan
fashion_mnist,topk_softmax_05,9,12,0.3313203752040863,0.87925,0.8785849483863156,0.32730515428045964,0.49999882914918536,3.017243004859762,nan,nan
fashion_mnist,topk_softmax_05,9,13,0.32548364996910095,0.8781666666666667,0.8774655215994999,0.3331561202698566,0.4999999828795169,3.020539088452116,nan,nan
fashion_mnist,topk_softmax_05,9,14,0.31173598766326904,0.8799166666666667,0.87919694412955,0.3229972650396063,0.49999994546809096,3.0211936666610395,nan,nan
fashion_mnist,topk_softmax_05,9,15,0.30961284041404724,0.8660833333333333,0.8666969673919926,0.35540121064541186,0.4999998801566185,3.0075047421962657,nan,nan
fashion_mnist,topk_softmax_05,9,16,0.30386003851890564,0.8834166666666666,0.8824721356928821,0.312610295224697,0.49999988047366445,3.0069166903800153,nan,nan
fashion_mnist,topk_softmax_05,9,17,0.2990448772907257,0.8786666666666667,0.877787584497629,0.3207675779753543,0.49999988871686,3.0049303059882306,nan,nan
fashion_mnist,topk_softmax_05,9,18,0.28962287306785583,0.8814166666666666,0.8821485148762243,0.31782504155280744,0.4999998880827681,2.9957000067893493,nan,nan
fashion_mnist,topk_softmax_05,9,19,0.2857661545276642,0.8764166666666666,0.8752916850567326,0.3382483644688383,0.49999900225629196,2.9966385313805115,nan,nan
fashion_mnist,topk_softmax_05,9,20,0.27999866008758545,0.8810833333333333,0.8799464024994277,0.3193520507279863,0.49999913161105297,2.998197446478174,nan,nan
fashion_mnist,topk_softmax_05,9,21,0.27366337180137634,0.8810833333333333,0.8816034696708597,0.3170020003268059,0.49999789196126004,2.9915589297071414,nan,nan
fashion_mnist,sparsemax,0,0,1.0056060552597046,0.7928333333333333,0.7876205564992947,0.583152138172312,0.42658527718579514,2.6141896387364003,nan,nan
fashion_mnist,sparsemax,0,1,0.5413896441459656,0.8135833333333333,0.8059572394371118,0.4999974287570791,0.39726103794701556,2.5186356077802943,nan,nan
fashion_mnist,sparsemax,0,2,0.4740554988384247,0.8426666666666667,0.8423054536141787,0.43236840088316736,0.3728557677662119,2.4470771335540933,nan,nan
fashion_mnist,sparsemax,0,3,0.4324415624141693,0.8476666666666667,0.8467646702559385,0.4137727979649889,0.3577718160887982,2.4126267978485596,nan,nan
fashion_mnist,sparsemax,0,4,0.4071469306945801,0.8591666666666666,0.8571792559888681,0.38203606453347716,0.3485551259302078,2.38410429624801,nan,nan
fashion_mnist,sparsemax,0,5,0.3933325409889221,0.85925,0.8561276667663107,0.3767144692705033,0.33862409487049633,2.355011674952,nan,nan
fashion_mnist,sparsemax,0,6,0.37249308824539185,0.8693333333333333,0.8676670424359211,0.3542987387231056,0.3187341905654745,2.2896330343916063,nan,nan
fashion_mnist,sparsemax,0,7,0.3580893576145172,0.8678333333333333,0.8657837277576025,0.35305196237056813,0.3121220992600664,2.254290855945425,nan,nan
fashion_mnist,sparsemax,0,8,0.34627240896224976,0.8685,0.86584226802564,0.3499745060788824,0.2971754181892314,2.203694389221516,nan,nan
fashion_mnist,sparsemax,0,9,0.335889607667923,0.8726666666666667,0.8689134824924751,0.33846124689629736,0.2950681470176007,2.185368003997397,nan,nan
fashion_mnist,sparsemax,0,10,0.3290795087814331,0.8761666666666666,0.8758344248630816,0.32629637166540676,0.2940643123806791,2.1841856964091035,nan,nan
fashion_mnist,sparsemax,0,11,0.3203088641166687,0.8715833333333334,0.8688062554265512,0.33640506419729677,0.29216829893436835,2.183563747304551,nan,nan
fashion_mnist,sparsemax,0,12,0.31085824966430664,0.88225,0.8798213962981526,0.30963705860553903,0.293658399201454,2.2018903874336404,nan,nan
fashion_mnist,sparsemax,0,13,0.3060029447078705,0.8839166666666667,0.881907652830559,0.3101031742197402,0.2847254620270526,2.15216038328536,nan,nan
fashion_mnist,sparsemax,0,14,0.2990657091140747,0.886,0.884847665110937,0.30529441002835617,0.28563995865431235,2.166574220708076,nan,nan
fashion_mnist,sparsemax,0,15,0.29253846406936646,0.8871666666666667,0.885483766086336,0.30122524626711583,0.28008974533765874,2.141577549437259,nan,nan
fashion_mnist,sparsemax,0,16,0.287914901971817,0.8819166666666667,0.8808162435953213,0.3170580914679994,0.2775146214568869,2.1358244660052845,nan,nan
fashion_mnist,sparsemax,0,17,0.28635212779045105,0.8875833333333333,0.8864055333268933,0.30568523546482657,0.26616500349754985,2.0861767860169107,nan,nan
fashion_mnist,sparsemax,0,18,0.27699148654937744,0.8866666666666667,0.8842359238230675,0.3041487780023128,0.26509589368992664,2.0855970268553876,nan,nan
fashion_mnist,sparsemax,0,19,0.2708818018436432,0.8893333333333333,0.8881554182474785,0.29682454244887574,0.26248154075855906,2.0745969871257213,nan,nan
fashion_mnist,sparsemax,0,20,0.2647538483142853,0.8886666666666667,0.8882807344672452,0.29785009013845565,0.26502634061777847,2.1007656188721353,nan,nan
fashion_mnist,sparsemax,0,21,0.26365065574645996,0.8916666666666667,0.890797894423445,0.2938453586811715,0.2590436486804739,2.076560319738185,nan,nan
fashion_mnist,sparsemax,0,22,0.2558116018772125,0.8906666666666667,0.8887469915602468,0.3002059202879033,0.2550862658214062,2.050877199528065,nan,nan
fashion_mnist,sparsemax,0,23,0.2512195110321045,0.89075,0.8909455907835419,0.29741978835552296,0.2571673098396748,2.076298267283338,nan,nan
fashion_mnist,sparsemax,0,24,0.25356563925743103,0.8909166666666667,0.8904037056534623,0.29487470267935,0.2499496472325731,2.0396608329833823,nan,nan
fashion_mnist,sparsemax,0,25,0.2415870577096939,0.8935,0.8927689305440663,0.2991651547081927,0.24807774291393606,2.0241723669336196,nan,nan
fashion_mnist,sparsemax,0,26,0.2376595139503479,0.8965,0.8957342022493828,0.29387135423244315,0.24466692751392405,2.0066455234872533,nan,nan
fashion_mnist,sparsemax,0,27,0.23637095093727112,0.89225,0.8916006429335926,0.30347418943618204,0.2437916507429265,2.0150834169793637,nan,nan
fashion_mnist,sparsemax,0,28,0.23140032589435577,0.8955,0.894083604470277,0.2958417388987034,0.2466158958825659,2.0289597841019327,nan,nan
fashion_mnist,sparsemax,0,29,0.22613106667995453,0.8965,0.8942354979924735,0.29683251837466623,0.2438903382800995,2.0175182096501616,nan,nan
fashion_mnist,sparsemax,1,0,1.0392295122146606,0.78975,0.7790682168362698,0.5816419422626495,0.39371079063795983,2.4929258493666953,nan,nan
fashion_mnist,sparsemax,1,1,0.547771692276001,0.82425,0.8230192200353276,0.49028321276319786,0.3694024311101183,2.4562716141660164,nan,nan
fashion_mnist,sparsemax,1,2,0.47818315029144287,0.8358333333333333,0.8333088510640796,0.4449606994365124,0.36089203871311026,2.446319282054901,nan,nan
fashion_mnist,sparsemax,1,3,0.43673214316368103,0.8494166666666667,0.8462737211879023,0.41406295908258317,0.34707491765631004,2.3882181124484285,nan,nan
fashion_mnist,sparsemax,1,4,0.4115515947341919,0.8513333333333334,0.8487299244586263,0.4013231872244084,0.3384904943882151,2.3833108785304615,nan,nan
fashion_mnist,sparsemax,1,5,0.3959014117717743,0.8529166666666667,0.8490012079822071,0.39579806112228555,0.3323080254361985,2.356090045989828,nan,nan
fashion_mnist,sparsemax,1,6,0.3799329698085785,0.8591666666666666,0.8543941661459842,0.3804231026071183,0.32323312537467225,2.3362252560067684,nan,nan
fashion_mnist,sparsemax,1,7,0.3675139248371124,0.863,0.8603353987146924,0.36995947297583237,0.3178801034042176,2.317934472510155,nan,nan
fashion_mnist,sparsemax,1,8,0.356197714805603,0.8655,0.8635944835964098,0.36258946898135735,0.30491212723737066,2.2636812950702425,nan,nan
fashion_mnist,sparsemax,1,9,0.3468335270881653,0.8711666666666666,0.8690350367110506,0.35173317409576255,0.29144882600992283,2.22053317440317,nan,nan
fashion_mnist,sparsemax,1,10,0.3367132842540741,0.8685833333333334,0.8667481079433372,0.3557784272001145,0.2891620132834353,2.2130429262810565,nan,nan
fashion_mnist,sparsemax,1,11,0.3288598656654358,0.8729166666666667,0.870292316100705,0.3447164579274807,0.2893083315897495,2.2125461811714984,nan,nan
fashion_mnist,sparsemax,1,12,0.3166516423225403,0.87275,0.8699414870332859,0.3417969818444962,0.28259778720267276,2.201137219337707,nan,nan
fashion_mnist,sparsemax,1,13,0.3101433515548706,0.8753333333333333,0.8733471805353888,0.33997248271678354,0.2799465375694823,2.1948723983257374,nan,nan
fashion_mnist,sparsemax,1,14,0.3094537556171417,0.8716666666666667,0.8685871456768147,0.3477563388804172,0.26887094372130455,2.1361148332027677,nan,nan
fashion_mnist,sparsemax,1,15,0.2978007197380066,0.8770833333333333,0.8753987070885916,0.335937111618671,0.2703256700584229,2.1642139452569027,nan,nan
fashion_mnist,sparsemax,1,16,0.292157918214798,0.8765,0.8764486578265507,0.3429878382606709,0.2639140870342863,2.1332119221382952,nan,nan
fashion_mnist,sparsemax,1,17,0.28701403737068176,0.87875,0.8762718243748532,0.33209910132783527,0.26126191352910183,2.1231624484062195,nan,nan
fashion_mnist,sparsemax,1,18,0.28404340147972107,0.8834166666666666,0.8828252454759176,0.31991627083179797,0.2622265906092968,2.118280753176263,nan,nan
fashion_mnist,sparsemax,1,19,0.27746161818504333,0.87875,0.877654937004228,0.3236364443251427,0.26115455922294173,2.1204391185273517,nan,nan
fashion_mnist,sparsemax,1,20,0.2718504071235657,0.8773333333333333,0.876028159863522,0.3406622606389066,0.25439641799064394,2.1063961691044746,nan,nan
fashion_mnist,sparsemax,1,21,0.2658301293849945,0.8884166666666666,0.8871405180135588,0.31200375614014075,0.25927544480308573,2.128768895534759,nan,nan
fashion_mnist,sparsemax,1,22,0.25963911414146423,0.8785,0.8792611770510115,0.3300376084256679,0.2517678659964115,2.097406643502256,nan,nan
fashion_mnist,sparsemax,1,23,0.25949421525001526,0.8841666666666667,0.8837107830681198,0.31637563699103416,0.2508281038162556,2.084246520032274,nan,nan
fashion_mnist,sparsemax,1,24,0.25239458680152893,0.88975,0.88887862683374,0.31184967527998253,0.24748795321013065,2.0870956930708378,nan,nan
fashion_mnist,sparsemax,1,25,0.24570047855377197,0.8914166666666666,0.8897304784915026,0.30892838188942445,0.24592089494492145,2.0732209796601153,nan,nan
fashion_mnist,sparsemax,1,26,0.2426021844148636,0.8870833333333333,0.8866896381808663,0.3199285925068754,0.2429268607433806,2.0561741653909076,nan,nan
fashion_mnist,sparsemax,1,27,0.23831778764724731,0.8868333333333334,0.8844393180294438,0.3247614230247254,0.24605231098038086,2.0801351045040373,nan,nan
fashion_mnist,sparsemax,1,28,0.23627187311649323,0.88675,0.8867365395419327,0.3143853183756483,0.24175086823549677,2.056914176078553,nan,nan
fashion_mnist,sparsemax,1,29,0.23556549847126007,0.888,0.8865709051275894,0.3204147140396402,0.2335709016373817,2.014522355921725,nan,nan
fashion_mnist,sparsemax,2,0,0.9707755446434021,0.7835833333333333,0.7762969353471707,0.5995112480001247,0.4349878324156112,2.529589205346209,nan,nan
fashion_mnist,sparsemax,2,1,0.5455108880996704,0.8261666666666667,0.8230086936465867,0.4786844868609246,0.4090954060567186,2.4715029495827694,nan,nan
fashion_mnist,sparsemax,2,2,0.4778182804584503,0.8341666666666666,0.827771208067829,0.45794626246107384,0.3743140072898662,2.355224053910438,nan,nan
fashion_mnist,sparsemax,2,3,0.4395610988140106,0.8445833333333334,0.8394296245298865,0.42319304131447,0.3608625152326645,2.3343037341503385,nan,nan
fashion_mnist,sparsemax,2,4,0.4124666154384613,0.8569166666666667,0.8562193453521522,0.3951507553141168,0.33310787728492247,2.2657611167177243,nan,nan
fashion_mnist,sparsemax,2,5,0.39776772260665894,0.8550833333333333,0.85194216684498,0.4016773066622146,0.3149090233318349,2.2000563182729356,nan,nan
fashion_mnist,sparsemax,2,6,0.3762191832065582,0.86,0.8594823104752439,0.38043311555334863,0.31065381619524446,2.1932561866780547,nan,nan
fashion_mnist,sparsemax,2,7,0.3629905879497528,0.867,0.8660043083605959,0.36190167830345477,0.2975178230950173,2.155415679546113,nan,nan
fashion_mnist,sparsemax,2,8,0.34703490138053894,0.8696666666666667,0.8701573581230289,0.3607460422084687,0.2883618085625324,2.1231507291185094,nan,nan
fashion_mnist,sparsemax,2,9,0.3385229706764221,0.8705833333333334,0.8722525480531782,0.3512209454115401,0.2845526383595264,2.1207588429146624,nan,nan
fashion_mnist,sparsemax,2,10,0.3308124840259552,0.8755,0.876155701731621,0.34046630593056376,0.281748318608771,2.0998200102055327,nan,nan
fashion_mnist,sparsemax,2,11,0.3212288022041321,0.8804166666666666,0.8796726370621993,0.33151360395106866,0.27398765087127686,2.0757351403540754,nan,nan
fashion_mnist,sparsemax,2,12,0.313497394323349,0.8751666666666666,0.8743895871839046,0.341254360498266,0.2816178082151616,2.1157411146671214,nan,nan
fashion_mnist,sparsemax,2,13,0.3057992458343506,0.8799166666666667,0.8793529875461589,0.3318197952306017,0.27212980690788713,2.0686239638227097,nan,nan
fashion_mnist,sparsemax,2,14,0.2995561957359314,0.881,0.8807684566802495,0.3268369991094508,0.2632396124461864,2.047476205419987,nan,nan
fashion_mnist,sparsemax,2,15,0.2953895330429077,0.8800833333333333,0.8793973012718979,0.3325414946104618,0.2636286621081068,2.0544329868986253,nan,nan
fashion_mnist,sparsemax,2,16,0.289678692817688,0.87925,0.8795211905141374,0.3326683177592907,0.2558304390057604,2.0201550899667944,nan,nan
fashion_mnist,sparsemax,2,17,0.28352928161621094,0.8825833333333334,0.8824880075912697,0.3266010198821413,0.25092837483958996,2.0079694022523595,nan,nan
fashion_mnist,sparsemax,2,18,0.27975720167160034,0.8834166666666666,0.8835144367613799,0.3260719037436424,0.2485821418305661,1.9935353055913398,nan,nan
fashion_mnist,sparsemax,2,19,0.2730739116668701,0.8806666666666667,0.8802943325787072,0.3281900312038178,0.24421852827072144,1.9671290301262063,nan,nan
fashion_mnist,sparsemax,2,20,0.26911500096321106,0.88075,0.8792261191338226,0.3296802066108014,0.24363708464389153,1.9886997798655897,nan,nan
fashion_mnist,sparsemax,2,21,0.2635025084018707,0.8845,0.8843251184417877,0.31986329530147795,0.23610576559254465,1.9468797534070117,nan,nan
fashion_mnist,sparsemax,2,22,0.2620534300804138,0.8846666666666667,0.8850995469769399,0.3204472388358826,0.23632508230970262,1.9477969648990225,nan,nan
fashion_mnist,sparsemax,2,23,0.2531210482120514,0.8854166666666666,0.8852436070436444,0.3190071887158333,0.23567705696567576,1.9419298412952017,nan,nan
fashion_mnist,sparsemax,2,24,0.25190573930740356,0.8825833333333334,0.8811233644447816,0.3329347955419662,0.23257450331398782,1.9291773971090926,nan,nan
fashion_mnist,sparsemax,2,25,0.24626925587654114,0.8866666666666667,0.8867882498809603,0.32071354351145154,0.22799728953457893,1.9133736719476415,nan,nan
fashion_mnist,sparsemax,2,26,0.24457548558712006,0.886,0.8860531685938936,0.3142398690923731,0.23172344330777514,1.9401091869841232,nan,nan
fashion_mnist,sparsemax,2,27,0.2400757074356079,0.8823333333333333,0.8816404082120375,0.3339487479088154,0.22914629508840276,1.9269092488796153,nan,nan
fashion_mnist,sparsemax,2,28,0.23901128768920898,0.88675,0.8855535786498807,0.32912015280825024,0.22743611513300144,1.9183558935814715,nan,nan
fashion_mnist,sparsemax,2,29,0.23320372402668,0.8813333333333333,0.8806101711438148,0.33687726487504677,0.2260998084824136,1.9042057585208974,nan,nan
fashion_mnist,sparsemax,3,0,1.0112279653549194,0.7765833333333333,0.7727358975001225,0.6201557136596517,0.42226012320594586,2.5433083480976997,nan,nan
fashion_mnist,sparsemax,3,1,0.554368257522583,0.8133333333333334,0.8112029923513008,0.5128468205320075,0.38638142211006044,2.469999224581617,nan,nan
fashion_mnist,sparsemax,3,2,0.4776530861854553,0.8440833333333333,0.842972769193642,0.44034994536257804,0.37107950686774355,2.4254828437845757,nan,nan
fashion_mnist,sparsemax,3,3,0.4343215823173523,0.8504166666666667,0.8488266535083729,0.42057613299248064,0.3702882832669197,2.416287250975345,nan,nan
fashion_mnist,sparsemax,3,4,0.41608351469039917,0.857,0.8554577485684159,0.40034034150712033,0.35145459292416875,2.35070689181064,nan,nan
fashion_mnist,sparsemax,3,5,0.3959764540195465,0.8491666666666666,0.8499555608931271,0.40871489365050134,0.34399091626735445,2.336808479846792,nan,nan
fashion_mnist,sparsemax,3,6,0.3782016634941101,0.8615,0.8611451092270276,0.3864548212670265,0.3385694369356683,2.3178117440101946,nan,nan
fashion_mnist,sparsemax,3,7,0.3631286025047302,0.8649166666666667,0.8613693641426732,0.3737135310756399,0.33353254389255604,2.293934945096361,nan,nan
fashion_mnist,sparsemax,3,8,0.35216304659843445,0.8653333333333333,0.8633847104812888,0.3637543155791912,0.3179616251207413,2.2567249118013586,nan,nan
fashion_mnist,sparsemax,3,9,0.3445238471031189,0.8736666666666667,0.8727664031644139,0.3483483737453501,0.3186592754531414,2.2586514924434904,nan,nan
fashion_mnist,sparsemax,3,10,0.33070138096809387,0.8775,0.8772789260403648,0.33970135165021775,0.3133710185264019,2.2327656251318913,nan,nan
fashion_mnist,sparsemax,3,11,0.3231373131275177,0.8736666666666667,0.8727110390187786,0.34322663634381395,0.3028455926699841,2.2160846514904753,nan,nan
fashion_mnist,sparsemax,3,12,0.3125970959663391,0.87525,0.8750866640044522,0.3446494518442357,0.30157833641513865,2.194204807281494,nan,nan
fashion_mnist,sparsemax,3,13,0.30985450744628906,0.8785833333333334,0.8773615279631416,0.3343971095820691,0.297455093327989,2.189725154257835,nan,nan
fashion_mnist,sparsemax,3,14,0.29988718032836914,0.8749166666666667,0.8737803365379644,0.3447589617460332,0.2933754429538199,2.173086797937434,nan,nan
fashion_mnist,sparsemax,3,15,0.2937542498111725,0.881,0.8802764291984391,0.32996628671250444,0.2837082963991672,2.149129861212791,nan,nan
fashion_mnist,sparsemax,3,16,0.2891049087047577,0.87425,0.8738773227071948,0.33841272776431225,0.2800940382987895,2.129013755220048,nan,nan
fashion_mnist,sparsemax,3,17,0.27823352813720703,0.88,0.8800411728120741,0.32480999573748165,0.2805389020037144,2.132289320864576,nan,nan
fashion_mnist,sparsemax,3,18,0.27671459317207336,0.8793333333333333,0.8784209999866555,0.339409553624214,0.2775845879569967,2.1133053416901446,nan,nan
fashion_mnist,sparsemax,3,19,0.27159151434898376,0.8779166666666667,0.8784575721943033,0.3307899880282422,0.2708399042170099,2.0905565632150527,nan,nan
fashion_mnist,sparsemax,3,20,0.26555517315864563,0.8849166666666667,0.882790847751694,0.3277225354884533,0.27077598283265497,2.100894424509495,nan,nan
fashion_mnist,sparsemax,3,21,0.2606181502342224,0.8863333333333333,0.884736096988858,0.32167239296943584,0.26372798516395246,2.066465084857129,nan,nan
fashion_mnist,sparsemax,3,22,0.25518354773521423,0.889,0.8881921924202272,0.3146030772873696,0.2641861207307653,2.0691479228912515,nan,nan
fashion_mnist,sparsemax,3,23,0.25141456723213196,0.88675,0.8856180893575438,0.3260191222454639,0.2612734416380842,2.0708647104019815,nan,nan
fashion_mnist,sparsemax,3,24,0.24734914302825928,0.8860833333333333,0.8849182086290643,0.3225436977883603,0.26064020300165136,2.069727935689561,nan,nan
fashion_mnist,sparsemax,3,25,0.23724570870399475,0.8878333333333334,0.8863228176691671,0.3226326995707573,0.2576803950236199,2.0448233967131757,nan,nan
fashion_mnist,sparsemax,3,26,0.24120250344276428,0.8884166666666666,0.8883000836386457,0.3130767624428932,0.25835473042853335,2.0639793251423124,nan,nan
fashion_mnist,sparsemax,3,27,0.23330095410346985,0.8811666666666667,0.8809459750631208,0.3288622133909388,0.25166661720326605,2.0354918393682926,nan,nan
fashion_mnist,sparsemax,4,0,1.0242581367492676,0.7976666666666666,0.791226554505416,0.5664642104443084,0.464785690478822,2.5903803934442236,nan,nan
fashion_mnist,sparsemax,4,1,0.5373791456222534,0.8270833333333333,0.8269326976415815,0.4829386092246847,0.44416286400023924,2.5427897788108664,nan,nan
fashion_mnist,sparsemax,4,2,0.4774879813194275,0.8348333333333333,0.8318724308700945,0.4404370797441361,0.40563234670999204,2.428355516271388,nan,nan
fashion_mnist,sparsemax,4,3,0.44195234775543213,0.8468333333333333,0.843522421924907,0.4117889829138492,0.3897051383206185,2.4212907184945776,nan,nan
fashion_mnist,sparsemax,4,4,0.41362351179122925,0.8529166666666667,0.8521890343463445,0.3982439592797705,0.3709384670599978,2.384319798743471,nan,nan
fashion_mnist,sparsemax,4,5,0.3972901701927185,0.85975,0.8578806105275081,0.37493764910292116,0.3550814088988811,2.3030518166562346,nan,nan
fashion_mnist,sparsemax,4,6,0.3718242943286896,0.86225,0.8600740779843601,0.3730400879966452,0.34678181974177663,2.292355054236473,nan,nan
fashion_mnist,sparsemax,4,7,0.3636475205421448,0.86075,0.8574459885128523,0.37379179102309207,0.336684894213017,2.2538790335046484,nan,nan
fashion_mnist,sparsemax,4,8,0.35068827867507935,0.8675,0.8650517236209405,0.35725183024051343,0.31967739681614205,2.1948937304476472,nan,nan
fashion_mnist,sparsemax,4,9,0.33788079023361206,0.8626666666666667,0.8608788741551106,0.37291687251405514,0.3247703605509819,2.231371449663284,nan,nan
fashion_mnist,sparsemax,4,10,0.32852888107299805,0.8716666666666667,0.869877285668655,0.3461289729209656,0.313324381537894,2.162881373090947,nan,nan
fashion_mnist,sparsemax,4,11,0.31960463523864746,0.86925,0.8681288219889092,0.3558970772205515,0.306991716014578,2.1718102249693363,nan,nan
fashion_mnist,sparsemax,4,12,0.31408655643463135,0.8776666666666667,0.8768653953896333,0.33771241535531715,0.3106808182089887,2.1699122469475927,nan,nan
fashion_mnist,sparsemax,4,13,0.3107489049434662,0.8824166666666666,0.8808817610013095,0.31928728584279403,0.2940103620924848,2.1113192274215375,nan,nan
fashion_mnist,sparsemax,4,14,0.29889577627182007,0.87625,0.8752629389054707,0.34111130618034524,0.29178527695067386,2.0962149285255594,nan,nan
fashion_mnist,sparsemax,4,15,0.2933184504508972,0.8729166666666667,0.8717177398023817,0.3442097708899924,0.2834872161137297,2.0644024369564464,nan,nan
fashion_mnist,sparsemax,4,16,0.2939249873161316,0.8731666666666666,0.871784275661508,0.342579537249626,0.27545873424474226,2.0296001928917904,nan,nan
fashion_mnist,sparsemax,4,17,0.2875277101993561,0.8794166666666666,0.8788595040381096,0.3296515332891586,0.27537503252004053,2.0423836213477116,nan,nan
fashion_mnist,sparsemax,4,18,0.2780088484287262,0.88425,0.8828604171394151,0.31648581585985547,0.2680700327012133,2.0076109297732088,nan,nan
fashion_mnist,sparsemax,4,19,0.2724185883998871,0.88,0.8785536412340514,0.324276550970179,0.2685477914328271,2.040584275063048,nan,nan
fashion_mnist,sparsemax,4,20,0.26589149236679077,0.8846666666666667,0.8839027092213438,0.323447196407521,0.26767206144459704,2.0349457428810442,nan,nan
fashion_mnist,sparsemax,4,21,0.2658567726612091,0.8866666666666667,0.8845209025462498,0.3207905923432492,0.2607640335534481,1.978736456404341,nan,nan
fashion_mnist,sparsemax,4,22,0.256523460149765,0.8830833333333333,0.8818505777171268,0.3188706376451127,0.252531821978219,1.9702431927336024,nan,nan
fashion_mnist,sparsemax,4,23,0.2557523846626282,0.88225,0.8800061788731168,0.33425018540088164,0.24841190446564493,1.929317905547771,nan,nan
fashion_mnist,sparsemax,4,24,0.2543491721153259,0.8868333333333334,0.8864513619263299,0.30992681327018334,0.2511548968230156,1.9488360374531848,nan,nan
fashion_mnist,sparsemax,4,25,0.24607311189174652,0.88575,0.8846537523081839,0.3137350253602292,0.2480992798475509,1.952495129818612,nan,nan
fashion_mnist,sparsemax,4,26,0.23957978188991547,0.8861666666666667,0.8839401855316471,0.31900426745414734,0.24566266075410742,1.9517475556819996,nan,nan
fashion_mnist,sparsemax,4,27,0.2352873533964157,0.88875,0.8875685599087936,0.31895217299461365,0.24584212066962363,1.9478107196219423,nan,nan
fashion_mnist,sparsemax,4,28,0.23343418538570404,0.8863333333333333,0.8859838921600556,0.3207101806047115,0.24042169987521272,1.920005425493768,nan,nan
fashion_mnist,sparsemax,4,29,0.22804227471351624,0.8873333333333333,0.8874412447678834,0.3193084610269425,0.24261202457103323,1.945482222323722,nan,nan
fashion_mnist,sparsemax,5,0,0.9681609869003296,0.7950833333333334,0.790667130888773,0.564784437417984,0.3886875717880878,2.462617295853635,nan,nan
fashion_mnist,sparsemax,5,1,0.5250163078308105,0.8209166666666666,0.8199234268689978,0.4879856699324669,0.3696556558951418,2.4020609018650463,nan,nan
fashion_mnist,sparsemax,5,2,0.4690529406070709,0.8333333333333334,0.8314157703353027,0.4484775060034813,0.34478766883307316,2.3275755618480924,nan,nan
fashion_mnist,sparsemax,5,3,0.4287664294242859,0.8441666666666666,0.8440131123663448,0.4264574900586554,0.33107494039738433,2.294175094746529,nan,nan
fashion_mnist,sparsemax,5,4,0.4049794375896454,0.85525,0.8533396866812464,0.3958237760878624,0.317147414893546,2.241219349364017,nan,nan
fashion_mnist,sparsemax,5,5,0.3852485716342926,0.85925,0.8561790814343848,0.38592031154226747,0.3139152339798339,2.2507704711974936,nan,nan
fashion_mnist,sparsemax,5,6,0.3718392550945282,0.8554166666666667,0.8553361976956847,0.38307730885262187,0.3038785888793621,2.21010725929382,nan,nan
fashion_mnist,sparsemax,5,7,0.3592541813850403,0.8654166666666666,0.8649499979235509,0.36497919610206114,0.30863295479657804,2.2282070809222283,nan,nan
fashion_mnist,sparsemax,5,8,0.3450077474117279,0.8658333333333333,0.8659604576957886,0.3554871995398339,0.3039407122959482,2.2028634142368397,nan,nan
fashion_mnist,sparsemax,5,9,0.3343987762928009,0.8705833333333334,0.8689727318142122,0.3549993564473822,0.29842570233852306,2.1830319280320025,nan,nan
fashion_mnist,sparsemax,5,10,0.3276853561401367,0.8659166666666667,0.8642683408436941,0.3596635784240479,0.2989122943675264,2.2075639810967953,nan,nan
fashion_mnist,sparsemax,5,11,0.32364344596862793,0.8674166666666666,0.8676177102590964,0.35334160733730235,0.28767041703487967,2.1447054401357124,nan,nan
fashion_mnist,sparsemax,5,12,0.3155761659145355,0.867,0.8649970145173078,0.351677675830557,0.2910980555288335,2.160796159125389,nan,nan
fashion_mnist,sparsemax,5,13,0.3079718053340912,0.8731666666666666,0.8708231169202441,0.34166229183369495,0.2789604570320312,2.110522492134825,nan,nan
fashion_mnist,sparsemax,5,14,0.3034166395664215,0.8685,0.8672522223150214,0.35113033905942387,0.27839283122027175,2.1045476375742163,nan,nan
fashion_mnist,sparsemax,5,15,0.2944534420967102,0.876,0.8743806895610498,0.33891418259194556,0.27173184159588304,2.0845569219995053,nan,nan
fashion_mnist,sparsemax,5,16,0.29000142216682434,0.8788333333333334,0.8769606236309947,0.3261176880369795,0.2659484024377579,2.0604032772652645,nan,nan
fashion_mnist,sparsemax,5,17,0.28610488772392273,0.8804166666666666,0.8807001280913903,0.32713942007815583,0.2714101837036457,2.0938899555104844,nan,nan
fashion_mnist,sparsemax,5,18,0.27987271547317505,0.8775,0.877069178432138,0.32827312641955436,0.26028701092334505,2.041231023504379,nan,nan
fashion_mnist,sparsemax,5,19,0.27416178584098816,0.8754166666666666,0.8717793894972908,0.33491896980620445,0.26086146352773015,2.03742556369051,nan,nan
fashion_mnist,sparsemax,5,20,0.2700464725494385,0.87725,0.8765250520430655,0.33255420720323603,0.25440472824142335,1.998401052140175,nan,nan
fashion_mnist,sparsemax,5,21,0.26397934556007385,0.8783333333333333,0.8779526179164133,0.3375492314708994,0.2538485568254552,2.0169447470218578,nan,nan
fashion_mnist,sparsemax,5,22,0.2617990970611572,0.8828333333333334,0.8815379008129398,0.33071079120991076,0.2495802623477388,1.9981700093188184,nan,nan
fashion_mnist,sparsemax,5,23,0.2526519298553467,0.8844166666666666,0.8833304718175568,0.3261873290893879,0.24536892549788697,1.976114091720987,nan,nan
fashion_mnist,sparsemax,5,24,0.2517961859703064,0.8788333333333334,0.8756977946226316,0.33716272039616363,0.2446036976068578,1.9656545684692708,nan,nan
fashion_mnist,sparsemax,5,25,0.24481147527694702,0.8815,0.8799189855667888,0.3286031300717212,0.24515994051669507,1.9819169272767736,nan,nan
fashion_mnist,sparsemax,5,26,0.23726555705070496,0.88475,0.8823232851791027,0.32745709317795774,0.2397317979881104,1.96032700005998,nan,nan
fashion_mnist,sparsemax,5,27,0.24034671485424042,0.8823333333333333,0.8820283765214851,0.3227809965610504,0.23743058170409911,1.9430780879994656,nan,nan
fashion_mnist,sparsemax,5,28,0.2373071312904358,0.8839166666666667,0.8831636490498109,0.3273501367645061,0.23363663636623544,1.931871014706632,nan,nan
fashion_mnist,sparsemax,5,29,0.23023423552513123,0.8853333333333333,0.884477287904913,0.33462637662887573,0.23551666847568878,1.9513488665540168,nan,nan
fashion_mnist,sparsemax,6,0,1.0167597532272339,0.7404166666666666,0.7332538791119381,0.6669159151138143,0.36488396714025356,2.3304987803418586,nan,nan
fashion_mnist,sparsemax,6,1,0.562612771987915,0.8194166666666667,0.8162171286135097,0.5061463314167997,0.33490709247107203,2.2616225202032862,nan,nan
fashion_mnist,sparsemax,6,2,0.47560060024261475,0.8211666666666667,0.8188654966437181,0.4803374517471232,0.33564286821700157,2.2621923304618674,nan,nan
fashion_mnist,sparsemax,6,3,0.4346393346786499,0.8455833333333334,0.8441810192488832,0.42372251571492947,0.31904173610692327,2.2380014987702066,nan,nan
fashion_mnist,sparsemax,6,4,0.4077232778072357,0.8514166666666667,0.8489315192215365,0.40703176627767845,0.30960830427864766,2.2111317781691855,nan,nan
fashion_mnist,sparsemax,6,5,0.3877696096897125,0.8576666666666667,0.8564499542951614,0.39545098581212634,0.30642223437415794,2.2104366409017686,nan,nan
fashion_mnist,sparsemax,6,6,0.37303075194358826,0.8584166666666667,0.8586825463775039,0.3948686636508779,0.2977492487493982,2.1826322484523693,nan,nan
fashion_mnist,sparsemax,6,7,0.3606833219528198,0.8555833333333334,0.8565167479914436,0.38795927293757176,0.2856981526029871,2.123830372982837,nan,nan
fashion_mnist,sparsemax,6,8,0.3473857343196869,0.8625,0.862368655818007,0.38555632373119925,0.28859497036071535,2.153386633446876,nan,nan
fashion_mnist,sparsemax,6,9,0.33928558230400085,0.86825,0.8669688117723414,0.36016754520700334,0.28111003164915327,2.1266477868912066,nan,nan
fashion_mnist,sparsemax,6,10,0.3291199505329132,0.8745,0.8725219809958803,0.35186763393118026,0.2833151747571661,2.1283731194252664,nan,nan
fashion_mnist,sparsemax,6,11,0.3246637284755707,0.8739166666666667,0.874048411725622,0.3524328051729405,0.27912552496220205,2.1292058178719055,nan,nan
fashion_mnist,sparsemax,6,12,0.3136107325553894,0.8681666666666666,0.8681354443466116,0.35791264823142516,0.27968572492295124,2.1302998230812396,nan,nan
fashion_mnist,sparsemax,6,13,0.3079512417316437,0.8734166666666666,0.8743831053003472,0.34651327038064916,0.2679674880618745,2.0958475331042674,nan,nan
fashion_mnist,sparsemax,6,14,0.3005844056606293,0.8724166666666666,0.872576492835624,0.346754050635277,0.2666749434268221,2.097204997184429,nan,nan
fashion_mnist,sparsemax,6,15,0.298617959022522,0.87425,0.8741102331031332,0.3468221774760713,0.27079393191540496,2.1281352410925196,nan,nan
fashion_mnist,sparsemax,7,0,1.0283182859420776,0.7855,0.7857254961542246,0.5886423930208734,0.3915173042010754,2.468869613840225,nan,nan
fashion_mnist,sparsemax,7,1,0.5545348525047302,0.8170833333333334,0.8130522984709827,0.4969013168456707,0.3541077849395732,2.3928107023239136,nan,nan
fashion_mnist,sparsemax,7,2,0.48099178075790405,0.8286666666666667,0.8269586375014072,0.46252775319079137,0.33283999609820386,2.3286377229589097,nan,nan
fashion_mnist,sparsemax,7,3,0.4455055892467499,0.84475,0.8410850948410141,0.4302247255406481,0.3056058595155148,2.2374787127718014,nan,nan
fashion_mnist,sparsemax,7,4,0.4155977666378021,0.8516666666666667,0.8494147951292932,0.40441951789754504,0.2960102176095577,2.202725316615815,nan,nan
fashion_mnist,sparsemax,7,5,0.39331090450286865,0.863,0.8614763907339077,0.3776796466492592,0.27644226446430736,2.1490401536860366,nan,nan
fashion_mnist,sparsemax,7,6,0.3767129182815552,0.8519166666666667,0.8492058605012021,0.39922080395069526,0.26069582776820405,2.0939740957097803,nan,nan
fashion_mnist,sparsemax,7,7,0.3578248918056488,0.8566666666666667,0.8569258142431929,0.3828686995709196,0.25735486473174807,2.0907896135715727,nan,nan
fashion_mnist,sparsemax,7,8,0.343113511800766,0.87125,0.8705756282446734,0.3441563629089518,0.25430158018431764,2.0731730854257626,nan,nan
fashion_mnist,sparsemax,7,9,0.33393266797065735,0.8726666666666667,0.8699479563665073,0.34855654962519383,0.24449277209474685,2.030578514362903,nan,nan
fashion_mnist,sparsemax,7,10,0.327171266078949,0.8706666666666667,0.8689126292705381,0.3503012130869196,0.2459480397878809,2.0301551641301905,nan,nan
fashion_mnist,sparsemax,7,11,0.32149821519851685,0.8730833333333333,0.871672873789566,0.350058154856905,0.23592153920772227,1.9847955627644316,nan,nan
fashion_mnist,sparsemax,7,12,0.3113502264022827,0.8705833333333334,0.8688443480555896,0.35403710857350773,0.2451692630952977,2.0323750896656767,nan,nan
fashion_mnist,sparsemax,7,13,0.3022308945655823,0.8814166666666666,0.8817283247280436,0.32932263549338,0.24060491092027503,2.007066393152196,nan,nan
fashion_mnist,sparsemax,7,14,0.298616886138916,0.8774166666666666,0.8759033509762973,0.32797280873389956,0.23146703760040568,1.9780587452523253,nan,nan
fashion_mnist,sparsemax,7,15,0.29608777165412903,0.8753333333333333,0.875343253982237,0.3474714457988739,0.2227701205522456,1.9498141331875578,nan,nan
fashion_mnist,sparsemax,7,16,0.2838071882724762,0.8795833333333334,0.8795816903556929,0.33347906203980143,0.22124995830211233,1.9346499519145235,nan,nan
fashion_mnist,sparsemax,7,17,0.27811726927757263,0.8813333333333333,0.8807425117944421,0.3332494960186329,0.2179050215698303,1.905630386890249,nan,nan
fashion_mnist,sparsemax,7,18,0.27463892102241516,0.88825,0.887874980852356,0.3169322067752798,0.2178695636226776,1.9113634875480165,nan,nan
fashion_mnist,sparsemax,7,19,0.26966118812561035,0.8845833333333334,0.8838318891155797,0.3220284194388288,0.22413669669247688,1.9478222169774644,nan,nan
fashion_mnist,sparsemax,7,20,0.2656192481517792,0.8815833333333334,0.8817311962617882,0.32546931663726236,0.21400009935840647,1.9015235304832458,nan,nan
fashion_mnist,sparsemax,7,21,0.2591920793056488,0.88575,0.8859337146548526,0.31891545368001817,0.20891871414286026,1.8796430534504829,nan,nan
fashion_mnist,sparsemax,7,22,0.2590946853160858,0.8865833333333333,0.8863986559472601,0.3108244994853405,0.2096211624906418,1.8778592779281291,nan,nan
fashion_mnist,sparsemax,7,23,0.2517671585083008,0.8793333333333333,0.8793309989021527,0.3251539598754112,0.20715586048491458,1.8703335358741435,nan,nan
fashion_mnist,sparsemax,8,0,1.0295687913894653,0.7915,0.7913028479561486,0.5772440129138053,0.406206118299606,2.5621025080376483,nan,nan
fashion_mnist,sparsemax,8,1,0.5451014637947083,0.8240833333333333,0.8230492229291304,0.49332783006607217,0.36544922866085744,2.4516152080069196,nan,nan
fashion_mnist,sparsemax,8,2,0.48713499307632446,0.8355833333333333,0.8341419827296239,0.45881107893395934,0.34731539481497825,2.4093003260328416,nan,nan
fashion_mnist,sparsemax,8,3,0.4453901946544647,0.8499166666666667,0.848908683271706,0.41650526003634675,0.3203432280966576,2.3188993727907223,nan,nan
fashion_mnist,sparsemax,8,4,0.41262543201446533,0.8509166666666667,0.8508488019132155,0.40724407104735677,0.3128549984477936,2.2984508656440896,nan,nan
fashion_mnist,sparsemax,8,5,0.3887857496738434,0.8553333333333333,0.8536284651179198,0.3925305795162282,0.3035764077559431,2.271384374892458,nan,nan
fashion_mnist,sparsemax,8,6,0.3758929371833801,0.8656666666666667,0.8638234705540471,0.3659929747277118,0.28894022519284107,2.231743298946543,nan,nan
fashion_mnist,sparsemax,8,7,0.3614339828491211,0.855,0.8524365186895935,0.3988053684538983,0.2834229448691328,2.215085804462433,nan,nan
fashion_mnist,sparsemax,8,8,0.35334542393684387,0.86225,0.8639226570547734,0.36737417350424095,0.27841345632963993,2.2037300150445165,nan,nan
fashion_mnist,sparsemax,8,9,0.3398849368095398,0.872,0.8726024527190503,0.3478550029561875,0.2734748492849634,2.1886684742379696,nan,nan
fashion_mnist,sparsemax,8,10,0.33162200450897217,0.86775,0.8661524838083295,0.35669250437553895,0.26936153370015165,2.170743390600732,nan,nan
fashion_mnist,sparsemax,8,11,0.32087457180023193,0.8734166666666666,0.873045946574124,0.33771069950245797,0.2621946230213693,2.1483552468583937,nan,nan
fashion_mnist,sparsemax,8,12,0.3101542890071869,0.8759166666666667,0.8756156201110048,0.3432961163368631,0.2584189549088478,2.1456782691022185,nan,nan
fashion_mnist,sparsemax,8,13,0.30697980523109436,0.8776666666666667,0.877690671972287,0.33418238606858763,0.2510070486905727,2.1147767368783343,nan,nan
fashion_mnist,sparsemax,8,14,0.29788702726364136,0.8765833333333334,0.8777591657032924,0.34500615647498595,0.2462737961335385,2.0884346086928187,nan,nan
fashion_mnist,sparsemax,8,15,0.29584813117980957,0.8789166666666667,0.878910914035355,0.3312611313576394,0.24749959323634493,2.0912892298495516,nan,nan
fashion_mnist,sparsemax,8,16,0.28926101326942444,0.8743333333333333,0.8769102795140651,0.34415178317972955,0.23773644325581003,2.052529219617235,nan,nan
fashion_mnist,sparsemax,8,17,0.28011569380760193,0.8835,0.8836520428780676,0.32069925171263675,0.23766163324422024,2.0548851249065807,nan,nan
fashion_mnist,sparsemax,8,18,0.2780453860759735,0.8815833333333334,0.881665748943338,0.3318954015031774,0.23277244701030406,2.0278292475862707,nan,nan
fashion_mnist,sparsemax,8,19,0.27020537853240967,0.879,0.8797472080487152,0.3316229179184488,0.2280512754904463,2.013444790180693,nan,nan
fashion_mnist,sparsemax,8,20,0.2636473774909973,0.88225,0.8820908163473591,0.3286064511283915,0.2298942539603152,2.0180907338223557,nan,nan
fashion_mnist,sparsemax,8,21,0.26467716693878174,0.8835833333333334,0.8835074622887797,0.3398398541389628,0.22140932812335642,1.9858327190926734,nan,nan
fashion_mnist,sparsemax,8,22,0.261675089597702,0.88775,0.887033394860995,0.32623262132735964,0.224550373376684,2.0107765032889997,nan,nan
fashion_mnist,sparsemax,8,23,0.25372564792633057,0.8829166666666667,0.8830005949072971,0.32677312544051634,0.22588393900622714,2.0005655948151935,nan,nan
fashion_mnist,sparsemax,8,24,0.2513570785522461,0.88475,0.8853626521468352,0.32243600899868824,0.22204545901176778,1.9862579982331459,nan,nan
fashion_mnist,sparsemax,8,25,0.2422187477350235,0.8896666666666667,0.8906415631499918,0.31888235851805263,0.21645120071603896,1.9600362562118692,nan,nan
fashion_mnist,sparsemax,8,26,0.2396300882101059,0.8820833333333333,0.8813714743699471,0.342056320068684,0.2182359999798714,1.970064861977354,nan,nan
fashion_mnist,sparsemax,8,27,0.2383347451686859,0.88275,0.881740044724434,0.3254749299363887,0.21926779014633058,1.9839989454188245,nan,nan
fashion_mnist,sparsemax,8,28,0.2325524538755417,0.8853333333333333,0.8869386244032114,0.3219971130502985,0.2186030016300526,1.9708037477858522,nan,nan
fashion_mnist,sparsemax,8,29,0.228326216340065,0.8858333333333334,0.8859790421924444,0.3296216517052752,0.21044586868362225,1.9347864211873804,nan,nan
fashion_mnist,sparsemax,9,0,1.000893235206604,0.7916666666666666,0.7896094466865362,0.579207569994825,0.4060043790873061,2.518430642625119,nan,nan
fashion_mnist,sparsemax,9,1,0.5389844179153442,0.8275,0.8246352899447691,0.46892477413441275,0.38610406426039146,2.4748738687089147,nan,nan
fashion_mnist,sparsemax,9,2,0.4771602153778076,0.8399166666666666,0.8365462446922448,0.42936866904826876,0.35765592785591777,2.4032604732411973,nan,nan
fashion_mnist,sparsemax,9,3,0.43840694427490234,0.8461666666666666,0.8442407246754009,0.4077956131164064,0.3441660017409223,2.3496953236295823,nan,nan
fashion_mnist,sparsemax,9,4,0.41197675466537476,0.8509166666666667,0.8514189183469449,0.39835347520544173,0.3347292098593205,2.334540292303613,nan,nan
fashion_mnist,sparsemax,9,5,0.3916361331939697,0.8635833333333334,0.8632330248208632,0.36864400607474307,0.31872222477451284,2.293447035424253,nan,nan
fashion_mnist,sparsemax,9,6,0.3708159029483795,0.8640833333333333,0.8631685101760423,0.36977819622831143,0.31675786842057047,2.294478791825315,nan,nan
fashion_mnist,sparsemax,9,7,0.3610372543334961,0.86525,0.8646771643761466,0.3606197472582472,0.30615384734057366,2.2478422015271287,nan,nan
fashion_mnist,sparsemax,9,8,0.3532167375087738,0.871,0.8694360736210637,0.34022998017199496,0.29800979507730363,2.21946246065992,nan,nan
fashion_mnist,sparsemax,9,9,0.3389694094657898,0.8673333333333333,0.8670720760764518,0.3535001816901755,0.29437552614414947,2.195281948180909,nan,nan
fashion_mnist,sparsemax,9,10,0.3323337733745575,0.8714166666666666,0.8705122376045791,0.3448282943127003,0.28871587093206164,2.192943457593309,nan,nan
fashion_mnist,sparsemax,9,11,0.3265809416770935,0.8756666666666667,0.8755585051645255,0.33043025560835576,0.2845021376901485,2.1716691293614976,nan,nan
fashion_mnist,sparsemax,9,12,0.3148232698440552,0.8781666666666667,0.8776214822630702,0.32590104195665803,0.27504662456030543,2.1306256753333073,nan,nan
fashion_mnist,sparsemax,9,13,0.3088769018650055,0.8784166666666666,0.8768774745220718,0.32868727629489086,0.27790352749697705,2.1420449322842536,nan,nan
fashion_mnist,sparsemax,9,14,0.3030061721801758,0.88075,0.8787396109010294,0.3134500460421785,0.2698189639981757,2.111873040808008,nan,nan
fashion_mnist,sparsemax,9,15,0.2980444133281708,0.8798333333333334,0.8798574817886176,0.3221327887570604,0.27103393746817367,2.129237268833404,nan,nan
fashion_mnist,sparsemax,9,16,0.29164648056030273,0.87875,0.8771173621568611,0.32814528935767234,0.2581309416192643,2.0593569367489915,nan,nan
fashion_mnist,sparsemax,9,17,0.2873319387435913,0.8839166666666667,0.8831177022492508,0.3091709512345334,0.25847040941106514,2.062642255996136,nan,nan
fashion_mnist,sparsemax,9,18,0.27902156114578247,0.8830833333333333,0.8825690459114746,0.32304548424609164,0.25545413110484466,2.0577832549176316,nan,nan
fashion_mnist,sparsemax,9,19,0.2775594890117645,0.8834166666666666,0.8827648185195642,0.313750462963226,0.250332790961925,2.0161283320568977,nan,nan
fashion_mnist,sparsemax,9,20,0.2720671594142914,0.88425,0.8847283567813766,0.3202537542327921,0.2506419772163351,2.021716333450155,nan,nan
fashion_mnist,sparsemax,9,21,0.26706451177597046,0.884,0.8836501437134423,0.3191551857806267,0.2528521161764226,2.034949300136972,nan,nan
fashion_mnist,sparsemax,9,22,0.2564527690410614,0.88275,0.8832443259079763,0.312068742640475,0.2482372395535733,1.9873969478810087,nan,nan
fashion_mnist,sparsemax,9,23,0.2583458721637726,0.8838333333333334,0.8831936680477082,0.32164697602708286,0.24034953371007392,1.9671837624083175,nan,nan
fashion_mnist,sparsemax,9,24,0.25424256920814514,0.8895833333333333,0.8895041391832492,0.30455488854266227,0.23813053529630315,1.9477849298335137,nan,nan
fashion_mnist,sparsemax,9,25,0.24868671596050262,0.8863333333333333,0.8855451309346257,0.31476226670944946,0.24298176058429352,1.9671146159476423,nan,nan
fashion_mnist,sparsemax,9,26,0.24795180559158325,0.88675,0.8862312057245456,0.3086435553875375,0.2381279760218681,1.9576645049643009,nan,nan
fashion_mnist,sparsemax,9,27,0.24035488069057465,0.8896666666666667,0.8890610034454063,0.3077531875448024,0.23911096536098642,1.9546922521388277,nan,nan
fashion_mnist,sparsemax,9,28,0.23789262771606445,0.8913333333333333,0.8910423384351397,0.30543397684046564,0.23639300957005074,1.9458119006867105,nan,nan
fashion_mnist,sparsemax,9,29,0.23257102072238922,0.8886666666666667,0.8876062354449473,0.3009793438175891,0.24320351078789285,1.9865828777881378,nan,nan
fashion_mnist,entmax15,0,0,1.0892163515090942,0.7526666666666667,0.7465631479705788,0.6722228273432306,0.7507934462516865,3.162959058234032,nan,nan
fashion_mnist,entmax15,0,1,0.5887184739112854,0.8079166666666666,0.8007821244941592,0.5241374753891154,0.7344634862656289,3.1386677255021764,nan,nan
fashion_mnist,entmax15,0,2,0.5199596285820007,0.8268333333333333,0.8249013657275581,0.47488848135826434,0.70057054276162,3.0460134338825307,nan,nan
fashion_mnist,entmax15,0,3,0.47866013646125793,0.8365,0.8323381697745678,0.44341798602266513,0.6982597803815882,3.023328773518826,nan,nan
fashion_mnist,entmax15,0,4,0.4455299973487854,0.8425,0.8409282469493016,0.4220651889100988,0.6783299928015851,2.9679717104485692,nan,nan
fashion_mnist,entmax15,0,5,0.4279156029224396,0.8519166666666667,0.8503684676528552,0.4035694383560343,0.6638798263478787,2.9169117567387035,nan,nan
fashion_mnist,entmax15,0,6,0.4069507420063019,0.86275,0.8606342975035377,0.36887946344436484,0.6634574469099653,2.898979549712323,nan,nan
fashion_mnist,entmax15,0,7,0.39263343811035156,0.8615,0.8602930881703266,0.377568245568174,0.6493910525707488,2.8527501973700016,nan,nan
fashion_mnist,entmax15,0,8,0.37893110513687134,0.8556666666666667,0.8516012175157346,0.3848964990453517,0.6285567622869572,2.79764627649429,nan,nan
fashion_mnist,entmax15,0,9,0.3685760498046875,0.8564166666666667,0.8530903852037378,0.3678168109122743,0.6372668819224581,2.8004745904435504,nan,nan
fashion_mnist,entmax15,0,10,0.3591649830341339,0.86725,0.8661397030084963,0.35589509885361853,0.6215993708118479,2.761261630565562,nan,nan
fashion_mnist,entmax15,0,11,0.34652283787727356,0.8694166666666666,0.8657565630188853,0.3523554465872176,0.6102831420746255,2.728246234832926,nan,nan
fashion_mnist,entmax15,0,12,0.3385569155216217,0.8675,0.8638206272280152,0.35333757958513623,0.6074608919468332,2.70976393527173,nan,nan
fashion_mnist,entmax15,0,13,0.3370320498943329,0.87225,0.8710712224844258,0.33708055095469697,0.6030397294683659,2.707052593535565,nan,nan
fashion_mnist,entmax15,0,14,0.3259875476360321,0.8761666666666666,0.8741414935683771,0.3309033123102594,0.6050729612086682,2.7138143879302006,nan,nan
fashion_mnist,entmax15,0,15,0.3190688490867615,0.8785833333333334,0.876951638877121,0.32395980966852067,0.5993437164641441,2.692068982631602,nan,nan
fashion_mnist,entmax15,0,16,0.3107788860797882,0.8738333333333334,0.8733267003044125,0.33586126280591844,0.5985695478763986,2.6957310843974986,nan,nan
fashion_mnist,entmax15,0,17,0.307015597820282,0.8795,0.8785790391934085,0.3256460279226303,0.5768984955676059,2.6447960620230817,nan,nan
fashion_mnist,entmax15,0,18,0.30357715487480164,0.8761666666666666,0.8743657062524234,0.3331442186807064,0.5807751074750372,2.657378518835027,nan,nan
fashion_mnist,entmax15,0,19,0.2986527681350708,0.8834166666666666,0.8819056082789721,0.3133890673201135,0.5815165274320765,2.6535421711333256,nan,nan
fashion_mnist,entmax15,0,20,0.2883734405040741,0.8806666666666667,0.8819167925019593,0.32211994554134127,0.5765279715365552,2.6363421982907234,nan,nan
fashion_mnist,entmax15,0,21,0.28839969635009766,0.8841666666666667,0.883155581201209,0.3135235325453129,0.5706533038235725,2.6436890769512096,nan,nan
fashion_mnist,entmax15,0,22,0.28382450342178345,0.883,0.8811337616039919,0.3111658698700844,0.5660561094892785,2.620844381920835,nan,nan
fashion_mnist,entmax15,0,23,0.2782948315143585,0.8836666666666667,0.8837732967273876,0.32170958753595963,0.5684599004527355,2.627513423879096,nan,nan
fashion_mnist,entmax15,0,24,0.27279162406921387,0.8778333333333334,0.8768941812690038,0.32482062343587265,0.5549118899284525,2.585682212038243,nan,nan
fashion_mnist,entmax15,0,25,0.2655244767665863,0.8859166666666667,0.8852170040888925,0.31600019494269754,0.5623452758535425,2.612498052576755,nan,nan
fashion_mnist,entmax15,0,26,0.2602244019508362,0.8846666666666667,0.8847884720201241,0.31227708718878155,0.5597316942950512,2.6031409172301596,nan,nan
fashion_mnist,entmax15,0,27,0.25643831491470337,0.8880833333333333,0.8881269006270935,0.3042345814248349,0.5581680130451283,2.5995482612163463,nan,nan
fashion_mnist,entmax15,0,28,0.2510036826133728,0.8878333333333334,0.8860938361789374,0.3036780021292098,0.5501864793452811,2.576705354325315,nan,nan
fashion_mnist,entmax15,0,29,0.2465582638978958,0.8911666666666667,0.8890848944721584,0.30070085506489935,0.5442560930201348,2.5742124040076075,nan,nan
fashion_mnist,entmax15,1,0,1.0566343069076538,0.77775,0.7729194765025605,0.6136724416245806,0.7329437992674239,3.1306353984995092,nan,nan
fashion_mnist,entmax15,1,1,0.5588181614875793,0.8099166666666666,0.8065221609077937,0.5190875821925224,0.732866736802649,3.108893998125766,nan,nan
fashion_mnist,entmax15,1,2,0.5007528066635132,0.82525,0.822637640753195,0.4746366834386866,0.7221245017457516,3.0822431965077177,nan,nan
fashion_mnist,entmax15,1,3,0.4528873860836029,0.8386666666666667,0.8360767348565409,0.4357174254478292,0.7206308822682563,3.056917464479487,nan,nan
fashion_mnist,entmax15,1,4,0.43110764026641846,0.8425,0.8406477035716898,0.4300123713117965,0.7045954916071384,2.999527738449421,nan,nan
fashion_mnist,entmax15,1,5,0.40982767939567566,0.8475,0.8427595102072631,0.41166102822790757,0.6954063322949917,2.9646672923514186,nan,nan
fashion_mnist,entmax15,1,6,0.397186279296875,0.8481666666666666,0.8436286235979354,0.40335260046289323,0.6854904953469622,2.9512362809891397,nan,nan
fashion_mnist,entmax15,1,7,0.3825806975364685,0.8579166666666667,0.8551101668325899,0.381634957612829,0.652443768496209,2.843183258746533,nan,nan
fashion_mnist,entmax15,1,8,0.37432506680488586,0.85575,0.8534997370987965,0.391250360519328,0.6614098028933748,2.86904664496158,nan,nan
fashion_mnist,entmax15,1,9,0.3645380735397339,0.8613333333333333,0.8597303310797372,0.3685491960099403,0.6504655734021613,2.8504372987341373,nan,nan
fashion_mnist,entmax15,1,10,0.3497849106788635,0.8675,0.865480352711892,0.35687061637005907,0.6422187704989251,2.8202871185667973,nan,nan
fashion_mnist,entmax15,1,11,0.34412682056427,0.8689166666666667,0.8665219485460213,0.36134736017977936,0.618550072007991,2.756017307017712,nan,nan
fashion_mnist,entmax15,1,12,0.33535340428352356,0.8670833333333333,0.8638808935708688,0.35918660810653197,0.6069593752952332,2.7101962693194124,nan,nan
fashion_mnist,entmax15,1,13,0.3280746638774872,0.8694166666666666,0.8659785222708472,0.3594495888720167,0.6066160870993391,2.7265102178492446,nan,nan
fashion_mnist,entmax15,1,14,0.318277508020401,0.8719166666666667,0.8695574112506284,0.34670473476673697,0.6112711420084568,2.7365672233256886,nan,nan
fashion_mnist,entmax15,1,15,0.31224560737609863,0.8731666666666666,0.8709982768784821,0.3562264841921786,0.6045625783661579,2.7238058891702206,nan,nan
fashion_mnist,entmax15,1,16,0.3069763779640198,0.876,0.8757322632643383,0.3370331925280551,0.575008067044806,2.6419785555372846,nan,nan
fashion_mnist,entmax15,1,17,0.3027315139770508,0.8735833333333334,0.8710665021193968,0.3407223966527492,0.5810726307173992,2.6712943112596554,nan,nan
fashion_mnist,entmax15,1,18,0.29989489912986755,0.8750833333333333,0.8738176542770255,0.3433016392778843,0.5838740762877972,2.6828290198711637,nan,nan
fashion_mnist,entmax15,1,19,0.29090943932533264,0.876,0.8752295758931276,0.33797415076418125,0.5847980215194377,2.6805111702452313,nan,nan
fashion_mnist,entmax15,1,20,0.2831994891166687,0.8780833333333333,0.8752398168653277,0.3432989386802024,0.577555515981735,2.6646195751555424,nan,nan
fashion_mnist,entmax15,1,21,0.27983173727989197,0.8815,0.8801963126197387,0.32672400550639374,0.5746353718828647,2.6578592315633247,nan,nan
fashion_mnist,entmax15,1,22,0.27035000920295715,0.8773333333333333,0.8769278337540692,0.33466227828188144,0.5700224469950859,2.6430501481319997,nan,nan
fashion_mnist,entmax15,1,23,0.2730904817581177,0.8806666666666667,0.8802258648084503,0.33431211050520554,0.5675774961709976,2.62182816546014,nan,nan
fashion_mnist,entmax15,1,24,0.2654271423816681,0.885,0.884314104957063,0.32411877747545853,0.5449388293509788,2.6013155769794545,nan,nan
fashion_mnist,entmax15,1,25,0.2625775933265686,0.8799166666666667,0.8779588932421059,0.3409102907840242,0.5570996663671859,2.6253919956531933,nan,nan
fashion_mnist,entmax15,1,26,0.25425446033477783,0.8845,0.8833922090843,0.3239599954574666,0.5514626395195088,2.610027759633166,nan,nan
fashion_mnist,entmax15,1,27,0.2508857846260071,0.88,0.8777908750257147,0.34458482550813796,0.5479633069418847,2.599858098841728,nan,nan
fashion_mnist,entmax15,1,28,0.25108465552330017,0.88725,0.8861677708185767,0.31061137737111844,0.5516927327881468,2.6030626652088573,nan,nan
fashion_mnist,entmax15,1,29,0.2451612651348114,0.87925,0.8780671087650715,0.3332743597157458,0.5461222795729942,2.601699227982379,nan,nan
fashion_mnist,entmax15,2,0,1.0216549634933472,0.7843333333333333,0.782600376570505,0.5831210689341768,0.7703873990698064,3.221946267371482,nan,nan
fashion_mnist,entmax15,2,1,0.5587188601493835,0.8185833333333333,0.8137990183951684,0.4896955306225635,0.7613095102157998,3.1856457578374986,nan,nan
fashion_mnist,entmax15,2,2,0.4875585436820984,0.81975,0.8088145488167136,0.49646010234000837,0.7461015892789719,3.137382608778933,nan,nan
fashion_mnist,entmax15,2,3,0.449808269739151,0.8395,0.8376473706970007,0.43398173438741805,0.7345324222077715,3.098441220344381,nan,nan
fashion_mnist,entmax15,2,4,0.4232673943042755,0.8515833333333334,0.8506547108734794,0.4057538300118548,0.7091743362710831,3.0191745808783996,nan,nan
fashion_mnist,entmax15,2,5,0.402616947889328,0.8534166666666667,0.8507489980278755,0.40003824804691557,0.7018100194474484,2.9929817864235413,nan,nan
fashion_mnist,entmax15,2,6,0.3821468949317932,0.8573333333333333,0.85611907194205,0.3965660099019396,0.6947928908023429,2.971092315430337,nan,nan
fashion_mnist,entmax15,2,7,0.368070513010025,0.8670833333333333,0.8663094358971574,0.36408423489712655,0.7015786621164768,2.981381931203477,nan,nan
fashion_mnist,entmax15,2,8,0.3587852120399475,0.865,0.8661579859734203,0.36102233985637094,0.6901737698849212,2.9508583723230566,nan,nan
fashion_mnist,entmax15,2,9,0.34533169865608215,0.8681666666666666,0.8693447191372382,0.36389003725762065,0.6804533835421217,2.931887636793421,nan,nan
fashion_mnist,entmax15,2,10,0.3422653079032898,0.87275,0.8725305186188368,0.3455207309824355,0.6671001695572062,2.8855491673692746,nan,nan
fashion_mnist,entmax15,2,11,0.33063578605651855,0.87425,0.874641690888855,0.33702131154689385,0.6558583968497337,2.865880844440866,nan,nan
fashion_mnist,entmax15,2,12,0.32419878244400024,0.87225,0.8711960884265582,0.3541785440546401,0.6433381229004962,2.824098688490847,nan,nan
fashion_mnist,entmax15,2,13,0.31473231315612793,0.8751666666666666,0.875020421378818,0.3379705570479657,0.6375097369259977,2.804831218212209,nan,nan
fashion_mnist,entmax15,2,14,0.3114209473133087,0.8729166666666667,0.8731303172712088,0.34266018867492676,0.6379002250255422,2.8016015544850776,nan,nan
fashion_mnist,entmax15,2,15,0.3000998795032501,0.87625,0.8760915843901357,0.3349797265960815,0.6302505230649988,2.7850276764402997,nan,nan
fashion_mnist,entmax15,2,16,0.2965424954891205,0.8765,0.8759393510011909,0.33331741994999825,0.6343808719452392,2.7891357984948666,nan,nan
fashion_mnist,entmax15,2,17,0.2919142544269562,0.8776666666666667,0.8775182441458635,0.33614792405290805,0.6240638532537095,2.7592338044592677,nan,nan
fashion_mnist,entmax15,2,18,0.2865769863128662,0.8719166666666667,0.8717046608787229,0.3507478931482802,0.6152742571653204,2.7382799031886647,nan,nan
fashion_mnist,entmax15,2,19,0.2826541066169739,0.8810833333333333,0.8816045071193658,0.32943821936211687,0.6168158187511119,2.7549804575899812,nan,nan
fashion_mnist,entmax15,2,20,0.27833127975463867,0.87975,0.8785941719581822,0.32771319880130445,0.6004375583947973,2.706136328108767,nan,nan
fashion_mnist,entmax15,2,21,0.2699228823184967,0.88025,0.8795055588735643,0.3403409205852671,0.6078315355042194,2.7209482319811555,nan,nan
fashion_mnist,entmax15,2,22,0.2654271125793457,0.8829166666666667,0.8834814938814203,0.3261576174421513,0.6023547972770448,2.696013818395899,nan,nan
fashion_mnist,entmax15,2,23,0.26211678981781006,0.8861666666666667,0.8858394110042825,0.3199520621528017,0.600298044846413,2.7094563651592174,nan,nan
fashion_mnist,entmax15,2,24,0.2610616385936737,0.8840833333333333,0.8832328983834179,0.3211999887481649,0.5881157431830751,2.669659817472417,nan,nan
fashion_mnist,entmax15,2,25,0.25575175881385803,0.8850833333333333,0.8842554911264777,0.31964870145980345,0.5966294369799026,2.6827797280981187,nan,nan
fashion_mnist,entmax15,2,26,0.2512538433074951,0.8839166666666667,0.8845525033473811,0.32138731314780866,0.5885823698754006,2.663513797394773,nan,nan
fashion_mnist,entmax15,2,27,0.24598397314548492,0.8845833333333334,0.883212103691221,0.32352355598135196,0.5894062303482218,2.668315512068728,nan,nan
fashion_mnist,entmax15,2,28,0.24201804399490356,0.88675,0.8853673624665463,0.31777506147293333,0.594816563611335,2.698651699309653,nan,nan
fashion_mnist,entmax15,2,29,0.2381104975938797,0.8824166666666666,0.8814577957350671,0.3330758315451602,0.5892143182932063,2.671437273634241,nan,nan
fashion_mnist,entmax15,3,0,1.1037567853927612,0.7781666666666667,0.7720055564930755,0.6154888804922712,0.6638937712983882,2.9896618559005415,nan,nan
fashion_mnist,entmax15,3,1,0.562635600566864,0.81375,0.8135699274960227,0.5171296710663653,0.6560777197492883,2.937085466181978,nan,nan
fashion_mnist,entmax15,3,2,0.48679792881011963,0.83525,0.8350790126758006,0.4588212186985828,0.6422988189027664,2.8890159510551614,nan,nan
fashion_mnist,entmax15,3,3,0.4497944414615631,0.8370833333333333,0.8364319738903285,0.4424840807914734,0.6392290680966479,2.8751070220419703,nan,nan
fashion_mnist,entmax15,3,4,0.42666733264923096,0.84525,0.8439383306339605,0.4156576566239621,0.622990164668002,2.822012995151763,nan,nan
fashion_mnist,entmax15,3,5,0.4042486250400543,0.84675,0.8467309176882777,0.4107521398270384,0.6185027075574753,2.8001608696389706,nan,nan
fashion_mnist,entmax15,3,6,0.3866868317127228,0.847,0.8454228449651178,0.40746300905308824,0.6014595760944041,2.759725811633658,nan,nan
fashion_mnist,entmax15,3,7,0.3755921721458435,0.8518333333333333,0.85078088543037,0.3953025721489115,0.5927006171104756,2.7345768644454633,nan,nan
fashion_mnist,entmax15,3,8,0.36509227752685547,0.8585833333333334,0.8571674620837628,0.37689338783000376,0.5907115669960671,2.7270269241738827,nan,nan
fashion_mnist,entmax15,3,9,0.3542131781578064,0.8644166666666667,0.8623933516506451,0.37096068263053894,0.5898778774636857,2.7311675244189324,nan,nan
fashion_mnist,entmax15,3,10,0.34618446230888367,0.8631666666666666,0.8600051836577226,0.36860357954147016,0.5850694981661249,2.7053648360232088,nan,nan
fashion_mnist,entmax15,3,11,0.340333491563797,0.8605,0.8601150961491655,0.3682555727502133,0.5786891078695338,2.6879139631352524,nan,nan
fashion_mnist,entmax15,3,12,0.3261167109012604,0.8680833333333333,0.8691007852903718,0.35120782097603415,0.568045918928816,2.6654168392749544,nan,nan
fashion_mnist,entmax15,3,13,0.32441651821136475,0.8703333333333333,0.8687904107997099,0.3517595405908341,0.5646629809065068,2.6441346964937575,nan,nan
fashion_mnist,entmax15,3,14,0.3158864676952362,0.872,0.8710065823987236,0.3603437707779255,0.5544999492295245,2.6088084033195007,nan,nan
fashion_mnist,entmax15,3,15,0.3129977881908417,0.8721666666666666,0.8699335053487385,0.3500970890547367,0.557293822156622,2.61383806644602,nan,nan
fashion_mnist,entmax15,3,16,0.30483946204185486,0.8734166666666666,0.8725236134805392,0.3498158407338122,0.5481667591536299,2.5878006676410106,nan,nan
fashion_mnist,entmax15,3,17,0.2983878552913666,0.8750833333333333,0.8735335688006505,0.34012095186304536,0.5507516816575476,2.5983772404650423,nan,nan
fashion_mnist,entmax15,3,18,0.29283085465431213,0.8755,0.8739091571207073,0.3514410891431443,0.5460238291862163,2.573572612823324,nan,nan
fashion_mnist,entmax15,3,19,0.28840404748916626,0.8795833333333334,0.8791340744698539,0.3309570937714678,0.5426710466755197,2.573135731068063,nan,nan
fashion_mnist,entmax15,3,20,0.28286439180374146,0.8725833333333334,0.870686257211994,0.35182112518777237,0.5435843895724479,2.5626202796367887,nan,nan
fashion_mnist,entmax15,3,21,0.28199639916419983,0.8789166666666667,0.8762010629888193,0.3325135029376821,0.5422492052646394,2.5652824513455657,nan,nan
fashion_mnist,entmax15,3,22,0.2719912827014923,0.87875,0.876461163240705,0.3430157078707472,0.5311170191840923,2.524737817175845,nan,nan
fashion_mnist,entmax15,3,23,0.26811784505844116,0.8789166666666667,0.8781765216840107,0.3314658723613049,0.5398958027362823,2.5575338272338217,nan,nan
fashion_mnist,entmax15,3,24,0.265409916639328,0.8794166666666666,0.8796337372105489,0.32616584098085444,0.5372039193802691,2.5531807072619173,nan,nan
fashion_mnist,entmax15,4,0,1.0858899354934692,0.7813333333333333,0.7758137434724589,0.5942790064405887,0.7700080357967539,3.191613740109383,nan,nan
fashion_mnist,entmax15,4,1,0.5731731653213501,0.8195,0.8159612685290194,0.5024763066717919,0.7490329171748872,3.122522993290678,nan,nan
fashion_mnist,entmax15,4,2,0.5010104775428772,0.8315,0.8274623128592987,0.4582852930464643,0.7197285078941508,3.0630840215277164,nan,nan
fashion_mnist,entmax15,4,3,0.46068185567855835,0.8435,0.8393172311101214,0.4294672094761057,0.7139489695112756,3.039866343457648,nan,nan
fashion_mnist,entmax15,4,4,0.4302695393562317,0.8471666666666666,0.8460132819223698,0.419267142706729,0.6988965241198845,2.998820479879988,nan,nan
fashion_mnist,entmax15,4,5,0.4072078466415405,0.85625,0.8545764730108931,0.3946322462660201,0.7068875178377679,3.0045636866955046,nan,nan
fashion_mnist,entmax15,4,6,0.3917447328567505,0.86,0.858657765099269,0.3850512485554878,0.6797041753505139,2.9482379695202443,nan,nan
fashion_mnist,entmax15,4,7,0.3823961317539215,0.8545833333333334,0.8517350327600715,0.39429840065063315,0.6846754468501882,2.956761765987315,nan,nan
fashion_mnist,entmax15,4,8,0.36887118220329285,0.8626666666666667,0.8600027297588717,0.3709285690429363,0.6657387075272012,2.895584154636302,nan,nan
fashion_mnist,entmax15,4,9,0.3593429625034332,0.862,0.8608960118999903,0.37834232855350414,0.6769415856675899,2.9031640367305025,nan,nan
fashion_mnist,entmax15,4,10,0.34527915716171265,0.86425,0.8614927178768358,0.36733656741203147,0.6601922407429269,2.8695252372863447,nan,nan
fashion_mnist,entmax15,4,11,0.3416686952114105,0.8669166666666667,0.8638092047787651,0.36268706175875154,0.6469425628794,2.832188268925281,nan,nan
fashion_mnist,entmax15,4,12,0.3299478590488434,0.8735,0.8737735748921546,0.34637121348939043,0.6484808427222232,2.8358633492855314,nan,nan
fashion_mnist,entmax15,4,13,0.32421329617500305,0.8686666666666667,0.8674203549961966,0.3489504038019383,0.6346415059363588,2.803843231911355,nan,nan
fashion_mnist,entmax15,4,14,0.3138767182826996,0.8728333333333333,0.8716968471935174,0.3410875638748737,0.6366932322370246,2.8011761929126497,nan,nan
fashion_mnist,entmax15,4,15,0.3106546103954315,0.87375,0.8719799933162949,0.3411837895499899,0.620530829467672,2.753274364674345,nan,nan
fashion_mnist,entmax15,4,16,0.30247047543525696,0.8785833333333334,0.8771790309160717,0.33522576474128885,0.6140498889887587,2.727491168265647,nan,nan
fashion_mnist,entmax15,4,17,0.2994271516799927,0.875,0.8751288736553093,0.3471258472889028,0.6181714135281583,2.7282014577946763,nan,nan
fashion_mnist,entmax15,4,18,0.29217222332954407,0.876,0.8733845846477285,0.33932996303477186,0.5999680399260623,2.6990214408712183,nan,nan
fashion_mnist,entmax15,4,19,0.287532776594162,0.8821666666666667,0.8811983422868288,0.3200797695428767,0.5999792490867858,2.6973191804074226,nan,nan
fashion_mnist,entmax15,4,20,0.2836220860481262,0.8795,0.8787109041996892,0.3405348832936997,0.5973036752102223,2.7016460971629366,nan,nan
fashion_mnist,entmax15,4,21,0.278874009847641,0.8844166666666666,0.883588177466167,0.3189211554349737,0.5974401460683092,2.695334216381641,nan,nan
fashion_mnist,entmax15,4,22,0.27099689841270447,0.88175,0.8801556506440541,0.3236953425914683,0.5848583899279858,2.6632953958308443,nan,nan
fashion_mnist,entmax15,4,23,0.267830491065979,0.8773333333333333,0.875817321045111,0.33435826288892867,0.5847853203403189,2.664285956545079,nan,nan
fashion_mnist,entmax15,4,24,0.2634228765964508,0.88475,0.8845262864824626,0.3199540433731485,0.5863623644443269,2.6696631223597427,nan,nan
fashion_mnist,entmax15,4,25,0.2605379521846771,0.8825,0.8817937347030377,0.32723993570246596,0.5644836359201594,2.6010487181075077,nan,nan
fashion_mnist,entmax15,4,26,0.25404664874076843,0.8848333333333334,0.8825438483269836,0.31630599784090163,0.5750432163476944,2.6269112343483783,nan,nan
fashion_mnist,entmax15,4,27,0.25152894854545593,0.8876666666666667,0.88617619431611,0.3240036580790865,0.5679034872892055,2.613380860775075,nan,nan
fashion_mnist,entmax15,4,28,0.24798047542572021,0.8865,0.885970218910759,0.31842234667311325,0.5664030272275844,2.610336630902392,nan,nan
fashion_mnist,entmax15,4,29,0.24505211412906647,0.8879166666666667,0.8873617386805082,0.31489036691949723,0.5630823037725814,2.6124177663884263,nan,nan
fashion_mnist,entmax15,5,0,1.0520991086959839,0.77625,0.7745989227108827,0.6111241769283375,0.7002196907997131,3.0858903438486953,nan,nan
fashion_mnist,entmax15,5,1,0.5643239617347717,0.8088333333333333,0.8074450673213711,0.5008087640113019,0.6737065004541519,3.0066311942770128,nan,nan
fashion_mnist,entmax15,5,2,0.4890367090702057,0.8255833333333333,0.8248838071545205,0.4629544958155206,0.6553015930855528,2.937046302125809,nan,nan
fashion_mnist,entmax15,5,3,0.4400853216648102,0.8369166666666666,0.8361567599433857,0.434318408052972,0.6347544529336564,2.879053960455225,nan,nan
fashion_mnist,entmax15,5,4,0.4178442656993866,0.8485833333333334,0.8482562410128576,0.4028057018493084,0.6237659790414445,2.8289586280254606,nan,nan
fashion_mnist,entmax15,5,5,0.39419618248939514,0.8535,0.851120376549494,0.39344927922208256,0.6075476763096261,2.771035229906123,nan,nan
fashion_mnist,entmax15,5,6,0.3762308359146118,0.853,0.8540722161896028,0.396027554222878,0.6079782101702182,2.7560723588821734,nan,nan
fashion_mnist,entmax15,5,7,0.36557456851005554,0.8658333333333333,0.8643089669158937,0.36836878099340076,0.5867237439180942,2.7015695952354593,nan,nan
fashion_mnist,entmax15,5,8,0.3532830774784088,0.87125,0.8712000527060606,0.35328335964933355,0.568185308512221,2.6467732419358923,nan,nan
fashion_mnist,entmax15,5,9,0.3425399959087372,0.8669166666666667,0.8644958591371639,0.37228220067125684,0.5570269157277777,2.612561428800542,nan,nan
fashion_mnist,entmax15,5,10,0.33415210247039795,0.8691666666666666,0.8699231793183756,0.3525436241576012,0.5556476306408009,2.5994583977029677,nan,nan
fashion_mnist,entmax15,5,11,0.3254898190498352,0.8718333333333333,0.8728499437797093,0.3453503213030227,0.5438526849797432,2.590381480277853,nan,nan
fashion_mnist,entmax15,5,12,0.3209981322288513,0.8765833333333334,0.8747599426848917,0.33802237123885054,0.547833429055011,2.594376579244086,nan,nan
fashion_mnist,entmax15,5,13,0.31368109583854675,0.8739166666666667,0.8720379090693392,0.34312833877319987,0.531942902410284,2.552706223853091,nan,nan
fashion_mnist,entmax15,5,14,0.3081584572792053,0.8795,0.8776744606367931,0.32528150588908095,0.5306861165990221,2.5573472494774676,nan,nan
fashion_mnist,entmax15,5,15,0.29660624265670776,0.8763333333333333,0.8735741747073618,0.33196152271108426,0.5162997718187089,2.511252819223607,nan,nan
fashion_mnist,entmax15,5,16,0.2962552607059479,0.8794166666666666,0.8782071276352207,0.32874970486823546,0.5075992006570735,2.486324609594142,nan,nan
fashion_mnist,entmax15,5,17,0.2898995280265808,0.8815,0.881033642086331,0.32586555817025775,0.5021715706333201,2.4688172162847315,nan,nan
fashion_mnist,entmax15,5,18,0.28698915243148804,0.8824166666666666,0.8817472144175605,0.3262528859554453,0.5015420932719048,2.4631484746932983,nan,nan
fashion_mnist,entmax15,5,19,0.2766750454902649,0.8795,0.8766339423229734,0.32690556981462116,0.5042114425846871,2.478672783425514,nan,nan
fashion_mnist,entmax15,5,20,0.2755570113658905,0.8833333333333333,0.8828605405411871,0.3164564057233486,0.4950695874843192,2.4546773433685303,nan,nan
fashion_mnist,entmax15,5,21,0.2716144621372223,0.8834166666666666,0.8833180751629459,0.31660967938443446,0.49279336282547487,2.450666932349509,nan,nan
fashion_mnist,entmax15,5,22,0.2657002806663513,0.8838333333333334,0.8825342718916096,0.3258965678037481,0.49570866246172723,2.456941695923501,nan,nan
fashion_mnist,entmax15,5,23,0.260274201631546,0.88625,0.8858078047070592,0.31526302118250665,0.49427120102212785,2.4678966415689345,nan,nan
fashion_mnist,entmax15,5,24,0.26051202416419983,0.8831666666666667,0.8813416580435872,0.32331720311590967,0.48233949567409273,2.4233792081792305,nan,nan
fashion_mnist,entmax15,5,25,0.2512712776660919,0.884,0.8834170946007884,0.3151101888494289,0.4872949976236262,2.441498819817888,nan,nan
fashion_mnist,entmax15,5,26,0.2485586255788803,0.8843333333333333,0.8825825771170951,0.32314006825710867,0.4815093367657763,2.414952219800746,nan,nan
fashion_mnist,entmax15,5,27,0.24453522264957428,0.8850833333333333,0.8850983443660955,0.31807261578580165,0.48632203961940523,2.433059725355595,nan,nan
fashion_mnist,entmax15,5,28,0.2402668297290802,0.8881666666666667,0.8871988952623038,0.3125377164242115,0.4816856856675858,2.4255586532836264,nan,nan
fashion_mnist,entmax15,5,29,0.23837171494960785,0.8889166666666667,0.8878595346370046,0.3178521458138811,0.47401759282071537,2.3946874014874724,nan,nan
fashion_mnist,entmax15,6,0,1.1122846603393555,0.75225,0.7449771965321305,0.6783726177317031,0.6327409351125677,2.898297807003589,nan,nan
fashion_mnist,entmax15,6,1,0.5812903046607971,0.80175,0.7976388854990376,0.5432541630369552,0.6383031099400622,2.9033266026923,nan,nan
fashion_mnist,entmax15,6,2,0.49719130992889404,0.8281666666666667,0.8272313923820738,0.47317645207364506,0.635681594939942,2.900009928865636,nan,nan
fashion_mnist,entmax15,6,3,0.45455431938171387,0.841,0.8396137322271064,0.4467534150214905,0.6317370508579497,2.885521358632027,nan,nan
fashion_mnist,entmax15,6,4,0.42455023527145386,0.8443333333333334,0.8428463192002645,0.4325179305482418,0.6126431683276562,2.8056648335558303,nan,nan
fashion_mnist,entmax15,6,5,0.4077557325363159,0.8466666666666667,0.8450892381647511,0.4172912690233677,0.6084469918240892,2.797782286684564,nan,nan
fashion_mnist,entmax15,6,6,0.39238932728767395,0.8536666666666667,0.8551433849549372,0.40662905320208126,0.5996897715203305,2.7407490446212446,nan,nan
fashion_mnist,entmax15,6,7,0.3756486177444458,0.8519166666666667,0.8524145647511242,0.4107082815880471,0.5847631477295084,2.6919696229569454,nan,nan
fashion_mnist,entmax15,6,8,0.3641101121902466,0.8540833333333333,0.8523195923909244,0.3962877925406111,0.5813020645303929,2.684469529922972,nan,nan
fashion_mnist,entmax15,6,9,0.35232898592948914,0.861,0.8602749442245553,0.3788001404163685,0.5649620037763676,2.6172404111699854,nan,nan
fashion_mnist,entmax15,6,10,0.34282082319259644,0.8725,0.8719490854107933,0.35460035978479587,0.5431889454100994,2.5509621158559272,nan,nan
fashion_mnist,entmax15,6,11,0.33838921785354614,0.8755,0.8755954066205168,0.3465887656871309,0.5327189187420175,2.535171612780145,nan,nan
fashion_mnist,entmax15,6,12,0.3261658549308777,0.8686666666666667,0.8686823506113492,0.3704794017558402,0.532092791922549,2.525788903236389,nan,nan
fashion_mnist,entmax15,6,13,0.3205491304397583,0.8714166666666666,0.8726046045841439,0.35445898517649227,0.5155071299126808,2.4820906076025455,nan,nan
fashion_mnist,entmax15,6,14,0.3145729899406433,0.87325,0.8733613544899326,0.349250095955869,0.5136341468450871,2.4671634537108402,nan,nan
fashion_mnist,entmax15,6,15,0.30706629157066345,0.8751666666666666,0.8750687884684265,0.3453597014254712,0.5149578502837647,2.481354888449324,nan,nan
fashion_mnist,entmax15,6,16,0.30345389246940613,0.87675,0.8738574288736165,0.33967284636294587,0.5102188834484588,2.4659630415287426,nan,nan
fashion_mnist,entmax15,6,17,0.2950493395328522,0.8768333333333334,0.8754596555807301,0.33820301833304955,0.5006346540882233,2.440886588806802,nan,nan
fashion_mnist,entmax15,6,18,0.28969186544418335,0.8768333333333334,0.8758563492015708,0.3413216731649764,0.4815094921183079,2.381679707385124,nan,nan
fashion_mnist,entmax15,6,19,0.2882036864757538,0.8793333333333333,0.8791873056860984,0.33235767103256064,0.47786780652847693,2.384596992046275,nan,nan
fashion_mnist,entmax15,6,20,0.2804085314273834,0.88225,0.8818201955229984,0.3241597096970741,0.47413831695597225,2.388429857314901,nan,nan
fashion_mnist,entmax15,6,21,0.2781572937965393,0.88525,0.8855597023850494,0.3235327959694761,0.4660010810228104,2.3565017238576362,nan,nan
fashion_mnist,entmax15,6,22,0.2707515060901642,0.884,0.8832864177357459,0.31981554342077134,0.46693262299324606,2.3755740434565444,nan,nan
fashion_mnist,entmax15,6,23,0.26725324988365173,0.8849166666666667,0.8841393934707845,0.32288551774430785,0.4568001535978723,2.3400498755434724,nan,nan
fashion_mnist,entmax15,6,24,0.26002535223960876,0.8853333333333333,0.8838347215158062,0.3193711089961072,0.4472192579761465,2.314248970214357,nan,nan
fashion_mnist,entmax15,6,25,0.26095688343048096,0.8879166666666667,0.8874939070171856,0.3227107283916879,0.4469630911629251,2.3128586931431547,nan,nan
fashion_mnist,entmax15,6,26,0.2539382874965668,0.8878333333333334,0.8872988340869631,0.32007436771342096,0.4460729370091824,2.3075220914597208,nan,nan
fashion_mnist,entmax15,6,27,0.25058117508888245,0.8845,0.8841855316055505,0.3150617974869748,0.44235297593664613,2.300271457814156,nan,nan
fashion_mnist,entmax15,6,28,0.24393965303897858,0.883,0.8823836337850306,0.34045444872785124,0.4328542234415704,2.2719089528347585,nan,nan
fashion_mnist,entmax15,6,29,0.24394816160202026,0.883,0.8832016502118213,0.33402566167902437,0.43287719817871745,2.268999845423597,nan,nan
fashion_mnist,entmax15,7,0,1.1541354656219482,0.766,0.76371186371005,0.6212175729426932,0.7423147070915141,3.1266237624148103,nan,nan
fashion_mnist,entmax15,7,1,0.558962881565094,0.8195833333333333,0.8161636014357111,0.4912896390925062,0.7118832411918234,3.062732123314066,nan,nan
fashion_mnist,entmax15,7,2,0.4812978208065033,0.8314166666666667,0.8291317644713919,0.457057441802735,0.708012581505674,3.044781124338191,nan,nan
fashion_mnist,entmax15,7,3,0.44702041149139404,0.83375,0.8275356399456715,0.44048409829748436,0.6953855949513456,3.0113805380273373,nan,nan
fashion_mnist,entmax15,7,4,0.4203551411628723,0.8483333333333334,0.8471640584308752,0.402972124358441,0.6755375386552608,2.935927558452525,nan,nan
fashion_mnist,entmax15,7,5,0.3968885838985443,0.85625,0.8539524842812393,0.37917118440283104,0.6656460907865078,2.9162470026219145,nan,nan
fashion_mnist,entmax15,7,6,0.38123294711112976,0.8526666666666667,0.8506348091494773,0.39848157446435156,0.6502728772924301,2.866125872794618,nan,nan
fashion_mnist,entmax15,7,7,0.3671889901161194,0.8575833333333334,0.8582599924071437,0.3795270799322331,0.6390664878677814,2.84078615777036,nan,nan
fashion_mnist,entmax15,7,8,0.3566383123397827,0.866,0.8639520044412212,0.35951745383282924,0.6296433070872692,2.800875501429781,nan,nan
fashion_mnist,entmax15,7,9,0.34632930159568787,0.868,0.8652248286025495,0.35114016050988056,0.6251312598903128,2.8067037196869546,nan,nan
fashion_mnist,entmax15,7,10,0.33599618077278137,0.8700833333333333,0.8704985212870285,0.3458593373603009,0.6247504489853027,2.7973291873931885,nan,nan
fashion_mnist,entmax15,7,11,0.3317644000053406,0.8720833333333333,0.8713112487387626,0.34351220917194447,0.6005588183377651,2.737877817864114,nan,nan
fashion_mnist,entmax15,7,12,0.3206598460674286,0.8706666666666667,0.8694545138282175,0.345586174346031,0.6055680386563564,2.7549818576650416,nan,nan
fashion_mnist,entmax15,7,13,0.3123893141746521,0.8739166666666667,0.8739375231554061,0.34104949426143727,0.6125131775724127,2.7717783222807215,nan,nan
fashion_mnist,entmax15,7,14,0.30877959728240967,0.8746666666666667,0.8734834418484606,0.3357809858119234,0.6051632454420658,2.757640501286121,nan,nan
fashion_mnist,entmax15,7,15,0.30112770199775696,0.8773333333333333,0.8772556438455933,0.332034965144827,0.593167872504985,2.7313392542778177,nan,nan
fashion_mnist,entmax15,7,16,0.29331761598587036,0.8778333333333334,0.8769600520630508,0.32745402100238397,0.5899769793799583,2.707711653506502,nan,nan
fashion_mnist,entmax15,7,17,0.2903759777545929,0.8805,0.8798455577742926,0.32707532320884947,0.5846688950315435,2.7112222757745297,nan,nan
fashion_mnist,entmax15,7,18,0.285289466381073,0.88125,0.8814887881237343,0.32333814051557097,0.5706223918402449,2.664132668616924,nan,nan
fashion_mnist,entmax15,7,19,0.2795140743255615,0.881,0.8804773259221286,0.3268901851583034,0.5836662155516604,2.6995522215011274,nan,nan
fashion_mnist,entmax15,7,20,0.27656495571136475,0.8844166666666666,0.8848625826218779,0.30914268531697864,0.5635375082492828,2.6469819063835955,nan,nan
fashion_mnist,entmax15,7,21,0.271196186542511,0.8810833333333333,0.8802799384725851,0.3223938526625329,0.5570238311874106,2.629854105888529,nan,nan
fashion_mnist,entmax15,7,22,0.26407942175865173,0.88225,0.8817032278179162,0.3208601138693221,0.5489898923229664,2.6011639706631926,nan,nan
fashion_mnist,entmax15,7,23,0.25756341218948364,0.8826666666666667,0.8825716032674888,0.31362585501467927,0.5519155248048457,2.610894745968758,nan,nan
fashion_mnist,entmax15,7,24,0.2570926249027252,0.8848333333333334,0.884034760046443,0.31613260380765223,0.5406149622607739,2.5868459381955735,nan,nan
fashion_mnist,entmax15,7,25,0.25007930397987366,0.88375,0.8829593702169,0.32253766503739867,0.5436315054589129,2.593600531841846,nan,nan
fashion_mnist,entmax15,7,26,0.2472151666879654,0.8849166666666667,0.8839706154340187,0.3234115138332895,0.5426254056869669,2.580659546750657,nan,nan
fashion_mnist,entmax15,7,27,0.2413899153470993,0.8830833333333333,0.8837857823812707,0.32346801903653655,0.5540789698666715,2.6141609435385846,nan,nan
fashion_mnist,entmax15,7,28,0.23977136611938477,0.8863333333333333,0.8864473971485578,0.3181929540760974,0.5555157014664184,2.624631361758455,nan,nan
fashion_mnist,entmax15,7,29,0.2366260141134262,0.8823333333333333,0.882039767825035,0.32427634108573833,0.531207762817119,2.562005666976279,nan,nan
fashion_mnist,entmax15,8,0,1.0962783098220825,0.7840833333333334,0.7839739856817748,0.613852064660255,0.7899270450815241,3.23224871462964,nan,nan
fashion_mnist,entmax15,8,1,0.5709580779075623,0.8159166666666666,0.8152991898949988,0.5013410391959738,0.7439390237027026,3.1152448222992266,nan,nan
fashion_mnist,entmax15,8,2,0.5044952034950256,0.8193333333333334,0.8184980252100148,0.48812388866505724,0.7203221733265734,3.052860696265038,nan,nan
fashion_mnist,entmax15,8,3,0.45978930592536926,0.8393333333333334,0.8392429732181279,0.4380161331055012,0.6866080462932587,2.957484998601548,nan,nan
fashion_mnist,entmax15,8,4,0.4355912208557129,0.8479166666666667,0.8470982292328069,0.41972577064595323,0.6690303118939095,2.9087871490640844,nan,nan
fashion_mnist,entmax15,8,5,0.41456839442253113,0.8474166666666667,0.8465990656526395,0.4111699601437183,0.6467600566275576,2.85959743438883,nan,nan
fashion_mnist,entmax15,8,6,0.39785611629486084,0.8559166666666667,0.8554296604934593,0.38908546528917676,0.634074311941228,2.823120132405707,nan,nan
fashion_mnist,entmax15,8,7,0.3814907670021057,0.8554166666666667,0.853236048624218,0.3907993968496931,0.6269998379210209,2.7912531812140284,nan,nan
fashion_mnist,entmax15,8,8,0.378391832113266,0.8630833333333333,0.8633943152284106,0.37092096310980777,0.6198083815422464,2.7707460788970297,nan,nan
fashion_mnist,entmax15,8,9,0.36438578367233276,0.8571666666666666,0.8574872288540872,0.388203740754026,0.6081758363449827,2.7349680712882507,nan,nan
fashion_mnist,entmax15,8,10,0.35284170508384705,0.8664166666666666,0.8666433798666062,0.3613553579817427,0.6090022712311847,2.751565545163256,nan,nan
fashion_mnist,entmax15,8,11,0.34238752722740173,0.8691666666666666,0.8687984501753295,0.356432817717816,0.6001601174790808,2.7339655515995434,nan,nan
fashion_mnist,entmax15,8,12,0.33080118894577026,0.8680833333333333,0.869059698811232,0.3612587128547912,0.592022919274391,2.7109934269113745,nan,nan
fashion_mnist,entmax15,8,13,0.3254947066307068,0.8711666666666666,0.8718257654394179,0.3552043013116147,0.5862072027744131,2.7031675729345768,nan,nan
fashion_mnist,entmax15,8,14,0.3205134868621826,0.8715833333333334,0.8714509845686751,0.35688287939162966,0.582118662747931,2.6923129558563232,nan,nan
fashion_mnist,entmax15,8,15,0.30842941999435425,0.87525,0.8744658759656874,0.3401043215330611,0.5863637924194336,2.6913974234398377,nan,nan
fashion_mnist,entmax15,8,16,0.305510938167572,0.8709166666666667,0.8739656990288485,0.34507941375387474,0.5764459041838951,2.6741746207501027,nan,nan
fashion_mnist,entmax15,8,17,0.29870977997779846,0.878,0.8784102579703301,0.32938006393452907,0.5643034995870387,2.624589940334888,nan,nan
fashion_mnist,entmax15,8,18,0.29639726877212524,0.8806666666666667,0.8809953145131374,0.3355789821832738,0.5554868886445431,2.610799233964149,nan,nan
fashion_mnist,entmax15,8,19,0.29020223021507263,0.87175,0.8723965703748096,0.3421873707086482,0.5626695454120636,2.6375362796986357,nan,nan
fashion_mnist,entmax15,8,20,0.28080156445503235,0.8756666666666667,0.8768416274682543,0.34530657149375754,0.5518875315468362,2.611534780644356,nan,nan
fashion_mnist,entmax15,8,21,0.2809334993362427,0.8828333333333334,0.8822422745880205,0.3338177822371747,0.5559067218861682,2.6231232526454518,nan,nan
fashion_mnist,entmax15,8,22,0.2752632200717926,0.8823333333333333,0.8831128760677414,0.3237982544493168,0.5370672456127532,2.5779637326585485,nan,nan
fashion_mnist,entmax15,8,23,0.2698420286178589,0.8810833333333333,0.8822910161847721,0.3317417283641531,0.543798841060476,2.591505304295966,nan,nan
fashion_mnist,entmax15,8,24,0.2670106291770935,0.8820833333333333,0.88252706022769,0.33272591106435084,0.5308819850708576,2.55860771777782,nan,nan
fashion_mnist,entmax15,8,25,0.2670702040195465,0.8828333333333334,0.8836070643650833,0.3242480323669758,0.5281513970583043,2.5570064098276992,nan,nan
fashion_mnist,entmax15,8,26,0.2588357627391815,0.8805,0.8809586575001311,0.3367256652167503,0.5234131987424607,2.5484061165058867,nan,nan
fashion_mnist,entmax15,9,0,1.1015948057174683,0.75975,0.7528159937554305,0.6607305115841805,0.8142405659594434,3.2787508736265467,nan,nan
fashion_mnist,entmax15,9,1,0.6024295687675476,0.809,0.8058772453385051,0.5383394893179548,0.7813163088991287,3.184691715747752,nan,nan
fashion_mnist,entmax15,9,2,0.5094074010848999,0.8320833333333333,0.8257976417676428,0.4572513179576143,0.7478265635510708,3.1165891048756054,nan,nan
fashion_mnist,entmax15,9,3,0.4615694582462311,0.8425833333333334,0.8417892017656874,0.42846210142399405,0.7199470223264491,3.052699776405984,nan,nan
fashion_mnist,entmax15,9,4,0.43447160720825195,0.8511666666666666,0.8515204070792028,0.4082581813031055,0.705076757897722,3.010869196120729,nan,nan
fashion_mnist,entmax15,9,5,0.4080671966075897,0.8556666666666667,0.8544496941668885,0.3918460512414892,0.6983390019295064,3.0009978045808507,nan,nan
fashion_mnist,entmax15,9,6,0.3932587504386902,0.86025,0.8599259955555049,0.3760695222844469,0.678676242524005,2.966932370307598,nan,nan
fashion_mnist,entmax15,9,7,0.37817880511283875,0.8618333333333333,0.8608574047285178,0.37596901490333234,0.6690504817252464,2.9431472788465785,nan,nan
fashion_mnist,entmax15,9,8,0.3701578378677368,0.86575,0.8646750023096924,0.3614511065026547,0.6651676411324359,2.9175781113036137,nan,nan
fashion_mnist,entmax15,9,9,0.3556589186191559,0.8676666666666667,0.8669690118262224,0.36313769601761026,0.65170833405028,2.8933800966181655,nan,nan
fashion_mnist,entmax15,9,10,0.3441210687160492,0.8713333333333333,0.8693407327690611,0.34897313916936834,0.6484445701254175,2.8792635253135193,nan,nan
fashion_mnist,entmax15,9,11,0.3350127339363098,0.8746666666666667,0.8750784359425643,0.3386596225677653,0.6515080916120651,2.883844832156567,nan,nan
fashion_mnist,entmax15,9,12,0.3299843966960907,0.8724166666666666,0.870540206502158,0.33926445182333603,0.6328245591610036,2.842708798165017,nan,nan
fashion_mnist,entmax15,9,13,0.3190501928329468,0.8731666666666666,0.872206630696892,0.34624510432811495,0.6437516447077406,2.8706306701010846,nan,nan
fashion_mnist,entmax15,9,14,0.3100719749927521,0.8748333333333334,0.8728015331172131,0.33185290656191235,0.6255453710860395,2.813512700669309,nan,nan
fashion_mnist,entmax15,9,15,0.3073814809322357,0.8804166666666666,0.8806314719698776,0.32424543068764056,0.6195695308294702,2.7949957314957965,nan,nan
fashion_mnist,entmax15,9,16,0.3008330464363098,0.8794166666666666,0.8780329757348216,0.3286578173333026,0.6217391611413753,2.814903457114037,nan,nan
fashion_mnist,entmax15,9,17,0.29779496788978577,0.88075,0.8801689761996843,0.3280060386404078,0.6143829721085569,2.785455921862988,nan,nan
fashion_mnist,entmax15,9,18,0.2877300977706909,0.8833333333333333,0.8838713242863857,0.3142437091533174,0.6147170415584077,2.781013955461218,nan,nan
fashion_mnist,entmax15,9,19,0.28100094199180603,0.88125,0.8803687874030149,0.3257338027370737,0.6046198378217981,2.7530301225946303,nan,nan
fashion_mnist,entmax15,9,20,0.2802852690219879,0.8853333333333333,0.8846809617926936,0.31131970501960593,0.5924846399971779,2.730497514947932,nan,nan
fashion_mnist,entmax15,9,21,0.2744087278842926,0.8809166666666667,0.8809679027634614,0.320700799214079,0.5961869016606757,2.7200620808499925,nan,nan
fashion_mnist,entmax15,9,22,0.2688067555427551,0.8851666666666667,0.8857118399720812,0.31654498044480667,0.5896296133386328,2.7170860944910253,nan,nan
fashion_mnist,entmax15,9,23,0.2626001536846161,0.88425,0.8823176710074649,0.32439150391741,0.5892203034872704,2.713300753147044,nan,nan
fashion_mnist,entmax15,9,24,0.25923287868499756,0.889,0.8882762972563514,0.31205877851932606,0.5801391690335376,2.692676011552202,nan,nan
fashion_mnist,entmax15,9,25,0.2552376985549927,0.8885,0.8880392833578398,0.311376893456946,0.5752398977254299,2.6760853173884938,nan,nan
fashion_mnist,entmax15,9,26,0.25034788250923157,0.89025,0.8893918813709607,0.3064997205708889,0.5697064437764756,2.6677810486326825,nan,nan
fashion_mnist,entmax15,9,27,0.24584822356700897,0.8835833333333334,0.8832328977640911,0.32443281564306703,0.5763913481793506,2.6852597835216114,nan,nan
fashion_mnist,entmax15,9,28,0.24142923951148987,0.8838333333333334,0.8832984468268592,0.3269451954897414,0.5691956424332679,2.665395769667118,nan,nan
fashion_mnist,entmax15,9,29,0.2395462542772293,0.8876666666666667,0.8861556767084677,0.3135141280103237,0.5749481624745308,2.6884928688089897,nan,nan
fashion_mnist,headwise_adaptive_entmax,0,0,1.0893244743347168,0.75225,0.7459806097103026,0.6732521399538568,0.7501599198960244,3.164679098636546,1.5031165480613708,0.003888254752382636
fashion_mnist,headwise_adaptive_entmax,0,1,0.5874868631362915,0.8086666666666666,0.80189570713018,0.5223276374187875,0.7351717866481619,3.1441352392764803,1.5028755068778992,0.0044810756808146834
fashion_mnist,headwise_adaptive_entmax,0,2,0.5192916393280029,0.827,0.8251566184040918,0.47476176188347186,0.703165573642609,3.0508728509253644,1.5026317238807678,0.006279578781686723
fashion_mnist,headwise_adaptive_entmax,0,3,0.47809603810310364,0.83675,0.8327116149177882,0.4416304611145182,0.7003997050701304,3.0317202299199204,1.5018154978752136,0.007413811283186078
fashion_mnist,headwise_adaptive_entmax,0,4,0.44449830055236816,0.8425833333333334,0.8408688039978038,0.42023915179232335,0.6836074121454929,2.979196862971529,1.5012465715408325,0.008514857850968838
fashion_mnist,headwise_adaptive_entmax,0,5,0.42762458324432373,0.8525833333333334,0.8508775267923985,0.40294382166355214,0.6711591564594431,2.9377827821893896,1.5004401206970215,0.008945157052949071
fashion_mnist,headwise_adaptive_entmax,0,6,0.4066297113895416,0.8639166666666667,0.8618798780720722,0.36678124742305024,0.6685153740517636,2.918018450128271,1.4993784427642822,0.009917460614815354
fashion_mnist,headwise_adaptive_entmax,0,7,0.39208102226257324,0.8615,0.8600435603723806,0.37748770320669134,0.6563734963853308,2.8703106870042516,1.4986011385917664,0.010709674097597599
fashion_mnist,headwise_adaptive_entmax,0,8,0.378063440322876,0.8571666666666666,0.8532609906013807,0.38505306269260164,0.6352657282606085,2.817082422844907,1.4979644417762756,0.011089978739619255
fashion_mnist,headwise_adaptive_entmax,0,9,0.3687405288219452,0.86125,0.8582631778369757,0.36503904487224337,0.6422720874877687,2.8148427821220237,1.4974777698516846,0.011927100596949458
fashion_mnist,headwise_adaptive_entmax,0,10,0.3593348264694214,0.8695833333333334,0.8685044679709838,0.3514127363549902,0.6358783213382072,2.793473167622343,1.4961588978767395,0.012801108881831169
fashion_mnist,headwise_adaptive_entmax,0,11,0.34603971242904663,0.869,0.8655422019377198,0.35037738338429875,0.6260513973996994,2.763497902991924,1.4955610036849976,0.013226667419075966
fashion_mnist,headwise_adaptive_entmax,0,12,0.33903297781944275,0.8685833333333334,0.8657030426582837,0.3532080330113147,0.6244321161128105,2.7484942598545805,1.4945797324180603,0.013346506748348475
fashion_mnist,headwise_adaptive_entmax,0,13,0.33603453636169434,0.873,0.8717947992877351,0.336349422627307,0.6202605170138339,2.7392881018050175,1.4940469861030579,0.014237878378480673
fashion_mnist,headwise_adaptive_entmax,0,14,0.32433176040649414,0.8775833333333334,0.8758033467680798,0.32951353997626204,0.6240214458171357,2.7512136570950774,1.4930568933486938,0.014191317837685347
fashion_mnist,headwise_adaptive_entmax,0,15,0.3187415301799774,0.8828333333333334,0.8811168753027225,0.3228251962585652,0.6225936989834968,2.729306139844529,1.491942048072815,0.014439564198255539
fashion_mnist,headwise_adaptive_entmax,0,16,0.30944228172302246,0.8721666666666666,0.8715912961174033,0.33415326000528134,0.621402641560169,2.7297570426413356,1.4914058446884155,0.014825123362243176
fashion_mnist,headwise_adaptive_entmax,0,17,0.30610191822052,0.8806666666666667,0.8794548197108828,0.32671346023995823,0.6101902082879492,2.7127133404954953,1.490330457687378,0.014967964962124825
fashion_mnist,headwise_adaptive_entmax,0,18,0.30232441425323486,0.8770833333333333,0.8755184194357899,0.3257356989890971,0.6132232515101738,2.7095747526655805,1.4888033866882324,0.014631141908466816
fashion_mnist,headwise_adaptive_entmax,0,19,0.2963961362838745,0.8845,0.8834162392954845,0.3081050413720151,0.6142978877463239,2.707623225577334,1.487924337387085,0.015134107787162066
fashion_mnist,headwise_adaptive_entmax,0,20,0.2855648398399353,0.881,0.8822922512692599,0.3202674801045276,0.619571328163147,2.7148417488057563,1.486448347568512,0.015524427872151136
fashion_mnist,headwise_adaptive_entmax,0,21,0.2871931791305542,0.8829166666666667,0.8823803699836293,0.3156544100096885,0.619580790717551,2.728900627886995,1.4860124588012695,0.015454277396202087
fashion_mnist,headwise_adaptive_entmax,0,22,0.2806331515312195,0.8865833333333333,0.884593351311232,0.30640384015884803,0.615149680604326,2.7205159030062087,1.4854881763458252,0.015439217910170555
fashion_mnist,headwise_adaptive_entmax,0,23,0.27516970038414,0.8836666666666667,0.8837041479544439,0.31314462772075163,0.6255232590310117,2.7522936526765216,1.4848335981369019,0.014379237312823534
fashion_mnist,headwise_adaptive_entmax,0,24,0.27282801270484924,0.8815833333333334,0.880248919180219,0.32027700543403625,0.6102003448821128,2.7104687640007508,1.4846863150596619,0.014672718942165375
fashion_mnist,headwise_adaptive_entmax,0,25,0.26339054107666016,0.8871666666666667,0.8864442624581399,0.30611880091910665,0.6171059151913257,2.732252024589701,1.4838377833366394,0.015181435272097588
fashion_mnist,headwise_adaptive_entmax,0,26,0.2600129544734955,0.889,0.8889209371508999,0.30860706371195773,0.6089619588344655,2.7080402196721827,1.483872890472412,0.014867817517369986
fashion_mnist,headwise_adaptive_entmax,0,27,0.25463032722473145,0.8859166666666667,0.8859348522339132,0.3086722490001232,0.6111149153810866,2.7202661468627607,1.4834161400794983,0.0147095643915236
fashion_mnist,headwise_adaptive_entmax,0,28,0.2490834891796112,0.889,0.8876333390955773,0.3047684719587894,0.6073474186532041,2.704745609709557,1.4831002354621887,0.015876195393502712
fashion_mnist,headwise_adaptive_entmax,0,29,0.24590915441513062,0.8875833333333333,0.8865818165924167,0.3043899713678563,0.6105051161126888,2.719510890067892,1.4821473360061646,0.015869448892772198
fashion_mnist,headwise_adaptive_entmax,1,0,1.0565515756607056,0.779,0.774187417609074,0.6113782461653364,0.7315920477217817,3.1307379996522946,1.503554880619049,0.005660807015374303
fashion_mnist,headwise_adaptive_entmax,1,1,0.5588138699531555,0.8128333333333333,0.8095785261334566,0.5117818992188636,0.7341579610997058,3.115034331666662,1.5029917359352112,0.006316603859886527
fashion_mnist,headwise_adaptive_entmax,1,2,0.5007084012031555,0.8245833333333333,0.8224334386799386,0.4766325595531058,0.7174737827574953,3.071280799013503,1.5025586485862732,0.0066819635685533285
fashion_mnist,headwise_adaptive_entmax,1,3,0.4523738920688629,0.8398333333333333,0.8375087388412344,0.43429015037861274,0.7190375835337537,3.051912896176602,1.5021907091140747,0.008339295163750648
fashion_mnist,headwise_adaptive_entmax,1,4,0.43069204688072205,0.842,0.8400130541945959,0.4335593473404012,0.7059284144259513,3.000412512332835,1.5022467970848083,0.008870909921824932
fashion_mnist,headwise_adaptive_entmax,1,5,0.40921878814697266,0.8478333333333333,0.8433500051726144,0.4103198248021146,0.6915498192005969,2.9524991486934904,1.5013766288757324,0.008938448037952185
fashion_mnist,headwise_adaptive_entmax,1,6,0.3958207368850708,0.8490833333333333,0.8443889833192764,0.4029922777033867,0.6897308794741935,2.9562179179901773,1.5010408759117126,0.009716092143207788
fashion_mnist,headwise_adaptive_entmax,1,7,0.38158395886421204,0.8594166666666667,0.8567385156165589,0.3810028262594913,0.6632485136072687,2.866144707862367,1.5008389949798584,0.01090578455477953
fashion_mnist,headwise_adaptive_entmax,1,8,0.37196528911590576,0.8563333333333333,0.8541301008001512,0.38841969916161073,0.6653673743948023,2.8764116662613888,1.5002709031105042,0.011366854887455702
fashion_mnist,headwise_adaptive_entmax,1,9,0.36310288310050964,0.8623333333333333,0.8610441877118381,0.3700943297528206,0.6541295178393101,2.852018566841775,1.4997752904891968,0.0118848099373281
fashion_mnist,headwise_adaptive_entmax,1,10,0.34793171286582947,0.8671666666666666,0.8650920603255076,0.3556664611430878,0.6499038446456828,2.8300439930976706,1.4991880655288696,0.011491653509438038
fashion_mnist,headwise_adaptive_entmax,1,11,0.341561496257782,0.87025,0.8680025807024478,0.35751570983135955,0.6242026895918744,2.764032409546223,1.4983830451965332,0.011471650563180447
fashion_mnist,headwise_adaptive_entmax,1,12,0.3326641917228699,0.8694166666666666,0.8666564820616932,0.3547350028727917,0.6202160024896581,2.7389658765589937,1.4980342984199524,0.01213829917833209
fashion_mnist,headwise_adaptive_entmax,1,13,0.3258665204048157,0.8691666666666666,0.8658839370108554,0.35842446285359403,0.61830775851899,2.7543599402650876,1.497789740562439,0.011850217822939157
fashion_mnist,headwise_adaptive_entmax,1,14,0.3178595304489136,0.8729166666666667,0.87089043087691,0.3403907449955636,0.6277139516586953,2.7823452087158853,1.4961597919464111,0.011459073517471552
fashion_mnist,headwise_adaptive_entmax,1,15,0.309048593044281,0.8728333333333333,0.8708272027743602,0.35494250122537,0.6188938934752282,2.758512144393109,1.4962970614433289,0.011451144237071276
fashion_mnist,headwise_adaptive_entmax,1,16,0.3037036955356598,0.8745833333333334,0.8741209199447834,0.33447054250443237,0.5968424639803298,2.697190759029794,1.4957119226455688,0.011177226435393095
fashion_mnist,headwise_adaptive_entmax,1,17,0.29955631494522095,0.8765,0.8738075837186937,0.33996235499990746,0.5986879664532682,2.723650795348147,1.4955804944038391,0.01102042244747281
fashion_mnist,headwise_adaptive_entmax,1,18,0.2952655255794525,0.8775,0.8756979103121413,0.3362019455179255,0.5985883968941709,2.7222063718958105,1.4954650402069092,0.010978604201227427
fashion_mnist,headwise_adaptive_entmax,1,19,0.2895951271057129,0.87375,0.8735173849814846,0.3356931710496862,0.6028425249647587,2.7288925292644093,1.4949853420257568,0.011505226604640484
fashion_mnist,headwise_adaptive_entmax,1,20,0.2805641293525696,0.8815,0.8786762126421888,0.32912632347421444,0.5979902319451595,2.7012502589124314,1.494675874710083,0.01137788500636816
fashion_mnist,headwise_adaptive_entmax,1,21,0.2772485017776489,0.8783333333333333,0.8772119583881748,0.3285423054340038,0.5980686228326026,2.700395348224234,1.4941206574440002,0.011172397993505001
fashion_mnist,headwise_adaptive_entmax,1,22,0.2690868377685547,0.87925,0.8791731864919254,0.33243081290671167,0.5890493646581122,2.687630572217576,1.4935362339019775,0.010249630082398653
fashion_mnist,headwise_adaptive_entmax,1,23,0.2697654962539673,0.8831666666666667,0.882408328578788,0.32696083188056946,0.5936542026540066,2.690394142840771,1.4938377737998962,0.009769175667315722
fashion_mnist,headwise_adaptive_entmax,1,24,0.2639976143836975,0.8821666666666667,0.8809806117051366,0.3229005165556644,0.5753934243892102,2.6676111195949797,1.4939224123954773,0.010340800508856773
fashion_mnist,headwise_adaptive_entmax,1,25,0.2601361572742462,0.881,0.8792404263558937,0.3350968766719737,0.5841840448531699,2.6870071786515255,1.4931414127349854,0.009538787882775068
fashion_mnist,headwise_adaptive_entmax,1,26,0.2535107433795929,0.8835833333333334,0.8827025845339114,0.3217712162022895,0.5847179851633437,2.6809601327206227,1.4920751452445984,0.009826446883380413
fashion_mnist,headwise_adaptive_entmax,1,27,0.25077036023139954,0.8815,0.8792855424777887,0.3377903737920396,0.5885839329120961,2.6820461065211196,1.4916955828666687,0.009680830873548985
fashion_mnist,headwise_adaptive_entmax,1,28,0.2481568604707718,0.8869166666666667,0.8864700353504607,0.3138111633189181,0.5855827794430104,2.6829142139313067,1.4919623732566833,0.01033314224332571
fashion_mnist,headwise_adaptive_entmax,1,29,0.24134716391563416,0.8808333333333334,0.879571299124209,0.3313516695448693,0.5765314920151487,2.6745093147805394,1.490775465965271,0.01061407569795847
fashion_mnist,headwise_adaptive_entmax,2,0,1.0212750434875488,0.785,0.7833355414274553,0.5811439530646547,0.7695364971110161,3.2198892552801905,1.5020983219146729,0.0037902318872511387
fashion_mnist,headwise_adaptive_entmax,2,1,0.5578456521034241,0.8184166666666667,0.8135846199529654,0.489978570253291,0.7608411191625798,3.181317717471021,1.5013892650604248,0.004643159452825785
fashion_mnist,headwise_adaptive_entmax,2,2,0.486759752035141,0.819,0.8068447006831827,0.500381497626609,0.7480617095815375,3.1350069604021438,1.5007216930389404,0.005406973883509636
fashion_mnist,headwise_adaptive_entmax,2,3,0.4469767212867737,0.8393333333333334,0.8375304963786625,0.43747880420786267,0.7367801082895157,3.0960337430872817,1.4997808933258057,0.006800277857109904
fashion_mnist,headwise_adaptive_entmax,2,4,0.42200958728790283,0.85,0.8495804631902948,0.40782159186424094,0.7108489839320488,3.0154683945026806,1.4991806745529175,0.006964609492570162
fashion_mnist,headwise_adaptive_entmax,2,5,0.402334600687027,0.8530833333333333,0.8502343277559253,0.4008079044362332,0.7040149353920145,2.9909318533349545,1.49841970205307,0.006976277334615588
fashion_mnist,headwise_adaptive_entmax,2,6,0.3816675841808319,0.8575,0.8563045022687984,0.39285647361836534,0.6978746031193023,2.965139203883232,1.4975971579551697,0.007431425852701068
fashion_mnist,headwise_adaptive_entmax,2,7,0.3682566285133362,0.8673333333333333,0.8662799369733193,0.36233178478606204,0.7031805325061717,2.9712221419557614,1.4971484541893005,0.007327074883505702
fashion_mnist,headwise_adaptive_entmax,2,8,0.35814759135246277,0.867,0.8679611696589438,0.3548157995051526,0.6979259005252351,2.962748966318496,1.496686041355133,0.007763344561681151
fashion_mnist,headwise_adaptive_entmax,2,9,0.3436398208141327,0.86775,0.8688483367004289,0.3613424345533899,0.6854071560058188,2.9347335150901306,1.496833860874176,0.007413117913529277
fashion_mnist,headwise_adaptive_entmax,2,10,0.34236258268356323,0.8729166666666667,0.8726790813569654,0.3466915989175756,0.6745515503781907,2.8963111131749253,1.4970887303352356,0.007674823980778456
fashion_mnist,headwise_adaptive_entmax,2,11,0.3300429582595825,0.8723333333333333,0.8727503670871535,0.34055904124645475,0.6638841857301429,2.879385217707208,1.4967783093452454,0.008119099540635943
fashion_mnist,headwise_adaptive_entmax,2,12,0.32345980405807495,0.8714166666666666,0.870603394449452,0.3551538047638345,0.6489828704519475,2.8253197974347053,1.4970433115959167,0.009395926259458065
fashion_mnist,headwise_adaptive_entmax,2,13,0.3140280544757843,0.8734166666666666,0.8734351369573959,0.34119893134908474,0.6486154953215985,2.832907996279128,1.4961819052696228,0.008508836384862661
fashion_mnist,headwise_adaptive_entmax,2,14,0.3111995756626129,0.8721666666666666,0.8715426377540773,0.34205676900579574,0.6468231303894774,2.815827636008567,1.4959739446640015,0.008100059116259217
fashion_mnist,headwise_adaptive_entmax,2,15,0.3001318871974945,0.8748333333333334,0.8747463480795614,0.33643754207073373,0.64416478098707,2.8153265689281706,1.4945893287658691,0.00715480325743556
fashion_mnist,headwise_adaptive_entmax,2,16,0.2971104383468628,0.8765833333333334,0.8765433065542597,0.334039273414206,0.6494661360344989,2.812500223200372,1.4939363598823547,0.006340336287394166
fashion_mnist,headwise_adaptive_entmax,2,17,0.290828138589859,0.8755833333333334,0.8748739045469046,0.3359195631235204,0.6450840621552569,2.803886182764743,1.492624819278717,0.006220432464033365
fashion_mnist,headwise_adaptive_entmax,2,18,0.28641316294670105,0.87325,0.8733599234175019,0.34734886757870936,0.6305378415483109,2.7647453191432545,1.4921455383300781,0.0063920419197529554
fashion_mnist,headwise_adaptive_entmax,2,19,0.28119513392448425,0.8805,0.8808642915069539,0.3315728696736884,0.6339696690123132,2.7797191751764174,1.4914265275001526,0.0065624441485852
fashion_mnist,headwise_adaptive_entmax,2,20,0.27671539783477783,0.8798333333333334,0.8791781503827591,0.3249688484567277,0.6238355110300348,2.7549060202659446,1.4910224676132202,0.007031635148450732
fashion_mnist,headwise_adaptive_entmax,2,21,0.26867949962615967,0.8811666666666667,0.880866861644783,0.33269027541292473,0.6250342954980567,2.7458916902542114,1.4902650117874146,0.007201473228633404
fashion_mnist,headwise_adaptive_entmax,2,22,0.2638043761253357,0.8818333333333334,0.8823990729684965,0.32775820189333976,0.6175738703063194,2.7229450585994313,1.4902732372283936,0.0071066273376345634
fashion_mnist,headwise_adaptive_entmax,2,23,0.2623961865901947,0.8835833333333334,0.8827648621124142,0.3209826733837736,0.6190505795022274,2.7331469135081514,1.4892593622207642,0.007526564644649625
fashion_mnist,headwise_adaptive_entmax,2,24,0.2602277100086212,0.8858333333333334,0.8852464835339943,0.3203363558079334,0.60594912000159,2.694909509192122,1.488957166671753,0.007796216523274779
fashion_mnist,headwise_adaptive_entmax,2,25,0.252852201461792,0.8836666666666667,0.883100944705401,0.3269233786045237,0.6083309625057464,2.6893789184854384,1.4877598881721497,0.008594375336542726
fashion_mnist,headwise_adaptive_entmax,2,26,0.24769027531147003,0.885,0.8858662805941806,0.3221793919801712,0.6060852880807633,2.6939516803051564,1.4879395961761475,0.008299154927954078
fashion_mnist,headwise_adaptive_entmax,2,27,0.24456486105918884,0.8818333333333334,0.8798763579406075,0.3314939883161098,0.6072887505622621,2.6919393590156067,1.48725825548172,0.009123114170506597
fashion_mnist,headwise_adaptive_entmax,2,28,0.23970986902713776,0.88425,0.8822441771212164,0.3391512518233441,0.5990319556378304,2.6676379873397504,1.4875861406326294,0.009147302247583866
fashion_mnist,headwise_adaptive_entmax,2,29,0.23585271835327148,0.88375,0.8827506333147769,0.33507390098368867,0.6043938214474536,2.6770658822769815,1.4871383309364319,0.009068501181900501
fashion_mnist,headwise_adaptive_entmax,3,0,1.1024422645568848,0.77875,0.7726476050697761,0.6159370211844749,0.6575675334068055,2.9831111025302968,1.5066117644309998,0.003918559872545302
fashion_mnist,headwise_adaptive_entmax,3,1,0.5619993805885315,0.8135,0.8128610506237532,0.5167182265444005,0.6533052876908728,2.939847083801919,1.5067173838615417,0.003892695880495012
fashion_mnist,headwise_adaptive_entmax,3,2,0.4873333275318146,0.83375,0.8336772419589448,0.45505393946424444,0.642468643315295,2.898262439890111,1.5051801800727844,0.004724264028482139
fashion_mnist,headwise_adaptive_entmax,3,3,0.4498841166496277,0.8394166666666667,0.838927438307504,0.43868193727858523,0.6407477849341453,2.880085161391725,1.504054069519043,0.005803586216643453
fashion_mnist,headwise_adaptive_entmax,3,4,0.42714282870292664,0.84475,0.843753241270346,0.4182849849792237,0.6279871222820688,2.830065382287857,1.5027726888656616,0.006664458895102143
fashion_mnist,headwise_adaptive_entmax,3,5,0.40432336926460266,0.8478333333333333,0.847768794947773,0.4102629632391828,0.6261827406731058,2.8162412719523653,1.501569926738739,0.007285188417881727
fashion_mnist,headwise_adaptive_entmax,3,6,0.3871852159500122,0.8463333333333334,0.8443280660629491,0.4100175766234702,0.6095602759655486,2.7695491339298006,1.5005451440811157,0.007643398130312562
fashion_mnist,headwise_adaptive_entmax,3,7,0.37571191787719727,0.8534166666666667,0.8524181659286711,0.3955617287057511,0.6071654374295092,2.7624320907795683,1.4998973608016968,0.007982217706739902
fashion_mnist,headwise_adaptive_entmax,3,8,0.36522647738456726,0.8561666666666666,0.854590954411317,0.38042493386471526,0.6031912305253617,2.747571940117694,1.4996712803840637,0.008161963429301977
fashion_mnist,headwise_adaptive_entmax,3,9,0.353701651096344,0.8625,0.8608649702874418,0.3736228758984424,0.6026006195139377,2.750803435102422,1.4989685416221619,0.008142311358824372
fashion_mnist,headwise_adaptive_entmax,3,10,0.34561997652053833,0.8664166666666666,0.8637141298035249,0.3649960344142102,0.5967446499048396,2.725126309597746,1.4983691573143005,0.008490438340231776
fashion_mnist,headwise_adaptive_entmax,3,11,0.34002336859703064,0.8611666666666666,0.861006226513723,0.36962666505194725,0.5962071193659559,2.7201262357387135,1.4967938661575317,0.008585914736613631
fashion_mnist,headwise_adaptive_entmax,3,12,0.32609209418296814,0.8670833333333333,0.8679006915791083,0.35264563845827224,0.5882432635160203,2.698608061100574,1.496294617652893,0.008717901073396206
fashion_mnist,headwise_adaptive_entmax,3,13,0.3239796757698059,0.867,0.8651173694924618,0.35539013179058726,0.5838914846486234,2.681701241655553,1.4954072833061218,0.008391972398385406
fashion_mnist,headwise_adaptive_entmax,3,14,0.3154159188270569,0.8699166666666667,0.8689629741094308,0.3642366461931391,0.578788344213303,2.652953196079173,1.4946119785308838,0.009665308985859156
fashion_mnist,headwise_adaptive_entmax,3,15,0.3129754364490509,0.8734166666666666,0.8712134575961455,0.3533042444193617,0.5794229995697102,2.658405580419175,1.4931166172027588,0.009838750353083014
fashion_mnist,headwise_adaptive_entmax,3,16,0.3032208979129791,0.87125,0.8696275746069271,0.35414043956614555,0.5760863616745523,2.645308811613854,1.4921609163284302,0.009695967426523566
fashion_mnist,headwise_adaptive_entmax,3,17,0.2974926829338074,0.8739166666666667,0.8715731768030925,0.33540518296525834,0.5877184601540261,2.676752082844998,1.491303026676178,0.009128358447924256
fashion_mnist,headwise_adaptive_entmax,3,18,0.29062333703041077,0.8778333333333334,0.8771084067455603,0.3430177090649909,0.5817144224618344,2.650671847323154,1.4904462099075317,0.009452791418880224
fashion_mnist,headwise_adaptive_entmax,3,19,0.28810733556747437,0.8796666666666667,0.8791565786308967,0.330359326715165,0.5785790872066578,2.6465135204031114,1.4906591773033142,0.008819532231427729
fashion_mnist,headwise_adaptive_entmax,3,20,0.28063344955444336,0.87375,0.8719414571423817,0.35068849490043963,0.5773218058525248,2.6348278218127312,1.4904028177261353,0.008386169094592333
fashion_mnist,headwise_adaptive_entmax,3,21,0.27803507447242737,0.8795,0.876586253341278,0.3370259401011974,0.5811412423215014,2.649919213132655,1.4897023439407349,0.008299309061840177
fashion_mnist,headwise_adaptive_entmax,3,22,0.2721595764160156,0.8791666666666667,0.8764868199969056,0.3489890257094769,0.5654873841620506,2.6054877803680743,1.4891908168792725,0.008551097940653563
fashion_mnist,headwise_adaptive_entmax,3,23,0.2677772641181946,0.8804166666666666,0.8802569919742348,0.32628459182191405,0.5724635114695164,2.6200428896761956,1.4883447289466858,0.008719290373846889
fashion_mnist,headwise_adaptive_entmax,3,24,0.26554182171821594,0.8816666666666667,0.8819141562591197,0.3271409872364491,0.5718659495419645,2.6225842541836677,1.4877277612686157,0.008716020965948701
fashion_mnist,headwise_adaptive_entmax,3,25,0.2582893371582031,0.884,0.8827106986541675,0.32552193073516195,0.5713544208952721,2.6208272411468183,1.4867936968803406,0.00828278751578182
fashion_mnist,headwise_adaptive_entmax,3,26,0.25574806332588196,0.8815,0.881271233457869,0.3272867412009138,0.5575023252279201,2.574930152994521,1.486619472503662,0.008130793692544103
fashion_mnist,headwise_adaptive_entmax,3,27,0.24838905036449432,0.8785,0.8780488195785308,0.3523963534451546,0.5696034529741775,2.6051048040390015,1.4860121607780457,0.008403709158301353
fashion_mnist,headwise_adaptive_entmax,3,28,0.2439272552728653,0.8845833333333334,0.8840924430067583,0.3267921783188556,0.5584376914070007,2.575575536869942,1.485287070274353,0.008533042157068849
fashion_mnist,headwise_adaptive_entmax,3,29,0.24234168231487274,0.8881666666666667,0.887745258079689,0.3229353215466154,0.5598612085301825,2.5758544942165944,1.484320044517517,0.00820194836705923
fashion_mnist,headwise_adaptive_entmax,4,0,1.0857806205749512,0.7809166666666667,0.7752439100368695,0.5945636756876682,0.7667824556218817,3.1871609890714603,1.5025146007537842,0.0031903762137517333
fashion_mnist,headwise_adaptive_entmax,4,1,0.573526918888092,0.8211666666666667,0.8182025814106577,0.5014054946442867,0.7494498307400561,3.124364748914191,1.501444160938263,0.0044865276431664824
fashion_mnist,headwise_adaptive_entmax,4,2,0.5009029507637024,0.8304166666666667,0.8262430181774999,0.4614387167261002,0.7249201821519974,3.07464496379203,1.5004777908325195,0.004714316106401384
fashion_mnist,headwise_adaptive_entmax,4,3,0.4606159031391144,0.842,0.8376877368493169,0.43207289944303795,0.7181971085832474,3.043507015451472,1.4995934963226318,0.004893716191872954
fashion_mnist,headwise_adaptive_entmax,4,4,0.4299265146255493,0.84575,0.8449066784785787,0.42130041629710097,0.7046871686235388,3.0046355267788503,1.4988019466400146,0.004837328451685607
fashion_mnist,headwise_adaptive_entmax,4,5,0.4069839417934418,0.8561666666666666,0.8544306430200809,0.39369830615977025,0.7126753412662669,3.008099944033521,1.4983699321746826,0.00585715682245791
fashion_mnist,headwise_adaptive_entmax,4,6,0.39067935943603516,0.8585833333333334,0.8571548005869399,0.38804312145456354,0.6850464515229489,2.9522343823250305,1.4980732202529907,0.005491342977620661
fashion_mnist,headwise_adaptive_entmax,4,7,0.3805367350578308,0.8561666666666666,0.8534197405695982,0.3912197154887179,0.6897875108617417,2.956316283408632,1.4970831871032715,0.00559979397803545
fashion_mnist,headwise_adaptive_entmax,4,8,0.36767861247062683,0.8624166666666667,0.8596717438375089,0.371673527867236,0.6769137724916986,2.911288078795088,1.4967052340507507,0.005058560520410538
fashion_mnist,headwise_adaptive_entmax,4,9,0.35803404450416565,0.8596666666666667,0.8585472899975917,0.38085691218680523,0.683565615973574,2.9100858099917146,1.4963234663009644,0.00502356979995966
fashion_mnist,headwise_adaptive_entmax,4,10,0.34311097860336304,0.86275,0.8596562311248439,0.3683041955562348,0.6692367595561007,2.8775507997959218,1.4958822131156921,0.00499170646071434
fashion_mnist,headwise_adaptive_entmax,4,11,0.3403579890727997,0.8681666666666666,0.8649974604758635,0.357622835864412,0.6569831567875882,2.8397348485094436,1.495297610759735,0.00543057476170361
fashion_mnist,headwise_adaptive_entmax,4,12,0.3289814293384552,0.8736666666666667,0.8736912531510725,0.3462059602458426,0.6677554649241427,2.8732531019981873,1.4950005412101746,0.005217464175075293
fashion_mnist,headwise_adaptive_entmax,4,13,0.32273051142692566,0.8699166666666667,0.8688675122821412,0.34441710976844137,0.6506300454444074,2.831124724225795,1.494387924671173,0.00536163174547255
fashion_mnist,headwise_adaptive_entmax,4,14,0.31292209029197693,0.8745833333333334,0.873210522081482,0.34037376940250397,0.6524863420648778,2.8289615854303887,1.4937584400177002,0.005212498363107443
fashion_mnist,headwise_adaptive_entmax,4,15,0.3087903559207916,0.873,0.8712480276279255,0.3399348880382294,0.642701561780686,2.798330319688675,1.4934043884277344,0.005302788922563195
fashion_mnist,headwise_adaptive_entmax,4,16,0.3016042113304138,0.8784166666666666,0.8769681604599148,0.3364544631318843,0.638436384023504,2.7735601080224868,1.4928531050682068,0.00573180359788239
fashion_mnist,headwise_adaptive_entmax,4,17,0.29753822088241577,0.87675,0.8767211592925721,0.3448660062982681,0.6447225162323486,2.7811954807727894,1.4925448894500732,0.0059917878825217485
fashion_mnist,headwise_adaptive_entmax,4,18,0.29021406173706055,0.87725,0.8744563470825255,0.3394301238846272,0.6273016175057026,2.7463565253196878,1.491797685623169,0.005867586238309741
fashion_mnist,headwise_adaptive_entmax,4,19,0.28503572940826416,0.8795833333333334,0.8789056053192559,0.32495092806663917,0.6303384164546398,2.758296304560722,1.4906795024871826,0.005239127902314067
fashion_mnist,headwise_adaptive_entmax,4,20,0.28171777725219727,0.8801666666666667,0.8792908550548019,0.3369428214240581,0.6304702809516419,2.7569915030864958,1.4892854690551758,0.005080671748146415
fashion_mnist,headwise_adaptive_entmax,4,21,0.27557653188705444,0.8849166666666667,0.8838783609499782,0.31673136385197337,0.6343428486205162,2.766764704217302,1.4881638884544373,0.004984373925253749
fashion_mnist,headwise_adaptive_entmax,4,22,0.26979589462280273,0.883,0.8813633549608907,0.3221928819696954,0.6154897396868848,2.7209592753268304,1.4876057505607605,0.004799880436621606
fashion_mnist,headwise_adaptive_entmax,4,23,0.2687266767024994,0.8778333333333334,0.877040151067437,0.33544933605701366,0.6228200381106519,2.737551057592351,1.4866057634353638,0.005837399512529373
fashion_mnist,headwise_adaptive_entmax,4,24,0.26091793179512024,0.8854166666666666,0.8851411821298865,0.317368024841268,0.6246984023997124,2.7384636782585305,1.4855902194976807,0.006145313149318099
fashion_mnist,headwise_adaptive_entmax,4,25,0.2585386037826538,0.8826666666666667,0.8818387096636476,0.3297329646475772,0.6125266602698792,2.703367438722164,1.4841898083686829,0.005995119223371148
fashion_mnist,headwise_adaptive_entmax,4,26,0.25153088569641113,0.8853333333333333,0.8831292084954709,0.3134304982550601,0.6164317479793061,2.7097377726372254,1.4840219020843506,0.006610788870602846
fashion_mnist,headwise_adaptive_entmax,4,27,0.24889875948429108,0.8858333333333334,0.8840275077239557,0.328664982572515,0.6054041518809947,2.6872798610240856,1.4832013249397278,0.007229187060147524
fashion_mnist,headwise_adaptive_entmax,4,28,0.24465294182300568,0.887,0.8864260283640334,0.3199491881309672,0.6053877466536582,2.6895495526334074,1.481827199459076,0.007542804116383195
fashion_mnist,headwise_adaptive_entmax,4,29,0.2412833273410797,0.88925,0.8892935426439535,0.3131063612217599,0.6135341899192079,2.711033691751196,1.4807787537574768,0.007427231757901609
fashion_mnist,headwise_adaptive_entmax,5,0,1.0526652336120605,0.7739166666666667,0.772501600864873,0.6132448315620422,0.6947107359449914,3.0782238397192447,1.505895733833313,0.004291591350920498
fashion_mnist,headwise_adaptive_entmax,5,1,0.5644724369049072,0.8098333333333333,0.8082738351685039,0.5009632300823292,0.6690582816905164,2.9982748868617604,1.505470335483551,0.0038790638791397214
fashion_mnist,headwise_adaptive_entmax,5,2,0.4890400767326355,0.8254166666666667,0.824650517032379,0.4614962967152291,0.6488720273717921,2.926583282490994,1.506080687046051,0.004441967001184821
fashion_mnist,headwise_adaptive_entmax,5,3,0.44038519263267517,0.8381666666666666,0.8371480572691509,0.43293247958447073,0.6308199173592507,2.8688896919818636,1.5062506794929504,0.004130992689169943
fashion_mnist,headwise_adaptive_entmax,5,4,0.41740575432777405,0.84925,0.8487463835835187,0.40061694193393627,0.6182586113189129,2.8154527684475514,1.505967617034912,0.0038724845508113503
fashion_mnist,headwise_adaptive_entmax,5,5,0.39353272318840027,0.8545833333333334,0.8521567891140929,0.3926277718645461,0.6011590742050333,2.7588744442513646,1.5062962174415588,0.003417147439904511
fashion_mnist,headwise_adaptive_entmax,5,6,0.3751640319824219,0.8530833333333333,0.8540838887737238,0.3935427557914815,0.6039512886645946,2.749621241650683,1.5066108703613281,0.0038047925336286426
fashion_mnist,headwise_adaptive_entmax,5,7,0.36521580815315247,0.86475,0.8631586974288081,0.3696702845553134,0.5829784350192293,2.6926077629657503,1.506871223449707,0.002846712712198496
fashion_mnist,headwise_adaptive_entmax,5,8,0.35196787118911743,0.8715833333333334,0.8716318537420751,0.35235059134503627,0.563994235180794,2.6390622397686574,1.5066158175468445,0.002713712048716843
fashion_mnist,headwise_adaptive_entmax,5,9,0.34198901057243347,0.86825,0.8658100777829301,0.36991508146549795,0.5536621298561705,2.6060068176147784,1.507075309753418,0.0040029301308095455
fashion_mnist,headwise_adaptive_entmax,5,10,0.3331071734428406,0.869,0.8696487946284954,0.35346918600670835,0.5550261073290034,2.603114237176611,1.5058923363685608,0.004751994856633246
fashion_mnist,headwise_adaptive_entmax,5,11,0.3242352306842804,0.8711666666666666,0.8722427701838887,0.3459539958771239,0.5437974302058525,2.591510648423053,1.5047441720962524,0.003744347661267966
fashion_mnist,headwise_adaptive_entmax,5,12,0.31998512148857117,0.8745833333333334,0.8726482886714895,0.337908278120325,0.550711601021442,2.6035392918485276,1.503560721874237,0.004661584389396012
fashion_mnist,headwise_adaptive_entmax,5,13,0.31234949827194214,0.8754166666666666,0.8736923422755911,0.34154374136569654,0.5352266262820427,2.56228864953873,1.5029563903808594,0.005293360096402466
fashion_mnist,headwise_adaptive_entmax,5,14,0.3067065477371216,0.8808333333333334,0.8787905455965603,0.32493255144738137,0.5341055748310495,2.560603900158659,1.502436339855194,0.005569953820668161
fashion_mnist,headwise_adaptive_entmax,5,15,0.2960415780544281,0.8776666666666667,0.8748959158515716,0.3297806090496956,0.5201981800033691,2.5107174097223486,1.5015617609024048,0.006033491343259811
fashion_mnist,headwise_adaptive_entmax,5,16,0.2957567274570465,0.8788333333333334,0.8775959621463499,0.32802006158422914,0.5097251407643582,2.483531842840479,1.501413643360138,0.006313540623523295
fashion_mnist,headwise_adaptive_entmax,5,17,0.2877873480319977,0.8826666666666667,0.882186473243214,0.322505938879987,0.5117865347481788,2.490646778269017,1.5002570748329163,0.00703481410164386
fashion_mnist,headwise_adaptive_entmax,5,18,0.2855025827884674,0.8799166666666667,0.8793655241114472,0.324830912212108,0.5065679845023663,2.471781017932486,1.4997788071632385,0.0073472196236252785
fashion_mnist,headwise_adaptive_entmax,5,19,0.2757342755794525,0.8821666666666667,0.8795027853312021,0.323369174244556,0.5123331949431845,2.494447347965646,1.4990559816360474,0.006988402805291116
fashion_mnist,headwise_adaptive_entmax,5,20,0.2742033302783966,0.8839166666666667,0.8835968944354183,0.3183633507566249,0.5037052774048866,2.473226529486636,1.4974058866500854,0.007997110486030579
fashion_mnist,headwise_adaptive_entmax,5,21,0.2710728943347931,0.88525,0.8852849947346787,0.3181538524779868,0.4965328960976702,2.4491885875133756,1.4973236322402954,0.007978826528415084
fashion_mnist,headwise_adaptive_entmax,5,22,0.26427698135375977,0.8819166666666667,0.8807632429578118,0.32740048651999615,0.5042922664830025,2.470081983728612,1.4965996742248535,0.008392370538786054
fashion_mnist,headwise_adaptive_entmax,5,23,0.25999167561531067,0.8829166666666667,0.8826971863426027,0.31867527644684973,0.5005078039904858,2.46776020526886,1.495499849319458,0.010009463410824537
fashion_mnist,headwise_adaptive_entmax,5,24,0.2584789991378784,0.88375,0.8820125667841487,0.3242501090181635,0.4906302617585405,2.4312975660283516,1.4948710799217224,0.010859527625143528
fashion_mnist,headwise_adaptive_entmax,5,25,0.24992795288562775,0.8858333333333334,0.8847509513818299,0.3121821766204022,0.49577280561974707,2.4475024735673947,1.4940154552459717,0.012012959690764546
fashion_mnist,headwise_adaptive_entmax,5,26,0.2469450682401657,0.887,0.8850874808606948,0.3193791683049912,0.4938788569353996,2.434431530059652,1.4925018548965454,0.012702255742624402
fashion_mnist,headwise_adaptive_entmax,5,27,0.2421158403158188,0.8854166666666666,0.885502432400225,0.3192688692757424,0.4918912611109145,2.426682360628818,1.491831362247467,0.013194544473662972
fashion_mnist,headwise_adaptive_entmax,5,28,0.2384895235300064,0.8893333333333333,0.8882113584263956,0.31153175425022206,0.49067043116752135,2.427081879149092,1.4913054704666138,0.01371386251412332
fashion_mnist,headwise_adaptive_entmax,5,29,0.23602654039859772,0.8879166666666667,0.8871306837307881,0.3190915232643168,0.489600197114843,2.417605499003796,1.4905612468719482,0.013012077193707228
fashion_mnist,headwise_adaptive_entmax,6,0,1.1113110780715942,0.7496666666666667,0.7419187798654264,0.6781865840262555,0.6218747991196653,2.8794360541282815,1.5054715275764465,0.002719487005379051
fashion_mnist,headwise_adaptive_entmax,6,1,0.5803932547569275,0.8014166666666667,0.7968968669635864,0.5487162141089744,0.6283720604916836,2.8863705548834293,1.5053846836090088,0.0029677621205337346
fashion_mnist,headwise_adaptive_entmax,6,2,0.4961065649986267,0.829,0.8282142940351651,0.4736990357967133,0.622152532034732,2.870015988958643,1.5052649974822998,0.004071664996445179
fashion_mnist,headwise_adaptive_entmax,6,3,0.45562228560447693,0.839,0.8378834637512768,0.4460515094564316,0.6269594614810132,2.876484990119934,1.5044766664505005,0.00409193109953776
fashion_mnist,headwise_adaptive_entmax,6,4,0.42494460940361023,0.8450833333333333,0.8436008170045026,0.4313186356361876,0.6119885298799961,2.8032259712827967,1.5035874843597412,0.005125254392623901
fashion_mnist,headwise_adaptive_entmax,6,5,0.408153235912323,0.8468333333333333,0.8444292244404072,0.4185255563005488,0.6099069854046436,2.794657070586022,1.5022990107536316,0.0054904044372960925
fashion_mnist,headwise_adaptive_entmax,6,6,0.39192479848861694,0.8549166666666667,0.8566857276552888,0.40470848058132414,0.5905134157931551,2.7071753993947456,1.5022478103637695,0.007395513239316642
fashion_mnist,headwise_adaptive_entmax,6,7,0.3750089704990387,0.8550833333333333,0.8558984411514612,0.4027506208166163,0.5744072072049404,2.6609185502884234,1.5019006729125977,0.007532305316999555
fashion_mnist,headwise_adaptive_entmax,6,8,0.36233121156692505,0.861,0.8599433819792635,0.3864138601942265,0.5734481351806763,2.6552598831501415,1.5005999207496643,0.007372363121248782
fashion_mnist,headwise_adaptive_entmax,6,9,0.3513079285621643,0.8598333333333333,0.8592028947137573,0.37599914948991003,0.5501664334789236,2.5820471403446605,1.500853180885315,0.007797274272888899
fashion_mnist,headwise_adaptive_entmax,6,10,0.34074732661247253,0.8735,0.872587607825577,0.35167405199497304,0.5353948194929894,2.532600737632589,1.5005847811698914,0.008167771040461957
fashion_mnist,headwise_adaptive_entmax,6,11,0.33729755878448486,0.8765833333333334,0.8766348420836785,0.3451918560139676,0.5198614435627106,2.4968300677360373,1.501142978668213,0.008322307374328375
fashion_mnist,headwise_adaptive_entmax,6,12,0.32420170307159424,0.8669166666666667,0.8670203255719573,0.3725220459572812,0.5261979356725165,2.512617329333691,1.5004127621650696,0.008035018225200474
fashion_mnist,headwise_adaptive_entmax,6,13,0.31932398676872253,0.867,0.869151555059493,0.360245444673173,0.5165378013823895,2.4869213636885297,1.4996920824050903,0.008148392429575324
fashion_mnist,headwise_adaptive_entmax,6,14,0.3124602138996124,0.8778333333333334,0.8780625768644006,0.34125269220230425,0.5074517986875899,2.452121668673576,1.5000580549240112,0.00841858226340264
fashion_mnist,headwise_adaptive_entmax,6,15,0.30523332953453064,0.8753333333333333,0.8756011379284064,0.3482799117869519,0.5157789787713517,2.490646575359588,1.4993391633033752,0.009100660565309227
fashion_mnist,headwise_adaptive_entmax,6,16,0.3003290891647339,0.87825,0.8749532975309912,0.33714742800022696,0.5114746436159662,2.4708466859574014,1.4989767670631409,0.009272363153286278
fashion_mnist,headwise_adaptive_entmax,6,17,0.290525883436203,0.88,0.8788456426815745,0.3343563631493994,0.5049305510647754,2.449921339116198,1.4990727305412292,0.010484218131750822
fashion_mnist,headwise_adaptive_entmax,6,18,0.2871547043323517,0.8788333333333334,0.8780477812491542,0.34065576563490196,0.49101698335180893,2.402334304566079,1.499205231666565,0.011146100354380906
fashion_mnist,headwise_adaptive_entmax,6,19,0.2843092978000641,0.8829166666666667,0.8828960035843487,0.32645398632008976,0.486265315337384,2.407699204505758,1.4989151358604431,0.012177804950624704
fashion_mnist,headwise_adaptive_entmax,6,20,0.2785249650478363,0.8823333333333333,0.8822598072958574,0.32681087071591236,0.49476648137924517,2.434151109228743,1.4979515075683594,0.012479784432798624
fashion_mnist,headwise_adaptive_entmax,6,21,0.27478376030921936,0.88575,0.8859987814280806,0.3238970570741816,0.483774907411413,2.3981100016451897,1.4982214570045471,0.012605483876541257
fashion_mnist,headwise_adaptive_entmax,6,22,0.26779720187187195,0.8850833333333333,0.8843773503195214,0.3177222729997432,0.4848407893738848,2.4042981660112424,1.497947096824646,0.013273646356537938
fashion_mnist,headwise_adaptive_entmax,6,23,0.263986736536026,0.8863333333333333,0.8861024827001234,0.314339686264383,0.4779279301775263,2.390134316809634,1.4978494048118591,0.013985048048198223
fashion_mnist,headwise_adaptive_entmax,6,24,0.25733235478401184,0.8839166666666667,0.8824718103561114,0.31966076474240485,0.47621079264803134,2.384588175631584,1.4974049925804138,0.01477349572815001
fashion_mnist,headwise_adaptive_entmax,6,25,0.2563600242137909,0.88475,0.8842413085095527,0.32794671045972945,0.47996118506218527,2.3919265143414763,1.4968073964118958,0.015433333348482847
fashion_mnist,headwise_adaptive_entmax,6,26,0.24982531368732452,0.8853333333333333,0.8845354070251371,0.3298236975010405,0.48142576788334135,2.395553860258549,1.4971655011177063,0.016339407302439213
fashion_mnist,headwise_adaptive_entmax,6,27,0.24617484211921692,0.88625,0.8858629820984124,0.31636619567871094,0.470777912976894,2.369674647108037,1.4969083070755005,0.01662710076197982
fashion_mnist,headwise_adaptive_entmax,6,28,0.2427971363067627,0.8853333333333333,0.884660392969051,0.3319803733140864,0.45968349626723753,2.331966499064831,1.4969967603683472,0.017447859747335315
fashion_mnist,headwise_adaptive_entmax,7,0,1.1536766290664673,0.7664166666666666,0.7644705946747312,0.6196759368510957,0.739225908162746,3.1240293244098094,1.5033772587776184,0.004593930207192898
fashion_mnist,headwise_adaptive_entmax,7,1,0.5579051971435547,0.8189166666666666,0.8155110115145359,0.4921499940943211,0.7114636143471332,3.0634227001920658,1.5022836327552795,0.006033907062374055
fashion_mnist,headwise_adaptive_entmax,7,2,0.4805089831352234,0.8324166666666667,0.8299244616478635,0.456190473221718,0.7102394662004836,3.0540320518168995,1.5017515420913696,0.005989009514451027
fashion_mnist,headwise_adaptive_entmax,7,3,0.44686993956565857,0.835,0.828688759218792,0.4392821490764618,0.6997868589898373,3.0225748736807643,1.5011155605316162,0.006487327395007014
fashion_mnist,headwise_adaptive_entmax,7,4,0.42019084095954895,0.8485833333333334,0.846919429571203,0.40282492815180027,0.678127665468987,2.9449735727716,1.5005833506584167,0.007060860400088131
fashion_mnist,headwise_adaptive_entmax,7,5,0.3964834213256836,0.8571666666666666,0.8547899404477558,0.376717727869115,0.6699197615714784,2.927122674089797,1.500515103340149,0.0073378755478188396
fashion_mnist,headwise_adaptive_entmax,7,6,0.381303071975708,0.8514166666666667,0.8492676908058175,0.40176636551288847,0.6538582463213738,2.870939029024002,1.4997644424438477,0.008490942418575287
fashion_mnist,headwise_adaptive_entmax,7,7,0.3681163191795349,0.8575,0.8579530669679973,0.3773556522866513,0.6492573282820113,2.8618729393532933,1.499567985534668,0.009383668075315654
fashion_mnist,headwise_adaptive_entmax,7,8,0.35648128390312195,0.8641666666666666,0.8619417732076087,0.3643437535204786,0.6378786690691685,2.822894443856909,1.499544084072113,0.010761705227196217
fashion_mnist,headwise_adaptive_entmax,7,9,0.3458191752433777,0.8661666666666666,0.863319903027951,0.35133966740141526,0.6381073498979528,2.8272470616279763,1.4983212351799011,0.011528065893799067
fashion_mnist,headwise_adaptive_entmax,7,10,0.3364500105381012,0.87075,0.8711042507174996,0.34238619119563,0.6344391123411504,2.812862517985892,1.4977105855941772,0.01258185738697648
fashion_mnist,headwise_adaptive_entmax,7,11,0.3309144973754883,0.87275,0.8716039480365103,0.33938843836175636,0.614608866737244,2.7665159397936883,1.4970778226852417,0.0134930401109159
fashion_mnist,headwise_adaptive_entmax,7,12,0.3213506042957306,0.86975,0.86838686158071,0.3462400480787805,0.624511257448095,2.781924881833665,1.496497094631195,0.014778140466660261
fashion_mnist,headwise_adaptive_entmax,7,13,0.31097328662872314,0.8736666666666667,0.8737647914323754,0.3399469389560375,0.6355095829101319,2.8087727592346514,1.4951004385948181,0.014815185917541385
fashion_mnist,headwise_adaptive_entmax,7,14,0.3078373074531555,0.8760833333333333,0.8753246957590306,0.32825759623913053,0.6270660485358949,2.7945944882453757,1.4948347806930542,0.015742035815492272
fashion_mnist,headwise_adaptive_entmax,7,15,0.3011699318885803,0.8783333333333333,0.8784190714455724,0.3239530619788677,0.6172998531701717,2.7718156728338688,1.494544267654419,0.015908102272078395
fashion_mnist,headwise_adaptive_entmax,7,16,0.2928842008113861,0.87825,0.8773161303637089,0.325659471623441,0.6125659340239585,2.749040948583725,1.4945505261421204,0.016987047158181667
fashion_mnist,headwise_adaptive_entmax,7,17,0.2888568341732025,0.87975,0.8790359987582749,0.32495603536037687,0.613310473713469,2.766285439755054,1.4940924644470215,0.017724176170304418
fashion_mnist,headwise_adaptive_entmax,7,18,0.2840261459350586,0.8854166666666666,0.885298147601938,0.31507197624825417,0.5987070196486534,2.716268983293087,1.4945678114891052,0.019172707805410028
fashion_mnist,headwise_adaptive_entmax,7,19,0.2785870432853699,0.88075,0.8806901970289152,0.3253953368105787,0.610926387791938,2.7483050036937633,1.4942697286605835,0.01942406059242785
fashion_mnist,headwise_adaptive_entmax,7,20,0.2756681740283966,0.886,0.8860375749474642,0.3059199423866069,0.5942667484917539,2.706512007307499,1.4930064678192139,0.019525594543665648
fashion_mnist,headwise_adaptive_entmax,7,21,0.2697523236274719,0.8838333333333334,0.8836409535099816,0.31636147327879643,0.5825772913212471,2.670756753454817,1.4927971959114075,0.019311242271214724
fashion_mnist,headwise_adaptive_entmax,7,22,0.2630394697189331,0.8809166666666667,0.8801420981361325,0.3217619413391073,0.5866032543968647,2.6752105748399777,1.4926785230636597,0.019742417382076383
fashion_mnist,headwise_adaptive_entmax,7,23,0.2579788267612457,0.8875833333333333,0.886898698221461,0.3115796947732885,0.5858147800602811,2.669862280500696,1.4924960136413574,0.020720799453556538
fashion_mnist,headwise_adaptive_entmax,7,24,0.25593963265419006,0.8813333333333333,0.8804286948098176,0.3197856906880724,0.5843609936059789,2.6794936504769833,1.4923325181007385,0.021246025105938315
fashion_mnist,headwise_adaptive_entmax,7,25,0.2505990266799927,0.8839166666666667,0.8835359695497977,0.32498029508489246,0.5802787133353822,2.662100523076159,1.492246687412262,0.02266905759461224
fashion_mnist,headwise_adaptive_entmax,7,26,0.24665729701519012,0.8858333333333334,0.8847954716048287,0.3201349479086856,0.5761016914819149,2.644804000854492,1.4917866587638855,0.022820211481302977
fashion_mnist,headwise_adaptive_entmax,7,27,0.24205282330513,0.8841666666666667,0.8847789803125451,0.3235475151462758,0.5843956017113746,2.6683490631428173,1.4903272986412048,0.023094664560630918
fashion_mnist,headwise_adaptive_entmax,7,28,0.24016687273979187,0.8864166666666666,0.8862753316208465,0.3173434255605048,0.5938972967102173,2.6952965868280288,1.4894365072250366,0.02317337365821004
fashion_mnist,headwise_adaptive_entmax,8,0,1.0966405868530273,0.78175,0.7816167770196766,0.6190082862022075,0.7872361528112534,3.22679639877157,1.5035701394081116,0.0032749600359238684
fashion_mnist,headwise_adaptive_entmax,8,1,0.5712419152259827,0.8158333333333333,0.8153506388164404,0.5019253752333053,0.7409749830022772,3.109740731563974,1.5038413405418396,0.004373884527012706
fashion_mnist,headwise_adaptive_entmax,8,2,0.5053414106369019,0.8165833333333333,0.8152802963472807,0.49122857286574995,0.7207135241082374,3.050007642583644,1.5028026700019836,0.0041840626508928835
fashion_mnist,headwise_adaptive_entmax,8,3,0.4597139358520508,0.8405833333333333,0.8404657776729684,0.43880711337353323,0.68599563710233,2.953040599822998,1.502328872680664,0.004961544123943895
fashion_mnist,headwise_adaptive_entmax,8,4,0.4361470937728882,0.8460833333333333,0.845109617402583,0.41945537861357346,0.6701692691508759,2.9114026135586677,1.5017975568771362,0.004888991359621286
fashion_mnist,headwise_adaptive_entmax,8,5,0.41459861397743225,0.8448333333333333,0.8439019616466551,0.4152458037467713,0.6478440717179724,2.859071637721772,1.5015690326690674,0.004904545552562922
fashion_mnist,headwise_adaptive_entmax,8,6,0.39759236574172974,0.8559166666666667,0.8552062969236355,0.38776636567521605,0.6350893765053851,2.819951869071798,1.5006396770477295,0.004597755789291114
fashion_mnist,headwise_adaptive_entmax,8,7,0.3799484074115753,0.8583333333333333,0.8566227952330161,0.3870678207975753,0.63414662188672,2.8066931252783918,1.5002094507217407,0.005332139786332846
fashion_mnist,headwise_adaptive_entmax,8,8,0.37746161222457886,0.8635,0.8638183406233987,0.37255229150995295,0.631770190406353,2.80229052584222,1.4996253848075867,0.005797845602501184
fashion_mnist,headwise_adaptive_entmax,8,9,0.36388590931892395,0.8584166666666667,0.8593998952463549,0.37981780602576887,0.6223519958080129,2.771563786141416,1.4990299940109253,0.006455040303990245
fashion_mnist,headwise_adaptive_entmax,8,10,0.3513774275779724,0.8656666666666667,0.8663077263102135,0.36260294724018016,0.6187177858454116,2.7736129481741725,1.4985234141349792,0.006260540918447077
fashion_mnist,headwise_adaptive_entmax,8,11,0.3402113616466522,0.87025,0.8695594500056888,0.3586831638153563,0.6170749543829167,2.776010794842497,1.4983850717544556,0.007451339391991496
fashion_mnist,headwise_adaptive_entmax,8,12,0.331325501203537,0.8689166666666667,0.8705633477253034,0.35826401951465203,0.6181356545458448,2.7665856797644435,1.4979275465011597,0.007868308806791902
fashion_mnist,headwise_adaptive_entmax,8,13,0.3261154890060425,0.87025,0.8709731636791233,0.35422250438243785,0.6063225548318092,2.736165718829378,1.497575044631958,0.00813034176826477
fashion_mnist,headwise_adaptive_entmax,8,14,0.31704992055892944,0.8745833333333334,0.8740950412890062,0.3523859587755609,0.5978921486976299,2.723206137089019,1.4974690675735474,0.008706913562491536
fashion_mnist,headwise_adaptive_entmax,8,15,0.30903270840644836,0.8764166666666666,0.8756751312099433,0.3427503594058625,0.6062824535877147,2.7328712686579277,1.4977259635925293,0.009572487557306886
fashion_mnist,headwise_adaptive_entmax,8,16,0.3042804002761841,0.8703333333333333,0.8733072080277304,0.34304048850181257,0.6008191654022704,2.720226229505336,1.497239589691162,0.01055057905614376
fashion_mnist,headwise_adaptive_entmax,8,17,0.30052340030670166,0.8764166666666666,0.8764897534156748,0.3357415906292327,0.5905899506934146,2.6799732573488924,1.4972031712532043,0.011351417284458876
fashion_mnist,headwise_adaptive_entmax,8,18,0.2952680289745331,0.8810833333333333,0.8812216883362188,0.33428293022703615,0.5804159603220351,2.657626451329982,1.496846079826355,0.011517551727592945
fashion_mnist,headwise_adaptive_entmax,8,19,0.28698763251304626,0.87425,0.8744543511948132,0.34094181434905274,0.5871464946168534,2.6869695668524884,1.4965918064117432,0.01172523619607091
fashion_mnist,headwise_adaptive_entmax,8,20,0.2792811989784241,0.87975,0.8807351968615436,0.3340394490576805,0.5697276833209586,2.6304078102111816,1.4967821836471558,0.011437862645834684
fashion_mnist,headwise_adaptive_entmax,8,21,0.2792165279388428,0.8828333333333334,0.8820175397285208,0.3378070076095297,0.5774985539152268,2.6607920945958887,1.4966945052146912,0.01176926214247942
fashion_mnist,headwise_adaptive_entmax,8,22,0.2768854796886444,0.8840833333333333,0.8849664090378934,0.32382506861331617,0.5610664055702534,2.6250964124152003,1.4964191913604736,0.01182670472189784
fashion_mnist,headwise_adaptive_entmax,8,23,0.26908475160598755,0.8840833333333333,0.8846330558565476,0.3228601705520711,0.5782286556477242,2.670894977894235,1.496505856513977,0.011735311709344387
fashion_mnist,headwise_adaptive_entmax,8,24,0.2664833664894104,0.8835833333333334,0.8841601814135229,0.3277473792116693,0.560309907223316,2.618995524467306,1.4974008798599243,0.011630270630121231
fashion_mnist,headwise_adaptive_entmax,8,25,0.26499438285827637,0.8833333333333333,0.8833280981251981,0.3236422529245945,0.5654221113691938,2.6293744051710086,1.4972162246704102,0.011004633735865355
fashion_mnist,headwise_adaptive_entmax,8,26,0.25721728801727295,0.88275,0.8829682745997683,0.3342420049804322,0.5532116236838889,2.609844299072915,1.4968317747116089,0.010767995845526457
fashion_mnist,headwise_adaptive_entmax,8,27,0.2520241141319275,0.8844166666666666,0.8843861105058926,0.32795018369847156,0.5534266531467438,2.5996515243611436,1.4962753057479858,0.010631503304466605
fashion_mnist,headwise_adaptive_entmax,8,28,0.2504390478134155,0.8715833333333334,0.8739570911946576,0.346870408413258,0.5442541133850178,2.5802811663201513,1.4961498975753784,0.01135942479595542
fashion_mnist,headwise_adaptive_entmax,8,29,0.24357640743255615,0.8844166666666666,0.8842864555939822,0.3323973813589583,0.5462041211889145,2.599927947876301,1.495556354522705,0.011486520059406757
fashion_mnist,headwise_adaptive_entmax,9,0,1.101082444190979,0.7586666666666667,0.7516707972422579,0.659649245282437,0.812397856027522,3.274178497334744,1.5048009753227234,0.0060994436498731375
fashion_mnist,headwise_adaptive_entmax,9,1,0.6019298434257507,0.8095833333333333,0.8063437383796253,0.5362687326492147,0.780532383538307,3.182034284510511,1.5054395198822021,0.007446837378665805
fashion_mnist,headwise_adaptive_entmax,9,2,0.5087168216705322,0.832,0.8254998994849065,0.4568692274550174,0.7500113331257029,3.1216096269323472,1.5057156682014465,0.007814753334969282
fashion_mnist,headwise_adaptive_entmax,9,3,0.4614252746105194,0.84275,0.8421550334278303,0.4297745620950739,0.721869836462305,3.057031233259972,1.5059210658073425,0.008429436478763819
fashion_mnist,headwise_adaptive_entmax,9,4,0.43538734316825867,0.851,0.8514291093927676,0.40873083599070287,0.707202655203799,3.01593424665167,1.5060834884643555,0.009192578261718154
fashion_mnist,headwise_adaptive_entmax,9,5,0.4078829288482666,0.8555,0.8540653515950201,0.39122638169755325,0.6999114580610966,3.004944238256901,1.5059312582015991,0.009148847311735153
fashion_mnist,headwise_adaptive_entmax,9,6,0.39238014817237854,0.8606666666666667,0.8605660286351366,0.37458904911863045,0.6822230448114112,2.972792458026967,1.5056675672531128,0.008552548009902239
fashion_mnist,headwise_adaptive_entmax,9,7,0.37766894698143005,0.8625,0.8615436134755333,0.3760085258078068,0.6757404588638468,2.9574105562047754,1.5054693222045898,0.008659329265356064
fashion_mnist,headwise_adaptive_entmax,9,8,0.36932018399238586,0.8665,0.8651196564863962,0.3611356134110309,0.6739406978830378,2.9371494004066956,1.505222499370575,0.009854927426204085
fashion_mnist,headwise_adaptive_entmax,9,9,0.3552744388580322,0.868,0.8675163108312784,0.36365267285641206,0.6644984813446694,2.918262590753271,1.5050982236862183,0.01038469304330647
fashion_mnist,headwise_adaptive_entmax,9,10,0.34387314319610596,0.871,0.8690105177262861,0.34916073813083326,0.6593774557113647,2.9009806704013905,1.5047154426574707,0.01036440092138946
fashion_mnist,headwise_adaptive_entmax,9,11,0.33468547463417053,0.8761666666666666,0.8763900425941975,0.3359956056513685,0.6635449370171161,2.9133677431877625,1.504546344280243,0.010773979127407074
fashion_mnist,headwise_adaptive_entmax,9,12,0.32879069447517395,0.875,0.8734809021704535,0.33830826174705586,0.6526014849226526,2.8856861743521183,1.5042924284934998,0.011011503636837006
fashion_mnist,headwise_adaptive_entmax,9,13,0.3179766535758972,0.8744166666666666,0.873195430826655,0.34476703310266454,0.6601663345986224,2.905138555993425,1.5037972927093506,0.011235840618610382
fashion_mnist,headwise_adaptive_entmax,9,14,0.3090965151786804,0.8766666666666667,0.8747999761763703,0.3291531446132254,0.6389070819032953,2.840341458929346,1.5032530426979065,0.011858722660690546
fashion_mnist,headwise_adaptive_entmax,9,15,0.3065999448299408,0.88175,0.8819917645741953,0.3248608480108545,0.6348410946257571,2.82651223781261,1.5028178691864014,0.013908813707530499
fashion_mnist,headwise_adaptive_entmax,9,16,0.29967498779296875,0.8804166666666666,0.8790988326692929,0.32584271564128553,0.6396850049495697,2.849074001007892,1.5017409920692444,0.013900800608098507
fashion_mnist,headwise_adaptive_entmax,9,17,0.2960028648376465,0.88075,0.8804358310935806,0.32636299602528834,0.6365389976095646,2.832169073693296,1.5007034540176392,0.014434189535677433
fashion_mnist,headwise_adaptive_entmax,9,18,0.2871015667915344,0.8831666666666667,0.8836146049238472,0.31788672158058656,0.6329357687463152,2.8125977490810636,1.5006865859031677,0.014911698643118143
fashion_mnist,headwise_adaptive_entmax,9,19,0.28113311529159546,0.88175,0.880953337646172,0.3231241049918723,0.6306482356913546,2.801304117162177,1.4996368885040283,0.01640564715489745
fashion_mnist,headwise_adaptive_entmax,9,20,0.27820321917533875,0.8845,0.8841448275425087,0.31400599948903346,0.6101347493364456,2.7581801287671355,1.4992042779922485,0.017522782552987337
fashion_mnist,headwise_adaptive_entmax,9,21,0.2732313275337219,0.88175,0.8816345937179326,0.31875064303266243,0.6171021150781754,2.7593226026981434,1.4979355335235596,0.01755076600238681
fashion_mnist,headwise_adaptive_entmax,9,22,0.26606884598731995,0.8865833333333333,0.8870293957751022,0.3160169397262817,0.6034288894622883,2.731161705991055,1.4972772598266602,0.018769466318190098
fashion_mnist,headwise_adaptive_entmax,9,23,0.2611052691936493,0.8816666666666667,0.8797534511322913,0.3255977513308221,0.6103631657488803,2.7543916752997863,1.4960138201713562,0.019104755483567715
fashion_mnist,headwise_adaptive_entmax,9,24,0.25837376713752747,0.8868333333333334,0.88602245032288,0.3186897708380476,0.6077673974189353,2.7454818334985287,1.4949098825454712,0.01940264366567135
fashion_mnist,headwise_adaptive_entmax,9,25,0.25618770718574524,0.88775,0.8876133954754246,0.3140093925151419,0.5969330459199054,2.7104757314032697,1.4942288398742676,0.020311299711465836
fashion_mnist,headwise_adaptive_entmax,9,26,0.24998953938484192,0.88725,0.8865267627734994,0.3111166608460406,0.5975679609369724,2.7203952226232975,1.493405044078827,0.020603716373443604
fashion_mnist,headwise_adaptive_entmax,9,27,0.2453709840774536,0.88225,0.8823320445035193,0.3219826399011815,0.6063110409898961,2.739408868424436,1.492427945137024,0.02198486216366291
fashion_mnist,headwise_adaptive_entmax,9,28,0.24103039503097534,0.8886666666666667,0.888432371383527,0.31885059241284713,0.5999946530829084,2.7180911505475955,1.491889476776123,0.022434131242334843
fashion_mnist,headwise_adaptive_entmax,9,29,0.23765569925308228,0.8899166666666667,0.889070292613814,0.3071099862139276,0.5982190101070607,2.7186169015600328,1.4912478923797607,0.02349716331809759
kmnist,softmax,0,0,1.7561599016189575,0.64775,0.6470081959686392,1.0694038550904457,1.0,3.8052953101219016,nan,nan
kmnist,softmax,0,1,0.9183860421180725,0.7723333333333333,0.771403741240483,0.6992053630504202,1.0,3.789986881803959,nan,nan
kmnist,softmax,0,2,0.6508673429489136,0.8375,0.8376357300123214,0.5095364939659199,1.0,3.7683723251870336,nan,nan
kmnist,softmax,0,3,0.5074859857559204,0.8534166666666667,0.8526334126826004,0.449295460543734,1.0,3.7470119658936847,nan,nan
kmnist,softmax,0,4,0.4119405448436737,0.893,0.8926260658907734,0.33462038699616775,1.0,3.7246507862780955,nan,nan
kmnist,softmax,0,5,0.3527166247367859,0.9013333333333333,0.9017689743595676,0.306106761097908,1.0,3.7132609981171627,nan,nan
kmnist,softmax,0,6,0.31787508726119995,0.9149166666666667,0.9153848972124617,0.2643048940820897,1.0,3.7064582642088544,nan,nan
kmnist,softmax,0,7,0.2775481343269348,0.9179166666666667,0.9179143061196117,0.25532386943380886,1.0,3.690231079750873,nan,nan
kmnist,softmax,0,8,0.25425997376441956,0.93075,0.931166386803954,0.22019280889566908,1.0,3.6790413577505885,nan,nan
kmnist,softmax,0,9,0.22933648526668549,0.933,0.9332156447143308,0.20992503521290232,1.0,3.6676514630622052,nan,nan
kmnist,softmax,0,10,0.2115895003080368,0.9323333333333333,0.9325357898442034,0.21224701404571533,1.0,3.6633763566930244,nan,nan
kmnist,softmax,0,11,0.2008456289768219,0.9458333333333333,0.9458552344391291,0.17123872105111468,1.0,3.653399294995247,nan,nan
kmnist,softmax,0,12,0.18168509006500244,0.9465,0.9465841104592361,0.16679035111310633,1.0,3.6419801179398883,nan,nan
kmnist,softmax,0,13,0.16917730867862701,0.945,0.9450464716593858,0.17254497094991358,1.0,3.6311575859150986,nan,nan
kmnist,softmax,0,14,0.16075119376182556,0.9495833333333333,0.9498005399494935,0.16071081557806502,1.0,3.6245866608112416,nan,nan
kmnist,softmax,0,15,0.1541702300310135,0.9520833333333333,0.9521559069986234,0.1558026822006449,1.0,3.6208800483257213,nan,nan
kmnist,softmax,0,16,0.14441697299480438,0.9539166666666666,0.9540359170305452,0.14261774021260282,1.0,3.6199428147458015,nan,nan
kmnist,softmax,0,17,0.13439050316810608,0.9573333333333334,0.957433191840166,0.13699944364897748,1.0,3.6205832577766257,nan,nan
kmnist,softmax,0,18,0.13057547807693481,0.9581666666666667,0.9581636045507157,0.13325059176125426,1.0,3.6175438672938247,nan,nan
kmnist,softmax,0,19,0.12138544023036957,0.9635,0.9634973502502856,0.11721970870139752,1.0,3.6156815620178873,nan,nan
kmnist,softmax,0,20,0.11726237833499908,0.96125,0.9612769399722734,0.12469217926263809,1.0,3.6132667495849287,nan,nan
kmnist,softmax,0,21,0.11232337355613708,0.9625833333333333,0.9626485957150157,0.12249756382500872,1.0,3.6018770070786172,nan,nan
kmnist,softmax,0,22,0.10560211539268494,0.9654166666666667,0.9654841159534134,0.1150977464115366,1.0,3.5967330628253045,nan,nan
kmnist,softmax,0,23,0.09948427975177765,0.9611666666666666,0.9612995831196367,0.13006788722061097,1.0,3.5946486199155765,nan,nan
kmnist,softmax,0,24,0.09936869889497757,0.96175,0.9618189366991381,0.12775546034916918,1.0,3.5984984813852514,nan,nan
kmnist,softmax,0,25,0.09417729079723358,0.9655833333333333,0.9656340082951536,0.11053359833486537,0.9999999955613562,3.589042516464883,nan,nan
kmnist,softmax,0,26,0.08643542975187302,0.9631666666666666,0.9631875722279745,0.11917911652237811,1.0,3.5946680180569914,nan,nan
kmnist,softmax,0,27,0.08328799903392792,0.96,0.9600745989606182,0.12667494853760333,1.0,3.592052923872116,nan,nan
kmnist,softmax,0,28,0.08178216964006424,0.9660833333333333,0.9661436257936098,0.11085040593876484,1.0,3.592911124229431,nan,nan
kmnist,softmax,0,29,0.08375491201877594,0.963,0.9631151222811745,0.12448200512122601,1.0,3.59297185248517,nan,nan
kmnist,softmax,1,0,1.7352367639541626,0.64775,0.6516711106153,1.0509302413209956,1.0,3.7943826736287867,nan,nan
kmnist,softmax,1,1,0.8761460781097412,0.7873333333333333,0.7885156683709745,0.657347783129266,1.0,3.754340263123208,nan,nan
kmnist,softmax,1,2,0.6375791430473328,0.8245,0.8250994578639046,0.5399655167092668,0.9999999911227124,3.7409324519177702,nan,nan
kmnist,softmax,1,3,0.5259276032447815,0.8585,0.8594832090646424,0.4412141588140041,0.9999999866840688,3.729219439181876,nan,nan
kmnist,softmax,1,4,0.44325315952301025,0.8764166666666666,0.8768112725830957,0.38740694015584093,1.0,3.7271524388739405,nan,nan
kmnist,softmax,1,5,0.3989082872867584,0.8889166666666667,0.889625865493661,0.34913790257687266,1.0,3.717517779228535,nan,nan
kmnist,softmax,1,6,0.355877161026001,0.8955833333333333,0.8965154910953472,0.32879505195516223,1.0,3.710765397295039,nan,nan
kmnist,softmax,1,7,0.32113564014434814,0.9086666666666666,0.9087530414424421,0.2820245880395808,1.0,3.7033238410949707,nan,nan
kmnist,softmax,1,8,0.29116469621658325,0.9136666666666666,0.9140754605745931,0.27597277976096946,1.0,3.700443359131509,nan,nan
kmnist,softmax,1,9,0.26130321621894836,0.92575,0.9258353549166655,0.23531331977945694,1.0,3.693707562507467,nan,nan
kmnist,softmax,1,10,0.24467065930366516,0.9235833333333333,0.9241710093282813,0.23599665976585227,1.0,3.689976971200172,nan,nan
kmnist,softmax,1,11,0.22717921435832977,0.9395833333333333,0.9396784854150291,0.19149187983984642,0.9999999955613562,3.679681879408816,nan,nan
kmnist,softmax,1,12,0.2102636992931366,0.9375,0.9376830921442035,0.19390515666058722,1.0,3.6757910023344325,nan,nan
kmnist,softmax,1,13,0.19343219697475433,0.93925,0.9394007242321226,0.1832604484355196,1.0,3.668759391662922,nan,nan
kmnist,softmax,1,14,0.1806190311908722,0.9415,0.9417862527492786,0.19053291291632551,0.9999999955613562,3.6603119931322463,nan,nan
kmnist,softmax,1,15,0.1678006500005722,0.9484166666666667,0.9487043005583485,0.1585535004417947,1.0,3.6495990068354507,nan,nan
kmnist,softmax,1,16,0.1637866497039795,0.9499166666666666,0.9498426518745224,0.159208098149046,0.9999999562476544,3.639899662200441,nan,nan
kmnist,softmax,1,17,0.15261682868003845,0.9460833333333334,0.9462607042498379,0.17735285232675838,0.9999998357701809,3.6327273972491,nan,nan
kmnist,softmax,1,18,0.14065495133399963,0.956,0.955977621023574,0.14677071111633422,0.9999999955613562,3.634919158955838,nan,nan
kmnist,softmax,1,19,0.13116754591464996,0.9550833333333333,0.9550475288587552,0.14663846695676763,1.0,3.634470084880261,nan,nan
kmnist,softmax,1,20,0.13188213109970093,0.9570833333333333,0.9570989476614008,0.14357012985868656,0.999999853524756,3.615876540224603,nan,nan
kmnist,softmax,1,21,0.1277395337820053,0.95525,0.9553009939127101,0.14854603474761577,0.9999996664676261,3.612491896811952,nan,nan
kmnist,softmax,1,22,0.12015718966722488,0.9595,0.9596584055002589,0.1342946800621266,0.9999996797835573,3.6086745794783246,nan,nan
kmnist,softmax,1,23,0.11454568803310394,0.9670833333333333,0.9671086772325197,0.11396051998785202,0.9999984813497421,3.6029011036487337,nan,nan
kmnist,softmax,1,24,0.11053156852722168,0.95925,0.95926824747454,0.13686653115647904,0.9999998738156989,3.6098547666630845,nan,nan
kmnist,softmax,1,25,0.10605167597532272,0.9589166666666666,0.9589987334276147,0.137019267583147,0.9999979062283293,3.5939423809660243,nan,nan
kmnist,softmax,1,26,0.10453660786151886,0.965,0.965031228059353,0.11547392432359939,0.9999984160382697,3.59747891223177,nan,nan
kmnist,softmax,1,27,0.09923806041479111,0.96425,0.9644071594489407,0.1219049668375482,0.9999877829500969,3.587855133604496,nan,nan
kmnist,softmax,1,28,0.09329411387443542,0.9609166666666666,0.9610680527656346,0.13145950975570272,0.999998669675056,3.6021353691182236,nan,nan
kmnist,softmax,2,0,1.7728829383850098,0.627,0.6202590197314506,1.111257239859155,1.0,3.7288972367631628,nan,nan
kmnist,softmax,2,1,0.86751389503479,0.79575,0.7967689392319938,0.6397380968357654,1.0,3.7057483779623155,nan,nan
kmnist,softmax,2,2,0.613661527633667,0.8308333333333333,0.8308213341920002,0.5341273882287614,1.0,3.6772268249633466,nan,nan
kmnist,softmax,2,3,0.49918580055236816,0.8729166666666667,0.8732364744354186,0.4056651883936943,1.0,3.669233963844624,nan,nan
kmnist,softmax,2,4,0.41388365626335144,0.8858333333333334,0.8866933695435757,0.36133509937753067,1.0,3.6715300717252366,nan,nan
kmnist,softmax,2,5,0.36119237542152405,0.9030833333333333,0.9036262888769482,0.3174774599202136,1.0,3.6602515819224903,nan,nan
kmnist,softmax,2,6,0.32120218873023987,0.9048333333333334,0.9048134050052031,0.3019294970213099,1.0,3.659601589466663,nan,nan
kmnist,softmax,2,7,0.2933466136455536,0.9210833333333334,0.9212676111287795,0.25386059886597573,1.0,3.6573704126033375,nan,nan
kmnist,softmax,2,8,0.26156145334243774,0.9240833333333334,0.9244385048283276,0.2407126433037697,1.0,3.6482941216610847,nan,nan
kmnist,softmax,2,9,0.24113377928733826,0.9290833333333334,0.9292671757194627,0.22553961803304387,0.9999999911227124,3.636939817286552,nan,nan
kmnist,softmax,2,10,0.22431766986846924,0.931,0.931092764020273,0.225834421654965,0.9999997565086852,3.6433498960860233,nan,nan
kmnist,softmax,2,11,0.2066681981086731,0.9385833333333333,0.9387534445915199,0.20287710301419523,0.99999855807487,3.636397881710783,nan,nan
kmnist,softmax,2,12,0.19182667136192322,0.9391666666666667,0.9395568309802507,0.1935493216869679,0.9999989683323718,3.642092339535977,nan,nan
kmnist,softmax,2,13,0.1822269707918167,0.93675,0.9370149092130646,0.19698027029950568,0.9999992657215038,3.637308191745839,nan,nan
kmnist,softmax,2,14,0.17018091678619385,0.947,0.9472030625850072,0.16896958363817094,0.9999985491975825,3.641349087370203,nan,nan
kmnist,softmax,2,15,0.15535882115364075,0.946,0.9460927282066265,0.1823924978045707,0.9999965644897298,3.637766716328073,nan,nan
kmnist,softmax,2,16,0.15132665634155273,0.95,0.9503330840778752,0.1608736752829653,0.9999929425564218,3.6341959618507547,nan,nan
kmnist,softmax,2,17,0.14279529452323914,0.9425833333333333,0.9426939772904366,0.1824454205467346,0.9999941137242825,3.6338108980909305,nan,nan
kmnist,softmax,2,18,0.1397475153207779,0.95025,0.9503204696093184,0.16240335271713582,0.9999854272984444,3.625271573979804,nan,nan
kmnist,softmax,2,19,0.12646035850048065,0.9548333333333333,0.9548470765428769,0.14466686990666897,0.9999873663516755,3.626747060329356,nan,nan
kmnist,softmax,2,20,0.124948650598526,0.95475,0.9548056946479064,0.14816884284323834,0.9999904423318011,3.6290605524753,nan,nan
kmnist,softmax,2,21,0.11628271639347076,0.9575833333333333,0.9578388980231619,0.14232669691456126,0.9999902704928784,3.628973012274884,nan,nan
kmnist,softmax,2,22,0.11204954236745834,0.95725,0.9574918795826663,0.14929572540394803,0.999990461988652,3.624727446982201,nan,nan
kmnist,softmax,2,23,0.10811857879161835,0.9625,0.9625798509982127,0.12837086625872773,0.9999885895150773,3.6195291762656354,nan,nan
kmnist,softmax,2,24,0.10178600251674652,0.95725,0.9573785448133803,0.143110602301486,0.999988244569048,3.6168780428297977,nan,nan
kmnist,softmax,2,25,0.09893091022968292,0.9559166666666666,0.9560122496064316,0.1497372048807905,0.9999836118931466,3.619466926189179,nan,nan
kmnist,softmax,2,26,0.09696148335933685,0.958,0.9582336727904444,0.14038223931764035,0.9999783058115777,3.6171606170370225,nan,nan
kmnist,softmax,2,27,0.09306139498949051,0.9615,0.9616789937055632,0.12959795476908378,0.9999853252096379,3.612517387308973,nan,nan
kmnist,softmax,2,28,0.08729724586009979,0.9610833333333333,0.9611416569560924,0.13203307161939906,0.9999741258773398,3.61478727421862,nan,nan
kmnist,softmax,3,0,1.742681622505188,0.6251666666666666,0.6256408139745475,1.1345604620081313,1.0,3.771826665452186,nan,nan
kmnist,softmax,3,1,0.8764931559562683,0.7715,0.7759083868477579,0.7094850945979991,1.0,3.744906116039195,nan,nan
kmnist,softmax,3,2,0.6278366446495056,0.8311666666666667,0.8313630998945722,0.5298337042331696,1.0,3.7386545500856765,nan,nan
kmnist,softmax,3,3,0.5046366453170776,0.8725,0.8726253875807333,0.4065724681032465,1.0,3.726857619082674,nan,nan
kmnist,softmax,3,4,0.4140736758708954,0.8844166666666666,0.8839023955410031,0.36821439037931725,1.0,3.7172215593622084,nan,nan
kmnist,softmax,3,5,0.3599584698677063,0.8985,0.898764153570648,0.31750810495082366,1.0,3.709658239750152,nan,nan
kmnist,softmax,3,6,0.3175821900367737,0.9155833333333333,0.9153046033277896,0.26829332779062554,1.0,3.702721397927467,nan,nan
kmnist,softmax,3,7,0.2828430235385895,0.9265,0.926596610019766,0.23835283391019133,1.0,3.690710722131932,nan,nan
kmnist,softmax,3,8,0.2555580139160156,0.9305833333333333,0.9303740870566853,0.22274281211355898,1.0,3.6820550117086857,nan,nan
kmnist,softmax,3,9,0.23043285310268402,0.9365833333333333,0.9364211489482619,0.20425415197585492,1.0,3.6798623293004136,nan,nan
kmnist,softmax,3,10,0.21140612661838531,0.9325,0.9325049287900976,0.2075206792735039,1.0,3.6759356437845434,nan,nan
kmnist,softmax,3,11,0.19385793805122375,0.9408333333333333,0.9408675013391239,0.18687155097723007,1.0,3.6729535270244518,nan,nan
kmnist,softmax,3,12,0.18238846957683563,0.9434166666666667,0.9434033484552519,0.17934970224791386,1.0,3.671278882533946,nan,nan
kmnist,softmax,3,13,0.17010147869586945,0.9475833333333333,0.9475156866997902,0.1689483772249932,1.0,3.6668833443459046,nan,nan
kmnist,softmax,3,14,0.167105033993721,0.9429166666666666,0.9429988561108077,0.18057548651035796,1.0,3.658484070859057,nan,nan
kmnist,softmax,3,15,0.1496419906616211,0.947,0.9469989732584032,0.1697401524858272,1.0,3.655145066849729,nan,nan
kmnist,softmax,3,16,0.14220553636550903,0.9445,0.9445144027587065,0.17236294438864322,1.0,3.6521548869762013,nan,nan
kmnist,softmax,3,17,0.13955335319042206,0.9558333333333333,0.9558819825022082,0.1432101847009456,1.0,3.6612719855409988,nan,nan
kmnist,softmax,3,18,0.1319155991077423,0.95,0.9497650041489896,0.16700104766703666,1.0,3.654203967845186,nan,nan
kmnist,softmax,3,19,0.12745697796344757,0.9573333333333334,0.957276404747556,0.13868292769853105,1.0,3.642378733513203,nan,nan
kmnist,softmax,3,20,0.12160280346870422,0.9611666666666666,0.9611490090228927,0.13059426812415428,1.0,3.642758166536372,nan,nan
kmnist,softmax,3,21,0.1119597852230072,0.95775,0.9577619335385696,0.13936661595993854,1.0,3.63106462549656,nan,nan
kmnist,softmax,3,22,0.11121199280023575,0.9610833333333333,0.9610937744230735,0.131460188709675,0.9999999866840688,3.636181154149644,nan,nan
kmnist,softmax,3,23,0.10482287406921387,0.9611666666666666,0.9611984729584042,0.12673241375608646,1.0,3.633184108328312,nan,nan
kmnist,softmax,3,24,0.09355256706476212,0.9619166666666666,0.9618665047446585,0.12650864460366837,0.9999999955613562,3.6277971140881804,nan,nan
kmnist,softmax,3,25,0.0988844558596611,0.96375,0.9637768314269726,0.12067519342328639,0.9999999955613562,3.6271953887127815,nan,nan
kmnist,softmax,3,26,0.09476418793201447,0.96475,0.9648105322413644,0.12243386373874988,0.9999999955613562,3.627199023327929,nan,nan
kmnist,softmax,3,27,0.09142643958330154,0.9601666666666666,0.9601694002447599,0.1394246014508795,0.9999999955613562,3.6201912418324897,nan,nan
kmnist,softmax,3,28,0.08636000752449036,0.9631666666666666,0.9631630130304927,0.12523011197435094,1.0,3.621460199356079,nan,nan
kmnist,softmax,3,29,0.085434690117836,0.9620833333333333,0.9621222094096684,0.1316357707565135,0.9999999689294937,3.6093746423721313,nan,nan
kmnist,softmax,4,0,1.7567535638809204,0.6498333333333334,0.6571928535643035,1.0589352376917576,1.0,3.7891106630893465,nan,nan
kmnist,softmax,4,1,0.864867091178894,0.7849166666666667,0.7850051735241402,0.6642965408081704,1.0,3.760279173546649,nan,nan
kmnist,softmax,4,2,0.6251615881919861,0.8228333333333333,0.8239965236086364,0.5344447125779822,1.0,3.7435481218581503,nan,nan
kmnist,softmax,4,3,0.5029158592224121,0.8650833333333333,0.8653025113513539,0.41247929664368327,1.0,3.7365407766179835,nan,nan
kmnist,softmax,4,4,0.4314698278903961,0.88475,0.8841510018914984,0.3542376759838551,1.0,3.727698967811909,nan,nan
kmnist,softmax,4,5,0.37924429774284363,0.8965,0.8967569406076381,0.32688869694445993,1.0,3.7157918493798436,nan,nan
kmnist,softmax,4,6,0.33174586296081543,0.8971666666666667,0.8981098825088905,0.31290044239226805,0.9999999955613562,3.706436596018203,nan,nan
kmnist,softmax,4,7,0.2977979779243469,0.9141666666666667,0.9141393802469228,0.26849134678536274,0.9999999911227124,3.7002679439301187,nan,nan
kmnist,softmax,4,8,0.2755759060382843,0.9179166666666667,0.918044023444087,0.24675065691166737,1.0,3.694032922704169,nan,nan
kmnist,softmax,4,9,0.24633730947971344,0.9280833333333334,0.9283966883201134,0.22477992655749016,0.9999999911227124,3.6850904530667243,nan,nan
kmnist,softmax,4,10,0.22413237392902374,0.92925,0.9291271164547755,0.21992651864569238,0.9999999334203437,3.6788474980821,nan,nan
kmnist,softmax,4,11,0.21213234961032867,0.9395,0.9393787268742427,0.19360011879433978,0.9999999689294937,3.6718607760490256,nan,nan
kmnist,softmax,4,12,0.19411852955818176,0.943,0.9429409452411859,0.178854837379557,0.9999999955613562,3.6751498567297105,nan,nan
kmnist,softmax,4,13,0.18483330309391022,0.9459166666666666,0.9457718705241464,0.16972395793554632,0.9999999511749187,3.667021335439479,nan,nan
kmnist,softmax,4,14,0.16896271705627441,0.9403333333333334,0.9403059400350984,0.18938197766212708,0.9999999911227124,3.6649737814639476,nan,nan
kmnist,softmax,4,15,0.1600194126367569,0.9466666666666667,0.9466916363992419,0.1641724930798754,0.9999999689294937,3.6611913797703197,nan,nan
kmnist,softmax,4,16,0.15605878829956055,0.95175,0.9517064420970007,0.15203437161572436,0.9999999911227124,3.664475732661308,nan,nan
kmnist,softmax,4,17,0.14538361132144928,0.95375,0.9535721264557242,0.14899372721606113,0.9999999955613562,3.6577130226378745,nan,nan
kmnist,softmax,4,18,0.13999398052692413,0.9535,0.9533598054605295,0.14263646431425783,1.0,3.655429611814783,nan,nan
kmnist,softmax,4,19,0.13435454666614532,0.9545833333333333,0.9544509582502364,0.14200370568544307,1.0,3.650822401046753,nan,nan
kmnist,softmax,4,20,0.12528127431869507,0.9555,0.9554975990997683,0.1417906904949787,0.9999999029839293,3.6409381146126605,nan,nan
kmnist,softmax,4,21,0.11740435659885406,0.9565,0.9564263432540361,0.13942667112705556,0.9999999511749187,3.644031550021882,nan,nan
kmnist,softmax,4,22,0.10906119644641876,0.9589166666666666,0.9588944455578405,0.13210728479192613,0.9999999955613562,3.6389186154020594,nan,nan
kmnist,softmax,4,23,0.11423802375793457,0.9555,0.9554546141102943,0.14121161670760907,0.9999999955613562,3.6325372229231165,nan,nan
kmnist,softmax,4,24,0.10184208303689957,0.9626666666666667,0.9626214641047355,0.12218046632218868,0.9999999644908499,3.6301800722771502,nan,nan
kmnist,softmax,4,25,0.10053332149982452,0.9598333333333333,0.959852084363015,0.12592827845761118,0.9999999600522061,3.6226411905694516,nan,nan
kmnist,softmax,4,26,0.09783024340867996,0.95975,0.9597292828602854,0.12639978742028804,0.9999999422976311,3.624051142246165,nan,nan
kmnist,softmax,4,27,0.09462079405784607,0.9641666666666666,0.964076960642724,0.11203751800225135,0.9999999289816999,3.617707247429706,nan,nan
kmnist,softmax,4,28,0.08646389842033386,0.965,0.9648871112907129,0.11788867699339035,0.99999981611333,3.606752453966344,nan,nan
kmnist,softmax,4,29,0.08803116530179977,0.9671666666666666,0.9670809078687206,0.11610286571878067,0.9999999511749187,3.611247110874095,nan,nan
kmnist,softmax,5,0,1.6627284288406372,0.6653333333333333,0.666187647556227,1.0100990863556558,1.0,3.771070822756341,nan,nan
kmnist,softmax,5,1,0.8589591979980469,0.7929166666666667,0.7938939635980418,0.6539475245678679,1.0,3.7653122531606797,nan,nan
kmnist,softmax,5,2,0.6082044839859009,0.8354166666666667,0.8341614015465748,0.5216428282413077,1.0,3.7527188468486705,nan,nan
kmnist,softmax,5,3,0.48789799213409424,0.8651666666666666,0.8637367112985211,0.41871777620721373,1.0,3.74837097969461,nan,nan
kmnist,softmax,5,4,0.42531466484069824,0.8816666666666667,0.8818824334745076,0.37284029925123174,1.0,3.7372508150465946,nan,nan
kmnist,softmax,5,5,0.38115429878234863,0.8795833333333334,0.8797679404510174,0.3698862616686111,1.0,3.724369361045513,nan,nan
kmnist,softmax,5,6,0.35137373208999634,0.9011666666666667,0.9013800395233238,0.3093016211022722,1.0,3.717630383816171,nan,nan
kmnist,softmax,5,7,0.31799331307411194,0.91125,0.9107386943336483,0.2843110853053154,1.0,3.707015646264908,nan,nan
kmnist,softmax,5,8,0.2909564673900604,0.9231666666666667,0.922752635766192,0.24325434070952395,1.0,3.694727656689096,nan,nan
kmnist,softmax,5,9,0.26560160517692566,0.92775,0.9273878065952823,0.22988407060186913,1.0,3.6782169494223087,nan,nan
kmnist,softmax,5,10,0.24746784567832947,0.927,0.9269562126090618,0.23241156878623556,1.0,3.6721917720551187,nan,nan
kmnist,softmax,5,11,0.22764594852924347,0.92625,0.9260641748966634,0.23434792902875454,1.0,3.667056623925554,nan,nan
kmnist,softmax,5,12,0.2140779048204422,0.9423333333333334,0.9421572728535972,0.19182403306377696,1.0,3.6549128395445805,nan,nan
kmnist,softmax,5,13,0.1976451873779297,0.9405833333333333,0.9403683484035763,0.19344007810379596,1.0,3.648005982662769,nan,nan
kmnist,softmax,5,14,0.18808966875076294,0.9394166666666667,0.939105286298601,0.1982539007638363,1.0,3.6486428316603314,nan,nan
kmnist,softmax,5,15,0.18153207004070282,0.9430833333333334,0.9427522515514513,0.18735867532643866,1.0,3.6482759409762444,nan,nan
kmnist,softmax,5,16,0.16807353496551514,0.9504166666666667,0.9503001433059227,0.16495448176531083,1.0,3.640813934042099,nan,nan
kmnist,softmax,5,17,0.156556636095047,0.95025,0.9499962419574631,0.16825441500925004,1.0,3.637386608631053,nan,nan
kmnist,softmax,5,18,0.14750654995441437,0.9535833333333333,0.9533181460003746,0.15321533984326302,1.0,3.646734303616463,nan,nan
kmnist,softmax,5,19,0.14642181992530823,0.9554166666666667,0.9552123791323475,0.14921606094279188,1.0,3.6292990851909557,nan,nan
kmnist,softmax,5,20,0.1366957128047943,0.94925,0.9489421369647765,0.17271593466718146,1.0,3.6332643209619726,nan,nan
kmnist,softmax,5,21,0.1301821619272232,0.95275,0.952617238188936,0.15545951812825304,0.9999999866840688,3.629719800137459,nan,nan
kmnist,softmax,5,22,0.12587317824363708,0.9563333333333334,0.9562298110443945,0.15246723330718406,0.9999999911227124,3.6150633882968983,nan,nan
kmnist,softmax,5,23,0.1211298257112503,0.9545,0.9542387580914315,0.15869811922311783,0.9999999955613562,3.6169534870918763,nan,nan
kmnist,softmax,5,24,0.11989226937294006,0.9571666666666667,0.9569916219691287,0.15129371082529108,1.0,3.6167988345978106,nan,nan
kmnist,softmax,5,25,0.1105809360742569,0.9580833333333333,0.9577841163351979,0.14705099038621214,1.0,3.6250757207261755,nan,nan
kmnist,softmax,5,26,0.10170154273509979,0.9608333333333333,0.9606254692282651,0.1347707416465942,1.0,3.615005597155145,nan,nan
kmnist,softmax,5,27,0.09944122284650803,0.9583333333333334,0.9582249086535051,0.14599403945055414,0.9999999955613562,3.6142073793614165,nan,nan
kmnist,softmax,5,28,0.096018947660923,0.95575,0.9555058677287601,0.15138447807824357,0.9999999518090106,3.604053385714267,nan,nan
kmnist,softmax,5,29,0.09294143319129944,0.96025,0.9600951714344241,0.1345830017581899,0.9999999518090106,3.6051820668768375,nan,nan
kmnist,softmax,6,0,1.7151755094528198,0.6439166666666667,0.6438294832954238,1.0754558405977614,1.0,3.774768646727217,nan,nan
kmnist,softmax,6,1,0.8955956697463989,0.7739166666666667,0.7741397709339799,0.7034589775065159,1.0,3.781947777626362,nan,nan
kmnist,softmax,6,2,0.6419975757598877,0.836,0.8364048927641132,0.507722871100649,1.0,3.772791819369539,nan,nan
kmnist,softmax,6,3,0.5086552500724792,0.8679166666666667,0.8678696807683599,0.41404163900842056,1.0,3.764933553147823,nan,nan
kmnist,softmax,6,4,0.4307795464992523,0.8888333333333334,0.8893101840446379,0.343708317647589,1.0,3.7591427615348327,nan,nan
kmnist,softmax,6,5,0.3666522204875946,0.89875,0.8988061334391677,0.3108974444739362,1.0,3.7465090472647486,nan,nan
kmnist,softmax,6,6,0.3321951627731323,0.9100833333333334,0.9110586613248177,0.2801713556685346,1.0,3.738924003661947,nan,nan
kmnist,softmax,6,7,0.29209500551223755,0.912,0.9123310378349967,0.2726886186828005,1.0,3.7236081818316844,nan,nan
kmnist,softmax,6,8,0.2706384062767029,0.9266666666666666,0.9268588702009147,0.23172874241433244,1.0,3.7121472307976258,nan,nan
kmnist,softmax,6,9,0.2502041459083557,0.9304166666666667,0.9306695594488394,0.2158525716117088,1.0,3.709608460994477,nan,nan
kmnist,softmax,6,10,0.22327172756195068,0.9290833333333334,0.9289561444445373,0.22868132860736645,1.0,3.7025409632540764,nan,nan
kmnist,softmax,6,11,0.20772622525691986,0.9405,0.9406243513141413,0.19341377533496695,1.0,3.697941277889495,nan,nan
kmnist,softmax,6,12,0.1963634043931961,0.9399166666666666,0.9398886708314684,0.19532596906448932,1.0,3.6906402212508183,nan,nan
kmnist,softmax,6,13,0.18429091572761536,0.9441666666666667,0.9441627041368378,0.17673787601450655,1.0,3.688385598202969,nan,nan
kmnist,softmax,6,14,0.16675660014152527,0.9435,0.9435563257692563,0.18166774749121767,1.0,3.676302750059899,nan,nan
kmnist,softmax,6,15,0.16020700335502625,0.9458333333333333,0.9458757496487724,0.1786086285050879,1.0,3.673230041848852,nan,nan
kmnist,softmax,6,16,0.15240731835365295,0.951,0.9510510407223581,0.16195442804947813,1.0,3.674187683044596,nan,nan
kmnist,softmax,6,17,0.14373432099819183,0.9528333333333333,0.9528683186959389,0.15348802665446667,1.0,3.658946100701677,nan,nan
kmnist,softmax,6,18,0.1351720690727234,0.95,0.9502860328385472,0.16510857720958425,1.0,3.663440022062748,nan,nan
kmnist,softmax,6,19,0.12597157061100006,0.9599166666666666,0.9599423992041917,0.1369174546066751,1.0,3.6489861797779164,nan,nan
kmnist,softmax,6,20,0.12042242288589478,0.9591666666666666,0.9591819521634777,0.13392612678890534,1.0,3.6512312508643943,nan,nan
kmnist,softmax,6,21,0.11146893352270126,0.9599166666666666,0.959922757969428,0.14010249236796765,1.0,3.655080277869042,nan,nan
kmnist,softmax,6,22,0.11271396279335022,0.9598333333333333,0.9598743443377316,0.13278752708054603,1.0,3.649212048408833,nan,nan
kmnist,softmax,6,23,0.10146212577819824,0.9614166666666667,0.9614674700816138,0.13014232874550719,1.0,3.6550975708251303,nan,nan
kmnist,softmax,6,24,0.10110408067703247,0.95725,0.9573219352228926,0.1410744805285271,1.0,3.659833537771347,nan,nan
kmnist,softmax,6,25,0.09332826733589172,0.9591666666666666,0.9592063788560564,0.1362136570697135,1.0,3.647266816585622,nan,nan
kmnist,softmax,6,26,0.09319848567247391,0.96325,0.9632196120218073,0.12550322885843032,0.9999999955613562,3.6373003873419254,nan,nan
kmnist,softmax,6,27,0.08768243342638016,0.9618333333333333,0.9619089121658362,0.1376570502018675,0.9999999955613562,3.6395996276368487,nan,nan
kmnist,softmax,6,28,0.08372893929481506,0.96175,0.9617312413658755,0.13461630585345816,0.9999999955613562,3.637858286817023,nan,nan
kmnist,softmax,6,29,0.08420059084892273,0.96275,0.9628139622129381,0.1345566028451666,0.9999999955613562,3.64012189621621,nan,nan
kmnist,softmax,7,0,1.7973231077194214,0.6138333333333333,0.6181995757787264,1.1410251145667218,1.0,3.6449693593573063,nan,nan
kmnist,softmax,7,1,0.9332112669944763,0.765,0.7668618789579816,0.7381317628190872,1.0,3.6638275968267564,nan,nan
kmnist,softmax,7,2,0.6468162536621094,0.8141666666666667,0.8141367615891474,0.559515136987605,1.0,3.680487485642129,nan,nan
kmnist,softmax,7,3,0.5156548023223877,0.8506666666666667,0.8514310953606987,0.45836451776484227,1.0,3.668972482072546,nan,nan
kmnist,softmax,7,4,0.4488041400909424,0.8725833333333334,0.87368181558551,0.3912234388767405,1.0,3.666660372247087,nan,nan
kmnist,softmax,7,5,0.38401004672050476,0.8824166666666666,0.8829449863157774,0.36579153322158975,1.0,3.6467408017909273,nan,nan
kmnist,softmax,7,6,0.3409775495529175,0.90625,0.9066861414789015,0.2941574232375368,1.0,3.6431873022241796,nan,nan
kmnist,softmax,7,7,0.30586081743240356,0.9196666666666666,0.9200194809353264,0.2518484462448891,0.9999999733681374,3.639268801567402,nan,nan
kmnist,softmax,7,8,0.27555155754089355,0.9215833333333333,0.9217061893437345,0.25216916330317235,1.0,3.6349357468016605,nan,nan
kmnist,softmax,7,9,0.2535375952720642,0.9193333333333333,0.9198201119586613,0.2470304306517256,0.9999999911227124,3.643636629936543,nan,nan
kmnist,softmax,7,10,0.2369016855955124,0.93125,0.9316551352542335,0.2190682383927893,0.9999999556135624,3.6401452460187547,nan,nan
kmnist,softmax,7,11,0.21888522803783417,0.9388333333333333,0.9390573068022929,0.19396986828205434,0.9999999911227124,3.625767230987549,nan,nan
kmnist,softmax,7,12,0.20330682396888733,0.94625,0.946387403860775,0.17841583807417688,0.9999999511749187,3.6251620181063386,nan,nan
kmnist,softmax,7,13,0.19129666686058044,0.9358333333333333,0.9359305345806153,0.1990734005862094,0.999999982245425,3.624524436098464,nan,nan
kmnist,softmax,7,14,0.1749989092350006,0.9488333333333333,0.948977119278162,0.17013390901240896,0.9999998858634461,3.620142642487871,nan,nan
kmnist,softmax,7,15,0.1731794774532318,0.94925,0.9494917016009522,0.16466981695687516,0.9999991097348802,3.6108559344677214,nan,nan
kmnist,softmax,7,16,0.15828406810760498,0.9483333333333334,0.9485992057696349,0.16814075299399964,0.9999977470712459,3.594089163110611,nan,nan
kmnist,softmax,7,17,0.1470576971769333,0.9498333333333333,0.9498845685781102,0.16404283601552883,0.9999975530391044,3.5906382596239133,nan,nan
kmnist,softmax,7,18,0.13934755325317383,0.95675,0.9569158644958289,0.14455276727676392,0.9999956653473225,3.5908802544817013,nan,nan
kmnist,softmax,7,19,0.1318575143814087,0.9455,0.9458727617287408,0.16380523493949403,0.9999942348358479,3.5852703414064773,nan,nan
kmnist,softmax,7,20,0.1295449584722519,0.9526666666666667,0.9527991277078962,0.1532773402460078,0.9999970146950256,3.5940292490289565,nan,nan
kmnist,softmax,7,21,0.12436359375715256,0.9545,0.9545526113813978,0.15052402764558792,0.9999914188334282,3.57980636840171,nan,nan
kmnist,softmax,7,22,0.11781714111566544,0.96025,0.960293519764629,0.1339607931515004,0.9999655244198251,3.5731974713345793,nan,nan
kmnist,softmax,7,23,0.10661442577838898,0.961,0.9610850908319515,0.1264555351214206,0.99998329040852,3.5770110931802304,nan,nan
kmnist,softmax,7,24,0.10206419229507446,0.9645833333333333,0.9646438860374913,0.12144824275945096,0.9999687925298163,3.5784493228222463,nan,nan
kmnist,softmax,7,25,0.09644407778978348,0.9586666666666667,0.9587394118823773,0.13969508780443923,0.9999830615013203,3.575446813664538,nan,nan
kmnist,softmax,7,26,0.09770871698856354,0.9611666666666666,0.9613374667111618,0.1301488159818852,0.9999419488805406,3.5651040584483047,nan,nan
kmnist,softmax,7,27,0.09102299809455872,0.9633333333333334,0.9634259008437833,0.12390891906428844,0.9999924105532626,3.577602229219802,nan,nan
kmnist,softmax,7,28,0.09330993890762329,0.9566666666666667,0.9567762679287959,0.14607503019431803,0.9999166968020987,3.5592805045716305,nan,nan
kmnist,softmax,7,29,0.0868440493941307,0.9650833333333333,0.9652526329125102,0.12141178183733149,0.9999530803649983,3.570003864612985,nan,nan
kmnist,softmax,8,0,1.7568823099136353,0.6385833333333333,0.636458666614623,1.0951605616731848,1.0,3.806586379700519,nan,nan
kmnist,softmax,8,1,0.9348445534706116,0.7745833333333333,0.7758178060297721,0.7036111811374096,1.0,3.7812642848238034,nan,nan
kmnist,softmax,8,2,0.6820119023323059,0.8246666666666667,0.8249098635913308,0.5427264602894478,1.0,3.7557471635493824,nan,nan
kmnist,softmax,8,3,0.5505747199058533,0.8499166666666667,0.8497025658644501,0.45924584979706623,1.0,3.744968153060751,nan,nan
kmnist,softmax,8,4,0.45810946822166443,0.85675,0.856542724345547,0.4350418854267039,1.0,3.7194650021005184,nan,nan
kmnist,softmax,8,5,0.4012705981731415,0.8976666666666666,0.89720074833963,0.3236641747520325,1.0,3.706536942339958,nan,nan
kmnist,softmax,8,6,0.34944185614585876,0.9040833333333333,0.9037770182454482,0.30268690814363197,1.0,3.6869654833002294,nan,nan
kmnist,softmax,8,7,0.31711360812187195,0.913,0.9125225878430511,0.26770798576639054,1.0,3.6779325363483837,nan,nan
kmnist,softmax,8,8,0.2878163456916809,0.92525,0.9251715844665267,0.23553784128199232,1.0,3.664908642464496,nan,nan
kmnist,softmax,8,9,0.261268675327301,0.92925,0.9293061758786709,0.22391243247275658,0.9999999866840688,3.650855749211413,nan,nan
kmnist,softmax,8,10,0.2414042353630066,0.9195,0.9195171855742335,0.25175532223062314,0.9999999112271248,3.6398535129871776,nan,nan
kmnist,softmax,8,11,0.22515787184238434,0.9271666666666667,0.9264927887856013,0.22381908367288875,0.9999998129428701,3.629538373744234,nan,nan
kmnist,softmax,8,12,0.20950065553188324,0.9384166666666667,0.9382912403451792,0.19099026347728484,0.9999998820588943,3.620975235675244,nan,nan
kmnist,softmax,8,13,0.1968185305595398,0.9420833333333334,0.941977372229759,0.18362142526088876,0.9999998903020899,3.6054462397352176,nan,nan
kmnist,softmax,8,14,0.18237899243831635,0.94175,0.9415307251041511,0.19054023572739134,0.9999999080566649,3.595872275372769,nan,nan
kmnist,softmax,8,15,0.17525561153888702,0.9465,0.9464279750741236,0.1719486909977933,0.9999996138379929,3.5810738446864674,nan,nan
kmnist,softmax,8,16,0.15823721885681152,0.953,0.9528367191953173,0.15425479396226557,0.9999998015292147,3.5907404118395867,nan,nan
kmnist,softmax,8,17,0.15337340533733368,0.9485,0.948332228826394,0.16971699338644108,0.9999996823199252,3.5835625465880048,nan,nan
kmnist,softmax,8,18,0.14666105806827545,0.95325,0.9532581936813852,0.14942283357711547,0.9999997254381788,3.5761820458351297,nan,nan
kmnist,softmax,8,19,0.1384408324956894,0.9565,0.9563588586967103,0.1489259957316074,0.9999998135769621,3.572858785061126,nan,nan
kmnist,softmax,8,20,0.13385328650474548,0.9545833333333333,0.9544246384686733,0.14522808346342533,0.9999999213725963,3.568725215627792,nan,nan
kmnist,softmax,8,21,0.12613467872142792,0.9596666666666667,0.9595254950370258,0.13529109019548335,0.9999998490861122,3.5609392688629473,nan,nan
kmnist,softmax,8,22,0.11436647921800613,0.95925,0.9591593434649294,0.13423973607256057,0.999999982245425,3.5631927987362477,nan,nan
kmnist,softmax,8,23,0.11394017189741135,0.9615,0.9613770452336038,0.12737637789959602,0.9999999207385043,3.561008392496312,nan,nan
kmnist,softmax,8,24,0.1027432456612587,0.9620833333333333,0.9618837853202811,0.13089279228068412,0.9999999955613562,3.557640423165991,nan,nan
kmnist,softmax,8,25,0.10569147765636444,0.96025,0.9601362357881895,0.13646199887103222,0.999999982245425,3.5572463679820934,nan,nan
kmnist,softmax,8,26,0.09992075711488724,0.9611666666666666,0.9610433578288866,0.12675790346049248,0.9999999644908499,3.554396705424532,nan,nan
kmnist,softmax,8,27,0.09561985731124878,0.964,0.9638720817043153,0.12397087206865878,0.9999999911227124,3.54808180636548,nan,nan
kmnist,softmax,8,28,0.08810776472091675,0.9611666666666666,0.9609738434909273,0.13215631983698684,0.9999999911227124,3.54410912128205,nan,nan
kmnist,softmax,8,29,0.08918149024248123,0.9651666666666666,0.9649528810821572,0.12075653941707408,0.9999999556135624,3.5464829764467605,nan,nan
kmnist,softmax,9,0,1.7557774782180786,0.6155833333333334,0.6088851950868006,1.1515931791447578,1.0,3.7086852129469525,nan,nan
kmnist,softmax,9,1,0.9357253313064575,0.7651666666666667,0.766805921328012,0.7187428740744896,1.0,3.7169229299464126,nan,nan
kmnist,softmax,9,2,0.6689236760139465,0.8171666666666667,0.819650205859667,0.570229820114501,1.0,3.6713842128185514,nan,nan
kmnist,softmax,9,3,0.5235547423362732,0.8584166666666667,0.8595690047099029,0.4389122356759741,1.0,3.6595205829498614,nan,nan
kmnist,softmax,9,4,0.4395346939563751,0.8790833333333333,0.8803831064117255,0.38054886396895066,0.9999999955613562,3.6555286569798247,nan,nan
kmnist,softmax,9,5,0.37152597308158875,0.8960833333333333,0.8959440918779105,0.3288628893329742,0.9999999118612167,3.644640034817635,nan,nan
kmnist,softmax,9,6,0.33172017335891724,0.9091666666666667,0.9092380560703586,0.282612404607712,0.9999990418870398,3.640413611493212,nan,nan
kmnist,softmax,9,7,0.3062804043292999,0.9145,0.9155050657184868,0.2689847968360211,0.9999991940691116,3.6405166666558446,nan,nan
kmnist,softmax,9,8,0.27699539065361023,0.916,0.9165369250461912,0.2623637920998512,0.99999970324496,3.635029242393818,nan,nan
kmnist,softmax,9,9,0.2562716007232666,0.9261666666666667,0.9260508172078316,0.23404844802744845,0.9999970736655783,3.6318021403982286,nan,nan
kmnist,softmax,9,10,0.2320551872253418,0.91775,0.9190204484578383,0.24510055653592375,0.9999833113335549,3.626091700919131,nan,nan
kmnist,softmax,9,11,0.22140920162200928,0.92925,0.9297030446317034,0.21401971800530212,0.9999922596393748,3.6281543437470782,nan,nan
kmnist,softmax,9,12,0.20580674707889557,0.9325,0.9326733563741534,0.20759043826701792,0.9999948397595831,3.622856761546845,nan,nan
kmnist,softmax,9,13,0.19355832040309906,0.9391666666666667,0.9392112717219824,0.18924767634970077,0.9999940312923269,3.6214413135609727,nan,nan
kmnist,softmax,9,14,0.18121513724327087,0.9366666666666666,0.9369033174911158,0.19755413256427076,0.9999905976843326,3.618801253907224,nan,nan
kmnist,softmax,9,15,0.17130959033966064,0.9495,0.949711661503802,0.15772206970351807,0.9999878634797766,3.621562442880996,nan,nan
kmnist,softmax,9,16,0.1593450903892517,0.951,0.9512658359786151,0.15633016365005614,0.9999867328938018,3.620909122710532,nan,nan
kmnist,softmax,9,17,0.15231512486934662,0.9455,0.9457678434251319,0.1737683890981877,0.9999368159060783,3.6170003185880946,nan,nan
kmnist,softmax,9,18,0.1423841118812561,0.952,0.9521835214333336,0.15217728532375174,0.9999626729082554,3.6226286735940487,nan,nan
kmnist,softmax,9,19,0.13717806339263916,0.9561666666666667,0.9563048277558803,0.1409315920256554,0.9999937281963673,3.628191240290378,nan,nan
kmnist,softmax,9,20,0.1307622492313385,0.9524166666666667,0.9526346148000444,0.15447654273915798,0.9999819391585411,3.6164506546994475,nan,nan
kmnist,softmax,9,21,0.1301414519548416,0.95625,0.9564666258740873,0.14350119138017614,0.9999899775423902,3.62091356389066,nan,nan
kmnist,softmax,9,22,0.12081506848335266,0.9535833333333333,0.9538970987899373,0.15148593738992164,0.9999659188250278,3.6180710589632077,nan,nan
kmnist,softmax,9,23,0.11516924947500229,0.9539166666666666,0.954211035172247,0.14427548726188374,0.9999402552209002,3.6093478329638216,nan,nan
kmnist,softmax,9,24,0.1091047003865242,0.9606666666666667,0.9607204438701344,0.13289382990370405,0.9999413395181616,3.6163190577892546,nan,nan
kmnist,softmax,9,25,0.1040947288274765,0.9623333333333334,0.9624769430706888,0.12617928772530657,0.9998433165093685,3.6086037539421243,nan,nan
kmnist,softmax,9,26,0.10026010125875473,0.9575,0.9576316381056265,0.1329088978310849,0.9999109487584297,3.612742601556981,nan,nan
kmnist,softmax,9,27,0.09585442394018173,0.9614166666666667,0.9615339233679585,0.12931261948765593,0.9999148617399499,3.6097165625146093,nan,nan
kmnist,softmax,9,28,0.09264201670885086,0.963,0.9631599006856227,0.11726286357387583,0.9997827125356552,3.6044432153093053,nan,nan
kmnist,softmax,9,29,0.08658739924430847,0.9646666666666667,0.9648752431371779,0.12155906198189613,0.9999193517451591,3.6156714064009647,nan,nan
kmnist,topk_softmax_0125,0,0,1.3426109552383423,0.7736666666666666,0.7708108831780954,0.7048029785460614,0.14000000059604645,1.9340803052516693,nan,nan
kmnist,topk_softmax_0125,0,1,0.5760312080383301,0.8515,0.8540734483917396,0.4697114888657915,0.14000000059604645,1.925824426590128,nan,nan
kmnist,topk_softmax_0125,0,2,0.4167630076408386,0.8721666666666666,0.8721357231822957,0.39940194310025967,0.14000000059604645,1.9129935490324141,nan,nan
kmnist,topk_softmax_0125,0,3,0.3389076292514801,0.8971666666666667,0.8974199431938834,0.3251591743306911,0.14000000059604645,1.9026275137637525,nan,nan
kmnist,topk_softmax_0125,0,4,0.28429076075553894,0.9048333333333334,0.9049661521718649,0.2962735431625488,0.14000000059604645,1.894542913487617,nan,nan
kmnist,topk_softmax_0125,0,5,0.2500377893447876,0.91975,0.9195088311499424,0.24942420201098664,0.14000000059604645,1.8818609194552645,nan,nan
kmnist,topk_softmax_0125,0,6,0.22557400166988373,0.9160833333333334,0.9163729626883687,0.25835951053081674,0.14000000059604645,1.8736415682954992,nan,nan
kmnist,topk_softmax_0125,0,7,0.19766072928905487,0.93425,0.9344482565542173,0.20043893285254213,0.14000000059604645,1.8695091554459105,nan,nan
kmnist,topk_softmax_0125,0,8,0.18145114183425903,0.9349166666666666,0.9352972221270651,0.20211976719029406,0.14000000059604645,1.8652237539595746,nan,nan
kmnist,topk_softmax_0125,0,9,0.16542494297027588,0.9476666666666667,0.9478536613559733,0.17056636654950202,0.14000000059604645,1.8605642838680998,nan,nan
kmnist,topk_softmax_0125,0,10,0.1543170064687729,0.94925,0.9492064168557652,0.16740454765076332,0.14000000059604645,1.8592951690897028,nan,nan
kmnist,topk_softmax_0125,0,11,0.14235208928585052,0.94875,0.9488726406736454,0.1694503258517448,0.14000000059604645,1.8526095697220335,nan,nan
kmnist,topk_softmax_0125,0,12,0.13404540717601776,0.9530833333333333,0.9532485947096904,0.15223585100884132,0.14000000059604645,1.8517581668305905,nan,nan
kmnist,topk_softmax_0125,0,13,0.12429064512252808,0.94875,0.9489686426181871,0.16619431718866876,0.14000000059604645,1.8471194746646475,nan,nan
kmnist,topk_softmax_0125,0,14,0.11670932173728943,0.95125,0.9514249047706753,0.1592102072974469,0.14000000059604645,1.848392941850297,nan,nan
kmnist,topk_softmax_0125,0,15,0.11310306191444397,0.9529166666666666,0.952980425248926,0.15734952228500487,0.14000000059604645,1.8464765561387895,nan,nan
kmnist,topk_softmax_0125,0,16,0.10428977012634277,0.9561666666666667,0.9561480009199312,0.14210773037469132,0.14000000059604645,1.840664469181223,nan,nan
kmnist,topk_softmax_0125,0,17,0.09903091937303543,0.956,0.9560644834500287,0.14832726453847073,0.14000000059604645,1.8382613620859511,nan,nan
kmnist,topk_softmax_0125,0,18,0.09012125432491302,0.95775,0.9577419042121607,0.14513639122881788,0.14000000059604645,1.839372454805577,nan,nan
kmnist,topk_softmax_0125,0,19,0.0901661291718483,0.9525,0.9524729245774871,0.16066627204418182,0.14000000059604645,1.8336651857863082,nan,nan
kmnist,topk_softmax_0125,0,20,0.08850005269050598,0.9578333333333333,0.9579383532943719,0.1434116434860737,0.14000000059604645,1.8377367942891223,nan,nan
kmnist,topk_softmax_0125,0,21,0.08537901937961578,0.9565,0.9565869608393541,0.14196265369970748,0.14000000059604645,1.8341102029414886,nan,nan
kmnist,topk_softmax_0125,0,22,0.0787746012210846,0.95675,0.9568067214232003,0.14893529358062338,0.14000000059604645,1.8319770452824045,nan,nan
kmnist,topk_softmax_0125,0,23,0.07499794661998749,0.9595,0.9595952673160785,0.1428420198883148,0.14000000059604645,1.8335653010835038,nan,nan
kmnist,topk_softmax_0125,0,24,0.07113981246948242,0.9565833333333333,0.9567591130980588,0.1587056073736637,0.14000000059604645,1.8355484757017582,nan,nan
kmnist,topk_softmax_0125,0,25,0.06797243654727936,0.961,0.9610057496093534,0.13686755917807844,0.14000000059604645,1.8311602612759204,nan,nan
kmnist,topk_softmax_0125,0,26,0.06805384159088135,0.9571666666666667,0.9572261764257949,0.14765810530553472,0.14000000059604645,1.8329300728250058,nan,nan
kmnist,topk_softmax_0125,0,27,0.06796744465827942,0.96125,0.961344717512685,0.1333914061493062,0.14000000059604645,1.8302221665991114,nan,nan
kmnist,topk_softmax_0125,0,28,0.06324635446071625,0.9583333333333334,0.9584746734315424,0.14630167011884934,0.14000000059604645,1.8298769060601578,nan,nan
kmnist,topk_softmax_0125,0,29,0.06249454990029335,0.95825,0.958302931603742,0.15051773174646052,0.14000000059604645,1.8286405002817194,nan,nan
kmnist,topk_softmax_0125,1,0,1.3532586097717285,0.7604166666666666,0.7613356560526315,0.7438554193111176,0.14000000059604645,1.9324009659442496,nan,nan
kmnist,topk_softmax_0125,1,1,0.6513053178787231,0.8461666666666666,0.8470565920702742,0.4931716925286232,0.14000000059604645,1.9194818785850039,nan,nan
kmnist,topk_softmax_0125,1,2,0.4739849269390106,0.8788333333333334,0.8790669203994131,0.3906679156612843,0.14000000059604645,1.9075416783069044,nan,nan
kmnist,topk_softmax_0125,1,3,0.3831988573074341,0.8958333333333334,0.8961037005890808,0.3276379837634716,0.14000000059604645,1.90251317810505,nan,nan
kmnist,topk_softmax_0125,1,4,0.3189031481742859,0.91225,0.912495550799442,0.27866246947582735,0.14000000059604645,1.901679740307179,nan,nan
kmnist,topk_softmax_0125,1,5,0.27959907054901123,0.9245833333333333,0.9247798324921511,0.24804882419870256,0.14000000059604645,1.9036436118978135,nan,nan
kmnist,topk_softmax_0125,1,6,0.24868138134479523,0.9323333333333333,0.9325244912473613,0.2260622169743193,0.14000000059604645,1.9012892119427944,nan,nan
kmnist,topk_softmax_0125,1,7,0.22281603515148163,0.9309166666666666,0.9311131428724309,0.21916756414352578,0.14000000059604645,1.8984504468897556,nan,nan
kmnist,topk_softmax_0125,1,8,0.20376983284950256,0.9376666666666666,0.9376750911236614,0.20286470905263373,0.14000000059604645,1.8933810426833781,nan,nan
kmnist,topk_softmax_0125,1,9,0.18547801673412323,0.9415833333333333,0.9417993643221877,0.18679115223757764,0.14000000059604645,1.8947670459747314,nan,nan
kmnist,topk_softmax_0125,1,10,0.17022119462490082,0.9450833333333334,0.9452976415131472,0.18081222839177924,0.14000000059604645,1.8901022228788822,nan,nan
kmnist,topk_softmax_0125,1,11,0.16378231346607208,0.94175,0.9420107715898547,0.19030472192358464,0.14000000059604645,1.8839469615449296,nan,nan
kmnist,topk_softmax_0125,1,12,0.15275530517101288,0.9451666666666667,0.9452716561009333,0.18097836730328012,0.14000000059604645,1.8852395022169073,nan,nan
kmnist,topk_softmax_0125,1,13,0.1394018679857254,0.9515833333333333,0.9516601171576132,0.16011575007058204,0.14000000059604645,1.883298711573824,nan,nan
kmnist,topk_softmax_0125,1,14,0.12994827330112457,0.9520833333333333,0.9521918699101175,0.15571472857226717,0.14000000059604645,1.8785508211622848,nan,nan
kmnist,topk_softmax_0125,1,15,0.12590329349040985,0.9521666666666667,0.9522844556895935,0.1604180150526635,0.14000000059604645,1.8776455889356898,nan,nan
kmnist,topk_softmax_0125,1,16,0.11788542568683624,0.9541666666666667,0.954280160632907,0.156629889252338,0.14000000059604645,1.8771992224328062,nan,nan
kmnist,topk_softmax_0125,1,17,0.10764039307832718,0.9556666666666667,0.9558739125833391,0.15529296309389967,0.14000000059604645,1.8790559958904347,nan,nan
kmnist,topk_softmax_0125,1,18,0.10576920211315155,0.9501666666666667,0.950199975114541,0.17064549028873444,0.14000000059604645,1.8770511860543109,nan,nan
kmnist,topk_softmax_0125,1,19,0.10142046213150024,0.954,0.9541025647199435,0.16240190809711497,0.14000000059604645,1.8762123572065474,nan,nan
kmnist,topk_softmax_0125,1,20,0.09682194143533707,0.9545833333333333,0.9547721888454742,0.1610395513633464,0.14000000059604645,1.8770904236651482,nan,nan
kmnist,topk_softmax_0125,1,21,0.09774386137723923,0.95425,0.9543128374774991,0.16068631965429225,0.14000000059604645,1.8718751694293732,nan,nan
kmnist,topk_softmax_0125,1,22,0.08418036252260208,0.9535,0.953619822938682,0.16521037084625123,0.14000000059604645,1.872481197752851,nan,nan
kmnist,topk_softmax_0125,2,0,1.3999329805374146,0.73125,0.7292930003943162,0.8139815698278711,0.14000000059604645,1.9352619800161808,nan,nan
kmnist,topk_softmax_0125,2,1,0.6276448965072632,0.8455,0.8465463306975558,0.49259888745368796,0.14000000059604645,1.9257244696008398,nan,nan
kmnist,topk_softmax_0125,2,2,0.44924527406692505,0.8783333333333333,0.879059617956627,0.3924069214374461,0.14000000059604645,1.923332838301963,nan,nan
kmnist,topk_softmax_0125,2,3,0.3609260320663452,0.9020833333333333,0.9027848209182485,0.3099238175026914,0.14000000059604645,1.919336660111204,nan,nan
kmnist,topk_softmax_0125,2,4,0.29849645495414734,0.9093333333333333,0.9099541490574637,0.2765989706237265,0.14000000059604645,1.913825161913608,nan,nan
kmnist,topk_softmax_0125,2,5,0.25785648822784424,0.9236666666666666,0.9238153232286276,0.24122362472909561,0.14000000059604645,1.9108211778579873,nan,nan
kmnist,topk_softmax_0125,2,6,0.2287881076335907,0.927,0.9271637128038162,0.23214882374443907,0.14000000059604645,1.9084609303068607,nan,nan
kmnist,topk_softmax_0125,2,7,0.21155232191085815,0.9339166666666666,0.9342827511920669,0.2179624262325307,0.14000000059604645,1.9028622470003493,nan,nan
kmnist,topk_softmax_0125,2,8,0.19342994689941406,0.93525,0.9355785248652216,0.21135364980139631,0.14000000059604645,1.9056795645267406,nan,nan
kmnist,topk_softmax_0125,2,9,0.17126797139644623,0.9434166666666667,0.9435198782119766,0.18686415809900203,0.14000000059604645,1.9019349052550945,nan,nan
kmnist,topk_softmax_0125,2,10,0.1612979918718338,0.9453333333333334,0.9455064260384507,0.17892396989020895,0.14000000059604645,1.9005733360635473,nan,nan
kmnist,topk_softmax_0125,2,11,0.15450359880924225,0.9479166666666666,0.9482437342089428,0.17451131280432355,0.14000000059604645,1.8995045220598261,nan,nan
kmnist,topk_softmax_0125,2,12,0.1389744132757187,0.9451666666666667,0.9454121144132328,0.18433210998773575,0.14000000059604645,1.8974633483176535,nan,nan
kmnist,topk_softmax_0125,2,13,0.13190272450447083,0.953,0.9531719290094097,0.15754440791429358,0.14000000059604645,1.8936001075075028,nan,nan
kmnist,topk_softmax_0125,2,14,0.12659937143325806,0.951,0.951295342163897,0.16663727687394364,0.14000000059604645,1.8925388924618984,nan,nan
kmnist,topk_softmax_0125,2,15,0.11622101068496704,0.9448333333333333,0.94505074522642,0.18324150969373418,0.14000000059604645,1.894485535773825,nan,nan
kmnist,topk_softmax_0125,2,16,0.1103491261601448,0.9516666666666667,0.9518687093091422,0.16347704558296405,0.14000000059604645,1.893993671904219,nan,nan
kmnist,topk_softmax_0125,2,17,0.10031067579984665,0.9550833333333333,0.9552958791631602,0.15922905901011,0.14000000059604645,1.8890168058111312,nan,nan
kmnist,topk_softmax_0125,2,18,0.10153072327375412,0.9554166666666667,0.9555979609477525,0.1561833618486181,0.14000000059604645,1.8880943199421496,nan,nan
kmnist,topk_softmax_0125,2,19,0.08891397714614868,0.9575,0.9575961245635298,0.14869470783370606,0.14000000059604645,1.8888122350611585,nan,nan
kmnist,topk_softmax_0125,2,20,0.08778268098831177,0.9543333333333334,0.9545156522252004,0.16017968033222443,0.14000000059604645,1.8836816219573325,nan,nan
kmnist,topk_softmax_0125,2,21,0.08752695471048355,0.95775,0.9578874446518503,0.15060311349782537,0.14000000059604645,1.884267416406185,nan,nan
kmnist,topk_softmax_0125,2,22,0.08582299202680588,0.95675,0.9568095876544774,0.15747330845036406,0.14000000059604645,1.881854275439648,nan,nan
kmnist,topk_softmax_0125,2,23,0.07576218247413635,0.95875,0.9588725360959229,0.1430018128866845,0.14000000059604645,1.8761956970742408,nan,nan
kmnist,topk_softmax_0125,2,24,0.07579196244478226,0.9613333333333334,0.9614358181537792,0.14021865738199113,0.14000000059604645,1.8791745837698592,nan,nan
kmnist,topk_softmax_0125,2,25,0.07319911569356918,0.95725,0.9574619997392764,0.1554106407343073,0.14000000059604645,1.8780459660164854,nan,nan
kmnist,topk_softmax_0125,2,26,0.06837701797485352,0.9573333333333334,0.9573508649674357,0.15193984578264522,0.14000000059604645,1.8799805362173851,nan,nan
kmnist,topk_softmax_0125,2,27,0.06711829453706741,0.9618333333333333,0.9619698394244021,0.14534313897503184,0.14000000059604645,1.8767989455385412,nan,nan
kmnist,topk_softmax_0125,2,28,0.06558708846569061,0.9603333333333334,0.9603845889834195,0.15458122720109654,0.14000000059604645,1.8752498842300254,nan,nan
kmnist,topk_softmax_0125,2,29,0.06316860765218735,0.9565833333333333,0.9566799477101069,0.1598817195664061,0.14000000059604645,1.8790332713025681,nan,nan
kmnist,topk_softmax_0125,3,0,1.3862605094909668,0.74225,0.7421735173462238,0.7851155197366755,0.14000000059604645,1.9327905977025945,nan,nan
kmnist,topk_softmax_0125,3,1,0.6357344388961792,0.8393333333333334,0.8390316980725789,0.49988898000818616,0.14000000059604645,1.9278670219664877,nan,nan
kmnist,topk_softmax_0125,3,2,0.47379204630851746,0.85975,0.8599453799807264,0.4354188860730922,0.14000000059604645,1.9289248991519847,nan,nan
kmnist,topk_softmax_0125,3,3,0.38721704483032227,0.8920833333333333,0.8924166423675797,0.33800397876729354,0.14000000059604645,1.925083039922917,nan,nan
kmnist,topk_softmax_0125,3,4,0.311612993478775,0.9075833333333333,0.9071867536889744,0.2898938624148673,0.14000000059604645,1.9241527559909415,nan,nan
kmnist,topk_softmax_0125,3,5,0.2745952904224396,0.913,0.912922510484764,0.2735388884519009,0.14000000059604645,1.9236087304480531,nan,nan
kmnist,topk_softmax_0125,3,6,0.24285638332366943,0.9221666666666667,0.9222179386293732,0.24766173292981816,0.14000000059604645,1.921297271200951,nan,nan
kmnist,topk_softmax_0125,3,7,0.21425636112689972,0.9276666666666666,0.9275439192404514,0.22497130042694985,0.14000000059604645,1.920502780599797,nan,nan
kmnist,topk_softmax_0125,3,8,0.192795529961586,0.935,0.9350648523392305,0.20452964670480567,0.14000000059604645,1.9184160917363269,nan,nan
kmnist,topk_softmax_0125,3,9,0.17627668380737305,0.9355,0.9354302304450973,0.20383006461123201,0.14000000059604645,1.9151714000296085,nan,nan
kmnist,topk_softmax_0125,3,10,0.16272911429405212,0.9423333333333334,0.942265658720071,0.19192514933170157,0.14000000059604645,1.9128566853543545,nan,nan
kmnist,topk_softmax_0125,3,11,0.15147559344768524,0.9421666666666667,0.9423221121503225,0.19043835474455612,0.14000000059604645,1.9109197132130886,nan,nan
kmnist,topk_softmax_0125,3,12,0.14061282575130463,0.9441666666666667,0.944018646453309,0.18096850003967893,0.14000000059604645,1.9123378992080688,nan,nan
kmnist,topk_softmax_0125,3,13,0.13094565272331238,0.9476666666666667,0.9476329418951283,0.1744296561847342,0.14000000059604645,1.9101034884757184,nan,nan
kmnist,topk_softmax_0125,3,14,0.12577125430107117,0.9484166666666667,0.9483897358215136,0.1724092443572714,0.14000000059604645,1.9090737966780966,nan,nan
kmnist,topk_softmax_0125,3,15,0.11487141996622086,0.9488333333333333,0.9488696508018706,0.1675537130300035,0.14000000059604645,1.9078089163658467,nan,nan
kmnist,topk_softmax_0125,3,16,0.11007966101169586,0.9511666666666667,0.9511347312098785,0.16231149292372643,0.14000000059604645,1.9043004943969402,nan,nan
kmnist,topk_softmax_0125,3,17,0.10138658434152603,0.9555833333333333,0.9556186911579096,0.15342023271195432,0.14000000059604645,1.9018101945836494,nan,nan
kmnist,topk_softmax_0125,3,18,0.09579624980688095,0.95625,0.956215179440062,0.15192125539513343,0.14000000059604645,1.9012923874753587,nan,nan
kmnist,topk_softmax_0125,3,19,0.0929265096783638,0.95575,0.9557886115981316,0.1531214273356377,0.14000000059604645,1.8992404633379998,nan,nan
kmnist,topk_softmax_0125,3,20,0.09249256551265717,0.9601666666666666,0.9601158638987786,0.14129006006616227,0.14000000059604645,1.8979381601861183,nan,nan
kmnist,topk_softmax_0125,3,21,0.08020393550395966,0.9540833333333333,0.9541292070534675,0.1619045854882991,0.14000000059604645,1.895990124408235,nan,nan
kmnist,topk_softmax_0125,3,22,0.08396930992603302,0.9513333333333334,0.9512370156587707,0.16835585791379848,0.14000000059604645,1.8931396641629807,nan,nan
kmnist,topk_softmax_0125,3,23,0.07700178772211075,0.9596666666666667,0.9596810936403545,0.14559932782294902,0.14000000059604645,1.8954038138085223,nan,nan
kmnist,topk_softmax_0125,3,24,0.07439935952425003,0.9594166666666667,0.9593997529283241,0.14308130963051574,0.14000000059604645,1.8921032319677638,nan,nan
kmnist,topk_softmax_0125,3,25,0.0695611834526062,0.9595,0.959486896765419,0.1447243054813527,0.14000000059604645,1.894866575586035,nan,nan
kmnist,topk_softmax_0125,4,0,1.4349143505096436,0.7360833333333333,0.7367392411954239,0.8145892784950581,0.14000000059604645,1.939326196274859,nan,nan
kmnist,topk_softmax_0125,4,1,0.6878648996353149,0.8163333333333334,0.8188196643791781,0.5604264552288867,0.14000000059604645,1.9348224452201357,nan,nan
kmnist,topk_softmax_0125,4,2,0.5010651350021362,0.8715833333333334,0.870843652885554,0.391941377140106,0.14000000059604645,1.9235102280657341,nan,nan
kmnist,topk_softmax_0125,4,3,0.3931090831756592,0.88975,0.8903554891825636,0.3388020786199164,0.14000000059604645,1.9086755564872255,nan,nan
kmnist,topk_softmax_0125,4,4,0.3261142671108246,0.9125,0.9120522224535346,0.28116147378657724,0.14000000059604645,1.8991777161334424,nan,nan
kmnist,topk_softmax_0125,4,5,0.275610089302063,0.9210833333333334,0.921248821472059,0.24936484402798592,0.14000000059604645,1.8988813783260101,nan,nan
kmnist,topk_softmax_0125,4,6,0.24593204259872437,0.9218333333333333,0.9223064981300915,0.23328241737599067,0.14000000059604645,1.896369753999913,nan,nan
kmnist,topk_softmax_0125,4,7,0.21955686807632446,0.9383333333333334,0.9381989812507616,0.19322625753727365,0.14000000059604645,1.8966026052515557,nan,nan
kmnist,topk_softmax_0125,4,8,0.1985349804162979,0.9380833333333334,0.9379446753912933,0.19691738581403773,0.14000000059604645,1.8947068782562906,nan,nan
kmnist,topk_softmax_0125,4,9,0.18636465072631836,0.94325,0.9432041538022782,0.18009419612427977,0.14000000059604645,1.8953040495831917,nan,nan
kmnist,topk_softmax_0125,4,10,0.16474388539791107,0.9476666666666667,0.9473297688261184,0.1694201153326542,0.14000000059604645,1.8944001907997943,nan,nan
kmnist,topk_softmax_0125,4,11,0.15803556144237518,0.94675,0.9467064939894774,0.1710599293100073,0.14000000059604645,1.889743371212736,nan,nan
kmnist,topk_softmax_0125,4,12,0.14754155278205872,0.9490833333333333,0.9488781957981971,0.165158452347238,0.14000000059604645,1.8901709838116423,nan,nan
kmnist,topk_softmax_0125,4,13,0.13474220037460327,0.9535833333333333,0.953383704379082,0.15737631005492617,0.14000000059604645,1.8922929434066122,nan,nan
kmnist,topk_softmax_0125,4,14,0.12464392930269241,0.9545833333333333,0.9543936090664256,0.15314836641575427,0.14000000059604645,1.8884453519861748,nan,nan
kmnist,topk_softmax_0125,4,15,0.12284333258867264,0.9565,0.9562715218522367,0.14150245440133075,0.14000000059604645,1.889838013243168,nan,nan
kmnist,topk_softmax_0125,4,16,0.11502950638532639,0.9553333333333334,0.9551743189565636,0.14743344351015192,0.14000000059604645,1.8910418634719037,nan,nan
kmnist,topk_softmax_0125,4,17,0.10490988194942474,0.957,0.9568642590072652,0.142355306113654,0.14000000059604645,1.8848956493621176,nan,nan
kmnist,topk_softmax_0125,4,18,0.10210223495960236,0.9568333333333333,0.956678357086871,0.1356424608446182,0.14000000059604645,1.8854767210940098,nan,nan
kmnist,topk_softmax_0125,4,19,0.09833211451768875,0.95525,0.9550718862326969,0.14485760247136684,0.14000000059604645,1.8846641614082011,nan,nan
kmnist,topk_softmax_0125,4,20,0.0906144455075264,0.9583333333333334,0.9581947142944169,0.1358405697218915,0.14000000059604645,1.8864377927272877,nan,nan
kmnist,topk_softmax_0125,4,21,0.08754372596740723,0.9585,0.9583043371541784,0.13902425262680712,0.14000000059604645,1.885494442696267,nan,nan
kmnist,topk_softmax_0125,4,22,0.08674732595682144,0.9619166666666666,0.9617744815011008,0.1284521753959199,0.14000000059604645,1.8831878291799666,nan,nan
kmnist,topk_softmax_0125,4,23,0.07901699095964432,0.9615,0.9614055168306835,0.1359482447200633,0.14000000059604645,1.88689187486121,nan,nan
kmnist,topk_softmax_0125,4,24,0.07151971012353897,0.96025,0.9601956507732723,0.14187601597068158,0.14000000059604645,1.883325274954451,nan,nan
kmnist,topk_softmax_0125,4,25,0.07461167871952057,0.9619166666666666,0.9618417465506534,0.13628450812811546,0.14000000059604645,1.879190502014566,nan,nan
kmnist,topk_softmax_0125,4,26,0.07258768379688263,0.96225,0.9621019365454255,0.13318410927944996,0.14000000059604645,1.8797985619687019,nan,nan
kmnist,topk_softmax_0125,4,27,0.06578086316585541,0.962,0.9618925070383822,0.13530149849805426,0.14000000059604645,1.8850663431147312,nan,nan
kmnist,topk_softmax_0125,4,28,0.06065896898508072,0.9624166666666667,0.9623101972650335,0.13840361335810195,0.14000000059604645,1.8777743971094172,nan,nan
kmnist,topk_softmax_0125,4,29,0.06357650458812714,0.9634166666666667,0.9632450391282884,0.13953982769174778,0.14000000059604645,1.8818086499863482,nan,nan
kmnist,topk_softmax_0125,5,0,1.357464075088501,0.7734166666666666,0.7724106723323414,0.7144154944318406,0.14000000059604645,1.9363048723403444,nan,nan
kmnist,topk_softmax_0125,5,1,0.626905083656311,0.8448333333333333,0.8441896956151366,0.49657625023354873,0.14000000059604645,1.9316324680409533,nan,nan
kmnist,topk_softmax_0125,5,2,0.47318723797798157,0.8751666666666666,0.8748609486961761,0.39765598038409616,0.14000000059604645,1.9318389296531677,nan,nan
kmnist,topk_softmax_0125,5,3,0.379737913608551,0.88625,0.8854839482450906,0.345762940480354,0.14000000059604645,1.9291901207984763,nan,nan
kmnist,topk_softmax_0125,5,4,0.32106155157089233,0.9055833333333333,0.9059435346801632,0.3011657218349741,0.14000000059604645,1.925199200498297,nan,nan
kmnist,topk_softmax_0125,5,5,0.28498873114585876,0.90575,0.9056225378475817,0.2911495366629134,0.14000000059604645,1.9208531455790743,nan,nan
kmnist,topk_softmax_0125,5,6,0.2510567307472229,0.9216666666666666,0.921915360245983,0.2516306245580633,0.14000000059604645,1.9132938448418961,nan,nan
kmnist,topk_softmax_0125,5,7,0.22865000367164612,0.93575,0.935425355092182,0.2063819483873692,0.14000000059604645,1.9068867678337909,nan,nan
kmnist,topk_softmax_0125,5,8,0.20615749061107635,0.9369166666666666,0.9368484546247556,0.20503746385269978,0.14000000059604645,1.9052471112697682,nan,nan
kmnist,topk_softmax_0125,5,9,0.19260098040103912,0.9401666666666667,0.9398156174908273,0.19909694664021757,0.14000000059604645,1.897135095393404,nan,nan
kmnist,topk_softmax_0125,5,10,0.1754024773836136,0.9385833333333333,0.9386303602553262,0.20250266108741152,0.14000000059604645,1.8988262833432947,nan,nan
kmnist,topk_softmax_0125,5,11,0.167298823595047,0.94325,0.9430627388562345,0.18462558201652893,0.14000000059604645,1.891511416181605,nan,nan
kmnist,topk_softmax_0125,5,12,0.15594841539859772,0.9465,0.9463079842363682,0.17361275201782267,0.14000000059604645,1.8891144141237786,nan,nan
kmnist,topk_softmax_0125,5,13,0.1438131481409073,0.947,0.9468867592999711,0.17326352459953187,0.14000000059604645,1.883759432650627,nan,nan
kmnist,topk_softmax_0125,5,14,0.1332046538591385,0.9478333333333333,0.9477015759329983,0.1752197748803078,0.14000000059604645,1.8821463153717366,nan,nan
kmnist,topk_softmax_0125,5,15,0.1215517446398735,0.95,0.9497893900630787,0.16401826415924317,0.14000000059604645,1.8809201920286138,nan,nan
kmnist,topk_softmax_0125,5,16,0.12080557644367218,0.9554166666666667,0.9552526988299409,0.15554477266491729,0.14000000059604645,1.8767416984476941,nan,nan
kmnist,topk_softmax_0125,5,17,0.11083034425973892,0.9538333333333333,0.9536333427930963,0.16643144348834424,0.14000000059604645,1.8763970200051652,nan,nan
kmnist,topk_softmax_0125,5,18,0.1039867252111435,0.9535833333333333,0.9534220619672691,0.16474833466271135,0.14000000059604645,1.876330520244355,nan,nan
kmnist,topk_softmax_0125,5,19,0.10128653794527054,0.9540833333333333,0.9538672402651667,0.16225243518327145,0.14000000059604645,1.8750219078774149,nan,nan
kmnist,topk_softmax_0125,5,20,0.09744386374950409,0.9566666666666667,0.9565003771531897,0.15637030785388134,0.14000000059604645,1.87293948518469,nan,nan
kmnist,topk_softmax_0125,5,21,0.09343089908361435,0.9546666666666667,0.95447203524533,0.1601395083868757,0.14000000059604645,1.8733045928021694,nan,nan
kmnist,topk_softmax_0125,5,22,0.08627129346132278,0.9546666666666667,0.9545156456630645,0.15983088615726918,0.14000000059604645,1.8767582304934238,nan,nan
kmnist,topk_softmax_0125,5,23,0.08276726305484772,0.9535833333333333,0.95337945956169,0.16062837712308195,0.14000000059604645,1.8713156213151647,nan,nan
kmnist,topk_softmax_0125,5,24,0.07860935479402542,0.9536666666666667,0.9534107574428509,0.16602284271032253,0.14000000059604645,1.8707562925967764,nan,nan
kmnist,topk_softmax_0125,5,25,0.07994280010461807,0.9556666666666667,0.9554836962643718,0.1597420776143987,0.14000000059604645,1.8693086936118755,nan,nan
kmnist,topk_softmax_0125,6,0,1.383031964302063,0.7643333333333333,0.7630524474892791,0.7475284591634223,0.14000000059604645,1.9347914393911971,nan,nan
kmnist,topk_softmax_0125,6,1,0.6282501816749573,0.8426666666666667,0.8427849042068791,0.497658131604499,0.14000000059604645,1.9194421577960887,nan,nan
kmnist,topk_softmax_0125,6,2,0.466476708650589,0.8684166666666666,0.8690306449413765,0.41180542238215184,0.14000000059604645,1.9036516889612725,nan,nan
kmnist,topk_softmax_0125,6,3,0.37534838914871216,0.9018333333333334,0.901497724154245,0.31559016856741395,0.14000000059604645,1.8955059343195977,nan,nan
kmnist,topk_softmax_0125,6,4,0.3171690106391907,0.9063333333333333,0.9069581686594178,0.29657232095586494,0.14000000059604645,1.8828567393282627,nan,nan
kmnist,topk_softmax_0125,6,5,0.28181877732276917,0.9184166666666667,0.918576221935502,0.26179745698228796,0.14000000059604645,1.8781403100236933,nan,nan
kmnist,topk_softmax_0125,6,6,0.2451970875263214,0.9255,0.9260335333361068,0.24001993175516737,0.14000000059604645,1.8744648504764476,nan,nan
kmnist,topk_softmax_0125,6,7,0.21598754823207855,0.9366666666666666,0.9367463659315686,0.21343358717066177,0.14000000059604645,1.867166114614365,nan,nan
kmnist,topk_softmax_0125,6,8,0.20080816745758057,0.9330833333333334,0.9330376103080875,0.21889770569953512,0.14000000059604645,1.8649132010784555,nan,nan
kmnist,topk_softmax_0125,6,9,0.17911052703857422,0.9404166666666667,0.9403531481689663,0.19391469007476847,0.14000000059604645,1.8658966903990888,nan,nan
kmnist,topk_softmax_0125,6,10,0.1711619645357132,0.9406666666666667,0.9406915047270437,0.1935033842604211,0.14000000059604645,1.8614613363083372,nan,nan
kmnist,topk_softmax_0125,6,11,0.1554451584815979,0.9430833333333334,0.9432076650959458,0.1877134585000099,0.14000000059604645,1.8598664377598053,nan,nan
kmnist,topk_softmax_0125,6,12,0.14748135209083557,0.9461666666666667,0.9461507609507059,0.175996111269961,0.14000000059604645,1.8581466015349044,nan,nan
kmnist,topk_softmax_0125,6,13,0.1373520791530609,0.9476666666666667,0.9476698768135356,0.16974301739258968,0.14000000059604645,1.8603215915091493,nan,nan
kmnist,topk_softmax_0125,6,14,0.1282874494791031,0.95,0.9500322796284788,0.16775018856563467,0.14000000059604645,1.8535183363772454,nan,nan
kmnist,topk_softmax_0125,6,15,0.12260719388723373,0.94825,0.9483066981844506,0.17801220223624656,0.14000000059604645,1.8542745658691893,nan,nan
kmnist,topk_softmax_0125,6,16,0.11377747356891632,0.9518333333333333,0.9519119905844345,0.16828179882561906,0.14000000059604645,1.8529701638729015,nan,nan
kmnist,topk_softmax_0125,6,17,0.11089076846837997,0.9506666666666667,0.9507154881805618,0.16873554932944318,0.14000000059604645,1.8486095717612734,nan,nan
kmnist,topk_softmax_0125,6,18,0.10527437925338745,0.9535,0.9535225012984776,0.16419477063290616,0.14000000059604645,1.8501038627421602,nan,nan
kmnist,topk_softmax_0125,6,19,0.1005321517586708,0.9561666666666667,0.956159341307228,0.15211848668912623,0.14000000059604645,1.8461835790187755,nan,nan
kmnist,topk_softmax_0125,6,20,0.09675511717796326,0.9484166666666667,0.9485784759519198,0.17948496024659338,0.14000000059604645,1.8442274332046509,nan,nan
kmnist,topk_softmax_0125,6,21,0.08814243227243423,0.95725,0.9573102583312961,0.15682718237029744,0.14000000059604645,1.847045952969409,nan,nan
kmnist,topk_softmax_0125,6,22,0.08760104328393936,0.9555833333333333,0.9555103848215918,0.15921415404436437,0.14000000059604645,1.8491462431055434,nan,nan
kmnist,topk_softmax_0125,6,23,0.08080654591321945,0.95625,0.9562586868572647,0.16170425744766884,0.14000000059604645,1.843507448409466,nan,nan
kmnist,topk_softmax_0125,6,24,0.07560768723487854,0.95725,0.9572365470064449,0.16091461915602076,0.14000000059604645,1.8489204125201448,nan,nan
kmnist,topk_softmax_0125,6,25,0.07721064239740372,0.9550833333333333,0.9550096243790047,0.16695181898614195,0.14000000059604645,1.8467792196476713,nan,nan
kmnist,topk_softmax_0125,6,26,0.0706138014793396,0.9570833333333333,0.957081052326455,0.16451357003856212,0.14000000059604645,1.8401473836695894,nan,nan
kmnist,topk_softmax_0125,7,0,1.4040335416793823,0.7523333333333333,0.7571894304379394,0.7837923613000424,0.14000000059604645,1.9288851162220568,nan,nan
kmnist,topk_softmax_0125,7,1,0.634893000125885,0.83275,0.8349227316273826,0.5152368995737522,0.14000000059604645,1.9177287563364556,nan,nan
kmnist,topk_softmax_0125,7,2,0.4775584936141968,0.8791666666666667,0.8798366788061646,0.3795024835048838,0.14000000059604645,1.9099395465343556,nan,nan
kmnist,topk_softmax_0125,7,3,0.3828750550746918,0.89875,0.8989963669402912,0.31834116831738896,0.14000000059604645,1.8992433852337776,nan,nan
kmnist,topk_softmax_0125,7,4,0.3313475549221039,0.9109166666666667,0.9110298673743055,0.2850323439912593,0.14000000059604645,1.8878570427285863,nan,nan
kmnist,topk_softmax_0125,7,5,0.2840889096260071,0.9144166666666667,0.9151565268216333,0.2689603009122483,0.14000000059604645,1.8829998107666666,nan,nan
kmnist,topk_softmax_0125,7,6,0.2542237639427185,0.925,0.9253441024131199,0.23709649069512145,0.14000000059604645,1.8711218212513214,nan,nan
kmnist,topk_softmax_0125,7,7,0.2304065078496933,0.9275833333333333,0.9280141160074322,0.22696852287713518,0.14000000059604645,1.8694164803687563,nan,nan
kmnist,topk_softmax_0125,7,8,0.20715934038162231,0.9324166666666667,0.9327805715626667,0.22105728169070912,0.14000000059604645,1.8618804647567424,nan,nan
kmnist,topk_softmax_0125,7,9,0.19041091203689575,0.9365833333333333,0.9366487108897881,0.1984288270803208,0.14000000059604645,1.8586410106496607,nan,nan
kmnist,topk_softmax_0125,7,10,0.17844487726688385,0.9410833333333334,0.9413004355495014,0.18763095298980145,0.14000000059604645,1.8559185317222109,nan,nan
kmnist,topk_softmax_0125,7,11,0.16493365168571472,0.9389166666666666,0.9390391478985862,0.19166680393700905,0.14000000059604645,1.8485145961984675,nan,nan
kmnist,topk_softmax_0125,7,12,0.15415127575397491,0.94525,0.9454160894954464,0.17364916110292394,0.14000000059604645,1.8499503338590582,nan,nan
kmnist,topk_softmax_0125,7,13,0.14534787833690643,0.9451666666666667,0.9452802913408241,0.1771837666313699,0.14000000059604645,1.8415397532442783,nan,nan
kmnist,topk_softmax_0125,7,14,0.132231205701828,0.9455,0.9456030503976767,0.18090760485923035,0.14000000059604645,1.842600682948498,nan,nan
kmnist,topk_softmax_0125,7,15,0.12861189246177673,0.947,0.9472875782852214,0.16638907140239756,0.14000000059604645,1.8414085608847597,nan,nan
kmnist,topk_softmax_0125,7,16,0.11900349706411362,0.9504166666666667,0.9507514119174338,0.16299520496358263,0.14000000059604645,1.8389648782446029,nan,nan
kmnist,topk_softmax_0125,7,17,0.11523313075304031,0.9495,0.9496415486345502,0.16876225078359564,0.14000000059604645,1.8341476536811667,nan,nan
kmnist,topk_softmax_0125,7,18,0.10845379531383514,0.9519166666666666,0.952062684132122,0.15995158841635318,0.14000000059604645,1.8351209429984396,nan,nan
kmnist,topk_softmax_0125,7,19,0.1041170060634613,0.9511666666666667,0.9512332445595287,0.1650240958688107,0.14000000059604645,1.8361802392817559,nan,nan
kmnist,topk_softmax_0125,7,20,0.09661845862865448,0.951,0.9510042219873664,0.16957442985570176,0.14000000059604645,1.8354909293195034,nan,nan
kmnist,topk_softmax_0125,7,21,0.09520608186721802,0.9531666666666667,0.9532322784368386,0.14962733346731105,0.14000000059604645,1.832419827897498,nan,nan
kmnist,topk_softmax_0125,7,22,0.09100204706192017,0.9501666666666667,0.9504082363091279,0.1669219730699316,0.14000000059604645,1.831495148070315,nan,nan
kmnist,topk_softmax_0125,7,23,0.0844477042555809,0.9548333333333333,0.955047826991923,0.15183036092748034,0.14000000059604645,1.8338289894956223,nan,nan
kmnist,topk_softmax_0125,7,24,0.08344196528196335,0.95625,0.9563302147000823,0.14675549338472652,0.14000000059604645,1.83427801538021,nan,nan
kmnist,topk_softmax_0125,7,25,0.07473687082529068,0.9581666666666667,0.958336207682551,0.14944498082424731,0.14000000059604645,1.8356789845101378,nan,nan
kmnist,topk_softmax_0125,7,26,0.07710957527160645,0.9504166666666667,0.9507681314399623,0.15620499928580953,0.14000000059604645,1.8304642832025568,nan,nan
kmnist,topk_softmax_0125,7,27,0.06951753050088882,0.9569166666666666,0.95710239824633,0.15148229231225682,0.14000000059604645,1.8360352402037763,nan,nan
kmnist,topk_softmax_0125,7,28,0.07478626817464828,0.959,0.9591641002457238,0.14967100036905168,0.14000000059604645,1.832522341545592,nan,nan
kmnist,topk_softmax_0125,7,29,0.07084079086780548,0.9565,0.9566435341423493,0.15168088341647007,0.14000000059604645,1.8296671218060432,nan,nan
kmnist,topk_softmax_0125,8,0,1.4118037223815918,0.7401666666666666,0.7393793326507844,0.7907334084206439,0.14000000059604645,1.9308809929705681,nan,nan
kmnist,topk_softmax_0125,8,1,0.6695307493209839,0.8209166666666666,0.8200310554715479,0.5492088566435144,0.14000000059604645,1.9089636193945052,nan,nan
kmnist,topk_softmax_0125,8,2,0.49636855721473694,0.8663333333333333,0.8664580278960827,0.4095435212267206,0.14000000059604645,1.8992353335339973,nan,nan
kmnist,topk_softmax_0125,8,3,0.39210304617881775,0.8901666666666667,0.8900615993074844,0.33806811114575,0.14000000059604645,1.8948266594967944,nan,nan
kmnist,topk_softmax_0125,8,4,0.3328878879547119,0.9088333333333334,0.9082669883618953,0.27948176385240353,0.14000000059604645,1.89260936037023,nan,nan
kmnist,topk_softmax_0125,8,5,0.29353317618370056,0.91675,0.9166546422622088,0.2615735239170967,0.14000000059604645,1.8893663705663477,nan,nan
kmnist,topk_softmax_0125,8,6,0.25213730335235596,0.9255,0.9255129403475681,0.22433124102176505,0.14000000059604645,1.8909661389411765,nan,nan
kmnist,topk_softmax_0125,8,7,0.23504792153835297,0.93025,0.9302482791095972,0.21814996067513812,0.14000000059604645,1.886596254845883,nan,nan
kmnist,topk_softmax_0125,8,8,0.20675376057624817,0.9379166666666666,0.937696614206464,0.19457119544769855,0.14000000059604645,1.8871537003111332,nan,nan
kmnist,topk_softmax_0125,8,9,0.1964729130268097,0.9411666666666667,0.9410333567243935,0.1843213749692795,0.14000000059604645,1.885261946536125,nan,nan
kmnist,topk_softmax_0125,8,10,0.1769760102033615,0.9436666666666667,0.9435992949350773,0.17388238884667132,0.14000000059604645,1.8812065745921844,nan,nan
kmnist,topk_softmax_0125,8,11,0.16181281208992004,0.9435833333333333,0.943237294346185,0.17561068591919352,0.14000000059604645,1.8834316362725927,nan,nan
kmnist,topk_softmax_0125,8,12,0.1550789326429367,0.94025,0.9399370833667255,0.18266558789826454,0.14000000059604645,1.8820007671701147,nan,nan
kmnist,topk_softmax_0125,8,13,0.1486842781305313,0.95025,0.9501700448345245,0.1602075325840331,0.14000000059604645,1.884317342271196,nan,nan
kmnist,topk_softmax_0125,8,14,0.1364988386631012,0.9515833333333333,0.9514450382506402,0.160409947342061,0.14000000059604645,1.8830139269220068,nan,nan
kmnist,topk_softmax_0125,8,15,0.12402097880840302,0.95175,0.9517245298716419,0.15288686181636565,0.14000000059604645,1.8832815847498305,nan,nan
kmnist,topk_softmax_0125,8,16,0.11744063347578049,0.9498333333333333,0.9497363794265915,0.16674946502168128,0.14000000059604645,1.8826182040762394,nan,nan
kmnist,topk_softmax_0125,8,17,0.11463729292154312,0.9571666666666667,0.9570894083694409,0.1402472848112279,0.14000000059604645,1.877319465292261,nan,nan
kmnist,topk_softmax_0125,8,18,0.11055494844913483,0.9551666666666667,0.955162705850387,0.1509799879599125,0.14000000059604645,1.8783147068733865,nan,nan
kmnist,topk_softmax_0125,8,19,0.10114242136478424,0.9565833333333333,0.9564338955931697,0.14304658786413518,0.14000000059604645,1.8748531366916412,nan,nan
kmnist,topk_softmax_0125,8,20,0.09544578939676285,0.9541666666666667,0.9539380358931797,0.15737729313525747,0.14000000059604645,1.8729436346825132,nan,nan
kmnist,topk_softmax_0125,8,21,0.09566944092512131,0.9570833333333333,0.9569171441445865,0.1401529465108476,0.14000000059604645,1.8690462924064475,nan,nan
kmnist,topk_softmax_0125,8,22,0.0880219042301178,0.9585833333333333,0.9584517975577473,0.1365414761165355,0.14000000059604645,1.8721415717551049,nan,nan
kmnist,topk_softmax_0125,8,23,0.08848977088928223,0.9585833333333333,0.9583267356301854,0.14463077453856774,0.14000000059604645,1.8697081018001476,nan,nan
kmnist,topk_softmax_0125,8,24,0.078909732401371,0.9626666666666667,0.9624646479911549,0.13284066906000705,0.14000000059604645,1.8690725514229307,nan,nan
kmnist,topk_softmax_0125,8,25,0.07905830442905426,0.9541666666666667,0.9541130006741148,0.15933669976731565,0.14000000059604645,1.8668064576514223,nan,nan
kmnist,topk_softmax_0125,8,26,0.07604607939720154,0.9608333333333333,0.9606100225758691,0.13961956261637362,0.14000000059604645,1.86858040221194,nan,nan
kmnist,topk_softmax_0125,8,27,0.07205716520547867,0.9594166666666667,0.9592184402342587,0.14634065108096345,0.14000000059604645,1.865125129831598,nan,nan
kmnist,topk_softmax_0125,8,28,0.07080274820327759,0.9581666666666667,0.9579516822474001,0.1476026881248393,0.14000000059604645,1.8606964286337508,nan,nan
kmnist,topk_softmax_0125,8,29,0.06731214374303818,0.9575833333333333,0.9575764544578951,0.14285247360772274,0.14000000059604645,1.860377328192934,nan,nan
kmnist,topk_softmax_0125,9,0,1.400786280632019,0.7745833333333333,0.7762699559503254,0.7091233235724429,0.14000000059604645,1.9224500186899875,nan,nan
kmnist,topk_softmax_0125,9,1,0.617649257183075,0.8311666666666667,0.8315126791356666,0.5054614023959383,0.14000000059604645,1.9184232709255624,nan,nan
kmnist,topk_softmax_0125,9,2,0.4615011215209961,0.8735,0.8752539582434018,0.39895708573625444,0.14000000059604645,1.9126349510030543,nan,nan
kmnist,topk_softmax_0125,9,3,0.3811091482639313,0.8975833333333333,0.8982410143020527,0.3216401512952561,0.14000000059604645,1.9036448141361804,nan,nan
kmnist,topk_softmax_0125,9,4,0.3190305233001709,0.9175,0.9180250197791574,0.2658918100468656,0.14000000059604645,1.8979502675381112,nan,nan
kmnist,topk_softmax_0125,9,5,0.2791047990322113,0.9258333333333333,0.926002031598198,0.24626469421893993,0.14000000059604645,1.8974605443629813,nan,nan
kmnist,topk_softmax_0125,9,6,0.24927549064159393,0.9234166666666667,0.9235434469764952,0.24268853062010826,0.14000000059604645,1.8877237451837419,nan,nan
kmnist,topk_softmax_0125,9,7,0.22173400223255157,0.9234166666666667,0.9232756883785695,0.24292810071021953,0.14000000059604645,1.885039712520356,nan,nan
kmnist,topk_softmax_0125,9,8,0.20343363285064697,0.9360833333333334,0.9362227672342964,0.20519309094611635,0.14000000059604645,1.8847275718729546,nan,nan
kmnist,topk_softmax_0125,9,9,0.19141192734241486,0.9390833333333334,0.9391677767282269,0.19519193850933236,0.14000000059604645,1.8770320250632915,nan,nan
kmnist,topk_softmax_0125,9,10,0.1704835295677185,0.94025,0.9408157208567223,0.1898842823315174,0.14000000059604645,1.8783783024929939,nan,nan
kmnist,topk_softmax_0125,9,11,0.1598474234342575,0.9405833333333333,0.9408737364693561,0.18904260260627626,0.14000000059604645,1.8762764360042328,nan,nan
kmnist,topk_softmax_0125,9,12,0.15371720492839813,0.9488333333333333,0.9490221654316887,0.17198377689148517,0.14000000059604645,1.8741528303065198,nan,nan
kmnist,topk_softmax_0125,9,13,0.14202535152435303,0.9448333333333333,0.9450627877372246,0.1795967457459328,0.14000000059604645,1.8699675024823939,nan,nan
kmnist,topk_softmax_0125,9,14,0.13306951522827148,0.9483333333333334,0.9484988973625397,0.174157996126946,0.14000000059604645,1.8661234556360449,nan,nan
kmnist,topk_softmax_0125,9,15,0.12645286321640015,0.9519166666666666,0.9520809631982152,0.15377719383290472,0.14000000059604645,1.8675634036672877,nan,nan
kmnist,topk_softmax_0125,9,16,0.11652972549200058,0.95,0.9501874918768083,0.1703239067437801,0.14000000059604645,1.866648346819776,nan,nan
kmnist,topk_softmax_0125,9,17,0.11917752027511597,0.9528333333333333,0.9530974496448799,0.1623927040937099,0.14000000059604645,1.8634681359250496,nan,nan
kmnist,topk_softmax_0125,9,18,0.10786540806293488,0.9534166666666667,0.9536425397840056,0.15748194129543103,0.14000000059604645,1.8657055192805352,nan,nan
kmnist,topk_softmax_0125,9,19,0.1068689152598381,0.9520833333333333,0.9524358626113225,0.1618247002046159,0.14000000059604645,1.8621613915930404,nan,nan
kmnist,topk_softmax_0125,9,20,0.09590937197208405,0.9526666666666667,0.9529109169608745,0.1632684128398591,0.14000000059604645,1.8601295136390847,nan,nan
kmnist,topk_softmax_0125,9,21,0.08862148970365524,0.9513333333333334,0.9516324836581915,0.17016167661294024,0.14000000059604645,1.8617240659734036,nan,nan
kmnist,topk_softmax_0125,9,22,0.09127732366323471,0.9534166666666667,0.953639553006003,0.15883734949091646,0.14000000059604645,1.8556831770754876,nan,nan
kmnist,topk_softmax_0125,9,23,0.08819345384836197,0.9484166666666667,0.94866240968441,0.17737624429641885,0.14000000059604645,1.8604053068668285,nan,nan
kmnist,topk_softmax_025,0,0,1.408103108406067,0.7706666666666667,0.7708085704642345,0.7201453815115259,0.25999999046325684,2.5418349124015647,nan,nan
kmnist,topk_softmax_025,0,1,0.5926176309585571,0.85675,0.8570036540261363,0.447549655082378,0.25999999046325684,2.5307717627667365,nan,nan
kmnist,topk_softmax_025,0,2,0.42066600918769836,0.8819166666666667,0.882167739630298,0.3634254108084009,0.25999999046325684,2.51412441121771,nan,nan
kmnist,topk_softmax_025,0,3,0.339824914932251,0.8999166666666667,0.9001375907638197,0.3089276520495719,0.25999999046325684,2.501913179742529,nan,nan
kmnist,topk_softmax_025,0,4,0.29031842947006226,0.9154166666666667,0.9153907128103833,0.26580208983827147,0.25999999046325684,2.496399334136476,nan,nan
kmnist,topk_softmax_025,0,5,0.24978049099445343,0.9271666666666667,0.9273893525514765,0.23129581200315597,0.25999999046325684,2.4850710934781013,nan,nan
kmnist,topk_softmax_025,0,6,0.22260206937789917,0.9316666666666666,0.9320326680167957,0.21320491585325688,0.25999999046325684,2.47827706184793,nan,nan
kmnist,topk_softmax_025,0,7,0.19717572629451752,0.9345,0.9344449960160761,0.2074374848223747,0.25999999046325684,2.4762260203665876,nan,nan
kmnist,topk_softmax_025,0,8,0.17860300838947296,0.9366666666666666,0.936935698796211,0.20012400251753787,0.25999999046325684,2.4712473509159496,nan,nan
kmnist,topk_softmax_025,0,9,0.1603451520204544,0.9458333333333333,0.9460100151477402,0.17654384149515884,0.25999999046325684,2.4665257651755153,nan,nan
kmnist,topk_softmax_025,0,10,0.14970014989376068,0.9469166666666666,0.9469624887070018,0.1721075950784886,0.25999999046325684,2.4676278804210905,nan,nan
kmnist,topk_softmax_025,0,11,0.1384386271238327,0.9475833333333333,0.947716271815773,0.16658867102988223,0.25999999046325684,2.4668236666537346,nan,nan
kmnist,topk_softmax_025,0,12,0.1288902312517166,0.9563333333333334,0.9564320945631956,0.1408198853122427,0.25999999046325684,2.46357861478278,nan,nan
kmnist,topk_softmax_025,0,13,0.12198623269796371,0.95025,0.950373603748577,0.15943491982018693,0.25999999046325684,2.457410229013321,nan,nan
kmnist,topk_softmax_025,0,14,0.11383497714996338,0.9513333333333334,0.9514457724129866,0.1560607543017002,0.25999999046325684,2.461255890257815,nan,nan
kmnist,topk_softmax_025,0,15,0.10460943728685379,0.9525833333333333,0.9526004452995833,0.1564262254123992,0.25999999046325684,2.4500046182186046,nan,nan
kmnist,topk_softmax_025,0,16,0.10068164020776749,0.9538333333333333,0.9538615528448761,0.14641226637870708,0.25999999046325684,2.455101771557585,nan,nan
kmnist,topk_softmax_025,0,17,0.09594831615686417,0.9538333333333333,0.9539236552023604,0.15384084937420298,0.25999999046325684,2.454626590647596,nan,nan
kmnist,topk_softmax_025,1,0,1.3967031240463257,0.7489166666666667,0.7483792011384288,0.7784563860994704,0.25999999046325684,2.541610337318258,nan,nan
kmnist,topk_softmax_025,1,1,0.6884586215019226,0.8170833333333334,0.8194558276795114,0.5564861589289726,0.25999999046325684,2.527624584258871,nan,nan
kmnist,topk_softmax_025,1,2,0.508581280708313,0.8754166666666666,0.8757291761375011,0.3990821857401665,0.25999999046325684,2.5199506663261575,nan,nan
kmnist,topk_softmax_025,1,3,0.39938971400260925,0.88825,0.8888348759760719,0.3514472411033955,0.25999999046325684,2.512227436329456,nan,nan
kmnist,topk_softmax_025,1,4,0.33314719796180725,0.9091666666666667,0.9092671892410804,0.294299305119413,0.25999999046325684,2.508918216887941,nan,nan
kmnist,topk_softmax_025,1,5,0.2915506362915039,0.9219166666666667,0.9221190624118704,0.2500645978019593,0.25999999046325684,2.5047292430350123,nan,nan
kmnist,topk_softmax_025,1,6,0.2577452063560486,0.9228333333333333,0.9232210586106351,0.2448271947338226,0.25999999046325684,2.5018381412993085,nan,nan
kmnist,topk_softmax_025,1,7,0.23005267977714539,0.93125,0.9312233015935389,0.21973071009554762,0.25999999046325684,2.4980165755495114,nan,nan
kmnist,topk_softmax_025,1,8,0.20702345669269562,0.93825,0.9380934594219947,0.20051217633993068,0.25999999046325684,2.4908673788638827,nan,nan
kmnist,topk_softmax_025,1,9,0.18534910678863525,0.9475833333333333,0.9476117803000763,0.17122120045601052,0.25999999046325684,2.489789143521735,nan,nan
kmnist,topk_softmax_025,1,10,0.17235857248306274,0.9503333333333334,0.9504465229583708,0.16111234559657725,0.25999999046325684,2.4889307275731514,nan,nan
kmnist,topk_softmax_025,1,11,0.16410347819328308,0.95025,0.9503331762672032,0.16032049234243148,0.25999999046325684,2.4855982268110233,nan,nan
kmnist,topk_softmax_025,1,12,0.15191598236560822,0.9478333333333333,0.9480512218683412,0.17247885227837462,0.25999999046325684,2.4795970460201833,nan,nan
kmnist,topk_softmax_025,1,13,0.1384996473789215,0.9551666666666667,0.9552061645123462,0.14983490093591365,0.25999999046325684,2.478560363992732,nan,nan
kmnist,topk_softmax_025,1,14,0.12958940863609314,0.95525,0.95531979987847,0.14814492473576932,0.25999999046325684,2.478150555428038,nan,nan
kmnist,topk_softmax_025,1,15,0.12460920214653015,0.9559166666666666,0.9561410353051295,0.15037866721444942,0.25999999046325684,2.4756730059359935,nan,nan
kmnist,topk_softmax_025,1,16,0.11630939692258835,0.9566666666666667,0.9567340159330383,0.14727532609980157,0.25999999046325684,2.4742251888234565,nan,nan
kmnist,topk_softmax_025,1,17,0.11020984500646591,0.9619166666666666,0.9620106492554203,0.13379793408069204,0.25999999046325684,2.46866534872258,nan,nan
kmnist,topk_softmax_025,1,18,0.09834680706262589,0.9610833333333333,0.9610975680874849,0.1341422862036431,0.25999999046325684,2.4629433510151317,nan,nan
kmnist,topk_softmax_025,1,19,0.09635033458471298,0.9613333333333334,0.9614362307075733,0.13389556625104965,0.25999999046325684,2.4619953657718416,nan,nan
kmnist,topk_softmax_025,1,20,0.09156932681798935,0.9630833333333333,0.9631122463555515,0.13129284977912903,0.25999999046325684,2.463191369746594,nan,nan
kmnist,topk_softmax_025,1,21,0.08160745352506638,0.9625,0.9625332514904891,0.1298508989684125,0.25999999046325684,2.4629499531806784,nan,nan
kmnist,topk_softmax_025,1,22,0.08651949465274811,0.9631666666666666,0.9632478568357701,0.13513531551716176,0.25999999046325684,2.4535050468241915,nan,nan
kmnist,topk_softmax_025,1,23,0.08029478043317795,0.9639166666666666,0.9640333262925337,0.13333706335818513,0.25999999046325684,2.4621505179303758,nan,nan
kmnist,topk_softmax_025,1,24,0.0794452428817749,0.9621666666666666,0.9622696173243238,0.13349019981762197,0.25999999046325684,2.463077740466341,nan,nan
kmnist,topk_softmax_025,1,25,0.07283056527376175,0.9609166666666666,0.9609084290256298,0.1404236578877936,0.25999999046325684,2.4617254023856305,nan,nan
kmnist,topk_softmax_025,1,26,0.06942784786224365,0.9600833333333333,0.960137220725293,0.14050655843729667,0.25999999046325684,2.4528963210734913,nan,nan
kmnist,topk_softmax_025,1,27,0.06886140257120132,0.96325,0.9633321388179258,0.13518913423127316,0.25999999046325684,2.4538701417598316,nan,nan
kmnist,topk_softmax_025,1,28,0.06356468051671982,0.96225,0.962416350561344,0.13776674042356776,0.25999999046325684,2.461042908912009,nan,nan
kmnist,topk_softmax_025,2,0,1.4650152921676636,0.7479166666666667,0.7492148442300266,0.7857822598295009,0.25999999046325684,2.54871023208537,nan,nan
kmnist,topk_softmax_025,2,1,0.6727277040481567,0.83675,0.8362245815365273,0.5182910669357219,0.25999999046325684,2.536310928933164,nan,nan
kmnist,topk_softmax_025,2,2,0.4873884618282318,0.8619166666666667,0.8615613157721128,0.44190812744992847,0.25999999046325684,2.526273970908307,nan,nan
kmnist,topk_softmax_025,2,3,0.38729196786880493,0.9008333333333334,0.900999023940174,0.31732189845531544,0.25999999046325684,2.520671491927289,nan,nan
kmnist,topk_softmax_025,2,4,0.32035160064697266,0.9044166666666666,0.9049984919654499,0.3046966147549609,0.25999999046325684,2.5189474719635983,nan,nan
kmnist,topk_softmax_025,2,5,0.27388083934783936,0.92375,0.9239020860005551,0.25265402743156923,0.25999999046325684,2.507986056043747,nan,nan
kmnist,topk_softmax_025,2,6,0.2426685243844986,0.9305,0.9305333905634636,0.22914147852583133,0.25999999046325684,2.5096624404826064,nan,nan
kmnist,topk_softmax_025,2,7,0.22065381705760956,0.9345833333333333,0.9346656965932791,0.20987914566029894,0.25999999046325684,2.5035440642782985,nan,nan
kmnist,topk_softmax_025,2,8,0.1950567066669464,0.9438333333333333,0.9441118198566197,0.18556324804716923,0.25999999046325684,2.4922133861704077,nan,nan
kmnist,topk_softmax_025,2,9,0.1777249276638031,0.9436666666666667,0.9437664474368729,0.180414080778335,0.25999999046325684,2.4900129830583615,nan,nan
kmnist,topk_softmax_025,2,10,0.16073033213615417,0.9474166666666667,0.9476986376126362,0.17187945259378312,0.25999999046325684,2.488766797045444,nan,nan
kmnist,topk_softmax_025,2,11,0.14864546060562134,0.9470833333333334,0.9473288222681591,0.17180125827484943,0.25999999046325684,2.4871356943820384,nan,nan
kmnist,topk_softmax_025,2,12,0.1384212076663971,0.9523333333333334,0.9524748647515521,0.15681258271983328,0.25999999046325684,2.4834056407847305,nan,nan
kmnist,topk_softmax_025,2,13,0.12895680963993073,0.9556666666666667,0.9558302544705602,0.14622666544102608,0.25999999046325684,2.4795201205192727,nan,nan
kmnist,topk_softmax_025,2,14,0.11848695576190948,0.954,0.9542030399446736,0.15352627159433163,0.25999999046325684,2.4801900538992374,nan,nan
kmnist,topk_softmax_025,2,15,0.11076219379901886,0.9523333333333334,0.9525773954223478,0.15421003055699328,0.25999999046325684,2.4773240393780647,nan,nan
kmnist,topk_softmax_025,2,16,0.10494092106819153,0.9564166666666667,0.9566134316444007,0.15177505907226116,0.25999999046325684,2.472851793816749,nan,nan
kmnist,topk_softmax_025,2,17,0.10021572560071945,0.9596666666666667,0.9598615560040464,0.14209488509817325,0.25999999046325684,2.471674493018617,nan,nan
kmnist,topk_softmax_025,2,18,0.09629278630018234,0.96075,0.9609539706255704,0.14497878402471542,0.25999999046325684,2.469751018158933,nan,nan
kmnist,topk_softmax_025,2,19,0.09010209888219833,0.9603333333333334,0.9604089173922106,0.13944308126860477,0.25999999046325684,2.4702585428319077,nan,nan
kmnist,topk_softmax_025,2,20,0.08834648877382278,0.9583333333333334,0.9585649713544994,0.14917942691356578,0.25999999046325684,2.470503733513203,nan,nan
kmnist,topk_softmax_025,2,21,0.07753905653953552,0.9591666666666666,0.9592262054331385,0.1459088569625895,0.25999999046325684,2.471161964091849,nan,nan
kmnist,topk_softmax_025,2,22,0.0732634961605072,0.9608333333333333,0.9610395859799254,0.14532355853217713,0.25999999046325684,2.4711996088636683,nan,nan
kmnist,topk_softmax_025,2,23,0.07601726055145264,0.96075,0.9609114914406828,0.13851668860049957,0.25999999046325684,2.466609904106627,nan,nan
kmnist,topk_softmax_025,2,24,0.06670872867107391,0.9585,0.9587752619284627,0.15132645057870986,0.25999999046325684,2.4701914736565125,nan,nan
kmnist,topk_softmax_025,2,25,0.06790279597043991,0.95875,0.9589882492882887,0.15650008222524156,0.25999999046325684,2.4600628690516695,nan,nan
kmnist,topk_softmax_025,2,26,0.06370322406291962,0.9625833333333333,0.9627496292613289,0.14290950455247087,0.25999999046325684,2.462786040407546,nan,nan
kmnist,topk_softmax_025,2,27,0.06679333001375198,0.963,0.963062660173857,0.13592863590159315,0.25999999046325684,2.459622286735697,nan,nan
kmnist,topk_softmax_025,2,28,0.05895843356847763,0.9610833333333333,0.9611984363277152,0.14070511942214153,0.25999999046325684,2.471979803227364,nan,nan
kmnist,topk_softmax_025,2,29,0.059530626982450485,0.9594166666666667,0.959487305398112,0.15775226175468018,0.25999999046325684,2.460035760351952,nan,nan
kmnist,topk_softmax_025,3,0,1.474416971206665,0.745,0.7418273889439047,0.8020897824713524,0.25999999046325684,2.5503512950653726,nan,nan
kmnist,topk_softmax_025,3,1,0.6694408059120178,0.8263333333333334,0.8254286937544142,0.5375195304129986,0.25999999046325684,2.543532206657085,nan,nan
kmnist,topk_softmax_025,3,2,0.47481414675712585,0.867,0.8670047886972704,0.42394884976934877,0.25999999046325684,2.540147109234587,nan,nan
kmnist,topk_softmax_025,3,3,0.37042954564094543,0.8965,0.8963744154678108,0.32694391906261444,0.25999999046325684,2.5336994896543787,nan,nan
kmnist,topk_softmax_025,3,4,0.3075525760650635,0.9108333333333334,0.9106713538451487,0.27840707276729826,0.25999999046325684,2.528348017246165,nan,nan
kmnist,topk_softmax_025,3,5,0.2674693465232849,0.92125,0.9213599906688679,0.24847063707544448,0.25999999046325684,2.5206446115006793,nan,nan
kmnist,topk_softmax_025,3,6,0.23409204185009003,0.9285,0.9284033014444418,0.2271781421088158,0.25999999046325684,2.520030041958423,nan,nan
kmnist,topk_softmax_025,3,7,0.21305933594703674,0.9369166666666666,0.9369919093271903,0.1983553519908418,0.25999999046325684,2.5153031044817986,nan,nan
kmnist,topk_softmax_025,3,8,0.18624626100063324,0.9445,0.944630109298463,0.17999900909180336,0.25999999046325684,2.5087289099997663,nan,nan
kmnist,topk_softmax_025,3,9,0.1686847060918808,0.947,0.9469562990735432,0.16914004911767674,0.25999999046325684,2.512006500934033,nan,nan
kmnist,topk_softmax_025,3,10,0.1540267914533615,0.9505833333333333,0.9506382904392838,0.16397564033878612,0.25999999046325684,2.507113550571685,nan,nan
kmnist,topk_softmax_025,3,11,0.14301101863384247,0.95,0.9501485478498376,0.1642644519501544,0.25999999046325684,2.502174197359288,nan,nan
kmnist,topk_softmax_025,3,12,0.1342335343360901,0.9504166666666667,0.9503291328133402,0.16524333697050175,0.25999999046325684,2.5034385133296886,nan,nan
kmnist,topk_softmax_025,3,13,0.1212136447429657,0.9548333333333333,0.9547830020734975,0.15212654369942685,0.25999999046325684,2.500336654642795,nan,nan
kmnist,topk_softmax_025,3,14,0.11817330867052078,0.95875,0.9587252749932584,0.14006749286930611,0.25999999046325684,2.4977868262757648,nan,nan
kmnist,topk_softmax_025,3,15,0.10933510214090347,0.9585833333333333,0.9585961416045559,0.13994630870032818,0.25999999046325684,2.5015103791622404,nan,nan
kmnist,topk_softmax_025,3,16,0.10405042767524719,0.96175,0.9617491810024958,0.13049961230222215,0.25999999046325684,2.494805888926729,nan,nan
kmnist,topk_softmax_025,3,17,0.09907440841197968,0.9600833333333333,0.9601018750698289,0.14169423868681522,0.25999999046325684,2.49407981558049,nan,nan
kmnist,topk_softmax_025,3,18,0.08978487551212311,0.95925,0.9592604143991164,0.13703999367166073,0.25999999046325684,2.4966336336541683,nan,nan
kmnist,topk_softmax_025,3,19,0.08814623951911926,0.95975,0.9597461464908094,0.1358109400310415,0.25999999046325684,2.4932035562839916,nan,nan
kmnist,topk_softmax_025,3,20,0.0890912339091301,0.9611666666666666,0.9611112457628674,0.13163997264618568,0.25999999046325684,2.492465506208704,nan,nan
kmnist,topk_softmax_025,3,21,0.0811648964881897,0.9599166666666666,0.9598693724895373,0.1435388778435423,0.25999999046325684,2.4910726851605354,nan,nan
kmnist,topk_softmax_025,4,0,1.4682576656341553,0.7405833333333334,0.7384374287157466,0.7957027655966739,0.25999999046325684,2.549171818063614,nan,nan
kmnist,topk_softmax_025,4,1,0.6735055446624756,0.81825,0.819745030195801,0.5603442667646611,0.25999999046325684,2.533919154329503,nan,nan
kmnist,topk_softmax_025,4,2,0.48813799023628235,0.8723333333333333,0.8736446400204544,0.39472775129561727,0.25999999046325684,2.5064420649345887,nan,nan
kmnist,topk_softmax_025,4,3,0.3851403594017029,0.8868333333333334,0.8872685060817693,0.3495217736097092,0.25999999046325684,2.4893657704617116,nan,nan
kmnist,topk_softmax_025,4,4,0.32472196221351624,0.9146666666666666,0.9145748632539845,0.2745125541027556,0.25999999046325684,2.483694829839341,nan,nan
kmnist,topk_softmax_025,4,5,0.278413325548172,0.9208333333333333,0.9213116465266301,0.24668677499953737,0.25999999046325684,2.472355325171288,nan,nan
kmnist,topk_softmax_025,4,6,0.24041305482387543,0.92525,0.9255740511851809,0.23062583265152384,0.25999999046325684,2.4680503023431655,nan,nan
kmnist,topk_softmax_025,4,7,0.2219047248363495,0.93675,0.9366275260146428,0.2076356014672746,0.25999999046325684,2.464089132369833,nan,nan
kmnist,topk_softmax_025,4,8,0.19832193851470947,0.9415,0.9415073780139354,0.1850508876303409,0.25999999046325684,2.458121616789635,nan,nan
kmnist,topk_softmax_025,4,9,0.18118415772914886,0.9368333333333333,0.9369272865380662,0.1960680530743396,0.25999999046325684,2.4488013830590756,nan,nan
kmnist,topk_softmax_025,4,10,0.16793310642242432,0.9414166666666667,0.9412948966823272,0.1785799318805654,0.25999999046325684,2.455513804516894,nan,nan
kmnist,topk_softmax_025,4,11,0.15693406760692596,0.949,0.9490275983094755,0.16371508656030007,0.25999999046325684,2.4468242335826793,nan,nan
kmnist,topk_softmax_025,4,12,0.14322763681411743,0.9510833333333333,0.9510323398685866,0.15723687442059212,0.25999999046325684,2.4509594262914454,nan,nan
kmnist,topk_softmax_025,4,13,0.13203164935112,0.95425,0.9542080322159361,0.14937033282315476,0.25999999046325684,2.4442768528106367,nan,nan
kmnist,topk_softmax_025,4,14,0.1249450147151947,0.9504166666666667,0.9503790201079731,0.16063298348416674,0.25999999046325684,2.4477632806656207,nan,nan
kmnist,topk_softmax_025,4,15,0.11899491399526596,0.9588333333333333,0.9588230589629937,0.13949052498061607,0.25999999046325684,2.4450800672490547,nan,nan
kmnist,topk_softmax_025,4,16,0.1136109009385109,0.9566666666666667,0.9565976996117037,0.14272658273260644,0.25999999046325684,2.4412943048680082,nan,nan
kmnist,topk_softmax_025,4,17,0.10936152189970016,0.9588333333333333,0.9588163782546477,0.13968018870404425,0.25999999046325684,2.4490124722744557,nan,nan
kmnist,topk_softmax_025,4,18,0.10347940027713776,0.9615833333333333,0.9614964264873367,0.12839677176894027,0.25999999046325684,2.443323792295253,nan,nan
kmnist,topk_softmax_025,4,19,0.09893298149108887,0.9590833333333333,0.9589244507317571,0.13664936226733188,0.25999999046325684,2.4408575702220836,nan,nan
kmnist,topk_softmax_025,4,20,0.09210043400526047,0.9573333333333334,0.9572773040499719,0.14330394740434402,0.25999998634165905,2.445047713340597,nan,nan
kmnist,topk_softmax_025,4,21,0.09052281081676483,0.9599166666666666,0.9598222281581611,0.13871540287707715,0.25999999046325684,2.437194154617634,nan,nan
kmnist,topk_softmax_025,4,22,0.08436156809329987,0.9595,0.9594145811311968,0.13787086942094437,0.25999998634165905,2.4342880223659757,nan,nan
kmnist,topk_softmax_025,4,23,0.0795816108584404,0.95975,0.9596394995180555,0.14343673101765045,0.25999999046325684,2.4327600509562393,nan,nan
kmnist,topk_softmax_025,5,0,1.420807123184204,0.7700833333333333,0.7681390883191057,0.7181902629263858,0.25999999046325684,2.536798636964027,nan,nan
kmnist,topk_softmax_025,5,1,0.6328122615814209,0.8493333333333334,0.8485716666714591,0.487024316762356,0.25999999046325684,2.5270502820928047,nan,nan
kmnist,topk_softmax_025,5,2,0.4775901138782501,0.8760833333333333,0.8760131290250592,0.39712007882747247,0.25999999046325684,2.524845518964402,nan,nan
kmnist,topk_softmax_025,5,3,0.38260534405708313,0.8911666666666667,0.8910759172965805,0.35280355937937474,0.25999999046325684,2.521561457755718,nan,nan
kmnist,topk_softmax_025,5,4,0.33087819814682007,0.9118333333333334,0.911908801193916,0.27527307703139936,0.25999999046325684,2.519544875368159,nan,nan
kmnist,topk_softmax_025,5,5,0.28202784061431885,0.9075833333333333,0.9077655059733735,0.29520106981409355,0.25999999046325684,2.517226759423601,nan,nan
kmnist,topk_softmax_025,5,6,0.25731784105300903,0.9215,0.9214319733164251,0.24668488286911172,0.25999999046325684,2.5162525709639203,nan,nan
kmnist,topk_softmax_025,5,7,0.23069237172603607,0.9298333333333333,0.9297664308211226,0.23161286400987746,0.25999999046325684,2.511263479577734,nan,nan
kmnist,topk_softmax_025,5,8,0.21313953399658203,0.9308333333333333,0.9305259745698328,0.2174098713600889,0.25999999046325684,2.5095307547995387,nan,nan
kmnist,topk_softmax_025,5,9,0.19491231441497803,0.94025,0.9401492096087207,0.19764236757095824,0.25999999046325684,2.5068948370345097,nan,nan
kmnist,topk_softmax_025,5,10,0.18359313905239105,0.93275,0.9327138545728826,0.21726315199060642,0.25999999046325684,2.5080928929308626,nan,nan
kmnist,topk_softmax_025,5,11,0.1679268777370453,0.9450833333333334,0.9449019161358899,0.18075861686721761,0.25999999046325684,2.501640167642147,nan,nan
kmnist,topk_softmax_025,5,12,0.1563117355108261,0.9445833333333333,0.9445570609311442,0.1796009824314016,0.25999999046325684,2.498934200469484,nan,nan
kmnist,topk_softmax_025,5,13,0.14253389835357666,0.9476666666666667,0.9474912684030826,0.17390085249505144,0.25999999046325684,2.4977651555487452,nan,nan
kmnist,topk_softmax_025,5,14,0.13289137184619904,0.95,0.949860340015096,0.17151432833138933,0.25999999046325684,2.4954388065541044,nan,nan
kmnist,topk_softmax_025,5,15,0.13114628195762634,0.9520833333333333,0.951971556719187,0.16073867963983657,0.25999999046325684,2.491762163791251,nan,nan
kmnist,topk_softmax_025,5,16,0.11921126395463943,0.95675,0.9566059368532244,0.14917943801017516,0.25999999046325684,2.491560979092375,nan,nan
kmnist,topk_softmax_025,5,17,0.11587700247764587,0.956,0.9558511044631951,0.14881243810374686,0.25999999046325684,2.4850702590130744,nan,nan
kmnist,topk_softmax_025,5,18,0.10996288806200027,0.953,0.9529391066865471,0.1581652023373766,0.25999999046325684,2.489403445669945,nan,nan
kmnist,topk_softmax_025,5,19,0.10355223715305328,0.95925,0.9591324768246798,0.1464522400117935,0.25999999046325684,2.483276549805986,nan,nan
kmnist,topk_softmax_025,5,20,0.10092286765575409,0.9595,0.9593557833601306,0.13665070305479335,0.25999999046325684,2.4787886852913714,nan,nan
kmnist,topk_softmax_025,5,21,0.0947040393948555,0.9580833333333333,0.958004934813367,0.1494603491526969,0.25999999046325684,2.482522964477539,nan,nan
kmnist,topk_softmax_025,5,22,0.08592269569635391,0.9605,0.9604294959142144,0.13985187179864722,0.25999999046325684,2.477639733476842,nan,nan
kmnist,topk_softmax_025,5,23,0.08259941637516022,0.9536666666666667,0.9535718630373724,0.15949901145823459,0.25999999046325684,2.478655092259671,nan,nan
kmnist,topk_softmax_025,5,24,0.08877364546060562,0.95975,0.9596000372148856,0.14003183756102908,0.25999999046325684,2.4746101206921516,nan,nan
kmnist,topk_softmax_025,5,25,0.08044062554836273,0.9591666666666666,0.9590595247060287,0.14192885968913424,0.25999999046325684,2.474806032282241,nan,nan
kmnist,topk_softmax_025,5,26,0.07246268540620804,0.9575,0.9573536951443943,0.14919118741725354,0.25999999046325684,2.4700286591306644,nan,nan
kmnist,topk_softmax_025,5,27,0.07079383730888367,0.9600833333333333,0.9599368607274046,0.1411681095970438,0.25999999046325684,2.4690530097230954,nan,nan
kmnist,topk_softmax_025,6,0,1.3910739421844482,0.74,0.7386621906334268,0.8095183981225845,0.25999999046325684,2.545278381794057,nan,nan
kmnist,topk_softmax_025,6,1,0.650246262550354,0.8475833333333334,0.8480461126294309,0.48283644749763166,0.25999999046325684,2.529835875998152,nan,nan
kmnist,topk_softmax_025,6,2,0.4782472550868988,0.8616666666666667,0.8617338680883991,0.4288003400285193,0.25999999046325684,2.520524413027662,nan,nan
kmnist,topk_softmax_025,6,3,0.382809042930603,0.9014166666666666,0.9014396217464128,0.31658297016265546,0.25999999046325684,2.514606678739507,nan,nan
kmnist,topk_softmax_025,6,4,0.3263728618621826,0.90325,0.9044260119822856,0.3054229217640897,0.25999999046325684,2.5093815301326994,nan,nan
kmnist,topk_softmax_025,6,5,0.2897814214229584,0.9153333333333333,0.9155398912967962,0.2699957892615744,0.25999999046325684,2.5012239293849214,nan,nan
kmnist,topk_softmax_025,6,6,0.25207826495170593,0.9273333333333333,0.9276468032754327,0.23394520358836396,0.25999999046325684,2.494045490914203,nan,nan
kmnist,topk_softmax_025,6,7,0.23010984063148499,0.9263333333333333,0.9264000128683303,0.24187137757210023,0.25999999046325684,2.4911124959905098,nan,nan
kmnist,topk_softmax_025,6,8,0.20961152017116547,0.936,0.9358684355916577,0.20838023738024083,0.25999999046325684,2.4825719468137053,nan,nan
kmnist,topk_softmax_025,6,9,0.1889553815126419,0.933,0.9330480104430953,0.21139558991219135,0.25999999046325684,2.4829118124982146,nan,nan
kmnist,topk_softmax_025,6,10,0.1802653670310974,0.944,0.9440686128605529,0.18551345090282725,0.25999999046325684,2.474832278616885,nan,nan
kmnist,topk_softmax_025,6,11,0.15886589884757996,0.9466666666666667,0.9468308557761821,0.1753122625832862,0.25999999046325684,2.471410994834088,nan,nan
kmnist,topk_softmax_025,6,12,0.14916495978832245,0.9460833333333334,0.9460514277757506,0.16941776966795008,0.25999999046325684,2.470501813482731,nan,nan
kmnist,topk_softmax_025,6,13,0.13624829053878784,0.9500833333333333,0.9500644992659737,0.16162316104833116,0.25999999046325684,2.464322990559517,nan,nan
kmnist,topk_softmax_025,6,14,0.1305677741765976,0.9516666666666667,0.9518410373088042,0.15899099346171033,0.25999999046325684,2.4649635959178844,nan,nan
kmnist,topk_softmax_025,6,15,0.12199727445840836,0.95325,0.9532909741087764,0.1539168880974993,0.25999999046325684,2.4640285664416375,nan,nan
kmnist,topk_softmax_025,6,16,0.11629266291856766,0.944,0.9441398393017495,0.17956481826432208,0.25999999046325684,2.4652009872680014,nan,nan
kmnist,topk_softmax_025,6,17,0.11139341443777084,0.9561666666666667,0.9563689617632798,0.14759042716406762,0.25999999046325684,2.460522994082025,nan,nan
kmnist,topk_softmax_025,6,18,0.10621679574251175,0.9566666666666667,0.9567199199533647,0.14745316939785125,0.25999999046325684,2.460039691722139,nan,nan
kmnist,topk_softmax_025,6,19,0.09750375896692276,0.9579166666666666,0.9580764248914045,0.15076316893100739,0.25999999046325684,2.4597393046034144,nan,nan
kmnist,topk_softmax_025,6,20,0.09600917994976044,0.9525,0.9525928831073323,0.1524497093038356,0.25999999046325684,2.451861576831087,nan,nan
kmnist,topk_softmax_025,6,21,0.09231708198785782,0.9594166666666667,0.9594539813153183,0.14546685079310803,0.25999999046325684,2.456559893932748,nan,nan
kmnist,topk_softmax_025,6,22,0.08246077597141266,0.9579166666666666,0.9579081231653959,0.14241482689976692,0.25999999046325684,2.4462933996890452,nan,nan
kmnist,topk_softmax_025,6,23,0.08172902464866638,0.9573333333333334,0.9573512325716452,0.1495393544752547,0.25999999046325684,2.4524189842508193,nan,nan
kmnist,topk_softmax_025,6,24,0.07776564359664917,0.9593333333333334,0.959461540144174,0.14156718068617455,0.25999999046325684,2.450323627350178,nan,nan
kmnist,topk_softmax_025,6,25,0.07322750985622406,0.9623333333333334,0.9623597621083428,0.13832438768858604,0.25999999046325684,2.4514922943521054,nan,nan
kmnist,topk_softmax_025,6,26,0.06980956345796585,0.959,0.9590558586529407,0.14878444183380046,0.25999999046325684,2.4514122592641954,nan,nan
kmnist,topk_softmax_025,6,27,0.06997290253639221,0.9596666666666667,0.9596854014607625,0.14939750001785604,0.25999999046325684,2.4455540383115726,nan,nan
kmnist,topk_softmax_025,6,28,0.06487433612346649,0.9600833333333333,0.9600672944818207,0.14166608254643195,0.25999999046325684,2.445638988880401,nan,nan
kmnist,topk_softmax_025,6,29,0.06544461846351624,0.9613333333333334,0.9614341368857712,0.14536007144983779,0.25999999046325684,2.4433690867525466,nan,nan
kmnist,topk_softmax_025,7,0,1.4349881410598755,0.7588333333333334,0.7603660079637208,0.748741310961703,0.25999999046325684,2.5172878351617367,nan,nan
kmnist,topk_softmax_025,7,1,0.6421841382980347,0.8393333333333334,0.8404126749836214,0.4887963298787462,0.25999999046325684,2.518421660078333,nan,nan
kmnist,topk_softmax_025,7,2,0.4709397554397583,0.8745833333333334,0.8753080688073661,0.38105929658768023,0.25999999046325684,2.5184709924332638,nan,nan
kmnist,topk_softmax_025,7,3,0.38136470317840576,0.887,0.8874480308610722,0.3511631368322575,0.25999999046325684,2.516338863271348,nan,nan
kmnist,topk_softmax_025,7,4,0.3260316252708435,0.8960833333333333,0.8966615905711585,0.3149858253433349,0.25999999046325684,2.5099134521281465,nan,nan
kmnist,topk_softmax_025,7,5,0.28417137265205383,0.9175,0.918140640801723,0.26006046159470336,0.25999999046325684,2.5085629833505507,nan,nan
kmnist,topk_softmax_025,7,6,0.2531377971172333,0.9261666666666667,0.9263588726983472,0.231154979543483,0.25999999046325684,2.5034618453776583,nan,nan
kmnist,topk_softmax_025,7,7,0.22826449573040009,0.9240833333333334,0.9243417351732844,0.2376015487503498,0.25999999046325684,2.4978094303861575,nan,nan
kmnist,topk_softmax_025,7,8,0.2082826942205429,0.938,0.9381493279928342,0.19231246189868195,0.25999999046325684,2.493696925487924,nan,nan
kmnist,topk_softmax_025,7,9,0.18761606514453888,0.9355,0.9357812932023117,0.19505766715775144,0.25999999046325684,2.4911042248949093,nan,nan
kmnist,topk_softmax_025,7,10,0.17746178805828094,0.9421666666666667,0.9424022828800597,0.1843969000780836,0.25999999046325684,2.4820833865632403,nan,nan
kmnist,topk_softmax_025,7,11,0.1603478491306305,0.9469166666666666,0.9470371658336847,0.16846169198447086,0.25999999046325684,2.4732929873973766,nan,nan
kmnist,topk_softmax_025,7,12,0.1511850357055664,0.94625,0.9462865300811032,0.17224672658646362,0.25999999046325684,2.4695598850858973,nan,nan
kmnist,topk_softmax_025,7,13,0.14739090204238892,0.9458333333333333,0.9461260016548729,0.17395904390735828,0.25999999046325684,2.466155209439866,nan,nan
kmnist,topk_softmax_025,7,14,0.1358572393655777,0.9518333333333333,0.9520680917017694,0.15680831559795014,0.25999999046325684,2.4581102741525527,nan,nan
kmnist,topk_softmax_025,7,15,0.12481502443552017,0.9495833333333333,0.949709008776105,0.1595218669860921,0.25999999046325684,2.455018718191918,nan,nan
kmnist,topk_softmax_025,7,16,0.12235903739929199,0.9520833333333333,0.9521743508194526,0.1534181425863124,0.25999999046325684,2.4517938583455186,nan,nan
kmnist,topk_softmax_025,7,17,0.11191685497760773,0.95175,0.9519072375073272,0.15116613849680474,0.25999999046325684,2.4477430125500295,nan,nan
kmnist,topk_softmax_025,7,18,0.10383998602628708,0.96,0.9601613548127901,0.1336135520262921,0.25999999046325684,2.448229723788322,nan,nan
kmnist,topk_softmax_025,7,19,0.09960534423589706,0.9555833333333333,0.9557454791950102,0.14563182456062196,0.25999999046325684,2.44348946784405,nan,nan
kmnist,topk_softmax_025,7,20,0.09767269343137741,0.95925,0.9593867223126218,0.13818468090067518,0.25999999046325684,2.4420855577955853,nan,nan
kmnist,topk_softmax_025,7,21,0.09043963998556137,0.956,0.9559586505827979,0.15031532673759662,0.25999999046325684,2.439421795784159,nan,nan
kmnist,topk_softmax_025,7,22,0.08883403986692429,0.9595833333333333,0.9596647916275904,0.13756478451033857,0.25999999046325684,2.4357798023426787,nan,nan
kmnist,topk_softmax_025,7,23,0.08551990240812302,0.9575,0.9576218339146644,0.14649949191098519,0.25999999046325684,2.4300116528855993,nan,nan
kmnist,topk_softmax_025,8,0,1.5057319402694702,0.69725,0.6939271196119392,0.8909357989088018,0.25999999046325684,2.5182944967391645,nan,nan
kmnist,topk_softmax_025,8,1,0.6984536647796631,0.8296666666666667,0.8311318822244205,0.5324037417452386,0.25999999046325684,2.504200390044679,nan,nan
kmnist,topk_softmax_025,8,2,0.5033255815505981,0.8753333333333333,0.8743792207814906,0.3941387191731879,0.25999999046325684,2.500856303154154,nan,nan
kmnist,topk_softmax_025,8,3,0.3947092592716217,0.8940833333333333,0.8943856663645597,0.3321573753306206,0.25999999046325684,2.500348537526232,nan,nan
kmnist,topk_softmax_025,8,4,0.32750746607780457,0.9081666666666667,0.9079802142970859,0.28433136990729796,0.25999999046325684,2.494078831469759,nan,nan
kmnist,topk_softmax_025,8,5,0.2808733284473419,0.916,0.9158527093040721,0.2630300829385189,0.25999999046325684,2.491893689683143,nan,nan
kmnist,topk_softmax_025,8,6,0.24720990657806396,0.9280833333333334,0.9279907074116511,0.2248939129900425,0.25999999046325684,2.491653947120017,nan,nan
kmnist,topk_softmax_025,8,7,0.22150500118732452,0.93475,0.9343917025092153,0.21110508828721147,0.25999999046325684,2.4914575688382414,nan,nan
kmnist,topk_softmax_025,8,8,0.19903500378131866,0.9410833333333334,0.9409533436333399,0.18958907939018088,0.25999999046325684,2.4862061865786287,nan,nan
kmnist,topk_softmax_025,8,9,0.18752199411392212,0.9463333333333334,0.9461512380637009,0.18120076951194317,0.25999999046325684,2.4778036335681346,nan,nan
kmnist,topk_softmax_025,8,10,0.1697314828634262,0.95075,0.9506270129472572,0.15700185679374856,0.25999999046325684,2.476471723394191,nan,nan
kmnist,topk_softmax_025,8,11,0.15326091647148132,0.9359166666666666,0.9355871820154202,0.20719780883890518,0.25999999046325684,2.474978287169274,nan,nan
kmnist,topk_softmax_025,8,12,0.1409061700105667,0.9519166666666666,0.9517468105353893,0.15653076252721726,0.25999999046325684,2.4813056981309933,nan,nan
kmnist,topk_softmax_025,8,13,0.13456588983535767,0.9490833333333333,0.9488860519661296,0.1693641557655436,0.25999999046325684,2.475145289238463,nan,nan
kmnist,topk_softmax_025,8,14,0.12300891429185867,0.9555,0.9553381111671971,0.15075777360099427,0.25999999046325684,2.470342981054428,nan,nan
kmnist,topk_softmax_025,8,15,0.11822205036878586,0.9570833333333333,0.9570230058377988,0.14411694017496515,0.25999999046325684,2.4682070524134536,nan,nan
kmnist,topk_softmax_025,8,16,0.1104804202914238,0.9594166666666667,0.9592375901338602,0.13968498497567278,0.25999999046325684,2.4591641806541604,nan,nan
kmnist,topk_softmax_025,8,17,0.10319335013628006,0.95775,0.9576597211262001,0.14350971103982724,0.25999999046325684,2.4646951797160694,nan,nan
kmnist,topk_softmax_025,8,18,0.10151100903749466,0.95775,0.9575909811027538,0.1428455781746418,0.25999999046325684,2.460348907937395,nan,nan
kmnist,topk_softmax_025,8,19,0.0923515185713768,0.9596666666666667,0.9595609214984957,0.1387181357341878,0.25999999046325684,2.463790969645723,nan,nan
kmnist,topk_softmax_025,8,20,0.09193660318851471,0.96125,0.9611985149221859,0.1333688370724942,0.25999999046325684,2.4618951944594687,nan,nan
kmnist,topk_softmax_025,8,21,0.088490329682827,0.9594166666666667,0.9593328059821589,0.13573690583097173,0.25999999046325684,2.4631087019088422,nan,nan
kmnist,topk_softmax_025,8,22,0.08355405181646347,0.96125,0.961128587370425,0.1325180763576893,0.25999999046325684,2.456218255327103,nan,nan
kmnist,topk_softmax_025,8,23,0.07256624102592468,0.96125,0.9612758212057375,0.13749280453045318,0.25999999046325684,2.457020637836862,nan,nan
kmnist,topk_softmax_025,8,24,0.070561483502388,0.961,0.9609621075465442,0.14004541196404618,0.25999999046325684,2.456333667673963,nan,nan
kmnist,topk_softmax_025,8,25,0.06856167316436768,0.96325,0.9632005311384315,0.13243099413019546,0.25999999046325684,2.4604461979358754,nan,nan
kmnist,topk_softmax_025,8,26,0.07129610329866409,0.9634166666666667,0.9632824800333515,0.1362647737594361,0.25999999046325684,2.450646235587749,nan,nan
kmnist,topk_softmax_025,8,27,0.06813317537307739,0.96325,0.9631649561895577,0.1410663053393364,0.25999999046325684,2.4532313270771757,nan,nan
kmnist,topk_softmax_025,8,28,0.06280798465013504,0.96125,0.961165743712652,0.1467561663940866,0.25999999046325684,2.4497917560820883,nan,nan
kmnist,topk_softmax_025,8,29,0.05880781635642052,0.9651666666666666,0.9650808161268456,0.1319019987069546,0.25999999046325684,2.454050513024026,nan,nan
kmnist,topk_softmax_025,9,0,1.4735678434371948,0.7504166666666666,0.750992055960522,0.7661224223197775,0.25999999046325684,2.527505040168762,nan,nan
kmnist,topk_softmax_025,9,1,0.6301397085189819,0.8405,0.8401641524530655,0.4929506157306915,0.25999999046325684,2.5097978089718107,nan,nan
kmnist,topk_softmax_025,9,2,0.467332661151886,0.8626666666666667,0.8645825672731806,0.42019063424556813,0.25999999046325684,2.5052635162434678,nan,nan
kmnist,topk_softmax_025,9,3,0.3761827051639557,0.8985833333333333,0.8990606360340502,0.31248471394498295,0.25999999046325684,2.501892051798232,nan,nan
kmnist,topk_softmax_025,9,4,0.31709030270576477,0.9111666666666667,0.9117450106447214,0.28049411133248753,0.25999999046325684,2.496037021596381,nan,nan
kmnist,topk_softmax_025,9,5,0.27715620398521423,0.9186666666666666,0.9183690541709197,0.2561334954931381,0.25999999046325684,2.492246300616163,nan,nan
kmnist,topk_softmax_025,9,6,0.25152119994163513,0.9224166666666667,0.9228337403081774,0.24475151522362487,0.25999999046325684,2.490482320176794,nan,nan
kmnist,topk_softmax_025,9,7,0.22743026912212372,0.9243333333333333,0.9245761670833001,0.2344829500355619,0.25999999046325684,2.4866285958188645,nan,nan
kmnist,topk_softmax_025,9,8,0.20024541020393372,0.9343333333333333,0.9347016551334818,0.2073396491877576,0.25999999046325684,2.486029348474868,nan,nan
kmnist,topk_softmax_025,9,9,0.1862030029296875,0.9426666666666667,0.9427172809228062,0.1842077301537737,0.25999999046325684,2.4894704996271337,nan,nan
kmnist,topk_softmax_025,9,10,0.17130006849765778,0.9431666666666667,0.9432819718785226,0.18217940454153306,0.25999999046325684,2.486332391170745,nan,nan
kmnist,topk_softmax_025,9,11,0.15797825157642365,0.94625,0.9463945040908543,0.17465231646882726,0.25999999046325684,2.480017776184894,nan,nan
kmnist,topk_softmax_025,9,12,0.1480572670698166,0.9468333333333333,0.9469775503250968,0.1705649510977116,0.25999999046325684,2.480712573579017,nan,nan
kmnist,topk_softmax_025,9,13,0.13915188610553741,0.956,0.9561097857154351,0.14842692936988586,0.25999999046325684,2.4781826759906527,nan,nan
kmnist,topk_softmax_025,9,14,0.12908782064914703,0.9456666666666667,0.9457786706087534,0.17827256515305093,0.25999999046325684,2.478380117010563,nan,nan
kmnist,topk_softmax_025,9,15,0.12240153551101685,0.9534166666666667,0.9536300462229184,0.14454703239050318,0.25999999046325684,2.4780733788267093,nan,nan
kmnist,topk_softmax_025,9,16,0.11840417981147766,0.9498333333333333,0.9498386263413838,0.1623450111835561,0.25999999046325684,2.4740275930851063,nan,nan
kmnist,topk_softmax_025,9,17,0.11050087958574295,0.9571666666666667,0.9573010786235947,0.1470752499522047,0.25999999046325684,2.4731387711585837,nan,nan
kmnist,topk_softmax_025,9,18,0.10437216609716415,0.9521666666666667,0.9522532772478234,0.1548813245397933,0.25999999046325684,2.473413459798123,nan,nan
kmnist,topk_softmax_025,9,19,0.09812252968549728,0.9560833333333333,0.9561888273281735,0.14398838563802394,0.25999999046325684,2.4773708125378224,nan,nan
kmnist,topk_softmax_025,9,20,0.09480280429124832,0.95475,0.9548937274881716,0.15062343027997524,0.25999999046325684,2.474911332130432,nan,nan
kmnist,topk_softmax_025,9,21,0.08743041008710861,0.9575,0.9576898085999502,0.14464012359050996,0.25999999046325684,2.473300477291675,nan,nan
kmnist,topk_softmax_025,9,22,0.08607565611600876,0.9591666666666666,0.9594015885036876,0.14030948328845044,0.25999999046325684,2.4632271376061947,nan,nan
kmnist,topk_softmax_025,9,23,0.08466632664203644,0.9559166666666666,0.955995854354744,0.14740029310292385,0.25999999046325684,2.4690093867322234,nan,nan
kmnist,topk_softmax_025,9,24,0.07328440994024277,0.96125,0.9613897346452556,0.1353423999662095,0.25999999046325684,2.4665810098039342,nan,nan
kmnist,topk_softmax_025,9,25,0.07968472689390182,0.9596666666666667,0.9597264469760682,0.14159962416012237,0.25999999046325684,2.4612670401309398,nan,nan
kmnist,topk_softmax_025,9,26,0.07483972609043121,0.9604166666666667,0.9605201167348772,0.1380756234234952,0.25999999046325684,2.455452518260225,nan,nan
kmnist,topk_softmax_025,9,27,0.07051226496696472,0.959,0.9591537358688536,0.1399204854635482,0.25999999046325684,2.457048126991759,nan,nan
kmnist,topk_softmax_025,9,28,0.0679849311709404,0.9623333333333334,0.962443811584739,0.1414263089920612,0.25999999046325684,2.4559118494074395,nan,nan
kmnist,topk_softmax_025,9,29,0.06423380225896835,0.9583333333333334,0.9585618101841924,0.1540453242177659,0.25999999046325684,2.4612354192327945,nan,nan
kmnist,topk_softmax_05,0,0,1.6077717542648315,0.7005,0.7034297170984491,0.9205080296130891,0.5,3.1821134267969335,nan,nan
kmnist,topk_softmax_05,0,1,0.757010281085968,0.8214166666666667,0.8219632019520713,0.5591530736456526,0.5,3.170309107354347,nan,nan
kmnist,topk_softmax_05,0,2,0.5324620604515076,0.8595833333333334,0.860108520107406,0.44099357851008153,0.5,3.162396692215128,nan,nan
kmnist,topk_softmax_05,0,3,0.4293205142021179,0.8821666666666667,0.8828669493514594,0.36856464058794874,0.5,3.151649401542988,nan,nan
kmnist,topk_softmax_05,0,4,0.3628532588481903,0.9050833333333334,0.905186818910473,0.29478043254385605,0.5,3.143470883369446,nan,nan
kmnist,topk_softmax_05,0,5,0.3113427758216858,0.9131666666666667,0.9133755077657393,0.2728155905261953,0.5,3.136158780848726,nan,nan
kmnist,topk_softmax_05,0,6,0.271786630153656,0.9225,0.9227687052267022,0.24873507942291015,0.5,3.1283098332425383,nan,nan
kmnist,topk_softmax_05,0,7,0.23767641186714172,0.9245,0.924698902288392,0.23110562594647102,0.5,3.122733138977213,nan,nan
kmnist,topk_softmax_05,0,8,0.21755759418010712,0.9315,0.9320173278885994,0.218359999834223,0.5,3.113285315797684,nan,nan
kmnist,topk_softmax_05,0,9,0.19573503732681274,0.9385833333333333,0.9389503959190689,0.19243110938275115,0.5,3.108522153915243,nan,nan
kmnist,topk_softmax_05,0,10,0.17224670946598053,0.9368333333333333,0.9370239501464568,0.20741162464973775,0.5,3.1033344877527114,nan,nan
kmnist,topk_softmax_05,0,11,0.16869643330574036,0.9454166666666667,0.9456412994804626,0.169657105936649,0.5,3.0937582761683364,nan,nan
kmnist,topk_softmax_05,0,12,0.15325671434402466,0.9506666666666667,0.9508055580455178,0.15832079629948798,0.5,3.0944983071469245,nan,nan
kmnist,topk_softmax_05,0,13,0.1441950798034668,0.94775,0.9477682886585967,0.17149324635875987,0.5,3.090812201195575,nan,nan
kmnist,topk_softmax_05,0,14,0.13343395292758942,0.9518333333333333,0.9520838449972437,0.15204325889019257,0.5,3.0821753106218703,nan,nan
kmnist,topk_softmax_05,0,15,0.12633559107780457,0.9560833333333333,0.9561243228425675,0.14312444246829825,0.5,3.0804743107329022,nan,nan
kmnist,topk_softmax_05,0,16,0.12076356261968613,0.9568333333333333,0.9569256488674969,0.1370006338395971,0.5,3.0773136235297995,nan,nan
kmnist,topk_softmax_05,0,17,0.1122816950082779,0.9580833333333333,0.958081916541602,0.13847633530484868,0.5,3.077675017904728,nan,nan
kmnist,topk_softmax_05,0,18,0.10116302222013474,0.9626666666666667,0.9626745141947664,0.12619656498761886,0.5,3.0811823707945805,nan,nan
kmnist,topk_softmax_05,0,19,0.09413761645555496,0.9553333333333334,0.9553513622382954,0.14467740645433994,0.5,3.07290415053672,nan,nan
kmnist,topk_softmax_05,0,20,0.09430187195539474,0.9580833333333333,0.9580792943589425,0.13985001216543483,0.5,3.0787806282652186,nan,nan
kmnist,topk_softmax_05,0,21,0.0865979790687561,0.96175,0.9617472844667067,0.1280943546840485,0.5,3.0764144354678216,nan,nan
kmnist,topk_softmax_05,0,22,0.08448068052530289,0.9610833333333333,0.9611267986696547,0.1370940127588333,0.5,3.0734041802426604,nan,nan
kmnist,topk_softmax_05,0,23,0.08104047179222107,0.9625833333333333,0.9626332601703147,0.12830735410147526,0.5,3.0656365384446813,nan,nan
kmnist,topk_softmax_05,1,0,1.4929821491241455,0.7483333333333333,0.7502386215108728,0.7871926325432798,0.5,3.167764493759642,nan,nan
kmnist,topk_softmax_05,1,1,0.7128875255584717,0.8136666666666666,0.8165685903377617,0.5948667602336153,0.5,3.109302102251256,nan,nan
kmnist,topk_softmax_05,1,2,0.5356221795082092,0.8653333333333333,0.86584157285584,0.4201261299721738,0.5,3.087389530019557,nan,nan
kmnist,topk_softmax_05,1,3,0.4266492426395416,0.886,0.8862714138196083,0.35241811453027927,0.5,3.0827878028788467,nan,nan
kmnist,topk_softmax_05,1,4,0.3505399525165558,0.90125,0.9013028360256012,0.3157939099250956,0.5,3.077509124228295,nan,nan
kmnist,topk_softmax_05,1,5,0.3080495595932007,0.917,0.9172699154638406,0.25546806353203794,0.5,3.0845445293061275,nan,nan
kmnist,topk_softmax_05,1,6,0.27170413732528687,0.9180833333333334,0.9188158762476301,0.25356350268455263,0.5,3.080355390589288,nan,nan
kmnist,topk_softmax_05,1,7,0.24164259433746338,0.9295,0.9295599361512403,0.21531903616925505,0.5,3.0800636296576642,nan,nan
kmnist,topk_softmax_05,1,8,0.22292199730873108,0.9381666666666667,0.938119001388001,0.19041498195617756,0.5,3.0760597371040506,nan,nan
kmnist,topk_softmax_05,1,9,0.20254552364349365,0.9393333333333334,0.9393472959195798,0.18791614900878134,0.5,3.0760842713903873,nan,nan
kmnist,topk_softmax_05,1,10,0.1908489167690277,0.9424166666666667,0.9425567203114641,0.1763303241831191,0.5,3.0763034896647676,nan,nan
kmnist,topk_softmax_05,1,11,0.17446984350681305,0.9465,0.9464920817031409,0.1666800822032259,0.5,3.0743426084518433,nan,nan
kmnist,topk_softmax_05,1,12,0.15970033407211304,0.9473333333333334,0.9473796936861192,0.1666063850230359,0.5,3.0732920347376074,nan,nan
kmnist,topk_softmax_05,1,13,0.152573361992836,0.9505,0.9505960326863736,0.1561773622289617,0.5,3.073591224690701,nan,nan
kmnist,topk_softmax_05,1,14,0.14026577770709991,0.9535,0.9535122552848614,0.14854198012580264,0.5,3.0727829806348113,nan,nan
kmnist,topk_softmax_05,1,15,0.13637445867061615,0.9520833333333333,0.9520086977266112,0.15176289243266938,0.5,3.0710383704368103,nan,nan
kmnist,topk_softmax_05,1,16,0.12855423986911774,0.9550833333333333,0.9551532024982489,0.14432623110553053,0.5,3.072519193304346,nan,nan
kmnist,topk_softmax_05,1,17,0.11574029922485352,0.95475,0.9548589182255321,0.14730830997862715,0.5,3.0771553034478045,nan,nan
kmnist,topk_softmax_05,1,18,0.1120157241821289,0.9553333333333334,0.9554838421582288,0.14637108765383985,0.5,3.078030449278811,nan,nan
kmnist,topk_softmax_05,1,19,0.10519549995660782,0.956,0.9559325645721681,0.13828920208393258,0.5,3.0760205933388245,nan,nan
kmnist,topk_softmax_05,1,20,0.10096531361341476,0.96025,0.9603184507017148,0.13492651505673187,0.5,3.072368378334857,nan,nan
kmnist,topk_softmax_05,1,21,0.09839098155498505,0.9606666666666667,0.9607150770669577,0.13281620404821762,0.5,3.0689634287610965,nan,nan
kmnist,topk_softmax_05,1,22,0.09334449470043182,0.9583333333333334,0.9583409809050089,0.14186858100459931,0.5,3.0639341942807463,nan,nan
kmnist,topk_softmax_05,1,23,0.09563592821359634,0.96275,0.9627766523348805,0.12497399160836606,0.5,3.0645564084357404,nan,nan
kmnist,topk_softmax_05,1,24,0.08224453032016754,0.9634166666666667,0.9634406294574476,0.1312968743608353,0.5,3.0743218254535756,nan,nan
kmnist,topk_softmax_05,1,25,0.08559630811214447,0.96325,0.9632697711242768,0.13150566467579375,0.5,3.0734619257297924,nan,nan
kmnist,topk_softmax_05,1,26,0.0766274631023407,0.9643333333333334,0.9642668541955958,0.1232650912505515,0.5,3.0656301823068173,nan,nan
kmnist,topk_softmax_05,1,27,0.07419244945049286,0.9679166666666666,0.9679299139415958,0.11783517104514102,0.5,3.076673299708265,nan,nan
kmnist,topk_softmax_05,1,28,0.07303177565336227,0.9625,0.9626129984125775,0.12999102631781964,0.5,3.071709965137725,nan,nan
kmnist,topk_softmax_05,1,29,0.06694688647985458,0.9635833333333333,0.9635168924814673,0.13305673225128906,0.5,3.0689626374143235,nan,nan
kmnist,topk_softmax_05,2,0,1.5764559507369995,0.70225,0.7005186889919162,0.9137221587465164,0.5,3.176768871063882,nan,nan
kmnist,topk_softmax_05,2,1,0.7197796106338501,0.81025,0.810958487290752,0.584870178648766,0.5,3.173797924467858,nan,nan
kmnist,topk_softmax_05,2,2,0.524605929851532,0.8451666666666666,0.8466937417466811,0.48531874570440736,0.5,3.1674324755973005,nan,nan
kmnist,topk_softmax_05,2,3,0.42073389887809753,0.8876666666666667,0.8881495823227912,0.35744843362493717,0.5,3.148202322899027,nan,nan
kmnist,topk_softmax_05,2,4,0.3460393249988556,0.89275,0.8935620589119777,0.3421133214488943,0.5,3.138938043979888,nan,nan
kmnist,topk_softmax_05,2,5,0.30015698075294495,0.9121666666666667,0.9123085357955547,0.2891060801896643,0.5,3.135260379060786,nan,nan
kmnist,topk_softmax_05,2,6,0.2609919309616089,0.9198333333333333,0.919936069375846,0.25342670400091943,0.5,3.129109022465158,nan,nan
kmnist,topk_softmax_05,2,7,0.23803012073040009,0.93225,0.9323739471773432,0.22232416842846162,0.5,3.119958773572394,nan,nan
kmnist,topk_softmax_05,2,8,0.21016716957092285,0.9299166666666666,0.9304500529803414,0.22143255110750806,0.5,3.123763051438839,nan,nan
kmnist,topk_softmax_05,2,9,0.19194582104682922,0.934,0.9344727842112059,0.2145499365126833,0.5,3.120547332662217,nan,nan
kmnist,topk_softmax_05,2,10,0.1803751289844513,0.9409166666666666,0.9410884635972725,0.19415445530668218,0.5,3.1132179726945592,nan,nan
kmnist,topk_softmax_05,2,11,0.16151703894138336,0.9400833333333334,0.9401455346979987,0.19706424087920088,0.5,3.1124950368353663,nan,nan
kmnist,topk_softmax_05,2,12,0.15341214835643768,0.9445833333333333,0.9448352713813524,0.18515577991592122,0.5,3.1026797218525664,nan,nan
kmnist,topk_softmax_05,2,13,0.1402466744184494,0.94825,0.9484373702387309,0.1766612742175447,0.5,3.1052294817376644,nan,nan
kmnist,topk_softmax_05,2,14,0.13230936229228973,0.9509166666666666,0.951206125681854,0.16250022310525813,0.5,3.105516930843921,nan,nan
kmnist,topk_softmax_05,2,15,0.1255142241716385,0.9555833333333333,0.9558101135704626,0.15186770672493793,0.5,3.1052473529856255,nan,nan
kmnist,topk_softmax_05,2,16,0.11513988673686981,0.9469166666666666,0.9470925882800237,0.17750995194024227,0.5,3.1008518655249415,nan,nan
kmnist,topk_softmax_05,2,17,0.10773251205682755,0.9556666666666667,0.9558966004375868,0.1560537095399613,0.5,3.098374239941861,nan,nan
kmnist,topk_softmax_05,2,18,0.10257277637720108,0.9565833333333333,0.9567677271036731,0.1508506937546933,0.5,3.0986191414772195,nan,nan
kmnist,topk_softmax_05,2,19,0.09805834293365479,0.9586666666666667,0.9587001931302588,0.14586239958063085,0.5,3.095973717405441,nan,nan
kmnist,topk_softmax_05,2,20,0.09591781347990036,0.95525,0.9553719064036595,0.15525520941678514,0.5,3.0973094524221216,nan,nan
kmnist,topk_softmax_05,2,21,0.08916022628545761,0.95875,0.9588363333680661,0.14932926482659706,0.5,3.088196891419431,nan,nan
kmnist,topk_softmax_05,2,22,0.08411578088998795,0.95775,0.958010481251309,0.16237840278351562,0.5,3.0833978551499386,nan,nan
kmnist,topk_softmax_05,2,23,0.08405531197786331,0.9633333333333334,0.9634096638541623,0.13586515101029517,0.5,3.08710115513903,nan,nan
kmnist,topk_softmax_05,2,24,0.07305159419775009,0.95825,0.9583196485444789,0.15265551859394033,0.5,3.085143999850496,nan,nan
kmnist,topk_softmax_05,2,25,0.0714544951915741,0.9575833333333333,0.9577641524715949,0.1559786985212184,0.5,3.0865405062411693,nan,nan
kmnist,topk_softmax_05,2,26,0.07140409201383591,0.95825,0.958456590974375,0.15694844802009297,0.5,3.0830462993459498,nan,nan
kmnist,topk_softmax_05,2,27,0.06970559805631638,0.96175,0.9618952978648723,0.1429600512727778,0.5,3.0802863963106843,nan,nan
kmnist,topk_softmax_05,2,28,0.06430788338184357,0.9618333333333333,0.9618780344897238,0.14605901715286235,0.5,3.0787558378057276,nan,nan
kmnist,topk_softmax_05,3,0,1.5808089971542358,0.704,0.7010570758570641,0.8998318377961504,0.5,3.1896658704635943,nan,nan
kmnist,topk_softmax_05,3,1,0.7133206129074097,0.8280833333333333,0.8276873208873099,0.5429035247640407,0.5,3.1689406785559147,nan,nan
kmnist,topk_softmax_05,3,2,0.5238580107688904,0.8516666666666667,0.8517033484414975,0.4576014692478992,0.5,3.1632796424500484,nan,nan
kmnist,topk_softmax_05,3,3,0.4108920991420746,0.8805833333333334,0.8801630608951789,0.3735384034349563,0.5,3.153321770911521,nan,nan
kmnist,topk_softmax_05,3,4,0.3404903709888458,0.9038333333333334,0.903911019046743,0.3006216436624527,0.5,3.1533095988821476,nan,nan
kmnist,topk_softmax_05,3,5,0.28876715898513794,0.9151666666666667,0.9151014739344037,0.2700033061047818,0.5,3.1443809397677156,nan,nan
kmnist,topk_softmax_05,3,6,0.25445690751075745,0.9256666666666666,0.9257521152545918,0.23339042194346163,0.5,3.141285650273587,nan,nan
kmnist,topk_softmax_05,3,7,0.23123276233673096,0.92525,0.9253887019190727,0.23162638158240217,0.5,3.1375716442757464,nan,nan
kmnist,topk_softmax_05,3,8,0.21008864045143127,0.9306666666666666,0.930745481264806,0.22069346968163836,0.5,3.134750876020878,nan,nan
kmnist,topk_softmax_05,3,9,0.18705494701862335,0.9436666666666667,0.9437021423889556,0.178813340023477,0.5,3.131123218130558,nan,nan
kmnist,topk_softmax_05,3,10,0.1718456894159317,0.9460833333333334,0.9460276611550922,0.17329550566191368,0.5,3.127753288187879,nan,nan
kmnist,topk_softmax_05,3,11,0.1596372425556183,0.9459166666666666,0.9460412168108506,0.17438883461216662,0.5,3.126041734472234,nan,nan
kmnist,topk_softmax_05,3,12,0.15128934383392334,0.9505,0.9503563591026436,0.16239022067252626,0.5,3.121339316063739,nan,nan
kmnist,topk_softmax_05,3,13,0.1396798938512802,0.9535,0.9535311964511559,0.14956854585003346,0.5,3.120325342137763,nan,nan
kmnist,topk_softmax_05,3,14,0.13242676854133606,0.954,0.9541257555673305,0.14840674130840503,0.5,3.1162718356923853,nan,nan
kmnist,topk_softmax_05,3,15,0.11795641481876373,0.95575,0.9556243177369698,0.14876636846902522,0.5,3.1158458222734167,nan,nan
kmnist,topk_softmax_05,3,16,0.11290571838617325,0.9539166666666666,0.9539617177564994,0.15006064972344865,0.5,3.113196862504837,nan,nan
kmnist,topk_softmax_05,3,17,0.11103954166173935,0.9578333333333333,0.9578953902373399,0.14690818590052585,0.5,3.114110396263447,nan,nan
kmnist,topk_softmax_05,3,18,0.10207591950893402,0.9584166666666667,0.9583391171283774,0.14401710762622508,0.5,3.113232077436244,nan,nan
kmnist,topk_softmax_05,3,19,0.09716782718896866,0.9590833333333333,0.959083651378795,0.1364538052931745,0.5,3.111979312085091,nan,nan
kmnist,topk_softmax_05,3,20,0.09317517280578613,0.962,0.962019304987642,0.13288321425306035,0.5,3.1117926836013794,nan,nan
kmnist,topk_softmax_05,3,21,0.08926866948604584,0.9618333333333333,0.9618952936183662,0.13334408529261324,0.5,3.1079665599985327,nan,nan
kmnist,topk_softmax_05,3,22,0.08513490110635757,0.96,0.9599688089319235,0.13853301472486335,0.5,3.105786123174302,nan,nan
kmnist,topk_softmax_05,3,23,0.0829153060913086,0.96,0.9600069253717154,0.14652788290318022,0.5,3.104539582069884,nan,nan
kmnist,topk_softmax_05,3,24,0.07600396871566772,0.9625,0.9625496863927235,0.13341518491506577,0.5,3.1012527562202292,nan,nan
kmnist,topk_softmax_05,3,25,0.0736159160733223,0.9619166666666666,0.9620096822624167,0.13938408868109925,0.5,3.1075530660913344,nan,nan
kmnist,topk_softmax_05,3,26,0.0687006488442421,0.9676666666666667,0.9676727006916979,0.11767836874152751,0.5,3.103713202983775,nan,nan
kmnist,topk_softmax_05,3,27,0.06620810925960541,0.96175,0.9617471034618594,0.13927644015626706,0.5,3.1047623056046505,nan,nan
kmnist,topk_softmax_05,3,28,0.06558208167552948,0.9648333333333333,0.96487486419335,0.12928867086451104,0.5,3.095253071886428,nan,nan
kmnist,topk_softmax_05,3,29,0.06497438997030258,0.9585,0.9586787496685952,0.14505481513890814,0.5,3.1033048756579134,nan,nan
kmnist,topk_softmax_05,4,0,1.5626837015151978,0.7429166666666667,0.7428328368115417,0.8180284893259089,0.5,3.1843424655021506,nan,nan
kmnist,topk_softmax_05,4,1,0.7187979221343994,0.8153333333333334,0.8181490905925985,0.5796538597725808,0.5,3.1488249961366046,nan,nan
kmnist,topk_softmax_05,4,2,0.525460958480835,0.8689166666666667,0.8695414400584014,0.4140113566784149,0.5,3.1290349478417254,nan,nan
kmnist,topk_softmax_05,4,3,0.42302417755126953,0.8881666666666667,0.888607446803254,0.3485518050320605,0.5,3.102119430582574,nan,nan
kmnist,topk_softmax_05,4,4,0.35247382521629333,0.8991666666666667,0.8982575782775578,0.31165855362060224,0.5,3.083307535090345,nan,nan
kmnist,topk_softmax_05,4,5,0.3049390912055969,0.9194166666666667,0.9195744782604723,0.2579152206791208,0.5,3.074502064826641,nan,nan
kmnist,topk_softmax_05,4,6,0.26559150218963623,0.924,0.9243241406518237,0.24801833610585394,0.5,3.07439194587951,nan,nan
kmnist,topk_softmax_05,4,7,0.23957058787345886,0.9285,0.9285540085620033,0.22726574857184229,0.49999999524431027,3.065621256828308,nan,nan
kmnist,topk_softmax_05,4,8,0.216081902384758,0.9415,0.941285951242014,0.18654074488168068,0.5,3.070133856002321,nan,nan
kmnist,topk_softmax_05,4,9,0.1928735375404358,0.9359166666666666,0.9362417180068917,0.200099489948851,0.49999998604997675,3.0548127534541676,nan,nan
kmnist,topk_softmax_05,4,10,0.1770627647638321,0.9455833333333333,0.945463537447389,0.1689841167089787,0.5,3.075290175194436,nan,nan
kmnist,topk_softmax_05,4,11,0.16313324868679047,0.94575,0.9457703147421401,0.1694517197444084,0.49999982467357146,3.0652566438025617,nan,nan
kmnist,topk_softmax_05,4,12,0.14964409172534943,0.95325,0.9530337072295765,0.14807058173291227,0.5,3.066172039255183,nan,nan
kmnist,topk_softmax_05,4,13,0.1380639225244522,0.9539166666666666,0.9538964819340497,0.15039444897086063,0.49999986430431936,3.0619349454311613,nan,nan
kmnist,topk_softmax_05,4,14,0.1252884566783905,0.9561666666666667,0.9560674848780971,0.1409806949978179,0.5,3.0676140379398427,nan,nan
kmnist,topk_softmax_05,4,15,0.1202637329697609,0.9569166666666666,0.9568211781359341,0.14447911258073562,0.5,3.054615101915725,nan,nan
kmnist,topk_softmax_05,4,16,0.1137574315071106,0.95925,0.9591852562968336,0.13430567799096413,0.4999999870011147,3.0509666229816195,nan,nan
kmnist,topk_softmax_05,4,17,0.10766462981700897,0.9571666666666667,0.9570882323289915,0.13510758176128915,0.5,3.0496638480653155,nan,nan
kmnist,topk_softmax_05,4,18,0.10136254876852036,0.9609166666666666,0.9608731237730019,0.12974301424432308,0.4999999911227125,3.0543238102121557,nan,nan
kmnist,topk_softmax_05,4,19,0.09090157598257065,0.9643333333333334,0.9642350432084811,0.12183854990500084,0.4999996093993491,3.0484167895418532,nan,nan
kmnist,topk_softmax_05,4,20,0.09249337762594223,0.9625,0.9625059282533028,0.12488770849527196,0.4999999955613562,3.055260939800993,nan,nan
kmnist,topk_softmax_05,4,21,0.086733378469944,0.9628333333333333,0.9627408485259565,0.12183296934087226,0.49999974794844365,3.043557567799345,nan,nan
kmnist,topk_softmax_05,4,22,0.08124560117721558,0.9645833333333333,0.9644548500438548,0.11526465947006612,0.4999980457285617,3.0411049279760807,nan,nan
kmnist,topk_softmax_05,4,23,0.07680688053369522,0.9584166666666667,0.9583323165402635,0.13690242076173742,0.49999981864969784,3.046746586231475,nan,nan
kmnist,topk_softmax_05,4,24,0.07027316093444824,0.9623333333333334,0.9623326968199588,0.13450935578092615,0.499999815162192,3.0432892124703588,nan,nan
kmnist,topk_softmax_05,4,25,0.07250986248254776,0.9644166666666667,0.9643938764466575,0.12130873959432258,0.49999981072354827,3.0461851561323123,nan,nan
kmnist,topk_softmax_05,4,26,0.0701269656419754,0.9613333333333334,0.961293985147516,0.13666045515144126,0.4999995837186245,3.040859970640629,nan,nan
kmnist,topk_softmax_05,4,27,0.06776728481054306,0.9655,0.9655147951580523,0.1189664105310085,0.4999999784408732,3.0468860053001565,nan,nan
kmnist,topk_softmax_05,4,28,0.06248798593878746,0.9669166666666666,0.9668809092874262,0.11766599800358428,0.5,3.052946240343946,nan,nan
kmnist,topk_softmax_05,4,29,0.0628301203250885,0.9660833333333333,0.9659733340221484,0.11785010272201071,0.5,3.0493199698468474,nan,nan
kmnist,topk_softmax_05,5,0,1.4778425693511963,0.7403333333333333,0.7407732687144069,0.8057851296790103,0.5,3.1825058612417667,nan,nan
kmnist,topk_softmax_05,5,1,0.7060558795928955,0.8211666666666667,0.819397317293409,0.5537644707142039,0.5,3.1702024023583593,nan,nan
kmnist,topk_softmax_05,5,2,0.5333479642868042,0.8550833333333333,0.8543769971002396,0.4483389473975973,0.5,3.1556358768584882,nan,nan
kmnist,topk_softmax_05,5,3,0.42540764808654785,0.89175,0.8908854562458443,0.3477553959856642,0.5,3.1344302157138255,nan,nan
kmnist,topk_softmax_05,5,4,0.3635421097278595,0.8980833333333333,0.8978457502124566,0.3188789981476804,0.5,3.123391630801749,nan,nan
kmnist,topk_softmax_05,5,5,0.3134559392929077,0.9065833333333333,0.9067778407244751,0.2906305802629349,0.5,3.1095682306492582,nan,nan
kmnist,topk_softmax_05,5,6,0.27740246057510376,0.9198333333333333,0.9198752991666129,0.2617456656187139,0.5,3.098172974079213,nan,nan
kmnist,topk_softmax_05,5,7,0.2503432631492615,0.9259166666666667,0.9254685148875632,0.23904591164690384,0.5,3.0911649211924126,nan,nan
kmnist,topk_softmax_05,5,8,0.22402943670749664,0.93175,0.9317400403074261,0.21511831816206586,0.5,3.084458056916582,nan,nan
kmnist,topk_softmax_05,5,9,0.20307724177837372,0.9359166666666666,0.9357445935638271,0.2059813750551102,0.5,3.083499068909503,nan,nan
kmnist,topk_softmax_05,5,10,0.19305802881717682,0.93825,0.9381588510080139,0.19799128634498475,0.5,3.0857148677744766,nan,nan
kmnist,topk_softmax_05,5,11,0.1775481402873993,0.93925,0.9389576655829691,0.1957202116225628,0.5,3.070325719549301,nan,nan
kmnist,topk_softmax_05,5,12,0.16636405885219574,0.9411666666666667,0.9411785287749966,0.18844640239122065,0.5,3.0727246391012315,nan,nan
kmnist,topk_softmax_05,5,13,0.1485714614391327,0.9438333333333333,0.9436873872154485,0.17969953760187676,0.5,3.069986566584161,nan,nan
kmnist,topk_softmax_05,5,14,0.14456136524677277,0.95,0.9498301950288252,0.15986997190308064,0.5,3.064873604064292,nan,nan
kmnist,topk_softmax_05,5,15,0.13023771345615387,0.94975,0.9494648657492804,0.16482114427267236,0.5,3.0689236306129617,nan,nan
kmnist,topk_softmax_05,5,16,0.12557630240917206,0.9555,0.9553763924815725,0.15341402526865613,0.5,3.067096454031924,nan,nan
kmnist,topk_softmax_05,5,17,0.11765570193529129,0.9566666666666667,0.9564226639242541,0.14439352419465146,0.5,3.0665672637046653,nan,nan
kmnist,topk_softmax_05,5,18,0.11176220327615738,0.9565,0.9563428613435331,0.1537626196253807,0.5,3.065216158298736,nan,nan
kmnist,topk_softmax_05,5,19,0.10747703164815903,0.9560833333333333,0.9559456478983164,0.1476519210858548,0.5,3.064640943040239,nan,nan
kmnist,topk_softmax_05,5,20,0.10377814620733261,0.959,0.9588057079937767,0.14217832422953972,0.5,3.062393196085666,nan,nan
kmnist,topk_softmax_05,5,21,0.0961056649684906,0.9579166666666666,0.9577062674984489,0.1451256218108725,0.5,3.062777222471034,nan,nan
kmnist,topk_softmax_05,5,22,0.0909436047077179,0.9541666666666667,0.9541372506995826,0.15346612749581642,0.5,3.0599211150027337,nan,nan
kmnist,topk_softmax_05,5,23,0.08617287874221802,0.961,0.9607694174262444,0.13546203140248644,0.5,3.0637378489717526,nan,nan
kmnist,topk_softmax_05,5,24,0.08350162208080292,0.9578333333333333,0.957680696984446,0.13878767247846785,0.5,3.059059069511738,nan,nan
kmnist,topk_softmax_05,5,25,0.0813407227396965,0.9595833333333333,0.9593683898040245,0.14088942601959756,0.5,3.060225007381845,nan,nan
kmnist,topk_softmax_05,5,26,0.07673639059066772,0.9565833333333333,0.9564596779527905,0.14822631931685387,0.5,3.0623553331862103,nan,nan
kmnist,topk_softmax_05,5,27,0.07713282108306885,0.96225,0.9621159655681927,0.12999853800902975,0.5,3.0653208418095366,nan,nan
kmnist,topk_softmax_05,5,28,0.07193627208471298,0.9605833333333333,0.960438745185788,0.13667804288103225,0.5,3.0567162949988185,nan,nan
kmnist,topk_softmax_05,5,29,0.07226350158452988,0.9620833333333333,0.9619612632990437,0.12973471746799795,0.5,3.064116579421023,nan,nan
kmnist,topk_softmax_05,6,0,1.5249155759811401,0.7261666666666666,0.7281952411138554,0.8509604068512612,0.5,3.169603855051893,nan,nan
kmnist,topk_softmax_05,6,1,0.7172809839248657,0.81675,0.8184859401446364,0.5793163002805507,0.5,3.1582169177684376,nan,nan
kmnist,topk_softmax_05,6,2,0.5217482447624207,0.8608333333333333,0.8609456745592062,0.4312795685960891,0.5,3.148392246124592,nan,nan
kmnist,topk_softmax_05,6,3,0.41532987356185913,0.8730833333333333,0.8727223661199577,0.39351523049334264,0.5,3.149845912101421,nan,nan
kmnist,topk_softmax_05,6,4,0.3527604639530182,0.8945,0.8952654851396412,0.31795054547330165,0.5,3.136350563231935,nan,nan
kmnist,topk_softmax_05,6,5,0.2977104187011719,0.9144166666666667,0.9141867826871535,0.26881999538299883,0.5,3.1326637800703656,nan,nan
kmnist,topk_softmax_05,6,6,0.26594066619873047,0.91625,0.9172287805659287,0.26125228690340163,0.5,3.1295601966533253,nan,nan
kmnist,topk_softmax_05,6,7,0.24075886607170105,0.9248333333333333,0.9250557713330281,0.23253340638698416,0.5,3.130015198220598,nan,nan
kmnist,topk_softmax_05,6,8,0.2178247720003128,0.9311666666666667,0.9310273270104437,0.21259575701774436,0.5,3.126714528875148,nan,nan
kmnist,topk_softmax_05,6,9,0.1996995210647583,0.9410833333333334,0.9410821591086579,0.18779465143984936,0.5,3.1279269203226616,nan,nan
kmnist,topk_softmax_05,6,10,0.18384215235710144,0.9428333333333333,0.9427496748525968,0.17497209633918517,0.5,3.1196711012657654,nan,nan
kmnist,topk_softmax_05,6,11,0.166910320520401,0.9488333333333333,0.9489633977480102,0.1661326322466769,0.5,3.121452027178825,nan,nan
kmnist,topk_softmax_05,6,12,0.1591605693101883,0.94275,0.94251309329907,0.17306060106196303,0.5,3.114506942160586,nan,nan
kmnist,topk_softmax_05,6,13,0.14562559127807617,0.95375,0.9536783065292816,0.14968902316499264,0.5,3.118788772440971,nan,nan
kmnist,topk_softmax_05,6,14,0.14126500487327576,0.9506666666666667,0.9507896221126174,0.16101003010222253,0.5,3.1136355805904308,nan,nan
kmnist,topk_softmax_05,6,15,0.13169793784618378,0.9519166666666666,0.9519904362859991,0.15764449568504982,0.5,3.1105541929285576,nan,nan
kmnist,topk_softmax_05,6,16,0.12325770407915115,0.957,0.9570640675055803,0.13655339736253658,0.5,3.107010100750213,nan,nan
kmnist,topk_softmax_05,6,17,0.1159021258354187,0.95775,0.9578078201718242,0.14510782078859655,0.5,3.1071838876034352,nan,nan
kmnist,topk_softmax_05,6,18,0.10689792037010193,0.9595833333333333,0.9595963131637706,0.1391696465459276,0.5,3.108637472416492,nan,nan
kmnist,topk_softmax_05,6,19,0.10365660488605499,0.96075,0.9607595467587128,0.12946667807533385,0.5,3.105543352187948,nan,nan
kmnist,topk_softmax_05,6,20,0.095855213701725,0.9624166666666667,0.9623794593385722,0.13045525701439126,0.5,3.1016904470768383,nan,nan
kmnist,topk_softmax_05,6,21,0.0910322368144989,0.9606666666666667,0.9605959659689065,0.1410982886210401,0.5,3.1007778137288193,nan,nan
kmnist,topk_softmax_05,6,22,0.08856727182865143,0.9644166666666667,0.9644738310121614,0.12662218344655443,0.5,3.0971703985904124,nan,nan
kmnist,topk_softmax_05,6,23,0.08144338428974152,0.9640833333333333,0.9641250046045468,0.12913781309381445,0.5,3.0996240199880396,nan,nan
kmnist,topk_softmax_05,6,24,0.07999865710735321,0.9678333333333333,0.9678858497752622,0.11889732843066783,0.5,3.1029437044833568,nan,nan
kmnist,topk_softmax_05,6,25,0.07518341392278671,0.9625,0.9625555185817086,0.1429409345889345,0.5,3.0945999673072326,nan,nan
kmnist,topk_softmax_05,6,26,0.07178392261266708,0.9646666666666667,0.9645944295952278,0.12996851240700863,0.5,3.09150167982629,nan,nan
kmnist,topk_softmax_05,6,27,0.07097519189119339,0.9659166666666666,0.9659437589966066,0.12550341195248543,0.5,3.097055293144064,nan,nan
kmnist,topk_softmax_05,6,28,0.06770835071802139,0.9624166666666667,0.9624378588067002,0.1347290281444154,0.5,3.0912094166938293,nan,nan
kmnist,topk_softmax_05,6,29,0.06650150567293167,0.9635833333333333,0.9636659434173813,0.1334762158704565,0.5,3.0929991006851196,nan,nan
kmnist,topk_softmax_05,7,0,1.545211911201477,0.7049166666666666,0.7062800604182419,0.9152637644016997,0.5,3.126362161433443,nan,nan
kmnist,topk_softmax_05,7,1,0.73780757188797,0.807,0.8065265050745998,0.588809017805343,0.5,3.1172402843515923,nan,nan
kmnist,topk_softmax_05,7,2,0.5214534997940063,0.8466666666666667,0.8458087923234452,0.47730318536149696,0.5,3.1135616987309556,nan,nan
kmnist,topk_softmax_05,7,3,0.41986528038978577,0.8838333333333334,0.8846128070014581,0.35984734081207437,0.5,3.105794792479657,nan,nan
kmnist,topk_softmax_05,7,4,0.35597825050354004,0.89425,0.8951176074429863,0.3207792126117869,0.5,3.083052026464584,nan,nan
kmnist,topk_softmax_05,7,5,0.3025151193141937,0.90775,0.9083224894088655,0.288103405782517,0.5,3.075971687093694,nan,nan
kmnist,topk_softmax_05,7,6,0.26507994532585144,0.9225833333333333,0.9227632816023343,0.24726740603751324,0.5,3.0768993408121963,nan,nan
kmnist,topk_softmax_05,7,7,0.24366435408592224,0.927,0.9271523490994467,0.23447184835342652,0.5,3.0736571575732943,nan,nan
kmnist,topk_softmax_05,7,8,0.22210311889648438,0.9323333333333333,0.9322433789870617,0.2123574047012532,0.5,3.0725114726005716,nan,nan
kmnist,topk_softmax_05,7,9,0.20242939889431,0.93525,0.9355371714988158,0.2077212726816218,0.5,3.0678298447994474,nan,nan
kmnist,topk_softmax_05,7,10,0.18413667380809784,0.9433333333333334,0.9437084917388429,0.18449323814600072,0.5,3.059870273508924,nan,nan
kmnist,topk_softmax_05,7,11,0.16553404927253723,0.9360833333333334,0.9363314190225417,0.20280927007502697,0.5,3.0572409680549133,nan,nan
kmnist,topk_softmax_05,7,12,0.1548120230436325,0.9471666666666667,0.9473998066057169,0.1670894873269061,0.5,3.0587204009928604,nan,nan
kmnist,topk_softmax_05,7,13,0.14992834627628326,0.94725,0.9476882174565147,0.16887512042167338,0.5,3.046547169381,nan,nan
kmnist,topk_softmax_05,7,14,0.13851824402809143,0.9531666666666667,0.9533974149405895,0.1597170427124551,0.5,3.0549409288041134,nan,nan
kmnist,topk_softmax_05,7,15,0.13387764990329742,0.9510833333333333,0.951288777195496,0.15719492353023368,0.5,3.0534362513968287,nan,nan
kmnist,topk_softmax_05,7,16,0.12393013387918472,0.9503333333333334,0.9505426425062182,0.16186796699432618,0.5,3.0534541987358255,nan,nan
kmnist,topk_softmax_05,7,17,0.1195191964507103,0.9535,0.9536666956572153,0.15472972472297383,0.5,3.0506001482618617,nan,nan
kmnist,topk_softmax_05,7,18,0.11044269800186157,0.9576666666666667,0.9578414098364796,0.1383754002287033,0.5,3.0463553159794907,nan,nan
kmnist,topk_softmax_05,7,19,0.10129772126674652,0.9525,0.952923750013116,0.16190935687181798,0.5,3.0470881969370742,nan,nan
kmnist,topk_softmax_05,7,20,0.09994503110647202,0.9566666666666667,0.9569995917631099,0.14066411412142693,0.5,3.0523087268180036,nan,nan
kmnist,topk_softmax_05,7,21,0.09658841788768768,0.9578333333333333,0.9579844775116296,0.13772803719373458,0.5,3.055080385918313,nan,nan
kmnist,topk_softmax_05,7,22,0.0899793803691864,0.9606666666666667,0.9608418889773587,0.13200512361970354,0.5,3.049570580746265,nan,nan
kmnist,topk_softmax_05,7,23,0.08600500226020813,0.9560833333333333,0.9561000689480542,0.14901809267541197,0.5,3.0530838129368236,nan,nan
kmnist,topk_softmax_05,7,24,0.0824958086013794,0.9524166666666667,0.9525861117413618,0.1546847037178405,0.5,3.047846781446579,nan,nan
kmnist,topk_softmax_05,7,25,0.07803644984960556,0.9645,0.9645834591694127,0.123909851338001,0.5,3.0423762468581503,nan,nan
kmnist,topk_softmax_05,7,26,0.0768500566482544,0.95175,0.9521950853119712,0.16344089061021805,0.5,3.0498770652933325,nan,nan
kmnist,topk_softmax_05,7,27,0.0740218311548233,0.95875,0.9588783483063125,0.14268666696041188,0.5,3.0423207942475665,nan,nan
kmnist,topk_softmax_05,7,28,0.07082755118608475,0.9604166666666667,0.960488814631702,0.13960347094751419,0.5,3.0330447998452694,nan,nan
kmnist,topk_softmax_05,7,29,0.06910614669322968,0.9616666666666667,0.9618063985937633,0.13808714725235674,0.5,3.0492426638907575,nan,nan
kmnist,topk_softmax_05,8,0,1.5759059190750122,0.71175,0.7085203589739454,0.8961614332300551,0.5,3.1869137236412537,nan,nan
kmnist,topk_softmax_05,8,1,0.7655450105667114,0.819,0.8187833570925849,0.5692815406525389,0.5,3.1830308792438915,nan,nan
kmnist,topk_softmax_05,8,2,0.5600761771202087,0.86,0.8597761054179129,0.43872827671943826,0.5,3.167125922568301,nan,nan
kmnist,topk_softmax_05,8,3,0.4492824077606201,0.8803333333333333,0.8806339509242422,0.3775408293338532,0.5,3.1573330265410404,nan,nan
kmnist,topk_softmax_05,8,4,0.3737665116786957,0.8985,0.8976656200638973,0.31717283706715765,0.5,3.142377254810739,nan,nan
kmnist,topk_softmax_05,8,5,0.32029443979263306,0.908,0.9078066034314153,0.284097598905259,0.5,3.1374481307699327,nan,nan
kmnist,topk_softmax_05,8,6,0.28387561440467834,0.9205,0.9204207396633433,0.24779696223583628,0.5,3.124786318616664,nan,nan
kmnist,topk_softmax_05,8,7,0.2495676726102829,0.9185,0.9179556900765121,0.25717939690072483,0.5,3.1199353324606065,nan,nan
kmnist,topk_softmax_05,8,8,0.22407859563827515,0.925,0.9248288036079625,0.23974817008414168,0.5,3.117427346554208,nan,nan
kmnist,topk_softmax_05,8,9,0.20151862502098083,0.93425,0.9341808414178597,0.20124069712263473,0.5,3.1059313454526536,nan,nan
kmnist,topk_softmax_05,8,10,0.18873220682144165,0.9415,0.9414093215239012,0.18708783261319425,0.5,3.1050465563510325,nan,nan
kmnist,topk_softmax_05,8,11,0.17318081855773926,0.94225,0.9419676737037539,0.18451151029860718,0.5,3.099848952699215,nan,nan
kmnist,topk_softmax_05,8,12,0.15858455002307892,0.9458333333333333,0.9455493002163605,0.17376005776385042,0.5,3.09580534062487,nan,nan
kmnist,topk_softmax_05,8,13,0.1509043127298355,0.9436666666666667,0.9434652292980859,0.18415973145276943,0.5,3.1009250524196217,nan,nan
kmnist,topk_softmax_05,8,14,0.13893085718154907,0.94775,0.9473959001282033,0.16981563970763633,0.5,3.098944362173689,nan,nan
kmnist,topk_softmax_05,8,15,0.1309010088443756,0.9493333333333334,0.9492605037918433,0.15448050280200673,0.5,3.0926054386382407,nan,nan
kmnist,topk_softmax_05,8,16,0.12005487829446793,0.9519166666666666,0.9517262363876873,0.15611282561687714,0.5,3.0943920612335205,nan,nan
kmnist,topk_softmax_05,8,17,0.11883968859910965,0.9515,0.951379665633812,0.16272759802163916,0.5,3.093481718225682,nan,nan
kmnist,topk_softmax_05,8,18,0.11094548553228378,0.9565,0.9563915813124652,0.13893452334277173,0.5,3.0908852181536086,nan,nan
kmnist,topk_softmax_05,8,19,0.10380440950393677,0.9545,0.9543781066407873,0.15056118749557656,0.5,3.0900944040176714,nan,nan
kmnist,topk_softmax_05,8,20,0.09874159097671509,0.95225,0.9521206500476496,0.14993654960330496,0.5,3.0905615573233747,nan,nan
kmnist,topk_softmax_05,8,21,0.09478707611560822,0.95275,0.9527253461900292,0.1576415385971678,0.5,3.085449383613911,nan,nan
kmnist,topk_softmax_05,8,22,0.08956018835306168,0.9543333333333334,0.9541152759320097,0.15297475465117616,0.5,3.0853859718809735,nan,nan
kmnist,topk_softmax_05,8,23,0.08859320729970932,0.9581666666666667,0.9580724070884402,0.14627667183571674,0.5,3.090465195635532,nan,nan
kmnist,topk_softmax_05,8,24,0.08594946563243866,0.9580833333333333,0.9579045121248335,0.1439296137145225,0.5,3.0872643475836896,nan,nan
kmnist,topk_softmax_05,8,25,0.07810046523809433,0.9625,0.9623148753133274,0.1269836117057724,0.5,3.085155005150653,nan,nan
kmnist,topk_softmax_05,8,26,0.08013858646154404,0.9644166666666667,0.9642524650943347,0.12675734014904244,0.5,3.0820825328218175,nan,nan
kmnist,topk_softmax_05,8,27,0.07264730334281921,0.9589166666666666,0.9587450481948503,0.14240489345281682,0.5,3.084090453513125,nan,nan
kmnist,topk_softmax_05,8,28,0.07142074406147003,0.9613333333333334,0.9611826502345224,0.13760895591149938,0.5,3.087482655302007,nan,nan
kmnist,topk_softmax_05,8,29,0.0689348503947258,0.9628333333333333,0.9627046791415491,0.13523810182480103,0.5,3.0843858414507928,nan,nan
kmnist,topk_softmax_05,9,0,1.589893102645874,0.7178333333333333,0.720934454947287,0.8650041311345202,0.5,3.1422864782049302,nan,nan
kmnist,topk_softmax_05,9,1,0.7384401559829712,0.815,0.8147629712191413,0.5648473843615106,0.5,3.1202060161752905,nan,nan
kmnist,topk_softmax_05,9,2,0.5284148454666138,0.85975,0.8610819286282251,0.4341840236744982,0.5,3.1039327535223453,nan,nan
kmnist,topk_softmax_05,9,3,0.4219299256801605,0.8813333333333333,0.8820492836048797,0.3729197896541433,0.5,3.0906058879608804,nan,nan
kmnist,topk_softmax_05,9,4,0.3544982373714447,0.8966666666666666,0.8975069818846405,0.3265911023667518,0.5,3.0854759495309056,nan,nan
kmnist,topk_softmax_05,9,5,0.30428704619407654,0.917,0.9171841738595109,0.25994763127032744,0.5,3.0871899254778596,nan,nan
kmnist,topk_softmax_05,9,6,0.27407944202423096,0.9236666666666666,0.9238470270561171,0.23984946659270753,0.5,3.081669962152522,nan,nan
kmnist,topk_softmax_05,9,7,0.24818114936351776,0.9293333333333333,0.9294966133704383,0.22253220988080857,0.5,3.0783495979106172,nan,nan
kmnist,topk_softmax_05,9,8,0.2238180786371231,0.93675,0.9371555960225691,0.19771908826016366,0.5,3.078543546351981,nan,nan
kmnist,topk_softmax_05,9,9,0.20496465265750885,0.9388333333333333,0.939006086058618,0.1973688653174867,0.5,3.068597953370277,nan,nan
kmnist,topk_softmax_05,9,10,0.1963498890399933,0.9365,0.9370873078066962,0.20049394540330198,0.5,3.0622378993541637,nan,nan
kmnist,topk_softmax_05,9,11,0.17425981163978577,0.9408333333333333,0.9412170317546126,0.18360629804590914,0.5,3.073703037931564,nan,nan
kmnist,topk_softmax_05,9,12,0.16567471623420715,0.9465,0.946810725255237,0.16457102828203363,0.5,3.0797144402848913,nan,nan
kmnist,topk_softmax_05,9,13,0.15404103696346283,0.9503333333333334,0.9504993379189692,0.1615101787004065,0.5,3.0695513081043324,nan,nan
kmnist,topk_softmax_05,9,14,0.13898515701293945,0.9525833333333333,0.9526878547719034,0.16089281836088667,0.5,3.077983059781663,nan,nan
kmnist,topk_softmax_05,9,15,0.13409067690372467,0.95175,0.9519112069953621,0.15455406396947008,0.5,3.0654015617167696,nan,nan
kmnist,topk_softmax_05,9,16,0.12487274408340454,0.9550833333333333,0.9552774240724287,0.1494871029194365,0.5,3.0740746310416687,nan,nan
kmnist,topk_softmax_05,9,17,0.12321807444095612,0.9503333333333334,0.9506628373621904,0.15976495470138305,0.5,3.0769493224773,nan,nan
kmnist,topk_softmax_05,9,18,0.1117846891283989,0.9534166666666667,0.9537185256092412,0.1599811367849086,0.5,3.069525637525193,nan,nan
kmnist,topk_softmax_05,9,19,0.10336923599243164,0.95525,0.9555721552201814,0.1505512685534802,0.5,3.074014595214357,nan,nan
kmnist,topk_softmax_05,9,20,0.10050428658723831,0.957,0.9572960332470964,0.14458083274199607,0.5,3.072319674999156,nan,nan
kmnist,topk_softmax_05,9,21,0.09879908710718155,0.9616666666666667,0.9619080381266075,0.12743299692235094,0.5,3.065191669667021,nan,nan
kmnist,topk_softmax_05,9,22,0.0949845090508461,0.96,0.9602126539233058,0.13738835761521725,0.5,3.077333970272795,nan,nan
kmnist,topk_softmax_05,9,23,0.08779823035001755,0.9581666666666667,0.9584436620504947,0.13983149224139274,0.5,3.0733043614854205,nan,nan
kmnist,topk_softmax_05,9,24,0.08129481226205826,0.9650833333333333,0.9652366816496318,0.12323975333190978,0.5,3.0716350078582764,nan,nan
kmnist,topk_softmax_05,9,25,0.08081325143575668,0.9619166666666666,0.962103300409059,0.12954257056117058,0.5,3.066565894066019,nan,nan
kmnist,topk_softmax_05,9,26,0.07949007302522659,0.964,0.9641550754171512,0.13250679625792705,0.5,3.070790382141763,nan,nan
kmnist,topk_softmax_05,9,27,0.07261248677968979,0.96475,0.964922066769225,0.13031722224773246,0.5,3.0716034731966384,nan,nan
kmnist,topk_softmax_05,9,28,0.07018178701400757,0.9600833333333333,0.9603811139755505,0.139682337483193,0.5,3.071014685833708,nan,nan
kmnist,topk_softmax_05,9,29,0.0677604228258133,0.9645833333333333,0.9647256799012179,0.13409204170741934,0.5,3.073795166421444,nan,nan
kmnist,sparsemax,0,0,1.4436328411102295,0.7608333333333334,0.7611118769270034,0.7428380187521589,0.4257826106028354,2.505415250646307,nan,nan
kmnist,sparsemax,0,1,0.6382187008857727,0.8444166666666667,0.8444336416722307,0.4866484092905166,0.3952564183384814,2.452919136970601,nan,nan
kmnist,sparsemax,0,2,0.4731979966163635,0.8740833333333333,0.8742389725972848,0.3805916233265654,0.36225970691822945,2.396674558203271,nan,nan
kmnist,sparsemax,0,3,0.3693576157093048,0.8995833333333333,0.899879867651436,0.3126641144143774,0.35206733089178166,2.359525109859223,nan,nan
kmnist,sparsemax,0,4,0.3183489441871643,0.9123333333333333,0.9121951064270377,0.27591641310681686,0.34570737484287706,2.355989580458783,nan,nan
kmnist,sparsemax,0,5,0.2808239758014679,0.9158333333333334,0.9157252544605632,0.2585665582025305,0.3384390297405263,2.3440648697792215,nan,nan
kmnist,sparsemax,0,6,0.25145310163497925,0.9215,0.9219723940687125,0.24090750404494873,0.33059848068242376,2.325096832944992,nan,nan
kmnist,sparsemax,0,7,0.22538484632968903,0.92625,0.9262594393810764,0.23537766616395178,0.3292003262867319,2.3214745293272303,nan,nan
kmnist,sparsemax,0,8,0.20306749641895294,0.93175,0.9319149250437004,0.21050510983517828,0.3213590944701053,2.3100954623932535,nan,nan
kmnist,sparsemax,0,9,0.1920681595802307,0.9385,0.9387468385660045,0.1920248878763077,0.3230333854543402,2.319149279848058,nan,nan
kmnist,sparsemax,0,10,0.17365822196006775,0.936,0.9359325745515417,0.20239796521181755,0.31379611869441704,2.292141185161915,nan,nan
kmnist,sparsemax,0,11,0.16034603118896484,0.9455,0.9455588545231313,0.1670172728122549,0.3171418990860594,2.308778889635776,nan,nan
kmnist,sparsemax,0,12,0.15370070934295654,0.9456666666666667,0.9457297232875689,0.17156481457517503,0.31348473911589764,2.2986986117160066,nan,nan
kmnist,sparsemax,0,13,0.14278839528560638,0.9434166666666667,0.9437375569066235,0.1828830322211093,0.30699502153599517,2.269028862740131,nan,nan
kmnist,sparsemax,0,14,0.13292206823825836,0.9526666666666667,0.9528322250384512,0.15794916276602036,0.30957732064292787,2.28538157458001,nan,nan
kmnist,sparsemax,0,15,0.1281909942626953,0.9490833333333333,0.9490982320204269,0.16125642349745364,0.3034124000275389,2.2641386275595807,nan,nan
kmnist,sparsemax,0,16,0.12250321358442307,0.9524166666666667,0.9524895209970335,0.15863497024203868,0.29547864721810563,2.2409784438762257,nan,nan
kmnist,sparsemax,0,17,0.11248943954706192,0.95125,0.9512475202270142,0.14844649475305638,0.29043072890093985,2.2232765986564313,nan,nan
kmnist,sparsemax,0,18,0.1102033331990242,0.9523333333333334,0.9522787351358184,0.15356815495389572,0.29090278278639975,2.2223978359648524,nan,nan
kmnist,sparsemax,0,19,0.10437727719545364,0.95825,0.9582925034862596,0.1350641611250157,0.2902534879902576,2.242082745470899,nan,nan
kmnist,sparsemax,0,20,0.09829042851924896,0.9550833333333333,0.9551204018121334,0.14891942582548934,0.2856499383107145,2.227327342997206,nan,nan
kmnist,sparsemax,0,21,0.09215439856052399,0.95675,0.9567507848232228,0.14998033611064263,0.28212193938645913,2.2149623366112405,nan,nan
kmnist,sparsemax,0,22,0.08947165310382843,0.958,0.9581070055920454,0.13828854056748938,0.2738810398794235,2.1817660078089287,nan,nan
kmnist,sparsemax,0,23,0.07841787487268448,0.9599166666666666,0.9599379992400767,0.14109517301016666,0.2724324098609863,2.189105566511763,nan,nan
kmnist,sparsemax,0,24,0.07863732427358627,0.959,0.9590417918405862,0.14109706846957512,0.2763785280762835,2.1946942971107806,nan,nan
kmnist,sparsemax,0,25,0.0755438432097435,0.9595833333333333,0.9596414997847333,0.14202128112950224,0.26869855393120584,2.1719790621006743,nan,nan
kmnist,sparsemax,0,26,0.07666278630495071,0.95675,0.9567383147331441,0.15079237251205646,0.27501875193829234,2.191726786025027,nan,nan
kmnist,sparsemax,0,27,0.06940605491399765,0.9564166666666667,0.9565222601920824,0.15435248716397487,0.28009139556199947,2.214537795553816,nan,nan
kmnist,sparsemax,0,28,0.068781778216362,0.9623333333333334,0.962370067133409,0.13457865703930247,0.2760075416336668,2.2052981929576143,nan,nan
kmnist,sparsemax,0,29,0.0724390298128128,0.9615,0.9615034526787969,0.12915167474049202,0.27332673697395526,2.194208228841741,nan,nan
kmnist,sparsemax,1,0,1.426713466644287,0.7493333333333333,0.7520338395978621,0.7773652076721191,0.4080566858991663,2.4955010756533196,nan,nan
kmnist,sparsemax,1,1,0.6834797859191895,0.8230833333333333,0.8240532012481996,0.5541834666373882,0.39633795222703444,2.4853530399342803,nan,nan
kmnist,sparsemax,1,2,0.5161955952644348,0.8555833333333334,0.8559907062640478,0.44290116556147313,0.37394592229356155,2.438952882239159,nan,nan
kmnist,sparsemax,1,3,0.4177531599998474,0.892,0.8924377106948645,0.33763785850494465,0.3658732998561352,2.413850600415088,nan,nan
kmnist,sparsemax,1,4,0.35467857122421265,0.9,0.9003280280161684,0.3107822214035278,0.3555569976885268,2.4008586799844784,nan,nan
kmnist,sparsemax,1,5,0.3172370195388794,0.9136666666666666,0.9136987896942383,0.2721210096744781,0.34476197336582426,2.3845353938163596,nan,nan
kmnist,sparsemax,1,6,0.2782784402370453,0.9141666666666667,0.9147215951018758,0.2673286003001193,0.3398773841401364,2.3734992184537522,nan,nan
kmnist,sparsemax,1,7,0.2593761384487152,0.9263333333333333,0.9267410005910444,0.23736241047686718,0.32793594151735306,2.341097460148182,nan,nan
kmnist,sparsemax,1,8,0.22386625409126282,0.9301666666666667,0.9301536334019442,0.22246176416569569,0.3184582400829234,2.3202238907205297,nan,nan
kmnist,sparsemax,1,9,0.21073949337005615,0.9374166666666667,0.9375182601196744,0.2021899736942129,0.31527920241685625,2.315992499919648,nan,nan
kmnist,sparsemax,1,10,0.194045290350914,0.9326666666666666,0.9327190869331062,0.2132366784709565,0.3132020103487563,2.316417486109632,nan,nan
kmnist,sparsemax,1,11,0.1866992861032486,0.9375,0.9374405375014918,0.20296592931164073,0.3106465575859902,2.311740148574748,nan,nan
kmnist,sparsemax,1,12,0.17302624881267548,0.9464166666666667,0.9465531978025249,0.17010429802727192,0.30809671748825845,2.3097592490784664,nan,nan
kmnist,sparsemax,1,13,0.15503720939159393,0.9485,0.9486126765336873,0.16258536501133697,0.301861268567278,2.288333309457657,nan,nan
kmnist,sparsemax,1,14,0.15042667090892792,0.946,0.9461786021715912,0.16924833236856662,0.30044392385381335,2.2914665747196117,nan,nan
kmnist,sparsemax,1,15,0.14105364680290222,0.9546666666666667,0.954744802963009,0.1553889681050118,0.29635548131897094,2.273507569698577,nan,nan
kmnist,sparsemax,1,16,0.13353325426578522,0.9508333333333333,0.9510300577977372,0.15994994056985734,0.2953035644394286,2.2714281044107802,nan,nan
kmnist,sparsemax,1,17,0.1205335333943367,0.9529166666666666,0.952903610093238,0.1608930358544309,0.29541601621090097,2.275323066305607,nan,nan
kmnist,sparsemax,1,18,0.11306034028530121,0.9545,0.9545988350154204,0.1578279416611854,0.28982054695804066,2.258646618812642,nan,nan
kmnist,sparsemax,1,19,0.10829629749059677,0.9571666666666667,0.9571687426662274,0.14587511304528156,0.28628809242806535,2.242912282334997,nan,nan
kmnist,sparsemax,1,20,0.10963302850723267,0.9535,0.9537540983667847,0.15888832446108472,0.2826317179393261,2.2337568529108736,nan,nan
kmnist,sparsemax,1,21,0.10065547376871109,0.9571666666666667,0.9571706858981942,0.1508300338495285,0.2833614707627195,2.246590259227347,nan,nan
kmnist,sparsemax,1,22,0.09536943584680557,0.9584166666666667,0.9584172442238023,0.14831292486571251,0.2825237401622407,2.239573170530035,nan,nan
kmnist,sparsemax,1,23,0.09323462843894958,0.9595833333333333,0.959652479033059,0.14035093348394048,0.28462629337260065,2.247012989318117,nan,nan
kmnist,sparsemax,1,24,0.08645487576723099,0.9600833333333333,0.960197743225301,0.1430225281956348,0.2816394313852838,2.2398019597885455,nan,nan
kmnist,sparsemax,1,25,0.08277071267366409,0.96175,0.9617213763592517,0.1379123222320638,0.28284911621124187,2.2447076947131057,nan,nan
kmnist,sparsemax,1,26,0.08202634006738663,0.958,0.95799758980273,0.1461969900955545,0.27048768388464095,2.1987614872607777,nan,nan
kmnist,sparsemax,1,27,0.07850275188684464,0.9600833333333333,0.960133618501132,0.1414297782677285,0.2793097855879905,2.2326029019152864,nan,nan
kmnist,sparsemax,1,28,0.07599802315235138,0.9623333333333334,0.9623521037325679,0.1358764723260352,0.27009178381016913,2.1918228611033013,nan,nan
kmnist,sparsemax,1,29,0.06914221495389938,0.9576666666666667,0.9576891029792828,0.153860663955516,0.27579508151145693,2.223531424999237,nan,nan
kmnist,sparsemax,2,0,1.4555683135986328,0.7389166666666667,0.7400116711603907,0.8071297432513947,0.4515671321052186,2.6214058120199977,nan,nan
kmnist,sparsemax,2,1,0.6688260436058044,0.83675,0.8369494956054269,0.5192565398013338,0.4178054497597065,2.539817380144241,nan,nan
kmnist,sparsemax,2,2,0.49880748987197876,0.8531666666666666,0.8543123577154532,0.45553855122403897,0.39600937464769853,2.488306642846858,nan,nan
kmnist,sparsemax,2,3,0.40206050872802734,0.8833333333333333,0.8833213509335571,0.3737874703204378,0.3921742136491106,2.480959216330914,nan,nan
kmnist,sparsemax,2,4,0.3488505184650421,0.902,0.9023077738075888,0.3165817726799782,0.3835466388375201,2.4606192999697747,nan,nan
kmnist,sparsemax,2,5,0.31070131063461304,0.905,0.9056207580943564,0.3031471146548048,0.3755714839443247,2.4489368897803288,nan,nan
kmnist,sparsemax,2,6,0.28362011909484863,0.9143333333333333,0.9149531300326886,0.2710215341537557,0.3715542204519536,2.433866245949522,nan,nan
kmnist,sparsemax,2,7,0.25974786281585693,0.9166666666666666,0.9170173723130446,0.2667038405829288,0.36412138777210357,2.422652058144833,nan,nan
kmnist,sparsemax,2,8,0.2379595935344696,0.92225,0.9229744476721112,0.24455222075289867,0.3635682612657547,2.4281888730982515,nan,nan
kmnist,sparsemax,2,9,0.22737158834934235,0.9203333333333333,0.9209633051322873,0.2540130396472647,0.35898601802739694,2.4217599845947104,nan,nan
kmnist,sparsemax,2,10,0.2060127556324005,0.9348333333333333,0.9352407733583308,0.20934075909726163,0.3561180680990219,2.4205358282048652,nan,nan
kmnist,sparsemax,2,11,0.19898179173469543,0.9363333333333334,0.9366423112453012,0.20512792404661787,0.35050622136034865,2.4016639425399458,nan,nan
kmnist,sparsemax,2,12,0.18278862535953522,0.9356666666666666,0.9358250659713624,0.20683333911794297,0.3462682574036274,2.3919931041433458,nan,nan
kmnist,sparsemax,2,13,0.17245903611183167,0.9333333333333333,0.9333435277323769,0.22191832008513998,0.34579098002707703,2.391531529578757,nan,nan
kmnist,sparsemax,2,14,0.16555385291576385,0.9360833333333334,0.9362539154206189,0.20936343929869064,0.34197843185764676,2.386531818420329,nan,nan
kmnist,sparsemax,2,15,0.1538105309009552,0.9394166666666667,0.9396945326572098,0.19975777319137086,0.3404158856323425,2.389299338168286,nan,nan
kmnist,sparsemax,2,16,0.14672701060771942,0.9450833333333334,0.9452321769441854,0.18755443600264002,0.3364886226172143,2.3735876945739096,nan,nan
kmnist,sparsemax,2,17,0.14046554267406464,0.9471666666666667,0.9474111319027813,0.1776409681807173,0.3328721326716403,2.358845278303674,nan,nan
kmnist,sparsemax,2,18,0.13017328083515167,0.9455,0.9458175390441736,0.18636175435274205,0.33700540550845737,2.3865861524926855,nan,nan
kmnist,sparsemax,2,19,0.12828002870082855,0.9426666666666667,0.942803613586843,0.1937942663405804,0.32933332755210554,2.356914299599668,nan,nan
kmnist,sparsemax,2,20,0.11828282475471497,0.9484166666666667,0.9486614761538448,0.1835502950434989,0.3282348025352397,2.360226407964179,nan,nan
kmnist,sparsemax,2,21,0.11450748145580292,0.95225,0.9523141284422116,0.17223251690255834,0.328147291661577,2.3566141331449466,nan,nan
kmnist,sparsemax,2,22,0.10432151705026627,0.9523333333333334,0.952519368059488,0.1658490870861297,0.3263291729257462,2.363090011667698,nan,nan
kmnist,sparsemax,2,23,0.10219896584749222,0.9523333333333334,0.9525345687887719,0.16766576334200006,0.3273244029346933,2.3642064358325716,nan,nan
kmnist,sparsemax,2,24,0.10444049537181854,0.9523333333333334,0.9526558372003,0.17591238069407483,0.3196337586070629,2.3331592640978225,nan,nan
kmnist,sparsemax,2,25,0.09831002354621887,0.9539166666666666,0.9541206631781616,0.1731184889820028,0.31514804112784406,2.3283309239022274,nan,nan
kmnist,sparsemax,2,26,0.09086422622203827,0.9534166666666667,0.9536682415955777,0.16690958751008866,0.3138517513871193,2.3203464087019574,nan,nan
kmnist,sparsemax,2,27,0.09393967688083649,0.9554166666666667,0.9555747560796168,0.16194958223941477,0.3155134082474607,2.331484279734023,nan,nan
kmnist,sparsemax,2,28,0.08357914537191391,0.9540833333333333,0.95426189685327,0.16619124120854317,0.31447014656472716,2.330657832165982,nan,nan
kmnist,sparsemax,2,29,0.08358287066221237,0.94925,0.9494465265993869,0.17967614198618748,0.313771276556431,2.3326352340109806,nan,nan
kmnist,sparsemax,3,0,1.4662435054779053,0.7624166666666666,0.7627672649091244,0.7538532982481286,0.4308258795991857,2.581637292466265,nan,nan
kmnist,sparsemax,3,1,0.6475892663002014,0.839,0.8389771126094043,0.502538208631759,0.4192234418810682,2.547590024927829,nan,nan
kmnist,sparsemax,3,2,0.4646277129650116,0.87875,0.8791266225251247,0.3868279222478258,0.40683076292910475,2.5133907883725266,nan,nan
kmnist,sparsemax,3,3,0.38201233744621277,0.8969166666666667,0.8975475030216955,0.32523599013369137,0.39823545246048175,2.4804475586465062,nan,nan
kmnist,sparsemax,3,4,0.31741657853126526,0.9073333333333333,0.906869339024509,0.2931360859186091,0.38890283951099885,2.46769373467628,nan,nan
kmnist,sparsemax,3,5,0.28481823205947876,0.921,0.9209634501174729,0.2535636776939352,0.3791251399732651,2.4581392014280277,nan,nan
kmnist,sparsemax,3,6,0.2492636740207672,0.9188333333333333,0.9192249361932856,0.26634279115402953,0.37788246144005594,2.467839681087656,nan,nan
kmnist,sparsemax,3,7,0.23332878947257996,0.9240833333333334,0.9242916458616138,0.2341725525069744,0.3759720912005039,2.468324826118794,nan,nan
kmnist,sparsemax,3,8,0.21060961484909058,0.9320833333333334,0.9321440451450073,0.21338940237430817,0.37492737221591016,2.478915900626081,nan,nan
kmnist,sparsemax,3,9,0.1938498467206955,0.9345833333333333,0.9345909750729785,0.20416313663442084,0.3642826351396581,2.4438238549739757,nan,nan
kmnist,sparsemax,3,10,0.1774832308292389,0.9415833333333333,0.9415744526416828,0.18607225189817714,0.3576162909256651,2.4287882840379758,nan,nan
kmnist,sparsemax,3,11,0.1658911406993866,0.93975,0.9397400673054873,0.1941095157823664,0.3568150451842775,2.4300004091668637,nan,nan
kmnist,sparsemax,3,12,0.15514759719371796,0.9438333333333333,0.9437141326177562,0.18792258361552625,0.3544224721003086,2.4275500584155956,nan,nan
kmnist,sparsemax,3,13,0.14720028638839722,0.949,0.9490029320654431,0.17163869912954086,0.3460679720056818,2.411292941012281,nan,nan
kmnist,sparsemax,3,14,0.1389661431312561,0.9430833333333334,0.9431056213937137,0.1892232412987567,0.3413970161308634,2.403645703133116,nan,nan
kmnist,sparsemax,3,15,0.1295434981584549,0.9466666666666667,0.9467232947177505,0.18024164580918373,0.33851362511198574,2.396728307642835,nan,nan
kmnist,sparsemax,3,16,0.11837629228830338,0.9516666666666667,0.9516706236270632,0.16320172538782687,0.3334302658096273,2.384027620579334,nan,nan
kmnist,sparsemax,3,17,0.11570249497890472,0.95625,0.9563173559186973,0.15343819130608377,0.33123833733670255,2.3809470014369234,nan,nan
kmnist,sparsemax,3,18,0.11117497831583023,0.9495833333333333,0.9494018823801481,0.17619563211151895,0.33406070493003154,2.395985704787234,nan,nan
kmnist,sparsemax,3,19,0.10130937397480011,0.95025,0.9503629825788747,0.1723134069049612,0.32815191387496095,2.3784644083773836,nan,nan
kmnist,sparsemax,3,20,0.10017979890108109,0.958,0.957981386309515,0.15029776302423883,0.3247879017540749,2.360139643892329,nan,nan
kmnist,sparsemax,3,21,0.09244681894779205,0.95175,0.9519241801962384,0.17162999035196103,0.325981043279171,2.3583185622032654,nan,nan
kmnist,sparsemax,3,22,0.09057203680276871,0.9568333333333333,0.9568369351874629,0.14824744726115086,0.32732798396906954,2.37838332703773,nan,nan
kmnist,sparsemax,3,23,0.08483205735683441,0.959,0.9590717114596172,0.14460053802170653,0.3181490073812769,2.339374567600007,nan,nan
kmnist,sparsemax,3,24,0.08095359802246094,0.9601666666666666,0.960209387946476,0.14334772749150054,0.31833682906754474,2.3399662679814277,nan,nan
kmnist,sparsemax,3,25,0.08433140069246292,0.95375,0.9538667811510333,0.1682822016325403,0.314575472093643,2.3357336609921555,nan,nan
kmnist,sparsemax,3,26,0.07999073714017868,0.9605833333333333,0.9605422053536541,0.14086188978337227,0.3144117917152161,2.3409168238335467,nan,nan
kmnist,sparsemax,3,27,0.07517197728157043,0.9576666666666667,0.9576588330549536,0.15648059071378506,0.3160118901349129,2.3400916127448386,nan,nan
kmnist,sparsemax,3,28,0.07048489153385162,0.9629166666666666,0.9629024776442116,0.14470080539901206,0.312607152981961,2.331416390043624,nan,nan
kmnist,sparsemax,3,29,0.06659504026174545,0.95775,0.957845235905677,0.15751782186487887,0.3173433799058833,2.3467665910720825,nan,nan
kmnist,sparsemax,4,0,1.470841407775879,0.74225,0.7418663271793243,0.7925581336021423,0.43169580717036066,2.54048583101719,nan,nan
kmnist,sparsemax,4,1,0.6880491971969604,0.8215833333333333,0.8254799045839325,0.5482619220906115,0.4181256581177103,2.524805861584684,nan,nan
kmnist,sparsemax,4,2,0.507886528968811,0.8655,0.8653143876697001,0.4259134163247778,0.4094992549495494,2.5251139072661704,nan,nan
kmnist,sparsemax,4,3,0.40379178524017334,0.8903333333333333,0.8901278884992008,0.345498781889043,0.4034911478136448,2.528425120292826,nan,nan
kmnist,sparsemax,4,4,0.34677237272262573,0.9034166666666666,0.9034390278606098,0.3069073129841622,0.39665971759785995,2.521667797514733,nan,nan
kmnist,sparsemax,4,5,0.3088959753513336,0.9153333333333333,0.9157767758869989,0.2693583977983353,0.3826622450922398,2.4931372391416673,nan,nan
kmnist,sparsemax,4,6,0.2642110288143158,0.921,0.9213338449216362,0.2498199483181568,0.38707006199562805,2.5000499207922755,nan,nan
kmnist,sparsemax,4,7,0.24463945627212524,0.9275833333333333,0.927554927083554,0.23187005805208327,0.37591046411940393,2.4804223839272845,nan,nan
kmnist,sparsemax,4,8,0.22516746819019318,0.9335833333333333,0.9335125603588332,0.20766288596898952,0.375902163221481,2.494290161640086,nan,nan
kmnist,sparsemax,4,9,0.20719300210475922,0.933,0.9329708510941661,0.21637987789321453,0.3707197963240299,2.47710327138292,nan,nan
kmnist,sparsemax,4,10,0.19214807450771332,0.9364166666666667,0.9362860942596859,0.20323162700267547,0.3656374192301263,2.4546316836742643,nan,nan
kmnist,sparsemax,4,11,0.17792297899723053,0.9408333333333333,0.9409238078701636,0.1876371368131739,0.3607382270249915,2.4438046495965184,nan,nan
kmnist,sparsemax,4,12,0.16646797955036163,0.9389166666666666,0.9386994367513435,0.18863265041975266,0.3542240277883854,2.4263626641415534,nan,nan
kmnist,sparsemax,4,13,0.15891751646995544,0.9425,0.9424218322700109,0.17580990366479185,0.3530911503637091,2.4319674296582,nan,nan
kmnist,sparsemax,4,14,0.1460726112127304,0.9465833333333333,0.9464835913167382,0.17539301371954857,0.353028526965608,2.4411439362992633,nan,nan
kmnist,sparsemax,4,15,0.13988786935806274,0.9526666666666667,0.9526002497437212,0.16007308392448627,0.3497763897510285,2.430056908029191,nan,nan
kmnist,sparsemax,4,16,0.13397836685180664,0.9459166666666666,0.9458430507200928,0.17679270293484342,0.347864790165678,2.42153415654568,nan,nan
kmnist,sparsemax,4,17,0.12925001978874207,0.9515833333333333,0.9515357611155665,0.15800068606721593,0.3448827437897946,2.4199316032389375,nan,nan
kmnist,sparsemax,4,18,0.11815040558576584,0.9535833333333333,0.9534232728932588,0.15047030277708742,0.34178461292956736,2.4039538096874318,nan,nan
kmnist,sparsemax,4,19,0.11284886300563812,0.951,0.9509784678105518,0.1574525310004011,0.3391336120189504,2.39996559822813,nan,nan
kmnist,sparsemax,4,20,0.10802800208330154,0.9576666666666667,0.9576160307339089,0.14450713611663657,0.3354028285817897,2.385712485364143,nan,nan
kmnist,sparsemax,4,21,0.10292764008045197,0.9565,0.9564106800816567,0.1503063234242987,0.3348319481344933,2.3840350191643895,nan,nan
kmnist,sparsemax,4,22,0.10067792236804962,0.95225,0.9524219528355227,0.15884448223291558,0.3369606828435938,2.403556630966511,nan,nan
kmnist,sparsemax,4,23,0.097665935754776,0.9505,0.9503404328330205,0.16565166667420814,0.32870613815302546,2.3736836910247803,nan,nan
kmnist,sparsemax,4,24,0.08976922184228897,0.9545,0.9543935027185247,0.1562059941761037,0.32919985531492435,2.3727471270459763,nan,nan
kmnist,sparsemax,4,25,0.0874493420124054,0.9579166666666666,0.9578084317843503,0.14764957954274846,0.32745400293076293,2.376505823845559,nan,nan
kmnist,sparsemax,4,26,0.08803998678922653,0.9591666666666666,0.9591177370364992,0.1453333284626616,0.33070118027798673,2.39016977015962,nan,nan
kmnist,sparsemax,4,27,0.07642635703086853,0.9603333333333334,0.9602658172583654,0.14269997829452474,0.32869261423958107,2.380001760543661,nan,nan
kmnist,sparsemax,4,28,0.08252988010644913,0.9545833333333333,0.9545681162689537,0.1537447971232394,0.3230695382077643,2.3623178690037827,nan,nan
kmnist,sparsemax,4,29,0.07410816103219986,0.9619166666666666,0.9617985624988691,0.13386330927940124,0.32856136290950977,2.3887261684904706,nan,nan
kmnist,sparsemax,5,0,1.4574528932571411,0.7564166666666666,0.7550081791706675,0.7812193467261943,0.4490567043106607,2.6285050206996026,nan,nan
kmnist,sparsemax,5,1,0.6877673268318176,0.8365833333333333,0.8355566034126973,0.5030203398237837,0.4173192007744566,2.565451080494739,nan,nan
kmnist,sparsemax,5,2,0.5018510222434998,0.8659166666666667,0.8649859130266313,0.4266429860541161,0.39793069787482,2.5180240324203003,nan,nan
kmnist,sparsemax,5,3,0.3938613831996918,0.8905,0.8903114385569152,0.3454236166274294,0.3853184013290608,2.4994712142234152,nan,nan
kmnist,sparsemax,5,4,0.3332222104072571,0.897,0.8975458580005716,0.32239072405277414,0.3791948975400722,2.487468125972342,nan,nan
kmnist,sparsemax,5,5,0.29668909311294556,0.9090833333333334,0.9087544478065744,0.2748541064718936,0.36941580601195073,2.470726399979693,nan,nan
kmnist,sparsemax,5,6,0.2635514736175537,0.9250833333333334,0.9249750320079404,0.2397739181810237,0.36488276165216527,2.456088370465218,nan,nan
kmnist,sparsemax,5,7,0.24084033071994781,0.9276666666666666,0.9274845791599793,0.2401202603223476,0.35891027447391066,2.43477641141161,nan,nan
kmnist,sparsemax,5,8,0.2218247801065445,0.92975,0.9294654426732318,0.21759569914417065,0.35000981834340605,2.4151448417217174,nan,nan
kmnist,sparsemax,5,9,0.20267988741397858,0.9366666666666666,0.9364856481867696,0.1988701695140372,0.35046647964639865,2.4226663632595793,nan,nan
kmnist,sparsemax,5,10,0.18394382297992706,0.9395,0.9394072568775655,0.19894021860462555,0.34506389007289356,2.412862127131604,nan,nan
kmnist,sparsemax,5,11,0.17363230884075165,0.9393333333333334,0.9390325317612922,0.19702965021133423,0.3451656163372892,2.407776852871509,nan,nan
kmnist,sparsemax,5,12,0.1604771465063095,0.9424166666666667,0.942190523764349,0.19120010305592355,0.34295395508091503,2.411134326711614,nan,nan
kmnist,sparsemax,5,13,0.1512598842382431,0.9435833333333333,0.9433220045684003,0.1835381028817055,0.33848347657538475,2.402905601136228,nan,nan
kmnist,sparsemax,5,14,0.14906419813632965,0.94575,0.9454773699296093,0.17614325674924444,0.3369470479640555,2.3992705598790596,nan,nan
kmnist,sparsemax,5,15,0.13387593626976013,0.9440833333333334,0.9438759749627245,0.17907269774599277,0.32966913092643657,2.3800469852508384,nan,nan
kmnist,sparsemax,5,16,0.12849365174770355,0.953,0.9528077968673037,0.15742842678694016,0.3243004600418375,2.367536927791352,nan,nan
kmnist,sparsemax,5,17,0.12121342867612839,0.9545,0.954281519430072,0.15535888384948385,0.3202518367386879,2.356423449009023,nan,nan
kmnist,sparsemax,5,18,0.11112017929553986,0.95425,0.9540567507149877,0.15769525173496693,0.3193000280793677,2.351063491182124,nan,nan
kmnist,sparsemax,5,19,0.1113557294011116,0.9500833333333333,0.9498539688478612,0.16669458943478604,0.31843906878790956,2.3475787550845046,nan,nan
kmnist,sparsemax,5,20,0.10293921828269958,0.9491666666666667,0.9489524415936901,0.17158132426916284,0.32167798946512505,2.352260472926688,nan,nan
kmnist,sparsemax,5,21,0.10234963148832321,0.9531666666666667,0.9529637891391605,0.15936440403791183,0.315838431424283,2.344849005658576,nan,nan
kmnist,sparsemax,5,22,0.09286081045866013,0.9540833333333333,0.9538888982880636,0.15689360239404312,0.31477136973370895,2.3383876453054713,nan,nan
kmnist,sparsemax,6,0,1.4627273082733154,0.7231666666666666,0.7287678128061572,0.874954749929144,0.4654577078020319,2.690642851464292,nan,nan
kmnist,sparsemax,6,1,0.7410182356834412,0.8134166666666667,0.816506123295661,0.5789344183942104,0.4339947028363005,2.618014432014303,nan,nan
kmnist,sparsemax,6,2,0.5462778806686401,0.84575,0.8470170452639326,0.47062664146118977,0.4038686387716456,2.5429333537182908,nan,nan
kmnist,sparsemax,6,3,0.4391039311885834,0.8751666666666666,0.8754760458299604,0.39227922926557823,0.3914582493140342,2.5178492246790136,nan,nan
kmnist,sparsemax,6,4,0.37693342566490173,0.88,0.8813340082105132,0.39004265627962476,0.37790113021718696,2.499443992655328,nan,nan
kmnist,sparsemax,6,5,0.33611008524894714,0.8991666666666667,0.8992299460926677,0.317856305774222,0.3645735390959902,2.459690256321684,nan,nan
kmnist,sparsemax,6,6,0.3017815053462982,0.9095833333333333,0.9098291807442773,0.28885135878907875,0.3580802660039131,2.449297109816937,nan,nan
kmnist,sparsemax,6,7,0.27021875977516174,0.9125833333333333,0.9129384111727618,0.271424892100882,0.34611814833701926,2.4149668571796825,nan,nan
kmnist,sparsemax,6,8,0.24839171767234802,0.9243333333333333,0.9243164053169444,0.2511441336667284,0.3437031959282591,2.4124107728613184,nan,nan
kmnist,sparsemax,6,9,0.23527000844478607,0.9185,0.9185932119605578,0.2606187624500153,0.3411717194508999,2.409434215819582,nan,nan
kmnist,sparsemax,6,10,0.20849758386611938,0.92875,0.9288660832171052,0.22977553054373315,0.3376153141577193,2.394032232304837,nan,nan
kmnist,sparsemax,6,11,0.19760985672473907,0.93175,0.9321659950253215,0.22283695511361387,0.3343327264202402,2.388492485310169,nan,nan
kmnist,sparsemax,6,12,0.19701091945171356,0.9383333333333334,0.9383731989708466,0.200093593052093,0.3272443496166392,2.3720498211840364,nan,nan
kmnist,sparsemax,6,13,0.17721059918403625,0.9401666666666667,0.940053896532347,0.19719325751066208,0.32712990077252085,2.3728497446851526,nan,nan
kmnist,sparsemax,6,14,0.16348403692245483,0.94225,0.9423377148868978,0.19051143178280364,0.3222904477981811,2.359705719541996,nan,nan
kmnist,sparsemax,6,15,0.155959352850914,0.9445,0.9445974882851742,0.18459689442781693,0.3220359665599275,2.360169359978209,nan,nan
kmnist,sparsemax,6,16,0.1473541259765625,0.9418333333333333,0.9417224227387487,0.1872731252236569,0.32196370242758,2.364999405881192,nan,nan
kmnist,sparsemax,6,17,0.14304038882255554,0.9499166666666666,0.9499378198340848,0.16941315791708358,0.32271336019039154,2.3697518401957574,nan,nan
kmnist,sparsemax,6,18,0.1333426535129547,0.9435833333333333,0.9436941709368838,0.19080241309835555,0.318630521601819,2.354079729699074,nan,nan
kmnist,sparsemax,6,19,0.12448684126138687,0.9474166666666667,0.947482046177876,0.16813330162078777,0.3198313960369597,2.366785711430489,nan,nan
kmnist,sparsemax,6,20,0.11956412345170975,0.951,0.9510786686208318,0.16497647033092824,0.3158697007184333,2.347780689280084,nan,nan
kmnist,sparsemax,6,21,0.11548870801925659,0.9539166666666666,0.9539763263089668,0.15865468249676076,0.30897079725214777,2.33493373115012,nan,nan
kmnist,sparsemax,6,22,0.11038190126419067,0.94875,0.9488190759500847,0.17316559369259693,0.3100757941286615,2.3411950912881405,nan,nan
kmnist,sparsemax,6,23,0.10409589856863022,0.95475,0.954844230179809,0.16297060520725049,0.3075960914188243,2.3365070464763233,nan,nan
kmnist,sparsemax,6,24,0.10247436910867691,0.95025,0.9503450098421278,0.1708674560836021,0.30290477564360235,2.313082088815405,nan,nan
kmnist,sparsemax,6,25,0.09721305966377258,0.9526666666666667,0.9527308004577304,0.168608362053303,0.30305213386074026,2.3194024195062353,nan,nan
kmnist,sparsemax,6,26,0.09039349108934402,0.9526666666666667,0.9527356483148882,0.16099593677419297,0.3018348503937113,2.314780577700189,nan,nan
kmnist,sparsemax,6,27,0.0857032984495163,0.9543333333333334,0.9543135743112444,0.15925716370978255,0.30208992561761366,2.320066043671141,nan,nan
kmnist,sparsemax,6,28,0.08727683126926422,0.9583333333333334,0.9583580385691446,0.15122285057255563,0.301145797555751,2.307916629821696,nan,nan
kmnist,sparsemax,6,29,0.08216367661952972,0.949,0.9489895448354003,0.17954582927074839,0.2983217344005057,2.3059405633743775,nan,nan
kmnist,sparsemax,7,0,1.4608466625213623,0.7244166666666667,0.7314528552242605,0.8477801515700969,0.37869996054375427,2.398058593273163,nan,nan
kmnist,sparsemax,7,1,0.6681267619132996,0.83975,0.8402411205719836,0.4930528960329421,0.35768329510663416,2.3672308959859483,nan,nan
kmnist,sparsemax,7,2,0.4769332706928253,0.8724166666666666,0.8727201865966986,0.40512694133088945,0.34841902902785765,2.3693793187750147,nan,nan
kmnist,sparsemax,7,3,0.3847966194152832,0.88775,0.8882609217741162,0.3463262738065517,0.33293690231252226,2.3395705375265567,nan,nan
kmnist,sparsemax,7,4,0.33302536606788635,0.8906666666666667,0.8906319611827971,0.33887589485087294,0.31939532623646105,2.30635456201878,nan,nan
kmnist,sparsemax,7,5,0.293321430683136,0.9176666666666666,0.9180441545961628,0.25898189557359574,0.31762139023618496,2.3192621951407575,nan,nan
kmnist,sparsemax,7,6,0.25881969928741455,0.9206666666666666,0.9211071386631329,0.24539895387406044,0.31097641444586693,2.3029708012621453,nan,nan
kmnist,sparsemax,7,7,0.24256283044815063,0.9274166666666667,0.9278385498031602,0.22715781914426925,0.3013913705945015,2.2799932804513485,nan,nan
kmnist,sparsemax,7,8,0.22354872524738312,0.9376666666666666,0.9378232556917159,0.19931951196903877,0.29890429371214927,2.2722134057511676,nan,nan
kmnist,sparsemax,7,9,0.20432907342910767,0.9300833333333334,0.9306223234028401,0.2188072350430996,0.295881265655477,2.263906472540916,nan,nan
kmnist,sparsemax,7,10,0.1870441436767578,0.9359166666666666,0.9363745729688648,0.2023993267657909,0.2937958359401277,2.2599530486350363,nan,nan
kmnist,sparsemax,7,11,0.17571552097797394,0.9428333333333333,0.9431199282653232,0.18498041781973332,0.28808220032047716,2.240446000657183,nan,nan
kmnist,sparsemax,7,12,0.16694653034210205,0.94625,0.9464077749362808,0.17110885473641943,0.27908596602526115,2.203748474729822,nan,nan
kmnist,sparsemax,7,13,0.15068671107292175,0.9458333333333333,0.9460123748153118,0.17178261565401198,0.2841160942582374,2.2176977877921247,nan,nan
kmnist,sparsemax,7,14,0.1458364874124527,0.9495,0.9497391735408209,0.1603139898878463,0.28188790333397845,2.2265014356755195,nan,nan
kmnist,sparsemax,7,15,0.13758541643619537,0.95075,0.9510147898094017,0.15780076289430578,0.2785675091312287,2.2208981653477284,nan,nan
kmnist,sparsemax,7,16,0.12753547728061676,0.9495,0.9496860236518632,0.163712444616125,0.2769565295348776,2.206218090463192,nan,nan
kmnist,sparsemax,7,17,0.12445225566625595,0.9509166666666666,0.9511457990890151,0.16041484459283503,0.276128851194331,2.208225543194629,nan,nan
kmnist,sparsemax,7,18,0.11547591537237167,0.9481666666666667,0.9485206992522623,0.16026360351354518,0.2737376417251343,2.2054918306939144,nan,nan
kmnist,sparsemax,7,19,0.1123548150062561,0.946,0.9461658026933673,0.17137083569739728,0.2693867662802656,2.1840598786130863,nan,nan
kmnist,sparsemax,7,20,0.10890888422727585,0.94925,0.9494828217818914,0.165006622672081,0.2707742162524386,2.199310897512639,nan,nan
kmnist,sparsemax,7,21,0.10487890988588333,0.9563333333333334,0.9565739825338841,0.1482500394291066,0.2680334708792098,2.1878956087092134,nan,nan
kmnist,sparsemax,7,22,0.09889928996562958,0.9569166666666666,0.9570134478670702,0.14168409543468596,0.2630370571575266,2.1637311729979007,nan,nan
kmnist,sparsemax,7,23,0.09511799365282059,0.9560833333333333,0.9562203932407807,0.14648229644653646,0.2636873945593834,2.1682749479374985,nan,nan
kmnist,sparsemax,7,24,0.09106742590665817,0.958,0.9581047044114204,0.13949511802576958,0.26764879550071474,2.187452074061049,nan,nan
kmnist,sparsemax,7,25,0.08650123327970505,0.9574166666666667,0.9576514238802926,0.14368936498748494,0.26385651164232415,2.1781520957642413,nan,nan
kmnist,sparsemax,7,26,0.08516031503677368,0.9605833333333333,0.960762488922614,0.13620587565163347,0.26090675370490296,2.1698537849365396,nan,nan
kmnist,sparsemax,7,27,0.07785851508378983,0.958,0.9581642494827763,0.1411206026343589,0.2580057568055518,2.1604171090937676,nan,nan
kmnist,sparsemax,7,28,0.07641410827636719,0.9584166666666667,0.9585100230346028,0.13993549663969812,0.2583718209507618,2.156819408244275,nan,nan
kmnist,sparsemax,7,29,0.08038540184497833,0.9594166666666667,0.959536956310328,0.14615178615488905,0.2584008580826698,2.159000425896746,nan,nan
kmnist,sparsemax,8,0,1.4546191692352295,0.7473333333333333,0.7478199902399738,0.7931650750180508,0.4357859046852335,2.605449958050505,nan,nan
kmnist,sparsemax,8,1,0.6614503264427185,0.8375833333333333,0.8368853286037536,0.512659287199061,0.40583184710208403,2.5400263273969608,nan,nan
kmnist,sparsemax,8,2,0.47567641735076904,0.87875,0.8779800800196795,0.3849686707587952,0.3923154205400893,2.525836231860709,nan,nan
kmnist,sparsemax,8,3,0.37132084369659424,0.8855,0.8851484698843954,0.3597118546988102,0.37719386689206386,2.4955736665015524,nan,nan
kmnist,sparsemax,8,4,0.3198811113834381,0.9025833333333333,0.902365022203681,0.3031507020301007,0.3698475142108633,2.4875715222764523,nan,nan
kmnist,sparsemax,8,5,0.27694594860076904,0.9156666666666666,0.9155845914718326,0.25798435128749686,0.35804093375484997,2.4486416413428937,nan,nan
kmnist,sparsemax,8,6,0.24779461324214935,0.9323333333333333,0.932144356933784,0.20860139930501898,0.34873979824020507,2.425019866608559,nan,nan
kmnist,sparsemax,8,7,0.2236773818731308,0.9298333333333333,0.929788754872596,0.21243514247397158,0.3413543499847676,2.417597344581117,nan,nan
kmnist,sparsemax,8,8,0.20755119621753693,0.9369166666666666,0.9366441624859982,0.1969283435572969,0.33964045821352207,2.4138573534945222,nan,nan
kmnist,sparsemax,8,9,0.18646953999996185,0.9389166666666666,0.9385727317870304,0.1888135735024797,0.32597389991613146,2.3602868699012918,nan,nan
kmnist,sparsemax,8,10,0.1779680848121643,0.9458333333333333,0.9457252600036632,0.16996523579384418,0.3244418966326308,2.3617551415524582,nan,nan
kmnist,sparsemax,8,11,0.16156423091888428,0.9474166666666667,0.9471909996138257,0.1709208978300399,0.32065382790058217,2.3428395770965738,nan,nan
kmnist,sparsemax,8,12,0.1538459211587906,0.9429166666666666,0.9424983053346899,0.17854008252950423,0.3225877906413788,2.3498354883904153,nan,nan
kmnist,sparsemax,8,13,0.14496366679668427,0.95325,0.9531645948149361,0.15375144843091357,0.31549656486257593,2.330605446024144,nan,nan
kmnist,sparsemax,8,14,0.1333465427160263,0.9505,0.9502336884158884,0.1641127441791778,0.31554254017611766,2.3344317357590856,nan,nan
kmnist,sparsemax,8,15,0.12958338856697083,0.9455,0.9453876432624515,0.16716643565512718,0.31344009190797806,2.3235950647516455,nan,nan
kmnist,sparsemax,8,16,0.12058365345001221,0.9524166666666667,0.952294415728,0.1502272401084291,0.3111141365259252,2.31618540591382,nan,nan
kmnist,sparsemax,8,17,0.114259272813797,0.9555833333333333,0.9553273542149517,0.14766265071452933,0.3124486055779964,2.322529326093958,nan,nan
kmnist,sparsemax,8,18,0.10739532113075256,0.9560833333333333,0.9559116467478577,0.15018373371121732,0.3097582549807873,2.3119984535460776,nan,nan
kmnist,sparsemax,8,19,0.10047262161970139,0.9550833333333333,0.9550224889103189,0.14895233527777044,0.30767458804110265,2.3015967341179544,nan,nan
kmnist,sparsemax,8,20,0.09563391655683517,0.95525,0.9550635181298182,0.14928456649501273,0.30681126342808945,2.308292046506354,nan,nan
kmnist,sparsemax,8,21,0.09609556198120117,0.9561666666666667,0.9561141571625649,0.1491107014899558,0.3051727479125591,2.295659050028375,nan,nan
kmnist,sparsemax,8,22,0.08937444537878036,0.9606666666666667,0.9604025012305633,0.14358231678922126,0.29928076029457945,2.2815576246444214,nan,nan
kmnist,sparsemax,8,23,0.08449887484312057,0.9585,0.958399165686437,0.14043606136073458,0.3026324122193012,2.2917989035870168,nan,nan
kmnist,sparsemax,8,24,0.08384887129068375,0.9579166666666666,0.9577146598448614,0.14531104631246405,0.2976729852405,2.2757257705039167,nan,nan
kmnist,sparsemax,8,25,0.07773690670728683,0.959,0.9588563798620997,0.14790988134893965,0.2961623546607951,2.274424206703267,nan,nan
kmnist,sparsemax,8,26,0.07768796384334564,0.9608333333333333,0.9607107826743464,0.1383828914704475,0.29442803086118496,2.2707754944233183,nan,nan
kmnist,sparsemax,8,27,0.07396669685840607,0.9570833333333333,0.9569777830935507,0.15477724809278834,0.29459846875769025,2.2772251228068736,nan,nan
kmnist,sparsemax,8,28,0.06917881965637207,0.9571666666666667,0.9571050172369651,0.15660769135711042,0.2925513874977193,2.256470256663383,nan,nan
kmnist,sparsemax,8,29,0.0668971836566925,0.9628333333333333,0.9626867349961449,0.13697825927049556,0.29178311596525475,2.265673761672162,nan,nan
kmnist,sparsemax,9,0,1.57183837890625,0.6663333333333333,0.6665279419174844,0.9992675210567231,0.44813923490174273,2.564041461082215,nan,nan
kmnist,sparsemax,9,1,0.7451909184455872,0.8250833333333333,0.8262282441092325,0.5421802255701511,0.4474253719474407,2.5765976144912397,nan,nan
kmnist,sparsemax,9,2,0.5303096771240234,0.8514166666666667,0.854371022200356,0.46342732741477644,0.43872038988356893,2.5645098229672048,nan,nan
kmnist,sparsemax,9,3,0.41561880707740784,0.8838333333333334,0.8844023822582301,0.358847033470235,0.42749138541044074,2.5400994483460773,nan,nan
kmnist,sparsemax,9,4,0.34103038907051086,0.9118333333333334,0.9120576541639667,0.27851532146017605,0.4236595987322483,2.541135810791178,nan,nan
kmnist,sparsemax,9,5,0.28925374150276184,0.9205833333333333,0.9212008929826799,0.24975272664364348,0.41066454525323626,2.519460839159945,nan,nan
kmnist,sparsemax,9,6,0.25824519991874695,0.919,0.9195877038508536,0.2509157847850881,0.40269985097519895,2.5027777058012943,nan,nan
kmnist,sparsemax,9,7,0.2294272929430008,0.9241666666666667,0.9244745115732386,0.24560472717944612,0.3947992996966585,2.4893843671108815,nan,nan
kmnist,sparsemax,9,8,0.20871132612228394,0.9378333333333333,0.9381636578075229,0.19857234793140532,0.39246560474659536,2.487110247003271,nan,nan
kmnist,sparsemax,9,9,0.19133338332176208,0.9455833333333333,0.9456959409387767,0.17838556699930352,0.38591255818275694,2.471900852436715,nan,nan
kmnist,sparsemax,9,10,0.17480424046516418,0.9368333333333333,0.9371818855591272,0.19466219953400024,0.3863423742512439,2.47450519495822,nan,nan
kmnist,sparsemax,9,11,0.16393758356571198,0.9464166666666667,0.9466565200102579,0.17101426264072986,0.38686750290241645,2.48300416545665,nan,nan
kmnist,sparsemax,9,12,0.15071344375610352,0.94575,0.9460008358995037,0.17511921455251409,0.3834923401157907,2.482766990965985,nan,nan
kmnist,sparsemax,9,13,0.14446842670440674,0.9491666666666667,0.9493323399131596,0.15991578156009634,0.3762582584898523,2.4654312450835048,nan,nan
kmnist,sparsemax,9,14,0.13581940531730652,0.9465833333333333,0.9467581259562984,0.17484091269843122,0.3741053647183357,2.4626356794479047,nan,nan
kmnist,sparsemax,9,15,0.12392574548721313,0.9519166666666666,0.9522409472757211,0.15449398993811708,0.37392430007457733,2.4697746330119195,nan,nan
kmnist,sparsemax,9,16,0.11843496561050415,0.9554166666666667,0.9555848463073676,0.15173781187610424,0.3684178167518149,2.4569944460341273,nan,nan
kmnist,sparsemax,9,17,0.11347616463899612,0.952,0.952167165134943,0.1520042210183245,0.3695162185963164,2.4641122970175235,nan,nan
kmnist,sparsemax,9,18,0.1074380949139595,0.9526666666666667,0.9528701960651697,0.15484028515663553,0.3646646091278563,2.454278163453366,nan,nan
kmnist,sparsemax,9,19,0.10140687227249146,0.9569166666666666,0.95723766411014,0.1477244924357597,0.35963275188461263,2.4367894035704594,nan,nan
kmnist,sparsemax,9,20,0.09577671438455582,0.95775,0.9579662773867698,0.14400701018724035,0.3571315366537013,2.428627541724672,nan,nan
kmnist,sparsemax,9,21,0.09626936167478561,0.9553333333333334,0.9556263595257871,0.1566660572239693,0.35574490291641114,2.429757882940008,nan,nan
kmnist,sparsemax,9,22,0.08610069751739502,0.9575,0.9577429674451988,0.14591016446022279,0.35578406142427565,2.4353724844912263,nan,nan
kmnist,sparsemax,9,23,0.08319438993930817,0.9574166666666667,0.9576735391340762,0.1346680352345426,0.353142352497324,2.4372623600858323,nan,nan
kmnist,sparsemax,9,24,0.0806354507803917,0.9616666666666667,0.961793155038381,0.13581442880503675,0.3540593946867801,2.440265153316741,nan,nan
kmnist,sparsemax,9,25,0.08115638047456741,0.9566666666666667,0.9568988147914673,0.1517037552721957,0.34546980404473365,2.4109965169683414,nan,nan
kmnist,sparsemax,9,26,0.0800970122218132,0.95725,0.9574801217243938,0.14919439465441603,0.341593048832518,2.4038880327914622,nan,nan
kmnist,sparsemax,9,27,0.06945478171110153,0.9613333333333334,0.9615055329076959,0.14254491696966456,0.34029049315351123,2.401291771137968,nan,nan
kmnist,sparsemax,9,28,0.07162278890609741,0.9631666666666666,0.9632805284410079,0.13240921402231176,0.3365607442373925,2.3998175834087614,nan,nan
kmnist,sparsemax,9,29,0.06668341904878616,0.9614166666666667,0.9616034750438047,0.1456022948977795,0.3355739826851703,2.393761523226474,nan,nan
kmnist,entmax15,0,0,1.578436255455017,0.7163333333333334,0.7175650107555551,0.8913030700480684,0.7869642408604317,3.2459479139206255,nan,nan
kmnist,entmax15,0,1,0.7618665099143982,0.7994166666666667,0.8007951749180501,0.6049022598469511,0.7621356033264323,3.16714657367544,nan,nan
kmnist,entmax15,0,2,0.552871584892273,0.863,0.8638650988990154,0.42808862949939486,0.7481357556708316,3.130303920583522,nan,nan
kmnist,entmax15,0,3,0.4175272583961487,0.8844166666666666,0.884232410157946,0.3694660340217834,0.7308668690793058,3.090448924835692,nan,nan
kmnist,entmax15,0,4,0.34499403834342957,0.9079166666666667,0.9080947839964949,0.28874792951218625,0.7235426883748237,3.0573413651040258,nan,nan
kmnist,entmax15,0,5,0.3021673262119293,0.9138333333333334,0.9137596123296537,0.2658294081053835,0.7250990943705782,3.0575142414011856,nan,nan
kmnist,entmax15,0,6,0.2632305920124054,0.9233333333333333,0.9235688097666654,0.23972737884267847,0.7227146245063619,3.0532398934059954,nan,nan
kmnist,entmax15,0,7,0.23683209717273712,0.9274166666666667,0.927418800770873,0.22718746421184946,0.7157018057843472,3.035446747820428,nan,nan
kmnist,entmax15,0,8,0.2177887111902237,0.9294166666666667,0.9300031585556203,0.2196688247804946,0.7067122586230015,3.0125822336115737,nan,nan
kmnist,entmax15,0,9,0.19889990985393524,0.938,0.9380448723742383,0.19392902324808406,0.7125398263018182,3.0212244404123183,nan,nan
kmnist,entmax15,0,10,0.18044798076152802,0.943,0.9432264828924424,0.18498595899089854,0.707692950329882,3.011980467654289,nan,nan
kmnist,entmax15,0,11,0.17377209663391113,0.9420833333333334,0.9421821340290331,0.17399767072910957,0.7140015084692772,3.0204033826259855,nan,nan
kmnist,entmax15,0,12,0.16040076315402985,0.9446666666666667,0.9447011346655192,0.168006365286543,0.7125042581811865,3.013298437950459,nan,nan
kmnist,entmax15,0,13,0.14888238906860352,0.9490833333333333,0.9491970874742375,0.16180205796944333,0.7052361312064719,2.9953371083482785,nan,nan
kmnist,entmax15,0,14,0.13831102848052979,0.9530833333333333,0.9531876054767169,0.15593163439251007,0.7015332186475713,2.987289535238388,nan,nan
kmnist,entmax15,0,15,0.13321822881698608,0.9558333333333333,0.9559229332768767,0.13889993521127295,0.7035356423956283,2.985658714111815,nan,nan
kmnist,entmax15,0,16,0.12528684735298157,0.9553333333333334,0.9554362315043923,0.14190086278509587,0.6986293145950805,2.9802043970595014,nan,nan
kmnist,entmax15,0,17,0.11795378476381302,0.9526666666666667,0.9526932336005782,0.15336504348732055,0.6974652162257661,2.9717451080362847,nan,nan
kmnist,entmax15,0,18,0.11130698025226593,0.9548333333333333,0.9549209205670648,0.14706588401756387,0.7037623955848369,2.985020875930786,nan,nan
kmnist,entmax15,0,19,0.1049090027809143,0.9555833333333333,0.9556611475054725,0.14774560999680073,0.7026974647603137,2.991506964602369,nan,nan
kmnist,entmax15,0,20,0.10021980106830597,0.9585833333333333,0.9586535250299614,0.13762758180816123,0.7043320936091403,2.9939494843178607,nan,nan
kmnist,entmax15,0,21,0.09432041645050049,0.9590833333333333,0.9591889261625223,0.13697478214794018,0.697032076247195,2.969596139928128,nan,nan
kmnist,entmax15,0,22,0.08912186324596405,0.9539166666666666,0.9539222684554238,0.15525820819621391,0.7038654120678597,2.9789351402445043,nan,nan
kmnist,entmax15,0,23,0.08852607011795044,0.9596666666666667,0.9596869172354591,0.13974756612739664,0.693651186658981,2.9589284379431544,nan,nan
kmnist,entmax15,0,24,0.08305767923593521,0.9610833333333333,0.9611442678399642,0.12861674057042344,0.6920646181766023,2.9621163276915854,nan,nan
kmnist,entmax15,0,25,0.07776787877082825,0.9609166666666666,0.9609078837222199,0.1304649468511343,0.6932914567754623,2.957243465362711,nan,nan
kmnist,entmax15,0,26,0.07836379110813141,0.9569166666666666,0.9569451095384514,0.1450012021876396,0.6913097431050971,2.959408539406797,nan,nan
kmnist,entmax15,0,27,0.08135587722063065,0.9639166666666666,0.9639559275398429,0.12098540896747975,0.6917781366946849,2.9594592515458453,nan,nan
kmnist,entmax15,0,28,0.07194548100233078,0.95925,0.9594120788017932,0.14168033027585517,0.6865929155907733,2.9510922888492015,nan,nan
kmnist,entmax15,0,29,0.06894239038228989,0.9625,0.9625826292335992,0.12810705562538288,0.6905061298228324,2.9512935775391598,nan,nan
kmnist,entmax15,1,0,1.5524801015853882,0.721,0.7228150219605504,0.8690449240359854,0.7757275047454428,3.2157590287796993,nan,nan
kmnist,entmax15,1,1,0.7717615365982056,0.8125,0.8138273136370794,0.5873798899194027,0.753780796172771,3.1572198106887495,nan,nan
kmnist,entmax15,1,2,0.5603572130203247,0.8614166666666667,0.8615779243133612,0.4360301304370799,0.733027384002158,3.106625574700376,nan,nan
kmnist,entmax15,1,3,0.44577184319496155,0.8799166666666667,0.8800735043008553,0.3814999930402066,0.7283762465132043,3.090815118018617,nan,nan
kmnist,entmax15,1,4,0.37575072050094604,0.8991666666666667,0.8992898898582018,0.3196307566571743,0.7122964878031548,3.059123746892239,nan,nan
kmnist,entmax15,1,5,0.32826799154281616,0.90925,0.909978596329592,0.28852931933200104,0.7011907208473125,3.0238389918144715,nan,nan
kmnist,entmax15,1,6,0.2911059260368347,0.913,0.9138840258764223,0.2770794741016753,0.7048721839772895,3.039976307686339,nan,nan
kmnist,entmax15,1,7,0.2676542401313782,0.9261666666666667,0.9261629502145681,0.22720023197062472,0.7040192218537026,3.021161048970324,nan,nan
kmnist,entmax15,1,8,0.23794181644916534,0.9330833333333334,0.9331080065056158,0.21466230616924611,0.6965307054367471,3.0096702372774167,nan,nan
kmnist,entmax15,1,9,0.2254871129989624,0.94175,0.9418285852851899,0.191003070232716,0.6904927308255053,2.990518848946754,nan,nan
kmnist,entmax15,1,10,0.2062259316444397,0.9366666666666666,0.9367601480197445,0.19532139171311197,0.6882529265068947,2.9973454754403295,nan,nan
kmnist,entmax15,1,11,0.18880683183670044,0.9424166666666667,0.9424568210070958,0.18286468041069964,0.6964029156147166,3.005670915258692,nan,nan
kmnist,entmax15,1,12,0.18272532522678375,0.9474166666666667,0.9475219018407557,0.17360296908845294,0.6887439787387848,2.9831900342981865,nan,nan
kmnist,entmax15,1,13,0.16316187381744385,0.9481666666666667,0.9481792173305721,0.16663692209948885,0.6971115653819226,3.0110248530164676,nan,nan
kmnist,entmax15,1,14,0.15736019611358643,0.9520833333333333,0.9520831231625555,0.15836361732254636,0.6937795864774826,2.9948264588700964,nan,nan
kmnist,entmax15,1,15,0.14938880503177643,0.9560833333333333,0.9561423626733033,0.14363703099971123,0.6971534725199354,3.006327010215597,nan,nan
kmnist,entmax15,1,16,0.1414356380701065,0.9525,0.9524787376006072,0.1514214832097926,0.6921120945443499,2.992833637176676,nan,nan
kmnist,entmax15,1,17,0.1335890144109726,0.9589166666666666,0.9589841521099999,0.14424320754218609,0.689262923408062,2.9848557710647583,nan,nan
kmnist,entmax15,1,18,0.1262969821691513,0.9516666666666667,0.9518631983699883,0.16095384242052727,0.6913752200755667,2.984910305510176,nan,nan
kmnist,entmax15,1,19,0.11671092361211777,0.95725,0.9572496727904893,0.13934865490870274,0.6893999950682863,2.979607785001714,nan,nan
kmnist,entmax15,1,20,0.11092956364154816,0.9594166666666667,0.9595580596200979,0.13168819676688376,0.6861897719667313,2.9681944644197507,nan,nan
kmnist,entmax15,1,21,0.10884418338537216,0.96,0.9599768364439848,0.13292343438939846,0.6808750851357237,2.958429940203403,nan,nan
kmnist,entmax15,1,22,0.10557535290718079,0.9615833333333333,0.9616143635538196,0.13814755331011527,0.6904159061452175,2.9796129389012114,nan,nan
kmnist,entmax15,1,23,0.09281089156866074,0.9618333333333333,0.9618624409781358,0.13084741451955856,0.6899604879795237,2.9800139183693743,nan,nan
kmnist,entmax15,1,24,0.09409599006175995,0.9613333333333334,0.9613826303500088,0.1335674815989555,0.6852589376429294,2.961906968279088,nan,nan
kmnist,entmax15,1,25,0.0943603515625,0.9641666666666666,0.9641399113959199,0.12615294936806598,0.6834464650204841,2.960602993660785,nan,nan
kmnist,entmax15,1,26,0.08518306165933609,0.9661666666666666,0.9661469501086593,0.12319607937589605,0.6756531025501008,2.9415622163326183,nan,nan
kmnist,entmax15,1,27,0.08200044929981232,0.9636666666666667,0.963716539626515,0.12801385805644888,0.6741640383892871,2.941717208699977,nan,nan
kmnist,entmax15,1,28,0.07921791076660156,0.9664166666666667,0.9664905634683082,0.12263769814942746,0.6693015529754314,2.9306395738682847,nan,nan
kmnist,entmax15,1,29,0.07592930644750595,0.9645833333333333,0.9646293875430885,0.1281199148519242,0.6730779853272946,2.934385396064596,nan,nan
kmnist,entmax15,2,0,1.5747044086456299,0.70925,0.7095256585741976,0.9115433807068682,0.7593629905518066,3.192587712977795,nan,nan
kmnist,entmax15,2,1,0.764670193195343,0.8149166666666666,0.8151015608654584,0.5884420320074609,0.7558106932234256,3.1750268910793547,nan,nan
kmnist,entmax15,2,2,0.546942949295044,0.861,0.8617177268503233,0.4445257548322069,0.7459452976571753,3.1545460376333683,nan,nan
kmnist,entmax15,2,3,0.4438127279281616,0.8755833333333334,0.8758529910556249,0.39082601095767733,0.7369557796640599,3.13281966777558,nan,nan
kmnist,entmax15,2,4,0.3681105971336365,0.8939166666666667,0.8942187276071992,0.33161821929698293,0.7334610217429222,3.1278178818682405,nan,nan
kmnist,entmax15,2,5,0.32199639081954956,0.9085,0.9087503644610708,0.299005352119182,0.7213817929967921,3.0932167540205286,nan,nan
kmnist,entmax15,2,6,0.288152813911438,0.9195,0.9199735003625451,0.25390653660956847,0.7266648557591946,3.1004207514702005,nan,nan
kmnist,entmax15,2,7,0.25780272483825684,0.9160833333333334,0.9165329771052825,0.27173953614336377,0.7129767486389648,3.0684648600030453,nan,nan
kmnist,entmax15,2,8,0.23355717957019806,0.925,0.9255679235620937,0.23651647726272015,0.7169992162826213,3.071835604119808,nan,nan
kmnist,entmax15,2,9,0.20999526977539062,0.9364166666666667,0.9368256092372379,0.20457989833456405,0.7252072279757642,3.092331313072367,nan,nan
kmnist,entmax15,2,10,0.19541434943675995,0.9338333333333333,0.934547382990241,0.21010708999126515,0.7205995670024384,3.082648574037755,nan,nan
kmnist,entmax15,2,11,0.18562071025371552,0.9411666666666667,0.9414688337999984,0.18981822849588192,0.7148004503960305,3.0735902126799237,nan,nan
kmnist,entmax15,2,12,0.17089514434337616,0.94125,0.9414637067147125,0.19000724259209126,0.7113202258627466,3.065344813022208,nan,nan
kmnist,entmax15,2,13,0.16261424124240875,0.9434166666666667,0.9438435196011845,0.1800700270749153,0.7154157707031737,3.0694683029296552,nan,nan
kmnist,entmax15,2,14,0.14732752740383148,0.9444166666666667,0.9447916388427396,0.18032877717880494,0.7214574560205987,3.078687896119787,nan,nan
kmnist,entmax15,2,15,0.13934500515460968,0.9455,0.9457763690886685,0.17754198832714813,0.7194228685916738,3.0763008848149727,nan,nan
kmnist,entmax15,2,16,0.13032092154026031,0.9495833333333333,0.9497265989369839,0.1647772567069277,0.7216051518917084,3.0773062731357332,nan,nan
kmnist,entmax15,2,17,0.12749575078487396,0.9499166666666666,0.9501439372113458,0.1688042384512881,0.718103676400286,3.0721956592925053,nan,nan
kmnist,entmax15,2,18,0.1168040782213211,0.9533333333333334,0.953393316239082,0.1596723328879539,0.7205321313218868,3.0763449770338993,nan,nan
kmnist,entmax15,2,19,0.11060897260904312,0.95075,0.9509535576417697,0.16144300046119284,0.7231211630587883,3.0755376714341183,nan,nan
kmnist,entmax15,2,20,0.1044158786535263,0.9485,0.9484956887315745,0.1698061186582484,0.7146012256754205,3.0544914945643,nan,nan
kmnist,entmax15,2,21,0.09896807372570038,0.9511666666666667,0.9512050981730307,0.17159356810945145,0.7230509411781392,3.0701138212325727,nan,nan
kmnist,entmax15,2,22,0.09826093912124634,0.94975,0.9499626071418568,0.18012703400343022,0.7205307185649872,3.059825245370256,nan,nan
kmnist,entmax15,2,23,0.09011048078536987,0.9574166666666667,0.9575150187575495,0.14156312146719466,0.7184141424108059,3.0559085074891437,nan,nan
kmnist,entmax15,2,24,0.08888546377420425,0.959,0.9590786082158009,0.14254924258653154,0.7188266211367668,3.0557444831158254,nan,nan
kmnist,entmax15,2,25,0.08513364940881729,0.9585,0.9586448738101161,0.14210879168611892,0.7192566229941997,3.0556728155054946,nan,nan
kmnist,entmax15,2,26,0.07764776796102524,0.9510833333333333,0.9512637835247888,0.1838036800952668,0.7159403194772437,3.042896810998308,nan,nan
kmnist,entmax15,2,27,0.08244530856609344,0.9601666666666666,0.9601914754596941,0.14403474251640605,0.707232598928695,3.031082285211441,nan,nan
kmnist,entmax15,2,28,0.07583540678024292,0.9593333333333334,0.9594812016803853,0.13901493468500198,0.7080294324996623,3.0328708684190793,nan,nan
kmnist,entmax15,2,29,0.07588232308626175,0.9565833333333333,0.9566310283767603,0.15222032891309006,0.7014952891684593,3.016940431391939,nan,nan
kmnist,entmax15,3,0,1.5242630243301392,0.7255833333333334,0.7253420072824179,0.8678971529006958,0.7573397305417569,3.209709717872295,nan,nan
kmnist,entmax15,3,1,0.7202333807945251,0.8156666666666667,0.8157578377668677,0.5898348549579052,0.7325494187943479,3.1693393575384263,nan,nan
kmnist,entmax15,3,2,0.5097150802612305,0.86575,0.8662626554748762,0.42380678083034273,0.7281491832530245,3.1542997157320065,nan,nan
kmnist,entmax15,3,3,0.40030014514923096,0.8828333333333334,0.8828710964957139,0.3695277432177929,0.7265828232815925,3.133114160375392,nan,nan
kmnist,entmax15,3,4,0.3215225636959076,0.9000833333333333,0.899883424434264,0.31145577671680047,0.7207257836423022,3.1133170584414867,nan,nan
kmnist,entmax15,3,5,0.2857416868209839,0.9165,0.9164419790404136,0.26235312318548243,0.7067648692333952,3.083631913712684,nan,nan
kmnist,entmax15,3,6,0.24936892092227936,0.9250833333333334,0.9250147731659398,0.24440778443153868,0.7087128891589793,3.07688340988565,nan,nan
kmnist,entmax15,3,7,0.2269843965768814,0.9285833333333333,0.9285130242309678,0.23210448438816883,0.6974513816072586,3.0523725164697524,nan,nan
kmnist,entmax15,3,8,0.21405765414237976,0.9305,0.9309531219065994,0.22078690471801352,0.6932860010481895,3.0389769787484027,nan,nan
kmnist,entmax15,3,9,0.193457692861557,0.94025,0.9400409231150582,0.19328922382060518,0.6806852430739301,3.0094489620086993,nan,nan
kmnist,entmax15,3,10,0.176729217171669,0.9410833333333334,0.9411783581590887,0.19271126120014392,0.6780912375196497,2.9967258483805557,nan,nan
kmnist,entmax15,3,11,0.16416093707084656,0.94675,0.9467725888380818,0.17676105619745053,0.6713245105236134,2.9815444540470204,nan,nan
kmnist,entmax15,3,12,0.16055403649806976,0.947,0.946766780206247,0.171633798391261,0.671423539202264,2.9796586518592023,nan,nan
kmnist,entmax15,3,13,0.1434735357761383,0.9511666666666667,0.9511429051268525,0.160607544190072,0.6708571872812636,2.9775401074835597,nan,nan
kmnist,entmax15,3,14,0.14358536899089813,0.9443333333333334,0.9444762315610232,0.17698491919547954,0.676011323928833,2.982626570031998,nan,nan
kmnist,entmax15,3,15,0.13020935654640198,0.9566666666666667,0.9567264756360236,0.14106414863403807,0.6663639507395156,2.9618842221320945,nan,nan
kmnist,entmax15,3,16,0.12299101054668427,0.9505833333333333,0.9507111159194988,0.15828812217458765,0.6638157291615263,2.95321501569545,nan,nan
kmnist,entmax15,3,17,0.11853872984647751,0.9541666666666667,0.9541986775216408,0.1523276169566398,0.6681334737767565,2.9646397473964283,nan,nan
kmnist,entmax15,3,18,0.11025210469961166,0.9586666666666667,0.9586816705094234,0.13850375946531904,0.6684244154615605,2.957420034611479,nan,nan
kmnist,entmax15,3,19,0.10250638425350189,0.9539166666666666,0.9538418902403276,0.14962226992591898,0.6691226464636783,2.9597882235303836,nan,nan
kmnist,entmax15,3,20,0.10230758041143417,0.958,0.9580606295609073,0.14238881192942884,0.6585002902974474,2.939915104115263,nan,nan
kmnist,entmax15,3,21,0.09448207169771194,0.9565,0.9565812317952445,0.14487589087257993,0.6514088029557086,2.9195106815784535,nan,nan
kmnist,entmax15,3,22,0.09292076528072357,0.9561666666666667,0.9561011663593675,0.14135362826129225,0.6552124689234063,2.923245206792304,nan,nan
kmnist,entmax15,3,23,0.08703582733869553,0.9625,0.9625326444089763,0.12886211212645185,0.6565832337166401,2.925946022601838,nan,nan
kmnist,entmax15,3,24,0.08646216243505478,0.9615833333333333,0.9616619876330953,0.14020713751620434,0.6549331818489318,2.9249102409849774,nan,nan
kmnist,entmax15,3,25,0.08260653913021088,0.9670833333333333,0.9671080899640639,0.1146287719937081,0.6597306455703492,2.9310032230742435,nan,nan
kmnist,entmax15,3,26,0.07343724370002747,0.96225,0.9623772083894048,0.1280781517320491,0.6545803172791258,2.9194256955004754,nan,nan
kmnist,entmax15,3,27,0.07310585677623749,0.96325,0.9632372610335531,0.13202418830800564,0.6509712890107581,2.911771997492364,nan,nan
kmnist,entmax15,3,28,0.07493271678686142,0.96475,0.9648079239108327,0.11911353294519668,0.6548070355932764,2.9168607960356043,nan,nan
kmnist,entmax15,3,29,0.0708136111497879,0.9675833333333334,0.9676060717986401,0.11729428623902037,0.6459965864394573,2.895169387472437,nan,nan
kmnist,entmax15,4,0,1.603342056274414,0.682,0.6863381896387544,0.9653848599880299,0.8021873172293318,3.274725203818463,nan,nan
kmnist,entmax15,4,1,0.7942081093788147,0.7879166666666667,0.7902625312408617,0.6392995131776688,0.7764151622640326,3.1846285627243365,nan,nan
kmnist,entmax15,4,2,0.5587020516395569,0.8665,0.8660303960319707,0.42081516854306483,0.7817806696638148,3.1751589293175555,nan,nan
kmnist,entmax15,4,3,0.4408878982067108,0.8899166666666667,0.890176139323122,0.3458361952228749,0.7702133325820274,3.127290943835644,nan,nan
kmnist,entmax15,4,4,0.3703354299068451,0.89675,0.8965873463584414,0.3230955851204852,0.7542873335645554,3.0928611755371094,nan,nan
kmnist,entmax15,4,5,0.32405540347099304,0.9059166666666667,0.905810284726293,0.2921958115506679,0.7507167331715847,3.0839365517839474,nan,nan
kmnist,entmax15,4,6,0.2825990915298462,0.9200833333333334,0.9202285327372295,0.2484302980468628,0.7364906896936133,3.0444892999973705,nan,nan
kmnist,entmax15,4,7,0.25928282737731934,0.92975,0.9295963222915333,0.22451454908289808,0.7283317465731438,3.0274265725561915,nan,nan
kmnist,entmax15,4,8,0.23900170624256134,0.9314166666666667,0.9313977056156746,0.21013592722568106,0.72346312631952,3.0189060023490417,nan,nan
kmnist,entmax15,4,9,0.21722689270973206,0.9294166666666667,0.9296888752238228,0.21978052642117155,0.7201468272412077,3.0219207849908383,nan,nan
kmnist,entmax15,4,10,0.19915162026882172,0.9349166666666666,0.9348390184854732,0.19966938394181272,0.7163003175816638,3.0125651232739714,nan,nan
kmnist,entmax15,4,11,0.18310564756393433,0.9484166666666667,0.9483048590275377,0.16663560921207388,0.7153453757154181,3.007411426686226,nan,nan
kmnist,entmax15,4,12,0.17050109803676605,0.9451666666666667,0.9451952972440351,0.1774086372015324,0.7101330839573069,2.998936064699863,nan,nan
kmnist,entmax15,4,13,0.16240736842155457,0.94675,0.9466631063077371,0.16771104773308368,0.7137475501983723,3.0214501847612096,nan,nan
kmnist,entmax15,4,14,0.15164493024349213,0.9433333333333334,0.9433216164562822,0.18587883181394416,0.7121692705661693,3.006209928938683,nan,nan
kmnist,entmax15,4,15,0.14704136550426483,0.95275,0.9527080509608888,0.15281555088276558,0.7058818822211408,2.99014509485123,nan,nan
kmnist,entmax15,4,16,0.13380350172519684,0.9540833333333333,0.9539645565955011,0.15100747600514838,0.7042684060461978,2.9859759604677243,nan,nan
kmnist,entmax15,4,17,0.12847469747066498,0.9553333333333334,0.9553042863705532,0.14034724449540706,0.6944890941711183,2.964364046746112,nan,nan
kmnist,entmax15,4,18,0.11866163462400436,0.9589166666666666,0.9586965393105082,0.13540708226092318,0.6966221725687067,2.9698717822419836,nan,nan
kmnist,entmax15,4,19,0.1139305979013443,0.9578333333333333,0.9577455926011111,0.14086964441106675,0.6960547287413414,2.9778448343276978,nan,nan
kmnist,entmax15,4,20,0.11114290356636047,0.95725,0.9572326902241395,0.14023328049385803,0.6897864557327108,2.958388792707565,nan,nan
kmnist,entmax15,4,21,0.1030382364988327,0.9589166666666666,0.9589200889905758,0.13862223645791094,0.6982002258300781,2.9805477375679827,nan,nan
kmnist,entmax15,4,22,0.10101302713155746,0.95825,0.9581929243330964,0.1357170746840061,0.6915108219106146,2.9650703338866538,nan,nan
kmnist,entmax15,4,23,0.09560076147317886,0.95675,0.9565956691995312,0.1398932027848477,0.6839522472087373,2.947825292323498,nan,nan
kmnist,entmax15,5,0,1.5289380550384521,0.69575,0.6939917240980233,0.9407158709586935,0.7978969089528347,3.2576752241621625,nan,nan
kmnist,entmax15,5,1,0.7982385158538818,0.8255833333333333,0.8249909696131796,0.55956509962995,0.7413242903161557,3.1009532821939345,nan,nan
kmnist,entmax15,5,2,0.5619469881057739,0.8405833333333333,0.8395453985747174,0.4932436873304083,0.7232690523279474,3.0602741875547044,nan,nan
kmnist,entmax15,5,3,0.45245692133903503,0.8813333333333333,0.8806203315731382,0.3763512487107135,0.7172038219076522,3.054096615060847,nan,nan
kmnist,entmax15,5,4,0.38563695549964905,0.8793333333333333,0.8803805518437352,0.36998627921368216,0.7116306119776786,3.043200510613462,nan,nan
kmnist,entmax15,5,5,0.3403445780277252,0.90425,0.9039490752001159,0.3033784475732357,0.7064599825980815,3.018461653526793,nan,nan
kmnist,entmax15,5,6,0.30291858315467834,0.91725,0.9171820376648967,0.26991199274012384,0.7044961053006192,3.023014923359485,nan,nan
kmnist,entmax15,5,7,0.2732667028903961,0.9171666666666667,0.917104032071706,0.2675947537447544,0.6977221198538517,2.9925452546870455,nan,nan
kmnist,entmax15,5,8,0.24673698842525482,0.92875,0.928504245892969,0.23715094556199742,0.6989494650921924,2.9947697811938347,nan,nan
kmnist,entmax15,5,9,0.22291798889636993,0.9320833333333334,0.9320734389354014,0.22059490753615157,0.7033387815698664,3.010582261897148,nan,nan
kmnist,entmax15,5,10,0.20978188514709473,0.93575,0.9354560302375464,0.2091841031896307,0.6998734588318682,2.998827282418596,nan,nan
kmnist,entmax15,5,11,0.1952931433916092,0.936,0.9357881879978527,0.20492962256390998,0.698086455781409,2.993150842950699,nan,nan
kmnist,entmax15,5,12,0.1805034726858139,0.9460833333333334,0.9459171678310826,0.17984061878412327,0.6968353339966308,2.9991109726276806,nan,nan
kmnist,entmax15,5,13,0.16919897496700287,0.9445,0.9443836620999185,0.1847189284385519,0.6922678560652631,2.979741682397558,nan,nan
kmnist,entmax15,5,14,0.15521621704101562,0.94675,0.9464714893920559,0.17346592421861404,0.6928596452195593,2.9877580074553793,nan,nan
kmnist,entmax15,5,15,0.1505085527896881,0.94925,0.9490479734503013,0.16861322474606494,0.6915392127442868,2.9875409476300505,nan,nan
kmnist,entmax15,5,16,0.13772831857204437,0.9530833333333333,0.9529022733345082,0.15588686282330372,0.693689226470095,2.984426001284985,nan,nan
kmnist,entmax15,5,17,0.13507074117660522,0.9529166666666666,0.952742311085202,0.15063183580307252,0.6893996184176587,2.9751131255575953,nan,nan
kmnist,entmax15,5,18,0.128012552857399,0.951,0.9508042930060562,0.16676567177823248,0.6840843577334221,2.9635388191710126,nan,nan
kmnist,entmax15,5,19,0.12531110644340515,0.9538333333333333,0.9535844144213359,0.14966449839003543,0.6916572134545509,2.9849911471630666,nan,nan
kmnist,entmax15,5,20,0.11101887375116348,0.9590833333333333,0.9588374163601457,0.14473596421327997,0.686148907910002,2.9681216300802027,nan,nan
kmnist,entmax15,5,21,0.10887102037668228,0.9591666666666666,0.9589183983651953,0.1367029241741972,0.6864967206691174,2.9679945555139096,nan,nan
kmnist,entmax15,5,22,0.10566791146993637,0.9576666666666667,0.9575962656411079,0.14564691341303765,0.6796729292007203,2.9522383542771036,nan,nan
kmnist,entmax15,5,23,0.09738527238368988,0.9580833333333333,0.9578665044437191,0.14630166250974574,0.6844002705939273,2.964298950864914,nan,nan
kmnist,entmax15,5,24,0.09883348643779755,0.9581666666666667,0.958028502890149,0.14457929530676375,0.6814068562172829,2.9531037173372634,nan,nan
kmnist,entmax15,5,25,0.08798341453075409,0.95725,0.9570836727102533,0.1471442697530097,0.6886021031978282,2.966466929050202,nan,nan
kmnist,entmax15,5,26,0.09101660549640656,0.9596666666666667,0.9595496378388064,0.1472186990716356,0.6809797109441554,2.958944165960271,nan,nan
kmnist,entmax15,5,27,0.0862567275762558,0.96225,0.9621052518759552,0.13878821613306694,0.6830956003767379,2.9586430179311876,nan,nan
kmnist,entmax15,5,28,0.08052411675453186,0.9528333333333333,0.9527066126999854,0.17309696845551756,0.6790217072405713,2.947188067943492,nan,nan
kmnist,entmax15,5,29,0.07715166360139847,0.9605,0.9602919783338175,0.13296049183353464,0.6810818086279199,2.9578931280907166,nan,nan
kmnist,entmax15,6,0,1.5637084245681763,0.6934166666666667,0.6967384789183687,0.9672067736057525,0.8135292346173144,3.293915271759033,nan,nan
kmnist,entmax15,6,1,0.801113486289978,0.78525,0.7880976488523335,0.6537226818977518,0.7931021375859038,3.2160263112250793,nan,nan
kmnist,entmax15,6,2,0.5844098329544067,0.8416666666666667,0.842631085700243,0.48717232397262084,0.7846924637226348,3.1775342352846834,nan,nan
kmnist,entmax15,6,3,0.4643949270248413,0.8669166666666667,0.8673702732308254,0.41515624396344447,0.7917324209466894,3.188676872151963,nan,nan
kmnist,entmax15,6,4,0.3926476836204529,0.8926666666666667,0.8927299526380867,0.3386341856515154,0.7904238764275896,3.185762981151013,nan,nan
kmnist,entmax15,6,5,0.3511973023414612,0.9004166666666666,0.9007068375302971,0.30707046040829195,0.7754556942493358,3.1523198472692613,nan,nan
kmnist,entmax15,6,6,0.3078337609767914,0.91225,0.9130154788058242,0.28355677552679753,0.7766393651353553,3.1630263886553176,nan,nan
kmnist,entmax15,6,7,0.27877309918403625,0.925,0.9252004911971896,0.23713190695072742,0.7770442005167616,3.1666001664831285,nan,nan
kmnist,entmax15,6,8,0.25347280502319336,0.9218333333333333,0.9219634148490237,0.2442555899949784,0.7582373181556133,3.122700036840236,nan,nan
kmnist,entmax15,6,9,0.240867018699646,0.92675,0.9267236162601298,0.22269386623768098,0.7618271359737884,3.127709279669092,nan,nan
kmnist,entmax15,6,10,0.2229166030883789,0.936,0.935963559434749,0.19951564232085614,0.7576744822745628,3.1227201375555484,nan,nan
kmnist,entmax15,6,11,0.20244699716567993,0.9386666666666666,0.9386746258108868,0.20744038674425572,0.7476227099591113,3.101705832684294,nan,nan
kmnist,entmax15,6,12,0.1915322095155716,0.9426666666666667,0.9426014325977213,0.1851497804547878,0.7435724671850813,3.0915892707540635,nan,nan
kmnist,entmax15,6,13,0.1745298206806183,0.9476666666666667,0.9476907007694484,0.1677090974247202,0.7387513905129535,3.0794660791437676,nan,nan
kmnist,entmax15,6,14,0.16509205102920532,0.9406666666666667,0.9405492695026118,0.1894698883307741,0.7308970949751266,3.064635938786446,nan,nan
kmnist,entmax15,6,15,0.15945030748844147,0.9483333333333334,0.9484500267998943,0.16452635507634344,0.7300992690502329,3.0640925219718445,nan,nan
kmnist,entmax15,6,16,0.147447869181633,0.9515833333333333,0.9515745564352998,0.1611716262203582,0.7228705895707962,3.046256871933633,nan,nan
kmnist,entmax15,6,17,0.14140339195728302,0.9515833333333333,0.9516983776879444,0.1544808177871907,0.7188394526217846,3.037556211999122,nan,nan
kmnist,entmax15,6,18,0.13626739382743835,0.9516666666666667,0.9517685557491695,0.1587468810538028,0.7235377012415135,3.0536190246013883,nan,nan
kmnist,entmax15,6,19,0.12637121975421906,0.9525833333333333,0.9525618559256781,0.15486057102680206,0.7141131638212407,3.0246973240629154,nan,nan
kmnist,entmax15,6,20,0.12048923969268799,0.9535,0.9535325614363709,0.1575448471815028,0.7041137408702931,3.0060690286311695,nan,nan
kmnist,entmax15,6,21,0.11387738585472107,0.956,0.9559817370603778,0.1564599572026983,0.7121143087427667,3.017082064709765,nan,nan
kmnist,entmax15,6,22,0.11608974635601044,0.9459166666666666,0.9460229339164149,0.176188403780156,0.7094441030887847,3.021890825413643,nan,nan
kmnist,entmax15,6,23,0.10657177120447159,0.9543333333333334,0.9543331965488878,0.15398774961841868,0.7037814462438543,3.0008492342969206,nan,nan
kmnist,entmax15,6,24,0.10479322820901871,0.9575833333333333,0.9576655966479809,0.14366686930681796,0.7062875400198266,3.009135852468775,nan,nan
kmnist,entmax15,6,25,0.09662728011608124,0.9596666666666667,0.959638354705406,0.14146284251771074,0.6984569132328033,2.984554927399818,nan,nan
kmnist,entmax15,6,26,0.09448139369487762,0.9569166666666666,0.9569536894818867,0.14770300892439295,0.6999253256523863,2.9882130724318485,nan,nan
kmnist,entmax15,6,27,0.08850877732038498,0.96075,0.9607079227999182,0.14261595159769058,0.7030794005444709,3.0062770386959645,nan,nan
kmnist,entmax15,6,28,0.08806659281253815,0.9578333333333333,0.9577523734219942,0.13926263740088077,0.703784021291327,3.0046271111102816,nan,nan
kmnist,entmax15,6,29,0.0826476439833641,0.9551666666666667,0.9551726525572217,0.15007958133169946,0.6971588623016438,2.987701413479257,nan,nan
kmnist,entmax15,7,0,1.6023650169372559,0.676,0.6828720932901406,1.0051197117947517,0.7310198653251567,3.0775180598522756,nan,nan
kmnist,entmax15,7,1,0.8053450584411621,0.8101666666666667,0.812389791554056,0.5836827761315285,0.7175502162030403,3.066800256992908,nan,nan
kmnist,entmax15,7,2,0.5396164059638977,0.8463333333333334,0.8462538320517335,0.47184379240299795,0.728349597530162,3.0845036608107548,nan,nan
kmnist,entmax15,7,3,0.4330810606479645,0.891,0.8919788135323431,0.3424975314038865,0.731941857236497,3.088119902509324,nan,nan
kmnist,entmax15,7,4,0.3695065379142761,0.904,0.9044568206323996,0.30863755877981797,0.7317306970028167,3.079653615647174,nan,nan
kmnist,entmax15,7,5,0.31362786889076233,0.9034166666666666,0.9040822916907892,0.30038060533239486,0.7209399203036694,3.0504571579872293,nan,nan
kmnist,entmax15,7,6,0.2835274636745453,0.9135,0.9140933845099231,0.2745909792311648,0.7162348926067352,3.0365108505208442,nan,nan
kmnist,entmax15,7,7,0.2528495788574219,0.9200833333333334,0.9207960666170217,0.2548837335185802,0.713242899230186,3.0291017091020627,nan,nan
kmnist,entmax15,7,8,0.23640739917755127,0.9314166666666667,0.9316448430573846,0.21651365370192427,0.7103635827277569,3.0095325175752032,nan,nan
kmnist,entmax15,7,9,0.21326930820941925,0.9264166666666667,0.9268304700226079,0.23206383687384585,0.6999832702443954,2.9848261589699603,nan,nan
kmnist,entmax15,7,10,0.19853870570659637,0.9421666666666667,0.9425137773119483,0.18693539278304322,0.6990706597236876,2.9898377098935716,nan,nan
kmnist,entmax15,7,11,0.18293271958827972,0.9259166666666667,0.9268476649857075,0.23719829225793798,0.6909118212283926,2.970185581673967,nan,nan
kmnist,entmax15,7,12,0.16924551129341125,0.9463333333333334,0.9464625188771347,0.1748540740697942,0.6901335101178352,2.9697359825702425,nan,nan
kmnist,entmax15,7,13,0.16318099200725555,0.9421666666666667,0.9422831238767568,0.17512158526385085,0.6916963641947889,2.967266415027862,nan,nan
kmnist,entmax15,7,14,0.14803257584571838,0.9513333333333334,0.9514271780699239,0.1638191096643184,0.6869510672193893,2.9539065259568233,nan,nan
kmnist,entmax15,7,15,0.14064091444015503,0.9524166666666667,0.9524980179467744,0.16206298055166893,0.679551362991333,2.933273749148592,nan,nan
kmnist,entmax15,7,16,0.1311654895544052,0.9464166666666667,0.9467566915332559,0.17502058218134212,0.6757449260417451,2.920548624180733,nan,nan
kmnist,entmax15,7,17,0.12828709185123444,0.9514166666666667,0.9515947104662956,0.16005645628939283,0.6619128261474853,2.891246004307524,nan,nan
kmnist,entmax15,7,18,0.11697352677583694,0.9571666666666667,0.9573184450341685,0.14250341232152694,0.6728094530866501,2.9137400464808687,nan,nan
kmnist,entmax15,7,19,0.11326687783002853,0.9499166666666666,0.9502780016823558,0.16520823363928086,0.6652704521696619,2.8911237995675267,nan,nan
kmnist,entmax15,7,20,0.10328824073076248,0.9511666666666667,0.951344686183457,0.16667611421422757,0.65884231189464,2.8802485187002955,nan,nan
kmnist,entmax15,7,21,0.10475866496562958,0.9563333333333334,0.956463535863986,0.14777476245418508,0.6636532836772026,2.8892422381867755,nan,nan
kmnist,entmax15,7,22,0.102215975522995,0.9575833333333333,0.9576453568870587,0.14674915262359253,0.6650692909321887,2.890783170436291,nan,nan
kmnist,entmax15,7,23,0.09330461919307709,0.9586666666666667,0.9588376152563771,0.14633317101509014,0.6559413278356512,2.874878705816066,nan,nan
kmnist,entmax15,7,24,0.09113803505897522,0.9585,0.9586331907752577,0.14881335706152815,0.6555015939347287,2.8775952724700278,nan,nan
kmnist,entmax15,7,25,0.08122904598712921,0.9579166666666666,0.9581347246095964,0.14265206170843003,0.64596256486913,2.8503200424478408,nan,nan
kmnist,entmax15,7,26,0.08249425888061523,0.9579166666666666,0.9580467458141925,0.14763066600611868,0.6565442066243354,2.866135556647118,nan,nan
kmnist,entmax15,7,27,0.0765446349978447,0.9588333333333333,0.9590294207880742,0.14935604990162749,0.6464437138526997,2.8504918636159693,nan,nan
kmnist,entmax15,7,28,0.08523806184530258,0.96,0.9601745897632561,0.139493576072632,0.6457043848139175,2.8508887747500804,nan,nan
kmnist,entmax15,7,29,0.0743049755692482,0.9578333333333333,0.9578572616338386,0.15099186719732083,0.6422393423445681,2.8381219848673394,nan,nan
kmnist,entmax15,8,0,1.6077370643615723,0.6810833333333334,0.6713715302350669,0.9831921864063182,0.7945618787978558,3.283930981412847,nan,nan
kmnist,entmax15,8,1,0.7907834053039551,0.804,0.8037503987487744,0.6267991953707756,0.7542960612063713,3.218842344081148,nan,nan
kmnist,entmax15,8,2,0.5807967185974121,0.8405833333333333,0.8404982415309975,0.48894491855134353,0.7406033436034588,3.1760940881485635,nan,nan
kmnist,entmax15,8,3,0.47764748334884644,0.86225,0.8618521691660161,0.42270876625750925,0.7369500595204374,3.1474785804748535,nan,nan
kmnist,entmax15,8,4,0.4050014019012451,0.8849166666666667,0.8846678121669009,0.3645303547382355,0.7329716695115921,3.1256043327615615,nan,nan
kmnist,entmax15,8,5,0.3541901111602783,0.904,0.9034417275686959,0.3003637904816486,0.7326990619618842,3.114883859106835,nan,nan
kmnist,entmax15,8,6,0.3091735541820526,0.9163333333333333,0.9159808662782163,0.2640424155174418,0.7298901937109359,3.096074269172993,nan,nan
kmnist,entmax15,8,7,0.2797275483608246,0.8948333333333334,0.8943731781501425,0.3232570401531585,0.7224419212087672,3.0776101147874875,nan,nan
kmnist,entmax15,8,8,0.25738826394081116,0.9236666666666666,0.9233517336739043,0.24196382437614686,0.7136737602822324,3.0558606741276195,nan,nan
kmnist,entmax15,8,9,0.23879215121269226,0.9373333333333334,0.9371488589349063,0.20339572223577093,0.7100292089137625,3.038372775341602,nan,nan
kmnist,entmax15,8,10,0.21759311854839325,0.9320833333333334,0.9323205936102097,0.21217899690283107,0.7120597089858766,3.0353778499238033,nan,nan
kmnist,entmax15,8,11,0.20138050615787506,0.9385,0.9382061176180931,0.19647660518580295,0.7045588030460033,3.019114220396001,nan,nan
kmnist,entmax15,8,12,0.1943153738975525,0.9390833333333334,0.9388392336260765,0.19019065480282965,0.6995634614153111,3.006330802085552,nan,nan
kmnist,entmax15,8,13,0.1780080497264862,0.9418333333333333,0.9418221700207396,0.18467584062129894,0.6917641809646119,2.984529081811296,nan,nan
kmnist,entmax15,8,14,0.1692311316728592,0.9453333333333334,0.9451318031468402,0.18086139128563253,0.6811585102943664,2.9588469317618835,nan,nan
kmnist,entmax15,8,15,0.16248081624507904,0.94425,0.9440864800041882,0.18170464799759237,0.6882571222934317,2.975309800594411,nan,nan
kmnist,entmax15,8,16,0.15042059123516083,0.9471666666666667,0.9467249059407408,0.1758034979092314,0.6813979022046353,2.9568156156134098,nan,nan
kmnist,entmax15,8,17,0.1383458822965622,0.9400833333333334,0.9397391978999586,0.2008998530342224,0.6690473144358777,2.923496791656981,nan,nan
kmnist,entmax15,8,18,0.14274641871452332,0.9509166666666666,0.9507275301984089,0.15926627624542156,0.666892740954744,2.920629382133484,nan,nan
kmnist,entmax15,8,19,0.1272227019071579,0.9494166666666667,0.9494236945315133,0.1635891338612171,0.6626384587998085,2.9138868742800774,nan,nan
kmnist,entmax15,8,20,0.12241244316101074,0.9434166666666667,0.9432654449781903,0.17684177150751682,0.6622486970526107,2.9051410593885056,nan,nan
kmnist,entmax15,8,21,0.11917909979820251,0.9455,0.9454562716067956,0.17546815425157547,0.6630710636047606,2.9007003358069885,nan,nan
kmnist,entmax15,8,22,0.1067623421549797,0.9546666666666667,0.9544274536742895,0.15899114485116714,0.6530190484320864,2.882908118532059,nan,nan
kmnist,entmax15,8,23,0.11071337014436722,0.955,0.9548123839676996,0.15140501393916758,0.6499430029950244,2.881411199874066,nan,nan
kmnist,entmax15,8,24,0.10648612678050995,0.9509166666666666,0.9509241070028217,0.16375928831861375,0.6503880404411478,2.874885292763406,nan,nan
kmnist,entmax15,8,25,0.10353642702102661,0.95375,0.9537434153113662,0.15409274050529967,0.6518914439576737,2.8757507648873837,nan,nan
kmnist,entmax15,8,26,0.09724407643079758,0.95775,0.9576581164438892,0.14423257500884382,0.6509674527543656,2.877117580555855,nan,nan
kmnist,entmax15,8,27,0.09003841131925583,0.954,0.9538405615099533,0.15323519484793885,0.6454328805842298,2.8649025927198695,nan,nan
kmnist,entmax15,8,28,0.08919127285480499,0.96,0.9598822838972186,0.13953207266774584,0.6480669429961671,2.8695092277323946,nan,nan
kmnist,entmax15,8,29,0.08422021567821503,0.9575833333333333,0.9573614627268082,0.14488530983316136,0.6428692841783483,2.8532986235111317,nan,nan
kmnist,entmax15,9,0,1.6359221935272217,0.6529166666666667,0.6537607762837828,1.037771112107216,0.8079774113411599,3.3031042053344404,nan,nan
kmnist,entmax15,9,1,0.8398147225379944,0.7986666666666666,0.7976194075673988,0.6302398633449635,0.7810134640399445,3.21999924487256,nan,nan
kmnist,entmax15,9,2,0.5811281800270081,0.8515,0.8528187046104119,0.466905747956418,0.7475914010342132,3.1298425704874893,nan,nan
kmnist,entmax15,9,3,0.44895049929618835,0.8675,0.8682957606604298,0.41351262812918804,0.7328325801707328,3.090042078748662,nan,nan
kmnist,entmax15,9,4,0.3751794099807739,0.8869166666666667,0.8871384865656534,0.34756341132711854,0.7272953803234912,3.0735625688065875,nan,nan
kmnist,entmax15,9,5,0.3206302523612976,0.91475,0.9152372328472257,0.264594777150357,0.7287212432699001,3.075017989949977,nan,nan
kmnist,entmax15,9,6,0.2885431945323944,0.9205833333333333,0.920583073775725,0.25083140680130495,0.7222985618926109,3.052045619234126,nan,nan
kmnist,entmax15,9,7,0.25494107604026794,0.9213333333333333,0.9216920048882361,0.2509715934383108,0.7235825657844543,3.057662786321437,nan,nan
kmnist,entmax15,9,8,0.22848255932331085,0.9329166666666666,0.933154598672291,0.20925742831635982,0.7203183700429633,3.0480156578916184,nan,nan
kmnist,entmax15,9,9,0.20612257719039917,0.9365,0.936427468634059,0.19851089046990616,0.7128402311751183,3.0205796525833453,nan,nan
kmnist,entmax15,9,10,0.1965416818857193,0.9400833333333334,0.940386854229747,0.19043130094700672,0.7152595329791942,3.024020108770817,nan,nan
kmnist,entmax15,9,11,0.18006809055805206,0.94175,0.9420296328050064,0.19157721450988283,0.7130461075204484,3.0201955881524594,nan,nan
kmnist,entmax15,9,12,0.16737547516822815,0.9453333333333334,0.9455155788473762,0.16985321853389132,0.7139942170457637,3.0163241751650545,nan,nan
kmnist,entmax15,9,13,0.1574200689792633,0.953,0.9532382814279086,0.15252697721440742,0.7067511975765228,2.997866686354292,nan,nan
kmnist,entmax15,9,14,0.14550307393074036,0.95025,0.9505592520523318,0.16522025491328948,0.7126077464286317,3.0078130782918726,nan,nan
kmnist,entmax15,9,15,0.1381942182779312,0.9529166666666666,0.9531556812146199,0.14855314632679553,0.7107299895996743,3.003225090655875,nan,nan
kmnist,entmax15,9,16,0.13164009153842926,0.9554166666666667,0.9555077288437193,0.14341340768844524,0.7030109382690267,2.9840911652179476,nan,nan
kmnist,entmax15,9,17,0.1204017773270607,0.9568333333333333,0.9570830855500905,0.1462604710237777,0.6968425493291084,2.9712912478345506,nan,nan
kmnist,entmax15,9,18,0.11591438949108124,0.9550833333333333,0.9552433201529773,0.14927279854074438,0.7011002505079229,2.9796591084054174,nan,nan
kmnist,entmax15,9,19,0.11146518588066101,0.9540833333333333,0.954531858607042,0.15409642695746523,0.6918829952148681,2.959146192733278,nan,nan
kmnist,entmax15,9,20,0.09839849919080734,0.9556666666666667,0.9558414470613602,0.14864436061458386,0.691854606917564,2.9579436804385897,nan,nan
kmnist,entmax15,9,21,0.09994594007730484,0.9578333333333333,0.9580284736858509,0.14446131203402865,0.6920712907263573,2.9559301442288337,nan,nan
kmnist,entmax15,9,22,0.09278245270252228,0.9554166666666667,0.955749022479386,0.14689180373828462,0.6922729560669433,2.9518620460591416,nan,nan
kmnist,entmax15,9,23,0.09218420833349228,0.9603333333333334,0.9605411902478824,0.13480880864440126,0.6911137807876506,2.951945312479709,nan,nan
kmnist,entmax15,9,24,0.08681786805391312,0.9581666666666667,0.958405321139786,0.14653793595572737,0.6890291552594368,2.947410086367993,nan,nan
kmnist,entmax15,9,25,0.08208159357309341,0.963,0.9631779955775599,0.12951622396073442,0.6857267231383222,2.9374052032511284,nan,nan
kmnist,entmax15,9,26,0.08258532732725143,0.9633333333333334,0.9634489766300589,0.13355642366916576,0.6850586089682071,2.938054041659578,nan,nan
kmnist,entmax15,9,27,0.07269053161144257,0.9626666666666667,0.9629420778219853,0.13444243712311096,0.6806319723738,2.9240226035422467,nan,nan
kmnist,entmax15,9,28,0.07071388512849808,0.96,0.9601015809642621,0.13819311028148265,0.6856095315294063,2.9375027265954525,nan,nan
kmnist,entmax15,9,29,0.06848002970218658,0.9648333333333333,0.9650007361421411,0.1253169351752768,0.6877257874671449,2.94815243305044,nan,nan
kmnist,headwise_adaptive_entmax,0,0,1.5784393548965454,0.715,0.7164037421356021,0.8918848392811227,0.7841308592481816,3.2404593203930143,1.5039692521095276,0.0034780572750605643
kmnist,headwise_adaptive_entmax,0,1,0.7601934671401978,0.79975,0.8008258053157409,0.6055633755440407,0.7608051655140329,3.165140915424266,1.5031119585037231,0.003143191250273958
kmnist,headwise_adaptive_entmax,0,2,0.5493600964546204,0.86325,0.8640858014997027,0.42586205868010824,0.7496971113884703,3.1346328943333726,1.502589762210846,0.004062423831783235
kmnist,headwise_adaptive_entmax,0,3,0.4157141149044037,0.8849166666666667,0.8846855903332138,0.36703473519771657,0.7341626394302287,3.0967846880567835,1.5024418234825134,0.004583349684253335
kmnist,headwise_adaptive_entmax,0,4,0.3441196084022522,0.906,0.9061266927461826,0.2906777281710442,0.7296943892823889,3.0699801064552146,1.50240957736969,0.00479447515681386
kmnist,headwise_adaptive_entmax,0,5,0.3002583086490631,0.915,0.9149247191789168,0.2650519530189798,0.7331406099999205,3.0716064432834056,1.5021184086799622,0.004832407459616661
kmnist,headwise_adaptive_entmax,0,6,0.26184287667274475,0.9225833333333333,0.9227880918293604,0.2406934027342086,0.7335617523244087,3.0725380004720484,1.5017257928848267,0.004895997699350119
kmnist,headwise_adaptive_entmax,0,7,0.23566994071006775,0.9275,0.9275386701154307,0.22513131908279785,0.7266314175534756,3.05448420757943,1.5017786026000977,0.005240461323410273
kmnist,headwise_adaptive_entmax,0,8,0.21707966923713684,0.9285,0.9291297732608932,0.22156806607195673,0.721572109993468,3.038817928192463,1.5019134283065796,0.0051891556940972805
kmnist,headwise_adaptive_entmax,0,9,0.1982976794242859,0.9381666666666667,0.9382281551429748,0.19199685403641234,0.7263973076292809,3.045902097478826,1.501365303993225,0.005559446290135384
kmnist,headwise_adaptive_entmax,0,10,0.17983348667621613,0.9429166666666666,0.9431931272476248,0.1866395706509022,0.7241946928044583,3.041770019429795,1.5012304186820984,0.005351959029212594
kmnist,headwise_adaptive_entmax,0,11,0.17233793437480927,0.9439166666666666,0.9440235870669003,0.1696647935091181,0.7299874399570708,3.0439841468283473,1.5009601712226868,0.005489730974659324
kmnist,headwise_adaptive_entmax,0,12,0.16003569960594177,0.9453333333333334,0.9453615402531605,0.1673476903679523,0.7288523024701058,3.038894993193606,1.500397264957428,0.005325553473085165
kmnist,headwise_adaptive_entmax,0,13,0.14762255549430847,0.94825,0.9483448390572649,0.16274820680313923,0.7223246554110913,3.020364875489093,1.5007069110870361,0.0049510193057358265
kmnist,headwise_adaptive_entmax,0,14,0.13810108602046967,0.9530833333333333,0.9532059463074942,0.1563811384617014,0.716943586760379,3.0075353231835873,1.500522255897522,0.005236368160694838
kmnist,headwise_adaptive_entmax,0,15,0.13218659162521362,0.9565,0.9565576716091471,0.13626202156252049,0.7225684739173727,3.016928421690109,1.4999883770942688,0.005278305150568485
kmnist,headwise_adaptive_entmax,0,16,0.12049967795610428,0.9553333333333334,0.9554499704973743,0.14171370332862468,0.7163003087043762,3.0068249448816826,1.499538540840149,0.0049498677253723145
kmnist,headwise_adaptive_entmax,0,17,0.11518266052007675,0.95525,0.9553035740425443,0.15126361713764516,0.717777337165589,3.0021742785230594,1.4992529153823853,0.005451770266517997
kmnist,headwise_adaptive_entmax,0,18,0.11092416197061539,0.9594166666666667,0.959464424488426,0.1341850905025259,0.7250396190805638,3.021744651997343,1.4984132051467896,0.005735923536121845
kmnist,headwise_adaptive_entmax,0,19,0.10421823710203171,0.95725,0.9573269309748378,0.14184005479229259,0.7246364050723136,3.0251951217651367,1.4978005290031433,0.005462640197947621
kmnist,headwise_adaptive_entmax,0,20,0.10122042149305344,0.9593333333333334,0.9593843237304714,0.13624397800006766,0.7250721904825657,3.024342620626409,1.497300148010254,0.005556205986067653
kmnist,headwise_adaptive_entmax,0,21,0.09482931345701218,0.9605833333333333,0.9605649313836222,0.13475924698596306,0.722578967505313,3.0112595380620752,1.4966909885406494,0.005465297028422356
kmnist,headwise_adaptive_entmax,0,22,0.08759544789791107,0.9579166666666666,0.9579908410956456,0.14257857488824965,0.7286798820850697,3.018195334901201,1.496516764163971,0.005759936524555087
kmnist,headwise_adaptive_entmax,0,23,0.08441542834043503,0.9608333333333333,0.9608651439068646,0.1333677519033564,0.721731277222329,3.004517768291717,1.4956684708595276,0.006088870810344815
kmnist,headwise_adaptive_entmax,0,24,0.08521348237991333,0.961,0.9611105471683381,0.133229570582192,0.7238071655973475,3.0068656688040876,1.4945578575134277,0.005608849693089724
kmnist,headwise_adaptive_entmax,0,25,0.07549886405467987,0.9600833333333333,0.9600884804792745,0.13892858122733046,0.7223480001409003,2.9998985478218567,1.4941611289978027,0.006781603908166289
kmnist,headwise_adaptive_entmax,0,26,0.07438463717699051,0.9596666666666667,0.9597770957232825,0.13382487942246682,0.7246753161257886,3.0067164847191346,1.493411123752594,0.006502172676846385
kmnist,headwise_adaptive_entmax,0,27,0.07546025514602661,0.9641666666666666,0.9642087875591839,0.12611866108280548,0.7269772151683239,3.014160742150976,1.492451548576355,0.00603009550832212
kmnist,headwise_adaptive_entmax,0,28,0.06930046528577805,0.9576666666666667,0.9578317345424203,0.14264048271356744,0.7269450299283291,3.0056110595134977,1.4915332794189453,0.006361602572724223
kmnist,headwise_adaptive_entmax,0,29,0.0676015317440033,0.9634166666666667,0.9634873705218092,0.11840060131346926,0.7258048774080074,3.001443718342071,1.491123080253601,0.006005686707794666
kmnist,headwise_adaptive_entmax,1,0,1.5534868240356445,0.719,0.7217449792005042,0.8740934133529663,0.7716664361192825,3.2092361399467957,1.5037658214569092,0.0033650629920884967
kmnist,headwise_adaptive_entmax,1,1,0.7719812393188477,0.8105833333333333,0.8117512116932776,0.5868787106047285,0.7518981758584368,3.1549894885813936,1.5046380758285522,0.0047600812977179885
kmnist,headwise_adaptive_entmax,1,2,0.5599992275238037,0.8636666666666667,0.8638686166898729,0.43137407936948413,0.7327709584794146,3.1055036783218384,1.5046655535697937,0.0054645437048748136
kmnist,headwise_adaptive_entmax,1,3,0.4436386823654175,0.87825,0.8784811786586466,0.3845437701712263,0.7306206987259236,3.0959368741258664,1.5037588477134705,0.005235363496467471
kmnist,headwise_adaptive_entmax,1,4,0.37471505999565125,0.8979166666666667,0.898167530359306,0.3201245554584138,0.7181717284182285,3.0670891213924327,1.5026586055755615,0.005428929813206196
kmnist,headwise_adaptive_entmax,1,5,0.3243058919906616,0.9125833333333333,0.9132263009816111,0.28245896957022076,0.70932038286899,3.037174087889651,1.502492368221283,0.007109992438927293
kmnist,headwise_adaptive_entmax,1,6,0.28959381580352783,0.9078333333333334,0.9091005236479488,0.2881087495925579,0.7147771056662214,3.0522746963703886,1.5019264221191406,0.0076798489317297935
kmnist,headwise_adaptive_entmax,1,7,0.2674019932746887,0.9270833333333334,0.9271127937882817,0.22934147715568542,0.716529092890151,3.0415258737320596,1.5010269284248352,0.008600465022027493
kmnist,headwise_adaptive_entmax,1,8,0.23820997774600983,0.9343333333333333,0.9342868597905317,0.21417499016574088,0.7126816859904755,3.034816265106201,1.5001998543739319,0.008150848560035229
kmnist,headwise_adaptive_entmax,1,9,0.22353298962116241,0.9400833333333334,0.9401531073306139,0.19972398639359373,0.707362986625509,3.014288747564275,1.4995113611221313,0.008294370025396347
kmnist,headwise_adaptive_entmax,1,10,0.20826053619384766,0.939,0.9390760874782964,0.19168591055464237,0.7077346843607882,3.0264783235306436,1.4985588192939758,0.007999809458851814
kmnist,headwise_adaptive_entmax,1,11,0.18979132175445557,0.943,0.9430340042720458,0.18241477076043475,0.7193622861770873,3.0406559731097933,1.4973973631858826,0.008114231517538428
kmnist,headwise_adaptive_entmax,1,12,0.184451162815094,0.9475833333333333,0.9476964693314678,0.1749019166256519,0.7098505237001054,3.0120168898967985,1.4968990087509155,0.008471769047901034
kmnist,headwise_adaptive_entmax,1,13,0.1633213609457016,0.9455,0.9454815227508895,0.16892039347836313,0.7208382582410853,3.0451068827446472,1.49551260471344,0.008193296613171697
kmnist,headwise_adaptive_entmax,1,14,0.15628042817115784,0.9544166666666667,0.9544864676251541,0.15691207769386312,0.7190216925550015,3.0292667911407793,1.4950174689292908,0.007981521310284734
kmnist,headwise_adaptive_entmax,1,15,0.1497122347354889,0.95525,0.9552710232771044,0.14555700757402054,0.7256381143914893,3.045286290189053,1.4940522909164429,0.007990415440872312
kmnist,headwise_adaptive_entmax,1,16,0.1402396857738495,0.9536666666666667,0.9536283800418686,0.14778855252773204,0.7233296765926036,3.038709143374829,1.493651807308197,0.008221899624913931
kmnist,headwise_adaptive_entmax,1,17,0.1341133713722229,0.9545,0.9546047467143595,0.15087159834009536,0.7197538145045017,3.022508626288556,1.492751955986023,0.008732340997084975
kmnist,headwise_adaptive_entmax,1,18,0.12636686861515045,0.9570833333333333,0.9571182168503773,0.1450258174792249,0.7210278517388283,3.0259118942504233,1.491597592830658,0.008818404283374548
kmnist,headwise_adaptive_entmax,1,19,0.11647132784128189,0.9580833333333333,0.9580556226926038,0.14149179135231263,0.7250695856327706,3.030271370360192,1.4906782507896423,0.008925550384446979
kmnist,headwise_adaptive_entmax,1,20,0.11146557331085205,0.959,0.9591516235831754,0.13267286803494108,0.7207686444546314,3.017921323471881,1.4898646473884583,0.009319421136751771
kmnist,headwise_adaptive_entmax,1,21,0.10597547143697739,0.9595,0.9594409775829951,0.13534451735780595,0.7226875678021857,3.020469087235471,1.4894206523895264,0.010074904654175043
kmnist,headwise_adaptive_entmax,1,22,0.10861759632825851,0.9601666666666666,0.9601387846939108,0.1369418904502341,0.7269053801577142,3.0299710669416062,1.4884679317474365,0.010268228128552437
kmnist,headwise_adaptive_entmax,1,23,0.09361230581998825,0.965,0.9650483504662667,0.12215289552795126,0.7288534964652772,3.030399700428577,1.4875903129577637,0.010342436842620373
kmnist,headwise_adaptive_entmax,1,24,0.09260598570108414,0.9615,0.9615264190582652,0.13178611943062316,0.7321762455270645,3.0381504018256007,1.4865062832832336,0.01046085823327303
kmnist,headwise_adaptive_entmax,1,25,0.09144293516874313,0.9625,0.9624853290048696,0.13223439502589246,0.7288481098540286,3.0275104350232063,1.4858261346817017,0.010938728228211403
kmnist,headwise_adaptive_entmax,1,26,0.08325960487127304,0.9633333333333334,0.9632454753463586,0.12780765158698915,0.7181078195571899,3.006125232006641,1.4857370853424072,0.011413400061428547
kmnist,headwise_adaptive_entmax,1,27,0.08407649397850037,0.9620833333333333,0.9621475067619617,0.1341139520419405,0.7198971605047266,3.004278687720603,1.4850388169288635,0.01165411714464426
kmnist,headwise_adaptive_entmax,1,28,0.08035267144441605,0.9625833333333333,0.9627008221536272,0.1343653102980015,0.7189791563977587,3.0052635289253073,1.4841874241828918,0.011533558834344149
kmnist,headwise_adaptive_entmax,2,0,1.5740834474563599,0.7105,0.7116632466205253,0.9111618564483968,0.762124610708115,3.199093709600733,1.505610466003418,0.005703271133825183
kmnist,headwise_adaptive_entmax,2,1,0.7608787417411804,0.8146666666666667,0.8150034740808983,0.5861358376259499,0.7625302532885937,3.1867334462226706,1.5046347379684448,0.00854385388083756
kmnist,headwise_adaptive_entmax,2,2,0.5422120094299316,0.8565833333333334,0.8571767700855295,0.4520856370317175,0.7537843229922843,3.168518106988136,1.5045884847640991,0.009426459670066833
kmnist,headwise_adaptive_entmax,2,3,0.4406947195529938,0.8784166666666666,0.8788196177734411,0.38790599209197024,0.7438330003555785,3.1433048400473087,1.504022240638733,0.009820370003581047
kmnist,headwise_adaptive_entmax,2,4,0.3649144172668457,0.8935833333333333,0.8940789525393947,0.3331542135553157,0.7403688804900392,3.1370230481979693,1.5031864643096924,0.010071884375065565
kmnist,headwise_adaptive_entmax,2,5,0.31917157769203186,0.9098333333333334,0.9101819219516587,0.2945154740455303,0.7286880510918637,3.1047767806560436,1.5027289986610413,0.010510473046451807
kmnist,headwise_adaptive_entmax,2,6,0.28522905707359314,0.9185,0.9190805916655336,0.25921088076652365,0.7358234036476055,3.1135621324498604,1.5012545585632324,0.010430859867483377
kmnist,headwise_adaptive_entmax,2,7,0.25618141889572144,0.9193333333333333,0.9197929723138294,0.2655175588232406,0.7240397296053298,3.0811468793990766,1.500604271888733,0.010965683963149786
kmnist,headwise_adaptive_entmax,2,8,0.23108062148094177,0.9275833333333333,0.9282535799192602,0.2329042135400975,0.7277419991949772,3.0813989639282227,1.4996168613433838,0.01115674152970314
kmnist,headwise_adaptive_entmax,2,9,0.20992130041122437,0.9355833333333333,0.9360185409414086,0.207256684912012,0.7360232852874918,3.099923072977269,1.4983158707618713,0.011431971564888954
kmnist,headwise_adaptive_entmax,2,10,0.1943100541830063,0.93275,0.9335483164195132,0.21303500552126703,0.7372447417137471,3.098934472875392,1.4972847700119019,0.011589741334319115
kmnist,headwise_adaptive_entmax,2,11,0.1861804723739624,0.9416666666666667,0.9419362606084413,0.18556669338586482,0.7348943593654227,3.0960533137017108,1.4961601495742798,0.01149448100477457
kmnist,headwise_adaptive_entmax,2,12,0.16942951083183289,0.9406666666666667,0.9409155133209175,0.1899067391740515,0.7338503675257906,3.088420900892704,1.4951888918876648,0.011280893348157406
kmnist,headwise_adaptive_entmax,2,13,0.1599947214126587,0.9416666666666667,0.9421999893343816,0.18619802530775678,0.7417603325336537,3.099571004826972,1.4944224953651428,0.011658038944005966
kmnist,headwise_adaptive_entmax,2,14,0.1462593823671341,0.94675,0.9470045184161275,0.17434137504785618,0.7434474857563668,3.097410404935796,1.493422269821167,0.011400386691093445
kmnist,headwise_adaptive_entmax,2,15,0.1380794793367386,0.9463333333333334,0.9465816378044962,0.17318889181664648,0.7506966457722035,3.1125101079332067,1.4923862218856812,0.011201956309378147
kmnist,headwise_adaptive_entmax,2,16,0.12941519916057587,0.95075,0.9508813357208842,0.1676735392910369,0.7488456228946118,3.1078041589006467,1.4915017485618591,0.011435872875154018
kmnist,headwise_adaptive_entmax,2,17,0.12511976063251495,0.9499166666666666,0.9502114700575662,0.17219996357217748,0.7419247100961969,3.090958597812247,1.4906098246574402,0.01120789349079132
kmnist,headwise_adaptive_entmax,2,18,0.11605875939130783,0.9534166666666667,0.9534590225080745,0.1642629917948804,0.7498925917960227,3.1025244682393174,1.4894459247589111,0.011256469879299402
kmnist,headwise_adaptive_entmax,2,19,0.11102323234081268,0.9535,0.953701771914961,0.15566060438435128,0.7489998131356341,3.094647115849434,1.4882128238677979,0.011240921914577484
kmnist,headwise_adaptive_entmax,2,20,0.1082134023308754,0.9428333333333333,0.9427224589580121,0.18796378532622723,0.743596187931426,3.0796678776436663,1.4874707460403442,0.011599409393966198
kmnist,headwise_adaptive_entmax,2,21,0.09671424329280853,0.9554166666666667,0.9554814104993682,0.1585828958356634,0.7500097453594208,3.090954818624131,1.486133873462677,0.01126690860837698
kmnist,headwise_adaptive_entmax,2,22,0.09610571712255478,0.9523333333333334,0.9525233109767519,0.17873375585421603,0.7489985988495198,3.0899762929754053,1.4853211641311646,0.011320277582854033
kmnist,headwise_adaptive_entmax,2,23,0.09261800348758698,0.9571666666666667,0.9573938987440196,0.14470726235749873,0.7478742142941089,3.082336801163694,1.4844069480895996,0.011454463936388493
kmnist,headwise_adaptive_entmax,2,24,0.08495666086673737,0.9580833333333333,0.9582999494718936,0.14459609065918214,0.7424280465917384,3.0679406790023154,1.484208881855011,0.01125128474086523
kmnist,headwise_adaptive_entmax,2,25,0.08717340975999832,0.9605,0.9605909079536256,0.13807795704045195,0.7523454478446473,3.084910347106609,1.4825693368911743,0.011368240229785442
kmnist,headwise_adaptive_entmax,2,26,0.07734604179859161,0.9558333333333333,0.9559554566643979,0.15927968316889823,0.7535607459697318,3.0811731105155133,1.4813888669013977,0.011863033287227154
kmnist,headwise_adaptive_entmax,2,27,0.07762748748064041,0.9589166666666666,0.9590559663813941,0.14837556696952658,0.7494741196328021,3.078372635739915,1.480403184890747,0.012080904562026262
kmnist,headwise_adaptive_entmax,2,28,0.07396124303340912,0.9630833333333333,0.9631640812853608,0.1348719576254804,0.7547079584699996,3.083687437341568,1.4788915514945984,0.01178035419434309
kmnist,headwise_adaptive_entmax,2,29,0.07423382997512817,0.9585833333333333,0.9586026978426296,0.14746929182017104,0.7503138400138692,3.0748063199063567,1.477675199508667,0.011596778873354197
kmnist,headwise_adaptive_entmax,3,0,1.523302674293518,0.72525,0.7251707570092423,0.8669415801129443,0.7598123379210209,3.2178296687755177,1.504193365573883,0.004540870664641261
kmnist,headwise_adaptive_entmax,3,1,0.7186447978019714,0.8161666666666667,0.8165074509161533,0.5906907288317985,0.7378443321014972,3.1799960542232433,1.5033900141716003,0.0036703100195154548
kmnist,headwise_adaptive_entmax,3,2,0.5069723725318909,0.8655,0.8659420223128075,0.42370646240863397,0.7351381252420709,3.166462614181194,1.5032711029052734,0.005004086764529347
kmnist,headwise_adaptive_entmax,3,3,0.3986828029155731,0.884,0.8839329407873711,0.3663565738404051,0.7351275409789796,3.1472540941644223,1.5028775334358215,0.006144609302282333
kmnist,headwise_adaptive_entmax,3,4,0.3203622102737427,0.902,0.9018144179319796,0.30717549679127143,0.7299080662270809,3.1287983782747957,1.502525806427002,0.006353874458000064
kmnist,headwise_adaptive_entmax,3,5,0.284294068813324,0.9168333333333333,0.9167490149086189,0.2619999840538553,0.7171316001009433,3.1008290864051657,1.5021932721138,0.007340790471062064
kmnist,headwise_adaptive_entmax,3,6,0.24834276735782623,0.9251666666666667,0.9251054476271555,0.24467466137510666,0.7212658733763593,3.097816140093702,1.5018858313560486,0.007597825489938259
kmnist,headwise_adaptive_entmax,3,7,0.22607867419719696,0.9294166666666667,0.9293882500055645,0.2298904191306297,0.7115928549715813,3.076349529814213,1.5015901327133179,0.007733640260994434
kmnist,headwise_adaptive_entmax,3,8,0.21295708417892456,0.93225,0.932654206678265,0.21655946969985962,0.7058997636145734,3.0589391677937607,1.5013941526412964,0.008283451665192842
kmnist,headwise_adaptive_entmax,3,9,0.19215182960033417,0.9400833333333334,0.9398703456494569,0.19475340700529992,0.6950130012441189,3.0314938413335923,1.5012174844741821,0.008035309612751007
kmnist,headwise_adaptive_entmax,3,10,0.1761222779750824,0.9416666666666667,0.9417231948342305,0.19096244205819798,0.6924963447641819,3.0179956897776177,1.5008431673049927,0.008361953077837825
kmnist,headwise_adaptive_entmax,3,11,0.16295799612998962,0.9459166666666666,0.9459603527972436,0.17658041702940108,0.6895825374633708,3.011544481236884,1.5003879070281982,0.00841663428582251
kmnist,headwise_adaptive_entmax,3,12,0.1606810986995697,0.9485833333333333,0.9483613540923773,0.1679528017944478,0.6899785006299932,3.0087632245205818,1.4997111558914185,0.008755669929087162
kmnist,headwise_adaptive_entmax,3,13,0.1420847475528717,0.9511666666666667,0.9511279192057416,0.15910273314790524,0.6885726616737691,3.003531800939682,1.49908846616745,0.008931793738156557
kmnist,headwise_adaptive_entmax,3,14,0.1423216313123703,0.9455,0.9456204359346767,0.17467082513773696,0.6948286047641267,3.0090198313936276,1.4988132119178772,0.008922939421609044
kmnist,headwise_adaptive_entmax,3,15,0.12826067209243774,0.9568333333333333,0.9568613217830331,0.14147875418371342,0.690241960134912,2.9999263996773577,1.49805748462677,0.00914616184309125
kmnist,headwise_adaptive_entmax,3,16,0.12096860259771347,0.9483333333333334,0.9484347573289611,0.16287696567621637,0.6894165860845688,2.9933475129147795,1.4979034066200256,0.009399910690262914
kmnist,headwise_adaptive_entmax,3,17,0.1184530109167099,0.9586666666666667,0.958681917718202,0.14034410455125443,0.6953209898573287,3.00583023974236,1.4968319535255432,0.00933496537618339
kmnist,headwise_adaptive_entmax,3,18,0.10782303661108017,0.9608333333333333,0.9608535811673862,0.1357545664018773,0.6941361439988968,2.9956411655913007,1.4966273307800293,0.00972314365208149
kmnist,headwise_adaptive_entmax,3,19,0.09998686611652374,0.9514166666666667,0.951269749841145,0.15087663857860767,0.6942997796738402,2.994818664611654,1.4959169626235962,0.008837927598506212
kmnist,headwise_adaptive_entmax,3,20,0.10025445371866226,0.9595833333333333,0.9595838206410056,0.13793146990715188,0.6828657686710358,2.971151942902423,1.495842695236206,0.009375771041959524
kmnist,headwise_adaptive_entmax,3,21,0.09392183274030685,0.95775,0.9578094506211533,0.14416027433694678,0.677634541024553,2.95967631644391,1.4951696395874023,0.009894212242215872
kmnist,headwise_adaptive_entmax,3,22,0.0931277945637703,0.9575833333333333,0.957513115893643,0.13895626096649372,0.6814233058310569,2.961156672619759,1.4948280453681946,0.009903805563226342
kmnist,headwise_adaptive_entmax,3,23,0.0886061042547226,0.96025,0.9602935929168153,0.13036888885371228,0.6845646862019884,2.964610092183377,1.4938889145851135,0.010301878210157156
kmnist,headwise_adaptive_entmax,4,0,1.603461503982544,0.6786666666666666,0.6827190962259652,0.9667241332378793,0.8055263104590964,3.27781631845109,1.5013391971588135,0.001784874068107456
kmnist,headwise_adaptive_entmax,4,1,0.791729748249054,0.7861666666666667,0.7887797169192897,0.6405305177607434,0.7790321720407364,3.187897986554085,1.5012502074241638,0.0018835950177162886
kmnist,headwise_adaptive_entmax,4,2,0.5602759122848511,0.8653333333333333,0.8648480597012126,0.4195702507140789,0.7877061633353538,3.181574468917035,1.5002530813217163,0.001261433120816946
kmnist,headwise_adaptive_entmax,4,3,0.44088613986968994,0.8899166666666667,0.8901439012625453,0.3462779762897086,0.7790557710414238,3.1397515560718294,1.4995277523994446,0.0009004123858176172
kmnist,headwise_adaptive_entmax,4,4,0.3726789951324463,0.8935,0.8932093480256974,0.3306335080811318,0.7656682120992783,3.1113294007930348,1.499083936214447,0.0013243058347143233
kmnist,headwise_adaptive_entmax,4,5,0.324199914932251,0.9079166666666667,0.9077041671314726,0.28568225338103925,0.7606879326891391,3.097323328890699,1.4985769987106323,0.0021948395296931267
kmnist,headwise_adaptive_entmax,4,6,0.28232625126838684,0.9223333333333333,0.9224873968010409,0.2463897041817929,0.7508126300700168,3.0711824310586806,1.497770369052887,0.0027786482824012637
kmnist,headwise_adaptive_entmax,4,7,0.2577110230922699,0.9289166666666666,0.9288102624915233,0.22507505499302072,0.7421408295631409,3.0477952449879746,1.49758780002594,0.003511981456540525
kmnist,headwise_adaptive_entmax,4,8,0.23866042494773865,0.9308333333333333,0.9307775312665705,0.21184735348884096,0.739704317869024,3.045824446576707,1.4972696900367737,0.003722163150086999
kmnist,headwise_adaptive_entmax,4,9,0.21648472547531128,0.9291666666666667,0.9294138697287909,0.22115058451890945,0.7357463538646698,3.045869997207155,1.496604084968567,0.004035687656141818
kmnist,headwise_adaptive_entmax,4,10,0.19909237325191498,0.93425,0.9341676419508904,0.1979806843273183,0.7351996993764918,3.0465655098570155,1.4963800311088562,0.004227864439599216
kmnist,headwise_adaptive_entmax,4,11,0.18199242651462555,0.9495833333333333,0.9494904852402863,0.16657378048972882,0.7356584699864083,3.0412291973195176,1.4956402778625488,0.004946182249113917
kmnist,headwise_adaptive_entmax,4,12,0.1702061891555786,0.94625,0.9462168362532305,0.17324403673410416,0.7302695563498963,3.030127332565632,1.4949854612350464,0.005298701813444495
kmnist,headwise_adaptive_entmax,4,13,0.16221876442432404,0.9481666666666667,0.9480995190022246,0.16799554086111962,0.7333319275937182,3.0457663612162813,1.4940311312675476,0.00533070252276957
kmnist,headwise_adaptive_entmax,4,14,0.15291467308998108,0.9395833333333333,0.9395638285715497,0.1977581541906012,0.7345163270514062,3.0402467555188117,1.4936381578445435,0.006139112403616309
kmnist,headwise_adaptive_entmax,4,15,0.14766700565814972,0.9531666666666667,0.9531323919436188,0.1516073854996803,0.7295919250934682,3.0226962008374803,1.49329274892807,0.006380488397553563
kmnist,headwise_adaptive_entmax,4,16,0.1331474781036377,0.9539166666666666,0.9538249445873964,0.15296765369303683,0.7290205346777084,3.021518905112084,1.49272221326828,0.006790525745600462
kmnist,headwise_adaptive_entmax,4,17,0.12798787653446198,0.9573333333333334,0.9573136073796265,0.14137325110904714,0.7206883684117743,3.0029253858201046,1.4924591779708862,0.006598110543563962
kmnist,headwise_adaptive_entmax,4,18,0.11920259892940521,0.95625,0.9560438115138202,0.14081175966148682,0.7263517519260975,3.014338325946889,1.4919583797454834,0.006867698160931468
kmnist,headwise_adaptive_entmax,4,19,0.11136245727539062,0.9575,0.9574312840993233,0.14029087134181184,0.725821649774592,3.0220577590009,1.4913864731788635,0.007272860500961542
kmnist,headwise_adaptive_entmax,4,20,0.11251088976860046,0.9606666666666667,0.9606311138157881,0.1306411698460579,0.721232201824797,3.006235843009137,1.4906529188156128,0.007431897101923823
kmnist,headwise_adaptive_entmax,4,21,0.10290025174617767,0.95875,0.9587407490828539,0.13775591766263576,0.7301834162245405,3.02430844053309,1.4900550246238708,0.008213756140321493
kmnist,headwise_adaptive_entmax,4,22,0.100787453353405,0.9595833333333333,0.9594163660488186,0.1362744115610072,0.726454643493003,3.0169941770269517,1.4894129037857056,0.008447015658020973
kmnist,headwise_adaptive_entmax,4,23,0.09423815459012985,0.9590833333333333,0.9589440960335012,0.1399296319231074,0.7180700688920123,2.996217283796757,1.4889127016067505,0.008735534269362688
kmnist,headwise_adaptive_entmax,4,24,0.09579777717590332,0.9580833333333333,0.9580359088372065,0.14013488440120475,0.7293847070095387,3.0209156401613924,1.4880729913711548,0.009023734368383884
kmnist,headwise_adaptive_entmax,4,25,0.08720742911100388,0.9605833333333333,0.9605401082813632,0.13133375552740503,0.7213569619554154,2.999735801777941,1.487650990486145,0.009213867597281933
kmnist,headwise_adaptive_entmax,5,0,1.5292812585830688,0.69325,0.6906481972915138,0.9521679370961291,0.7980022347987966,3.259348930196559,1.5027217864990234,0.0027116852506878786
kmnist,headwise_adaptive_entmax,5,1,0.8063907027244568,0.8095833333333333,0.8085045738068677,0.594487670888292,0.746427355928624,3.114966996172641,1.5031917691230774,0.004024267313070595
kmnist,headwise_adaptive_entmax,5,2,0.5594745874404907,0.8445,0.8429640788880061,0.48284943560336496,0.7294052623687907,3.0716143592875054,1.5030769109725952,0.005651620915159583
kmnist,headwise_adaptive_entmax,5,3,0.44760069251060486,0.8814166666666666,0.8808878644210617,0.37590935382437196,0.7214996250385933,3.0600630602938064,1.5032543540000916,0.006898299558088183
kmnist,headwise_adaptive_entmax,5,4,0.38067564368247986,0.8849166666666667,0.885700205761801,0.35268999731287043,0.7104866625146663,3.041215678478809,1.503093421459198,0.007926511112600565
kmnist,headwise_adaptive_entmax,5,5,0.33621945977211,0.90275,0.9027027497846755,0.3052916463385237,0.7137903748674596,3.035901483069075,1.5024532675743103,0.008682012092322111
kmnist,headwise_adaptive_entmax,5,6,0.29985618591308594,0.9188333333333333,0.9187781683968144,0.26732802581279835,0.7093448423324747,3.0331365225162914,1.5019109845161438,0.010006018448621035
kmnist,headwise_adaptive_entmax,5,7,0.27050402760505676,0.9224166666666667,0.9223103412141223,0.2552526666128889,0.7072327156016167,3.014538308407398,1.5013031363487244,0.010510752908885479
kmnist,headwise_adaptive_entmax,5,8,0.24545013904571533,0.9261666666666667,0.9259326049877312,0.24233897474217922,0.7113324270603505,3.0222192622245627,1.5005173683166504,0.01132526807487011
kmnist,headwise_adaptive_entmax,5,9,0.21840615570545197,0.9313333333333333,0.9313346821165964,0.21989535809831418,0.7162924687913124,3.0355697413708302,1.499952793121338,0.011358785443007946
kmnist,headwise_adaptive_entmax,5,10,0.2069818377494812,0.93675,0.9365185435336238,0.20180997981670054,0.7172073525317172,3.032329100243589,1.4987936615943909,0.012415090575814247
kmnist,headwise_adaptive_entmax,5,11,0.18986277282238007,0.9431666666666667,0.9430394756246494,0.1857064147578909,0.7213204071876851,3.0388584948600608,1.4980418682098389,0.013368675485253334
kmnist,headwise_adaptive_entmax,5,12,0.17583432793617249,0.9448333333333333,0.9446939840272315,0.18487279973131546,0.7172477936491053,3.0360559098264006,1.4975284934043884,0.01305906381458044
kmnist,headwise_adaptive_entmax,5,13,0.16721083223819733,0.9454166666666667,0.9452362782191649,0.18309132913325696,0.7212640554346936,3.033798742801585,1.496334433555603,0.013205932453274727
kmnist,headwise_adaptive_entmax,5,14,0.1546238660812378,0.9461666666666667,0.9459699854644281,0.17482986015842317,0.7179298210651317,3.0288785442392876,1.4960947036743164,0.013773238752037287
kmnist,headwise_adaptive_entmax,5,15,0.14546479284763336,0.9463333333333334,0.9460897514403455,0.16898828919263595,0.7181311230710212,3.032826205517383,1.49518620967865,0.014121249318122864
kmnist,headwise_adaptive_entmax,5,16,0.13745544850826263,0.9535,0.9532897670742884,0.15038343629938491,0.7193325612139194,3.024506312735537,1.4945724606513977,0.014431667979806662
kmnist,headwise_adaptive_entmax,5,17,0.12955868244171143,0.9533333333333334,0.9530664701166979,0.14997583667331554,0.7185165013404603,3.018266908665921,1.4937703013420105,0.014621465466916561
kmnist,headwise_adaptive_entmax,5,18,0.12397845834493637,0.9514166666666667,0.9512130608742357,0.16370886881300745,0.7174626018138642,3.0184528396484698,1.4933106899261475,0.014748769346624613
kmnist,headwise_adaptive_entmax,5,19,0.12302318960428238,0.9494166666666667,0.9493509359776862,0.16169900859289982,0.7265028046800736,3.0411961306916906,1.4927834272384644,0.01510028075426817
kmnist,headwise_adaptive_entmax,5,20,0.10999713838100433,0.957,0.9568037810889264,0.15061927349009413,0.7104671781367444,3.005011865433226,1.4924928545951843,0.015251261182129383
kmnist,headwise_adaptive_entmax,5,21,0.10885567218065262,0.95775,0.9575848057377719,0.14246526764745407,0.7158682821912968,3.01259398714025,1.4917052388191223,0.01566515350714326
kmnist,headwise_adaptive_entmax,5,22,0.09828780591487885,0.95825,0.9581570959169395,0.1407603713426184,0.7171741356240943,3.0119233765500657,1.4911112189292908,0.01590725965797901
kmnist,headwise_adaptive_entmax,5,23,0.0972464308142662,0.9589166666666666,0.9586854251532009,0.1405270868476401,0.720904954570405,3.018199623899257,1.4902949929237366,0.01643626345321536
kmnist,headwise_adaptive_entmax,5,24,0.09649474918842316,0.95825,0.9580763107603811,0.14035068579176638,0.7208633930125135,3.0173987911102618,1.489870309829712,0.01634352607652545
kmnist,headwise_adaptive_entmax,5,25,0.08721066266298294,0.9589166666666666,0.9587145417581274,0.14754704536592705,0.7160893570869526,3.0089392332320517,1.4890203475952148,0.01688805129379034
kmnist,headwise_adaptive_entmax,5,26,0.0887088030576706,0.9599166666666666,0.9596518750937262,0.14083910075590966,0.7184331391720061,3.007137656211853,1.4883254170417786,0.017298053950071335
kmnist,headwise_adaptive_entmax,5,27,0.0826495811343193,0.9618333333333333,0.9616938742269747,0.1393384573624489,0.7170827116103883,2.999253217210161,1.487411916255951,0.016916886903345585
kmnist,headwise_adaptive_entmax,5,28,0.0766579806804657,0.9574166666666667,0.9572602929711321,0.15708848231650413,0.7140206941898833,2.991658276699959,1.486691415309906,0.01717123854905367
kmnist,headwise_adaptive_entmax,5,29,0.0775226354598999,0.9614166666666667,0.9612246709754695,0.13724507970061708,0.7223372548184497,3.00899364846818,1.4856465458869934,0.016912519931793213
kmnist,headwise_adaptive_entmax,6,0,1.5606743097305298,0.698,0.7001322798536057,0.9419914357205654,0.8113018749876225,3.2899257857748805,1.505071997642517,0.004755623172968626
kmnist,headwise_adaptive_entmax,6,1,0.7939518094062805,0.78375,0.7863219969051135,0.6557443471665078,0.7902811309124561,3.207256459175272,1.5052059292793274,0.005187601433135569
kmnist,headwise_adaptive_entmax,6,2,0.5827495455741882,0.85125,0.8522319761327388,0.46487279141202886,0.789529856849224,3.18447416133069,1.5052592158317566,0.006053751218132675
kmnist,headwise_adaptive_entmax,6,3,0.466848760843277,0.8715,0.8714007904460374,0.39452723429558123,0.7890313191616789,3.1801038802938257,1.505266785621643,0.0067739663645625114
kmnist,headwise_adaptive_entmax,6,4,0.3929452896118164,0.8935833333333333,0.8934865330158726,0.33668764728180905,0.7917972777752166,3.1865671771637936,1.5047399401664734,0.007185954484157264
kmnist,headwise_adaptive_entmax,6,5,0.35086119174957275,0.8998333333333334,0.9001741838408795,0.3114652529041818,0.7804979352240867,3.1624971120915513,1.5047428607940674,0.007612986257299781
kmnist,headwise_adaptive_entmax,6,6,0.3066825866699219,0.915,0.9154858174440148,0.2714100185226887,0.7865604574375964,3.184166824564021,1.5044728517532349,0.008106666966341436
kmnist,headwise_adaptive_entmax,6,7,0.2800482511520386,0.9223333333333333,0.9226957782764824,0.24310622063088924,0.7832328835700421,3.179284874429094,1.5039424896240234,0.008175775350537151
kmnist,headwise_adaptive_entmax,6,8,0.25419682264328003,0.9265833333333333,0.9266530709635399,0.2323379396124089,0.767851636764851,3.1433545883665692,1.5039410591125488,0.008421617152635008
kmnist,headwise_adaptive_entmax,6,9,0.24139241874217987,0.9263333333333333,0.9263143444431423,0.2261397103045849,0.7673749955410653,3.1411240861770953,1.5039221048355103,0.008745521947275847
kmnist,headwise_adaptive_entmax,6,10,0.22075031697750092,0.9399166666666666,0.9397989066445639,0.19930541261713555,0.7631656286564279,3.135304349534055,1.503738522529602,0.009182322421111166
kmnist,headwise_adaptive_entmax,6,11,0.20143593847751617,0.9405833333333333,0.9405782171217524,0.19582321257033247,0.7535753503758856,3.1173630394834153,1.5038167834281921,0.009771204669959843
kmnist,headwise_adaptive_entmax,6,12,0.19328947365283966,0.9445,0.9444888106858803,0.18115645916538037,0.7565708800833276,3.1196588455362524,1.5035338997840881,0.0101686708512716
kmnist,headwise_adaptive_entmax,6,13,0.1748131811618805,0.9475,0.9475118474156149,0.16806318864543388,0.7474936849259316,3.098981667072215,1.5031923651695251,0.010608334792777896
kmnist,headwise_adaptive_entmax,6,14,0.16791407763957977,0.9455833333333333,0.9455204900822446,0.1783681721129316,0.7400745400722991,3.085131680711787,1.5031121373176575,0.011229171534068882
kmnist,headwise_adaptive_entmax,6,15,0.16141396760940552,0.9469166666666666,0.9471212364293299,0.17269398652492685,0.7410740268991348,3.081456760142712,1.5026649236679077,0.011516813770867884
kmnist,headwise_adaptive_entmax,6,16,0.14866146445274353,0.9515,0.9515104880417644,0.15682896004712327,0.7387190511886109,3.0721782040088734,1.5025376081466675,0.012312845443375409
kmnist,headwise_adaptive_entmax,6,17,0.1411883682012558,0.9514166666666667,0.9514405237104615,0.157549889956383,0.7358092982718285,3.064685025113694,1.5020696520805359,0.012544083525426686
kmnist,headwise_adaptive_entmax,6,18,0.13427117466926575,0.95125,0.9512786370929378,0.1637169804344786,0.7353419173271099,3.064687414372221,1.5013833045959473,0.012636718456633389
kmnist,headwise_adaptive_entmax,6,19,0.1269371211528778,0.955,0.9549913223801104,0.1515958328196343,0.7349531910520919,3.0575600989321443,1.5008710622787476,0.012688966584391892
kmnist,headwise_adaptive_entmax,6,20,0.11786907911300659,0.9556666666666667,0.9557442007895514,0.156316894800105,0.7222905869179583,3.02910541473551,1.5007104277610779,0.01331136527005583
kmnist,headwise_adaptive_entmax,6,21,0.11266198754310608,0.9538333333333333,0.9538375570832003,0.1545161874370372,0.7225583030822429,3.0275365317121463,1.5000584125518799,0.013667638297192752
kmnist,headwise_adaptive_entmax,6,22,0.11481987684965134,0.954,0.9540733749288854,0.15288726747670073,0.7312562389576689,3.046800621012424,1.4993260502815247,0.014252837747335434
kmnist,headwise_adaptive_entmax,6,23,0.10537271201610565,0.9561666666666667,0.9561740002882821,0.14491818258736996,0.7246464719163611,3.036841871890616,1.4987454414367676,0.014414238277822733
kmnist,headwise_adaptive_entmax,6,24,0.10258708894252777,0.9586666666666667,0.9586516883169599,0.1445394256647597,0.7313560849808632,3.043500177403714,1.4978341460227966,0.014569858554750681
kmnist,headwise_adaptive_entmax,6,25,0.09668664634227753,0.95975,0.9597416198248767,0.1419635219301315,0.717655268121273,3.0177781911606485,1.4976351261138916,0.015120917931199074
kmnist,headwise_adaptive_entmax,6,26,0.09304575622081757,0.95675,0.9566552654455309,0.14450521648247192,0.7170395838453415,3.0093011932170137,1.497289776802063,0.014611128834076226
kmnist,headwise_adaptive_entmax,6,27,0.08690532296895981,0.9605833333333333,0.9606539333122059,0.1409214070819794,0.7203471102613084,3.0173240113765636,1.4962290525436401,0.014893213752657175
kmnist,headwise_adaptive_entmax,6,28,0.08839722722768784,0.9591666666666666,0.9591029805940074,0.1368563549315676,0.7178051103936866,3.007600160355264,1.4954666495323181,0.014932072721421719
kmnist,headwise_adaptive_entmax,6,29,0.07801556587219238,0.9596666666666667,0.959731427790462,0.14554298463019918,0.7220786784557586,3.006231815256971,1.4948046207427979,0.015414639026857913
kmnist,headwise_adaptive_entmax,7,0,1.601403832435608,0.6800833333333334,0.6853657243052848,0.9836899929858268,0.7319643598921756,3.083159870289742,1.5048072934150696,0.0024565798230469227
kmnist,headwise_adaptive_entmax,7,1,0.7987695932388306,0.8111666666666667,0.8129146134346655,0.5824120469549869,0.722118763847554,3.0749621771751565,1.5039917826652527,0.004406788386404514
kmnist,headwise_adaptive_entmax,7,2,0.5367503762245178,0.8516666666666667,0.8516764979038743,0.45170821851872384,0.7343096916979932,3.0928076962207225,1.502651870250702,0.005304673686623573
kmnist,headwise_adaptive_entmax,7,3,0.4291287660598755,0.8889166666666667,0.8898070436780496,0.34966330705805027,0.7394906719948383,3.097777858693549,1.5015467405319214,0.006382588529959321
kmnist,headwise_adaptive_entmax,7,4,0.36809420585632324,0.90425,0.9046301000100616,0.3083069124754439,0.740766373086483,3.0899041840370667,1.5010987520217896,0.0069952779449522495
kmnist,headwise_adaptive_entmax,7,5,0.311612069606781,0.9065833333333333,0.9071825087510461,0.2986766591351083,0.7350568581134715,3.07077124270987,1.500429093837738,0.007945908699184656
kmnist,headwise_adaptive_entmax,7,6,0.283068984746933,0.9133333333333333,0.9139311384811725,0.2763248685192555,0.7283121569359556,3.052196337821636,1.500038981437683,0.008823839016258717
kmnist,headwise_adaptive_entmax,7,7,0.2518899142742157,0.9203333333333333,0.9210701344623999,0.2546392837737469,0.7330901077453126,3.0581077692356518,1.4991170763969421,0.009434490464627743
kmnist,headwise_adaptive_entmax,7,8,0.23610951006412506,0.9328333333333333,0.9330400644363402,0.21556644807470607,0.7259920030198199,3.029782827864302,1.4990896582603455,0.010445441585034132
kmnist,headwise_adaptive_entmax,7,9,0.2117123305797577,0.9269166666666667,0.9272680257678282,0.2299570545871207,0.7206664618025435,3.0125482234549015,1.4981691241264343,0.010722979437559843
kmnist,headwise_adaptive_entmax,7,10,0.19636352360248566,0.9415,0.9417916237651912,0.18685835948649873,0.7241125144857041,3.028457540146848,1.4971548914909363,0.010914338286966085
kmnist,headwise_adaptive_entmax,7,11,0.18290118873119354,0.92375,0.9247186478996067,0.24107783525548082,0.7167455668145037,3.0118179448107454,1.496745526790619,0.01120194373652339
kmnist,headwise_adaptive_entmax,7,12,0.16908101737499237,0.9456666666666667,0.945723153918476,0.17642934366743615,0.7180364360200598,3.0098704201109867,1.4958897233009338,0.011395048815757036
kmnist,headwise_adaptive_entmax,7,13,0.16211728751659393,0.9441666666666667,0.9442468886036298,0.1793931302555064,0.7250838026087335,3.0158512744497745,1.4949055910110474,0.011420912109315395
kmnist,headwise_adaptive_entmax,7,14,0.14883434772491455,0.95075,0.9508723710910839,0.16394860646192064,0.7170413155504998,2.992101641411477,1.4943574666976929,0.011878568213433027
kmnist,headwise_adaptive_entmax,7,15,0.13962200284004211,0.9491666666666667,0.9493421921292736,0.16537084874320537,0.7055326497301142,2.963840030609293,1.4938742518424988,0.012444077525287867
kmnist,headwise_adaptive_entmax,7,16,0.12948837876319885,0.94825,0.948562374520785,0.16796742236994683,0.7083113916376804,2.966367394366163,1.4931820631027222,0.01190022798255086
kmnist,headwise_adaptive_entmax,7,17,0.12509557604789734,0.9503333333333334,0.9505774843626528,0.16523788377959678,0.693395771244739,2.9313222575694957,1.4927558302879333,0.012331453617662191
kmnist,headwise_adaptive_entmax,7,18,0.11707574129104614,0.9560833333333333,0.956229492526881,0.14709731302362808,0.7066709728951149,2.956783457005278,1.491933524608612,0.012703022919595242
kmnist,headwise_adaptive_entmax,7,19,0.11283134669065475,0.9521666666666667,0.9524122463033178,0.15838589868012895,0.7019201409309468,2.939871851434099,1.4915208220481873,0.013090031687170267
kmnist,headwise_adaptive_entmax,7,20,0.10262791067361832,0.9535,0.9536924358561123,0.15686393988893388,0.6956741207457603,2.933316063373647,1.4911110401153564,0.013318823650479317
kmnist,headwise_adaptive_entmax,7,21,0.10260241478681564,0.95675,0.9568440873655504,0.15069579174543948,0.6997992909969167,2.9360845444050243,1.4901568293571472,0.013714952394366264
kmnist,headwise_adaptive_entmax,7,22,0.09787075221538544,0.9579166666666666,0.9580981906469264,0.14895868998892764,0.705947054193375,2.9425444450784237,1.4889968633651733,0.013908818364143372
kmnist,headwise_adaptive_entmax,7,23,0.09312950819730759,0.9595,0.9596237421321219,0.14410544662399494,0.6980649182137023,2.924448178169575,1.4881824851036072,0.014422784559428692
kmnist,headwise_adaptive_entmax,7,24,0.09327112883329391,0.9615,0.9617038029659121,0.1375177673836972,0.6972808806186027,2.924838233501353,1.48753160238266,0.014183759689331055
kmnist,headwise_adaptive_entmax,7,25,0.07858561724424362,0.9575,0.9577885871978611,0.15497228297147345,0.6994394228813496,2.931847681390478,1.4868489503860474,0.014616153668612242
kmnist,headwise_adaptive_entmax,7,26,0.07932405173778534,0.9599166666666666,0.960067517118474,0.14535364698856434,0.7067192729483259,2.9367791287442473,1.4855866432189941,0.014369723852723837
kmnist,headwise_adaptive_entmax,7,27,0.07543575018644333,0.962,0.9621837430150697,0.14017004321547263,0.6915373485139076,2.904955579879436,1.4856723546981812,0.014947048854082823
kmnist,headwise_adaptive_entmax,7,28,0.08001034706830978,0.9595,0.9596645159490261,0.14429608272745253,0.6993009346596738,2.9232477685238454,1.484657347202301,0.015154538676142693
kmnist,headwise_adaptive_entmax,7,29,0.07472747564315796,0.9618333333333333,0.9619454112627327,0.13655655292120386,0.691027579789466,2.896399878441019,1.484182059764862,0.015478698071092367
kmnist,headwise_adaptive_entmax,8,0,1.6009286642074585,0.69175,0.6884001391206782,0.9521624686870169,0.793140191981133,3.2877793667164257,1.5060516595840454,0.005071617430076003
kmnist,headwise_adaptive_entmax,8,1,0.7893001437187195,0.80075,0.8003632511946378,0.6278948137100707,0.7578696430997646,3.225445293365641,1.5057592391967773,0.006305486604105681
kmnist,headwise_adaptive_entmax,8,2,0.5775586366653442,0.8436666666666667,0.843011951537773,0.4826156370183255,0.7406970795164717,3.1735596479253565,1.5053905248641968,0.006459957628976554
kmnist,headwise_adaptive_entmax,8,3,0.4736197590827942,0.86625,0.8654526539016556,0.4215450058592127,0.7439630906632606,3.1583752936505256,1.504926860332489,0.006774123816285282
kmnist,headwise_adaptive_entmax,8,4,0.40258869528770447,0.8905833333333333,0.8905046562974569,0.3533057621184816,0.7451499155227174,3.1468514127934233,1.5046632289886475,0.00779328920179978
kmnist,headwise_adaptive_entmax,8,5,0.35361021757125854,0.90375,0.9034452853080621,0.29642042264025265,0.7458515344782078,3.1373510538263525,1.5040762424468994,0.008679874008521438
kmnist,headwise_adaptive_entmax,8,6,0.3083252012729645,0.9166666666666666,0.9164127743917145,0.26297311009244717,0.746761255441828,3.1259725677206163,1.5038956999778748,0.009571646805852652
kmnist,headwise_adaptive_entmax,8,7,0.27801313996315,0.898,0.8970002976695526,0.3184064465000274,0.7363281611432421,3.099386258328215,1.5032671689987183,0.01029444846790284
kmnist,headwise_adaptive_entmax,8,8,0.25657278299331665,0.9265833333333333,0.926231947255773,0.23253724866725028,0.7273303422522037,3.076761004772592,1.503227710723877,0.010971724754199386
kmnist,headwise_adaptive_entmax,8,9,0.23667871952056885,0.9374166666666667,0.9372353343891179,0.20409192588735134,0.7272911059095505,3.0636902109105537,1.5030140280723572,0.010888440301641822
kmnist,headwise_adaptive_entmax,8,10,0.21571050584316254,0.92825,0.9287014085168458,0.21744813183520703,0.7284845024981397,3.0614580676910723,1.5023706555366516,0.011402773903682828
kmnist,headwise_adaptive_entmax,8,11,0.20231512188911438,0.9369166666666666,0.9366640182397694,0.1967878907601884,0.7245477317495549,3.0499805896840195,1.5020484328269958,0.011757740285247564
kmnist,headwise_adaptive_entmax,8,12,0.19355426728725433,0.93725,0.9370622315773367,0.18785788530999042,0.7200132595731857,3.0370734397401202,1.501517117023468,0.012665039161220193
kmnist,headwise_adaptive_entmax,8,13,0.1803549826145172,0.9390833333333334,0.9391606644421838,0.1928810697603733,0.7115846098737514,3.0097203280063387,1.5007060170173645,0.012838433962315321
kmnist,headwise_adaptive_entmax,8,14,0.16993451118469238,0.945,0.9447651407574599,0.17769648848061867,0.7037895860824179,2.993262950410234,1.5003570914268494,0.013254253892228007
kmnist,headwise_adaptive_entmax,8,15,0.15948906540870667,0.9416666666666667,0.9413962981956729,0.18978703640242842,0.7113438514952964,3.006249369458949,1.4993376731872559,0.013495217077434063
kmnist,headwise_adaptive_entmax,8,16,0.14960555732250214,0.9469166666666666,0.9465749467487452,0.17702166228852373,0.7004310862815126,2.9766074419021606,1.498883306980133,0.01388268987648189
kmnist,headwise_adaptive_entmax,8,17,0.13693909347057343,0.939,0.9386810745932601,0.20571869326398728,0.6891312726000522,2.9446027304263827,1.4985317587852478,0.01437563425861299
kmnist,headwise_adaptive_entmax,8,18,0.13952364027500153,0.9479166666666666,0.9477290459314931,0.16067561126769858,0.6936221978765853,2.955798960746603,1.49787038564682,0.014855892863124609
kmnist,headwise_adaptive_entmax,8,19,0.12725386023521423,0.9453333333333334,0.9452696686678097,0.1726192090105503,0.6845442912680038,2.932369280368724,1.4973859786987305,0.014941370580345392
kmnist,headwise_adaptive_entmax,8,20,0.1198379322886467,0.9494166666666667,0.9492913469940716,0.16706814173054188,0.686208705318735,2.933783343497743,1.496772825717926,0.015167274046689272
kmnist,headwise_adaptive_entmax,8,21,0.11645977199077606,0.94975,0.9496432069877192,0.16645554373873042,0.6840750936498033,2.92565895395076,1.4959001541137695,0.015000719809904695
kmnist,headwise_adaptive_entmax,8,22,0.1082918643951416,0.9540833333333333,0.9539171500711596,0.15522805395278524,0.681054506530153,2.917533111064992,1.4951070547103882,0.01501416671089828
kmnist,headwise_adaptive_entmax,8,23,0.10744379460811615,0.955,0.9548291269134801,0.1482253114276744,0.6858352974374243,2.9320005964725575,1.4940956234931946,0.015114541398361325
kmnist,headwise_adaptive_entmax,8,24,0.10363347828388214,0.9575,0.9573305158805384,0.14110310740293341,0.6863671915328249,2.9262055133251432,1.4936339855194092,0.014538038056343794
kmnist,headwise_adaptive_entmax,8,25,0.10266367346048355,0.9535833333333333,0.9537420348071981,0.15503080355677198,0.6941920151101783,2.943513984375812,1.491958737373352,0.014770168112590909
kmnist,headwise_adaptive_entmax,8,26,0.09636896848678589,0.95975,0.9596569739988933,0.13875789052628457,0.6842750488443577,2.9192478327040976,1.4916167855262756,0.014800754841417074
kmnist,headwise_adaptive_entmax,8,27,0.08647651970386505,0.9514166666666667,0.9512346208163786,0.17076457466216796,0.6811246770493528,2.9142168100844037,1.4912034273147583,0.014747071312740445
kmnist,headwise_adaptive_entmax,8,28,0.08430244028568268,0.956,0.9558879712891113,0.15218115574184884,0.6872625040247086,2.9176617302793137,1.4904171824455261,0.014375256840139627
kmnist,headwise_adaptive_entmax,8,29,0.08804112672805786,0.9595,0.9593024682738509,0.13804591787939377,0.687250868437138,2.9193240632402135,1.48914235830307,0.015003340784460306
kmnist,headwise_adaptive_entmax,9,0,1.6345715522766113,0.6493333333333333,0.6500833666315244,1.0397724040011143,0.8100615803231584,3.3048502054620297,1.5019924640655518,0.004205388016998768
kmnist,headwise_adaptive_entmax,9,1,0.8398748636245728,0.7959166666666667,0.7949299938675839,0.6354064459496356,0.7866738362515227,3.227926490154672,1.5017160773277283,0.004548737779259682
kmnist,headwise_adaptive_entmax,9,2,0.5819302797317505,0.85675,0.8579583159539649,0.4569780452454344,0.7560064088790974,3.1455386978514652,1.5013562440872192,0.0048956533428281546
kmnist,headwise_adaptive_entmax,9,3,0.45058828592300415,0.866,0.8668581392188356,0.4178574066212837,0.7405928753791972,3.103588844867463,1.5011071562767029,0.0052697970531880856
kmnist,headwise_adaptive_entmax,9,4,0.37728437781333923,0.88825,0.8884451364272236,0.3466067872148879,0.7351969505878205,3.085363525025388,1.5006799101829529,0.005434433463960886
kmnist,headwise_adaptive_entmax,9,5,0.32282552123069763,0.9125833333333333,0.9130592166424132,0.27190422567915407,0.737370232952402,3.088051440867972,1.5004265904426575,0.005507386988028884
kmnist,headwise_adaptive_entmax,9,6,0.2920294404029846,0.9186666666666666,0.9187003809653176,0.2556912068356859,0.7341613832940447,3.0699115966228727,1.4998417496681213,0.005612146807834506
kmnist,headwise_adaptive_entmax,9,7,0.2571636438369751,0.9189166666666667,0.9193193779745809,0.2541930824518204,0.7373630639086378,3.07912019465832,1.4995367527008057,0.005193636519834399
kmnist,headwise_adaptive_entmax,9,8,0.23061281442642212,0.9336666666666666,0.9338000570529085,0.20627974290797052,0.7358631009751178,3.070668631411613,1.498460292816162,0.005197355756536126
kmnist,headwise_adaptive_entmax,9,9,0.20726153254508972,0.9345833333333333,0.9345180027761352,0.20264017645348895,0.7296881663038376,3.0481235930260193,1.498340666294098,0.005473364260978997
kmnist,headwise_adaptive_entmax,9,10,0.19579119980335236,0.93975,0.9400031811812596,0.19123319536447525,0.7311738050998525,3.046761254046826,1.497416377067566,0.0061228894628584385
kmnist,headwise_adaptive_entmax,9,11,0.17942599952220917,0.937,0.937316959091093,0.20447951697922767,0.7269089196590667,3.0374184973696443,1.4969441890716553,0.006576134241186082
kmnist,headwise_adaptive_entmax,9,12,0.16865310072898865,0.9465833333333333,0.9468504521174212,0.1684382217044526,0.734132393243465,3.0460534324037267,1.4960440397262573,0.006563699687831104
kmnist,headwise_adaptive_entmax,9,13,0.15784852206707,0.9540833333333333,0.9542479045387899,0.15098553436233642,0.7241697831356779,3.0183804035186768,1.495718240737915,0.007101915776729584
kmnist,headwise_adaptive_entmax,9,14,0.14488856494426727,0.94825,0.9485698774865486,0.16812364408310423,0.7312958557555016,3.031897060414578,1.49490624666214,0.007382052484899759
kmnist,headwise_adaptive_entmax,9,15,0.13731852173805237,0.9536666666666667,0.953826512158547,0.14758284564347976,0.7291761097755838,3.027701692378267,1.4942784905433655,0.007147358497604728
kmnist,headwise_adaptive_entmax,9,16,0.13107840716838837,0.9551666666666667,0.9552585990245838,0.14239167279385506,0.7248908230598937,3.0156844702172787,1.4936717748641968,0.007372831809334457
kmnist,headwise_adaptive_entmax,9,17,0.11902888119220734,0.95725,0.9575527549117521,0.15199588968398722,0.7168541595022729,3.00180251293994,1.4932354092597961,0.00672226888127625
kmnist,headwise_adaptive_entmax,9,18,0.11279730498790741,0.9548333333333333,0.9549877131769378,0.1490252601339462,0.7292083818861779,3.0273727685847183,1.492354929447174,0.007137412438169122
kmnist,headwise_adaptive_entmax,9,19,0.10928846895694733,0.95275,0.9532210175508015,0.1569089003382845,0.7177777734208615,2.9961522995157446,1.4914410710334778,0.007621864089742303
kmnist,headwise_adaptive_entmax,9,20,0.09710503369569778,0.9515,0.9517484699444105,0.16329308868722714,0.7211814668584378,3.0002742219478526,1.4904992580413818,0.007706087548285723
kmnist,headwise_adaptive_entmax,9,21,0.09974781423807144,0.9605833333333333,0.9608321188985107,0.13494520111286895,0.7286701100937863,3.015123126354623,1.4892284274101257,0.008168707136064768
kmnist,headwise_adaptive_entmax,9,22,0.09182774275541306,0.9571666666666667,0.9575065975711183,0.14192060412878685,0.7252353379066955,2.9926771965432675,1.4883991479873657,0.008262232411652803
kmnist,headwise_adaptive_entmax,9,23,0.08978715538978577,0.9571666666666667,0.9574198236972871,0.1486361992168934,0.7289878510414286,2.999517983578621,1.4877684116363525,0.0087153734639287
kmnist,headwise_adaptive_entmax,9,24,0.08207729458808899,0.9615,0.9616030771736185,0.13215114414057832,0.7263831965466763,2.9950240140265607,1.4863284826278687,0.008625259157270193
kmnist,headwise_adaptive_entmax,9,25,0.08070032298564911,0.9631666666666666,0.9633344717557062,0.12854465810542412,0.7229583561420441,2.98686428019341,1.485886573791504,0.008954457938671112
kmnist,headwise_adaptive_entmax,9,26,0.07996022701263428,0.96225,0.9623916490813208,0.1323301561493823,0.7298223807456645,3.001484624882962,1.4840924143791199,0.008738063741475344
kmnist,headwise_adaptive_entmax,9,27,0.07108517736196518,0.96175,0.962062019561342,0.1416809596913926,0.734388843495795,3.0026617430626077,1.4831631779670715,0.008209470426663756
kmnist,headwise_adaptive_entmax,9,28,0.07101443409919739,0.95775,0.9580322992466522,0.14176251327103756,0.7263759596550718,2.9897142420423792,1.4820342063903809,0.008285085204988718
kmnist,headwise_adaptive_entmax,9,29,0.06869737058877945,0.9618333333333333,0.9619996720422442,0.13205363728264544,0.7350874929986102,3.0066884629269865,1.4805282354354858,0.008959104074165225
