dataset,method,seed,epoch,train_loss,val_accuracy,val_macro_f1,val_loss,attention_density,attention_entropy,alpha_mean,alpha_std
emnist_balanced,softmax,0,0,3.268702983856201,0.28708333333333336,0.25523623992141387,2.435926011268129,1.0,3.7693438885059765,nan,nan
emnist_balanced,softmax,0,1,2.0751166343688965,0.5068333333333334,0.4977521989345352,1.6214432538823877,1.0,3.7511381063055484,nan,nan
emnist_balanced,softmax,0,2,1.484984278678894,0.632,0.6224489757765592,1.1803910909815039,1.0,3.7687566559365453,nan,nan
emnist_balanced,softmax,0,3,1.1808950901031494,0.6915,0.6828856248881161,0.9724084443234383,1.0,3.7628439309749195,nan,nan
emnist_balanced,softmax,0,4,0.9959572553634644,0.72775,0.7206375160474757,0.8367818720797275,1.0,3.758175771287147,nan,nan
emnist_balanced,softmax,0,5,0.8725873231887817,0.748,0.7414856679233788,0.7638275851594641,1.0,3.749810038728917,nan,nan
emnist_balanced,softmax,0,6,0.7870727181434631,0.7764166666666666,0.7707200350874271,0.6733451041769474,1.0,3.7477543633034887,nan,nan
emnist_balanced,softmax,0,7,0.7224152684211731,0.7854166666666667,0.7792099453747859,0.6346709398513145,1.0,3.731279271714231,nan,nan
emnist_balanced,softmax,0,8,0.6687735915184021,0.79425,0.7917138220736428,0.6011470061667422,1.0,3.728828506266817,nan,nan
emnist_balanced,softmax,0,9,0.6381624341011047,0.8045,0.8009715038323624,0.5714584512913481,1.0,3.7111477268503066,nan,nan
emnist_balanced,softmax,0,10,0.6023910641670227,0.8096666666666666,0.8069728888008955,0.5645785261975959,1.0,3.6992585329299277,nan,nan
emnist_balanced,softmax,0,11,0.566718339920044,0.8236666666666667,0.8198224755620132,0.5120231426776723,1.0,3.687388706714549,nan,nan
emnist_balanced,softmax,0,12,0.5440518856048584,0.8268333333333333,0.8234822166708657,0.5006589445661991,1.0,3.6753893811652003,nan,nan
emnist_balanced,softmax,0,13,0.5202208161354065,0.83275,0.8291519212134035,0.47771882884045863,1.0,3.6725230876435626,nan,nan
emnist_balanced,softmax,0,14,0.5008680820465088,0.8353333333333334,0.8312751044886961,0.47684513127550165,1.0,3.663996894308861,nan,nan
emnist_balanced,softmax,0,15,0.4911855161190033,0.83625,0.8330275912679962,0.4706079795005474,1.0,3.6639299570245947,nan,nan
emnist_balanced,softmax,0,16,0.47940438985824585,0.8375833333333333,0.8347302712539,0.4667949061444465,1.0,3.6511380418818047,nan,nan
emnist_balanced,softmax,0,17,0.4653994143009186,0.8371666666666666,0.8324344115731873,0.46537722298439516,1.0,3.6505118786020483,nan,nan
emnist_balanced,softmax,0,18,0.4490543007850647,0.8375,0.8331777436861059,0.4681101270178531,1.0,3.6595333358074758,nan,nan
emnist_balanced,softmax,0,19,0.44360601902008057,0.8443333333333334,0.8410632652448374,0.4469068101111879,1.0,3.640794794610206,nan,nan
emnist_balanced,softmax,0,20,0.4351579546928406,0.8478333333333333,0.8446305863087623,0.43678232076320245,1.0,3.640568033177802,nan,nan
emnist_balanced,softmax,0,21,0.42950037121772766,0.8460833333333333,0.8428550594132125,0.4355365665669137,1.0,3.630791116268077,nan,nan
emnist_balanced,softmax,0,22,0.4196123778820038,0.8461666666666666,0.8420575017065489,0.4308864994251982,1.0,3.6271138368768896,nan,nan
emnist_balanced,softmax,0,23,0.42144501209259033,0.8395,0.8355614670901435,0.4535238311645832,1.0,3.630981237330335,nan,nan
emnist_balanced,softmax,0,24,0.4039146602153778,0.8454166666666667,0.8423538373829085,0.43841526926832,1.0,3.62415020770215,nan,nan
emnist_balanced,softmax,0,25,0.40163135528564453,0.8444166666666667,0.8421705197697519,0.44296646625437636,1.0,3.631565045803151,nan,nan
emnist_balanced,softmax,1,0,3.341797113418579,0.28125,0.25111553212502385,2.474660051629898,1.0,3.6911277086176772,nan,nan
emnist_balanced,softmax,1,1,2.0703678131103516,0.49041666666666667,0.47329302105463245,1.6576588458203254,1.0,3.7131109871762864,nan,nan
emnist_balanced,softmax,1,2,1.479544758796692,0.6235833333333334,0.6145633260401442,1.2132188360741798,1.0,3.70993597964023,nan,nan
emnist_balanced,softmax,1,3,1.1996192932128906,0.6754166666666667,0.6633714145713263,1.0201871775566262,1.0,3.6970519410802964,nan,nan
emnist_balanced,softmax,1,4,1.0174108743667603,0.7204166666666667,0.7127038173723774,0.8749315611859585,1.0,3.6823755477337126,nan,nan
emnist_balanced,softmax,1,5,0.8969125151634216,0.7596666666666667,0.7520871411868981,0.7481965257766399,1.0,3.6839560523946235,nan,nan
emnist_balanced,softmax,1,6,0.793110191822052,0.76975,0.7629949302728068,0.6926770248311631,1.0,3.682436757899345,nan,nan
emnist_balanced,softmax,1,7,0.7349892258644104,0.7739166666666667,0.768952885271373,0.6732322586343643,0.9999998465497443,3.6706798000538603,nan,nan
emnist_balanced,softmax,1,8,0.6764355897903442,0.7988333333333333,0.7940539116770282,0.5986019220757992,1.0,3.669632835591093,nan,nan
emnist_balanced,softmax,1,9,0.645499050617218,0.796,0.7912561764801278,0.5991122386556991,1.0,3.6655970203115587,nan,nan
emnist_balanced,softmax,1,10,0.6061637997627258,0.8029166666666666,0.7996287253383797,0.5835598352107596,1.0,3.677220159388603,nan,nan
emnist_balanced,softmax,1,11,0.5859602093696594,0.8131666666666667,0.8104603581927148,0.5356371783195658,1.0,3.6687400899034865,nan,nan
emnist_balanced,softmax,1,12,0.5594377517700195,0.8225833333333333,0.8192206879815177,0.5220623840676978,1.0,3.6561567555082606,nan,nan
emnist_balanced,softmax,1,13,0.5405345559120178,0.8164166666666667,0.813096316604897,0.5286500992927146,1.0,3.657180035367925,nan,nan
emnist_balanced,softmax,1,14,0.528221070766449,0.8340833333333333,0.832115291106377,0.48666235297284227,1.0,3.654232174792188,nan,nan
emnist_balanced,softmax,1,15,0.5112705826759338,0.83925,0.837982405357153,0.47295078318169775,1.0,3.654230127943323,nan,nan
emnist_balanced,softmax,1,16,0.49803292751312256,0.8355,0.8349078934965531,0.485199436228326,1.0,3.6479123196703322,nan,nan
emnist_balanced,softmax,1,17,0.481655478477478,0.83775,0.8348442349046251,0.468416635026323,1.0,3.6410778913092106,nan,nan
emnist_balanced,softmax,1,18,0.47751855850219727,0.8349166666666666,0.833622790346648,0.48012599222203517,1.0,3.645299553871155,nan,nan
emnist_balanced,softmax,1,19,0.46362823247909546,0.8385,0.8361358081451694,0.4662120798800854,1.0,3.647119083303086,nan,nan
emnist_balanced,softmax,1,20,0.45017537474632263,0.8455,0.8419052312752905,0.4522076445691129,1.0,3.630031958539435,nan,nan
emnist_balanced,softmax,1,21,0.45055875182151794,0.8408333333333333,0.8397320343398463,0.46205104728962515,1.0,3.63201490108003,nan,nan
emnist_balanced,softmax,1,22,0.4362505376338959,0.8475,0.8455791131075087,0.4461389424953055,1.0,3.616368402826025,nan,nan
emnist_balanced,softmax,1,23,0.4304596483707428,0.8511666666666666,0.8500573874341807,0.43692108861943507,1.0,3.6134699456235198,nan,nan
emnist_balanced,softmax,1,24,0.43010520935058594,0.85125,0.8506125154449468,0.43286770772426686,1.0,3.6260705831203053,nan,nan
emnist_balanced,softmax,1,25,0.4152977466583252,0.8504166666666667,0.8491784514855687,0.4396241827214018,1.0,3.6124522051912673,nan,nan
emnist_balanced,softmax,1,26,0.40812575817108154,0.85025,0.8476866649170289,0.44245560308720205,1.0,3.611844831324638,nan,nan
emnist_balanced,softmax,1,27,0.4091016352176666,0.8533333333333334,0.8495558463902826,0.4287402934216438,1.0,3.6084248360167157,nan,nan
emnist_balanced,softmax,1,28,0.4017361104488373,0.8530833333333333,0.850630640534666,0.4314078669598762,1.0,3.612077738376374,nan,nan
emnist_balanced,softmax,1,29,0.39346006512641907,0.8553333333333333,0.8538497747410921,0.42263610692734416,1.0,3.601930785686412,nan,nan
emnist_balanced,softmax,2,0,3.3857171535491943,0.21808333333333332,0.1622988932246733,2.7014136669483593,0.999997837746397,3.5585293211835496,nan,nan
emnist_balanced,softmax,2,1,2.2104334831237793,0.49341666666666667,0.4754379363564388,1.7080988807881132,1.0,3.6991983702842224,nan,nan
emnist_balanced,softmax,2,2,1.5210832357406616,0.6116666666666667,0.6017709025774469,1.2653265253026436,1.0,3.715904451431112,nan,nan
emnist_balanced,softmax,2,3,1.2201687097549438,0.6691666666666667,0.6626246411425338,1.050863986319684,1.0,3.702269937129731,nan,nan
emnist_balanced,softmax,2,4,1.028029203414917,0.7099166666666666,0.7059056282426506,0.916480061855722,1.0,3.7149230393957584,nan,nan
emnist_balanced,softmax,2,5,0.8996131420135498,0.7409166666666667,0.7364930873786211,0.7916183281452098,1.0,3.7159379188050616,nan,nan
emnist_balanced,softmax,2,6,0.8081960082054138,0.75575,0.7521713366992518,0.7413482298242285,1.0,3.7227965212882834,nan,nan
emnist_balanced,softmax,2,7,0.73780757188797,0.7733333333333333,0.7693287304929162,0.6883683851424683,1.0,3.704164908287373,nan,nan
emnist_balanced,softmax,2,8,0.6928044557571411,0.78725,0.7832607873727958,0.6409790186171836,1.0,3.702423889586266,nan,nan
emnist_balanced,softmax,2,9,0.6456659436225891,0.7956666666666666,0.7955046555412179,0.6161149239286463,1.0,3.700967108949702,nan,nan
emnist_balanced,softmax,2,10,0.6182268857955933,0.8034166666666667,0.8005769423305196,0.5816791133677706,1.0,3.699999545482879,nan,nan
emnist_balanced,softmax,2,11,0.5821506381034851,0.8188333333333333,0.8158025546720605,0.5495037341371496,1.0,3.691889912524122,nan,nan
emnist_balanced,softmax,2,12,0.5672321319580078,0.8201666666666667,0.8158191878503607,0.5385850211407276,1.0,3.684781498097359,nan,nan
emnist_balanced,softmax,2,13,0.5354958176612854,0.8241666666666667,0.8213874706855259,0.5301084619887332,1.0,3.6818025873062457,nan,nan
emnist_balanced,softmax,2,14,0.526877224445343,0.8235833333333333,0.820198710059343,0.5238678303170712,1.0,3.6751790756874896,nan,nan
emnist_balanced,softmax,2,15,0.5113695859909058,0.83,0.8261381518061232,0.515962153673172,1.0,3.674311039295602,nan,nan
emnist_balanced,softmax,2,16,0.4972871243953705,0.82975,0.8257231130805777,0.5100033606620545,1.0,3.6645874520565602,nan,nan
emnist_balanced,softmax,2,17,0.48084789514541626,0.83,0.8296888426355395,0.5001052801913404,1.0,3.6664424576657884,nan,nan
emnist_balanced,softmax,2,18,0.46692007780075073,0.8281666666666667,0.826201364157039,0.5120463751732035,1.0,3.6631984228783465,nan,nan
emnist_balanced,softmax,2,19,0.45875856280326843,0.8383333333333334,0.8352672795991597,0.4805570251130043,1.0,3.6583753672051937,nan,nan
emnist_balanced,softmax,2,20,0.44550469517707825,0.8418333333333333,0.840506461502847,0.4742248603638182,1.0,3.6651244188876864,nan,nan
emnist_balanced,softmax,2,21,0.4419192671775818,0.83575,0.8342617370346004,0.47830884317134287,1.0,3.6605643769528005,nan,nan
emnist_balanced,softmax,2,22,0.43359941244125366,0.837,0.834302458758627,0.4826921452867224,1.0,3.655957942313336,nan,nan
emnist_balanced,softmax,2,23,0.4259316325187683,0.8429166666666666,0.8422913166112728,0.4647224393296749,1.0,3.653348963311378,nan,nan
emnist_balanced,softmax,2,24,0.4109911322593689,0.8445833333333334,0.8444134264200163,0.45296723982121084,1.0,3.644924209472981,nan,nan
emnist_balanced,softmax,2,25,0.4076841473579407,0.8455,0.8443136625773665,0.4561405752567535,1.0,3.6443091859208776,nan,nan
emnist_balanced,softmax,2,26,0.39971470832824707,0.8454166666666667,0.844584070668988,0.45519025338456987,1.0,3.6414209325262843,nan,nan
emnist_balanced,softmax,2,27,0.39666715264320374,0.8483333333333334,0.8474517182513126,0.45600550352258884,1.0,3.6378134565150484,nan,nan
emnist_balanced,softmax,2,28,0.38849061727523804,0.8488333333333333,0.8485539097325033,0.4482767658030733,1.0,3.6506053513668952,nan,nan
emnist_balanced,softmax,2,29,0.38367798924446106,0.843,0.8413496930352626,0.453989158919517,1.0,3.6376838049990066,nan,nan
emnist_balanced,softmax,3,0,3.296893835067749,0.28708333333333336,0.24374530214628262,2.406184394308861,1.0,3.775643432393987,nan,nan
emnist_balanced,softmax,3,1,2.0196924209594727,0.5038333333333334,0.48984956419677317,1.620763180103708,1.0,3.7920127574433673,nan,nan
emnist_balanced,softmax,3,2,1.4386509656906128,0.6485,0.6422944768937904,1.1309606065141393,1.0,3.7850196057177605,nan,nan
emnist_balanced,softmax,3,3,1.1120169162750244,0.712,0.7093708685683721,0.9147877984858573,1.0,3.776446096440579,nan,nan
emnist_balanced,softmax,3,4,0.9431076645851135,0.7463333333333333,0.7436165803712368,0.7916907972477852,1.0,3.7817091409196246,nan,nan
emnist_balanced,softmax,3,5,0.8416842818260193,0.763,0.7608049908929071,0.7249710090616917,1.0,3.7819172676573407,nan,nan
emnist_balanced,softmax,3,6,0.7643296718597412,0.7900833333333334,0.7869221073381294,0.6331081086016715,1.0,3.77656457018345,nan,nan
emnist_balanced,softmax,3,7,0.7086017727851868,0.7976666666666666,0.794263266870339,0.6105797163983608,1.0,3.774907282058229,nan,nan
emnist_balanced,softmax,3,8,0.6632948517799377,0.8045833333333333,0.8018258580829755,0.5799963017727466,1.0,3.7730670254281224,nan,nan
emnist_balanced,softmax,3,9,0.6356995105743408,0.812,0.808811977340464,0.5592707947213599,1.0,3.7658749894892916,nan,nan
emnist_balanced,softmax,3,10,0.6041690111160278,0.8195833333333333,0.8186961186030851,0.5372626927304776,1.0,3.7615383736630705,nan,nan
emnist_balanced,softmax,3,11,0.578728973865509,0.8220833333333334,0.8189255120345355,0.5364044308662415,1.0,3.7611005306243896,nan,nan
emnist_balanced,softmax,3,12,0.5582503080368042,0.8326666666666667,0.8316379129310476,0.5026067571437105,1.0,3.7468104717579296,nan,nan
emnist_balanced,softmax,3,13,0.5382294058799744,0.83,0.8283017213221274,0.5156505431266541,1.0,3.7399864627959882,nan,nan
emnist_balanced,softmax,3,14,0.5190843939781189,0.83425,0.830677781148958,0.4923809475087105,1.0,3.742412219656275,nan,nan
emnist_balanced,softmax,3,15,0.5005964040756226,0.83575,0.8340421301168232,0.4892156606024884,1.0,3.73593436910751,nan,nan
emnist_balanced,softmax,3,16,0.49380314350128174,0.836,0.8341738722264643,0.4751554613417767,1.0,3.731785789449164,nan,nan
emnist_balanced,softmax,3,17,0.4783655107021332,0.8434166666666667,0.8404743700419426,0.4644011309806337,1.0,3.737625672462139,nan,nan
emnist_balanced,softmax,3,18,0.46778741478919983,0.84275,0.8393528901739191,0.4735494243337753,1.0,3.7302002577071494,nan,nan
emnist_balanced,softmax,3,19,0.4563291668891907,0.8376666666666667,0.834986618437917,0.47591234394844545,1.0,3.726671203653863,nan,nan
emnist_balanced,softmax,3,20,0.4470424950122833,0.8456666666666667,0.8434715038059496,0.4473195272557279,1.0,3.7319825507224875,nan,nan
emnist_balanced,softmax,3,21,0.4369095265865326,0.8475,0.8452686426163004,0.45794957305522677,1.0,3.7217433351151485,nan,nan
emnist_balanced,softmax,3,22,0.4312129318714142,0.843,0.8401276065939464,0.4573843605974887,1.0,3.7258450959591154,nan,nan
emnist_balanced,softmax,3,23,0.4267987608909607,0.8454166666666667,0.8445813658095547,0.4533313316233615,1.0,3.7229922730871974,nan,nan
emnist_balanced,softmax,3,24,0.4181300401687622,0.8503333333333334,0.8471707540202565,0.4471376601685869,1.0,3.720980743144421,nan,nan
emnist_balanced,softmax,3,25,0.40684643387794495,0.8504166666666667,0.8481565080908261,0.4486586660780805,1.0,3.7148034953056497,nan,nan
emnist_balanced,softmax,3,26,0.4073127508163452,0.8505833333333334,0.8488257151055524,0.4400379372403977,1.0,3.717966178630261,nan,nan
emnist_balanced,softmax,3,27,0.4021422863006592,0.8558333333333333,0.85403498415578,0.4310804117233195,1.0,3.707688572558951,nan,nan
emnist_balanced,softmax,3,28,0.39128628373146057,0.8510833333333333,0.8491951538362233,0.4369937999451414,1.0,3.7122332745410027,nan,nan
emnist_balanced,softmax,3,29,0.38738924264907837,0.8541666666666666,0.8515450001678606,0.4345503347985288,1.0,3.713266441162596,nan,nan
emnist_balanced,softmax,4,0,3.348466396331787,0.238,0.18670013602984037,2.6125371405418885,1.0,3.7874839001513543,nan,nan
emnist_balanced,softmax,4,1,2.195150375366211,0.48783333333333334,0.46942042549093177,1.7227379261179174,1.0,3.780780817600007,nan,nan
emnist_balanced,softmax,4,2,1.4845857620239258,0.6165,0.611423139489921,1.2435941493257563,1.0,3.802848582572125,nan,nan
emnist_balanced,softmax,4,3,1.155656337738037,0.6825,0.6778809075379121,1.0121443461864552,1.0,3.793934073854,nan,nan
emnist_balanced,softmax,4,4,0.9652199149131775,0.7285833333333334,0.7253228700652482,0.8282910496630567,1.0,3.782251829796649,nan,nan
emnist_balanced,softmax,4,5,0.8553395867347717,0.7586666666666667,0.7543178796074428,0.7314397794135074,1.0,3.770131524572981,nan,nan
emnist_balanced,softmax,4,6,0.7790325284004211,0.7663333333333333,0.7633629634064898,0.7049016578400389,1.0,3.769822341330508,nan,nan
emnist_balanced,softmax,4,7,0.7194441556930542,0.7843333333333333,0.7797049482399666,0.6334115114617855,1.0,3.767261954064065,nan,nan
emnist_balanced,softmax,4,8,0.6740954518318176,0.7956666666666666,0.7915038278915703,0.6160358311013973,1.0,3.754915143581147,nan,nan
emnist_balanced,softmax,4,9,0.6414497494697571,0.8029166666666666,0.799458536591679,0.5848804103567246,1.0,3.75271035001633,nan,nan
emnist_balanced,softmax,4,10,0.6169338226318359,0.79725,0.7947644842917945,0.579974927800767,1.0,3.7490353914017374,nan,nan
emnist_balanced,softmax,4,11,0.5868985652923584,0.8179166666666666,0.8141866623195702,0.5362556424546749,1.0,3.739949454652502,nan,nan
emnist_balanced,softmax,4,12,0.5664301514625549,0.8158333333333333,0.8127348673301797,0.5389287192770775,1.0,3.734956104704674,nan,nan
emnist_balanced,softmax,4,13,0.5490747690200806,0.82525,0.8214688098740569,0.5135179872208453,1.0,3.7331823262762516,nan,nan
emnist_balanced,softmax,4,14,0.5342597961425781,0.8226666666666667,0.8184234509396847,0.5048248628352551,1.0,3.725347526530002,nan,nan
emnist_balanced,softmax,4,15,0.516887903213501,0.8275833333333333,0.8257841161793718,0.4974659434024324,1.0,3.7124403715133667,nan,nan
emnist_balanced,softmax,4,16,0.5035980939865112,0.82775,0.8225769633370477,0.49864069958950613,1.0,3.721500188746351,nan,nan
emnist_balanced,softmax,4,17,0.49086397886276245,0.8308333333333333,0.8273029803854908,0.4860412104332701,1.0,3.7143088300177394,nan,nan
emnist_balanced,softmax,4,18,0.47156885266304016,0.83375,0.8317263311998454,0.4758812480784477,1.0,3.7219275286857116,nan,nan
emnist_balanced,softmax,4,19,0.46633249521255493,0.8364166666666667,0.8357755793399974,0.463994156172935,1.0,3.7212405991046986,nan,nan
emnist_balanced,softmax,4,20,0.4568592607975006,0.8340833333333333,0.8325122474079099,0.4676520272772363,1.0,3.727434419571085,nan,nan
emnist_balanced,softmax,4,21,0.4434152841567993,0.8423333333333334,0.8377411255002117,0.4499347704522153,1.0,3.7239726122389447,nan,nan
emnist_balanced,softmax,4,22,0.43777626752853394,0.84375,0.8418275463003511,0.445177361052087,1.0,3.709997854334243,nan,nan
emnist_balanced,softmax,4,23,0.4299452602863312,0.8454166666666667,0.8434873132280696,0.4439809309675338,1.0,3.7122130520800325,nan,nan
emnist_balanced,softmax,4,24,0.42302805185317993,0.849,0.8478258560202918,0.43017698348836697,1.0,3.7199609127450497,nan,nan
emnist_balanced,softmax,4,25,0.41461700201034546,0.8445,0.8425702571121604,0.44249980246767084,1.0,3.706853468367394,nan,nan
emnist_balanced,softmax,4,26,0.4082900285720825,0.8455833333333334,0.8433365542889265,0.4472304195799726,1.0,3.716993349663755,nan,nan
emnist_balanced,softmax,4,27,0.4012654721736908,0.8465,0.8449567089012225,0.440616101660627,1.0,3.6940440091680973,nan,nan
emnist_balanced,softmax,4,28,0.39516374468803406,0.8446666666666667,0.842597225775934,0.4446829595464341,1.0,3.7042158207994826,nan,nan
emnist_balanced,softmax,4,29,0.3876708149909973,0.84725,0.8458824782263802,0.4410821605235972,1.0,3.6966670168207045,nan,nan
emnist_balanced,softmax,5,0,3.2738168239593506,0.28058333333333335,0.24017618158619586,2.439423723423735,1.0,3.6166703802474003,nan,nan
emnist_balanced,softmax,5,1,2.033125400543213,0.496,0.4883743922324992,1.6724789802064286,1.0,3.6800015733597125,nan,nan
emnist_balanced,softmax,5,2,1.4570584297180176,0.6306666666666667,0.6216517967507266,1.172714281589427,1.0,3.708591582927298,nan,nan
emnist_balanced,softmax,5,3,1.154213786125183,0.69225,0.683851564695066,0.9690582092772139,1.0,3.7205809126508997,nan,nan
emnist_balanced,softmax,5,4,0.9903882145881653,0.7191666666666666,0.7126005623607562,0.8698608558228675,1.0,3.7118332791835704,nan,nan
emnist_balanced,softmax,5,5,0.8661912083625793,0.7515833333333334,0.7483308402770661,0.7645705672020607,1.0,3.7125551649864685,nan,nan
emnist_balanced,softmax,5,6,0.7814666032791138,0.7695833333333333,0.7655048001333589,0.6990269549349521,1.0,3.696203351020813,nan,nan
emnist_balanced,softmax,5,7,0.7266110777854919,0.7810833333333334,0.7750236632163154,0.647104373637666,1.0,3.699453982901066,nan,nan
emnist_balanced,softmax,5,8,0.6743054986000061,0.7905833333333333,0.7861065224956217,0.611990268560166,1.0,3.6946740632361554,nan,nan
emnist_balanced,softmax,5,9,0.639841616153717,0.7956666666666666,0.7947171115706196,0.6080706157582871,1.0,3.685027837753296,nan,nan
emnist_balanced,softmax,5,10,0.6076824069023132,0.7954166666666667,0.7935348085190645,0.6029554326483544,1.0,3.680393168266783,nan,nan
emnist_balanced,softmax,5,11,0.5835558772087097,0.8124166666666667,0.8084306610170734,0.5535805504372779,1.0,3.678384889947607,nan,nan
emnist_balanced,softmax,5,12,0.5575703382492065,0.8215,0.818687166345916,0.5222226774438898,1.0,3.6829733265207167,nan,nan
emnist_balanced,softmax,5,13,0.5417031049728394,0.8240833333333333,0.8228532617976164,0.5167819724438039,1.0,3.6792409978014358,nan,nan
emnist_balanced,softmax,5,14,0.5221913456916809,0.81925,0.8149478564627398,0.5257987690732834,1.0,3.674484777957835,nan,nan
emnist_balanced,softmax,5,15,0.5007753968238831,0.8233333333333334,0.8211673911933673,0.517426036773844,1.0,3.6660303283245006,nan,nan
emnist_balanced,softmax,5,16,0.4939590394496918,0.831,0.8294248692889722,0.4850454932831703,1.0,3.6573962023917663,nan,nan
emnist_balanced,softmax,5,17,0.4807705879211426,0.8360833333333333,0.8341731427468011,0.47864438625092204,1.0,3.639527604935017,nan,nan
emnist_balanced,softmax,5,18,0.4636222720146179,0.8318333333333333,0.829008061093957,0.4896544376586346,1.0,3.648911341707757,nan,nan
emnist_balanced,softmax,5,19,0.45774927735328674,0.8391666666666666,0.8390170597217422,0.4699672669806379,1.0,3.6398088551582175,nan,nan
emnist_balanced,softmax,5,20,0.4465268850326538,0.8411666666666666,0.8393157919079198,0.4607730564918924,1.0,3.6440319355497968,nan,nan
emnist_balanced,softmax,5,21,0.4407253563404083,0.8429166666666666,0.8425489025969664,0.4515227548619534,1.0,3.6481202866168734,nan,nan
emnist_balanced,softmax,5,22,0.42646217346191406,0.8406666666666667,0.8400260405016443,0.46366462808974246,1.0,3.6332150748435486,nan,nan
emnist_balanced,softmax,5,23,0.4204958379268646,0.8416666666666667,0.8380417523177185,0.46081304486761704,1.0,3.6394706685492335,nan,nan
emnist_balanced,softmax,5,24,0.41906899213790894,0.8448333333333333,0.8444056505217299,0.45713507685255494,1.0,3.635118088823684,nan,nan
emnist_balanced,softmax,5,25,0.4070815145969391,0.8489166666666667,0.8486182694347071,0.4353495094370335,1.0,3.634634076280797,nan,nan
emnist_balanced,softmax,5,26,0.4035213887691498,0.8515,0.8514548183776118,0.433906208961568,1.0,3.6321255044734224,nan,nan
emnist_balanced,softmax,5,27,0.3929183781147003,0.8465,0.845475893919177,0.4479819999096241,1.0,3.625586654277558,nan,nan
emnist_balanced,softmax,5,28,0.3885188698768616,0.8501666666666666,0.8474848333287015,0.4422539510625474,1.0,3.6326138263053083,nan,nan
emnist_balanced,softmax,5,29,0.38323912024497986,0.8513333333333334,0.8498472897391054,0.437590702417049,1.0,3.638470981983428,nan,nan
emnist_balanced,softmax,6,0,3.4353229999542236,0.1855,0.13528271748275297,2.776659610423636,0.9999999289816999,3.5800552494982454,nan,nan
emnist_balanced,softmax,6,1,2.2499804496765137,0.47308333333333336,0.45936456609442483,1.7391870326184211,1.0,3.6850276931803276,nan,nan
emnist_balanced,softmax,6,2,1.5606777667999268,0.6111666666666666,0.604130508537501,1.2539656923172322,1.0,3.683582399753814,nan,nan
emnist_balanced,softmax,6,3,1.1978596448898315,0.6889166666666666,0.6835214303974347,0.9990231191858332,1.0,3.6893394576742295,nan,nan
emnist_balanced,softmax,6,4,0.9922672510147095,0.7330833333333333,0.728442308679199,0.8520114256980571,1.0,3.6820833809832307,nan,nan
emnist_balanced,softmax,6,5,0.8760607242584229,0.76,0.7563527482909435,0.747939150384132,1.0,3.6873421187096453,nan,nan
emnist_balanced,softmax,6,6,0.7838613986968994,0.7766666666666666,0.772018176295292,0.6894163159613914,1.0,3.6864172524594245,nan,nan
emnist_balanced,softmax,6,7,0.7160874009132385,0.7794166666666666,0.7796335933324451,0.6641347408294678,1.0,3.6809100419917007,nan,nan
emnist_balanced,softmax,6,8,0.6691442131996155,0.8025833333333333,0.8020369704466308,0.5941193287676954,1.0,3.685482157037613,nan,nan
emnist_balanced,softmax,6,9,0.6258409023284912,0.8030833333333334,0.798176278276851,0.5933952750043666,1.0,3.6742849197793515,nan,nan
emnist_balanced,softmax,6,10,0.5998525023460388,0.81,0.8070550473975971,0.575477547468023,1.0,3.6649476999932147,nan,nan
emnist_balanced,softmax,6,11,0.5738311409950256,0.8199166666666666,0.81904538287886,0.5390609604247073,1.0,3.65944308930255,nan,nan
emnist_balanced,softmax,6,12,0.5493720769882202,0.82375,0.8203716869360977,0.5232388053802733,1.0,3.6489289517098284,nan,nan
emnist_balanced,softmax,6,13,0.5285670161247253,0.8270833333333333,0.8243172081301066,0.5132619320078099,1.0,3.6392271544070955,nan,nan
emnist_balanced,softmax,6,14,0.5112928748130798,0.8265,0.8240510790252716,0.5039734073141788,1.0,3.6294656890503902,nan,nan
emnist_balanced,softmax,6,15,0.49766260385513306,0.8288333333333333,0.8279138434506345,0.4993152808635793,1.0,3.6187483630281814,nan,nan
emnist_balanced,softmax,6,16,0.4821467697620392,0.8368333333333333,0.8355735526823008,0.4905504692108073,1.0,3.6314118415751357,nan,nan
emnist_balanced,softmax,6,17,0.4689396321773529,0.8395833333333333,0.839675863367873,0.4701874186383917,1.0,3.6303022440443646,nan,nan
emnist_balanced,softmax,6,18,0.4578200578689575,0.8373333333333334,0.8357723460424764,0.47563269036881467,1.0,3.635138346793804,nan,nan
emnist_balanced,softmax,6,19,0.4491848945617676,0.8390833333333333,0.8376112645930044,0.4679364409852535,1.0,3.6227200437099376,nan,nan
emnist_balanced,softmax,6,20,0.4418269991874695,0.8433333333333334,0.8414268410668844,0.45313219313925884,1.0,3.6155147121307696,nan,nan
emnist_balanced,softmax,6,21,0.4302050769329071,0.8475833333333334,0.845622086304517,0.44795541940851413,1.0,3.6281855055626404,nan,nan
emnist_balanced,softmax,6,22,0.41901424527168274,0.84625,0.8451270102252258,0.45264575265823526,1.0,3.6197651624679565,nan,nan
emnist_balanced,softmax,6,23,0.4158537983894348,0.8476666666666667,0.8463697632308551,0.4510091910970972,1.0,3.625172343659908,nan,nan
emnist_balanced,softmax,6,24,0.40752384066581726,0.8466666666666667,0.8461156325093919,0.45345589645365453,1.0,3.628682552499974,nan,nan
emnist_balanced,softmax,6,25,0.40678972005844116,0.8523333333333334,0.8507155534876247,0.437284564718287,1.0,3.624802939435269,nan,nan
emnist_balanced,softmax,6,26,0.3915312886238098,0.8468333333333333,0.8447694984525457,0.44543648970888017,1.0,3.6166345083967166,nan,nan
emnist_balanced,softmax,6,27,0.38827741146087646,0.8500833333333333,0.8500888784356976,0.44012113708130857,1.0,3.626415696549923,nan,nan
emnist_balanced,softmax,6,28,0.38300183415412903,0.8496666666666667,0.84899375190159,0.43784734099469286,1.0,3.6281078343695783,nan,nan
emnist_balanced,softmax,6,29,0.3795130252838135,0.8480833333333333,0.8470301447858036,0.4408457938660967,1.0,3.6389211974245437,nan,nan
emnist_balanced,softmax,7,0,3.2947235107421875,0.27958333333333335,0.24898728323677494,2.4793065000087657,0.9999999866840688,3.5698332330013844,nan,nan
emnist_balanced,softmax,7,1,2.0243000984191895,0.53525,0.5237686366216046,1.5519620408403112,1.0,3.682249145304903,nan,nan
emnist_balanced,softmax,7,2,1.4570631980895996,0.603,0.5925755086487107,1.2838786459983664,1.0,3.69266203362891,nan,nan
emnist_balanced,softmax,7,3,1.1778433322906494,0.6935833333333333,0.6901858031194015,0.9817345827183825,1.0,3.7117485315241714,nan,nan
emnist_balanced,softmax,7,4,1.0002610683441162,0.6976666666666667,0.690957407018389,0.9262662770900321,1.0,3.7065263859769133,nan,nan
emnist_balanced,softmax,7,5,0.8871244788169861,0.7468333333333333,0.740399707002887,0.7862008454951834,1.0,3.704448418414339,nan,nan
emnist_balanced,softmax,7,6,0.8000154495239258,0.7695,0.7652796092431073,0.7144053616422288,1.0,3.699893149923771,nan,nan
emnist_balanced,softmax,7,7,0.7413347959518433,0.7835,0.780972214398593,0.657679261045253,1.0,3.6908714898089143,nan,nan
emnist_balanced,softmax,7,8,0.6984129548072815,0.7909166666666667,0.7883943190489328,0.6350243776402575,1.0,3.685319256275258,nan,nan
emnist_balanced,softmax,7,9,0.6606196165084839,0.7988333333333333,0.7957658844863301,0.6108026948380978,1.0,3.682594710208,nan,nan
emnist_balanced,softmax,7,10,0.6251477599143982,0.811,0.8088634264948644,0.5656703786647066,1.0,3.6736191257517388,nan,nan
emnist_balanced,softmax,7,11,0.6009105443954468,0.8119166666666666,0.8083997449587816,0.5662619224254121,1.0,3.6793964822241603,nan,nan
emnist_balanced,softmax,7,12,0.5737758874893188,0.8190833333333334,0.8156776381214654,0.5383418234104805,1.0,3.6579830545060177,nan,nan
emnist_balanced,softmax,7,13,0.5538280010223389,0.82775,0.8259065701644641,0.5196503045711112,1.0,3.6653166096261205,nan,nan
emnist_balanced,softmax,7,14,0.5383410453796387,0.8305,0.8266610318958029,0.5042083402897449,1.0,3.650809572098103,nan,nan
emnist_balanced,softmax,7,15,0.5202635526657104,0.8348333333333333,0.8330856733288038,0.493670143979661,1.0,3.6461961446924414,nan,nan
emnist_balanced,softmax,7,16,0.5110471248626709,0.83775,0.8347171294104933,0.49730611037700734,1.0,3.6381179626951825,nan,nan
emnist_balanced,softmax,7,17,0.4927044212818146,0.8336666666666667,0.8316144160696388,0.4826032747613623,1.0,3.6369794733980867,nan,nan
emnist_balanced,softmax,7,18,0.4802679717540741,0.8356666666666667,0.8333236270385126,0.48704453351649835,1.0,3.618740977124965,nan,nan
emnist_balanced,softmax,7,19,0.46938541531562805,0.836,0.83445205953554,0.482630803229961,1.0,3.6250389028102794,nan,nan
emnist_balanced,softmax,7,20,0.46276479959487915,0.8405833333333333,0.8388410217276859,0.47810595656963106,1.0,3.6255170208342533,nan,nan
emnist_balanced,softmax,7,21,0.4524208605289459,0.8423333333333334,0.8410751994005822,0.46558540552220445,1.0,3.6235086562785694,nan,nan
emnist_balanced,softmax,7,22,0.4434545934200287,0.8461666666666666,0.8446655623419212,0.45476241631710784,1.0,3.6290424884633814,nan,nan
emnist_balanced,softmax,7,23,0.4328373670578003,0.8438333333333333,0.8423265358339854,0.46937989617915865,1.0,3.610130802113959,nan,nan
emnist_balanced,softmax,7,24,0.42863693833351135,0.8434166666666667,0.8414316850094957,0.4578251749911207,1.0,3.6248395848781505,nan,nan
emnist_balanced,softmax,7,25,0.4193127751350403,0.8504166666666667,0.8481109848186607,0.4430269630665475,1.0,3.618082173327182,nan,nan
emnist_balanced,softmax,7,26,0.41181546449661255,0.8531666666666666,0.850720030188646,0.43168015239086555,1.0,3.6199552175846508,nan,nan
emnist_balanced,softmax,7,27,0.40596699714660645,0.85125,0.8490390592682808,0.4411491719966239,1.0,3.6133011275149407,nan,nan
emnist_balanced,softmax,7,28,0.4007051885128021,0.8493333333333334,0.8466167438538375,0.4488281265218207,1.0,3.613698901014125,nan,nan
emnist_balanced,softmax,7,29,0.392257422208786,0.8545833333333334,0.8531291816486798,0.4290730300101828,1.0,3.619144323024344,nan,nan
emnist_balanced,softmax,8,0,3.383305311203003,0.21816666666666668,0.1838830868756268,2.6380684883036514,0.9999997653859727,3.711539207620824,nan,nan
emnist_balanced,softmax,8,1,2.184154748916626,0.45816666666666667,0.44932925440447513,1.7737411843969466,1.0,3.7249337460132357,nan,nan
emnist_balanced,softmax,8,2,1.548750638961792,0.6084166666666667,0.5995753512240267,1.27666885041176,1.0,3.733912916893655,nan,nan
emnist_balanced,softmax,8,3,1.2096647024154663,0.6788333333333333,0.6698493687359325,1.030143971138812,1.0,3.7426692805391677,nan,nan
emnist_balanced,softmax,8,4,1.0213978290557861,0.7150833333333333,0.7089602285853247,0.8810104372653556,0.999999982245425,3.732436700070158,nan,nan
emnist_balanced,softmax,8,5,0.8970194458961487,0.7580833333333333,0.7529025713220622,0.7521754389113569,0.9999998947407337,3.7348821974815207,nan,nan
emnist_balanced,softmax,8,6,0.8057340979576111,0.771,0.7680413172781357,0.70554200639116,0.9999999911227124,3.714437000294949,nan,nan
emnist_balanced,softmax,8,7,0.7365071773529053,0.7799166666666667,0.7752880054943111,0.6623873989632789,0.9999999644908499,3.7104038659562457,nan,nan
emnist_balanced,softmax,8,8,0.6865509152412415,0.7883333333333333,0.7822942077178184,0.6269473230585139,0.9999999866840688,3.699124630461348,nan,nan
emnist_balanced,softmax,8,9,0.6440197229385376,0.806,0.8023576300986816,0.5807938043107378,0.9999999778067812,3.6799261443158415,nan,nan
emnist_balanced,softmax,8,10,0.6138954162597656,0.7975833333333333,0.7948749083788413,0.5927836971080049,0.9999999911227124,3.6708853396963566,nan,nan
emnist_balanced,softmax,8,11,0.5860012173652649,0.8221666666666667,0.8190166863374437,0.5253603268176952,1.0,3.6616260244491254,nan,nan
emnist_balanced,softmax,8,12,0.5643961429595947,0.8189166666666666,0.8141382766144819,0.5340164329143281,1.0,3.649742030082865,nan,nan
emnist_balanced,softmax,8,13,0.5422982573509216,0.82825,0.8249485381513278,0.5017783629133347,1.0,3.659245394645853,nan,nan
emnist_balanced,softmax,8,14,0.5280152559280396,0.8324166666666667,0.8301047715659293,0.4925177794821719,1.0,3.6538909293235617,nan,nan
emnist_balanced,softmax,8,15,0.5072831511497498,0.8335833333333333,0.8297594801750152,0.4912565661237595,1.0,3.6472958985795367,nan,nan
emnist_balanced,softmax,8,16,0.499769926071167,0.8369166666666666,0.8340029399520176,0.4775857411800547,1.0,3.6436451901780798,nan,nan
emnist_balanced,softmax,8,17,0.48808416724205017,0.8368333333333333,0.8332641679167678,0.4818460649632393,1.0,3.65286648273468,nan,nan
emnist_balanced,softmax,8,18,0.48122647404670715,0.8395833333333333,0.8373228672504384,0.4692455124347768,1.0,3.639367123867603,nan,nan
emnist_balanced,softmax,8,19,0.47015029191970825,0.83875,0.8359285207821543,0.47538386317009623,1.0,3.6416017806276364,nan,nan
emnist_balanced,softmax,8,20,0.4603191018104553,0.8493333333333334,0.846802146917102,0.4484946930662115,1.0,3.631317932555016,nan,nan
emnist_balanced,softmax,8,21,0.44792380928993225,0.8460833333333333,0.8446097929800699,0.4522909471329222,1.0,3.632557432702247,nan,nan
emnist_balanced,softmax,8,22,0.44007930159568787,0.8449166666666666,0.842239923852983,0.4549930748787332,1.0,3.6328480319773897,nan,nan
emnist_balanced,softmax,8,23,0.4326353073120117,0.85125,0.8492905245489941,0.43394534067904694,1.0,3.6320359098150377,nan,nan
emnist_balanced,softmax,8,24,0.4301246404647827,0.8515,0.8474910355834341,0.4435406929634987,1.0,3.634119388904977,nan,nan
emnist_balanced,softmax,8,25,0.4166337847709656,0.8515833333333334,0.8501105008098465,0.43471147849204694,1.0,3.627547172789878,nan,nan
emnist_balanced,softmax,8,26,0.41807883977890015,0.8569166666666667,0.8541155894673923,0.42309712412509515,1.0,3.619203917523648,nan,nan
emnist_balanced,softmax,8,27,0.40760236978530884,0.8545,0.8511400121818984,0.42366614620736304,1.0,3.626837081097542,nan,nan
emnist_balanced,softmax,8,28,0.40364211797714233,0.8570833333333333,0.8547185624821815,0.4206974449309897,1.0,3.621614808731891,nan,nan
emnist_balanced,softmax,8,29,0.3972410261631012,0.8468333333333333,0.8435721300449784,0.43794293796762507,1.0,3.6235399017942713,nan,nan
emnist_balanced,softmax,9,0,3.3518006801605225,0.22333333333333333,0.19439984904591096,2.614670362878353,0.9999999467362749,3.620720888705964,nan,nan
emnist_balanced,softmax,9,1,2.129952907562256,0.494,0.4811340360152813,1.6713976327409135,1.0,3.7285656523197255,nan,nan
emnist_balanced,softmax,9,2,1.5085296630859375,0.5969166666666667,0.5863307159436851,1.309630366081887,1.0,3.77901809266273,nan,nan
emnist_balanced,softmax,9,3,1.1990550756454468,0.6795,0.67196258644488,1.0078869969286817,1.0,3.7600946705392064,nan,nan
emnist_balanced,softmax,9,4,1.0080230236053467,0.7166666666666667,0.7086245480755414,0.8877605428086951,1.0,3.7473506496307696,nan,nan
emnist_balanced,softmax,9,5,0.8802046775817871,0.7425,0.7368719992820323,0.8036602012654568,1.0,3.744523578501762,nan,nan
emnist_balanced,softmax,9,6,0.8013872504234314,0.76525,0.7609431422503045,0.7231506172646868,0.9999999955613562,3.740795782271852,nan,nan
emnist_balanced,softmax,9,7,0.7343249917030334,0.7755833333333333,0.773329847230054,0.6760472224113789,0.9999999866840688,3.7266375181522777,nan,nan
emnist_balanced,softmax,9,8,0.685810387134552,0.79,0.7865484360825418,0.6321086306521233,1.0,3.7231200857365385,nan,nan
emnist_balanced,softmax,9,9,0.6470276117324829,0.7984166666666667,0.7955415114597513,0.6154565303883655,1.0,3.7158494426849042,nan,nan
emnist_balanced,softmax,9,10,0.6095477938652039,0.8080833333333334,0.8065944008725603,0.5798475590158017,1.0,3.7074705083319484,nan,nan
emnist_balanced,softmax,9,11,0.5890913605690002,0.8084166666666667,0.8060515259331104,0.5702306165340099,1.0,3.7017365440409233,nan,nan
emnist_balanced,softmax,9,12,0.5698696970939636,0.8063333333333333,0.8019941120463837,0.5745895777611022,1.0,3.6926942860826535,nan,nan
emnist_balanced,softmax,9,13,0.5443209409713745,0.8179166666666666,0.815143089837938,0.5367243936721314,1.0,3.6889186438093793,nan,nan
emnist_balanced,softmax,9,14,0.5264258980751038,0.81825,0.8151847522280331,0.5402857794406566,1.0,3.687883828548675,nan,nan
emnist_balanced,softmax,9,15,0.5217591524124146,0.8175,0.8143650091673729,0.5358687404622423,1.0,3.682783730486606,nan,nan
emnist_balanced,softmax,9,16,0.4985533654689789,0.8255,0.8233234409488575,0.5086433285094322,1.0,3.6773984635129886,nan,nan
emnist_balanced,softmax,9,17,0.4806545674800873,0.8299166666666666,0.8278685248740026,0.5016925911954109,1.0,3.6780001305519265,nan,nan
emnist_balanced,softmax,9,18,0.471101313829422,0.8314166666666667,0.8297968841622082,0.4917796881909066,1.0,3.673091059035443,nan,nan
emnist_balanced,softmax,9,19,0.46011075377464294,0.8296666666666667,0.8282855388009769,0.497803991145276,1.0,3.6728194723738,nan,nan
emnist_balanced,softmax,9,20,0.45209571719169617,0.8346666666666667,0.8338733001889452,0.480497678543659,1.0,3.663065509593233,nan,nan
emnist_balanced,softmax,9,21,0.4436117708683014,0.83725,0.8356502015147192,0.47113495114001824,1.0,3.6748477651717817,nan,nan
emnist_balanced,softmax,9,22,0.4338211715221405,0.8384166666666667,0.8352172962653907,0.4798142345661813,1.0,3.6629338873193618,nan,nan
emnist_balanced,softmax,9,23,0.4277290105819702,0.8296666666666667,0.8281186868277969,0.5065108594742227,1.0,3.664509877245477,nan,nan
emnist_balanced,softmax,9,24,0.4194853901863098,0.8368333333333333,0.8351244435876055,0.48335834703546887,1.0,3.6583791666842522,nan,nan
emnist_balanced,softmax,9,25,0.41568198800086975,0.835,0.8317027317618699,0.4839074281935996,1.0,3.6601921142415796,nan,nan
emnist_balanced,softmax,9,26,0.40803152322769165,0.8435833333333334,0.8412909371520271,0.46398233923506227,1.0,3.662187081702212,nan,nan
emnist_balanced,softmax,9,27,0.4014376699924469,0.8469166666666667,0.8459531884050374,0.4542767132850403,1.0,3.6706093701910465,nan,nan
emnist_balanced,softmax,9,28,0.393270879983902,0.8478333333333333,0.8452089447790875,0.45748503094023846,1.0,3.663670638774304,nan,nan
emnist_balanced,softmax,9,29,0.38616183400154114,0.8459166666666667,0.8443866601976437,0.4574486175750164,1.0,3.6571048219153224,nan,nan
emnist_balanced,topk_softmax_0125,0,0,2.9082601070404053,0.48225,0.45904845881078377,1.8259696402448289,0.14000000059604645,1.9355992421190789,nan,nan
emnist_balanced,topk_softmax_0125,0,1,1.44636869430542,0.6770833333333334,0.6706949993647299,1.0549297459582065,0.14000000059604645,1.9339600091284894,nan,nan
emnist_balanced,topk_softmax_0125,0,2,0.9892463088035583,0.725,0.7189809512335192,0.861339769464858,0.14000000059604645,1.9290789315041075,nan,nan
emnist_balanced,topk_softmax_0125,0,3,0.8074131011962891,0.7596666666666667,0.754138270717813,0.7222593274522335,0.14000000059604645,1.9227664813082268,nan,nan
emnist_balanced,topk_softmax_0125,0,4,0.7000170350074768,0.7879166666666667,0.7818013357926897,0.6383058771174005,0.14000000059604645,1.914920484766047,nan,nan
emnist_balanced,topk_softmax_0125,0,5,0.6353780031204224,0.8094166666666667,0.8055879927153727,0.5782296353198112,0.14000000059604645,1.9102599329136787,nan,nan
emnist_balanced,topk_softmax_0125,0,6,0.5834764838218689,0.8169166666666666,0.8131493758107503,0.5447137450918238,0.14000000059604645,1.9035804550698463,nan,nan
emnist_balanced,topk_softmax_0125,0,7,0.5527637600898743,0.82175,0.8177876435760915,0.5224895185612618,0.14000000059604645,1.8998532663000391,nan,nan
emnist_balanced,topk_softmax_0125,0,8,0.5156694650650024,0.8275,0.8248369843710551,0.5013237500444372,0.14000000059604645,1.899585173485127,nan,nan
emnist_balanced,topk_softmax_0125,0,9,0.5031575560569763,0.8261666666666667,0.823497316730503,0.4998972409583153,0.14000000059604645,1.8976744793831033,nan,nan
emnist_balanced,topk_softmax_0125,0,10,0.4798279106616974,0.832,0.8284245841083508,0.48670847872470285,0.14000000059604645,1.8938080313357901,nan,nan
emnist_balanced,topk_softmax_0125,0,11,0.4649290442466736,0.8369166666666666,0.8331988873095235,0.4795066847446117,0.14000000059604645,1.8937195704338399,nan,nan
emnist_balanced,topk_softmax_0125,0,12,0.4511735141277313,0.8381666666666666,0.8347139148904048,0.4668789011366824,0.14000000059604645,1.8920923154404823,nan,nan
emnist_balanced,topk_softmax_0125,0,13,0.4399588108062744,0.8450833333333333,0.8420389339378639,0.45537524591100975,0.14000000059604645,1.8892339011456103,nan,nan
emnist_balanced,topk_softmax_0125,0,14,0.42571473121643066,0.8370833333333333,0.833689468814639,0.47557314723095995,0.14000000059604645,1.8869698643684387,nan,nan
emnist_balanced,topk_softmax_0125,0,15,0.415530264377594,0.8405,0.8375756612836692,0.4645837577099496,0.14000000059604645,1.8858897153367387,nan,nan
emnist_balanced,topk_softmax_0125,0,16,0.4081144332885742,0.84125,0.8387501536459144,0.46637082036505356,0.14000000059604645,1.8825038443220423,nan,nan
emnist_balanced,topk_softmax_0125,0,17,0.40362197160720825,0.8431666666666666,0.8388096147718972,0.4571723259509878,0.14000000059604645,1.8825097210863804,nan,nan
emnist_balanced,topk_softmax_0125,0,18,0.38770249485969543,0.8438333333333333,0.8406643006649334,0.4526168640623701,0.14000000059604645,1.8775219308569076,nan,nan
emnist_balanced,topk_softmax_0125,1,0,2.9665844440460205,0.461,0.4405523213394727,1.910637043892069,0.14000000059604645,1.9280973736276017,nan,nan
emnist_balanced,topk_softmax_0125,1,1,1.5249360799789429,0.644,0.6336924545238775,1.1599271906183122,0.14000000059604645,1.922777051621295,nan,nan
emnist_balanced,topk_softmax_0125,1,2,1.0880732536315918,0.6994166666666667,0.6923046199598939,0.9520517917389565,0.14000000059604645,1.9201882126483512,nan,nan
emnist_balanced,topk_softmax_0125,1,3,0.8989818096160889,0.7451666666666666,0.7391627463250715,0.7788249622000024,0.14000000059604645,1.9182381363625223,nan,nan
emnist_balanced,topk_softmax_0125,1,4,0.7918904423713684,0.7760833333333333,0.7714782367674428,0.6922337996198776,0.14000000059604645,1.9118430817380865,nan,nan
emnist_balanced,topk_softmax_0125,1,5,0.7126003503799438,0.784,0.7791889368597119,0.6399785419727894,0.14000000059604645,1.9109734892845154,nan,nan
emnist_balanced,topk_softmax_0125,1,6,0.6610285639762878,0.7925,0.7890894615891239,0.6196203967358204,0.14000000059604645,1.908566654996669,nan,nan
emnist_balanced,topk_softmax_0125,1,7,0.6177756786346436,0.8026666666666666,0.7992578194699314,0.6032678643439678,0.14000000059604645,1.9081487871230918,nan,nan
emnist_balanced,topk_softmax_0125,1,8,0.5937620401382446,0.8138333333333333,0.8097064051057922,0.5534237337873337,0.14000000059604645,1.9067560206068324,nan,nan
emnist_balanced,topk_softmax_0125,1,9,0.5640599727630615,0.8138333333333333,0.8118083624645284,0.5506398506621097,0.14000000059604645,1.9054887117223536,nan,nan
emnist_balanced,topk_softmax_0125,1,10,0.5406414270401001,0.8176666666666667,0.8159308349584695,0.5329002275111827,0.14000000059604645,1.903554416717367,nan,nan
emnist_balanced,topk_softmax_0125,1,11,0.5186039209365845,0.8255,0.8238789851520415,0.510998397431475,0.14000000059604645,1.9019761199646807,nan,nan
emnist_balanced,topk_softmax_0125,1,12,0.5017321705818176,0.8285,0.826155662344416,0.5082904994487762,0.14000000059604645,1.900012193842137,nan,nan
emnist_balanced,topk_softmax_0125,1,13,0.4894976317882538,0.8303333333333334,0.8288476647402832,0.49952925519740327,0.14000000059604645,1.8988561249793845,nan,nan
emnist_balanced,topk_softmax_0125,1,14,0.4729611575603485,0.835,0.8325021458554122,0.4864422171673876,0.14000000059604645,1.8976673255575465,nan,nan
emnist_balanced,topk_softmax_0125,1,15,0.4586063325405121,0.8314166666666667,0.829663249503913,0.49417609800683693,0.14000000059604645,1.899450051023605,nan,nan
emnist_balanced,topk_softmax_0125,1,16,0.4498351812362671,0.8319166666666666,0.8304482721308768,0.4855163794882754,0.14000000059604645,1.8958989711517984,nan,nan
emnist_balanced,topk_softmax_0125,1,17,0.44373154640197754,0.8370833333333333,0.8353890779355402,0.47855812881855253,0.14000000059604645,1.8934716252570456,nan,nan
emnist_balanced,topk_softmax_0125,1,18,0.4282214641571045,0.8326666666666667,0.8308167652448353,0.48984633037384523,0.14000000059604645,1.8938914448656934,nan,nan
emnist_balanced,topk_softmax_0125,1,19,0.42348453402519226,0.8300833333333333,0.8266283075143013,0.49339184799092883,0.14000000059604645,1.893047014449505,nan,nan
emnist_balanced,topk_softmax_0125,1,20,0.4150152802467346,0.8375,0.8350081306701451,0.477567325247095,0.14000000059604645,1.8904670096458274,nan,nan
emnist_balanced,topk_softmax_0125,1,21,0.4058287441730499,0.8400833333333333,0.8388443106563565,0.4798072614568345,0.14000000059604645,1.8898237829512738,nan,nan
emnist_balanced,topk_softmax_0125,1,22,0.39877572655677795,0.8345833333333333,0.8324245409687265,0.49170222688228526,0.14000000059604645,1.8903931011544897,nan,nan
emnist_balanced,topk_softmax_0125,1,23,0.39527153968811035,0.8398333333333333,0.8379819343222786,0.47073028696344255,0.14000000059604645,1.8907809574553307,nan,nan
emnist_balanced,topk_softmax_0125,1,24,0.388837069272995,0.8441666666666666,0.8426730595661258,0.4613988608755964,0.14000000059604645,1.8896637774528342,nan,nan
emnist_balanced,topk_softmax_0125,1,25,0.3762507736682892,0.8365833333333333,0.8359247039133975,0.4766367845078732,0.14000000059604645,1.8849324926416924,nan,nan
emnist_balanced,topk_softmax_0125,1,26,0.37650570273399353,0.84225,0.8407375877822874,0.4680226965153471,0.14000000059604645,1.8845954638846376,nan,nan
emnist_balanced,topk_softmax_0125,1,27,0.3696308732032776,0.8394166666666667,0.8372355130690067,0.4749863325281346,0.14000000059604645,1.8870762092001894,nan,nan
emnist_balanced,topk_softmax_0125,1,28,0.3662043511867523,0.8406666666666667,0.8381145512785203,0.4729628664381961,0.14000000059604645,1.884850764528234,nan,nan
emnist_balanced,topk_softmax_0125,1,29,0.3610999286174774,0.8423333333333334,0.840922367069731,0.46520319898077783,0.14000000059604645,1.8844545749907797,nan,nan
emnist_balanced,topk_softmax_0125,2,0,2.9419496059417725,0.42441666666666666,0.400167419644795,2.00813076597579,0.14000000059604645,1.930994137804559,nan,nan
emnist_balanced,topk_softmax_0125,2,1,1.5253727436065674,0.6526666666666666,0.6477888203484194,1.1672866445906618,0.14000000059604645,1.9263881711249655,nan,nan
emnist_balanced,topk_softmax_0125,2,2,1.0427870750427246,0.7233333333333334,0.7187258237203082,0.893200751314772,0.14000000059604645,1.9178492274690182,nan,nan
emnist_balanced,topk_softmax_0125,2,3,0.846721887588501,0.76325,0.7614741060738215,0.7374225182736174,0.14000000059604645,1.9106640612825434,nan,nan
emnist_balanced,topk_softmax_0125,2,4,0.7353602051734924,0.7743333333333333,0.7716274551476099,0.68624624546538,0.14000000059604645,1.9074637560134238,nan,nan
emnist_balanced,topk_softmax_0125,2,5,0.6673709154129028,0.7876666666666666,0.7840088229720956,0.6452819603554746,0.14000000059604645,1.9054428060004052,nan,nan
emnist_balanced,topk_softmax_0125,2,6,0.6110312342643738,0.7965833333333333,0.795833300930472,0.6027270923269555,0.14000000059604645,1.9041221839316347,nan,nan
emnist_balanced,topk_softmax_0125,2,7,0.5771740674972534,0.8016666666666666,0.7994502208074453,0.6004762357853829,0.14000000059604645,1.902962140580441,nan,nan
emnist_balanced,topk_softmax_0125,2,8,0.548312246799469,0.8121666666666667,0.8099002924679184,0.5625375147829664,0.14000000059604645,1.8986464840300539,nan,nan
emnist_balanced,topk_softmax_0125,2,9,0.5210922360420227,0.8185833333333333,0.8168992577693452,0.5406891608491857,0.14000000059604645,1.8984645719223834,nan,nan
emnist_balanced,topk_softmax_0125,2,10,0.49994170665740967,0.82875,0.8276784893679793,0.5161335531701433,0.14000000059604645,1.8983105738112267,nan,nan
emnist_balanced,topk_softmax_0125,2,11,0.482365220785141,0.8275,0.8257701778903089,0.517053282007258,0.14000000059604645,1.897352585133086,nan,nan
emnist_balanced,topk_softmax_0125,2,12,0.47309252619743347,0.8243333333333334,0.8197996772321274,0.5187447350075904,0.14000000059604645,1.8984949284411492,nan,nan
emnist_balanced,topk_softmax_0125,2,13,0.4512593150138855,0.8300833333333333,0.8291479220734648,0.5062164746700449,0.14000000059604645,1.895194559655291,nan,nan
emnist_balanced,topk_softmax_0125,2,14,0.4394145607948303,0.8313333333333334,0.8293563456378461,0.49986757052705644,0.14000000059604645,1.896246962090756,nan,nan
emnist_balanced,topk_softmax_0125,2,15,0.42969414591789246,0.8345833333333333,0.8333433798822637,0.4939126524519413,0.14000000059604645,1.88874296812301,nan,nan
emnist_balanced,topk_softmax_0125,2,16,0.41948848962783813,0.8350833333333333,0.8338687931089213,0.4843478450115691,0.14000000059604645,1.891724816028108,nan,nan
emnist_balanced,topk_softmax_0125,2,17,0.40697965025901794,0.8369166666666666,0.8359205317939631,0.4848564349590464,0.14000000059604645,1.892286886560156,nan,nan
emnist_balanced,topk_softmax_0125,2,18,0.3972143530845642,0.8395,0.8382808214269493,0.4819011434595636,0.14000000059604645,1.890402783738806,nan,nan
emnist_balanced,topk_softmax_0125,2,19,0.3926539123058319,0.8414166666666667,0.8416884147946186,0.47985510369564627,0.14000000059604645,1.8908626259641443,nan,nan
emnist_balanced,topk_softmax_0125,2,20,0.38873106241226196,0.8418333333333333,0.8412620570219519,0.4795098640817277,0.14000000059604645,1.8890401226408937,nan,nan
emnist_balanced,topk_softmax_0125,2,21,0.3775084614753723,0.8425,0.8419302772712799,0.48096297269171856,0.14000000059604645,1.8849077579822946,nan,nan
emnist_balanced,topk_softmax_0125,2,22,0.3670435845851898,0.8358333333333333,0.8348814642088798,0.4921009692739933,0.14000000059604645,1.8877749366963164,nan,nan
emnist_balanced,topk_softmax_0125,2,23,0.3672962486743927,0.8408333333333333,0.8412273269489263,0.4776540664916343,0.14000000059604645,1.8844624009538204,nan,nan
emnist_balanced,topk_softmax_0125,2,24,0.36267754435539246,0.843,0.8436627874953958,0.47377255876013574,0.14000000059604645,1.885280728340149,nan,nan
emnist_balanced,topk_softmax_0125,2,25,0.355693519115448,0.8370833333333333,0.8356543101276516,0.4898039197668116,0.14000000059604645,1.8843546306833308,nan,nan
emnist_balanced,topk_softmax_0125,2,26,0.35107627511024475,0.8408333333333333,0.8413457937968102,0.4797409519236139,0.14000000059604645,1.882666176937996,nan,nan
emnist_balanced,topk_softmax_0125,2,27,0.34789222478866577,0.8438333333333333,0.8424767262706275,0.4849138152092061,0.14000000059604645,1.8833247676808784,nan,nan
emnist_balanced,topk_softmax_0125,2,28,0.3386554419994354,0.8430833333333333,0.8433166397833478,0.4819522303469638,0.14000000059604645,1.8828542270558946,nan,nan
emnist_balanced,topk_softmax_0125,2,29,0.3351910412311554,0.8415833333333333,0.8414586314949588,0.48085762401844595,0.14000000059604645,1.8784818991701653,nan,nan
emnist_balanced,topk_softmax_0125,3,0,2.9466705322265625,0.43183333333333335,0.41021936581406643,1.9533279829836907,0.14000000059604645,1.934521511514136,nan,nan
emnist_balanced,topk_softmax_0125,3,1,1.5706311464309692,0.63925,0.6295866614110126,1.1811975164616362,0.14000000059604645,1.9123491860450583,nan,nan
emnist_balanced,topk_softmax_0125,3,2,1.1030720472335815,0.7145,0.7088063807102785,0.9116810141725743,0.14000000059604645,1.9091228411552754,nan,nan
emnist_balanced,topk_softmax_0125,3,3,0.8957628607749939,0.75075,0.7493221938649514,0.7634020105321356,0.14000000059604645,1.9039411037526233,nan,nan
emnist_balanced,topk_softmax_0125,3,4,0.7829678058624268,0.7775833333333333,0.7748300456446929,0.6848488247140925,0.14000000059604645,1.9058656274004186,nan,nan
emnist_balanced,topk_softmax_0125,3,5,0.7046711444854736,0.7910833333333334,0.7879697320411275,0.6289557091733242,0.14000000059604645,1.906060828807506,nan,nan
emnist_balanced,topk_softmax_0125,3,6,0.6518847346305847,0.803,0.8009991758918714,0.5987704795725802,0.14000000059604645,1.9014510258715203,nan,nan
emnist_balanced,topk_softmax_0125,3,7,0.6038581728935242,0.8149166666666666,0.8124928990957051,0.5603300478864224,0.14000000059604645,1.8981545174375494,nan,nan
emnist_balanced,topk_softmax_0125,3,8,0.5700388550758362,0.8190833333333334,0.816660705714736,0.547920989863416,0.14000000059604645,1.8945147927771224,nan,nan
emnist_balanced,topk_softmax_0125,3,9,0.5469855070114136,0.8236666666666667,0.8203598974077476,0.522104486506036,0.14000000059604645,1.8957284105584977,nan,nan
emnist_balanced,topk_softmax_0125,3,10,0.5235000848770142,0.8270833333333333,0.8249594680803917,0.5089746383910484,0.14000000059604645,1.8892841250338452,nan,nan
emnist_balanced,topk_softmax_0125,3,11,0.5060767531394958,0.8264166666666667,0.8238440242642315,0.5144295318329588,0.14000000059604645,1.8898734754704414,nan,nan
emnist_balanced,topk_softmax_0125,3,12,0.48479244112968445,0.8326666666666667,0.8309308649767523,0.49888834230443263,0.14000000059604645,1.880594160962612,nan,nan
emnist_balanced,topk_softmax_0125,3,13,0.4675844609737396,0.83575,0.8334912290009924,0.48059580998217805,0.14000000059604645,1.8850298726812322,nan,nan
emnist_balanced,topk_softmax_0125,3,14,0.45336219668388367,0.8383333333333334,0.8354742970739616,0.48373738311706704,0.14000000059604645,1.8807266532106603,nan,nan
emnist_balanced,topk_softmax_0125,3,15,0.44027650356292725,0.8433333333333334,0.8409293461836059,0.4689786935106237,0.14000000059604645,1.8734861143091892,nan,nan
emnist_balanced,topk_softmax_0125,3,16,0.42784741520881653,0.8380833333333333,0.8355073298725847,0.4826958014609966,0.14000000059604645,1.8730813049255532,nan,nan
emnist_balanced,topk_softmax_0125,3,17,0.41809555888175964,0.8416666666666667,0.8392666705413327,0.47161926487658884,0.14000000059604645,1.8671374752166423,nan,nan
emnist_balanced,topk_softmax_0125,3,18,0.4149996340274811,0.8458333333333333,0.8436359275568133,0.45969957176675186,0.14000000059604645,1.8646606511258064,nan,nan
emnist_balanced,topk_softmax_0125,3,19,0.4049089848995209,0.8395833333333333,0.8376414304140753,0.47608326534007456,0.14000000059604645,1.8676824506292953,nan,nan
emnist_balanced,topk_softmax_0125,3,20,0.3968101441860199,0.8441666666666666,0.8422179398061226,0.45899261439100225,0.14000000059604645,1.8657638481322756,nan,nan
emnist_balanced,topk_softmax_0125,3,21,0.39013925194740295,0.8420833333333333,0.8411349440911897,0.4617875402278088,0.14000000059604645,1.8638232794213803,nan,nan
emnist_balanced,topk_softmax_0125,3,22,0.383539080619812,0.8411666666666666,0.8389290640600285,0.4646306684676637,0.14000000059604645,1.8642887714061331,nan,nan
emnist_balanced,topk_softmax_0125,3,23,0.3763883411884308,0.8474166666666667,0.846234075720067,0.45377310983678126,0.14000000059604645,1.859038789221581,nan,nan
emnist_balanced,topk_softmax_0125,3,24,0.37534359097480774,0.8454166666666667,0.843090094779723,0.45845588724663916,0.14000000059604645,1.8584130089333717,nan,nan
emnist_balanced,topk_softmax_0125,3,25,0.3625815212726593,0.8513333333333334,0.8502102296900986,0.4564611163545162,0.14000000059604645,1.8612796093555206,nan,nan
emnist_balanced,topk_softmax_0125,3,26,0.3597544729709625,0.8466666666666667,0.8457117059476489,0.4628480660154464,0.14000000059604645,1.857367732423417,nan,nan
emnist_balanced,topk_softmax_0125,3,27,0.3544617295265198,0.853,0.8506739158740393,0.4494837554211312,0.14000000059604645,1.8570448908400028,nan,nan
emnist_balanced,topk_softmax_0125,3,28,0.3490670621395111,0.84825,0.8466779114873481,0.4492802810161672,0.14000000059604645,1.847182272596562,nan,nan
emnist_balanced,topk_softmax_0125,3,29,0.34353357553482056,0.8514166666666667,0.8496837291129814,0.453821248196541,0.14000000059604645,1.8486745205331356,nan,nan
emnist_balanced,topk_softmax_0125,4,0,3.0426084995269775,0.43633333333333335,0.4213613775386108,1.9887329441435793,0.14000000059604645,1.9362735532699746,nan,nan
emnist_balanced,topk_softmax_0125,4,1,1.5927817821502686,0.6283333333333333,0.6221891768218994,1.216984989795279,0.14000000059604645,1.9287024064266935,nan,nan
emnist_balanced,topk_softmax_0125,4,2,1.1334953308105469,0.6865,0.6794472813173632,0.9910311876459325,0.14000000059604645,1.9223620016524132,nan,nan
emnist_balanced,topk_softmax_0125,4,3,0.9325008392333984,0.7415833333333334,0.7374597414954402,0.8196400251794369,0.14000000059604645,1.9137830404525107,nan,nan
emnist_balanced,topk_softmax_0125,4,4,0.8215334415435791,0.7525833333333334,0.7508246521513583,0.7459160279720387,0.14000000059604645,1.9084774864480851,nan,nan
emnist_balanced,topk_softmax_0125,4,5,0.7420017719268799,0.76925,0.7658449850413104,0.7094626959334028,0.14000000059604645,1.905051256747956,nan,nan
emnist_balanced,topk_softmax_0125,4,6,0.6817840933799744,0.7883333333333333,0.7837263637901777,0.6379960750011687,0.14000000059604645,1.9015494001672624,nan,nan
emnist_balanced,topk_softmax_0125,4,7,0.6417086124420166,0.7923333333333333,0.7911821535187283,0.621655303747096,0.14000000059604645,1.8984440514381895,nan,nan
emnist_balanced,topk_softmax_0125,4,8,0.6118476390838623,0.8001666666666667,0.7978410865669703,0.6037876707442263,0.14000000059604645,1.8991084365134543,nan,nan
emnist_balanced,topk_softmax_0125,4,9,0.5799922943115234,0.8115,0.8092357424642632,0.5628142807077854,0.14000000059604645,1.8955464388461822,nan,nan
emnist_balanced,topk_softmax_0125,4,10,0.5579882264137268,0.8110833333333334,0.8100571591911182,0.5516400939606606,0.14000000059604645,1.8916885573813256,nan,nan
emnist_balanced,topk_softmax_0125,4,11,0.5339894890785217,0.8123333333333334,0.810858322925352,0.5491020387791573,0.14000000059604645,1.8961252164333424,nan,nan
emnist_balanced,topk_softmax_0125,4,12,0.5220777988433838,0.82425,0.8236322960826532,0.5178228299668495,0.14000000059604645,1.8970672881349604,nan,nan
emnist_balanced,topk_softmax_0125,4,13,0.4992559850215912,0.8220833333333334,0.819923059582271,0.5190451785605005,0.14000000059604645,1.89383128602454,nan,nan
emnist_balanced,topk_softmax_0125,4,14,0.4904480576515198,0.8273333333333334,0.8242918821810327,0.5040274237064605,0.14000000059604645,1.8910377215831837,nan,nan
emnist_balanced,topk_softmax_0125,4,15,0.47385331988334656,0.82275,0.8205072556119194,0.5093349833437737,0.14000000059604645,1.8920526212834297,nan,nan
emnist_balanced,topk_softmax_0125,4,16,0.46424469351768494,0.8299166666666666,0.8268080531544272,0.5030914659195758,0.14000000059604645,1.892578346932188,nan,nan
emnist_balanced,topk_softmax_0125,4,17,0.4534323513507843,0.8279166666666666,0.8244499847739248,0.5032176673412323,0.14000000059604645,1.892567661214382,nan,nan
emnist_balanced,topk_softmax_0125,4,18,0.4367958903312683,0.8331666666666667,0.8317102106291812,0.4752966844021006,0.14000000059604645,1.8927965772912858,nan,nan
emnist_balanced,topk_softmax_0125,4,19,0.42943283915519714,0.8374166666666667,0.8355840989043994,0.47538192221458925,0.14000000059604645,1.8923853483605892,nan,nan
emnist_balanced,topk_softmax_0125,4,20,0.42248156666755676,0.8316666666666667,0.830621283809361,0.49349483023298546,0.14000000059604645,1.8937304780838338,nan,nan
emnist_balanced,topk_softmax_0125,4,21,0.42052003741264343,0.8380833333333333,0.8340885945245488,0.4776393137079604,0.14000000059604645,1.891091970687217,nan,nan
emnist_balanced,topk_softmax_0125,4,22,0.4052317142486572,0.8366666666666667,0.8341798335883852,0.47522754998917277,0.14000000059604645,1.8920280426106555,nan,nan
emnist_balanced,topk_softmax_0125,4,23,0.39921295642852783,0.8378333333333333,0.8365873830759878,0.4812175320818069,0.14000000059604645,1.8958031091284244,nan,nan
emnist_balanced,topk_softmax_0125,4,24,0.39153921604156494,0.8404166666666667,0.83937088531266,0.46566544314648245,0.14000000059604645,1.892685961216054,nan,nan
emnist_balanced,topk_softmax_0125,4,25,0.3876393437385559,0.83925,0.8385037122905827,0.47669514633239585,0.14000000059604645,1.89053461019029,nan,nan
emnist_balanced,topk_softmax_0125,4,26,0.38040733337402344,0.8430833333333333,0.8407724016220043,0.4674915874258001,0.14000000059604645,1.8923757152354463,nan,nan
emnist_balanced,topk_softmax_0125,4,27,0.37442848086357117,0.8425,0.8406439686432049,0.46067906440572537,0.14000000059604645,1.8889686072126348,nan,nan
emnist_balanced,topk_softmax_0125,4,28,0.3728857934474945,0.8375833333333333,0.8360572769008834,0.47649039930485665,0.14000000059604645,1.8867936413338844,nan,nan
emnist_balanced,topk_softmax_0125,4,29,0.3615247309207916,0.8318333333333333,0.8305701705483407,0.4781561164145774,0.14000000059604645,1.8887692575759076,nan,nan
emnist_balanced,topk_softmax_0125,5,0,2.9489099979400635,0.47641666666666665,0.4546463323361454,1.8335541613558506,0.14000000059604645,1.9325234458801595,nan,nan
emnist_balanced,topk_softmax_0125,5,1,1.4856483936309814,0.6583333333333333,0.6532466417075475,1.120546429715258,0.14000000059604645,1.9206665196317307,nan,nan
emnist_balanced,topk_softmax_0125,5,2,1.0652449131011963,0.7150833333333333,0.7098214608375613,0.890567402890388,0.14000000059604645,1.91244896675678,nan,nan
emnist_balanced,topk_softmax_0125,5,3,0.8951225876808167,0.7429166666666667,0.7366184937106734,0.7873933708414118,0.14000000059604645,1.9122640389077208,nan,nan
emnist_balanced,topk_softmax_0125,5,4,0.7991169095039368,0.7705833333333333,0.7654865654169829,0.70887949492069,0.14000000059604645,1.9093998848123754,nan,nan
emnist_balanced,topk_softmax_0125,5,5,0.7254717350006104,0.7799166666666667,0.7766980118797355,0.6602671057619947,0.14000000059604645,1.9087667541300997,nan,nan
emnist_balanced,topk_softmax_0125,5,6,0.6835007071495056,0.7898333333333334,0.7856302379849591,0.6406911294511024,0.14000000059604645,1.9099453839849918,nan,nan
emnist_balanced,topk_softmax_0125,5,7,0.6411371231079102,0.7988333333333333,0.7962168276548697,0.6007748709080067,0.14000000059604645,1.9105319393442033,nan,nan
emnist_balanced,topk_softmax_0125,5,8,0.6060389876365662,0.8000833333333334,0.7973578215324043,0.5924321140380616,0.14000000059604645,1.9087942787941465,nan,nan
emnist_balanced,topk_softmax_0125,5,9,0.5850716829299927,0.8039166666666666,0.8008399749372644,0.5716717997764019,0.14000000059604645,1.9090628268870902,nan,nan
emnist_balanced,topk_softmax_0125,5,10,0.5576913356781006,0.8025833333333333,0.8014965622743263,0.5764375170494648,0.14000000059604645,1.9081017628629158,nan,nan
emnist_balanced,topk_softmax_0125,5,11,0.5393759608268738,0.81675,0.8113962511988526,0.5310132998101255,0.14000000059604645,1.9083066696816302,nan,nan
emnist_balanced,topk_softmax_0125,5,12,0.5212015509605408,0.8179166666666666,0.8140091776813612,0.5365109297823398,0.14000000059604645,1.9098908305168152,nan,nan
emnist_balanced,topk_softmax_0125,5,13,0.5099343657493591,0.8239166666666666,0.8211927322766964,0.5228912957171177,0.14000000059604645,1.9078895132592384,nan,nan
emnist_balanced,topk_softmax_0125,5,14,0.4926758110523224,0.8201666666666667,0.8165101096071233,0.5265925818301261,0.14000000059604645,1.905873884545996,nan,nan
emnist_balanced,topk_softmax_0125,5,15,0.48183760046958923,0.8226666666666667,0.8209030433094928,0.5082355262117183,0.14000000059604645,1.9060229342034523,nan,nan
emnist_balanced,topk_softmax_0125,5,16,0.46763089299201965,0.826,0.8250901289293647,0.497406560055753,0.14000000059604645,1.9046938457387559,nan,nan
emnist_balanced,topk_softmax_0125,5,17,0.4571075737476349,0.8289166666666666,0.8277127777438195,0.48878126258545734,0.14000000059604645,1.9067016205889114,nan,nan
emnist_balanced,topk_softmax_0125,5,18,0.4395526051521301,0.8315,0.829516553896396,0.49366456904309863,0.14000000059604645,1.9058507439937997,nan,nan
emnist_balanced,topk_softmax_0125,5,19,0.44197458028793335,0.8265,0.8252430265220153,0.4986913800239563,0.14000000059604645,1.9027690760632778,nan,nan
emnist_balanced,topk_softmax_0125,5,20,0.43171897530555725,0.8354166666666667,0.8337570692926628,0.48015052397200403,0.14000000059604645,1.9038545679538807,nan,nan
emnist_balanced,topk_softmax_0125,5,21,0.42461705207824707,0.8360833333333333,0.8338249917269439,0.47863188639600224,0.14000000059604645,1.9032082773269492,nan,nan
emnist_balanced,topk_softmax_0125,5,22,0.41855448484420776,0.8379166666666666,0.8370852828790335,0.47394170469426095,0.14000000059604645,1.904976450382395,nan,nan
emnist_balanced,topk_softmax_0125,5,23,0.4069567620754242,0.8308333333333333,0.828184368229045,0.4879926639668485,0.14000000059604645,1.9041987365864692,nan,nan
emnist_balanced,topk_softmax_0125,5,24,0.39925605058670044,0.8341666666666666,0.8332767655329517,0.48312122010170144,0.14000000059604645,1.902299166993892,nan,nan
emnist_balanced,topk_softmax_0125,5,25,0.3946744203567505,0.8379166666666666,0.8367909149312108,0.4697097768174841,0.14000000059604645,1.899701308696828,nan,nan
emnist_balanced,topk_softmax_0125,5,26,0.3850770890712738,0.83775,0.8358354418206535,0.46880048069548097,0.14000000059604645,1.8998718122218519,nan,nan
emnist_balanced,topk_softmax_0125,5,27,0.3841295838356018,0.83025,0.8277422867862722,0.4863410623783761,0.14000000059604645,1.8990498578294794,nan,nan
emnist_balanced,topk_softmax_0125,6,0,3.028022289276123,0.3913333333333333,0.3645092583510817,2.1229461152502833,0.14000000059604645,1.922836277079075,nan,nan
emnist_balanced,topk_softmax_0125,6,1,1.5867453813552856,0.6464166666666666,0.6395855943469316,1.1604606762845466,0.14000000059604645,1.9187258760979835,nan,nan
emnist_balanced,topk_softmax_0125,6,2,1.0648295879364014,0.7170833333333333,0.7150052183335143,0.8851875688167329,0.14000000059604645,1.915621836134728,nan,nan
emnist_balanced,topk_softmax_0125,6,3,0.8649832010269165,0.75,0.7445065560142055,0.7744348175982212,0.14000000059604645,1.9138955841673182,nan,nan
emnist_balanced,topk_softmax_0125,6,4,0.7608271241188049,0.7653333333333333,0.7645594773792895,0.7150453963178269,0.14000000059604645,1.9141922719935154,nan,nan
emnist_balanced,topk_softmax_0125,6,5,0.6879894733428955,0.7876666666666666,0.7853603480833254,0.6439068672504831,0.14000000059604645,1.914407882284611,nan,nan
emnist_balanced,topk_softmax_0125,6,6,0.6335388422012329,0.8036666666666666,0.8013240139270491,0.6077848019752097,0.14000000059604645,1.9138493258902367,nan,nan
emnist_balanced,topk_softmax_0125,6,7,0.5979959964752197,0.80725,0.8069456477599086,0.5887646618041587,0.14000000059604645,1.9119213933640338,nan,nan
emnist_balanced,topk_softmax_0125,6,8,0.5682609677314758,0.81025,0.808809166275194,0.5619549041098737,0.14000000059604645,1.9104908083347565,nan,nan
emnist_balanced,topk_softmax_0125,6,9,0.5423797369003296,0.80875,0.8047899008366922,0.57357113412086,0.14000000059604645,1.9109939729913752,nan,nan
emnist_balanced,topk_softmax_0125,6,10,0.5206376314163208,0.8199166666666666,0.818219178931097,0.5409216652525232,0.14000000059604645,1.9075445621571643,nan,nan
emnist_balanced,topk_softmax_0125,6,11,0.5005485415458679,0.82175,0.8218303829571411,0.5285595496918293,0.14000000059604645,1.9074554887223751,nan,nan
emnist_balanced,topk_softmax_0125,6,12,0.48612892627716064,0.8235833333333333,0.822149184114117,0.5209043431789318,0.14000000059604645,1.9057148568173672,nan,nan
emnist_balanced,topk_softmax_0125,6,13,0.4711170494556427,0.83,0.8285443347449495,0.5104154931738022,0.14000000059604645,1.9023595667899924,nan,nan
emnist_balanced,topk_softmax_0125,6,14,0.4520334005355835,0.8275,0.8252515794849107,0.5102678911483034,0.14000000059604645,1.9026862699934777,nan,nan
emnist_balanced,topk_softmax_0125,6,15,0.44695326685905457,0.8284166666666667,0.827265663482602,0.5095263497626528,0.14000000059604645,1.8985633330142244,nan,nan
emnist_balanced,topk_softmax_0125,6,16,0.4310499131679535,0.8305,0.8268428996094778,0.5041418925244757,0.14000000059604645,1.9007592480233375,nan,nan
emnist_balanced,topk_softmax_0125,6,17,0.4213860034942627,0.8314166666666667,0.8299578562912214,0.4993911144581247,0.14000000059604645,1.8957226948535189,nan,nan
emnist_balanced,topk_softmax_0125,6,18,0.41920968890190125,0.8339166666666666,0.8321220581530496,0.4923639715986049,0.14000000059604645,1.8955344392898235,nan,nan
emnist_balanced,topk_softmax_0125,6,19,0.4079367220401764,0.8375,0.8372294447663661,0.487498883871322,0.14000000059604645,1.8930319484244003,nan,nan
emnist_balanced,topk_softmax_0125,6,20,0.3989538252353668,0.8405,0.8379665987956953,0.485956830547211,0.14000000059604645,1.894208752094431,nan,nan
emnist_balanced,topk_softmax_0125,6,21,0.38649100065231323,0.83675,0.8345675462830651,0.49428657077728433,0.14000000059604645,1.8905348308542942,nan,nan
emnist_balanced,topk_softmax_0125,6,22,0.38195937871932983,0.8374166666666667,0.8375026667688439,0.4892983893130688,0.14000000059604645,1.8882760418222306,nan,nan
emnist_balanced,topk_softmax_0125,6,23,0.3759840726852417,0.8424166666666667,0.841541490391384,0.4787875122212349,0.14000000059604645,1.8908669568122702,nan,nan
emnist_balanced,topk_softmax_0125,6,24,0.3695516288280487,0.8404166666666667,0.8405909816869381,0.48827948785842734,0.14000000059604645,1.8899505899307576,nan,nan
emnist_balanced,topk_softmax_0125,6,25,0.3651897609233856,0.8433333333333334,0.8427172492903376,0.4795684085247364,0.14000000059604645,1.8900139065499002,nan,nan
emnist_balanced,topk_softmax_0125,6,26,0.35693249106407166,0.8418333333333333,0.8404813247525885,0.4794293673748666,0.14000000059604645,1.8894414724187647,nan,nan
emnist_balanced,topk_softmax_0125,6,27,0.35463929176330566,0.8409166666666666,0.8395275593542664,0.49105820820686663,0.14000000059604645,1.8862431607347854,nan,nan
emnist_balanced,topk_softmax_0125,6,28,0.34962010383605957,0.8386666666666667,0.838316263037393,0.49017088590784275,0.14000000059604645,1.8820126525899197,nan,nan
emnist_balanced,topk_softmax_0125,6,29,0.3404068350791931,0.8401666666666666,0.8390193192000305,0.4905011552445432,0.14000000059604645,1.8867270426547273,nan,nan
emnist_balanced,topk_softmax_0125,7,0,2.9362173080444336,0.45966666666666667,0.4482330055219233,1.9107579931299736,0.14000000059604645,1.9219209488402023,nan,nan
emnist_balanced,topk_softmax_0125,7,1,1.5497208833694458,0.6380833333333333,0.6330422721386771,1.1776590550199468,0.14000000059604645,1.914589601628324,nan,nan
emnist_balanced,topk_softmax_0125,7,2,1.0950100421905518,0.69725,0.6919962226711499,0.9621700758629657,0.14000000059604645,1.9023432921856007,nan,nan
emnist_balanced,topk_softmax_0125,7,3,0.8896257877349854,0.7553333333333333,0.7526008157452087,0.7675201372897371,0.14000000059604645,1.9022337654803663,nan,nan
emnist_balanced,topk_softmax_0125,7,4,0.7704415321350098,0.77475,0.7703164610081145,0.6966088109828056,0.14000000059604645,1.9009724348149402,nan,nan
emnist_balanced,topk_softmax_0125,7,5,0.6985971927642822,0.7895833333333333,0.7862637051438307,0.6607578409479019,0.14000000059604645,1.9001928542522675,nan,nan
emnist_balanced,topk_softmax_0125,7,6,0.6420457363128662,0.8005,0.7975356523615794,0.6147297874410101,0.14000000059604645,1.8954529800313584,nan,nan
emnist_balanced,topk_softmax_0125,7,7,0.6057971119880676,0.7985,0.7952277513328224,0.6216764462755081,0.14000000059604645,1.8918754014563053,nan,nan
emnist_balanced,topk_softmax_0125,7,8,0.5718352794647217,0.8129166666666666,0.8115879453337613,0.5662557951947476,0.14000000059604645,1.8875908268258927,nan,nan
emnist_balanced,topk_softmax_0125,7,9,0.5494095683097839,0.8188333333333333,0.81578202422896,0.5434199394063747,0.14000000059604645,1.8863574634207056,nan,nan
emnist_balanced,topk_softmax_0125,7,10,0.5294981598854065,0.82275,0.8206486053875616,0.5282909381896892,0.14000000059604645,1.8862368299605998,nan,nan
emnist_balanced,topk_softmax_0125,7,11,0.5022854208946228,0.8263333333333334,0.8242854565572871,0.5256500967005466,0.14000000059604645,1.8822379581471707,nan,nan
emnist_balanced,topk_softmax_0125,7,12,0.49464499950408936,0.8256666666666667,0.8234866615031184,0.5220929923209738,0.14000000059604645,1.8792599224029702,nan,nan
emnist_balanced,topk_softmax_0125,7,13,0.4754202961921692,0.8268333333333333,0.824629087062146,0.5127502324733328,0.14000000059604645,1.8782328646233741,nan,nan
emnist_balanced,topk_softmax_0125,7,14,0.4652518332004547,0.8319166666666666,0.8297558072983838,0.4985874314257439,0.14000000059604645,1.876385194190005,nan,nan
emnist_balanced,topk_softmax_0125,7,15,0.4482700526714325,0.8328333333333333,0.8305420344091854,0.4915753964413988,0.14000000059604645,1.8781912834086316,nan,nan
emnist_balanced,topk_softmax_0125,7,16,0.4392583668231964,0.83725,0.8345222500960516,0.48794010344972,0.14000000059604645,1.8706242619676794,nan,nan
emnist_balanced,topk_softmax_0125,7,17,0.4296322464942932,0.8359166666666666,0.8338517330257799,0.49064300669000505,0.14000000059604645,1.8734618425369263,nan,nan
emnist_balanced,topk_softmax_0125,7,18,0.42725804448127747,0.8383333333333334,0.8369178787753634,0.48476201169034266,0.14000000059604645,1.8728793834118134,nan,nan
emnist_balanced,topk_softmax_0125,7,19,0.4123082160949707,0.83675,0.8338280658638111,0.4913165087395526,0.14000000059604645,1.871039830623789,nan,nan
emnist_balanced,topk_softmax_0125,7,20,0.40424880385398865,0.83125,0.8297253160009135,0.5092064427568558,0.14000000059604645,1.8638902864557632,nan,nan
emnist_balanced,topk_softmax_0125,7,21,0.39599016308784485,0.8426666666666667,0.8410618723593105,0.4726473074010078,0.14000000059604645,1.8698271994895124,nan,nan
emnist_balanced,topk_softmax_0125,7,22,0.38919028639793396,0.8435,0.84227022456352,0.4716811395706014,0.14000000059604645,1.8656383600640805,nan,nan
emnist_balanced,topk_softmax_0125,7,23,0.3863402307033539,0.8343333333333334,0.8329354828668157,0.4964657787312853,0.14000000059604645,1.8665468426460916,nan,nan
emnist_balanced,topk_softmax_0125,7,24,0.37498939037323,0.839,0.8372579875140534,0.49286264815229053,0.14000000059604645,1.863722230525727,nan,nan
emnist_balanced,topk_softmax_0125,7,25,0.37586069107055664,0.83975,0.8374389803353887,0.47082352765063024,0.14000000059604645,1.859804372838203,nan,nan
emnist_balanced,topk_softmax_0125,7,26,0.36881181597709656,0.8475833333333334,0.8446237155353956,0.461372305738165,0.14000000059604645,1.8672775461318645,nan,nan
emnist_balanced,topk_softmax_0125,7,27,0.36312946677207947,0.8503333333333334,0.8484428887248426,0.45825086882773863,0.14000000059604645,1.8661884690852875,nan,nan
emnist_balanced,topk_softmax_0125,7,28,0.3554598391056061,0.84675,0.8446783220090986,0.47658422842938847,0.14000000059604645,1.8619173968091924,nan,nan
emnist_balanced,topk_softmax_0125,7,29,0.3521140515804291,0.8478333333333333,0.8470323946888555,0.46937013433334673,0.14000000059604645,1.8577073076938062,nan,nan
emnist_balanced,topk_softmax_0125,8,0,3.0235350131988525,0.44083333333333335,0.4222342700728228,1.9560544820542032,0.14000000059604645,1.931791769697311,nan,nan
emnist_balanced,topk_softmax_0125,8,1,1.5438224077224731,0.635,0.6285165717326769,1.1993480768609555,0.14000000059604645,1.9313589461306309,nan,nan
emnist_balanced,topk_softmax_0125,8,2,1.0915031433105469,0.7123333333333334,0.7063646783398333,0.9083240336560189,0.14000000059604645,1.9249020003257913,nan,nan
emnist_balanced,topk_softmax_0125,8,3,0.902457594871521,0.7413333333333333,0.7377819700449877,0.8041542793842072,0.14000000059604645,1.9198625125783555,nan,nan
emnist_balanced,topk_softmax_0125,8,4,0.7968894243240356,0.7605833333333333,0.7569776218433119,0.735757348385263,0.14000000059604645,1.9168250991943034,nan,nan
emnist_balanced,topk_softmax_0125,8,5,0.7311334609985352,0.78475,0.7790140670691176,0.6503275182652981,0.14000000059604645,1.9121045064418873,nan,nan
emnist_balanced,topk_softmax_0125,8,6,0.6733426451683044,0.7875,0.78482517710085,0.6254338888411827,0.14000000059604645,1.9100487143435376,nan,nan
emnist_balanced,topk_softmax_0125,8,7,0.6413036584854126,0.7975,0.7929371775944575,0.5997019175519335,0.14000000059604645,1.908705603569112,nan,nan
emnist_balanced,topk_softmax_0125,8,8,0.6044568419456482,0.802,0.7968313835531274,0.593872053192017,0.14000000059604645,1.9071682552073865,nan,nan
emnist_balanced,topk_softmax_0125,8,9,0.5796648859977722,0.81475,0.8122264250548213,0.5437676741721782,0.14000000059604645,1.9054659414798656,nan,nan
emnist_balanced,topk_softmax_0125,8,10,0.5481573939323425,0.824,0.822372680308781,0.5273409752135582,0.14000000059604645,1.90359864970471,nan,nan
emnist_balanced,topk_softmax_0125,8,11,0.5280110836029053,0.8233333333333334,0.8215986599202573,0.5150847162338014,0.14000000059604645,1.9026674628257751,nan,nan
emnist_balanced,topk_softmax_0125,8,12,0.5162652730941772,0.8235833333333333,0.8194564845449013,0.5178565744389879,0.14000000059604645,1.8999196367060884,nan,nan
emnist_balanced,topk_softmax_0125,8,13,0.4955422580242157,0.8281666666666667,0.8251739728238021,0.5045843473140229,0.14000000059604645,1.8988603366182206,nan,nan
emnist_balanced,topk_softmax_0125,8,14,0.48808449506759644,0.8321666666666667,0.8309356385532396,0.49664218692069356,0.14000000059604645,1.8986931899760633,nan,nan
emnist_balanced,topk_softmax_0125,8,15,0.477603018283844,0.8335833333333333,0.8317803105798109,0.4888545014756791,0.14000000059604645,1.8945746827632823,nan,nan
emnist_balanced,topk_softmax_0125,8,16,0.4643761217594147,0.8344166666666667,0.8324576491996236,0.4849345328960013,0.14000000059604645,1.8944538603437708,nan,nan
emnist_balanced,topk_softmax_0125,8,17,0.45218944549560547,0.8329166666666666,0.8294836255083642,0.49036208365825895,0.14000000059604645,1.8967573173502659,nan,nan
emnist_balanced,topk_softmax_0125,8,18,0.44330722093582153,0.8304166666666667,0.829601250066039,0.49102902539232945,0.14000000059604645,1.8925276030885412,nan,nan
emnist_balanced,topk_softmax_0125,8,19,0.43577274680137634,0.8363333333333334,0.8336094104504914,0.48179181142056243,0.14000000059604645,1.892397202075796,nan,nan
emnist_balanced,topk_softmax_0125,8,20,0.42621198296546936,0.8415,0.8392675484084725,0.4658660292625427,0.14000000059604645,1.8902756406905803,nan,nan
emnist_balanced,topk_softmax_0125,8,21,0.4118588864803314,0.8449166666666666,0.8432592304554382,0.45873098170503657,0.14000000059604645,1.8899127891723146,nan,nan
emnist_balanced,topk_softmax_0125,8,22,0.40936192870140076,0.8368333333333333,0.8347180712236154,0.48243614397150403,0.14000000059604645,1.8884899083604203,nan,nan
emnist_balanced,topk_softmax_0125,8,23,0.39591309428215027,0.8423333333333334,0.8407803262806668,0.47649519938103696,0.14000000059604645,1.8881864915502833,nan,nan
emnist_balanced,topk_softmax_0125,8,24,0.39496907591819763,0.8410833333333333,0.8384407386651653,0.47076433262926465,0.14000000059604645,1.8889544175026265,nan,nan
emnist_balanced,topk_softmax_0125,8,25,0.3878852128982544,0.8456666666666667,0.8431999095304852,0.4649222918013309,0.14000000059604645,1.8877138406672376,nan,nan
emnist_balanced,topk_softmax_0125,8,26,0.38248735666275024,0.8446666666666667,0.8435602530386379,0.4605559484755739,0.14000000059604645,1.8857300103978907,nan,nan
emnist_balanced,topk_softmax_0125,8,27,0.37467148900032043,0.846,0.844154327034658,0.45951167953775285,0.14000000059604645,1.8834935135029731,nan,nan
emnist_balanced,topk_softmax_0125,8,28,0.37660667300224304,0.846,0.8446879777663817,0.46320591454810284,0.14000000059604645,1.881640171751063,nan,nan
emnist_balanced,topk_softmax_0125,8,29,0.3737637400627136,0.8468333333333333,0.8445920461359692,0.4563583516060038,0.14000000059604645,1.8812953221037032,nan,nan
emnist_balanced,topk_softmax_0125,9,0,2.9697670936584473,0.39516666666666667,0.3775620735103431,2.0629336859317537,0.14000000059604645,1.9180400523733585,nan,nan
emnist_balanced,topk_softmax_0125,9,1,1.5167659521102905,0.65875,0.6510094912511926,1.1216070271552878,0.14000000059604645,1.9001084515388975,nan,nan
emnist_balanced,topk_softmax_0125,9,2,0.9991177916526794,0.7225,0.718233186958425,0.8672428689104446,0.14000000059604645,1.9024660764856542,nan,nan
emnist_balanced,topk_softmax_0125,9,3,0.8226069808006287,0.757,0.7557797525264698,0.7476573332827142,0.14000000059604645,1.9007068656860513,nan,nan
emnist_balanced,topk_softmax_0125,9,4,0.7216677069664001,0.773,0.766755305269098,0.6958271797667158,0.14000000059604645,1.8989729107694422,nan,nan
emnist_balanced,topk_softmax_0125,9,5,0.6495180130004883,0.7885833333333333,0.785735051032915,0.638336366795479,0.14000000059604645,1.8997269881532548,nan,nan
emnist_balanced,topk_softmax_0125,9,6,0.6010838747024536,0.7984166666666667,0.7970109008403681,0.6087941850753541,0.14000000059604645,1.8972753045406747,nan,nan
emnist_balanced,topk_softmax_0125,9,7,0.5690710544586182,0.8051666666666667,0.8025426042183903,0.5776667036908738,0.14000000059604645,1.897051068062478,nan,nan
emnist_balanced,topk_softmax_0125,9,8,0.5412234663963318,0.81225,0.8089739236738768,0.5509407596385225,0.14000000059604645,1.8982614418293566,nan,nan
emnist_balanced,topk_softmax_0125,9,9,0.5132077932357788,0.81925,0.8178378614374546,0.5323066191470369,0.14000000059604645,1.8990576038969325,nan,nan
emnist_balanced,topk_softmax_0125,9,10,0.49640804529190063,0.8231666666666667,0.8209129481334059,0.5286744439855535,0.14000000059604645,1.8975386632249711,nan,nan
emnist_balanced,topk_softmax_0125,9,11,0.47914689779281616,0.8285833333333333,0.8265162459109505,0.5055516647531632,0.14000000059604645,1.8981570461963087,nan,nan
emnist_balanced,topk_softmax_0125,9,12,0.4648174047470093,0.8261666666666667,0.8238583303656238,0.5161451995372772,0.14000000059604645,1.8972407972559016,nan,nan
emnist_balanced,topk_softmax_0125,9,13,0.4512539207935333,0.8286666666666667,0.8278279779551454,0.5043440068021734,0.14000000059604645,1.896701532475492,nan,nan
emnist_balanced,topk_softmax_0125,9,14,0.4414282739162445,0.8296666666666667,0.8278889303105968,0.5104931916328187,0.14000000059604645,1.8953441026362967,nan,nan
emnist_balanced,topk_softmax_0125,9,15,0.4307866096496582,0.8338333333333333,0.8316387982015769,0.5003067261361062,0.14000000059604645,1.8963219789748496,nan,nan
emnist_balanced,topk_softmax_0125,9,16,0.4203241467475891,0.832,0.8305855410674446,0.5086085472969298,0.14000000059604645,1.8951770790079807,nan,nan
emnist_balanced,topk_softmax_0125,9,17,0.41306233406066895,0.8345833333333333,0.8334032624026315,0.49724313806980214,0.14000000059604645,1.8897868572397436,nan,nan
emnist_balanced,topk_softmax_0125,9,18,0.40677401423454285,0.8399166666666666,0.8384293841653796,0.48725143899308876,0.14000000059604645,1.8924997448921204,nan,nan
emnist_balanced,topk_softmax_0125,9,19,0.3958756625652313,0.8325833333333333,0.8315043237654846,0.4964588056219385,0.14000000059604645,1.8921373892337718,nan,nan
emnist_balanced,topk_softmax_0125,9,20,0.38981321454048157,0.8373333333333334,0.8366555166550226,0.4838670771172706,0.14000000059604645,1.890421136896661,nan,nan
emnist_balanced,topk_softmax_0125,9,21,0.3829907774925232,0.8351666666666666,0.8342534358731667,0.49543625496803445,0.14000000059604645,1.8929613866704575,nan,nan
emnist_balanced,topk_softmax_0125,9,22,0.3747885823249817,0.83925,0.8369856231147648,0.48712404484444477,0.14000000059604645,1.8889515311159986,nan,nan
emnist_balanced,topk_softmax_0125,9,23,0.36966195702552795,0.8373333333333334,0.8356614809130508,0.4904522325130219,0.14000000059604645,1.8897793838318357,nan,nan
emnist_balanced,topk_softmax_025,0,0,3.0540952682495117,0.41041666666666665,0.3822836066571598,2.049012402270703,0.25999999046325684,2.547162043287399,nan,nan
emnist_balanced,topk_softmax_025,0,1,1.6367003917694092,0.6169166666666667,0.6120983845827379,1.2609878550184535,0.25999999046325684,2.5482985770448727,nan,nan
emnist_balanced,topk_softmax_025,0,2,1.1529806852340698,0.695,0.6881242958457797,0.9667339895633941,0.25999999046325684,2.5468064013947833,nan,nan
emnist_balanced,topk_softmax_025,0,3,0.9283075928688049,0.7355,0.7288593429213358,0.806833712344474,0.25999999046325684,2.5435879255862948,nan,nan
emnist_balanced,topk_softmax_025,0,4,0.797904372215271,0.758,0.7543044529513557,0.7189668442340608,0.25999999046325684,2.540874930138284,nan,nan
emnist_balanced,topk_softmax_025,0,5,0.7082315683364868,0.7863333333333333,0.7820239289900655,0.6388106980222337,0.25999999046325684,2.5398038042352553,nan,nan
emnist_balanced,topk_softmax_025,0,6,0.6521829962730408,0.7985,0.7932608696623175,0.599798265923845,0.25999999046325684,2.5379049676529903,nan,nan
emnist_balanced,topk_softmax_025,0,7,0.6098950505256653,0.8095833333333333,0.8057757871622856,0.556600292312338,0.25999999046325684,2.537328136728165,nan,nan
emnist_balanced,topk_softmax_025,0,8,0.5757071375846863,0.8096666666666666,0.8061738658522836,0.5485908116431947,0.25999999046325684,2.5348046307868146,nan,nan
emnist_balanced,topk_softmax_025,0,9,0.5441452860832214,0.8216666666666667,0.8189165310708295,0.5226690230217386,0.25999999046325684,2.5308108938501235,nan,nan
emnist_balanced,topk_softmax_025,0,10,0.5191158056259155,0.8234166666666667,0.8187123324594555,0.505135289532073,0.25999999046325684,2.5280685297986296,nan,nan
emnist_balanced,topk_softmax_025,0,11,0.4974365830421448,0.8289166666666666,0.8244128254321449,0.4996164942041357,0.25999999046325684,2.5282793273317052,nan,nan
emnist_balanced,topk_softmax_025,0,12,0.4882950186729431,0.8275833333333333,0.824109253562048,0.49644391777667596,0.25999999046325684,2.5248521160572133,nan,nan
emnist_balanced,topk_softmax_025,0,13,0.4683121144771576,0.83575,0.832827953890323,0.4707576594454177,0.25999999046325684,2.5196821664242033,nan,nan
emnist_balanced,topk_softmax_025,0,14,0.45488229393959045,0.8311666666666667,0.8277050272503707,0.48542951776626264,0.25999999046325684,2.5173914787617138,nan,nan
emnist_balanced,topk_softmax_025,0,15,0.4438951313495636,0.83925,0.8351955487433563,0.46327094955647247,0.25999999046325684,2.5156914249379585,nan,nan
emnist_balanced,topk_softmax_025,0,16,0.4331664443016052,0.8360833333333333,0.8327938251602868,0.46696200396152254,0.25999999046325684,2.511307883769908,nan,nan
emnist_balanced,topk_softmax_025,0,17,0.4229099154472351,0.8358333333333333,0.8318765078464216,0.46918274240290864,0.25999999046325684,2.515635495490216,nan,nan
emnist_balanced,topk_softmax_025,0,18,0.41324469447135925,0.8418333333333333,0.8385156987916559,0.45978335687454713,0.25999999046325684,2.5126829730703477,nan,nan
emnist_balanced,topk_softmax_025,0,19,0.40742531418800354,0.8380833333333333,0.8345388729194213,0.46364918477991796,0.25999999046325684,2.510034091929172,nan,nan
emnist_balanced,topk_softmax_025,0,20,0.3993087708950043,0.8479166666666667,0.8440296446345688,0.4422210340804242,0.25999999046325684,2.5102834853720157,nan,nan
emnist_balanced,topk_softmax_025,0,21,0.3950238525867462,0.8480833333333333,0.8443670023295088,0.4473820969145349,0.25999999046325684,2.5083661586680313,nan,nan
emnist_balanced,topk_softmax_025,0,22,0.38369813561439514,0.84575,0.8418919599610474,0.4547972064068977,0.25999999046325684,2.5087199236484286,nan,nan
emnist_balanced,topk_softmax_025,0,23,0.3777198791503906,0.8435,0.8412606021166069,0.45094952684767703,0.25999999046325684,2.5049382904742625,nan,nan
emnist_balanced,topk_softmax_025,0,24,0.3735775649547577,0.8430833333333333,0.8387526017644931,0.44620290588825307,0.25999999046325684,2.5038433176405888,nan,nan
emnist_balanced,topk_softmax_025,0,25,0.36651524901390076,0.8449166666666666,0.8422165474886978,0.4479313518138642,0.25999999046325684,2.497326234553723,nan,nan
emnist_balanced,topk_softmax_025,0,26,0.3589401841163635,0.8485,0.8444843487294393,0.44609659212700864,0.25999999046325684,2.4983136324172324,nan,nan
emnist_balanced,topk_softmax_025,0,27,0.3529691696166992,0.8521666666666666,0.8494603706658865,0.43427108894003197,0.25999999046325684,2.496744490684347,nan,nan
emnist_balanced,topk_softmax_025,0,28,0.35302647948265076,0.85125,0.8475147506673049,0.43734330255934534,0.25999999046325684,2.496375898097424,nan,nan
emnist_balanced,topk_softmax_025,0,29,0.34537068009376526,0.8556666666666667,0.8528113747537334,0.4221732736902034,0.25999999046325684,2.49166994145576,nan,nan
emnist_balanced,topk_softmax_025,1,0,3.077319383621216,0.3724166666666667,0.34006104080625627,2.1850482301509127,0.25999999046325684,2.543622361852768,nan,nan
emnist_balanced,topk_softmax_025,1,1,1.7322969436645508,0.6143333333333333,0.6068422381308817,1.272227885875296,0.25999999046325684,2.5381270444139523,nan,nan
emnist_balanced,topk_softmax_025,1,2,1.2047697305679321,0.6945,0.6880551786688709,0.9778349881476545,0.25999999046325684,2.528111473042914,nan,nan
emnist_balanced,topk_softmax_025,1,3,0.9860156178474426,0.7345,0.727841273898767,0.8244052529335022,0.25999999046325684,2.5180021321519894,nan,nan
emnist_balanced,topk_softmax_025,1,4,0.8470044136047363,0.7605,0.7556760245275685,0.7391419296569013,0.25999999046325684,2.5107763396932725,nan,nan
emnist_balanced,topk_softmax_025,1,5,0.7565005421638489,0.7803333333333333,0.7739262867006295,0.6633624675426077,0.25999999046325684,2.5053008363602007,nan,nan
emnist_balanced,topk_softmax_025,1,6,0.6896836161613464,0.793,0.7899457693198609,0.6133862841636577,0.25999999046325684,2.5005337963712977,nan,nan
emnist_balanced,topk_softmax_025,1,7,0.64082932472229,0.7981666666666667,0.7948034663450213,0.5843627649418851,0.25999999046325684,2.4994736504047474,nan,nan
emnist_balanced,topk_softmax_025,1,8,0.6051403284072876,0.8065,0.8012404083583106,0.5731322365872403,0.25999999046325684,2.4957980653072926,nan,nan
emnist_balanced,topk_softmax_025,1,9,0.5846243500709534,0.81675,0.8126696278078623,0.5400521704491149,0.25999999046325684,2.493209438121065,nan,nan
emnist_balanced,topk_softmax_025,1,10,0.5553966164588928,0.8204166666666667,0.8179680328387149,0.5276136531474742,0.25999999046325684,2.493841582156242,nan,nan
emnist_balanced,topk_softmax_025,1,11,0.53033447265625,0.8151666666666667,0.8116674852073259,0.5371639703182464,0.25999999046325684,2.490744834250592,nan,nan
emnist_balanced,topk_softmax_025,1,12,0.5125198364257812,0.8224166666666667,0.8195985561767689,0.50705083633991,0.25999999046325684,2.49030054883754,nan,nan
emnist_balanced,topk_softmax_025,1,13,0.4965200424194336,0.8264166666666667,0.8235897641113477,0.49132727245067026,0.25999999046325684,2.482849483794354,nan,nan
emnist_balanced,topk_softmax_025,1,14,0.4847736954689026,0.8314166666666667,0.8295167855514849,0.49104713188840987,0.25999999046325684,2.490652015868654,nan,nan
emnist_balanced,topk_softmax_025,1,15,0.4736025929450989,0.8364166666666667,0.8345513477217311,0.4686501406608744,0.25999999046325684,2.4868650969038617,nan,nan
emnist_balanced,topk_softmax_025,1,16,0.4585389196872711,0.8365,0.8334219900910168,0.4722645745632496,0.25999999046325684,2.482734720757667,nan,nan
emnist_balanced,topk_softmax_025,1,17,0.4500952363014221,0.8361666666666666,0.8343590460195748,0.4769509149358628,0.25999999046325684,2.477080707854413,nan,nan
emnist_balanced,topk_softmax_025,1,18,0.43789002299308777,0.8369166666666666,0.8339087649077966,0.47180419843247595,0.25999999046325684,2.480932479209088,nan,nan
emnist_balanced,topk_softmax_025,1,19,0.4276234209537506,0.8390833333333333,0.8347269968873916,0.46683988862849296,0.25999999046325684,2.4827775549381337,nan,nan
emnist_balanced,topk_softmax_025,1,20,0.4221383333206177,0.8415,0.8375471328005771,0.45515714744304087,0.25999999046325684,2.4800648486360592,nan,nan
emnist_balanced,topk_softmax_025,1,21,0.41067326068878174,0.844,0.8416437248590847,0.457606167869365,0.25999999046325684,2.4815353002954037,nan,nan
emnist_balanced,topk_softmax_025,1,22,0.4048672318458557,0.8418333333333333,0.8397310694419217,0.4567943963598698,0.25999999046325684,2.473795380998165,nan,nan
emnist_balanced,topk_softmax_025,1,23,0.3974136412143707,0.847,0.8449491287214369,0.44608871226615093,0.25999999046325684,2.4792377238577985,nan,nan
emnist_balanced,topk_softmax_025,1,24,0.39299964904785156,0.84775,0.8466074867195049,0.4461820658217085,0.25999999046325684,2.479975898215111,nan,nan
emnist_balanced,topk_softmax_025,1,25,0.38830918073654175,0.8358333333333333,0.8343019594150232,0.47167966023404545,0.25999999046325684,2.476992016142987,nan,nan
emnist_balanced,topk_softmax_025,1,26,0.3854656219482422,0.84975,0.8469053897473805,0.4357705186022089,0.25999999046325684,2.4709464463781803,nan,nan
emnist_balanced,topk_softmax_025,1,27,0.3737654983997345,0.8483333333333334,0.8461246547174145,0.44579272828203564,0.25999999046325684,2.472008469256949,nan,nan
emnist_balanced,topk_softmax_025,1,28,0.3689800202846527,0.84675,0.8437770599622747,0.44800749738165674,0.25999999046325684,2.4679492991021337,nan,nan
emnist_balanced,topk_softmax_025,1,29,0.36155256628990173,0.8509166666666667,0.8497689860985643,0.4417955184236486,0.25999999046325684,2.4661293460967695,nan,nan
emnist_balanced,topk_softmax_025,2,0,3.0409092903137207,0.3868333333333333,0.3582882297607002,2.1408678369319185,0.25999999046325684,2.5359819594849933,nan,nan
emnist_balanced,topk_softmax_025,2,1,1.7181388139724731,0.59225,0.5824612830836751,1.337664561068758,0.25999999046325684,2.5346216369182506,nan,nan
emnist_balanced,topk_softmax_025,2,2,1.1984632015228271,0.68525,0.6780176468994932,1.0136818987257936,0.25999999046325684,2.5324789234932434,nan,nan
emnist_balanced,topk_softmax_025,2,3,0.9805004596710205,0.7165,0.7136681914537156,0.8874870614802584,0.25999999046325684,2.532291919627088,nan,nan
emnist_balanced,topk_softmax_025,2,4,0.8504994511604309,0.7546666666666667,0.7513993369600427,0.7557511253559843,0.25999999046325684,2.5262031859539924,nan,nan
emnist_balanced,topk_softmax_025,2,5,0.7590586543083191,0.7696666666666667,0.7633395076431021,0.7177361845970154,0.25999999046325684,2.520953896197867,nan,nan
emnist_balanced,topk_softmax_025,2,6,0.695250928401947,0.7885,0.7864919587269562,0.6423312070521903,0.25999999046325684,2.514027138973804,nan,nan
emnist_balanced,topk_softmax_025,2,7,0.6445761322975159,0.7933333333333333,0.7906117236908317,0.6330758434660891,0.25999999046325684,2.5128391651397055,nan,nan
emnist_balanced,topk_softmax_025,2,8,0.6068738102912903,0.8035,0.8012254713395525,0.5942246913909912,0.25999999046325684,2.5084536354592504,nan,nan
emnist_balanced,topk_softmax_025,2,9,0.5715048909187317,0.80525,0.8034447119641881,0.5929302852204505,0.25999999046325684,2.505402684211731,nan,nan
emnist_balanced,topk_softmax_025,2,10,0.5464973449707031,0.8150833333333334,0.8128221817592514,0.5473105844030989,0.25999999046325684,2.507155139395531,nan,nan
emnist_balanced,topk_softmax_025,2,11,0.5223963260650635,0.81325,0.8110034318223682,0.5477386351595533,0.25999999046325684,2.5038696933299938,nan,nan
emnist_balanced,topk_softmax_025,2,12,0.5049550533294678,0.8214166666666667,0.8172613400289964,0.5266241253690517,0.25999999046325684,2.500324601822711,nan,nan
emnist_balanced,topk_softmax_025,2,13,0.4871937930583954,0.8200833333333334,0.8180524742525604,0.5356642477055813,0.25999999046325684,2.4997835742666368,nan,nan
emnist_balanced,topk_softmax_025,2,14,0.47745269536972046,0.8264166666666667,0.824317142409764,0.5131301702337062,0.25999999046325684,2.4972551300170576,nan,nan
emnist_balanced,topk_softmax_025,2,15,0.45950499176979065,0.8338333333333333,0.8312267716151507,0.5043203405877377,0.25999999046325684,2.497176281949307,nan,nan
emnist_balanced,topk_softmax_025,2,16,0.4505704343318939,0.8260833333333333,0.8229795920434205,0.5177135366074582,0.25999999046325684,2.495213602451568,nan,nan
emnist_balanced,topk_softmax_025,2,17,0.43813297152519226,0.83075,0.8299734977662956,0.5110760419926745,0.25999999046325684,2.492222339548963,nan,nan
emnist_balanced,topk_softmax_025,2,18,0.4287452697753906,0.8344166666666667,0.8336645300874127,0.495216447622218,0.25999999046325684,2.4927568308850554,nan,nan
emnist_balanced,topk_softmax_025,2,19,0.4234845042228699,0.83175,0.8303019350956855,0.5088069248706737,0.25999999046325684,2.4887736503114093,nan,nan
emnist_balanced,topk_softmax_025,2,20,0.41372594237327576,0.8366666666666667,0.8356124301684703,0.48659318178258043,0.25999999046325684,2.488624986181868,nan,nan
emnist_balanced,topk_softmax_025,2,21,0.4079689085483551,0.8336666666666667,0.8326208942695341,0.49212296719246723,0.25999999046325684,2.485021190440401,nan,nan
emnist_balanced,topk_softmax_025,2,22,0.3943876624107361,0.83575,0.8332998505089116,0.48683514113121845,0.25999999046325684,2.487743948368316,nan,nan
emnist_balanced,topk_softmax_025,2,23,0.38560420274734497,0.8356666666666667,0.8360574650062028,0.500884751056103,0.25999999046325684,2.4821778206115073,nan,nan
emnist_balanced,topk_softmax_025,2,24,0.38236719369888306,0.8365833333333333,0.8358444281908127,0.4852443660827393,0.25999999046325684,2.4790225434810558,nan,nan
emnist_balanced,topk_softmax_025,2,25,0.3769179582595825,0.8438333333333333,0.8426870128994625,0.48196430979891025,0.25999999046325684,2.4829722439989133,nan,nan
emnist_balanced,topk_softmax_025,2,26,0.36962732672691345,0.8343333333333334,0.8339213702645472,0.4917512041457156,0.25999999046325684,2.4825241235976523,nan,nan
emnist_balanced,topk_softmax_025,2,27,0.3721980154514313,0.8385,0.8379458265375846,0.5039588358808071,0.25999999046325684,2.481413133600925,nan,nan
emnist_balanced,topk_softmax_025,2,28,0.35583949089050293,0.84675,0.8454875364398864,0.474039817744113,0.25999999046325684,2.478995163389977,nan,nan
emnist_balanced,topk_softmax_025,2,29,0.3529406189918518,0.84625,0.8453491977986114,0.4703646143700214,0.25999999046325684,2.4790346952194864,nan,nan
emnist_balanced,topk_softmax_025,3,0,3.0087571144104004,0.42675,0.39868878184121115,2.0280766284212155,0.25999999046325684,2.5437443002741387,nan,nan
emnist_balanced,topk_softmax_025,3,1,1.6229723691940308,0.6276666666666667,0.6175871468198054,1.224851445948824,0.25999999046325684,2.5378042332669524,nan,nan
emnist_balanced,topk_softmax_025,3,2,1.0942167043685913,0.71875,0.7136532149857756,0.8841712157777015,0.25999999046325684,2.521526838870759,nan,nan
emnist_balanced,topk_softmax_025,3,3,0.8782861232757568,0.7509166666666667,0.7479288091018116,0.7817967876474908,0.25999999046325684,2.506783196266661,nan,nan
emnist_balanced,topk_softmax_025,3,4,0.7631816267967224,0.7831666666666667,0.7806808106762475,0.661073181223362,0.25999999046325684,2.503392716671558,nan,nan
emnist_balanced,topk_softmax_025,3,5,0.6929535269737244,0.7924166666666667,0.7900044498377877,0.6219909279904468,0.25999999046325684,2.4938317258307277,nan,nan
emnist_balanced,topk_softmax_025,3,6,0.6330583095550537,0.80475,0.8009830434574031,0.5797251995573652,0.25999999046325684,2.496235715582016,nan,nan
emnist_balanced,topk_softmax_025,3,7,0.593326210975647,0.8118333333333333,0.8071764398721053,0.5557761426935804,0.25999999046325684,2.4943794925162135,nan,nan
emnist_balanced,topk_softmax_025,3,8,0.5559226870536804,0.8155833333333333,0.812039624981856,0.534012496471405,0.25999999046325684,2.4932920400132526,nan,nan
emnist_balanced,topk_softmax_025,3,9,0.5399876832962036,0.8194166666666667,0.8168540455783925,0.5282117039599317,0.25999999046325684,2.48470076601556,nan,nan
emnist_balanced,topk_softmax_025,3,10,0.5191230773925781,0.8286666666666667,0.8275282944979467,0.49768038569612705,0.25999999046325684,2.489195301177654,nan,nan
emnist_balanced,topk_softmax_025,3,11,0.49063271284103394,0.8328333333333333,0.8309096483910088,0.4879217414145774,0.25999999046325684,2.4836530457151698,nan,nan
emnist_balanced,topk_softmax_025,3,12,0.47649767994880676,0.8378333333333333,0.8363845403791985,0.4721699020964034,0.25999999046325684,2.483809805930929,nan,nan
emnist_balanced,topk_softmax_025,3,13,0.4653530418872833,0.8409166666666666,0.8381679181059517,0.4681706669482779,0.25999999046325684,2.4811639532129814,nan,nan
emnist_balanced,topk_softmax_025,3,14,0.4483189582824707,0.84025,0.8381631323310192,0.46460235309093556,0.25999999046325684,2.483300247090928,nan,nan
emnist_balanced,topk_softmax_025,3,15,0.4325910806655884,0.8415,0.8397773644952865,0.4630174884136687,0.25999999046325684,2.487475240484197,nan,nan
emnist_balanced,topk_softmax_025,3,16,0.4283437728881836,0.8330833333333333,0.8309082760737453,0.488229734466431,0.25999999046325684,2.477455331924114,nan,nan
emnist_balanced,topk_softmax_025,3,17,0.4189665913581848,0.843,0.8407863714634194,0.4601419003719979,0.25999999046325684,2.482223109996065,nan,nan
emnist_balanced,topk_softmax_025,3,18,0.4115777909755707,0.8460833333333333,0.8436499934743031,0.4615038918687942,0.25999999046325684,2.4786718272148294,nan,nan
emnist_balanced,topk_softmax_025,3,19,0.39979109168052673,0.8435833333333334,0.8406966612193313,0.45932300737563597,0.25999999046325684,2.480499744415283,nan,nan
emnist_balanced,topk_softmax_025,3,20,0.39309602975845337,0.8476666666666667,0.8453531982247486,0.4383984867562639,0.25999999046325684,2.475877911486524,nan,nan
emnist_balanced,topk_softmax_025,3,21,0.38473448157310486,0.8455833333333334,0.845117790674173,0.4505897341890538,0.25999999046325684,2.4780734371631703,nan,nan
emnist_balanced,topk_softmax_025,3,22,0.3813178837299347,0.8435,0.8413557336694677,0.45680797924386696,0.25999999046325684,2.478029517417258,nan,nan
emnist_balanced,topk_softmax_025,3,23,0.37257131934165955,0.8450833333333333,0.8438349384587666,0.45947568086867635,0.25999999046325684,2.4801398109882435,nan,nan
emnist_balanced,topk_softmax_025,3,24,0.36474302411079407,0.8465,0.844360926032725,0.4512113776612789,0.25999999046325684,2.475091538530715,nan,nan
emnist_balanced,topk_softmax_025,3,25,0.3630557954311371,0.8513333333333334,0.8499630192938571,0.4365325265742363,0.25999999046325684,2.4754030805953007,nan,nan
emnist_balanced,topk_softmax_025,3,26,0.35591188073158264,0.8455833333333334,0.8436696894304653,0.4510788017130913,0.25999999046325684,2.4619896310441036,nan,nan
emnist_balanced,topk_softmax_025,3,27,0.35138750076293945,0.8465,0.8450962413946177,0.442961944544569,0.25999999046325684,2.4751190682674977,nan,nan
emnist_balanced,topk_softmax_025,3,28,0.3486630618572235,0.8468333333333333,0.845983924667544,0.4419269403244587,0.25999999046325684,2.46552209143943,nan,nan
emnist_balanced,topk_softmax_025,3,29,0.34116923809051514,0.852,0.850538525598935,0.43323012996227184,0.25999999046325684,2.4668699147853443,nan,nan
emnist_balanced,topk_softmax_025,4,0,3.1483418941497803,0.34791666666666665,0.3051209215195447,2.2332513890367873,0.25999999046325684,2.5507524647611253,nan,nan
emnist_balanced,topk_softmax_025,4,1,1.7353686094284058,0.603,0.5904020342124454,1.3096512708258121,0.25999999046325684,2.5437279838196774,nan,nan
emnist_balanced,topk_softmax_025,4,2,1.1901614665985107,0.6805833333333333,0.6741157248151922,1.0084594437416563,0.25999999046325684,2.5265415602541985,nan,nan
emnist_balanced,topk_softmax_025,4,3,0.951729416847229,0.7338333333333333,0.7287993628873266,0.8295636570200007,0.25999999046325684,2.5155039569164845,nan,nan
emnist_balanced,topk_softmax_025,4,4,0.8268559575080872,0.7545,0.7520223782824244,0.7497896539404038,0.25999999046325684,2.509628861508471,nan,nan
emnist_balanced,topk_softmax_025,4,5,0.7409781217575073,0.7699166666666667,0.7663942035224256,0.6974823766566337,0.25999999046325684,2.504899580427941,nan,nan
emnist_balanced,topk_softmax_025,4,6,0.6848097443580627,0.7866666666666666,0.7833418762906297,0.6276919156947034,0.25999999046325684,2.5024180082564658,nan,nan
emnist_balanced,topk_softmax_025,4,7,0.6380477547645569,0.7969166666666667,0.7932725455011541,0.5987504803119822,0.25999999046325684,2.4997653200271284,nan,nan
emnist_balanced,topk_softmax_025,4,8,0.6030455231666565,0.8028333333333333,0.8004452836551981,0.5851508277527829,0.25999999046325684,2.4956141862463443,nan,nan
emnist_balanced,topk_softmax_025,4,9,0.5685133337974548,0.8084166666666667,0.8055652100895038,0.5627213152165108,0.25999999046325684,2.496448963246447,nan,nan
emnist_balanced,topk_softmax_025,4,10,0.5435788631439209,0.8146666666666667,0.8130093662472604,0.5499292580371208,0.25999999046325684,2.489497626081426,nan,nan
emnist_balanced,topk_softmax_025,4,11,0.519633948802948,0.8130833333333334,0.8107896128572691,0.5406665148887229,0.25999999046325684,2.4919807099281472,nan,nan
emnist_balanced,topk_softmax_025,4,12,0.5096784234046936,0.8159166666666666,0.8153733878956301,0.5285846299313485,0.25999999046325684,2.4840067041681166,nan,nan
emnist_balanced,topk_softmax_025,4,13,0.4901180565357208,0.8220833333333334,0.8199071043314499,0.5226837675622169,0.25999999046325684,2.488323982725752,nan,nan
emnist_balanced,topk_softmax_025,4,14,0.4792894124984741,0.8285,0.824810298064092,0.500584031039096,0.25999999046325684,2.4830848638047565,nan,nan
emnist_balanced,topk_softmax_025,4,15,0.4643545150756836,0.82475,0.8217048009406398,0.515568826426851,0.25999999046325684,2.4879015887037235,nan,nan
emnist_balanced,topk_softmax_025,4,16,0.44765451550483704,0.8315,0.8273276639956041,0.49985825825244823,0.25999999046325684,2.4861588300542627,nan,nan
emnist_balanced,topk_softmax_025,4,17,0.44343751668930054,0.8325833333333333,0.8292233334857433,0.4928222850282141,0.25999999046325684,2.4807303864905177,nan,nan
emnist_balanced,topk_softmax_025,4,18,0.4265801012516022,0.8324166666666667,0.830561647504994,0.4806739542078465,0.25999999046325684,2.482250216159415,nan,nan
emnist_balanced,topk_softmax_025,4,19,0.42277249693870544,0.8353333333333334,0.833556953918385,0.4782903530496232,0.25999999046325684,2.4813233867604683,nan,nan
emnist_balanced,topk_softmax_025,4,20,0.41292500495910645,0.8351666666666666,0.8342375413361826,0.4732559380379129,0.25999999046325684,2.483051208739585,nan,nan
emnist_balanced,topk_softmax_025,4,21,0.4092000126838684,0.8294166666666667,0.8258127687540104,0.4910395601962475,0.25999999046325684,2.4759124187712973,nan,nan
emnist_balanced,topk_softmax_025,4,22,0.40101635456085205,0.8374166666666667,0.8359581177038606,0.47573695728119386,0.25999999046325684,2.477644238066166,nan,nan
emnist_balanced,topk_softmax_025,4,23,0.39893007278442383,0.8345,0.8329297555070387,0.4794574665262344,0.25999999046325684,2.4764896200058306,nan,nan
emnist_balanced,topk_softmax_025,4,24,0.3877091705799103,0.8361666666666666,0.8349358800137376,0.46248937604275153,0.25999999046325684,2.476718585541908,nan,nan
emnist_balanced,topk_softmax_025,4,25,0.3792380094528198,0.837,0.8357730188919357,0.4721452986940424,0.25999999046325684,2.482819397398766,nan,nan
emnist_balanced,topk_softmax_025,4,26,0.37815093994140625,0.8394166666666667,0.8375293692388756,0.46759304150621944,0.25999999046325684,2.4781159187885042,nan,nan
emnist_balanced,topk_softmax_025,4,27,0.3718562722206116,0.8400833333333333,0.8384039755160969,0.4613358403774018,0.25999999046325684,2.479018198682907,nan,nan
emnist_balanced,topk_softmax_025,4,28,0.36732685565948486,0.8428333333333333,0.8415345644377915,0.4626572220883471,0.25999999046325684,2.4743441749126354,nan,nan
emnist_balanced,topk_softmax_025,4,29,0.35789984464645386,0.8373333333333334,0.8346922560575807,0.4832897737939307,0.25999999046325684,2.4802304227301417,nan,nan
emnist_balanced,topk_softmax_025,5,0,3.0280582904815674,0.4200833333333333,0.3929456808570815,2.015348010874809,0.25999999046325684,2.5452517778315444,nan,nan
emnist_balanced,topk_softmax_025,5,1,1.659621000289917,0.61925,0.611591015441285,1.2491905080511214,0.25999999046325684,2.543381523578725,nan,nan
emnist_balanced,topk_softmax_025,5,2,1.1705065965652466,0.6894166666666667,0.6841533525282142,0.9830398622979509,0.25999999046325684,2.541036451116521,nan,nan
emnist_balanced,topk_softmax_025,5,3,0.967195451259613,0.7235,0.7182856361064283,0.8433357718143057,0.25999999046325684,2.5411661685781275,nan,nan
emnist_balanced,topk_softmax_025,5,4,0.8450616002082825,0.7575833333333334,0.7515781079601151,0.7346449012451983,0.25999999046325684,2.5381792935919254,nan,nan
emnist_balanced,topk_softmax_025,5,5,0.7594330906867981,0.7751666666666667,0.7736276290701214,0.6844643570007162,0.25999999046325684,2.5356438971580344,nan,nan
emnist_balanced,topk_softmax_025,5,6,0.6918200850486755,0.7894166666666667,0.7853936649115705,0.6332167209462917,0.25999999046325684,2.5346736882595304,nan,nan
emnist_balanced,topk_softmax_025,5,7,0.648955225944519,0.7999166666666667,0.7975833499992888,0.5916733513487146,0.25999999046325684,2.5316407502965723,nan,nan
emnist_balanced,topk_softmax_025,5,8,0.6064436435699463,0.8064166666666667,0.8040815960786772,0.5770420425749839,0.25999999046325684,2.5282291858754258,nan,nan
emnist_balanced,topk_softmax_025,5,9,0.574248731136322,0.8135833333333333,0.8124469146805244,0.5463689527613051,0.25999999046325684,2.5270951276129865,nan,nan
emnist_balanced,topk_softmax_025,5,10,0.5499153733253479,0.8153333333333334,0.8139459002413707,0.5391081622306336,0.25999999046325684,2.5224687850221676,nan,nan
emnist_balanced,topk_softmax_025,5,11,0.5316912531852722,0.8230833333333333,0.8188067628408985,0.5119507052796952,0.25999999046325684,2.5220321924128433,nan,nan
emnist_balanced,topk_softmax_025,5,12,0.5097860097885132,0.82475,0.8235088078057433,0.5111897365843996,0.25999999046325684,2.5206582064324237,nan,nan
emnist_balanced,topk_softmax_025,5,13,0.49975094199180603,0.83075,0.8278204969267503,0.4842310351260165,0.25999999046325684,2.5195325283294028,nan,nan
emnist_balanced,topk_softmax_025,5,14,0.4832998514175415,0.8285833333333333,0.8258645482543125,0.5002654556264269,0.25999999046325684,2.517957367795579,nan,nan
emnist_balanced,topk_softmax_025,5,15,0.47239845991134644,0.8355,0.8342591943769624,0.4723526955919063,0.25999999046325684,2.51611789743951,nan,nan
emnist_balanced,topk_softmax_025,5,16,0.4590386152267456,0.8351666666666666,0.8341313477545558,0.46691363732865515,0.25999999046325684,2.51504932565892,nan,nan
emnist_balanced,topk_softmax_025,5,17,0.44693005084991455,0.8374166666666667,0.8358616639349548,0.468668059465733,0.25999999046325684,2.513625885577912,nan,nan
emnist_balanced,topk_softmax_025,5,18,0.4363797903060913,0.8326666666666667,0.8299209865779753,0.4938285445913355,0.25999999046325684,2.5138499812876924,nan,nan
emnist_balanced,topk_softmax_025,5,19,0.4329056739807129,0.841,0.8394637979603418,0.463383914942437,0.25999999046325684,2.510590396028884,nan,nan
emnist_balanced,topk_softmax_025,5,20,0.426868736743927,0.841,0.8385302629691057,0.452867827516921,0.25999999046325684,2.5101851021989865,nan,nan
emnist_balanced,topk_softmax_025,5,21,0.4169757664203644,0.8396666666666667,0.83806531478462,0.4561523566854761,0.25999999046325684,2.510090165949882,nan,nan
emnist_balanced,topk_softmax_025,5,22,0.40403831005096436,0.8445833333333334,0.8438322746678871,0.44395755516721847,0.25999999046325684,2.509179800114733,nan,nan
emnist_balanced,topk_softmax_025,5,23,0.3992883265018463,0.84475,0.8413569436407409,0.44066941357673484,0.25999999046325684,2.5109472604508096,nan,nan
emnist_balanced,topk_softmax_025,5,24,0.39315563440322876,0.8455,0.8447231004501871,0.4420818661121612,0.25999999046325684,2.51226598912097,nan,nan
emnist_balanced,topk_softmax_025,5,25,0.38614317774772644,0.8484166666666667,0.8484355349885394,0.4369245387138204,0.25999999046325684,2.5093647216228727,nan,nan
emnist_balanced,topk_softmax_025,5,26,0.3775566518306732,0.8484166666666667,0.8466390258278078,0.4373789759392434,0.25999999046325684,2.5092181322422435,nan,nan
emnist_balanced,topk_softmax_025,5,27,0.37201187014579773,0.8519166666666667,0.850428656641381,0.4222254791158311,0.25999999046325684,2.509131188088275,nan,nan
emnist_balanced,topk_softmax_025,5,28,0.37078535556793213,0.8493333333333334,0.8481528320587222,0.43287637893189773,0.25999999046325684,2.5078140421116606,nan,nan
emnist_balanced,topk_softmax_025,5,29,0.3650642931461334,0.8496666666666667,0.8475330400665935,0.4371279433686682,0.25999999046325684,2.504497249075707,nan,nan
emnist_balanced,topk_softmax_025,6,0,3.0891456604003906,0.3285,0.28956892903356873,2.2851312718492873,0.25999999046325684,2.545813339821836,nan,nan
emnist_balanced,topk_softmax_025,6,1,1.7944997549057007,0.5986666666666667,0.5937050931081618,1.3396497280039685,0.25999999046325684,2.541856831692635,nan,nan
emnist_balanced,topk_softmax_025,6,2,1.2255773544311523,0.6781666666666667,0.6725933987534396,1.0208262687033796,0.25999999046325684,2.534814702703598,nan,nan
emnist_balanced,topk_softmax_025,6,3,0.9746889472007751,0.727,0.7218359019327568,0.8543340969592967,0.25999999046325684,2.5296924849773976,nan,nan
emnist_balanced,topk_softmax_025,6,4,0.8316186666488647,0.75325,0.7495200157556619,0.7592736761620704,0.25999999046325684,2.5217835192984723,nan,nan
emnist_balanced,topk_softmax_025,6,5,0.7423884272575378,0.77525,0.7718133878196661,0.6925746861924517,0.25999999046325684,2.517011119964275,nan,nan
emnist_balanced,topk_softmax_025,6,6,0.6797512173652649,0.7831666666666667,0.7815813506420605,0.6591138763630644,0.25999999046325684,2.5167073138216707,nan,nan
emnist_balanced,topk_softmax_025,6,7,0.6378085017204285,0.7978333333333333,0.7968732089970091,0.608789140873767,0.25999999046325684,2.5076953908230397,nan,nan
emnist_balanced,topk_softmax_025,6,8,0.5998944640159607,0.8026666666666666,0.8023046041937543,0.5880043335417484,0.25999999046325684,2.5075382247884224,nan,nan
emnist_balanced,topk_softmax_025,6,9,0.5735237002372742,0.8115833333333333,0.8075345732662554,0.5622928503980028,0.25999999046325684,2.5062102688119765,nan,nan
emnist_balanced,topk_softmax_025,6,10,0.5434263944625854,0.8126666666666666,0.8098474274916557,0.5608682036399841,0.25999999046325684,2.506958984314127,nan,nan
emnist_balanced,topk_softmax_025,6,11,0.527448296546936,0.81775,0.816603691620363,0.543919896825831,0.25999999046325684,2.509828181976968,nan,nan
emnist_balanced,topk_softmax_025,6,12,0.5071030855178833,0.8256666666666667,0.8233967354893387,0.5273136179497901,0.25999999046325684,2.507210655415312,nan,nan
emnist_balanced,topk_softmax_025,6,13,0.4925172030925751,0.82325,0.8218077043938578,0.513976366596019,0.25999999046325684,2.5123959018829023,nan,nan
emnist_balanced,topk_softmax_025,6,14,0.4736921787261963,0.8295,0.827176879582599,0.5092932822856497,0.25999999046325684,2.5103375455166432,nan,nan
emnist_balanced,topk_softmax_025,6,15,0.46718862652778625,0.8323333333333334,0.8315209805014518,0.5025185416353509,0.25999999046325684,2.512422462727161,nan,nan
emnist_balanced,topk_softmax_025,6,16,0.45057213306427,0.833,0.8313824961748212,0.49634036358366623,0.25999999046325684,2.5092191163529742,nan,nan
emnist_balanced,topk_softmax_025,6,17,0.4412826597690582,0.8310833333333333,0.8286912389459812,0.4905222426069544,0.25999999046325684,2.5080554789685188,nan,nan
emnist_balanced,topk_softmax_025,6,18,0.4304194152355194,0.8330833333333333,0.8311586787504229,0.49212404134425713,0.25999999046325684,2.5020106980141175,nan,nan
emnist_balanced,topk_softmax_025,6,19,0.4220212399959564,0.8399166666666666,0.8399430193989048,0.47983222375524803,0.25999999046325684,2.502987417768925,nan,nan
emnist_balanced,topk_softmax_025,6,20,0.41355493664741516,0.8363333333333334,0.8339390861743226,0.4839169091366707,0.25999999046325684,2.5049981665103993,nan,nan
emnist_balanced,topk_softmax_025,6,21,0.4005403518676758,0.8355,0.8337607558809331,0.47732457899032754,0.25999999046325684,2.5049406797327896,nan,nan
emnist_balanced,topk_softmax_025,6,22,0.39618125557899475,0.8385,0.8379459407670333,0.4794110376784142,0.25999999046325684,2.5034094592358205,nan,nan
emnist_balanced,topk_softmax_025,6,23,0.3953700363636017,0.8373333333333334,0.8366123146968965,0.4918531471110405,0.25999999046325684,2.499984984702252,nan,nan
emnist_balanced,topk_softmax_025,6,24,0.3905087113380432,0.8453333333333334,0.8442541850793124,0.46985750566137596,0.25999999046325684,2.50074661538956,nan,nan
emnist_balanced,topk_softmax_025,6,25,0.3792833387851715,0.8444166666666667,0.8443118457590947,0.46690236063713725,0.25999999046325684,2.503912588383289,nan,nan
emnist_balanced,topk_softmax_025,6,26,0.3741263449192047,0.8455,0.8444083704218591,0.4633930718645136,0.25999999046325684,2.499091440058769,nan,nan
emnist_balanced,topk_softmax_025,6,27,0.36759471893310547,0.8475,0.8467796968253987,0.4624328207462392,0.25999999046325684,2.5044203159656933,nan,nan
emnist_balanced,topk_softmax_025,6,28,0.3593156039714813,0.8490833333333333,0.8491636289105979,0.46420688071149463,0.25999999046325684,2.500711385239946,nan,nan
emnist_balanced,topk_softmax_025,6,29,0.35920482873916626,0.8438333333333333,0.8426439387825289,0.4673448807381569,0.25999999046325684,2.5003063272922597,nan,nan
emnist_balanced,topk_softmax_025,7,0,3.050083875656128,0.36233333333333334,0.3417374787795236,2.184304638111845,0.25999999046325684,2.4948697242330997,nan,nan
emnist_balanced,topk_softmax_025,7,1,1.7201584577560425,0.60225,0.595886844065384,1.312115930496378,0.25999999046325684,2.5147170082051704,nan,nan
emnist_balanced,topk_softmax_025,7,2,1.1703613996505737,0.6904166666666667,0.6839390613923024,0.9986913343693348,0.25999999046325684,2.5142782622195305,nan,nan
emnist_balanced,topk_softmax_025,7,3,0.9291723966598511,0.7465833333333334,0.7422910954614247,0.7962252878128214,0.25999999046325684,2.5060837497102453,nan,nan
emnist_balanced,topk_softmax_025,7,4,0.7868312001228333,0.77,0.7669348801588678,0.7135943884545184,0.25999999046325684,2.5039761320073555,nan,nan
emnist_balanced,topk_softmax_025,7,5,0.7087082266807556,0.784,0.7796178243958451,0.6679220085448407,0.25999999046325684,2.5047662029875086,nan,nan
emnist_balanced,topk_softmax_025,7,6,0.6406605839729309,0.8035,0.8008128148278373,0.6028551865131297,0.25999999046325684,2.499324468856162,nan,nan
emnist_balanced,topk_softmax_025,7,7,0.5969713926315308,0.8098333333333333,0.8069222561510844,0.5786153084420144,0.25999999046325684,2.5035264847126415,nan,nan
emnist_balanced,topk_softmax_025,7,8,0.5709741115570068,0.8141666666666667,0.8119634652049006,0.5575506053072341,0.25999999046325684,2.499786582398922,nan,nan
emnist_balanced,topk_softmax_025,7,9,0.5438198447227478,0.8191666666666667,0.8166475167037055,0.5414712676342498,0.25999999046325684,2.498643730549102,nan,nan
emnist_balanced,topk_softmax_025,7,10,0.5207516551017761,0.8281666666666667,0.8253646607563186,0.5159307559753986,0.25999999046325684,2.4978863482779645,nan,nan
emnist_balanced,topk_softmax_025,7,11,0.5014895796775818,0.8270833333333333,0.8253884426368224,0.5245739170845519,0.25999999046325684,2.493802529700259,nan,nan
emnist_balanced,topk_softmax_025,7,12,0.4841476082801819,0.83,0.8276912897090504,0.5054842607772096,0.25999999046325684,2.4894420212887702,nan,nan
emnist_balanced,topk_softmax_025,7,13,0.470539391040802,0.8289166666666666,0.8258203848139348,0.5129885007726386,0.25999999046325684,2.4825916620011026,nan,nan
emnist_balanced,topk_softmax_025,7,14,0.45785751938819885,0.8395,0.8363583709950829,0.47999627032178516,0.25999999046325684,2.485850466058609,nan,nan
emnist_balanced,topk_softmax_025,7,15,0.44645607471466064,0.8419166666666666,0.8381075480999456,0.47901684045791626,0.25999999046325684,2.490465887049411,nan,nan
emnist_balanced,topk_softmax_025,7,16,0.43462854623794556,0.8376666666666667,0.8345426493172492,0.484348788540414,0.25999999046325684,2.485921489431503,nan,nan
emnist_balanced,topk_softmax_025,7,17,0.4248887896537781,0.84275,0.8402615086176143,0.47233158793855223,0.25999999046325684,2.4861253271711634,nan,nan
emnist_balanced,topk_softmax_025,7,18,0.41589683294296265,0.84325,0.8418630413795202,0.47289876608138387,0.25999999046325684,2.4825653218208474,nan,nan
emnist_balanced,topk_softmax_025,7,19,0.40778329968452454,0.84725,0.8451611255621538,0.46095292111660574,0.25999999046325684,2.479760078673667,nan,nan
emnist_balanced,topk_softmax_025,7,20,0.4024825394153595,0.8431666666666666,0.8413197430576888,0.46236230211055024,0.25999999046325684,2.476552225173788,nan,nan
emnist_balanced,topk_softmax_025,7,21,0.39432862401008606,0.8516666666666667,0.8503323590459814,0.448777252055229,0.25999999046325684,2.4785195944157055,nan,nan
emnist_balanced,topk_softmax_025,7,22,0.38535645604133606,0.8470833333333333,0.8459993625233827,0.45484182682443175,0.25999999046325684,2.4749253201991954,nan,nan
emnist_balanced,topk_softmax_025,7,23,0.37679359316825867,0.848,0.8468545891530189,0.4583943042349308,0.25999999046325684,2.4783205656295126,nan,nan
emnist_balanced,topk_softmax_025,7,24,0.37502574920654297,0.8525,0.8504324782977787,0.452139546262457,0.25999999046325684,2.4755619789691683,nan,nan
emnist_balanced,topk_softmax_025,7,25,0.36749267578125,0.85075,0.8491011518167891,0.4485776462453477,0.25999999046325684,2.4720598738244237,nan,nan
emnist_balanced,topk_softmax_025,7,26,0.3641451895236969,0.8549166666666667,0.8522063722733054,0.4427739572017751,0.25999999046325684,2.47043935542411,nan,nan
emnist_balanced,topk_softmax_025,7,27,0.355986088514328,0.8526666666666667,0.850046522326012,0.44696422016367,0.25999999046325684,2.469818685917144,nan,nan
emnist_balanced,topk_softmax_025,7,28,0.35371583700180054,0.85375,0.8521143128660246,0.46043154660691604,0.25999999046325684,2.468345505125979,nan,nan
emnist_balanced,topk_softmax_025,7,29,0.34455692768096924,0.8578333333333333,0.8565997791822426,0.4424165189266205,0.25999999046325684,2.4693215781069817,nan,nan
emnist_balanced,topk_softmax_025,8,0,3.0815398693084717,0.38608333333333333,0.3623493703631628,2.1661472219101925,0.25999999046325684,2.547499623704464,nan,nan
emnist_balanced,topk_softmax_025,8,1,1.732944130897522,0.575,0.5702447685422378,1.4115086235898606,0.25999999046325684,2.54758922850832,nan,nan
emnist_balanced,topk_softmax_025,8,2,1.2343145608901978,0.6691666666666667,0.6650378150875964,1.0524150868679614,0.25999999046325684,2.5374407818976867,nan,nan
emnist_balanced,topk_softmax_025,8,3,0.9960588812828064,0.73025,0.726894479536575,0.8470439492387974,0.25999999046325684,2.528468773720112,nan,nan
emnist_balanced,topk_softmax_025,8,4,0.8439646363258362,0.7628333333333334,0.7593034411888913,0.7350374688493445,0.25999999046325684,2.5257422010949315,nan,nan
emnist_balanced,topk_softmax_025,8,5,0.7496367692947388,0.7886666666666666,0.7848606471929194,0.6566675330730195,0.25999999046325684,2.520586165976017,nan,nan
emnist_balanced,topk_softmax_025,8,6,0.6827354431152344,0.8015,0.7993393917288363,0.605497532068415,0.25999999046325684,2.519910898614437,nan,nan
emnist_balanced,topk_softmax_025,8,7,0.6302699446678162,0.8086666666666666,0.8045093099331141,0.5828888213380854,0.25999999046325684,2.5151390243083873,nan,nan
emnist_balanced,topk_softmax_025,8,8,0.5934996008872986,0.8126666666666666,0.8091987468679024,0.5696345631112444,0.25999999046325684,2.513003057621895,nan,nan
emnist_balanced,topk_softmax_025,8,9,0.5713527798652649,0.8251666666666667,0.8225215629392365,0.5297203621965774,0.25999999046325684,2.511007237941661,nan,nan
emnist_balanced,topk_softmax_025,8,10,0.5368335247039795,0.8116666666666666,0.8096546854743704,0.5535305345312078,0.25999999046325684,2.5074789904533548,nan,nan
emnist_balanced,topk_softmax_025,8,11,0.5191574096679688,0.8278333333333333,0.8257501901856895,0.5013878085511796,0.25999999046325684,2.5089046295652997,nan,nan
emnist_balanced,topk_softmax_025,8,12,0.4963761568069458,0.8311666666666667,0.8267719470275311,0.5011724956492161,0.25999999046325684,2.5026293815450464,nan,nan
emnist_balanced,topk_softmax_025,8,13,0.48340073227882385,0.8391666666666666,0.8376360637116975,0.48718737287724273,0.25999999046325684,2.5057111040074775,nan,nan
emnist_balanced,topk_softmax_025,8,14,0.4752874970436096,0.8344166666666667,0.8337788008081725,0.48663918388650773,0.25999999046325684,2.5011542274596845,nan,nan
emnist_balanced,topk_softmax_025,8,15,0.4579319953918457,0.8405,0.8393227649051399,0.467928428599175,0.25999999046325684,2.5017038025754563,nan,nan
emnist_balanced,topk_softmax_025,8,16,0.4442024827003479,0.8389166666666666,0.8367105927869962,0.4740129436584229,0.25999999046325684,2.5015307106870286,nan,nan
emnist_balanced,topk_softmax_025,8,17,0.43957558274269104,0.8420833333333333,0.8383839175536214,0.4644308178982836,0.25999999046325684,2.5010505153777753,nan,nan
emnist_balanced,topk_softmax_025,8,18,0.4289782643318176,0.8406666666666667,0.8400222092462847,0.4586296645884818,0.25999999046325684,2.502058227011498,nan,nan
emnist_balanced,topk_softmax_025,8,19,0.41316723823547363,0.8461666666666666,0.8440840116882021,0.44933130766483065,0.25999999046325684,2.4973034605066826,nan,nan
emnist_balanced,topk_softmax_025,8,20,0.40735048055648804,0.8461666666666666,0.8440928868016104,0.45036300826579967,0.25999999046325684,2.4995917234014957,nan,nan
emnist_balanced,topk_softmax_025,8,21,0.4048186242580414,0.8435,0.841965189614147,0.4589648506742843,0.25999999046325684,2.499725658842858,nan,nan
emnist_balanced,topk_softmax_025,8,22,0.3963205814361572,0.8493333333333334,0.8472197234394602,0.43965824677589094,0.25999999046325684,2.499174034341853,nan,nan
emnist_balanced,topk_softmax_025,8,23,0.3867303729057312,0.849,0.8478019152531394,0.44618812139998093,0.25999999046325684,2.4952894702870796,nan,nan
emnist_balanced,topk_softmax_025,8,24,0.3814593553543091,0.85075,0.848378078889164,0.44105926156044006,0.25999999046325684,2.498404234013659,nan,nan
emnist_balanced,topk_softmax_025,8,25,0.3732977509498596,0.8540833333333333,0.8514142691108348,0.4363911189931504,0.25999999046325684,2.491460511024962,nan,nan
emnist_balanced,topk_softmax_025,8,26,0.37228721380233765,0.8523333333333334,0.8508380987084471,0.4298648143068273,0.25999999046325684,2.49624709119188,nan,nan
emnist_balanced,topk_softmax_025,8,27,0.362074077129364,0.84825,0.8472053750988663,0.4541971417183572,0.25999999046325684,2.4927559177926244,nan,nan
emnist_balanced,topk_softmax_025,8,28,0.3590979278087616,0.85475,0.8532779497494801,0.4312339222177546,0.25999999046325684,2.4918644047797995,nan,nan
emnist_balanced,topk_softmax_025,8,29,0.35419800877571106,0.8490833333333333,0.8467550230614959,0.43350379200691874,0.25999999046325684,2.49084502331754,nan,nan
emnist_balanced,topk_softmax_025,9,0,3.0747852325439453,0.30766666666666664,0.2786160455904142,2.3048721627986177,0.25999999046325684,2.5419016214127237,nan,nan
emnist_balanced,topk_softmax_025,9,1,1.8608579635620117,0.5745833333333333,0.567924340661031,1.411725843206365,0.25999999046325684,2.5453588556736073,nan,nan
emnist_balanced,topk_softmax_025,9,2,1.2834692001342773,0.6616666666666666,0.6563653825990766,1.0777844368143286,0.25999999046325684,2.5435002940766354,nan,nan
emnist_balanced,topk_softmax_025,9,3,1.02926766872406,0.7026666666666667,0.7004453361782623,0.9379041385143361,0.25999999046325684,2.536367429063675,nan,nan
emnist_balanced,topk_softmax_025,9,4,0.8735617399215698,0.7445,0.7390385420093407,0.7998577483156895,0.25999999046325684,2.5305042165390987,nan,nan
emnist_balanced,topk_softmax_025,9,5,0.7682962417602539,0.7698333333333334,0.7680982631725339,0.70282270806901,0.25999999046325684,2.530467776542014,nan,nan
emnist_balanced,topk_softmax_025,9,6,0.6994651556015015,0.7740833333333333,0.7731150971936198,0.6871591616184154,0.25999999046325684,2.5260487642694027,nan,nan
emnist_balanced,topk_softmax_025,9,7,0.6449199914932251,0.7954166666666667,0.793679206890659,0.602655051870549,0.25999999046325684,2.5256880648592683,nan,nan
emnist_balanced,topk_softmax_025,9,8,0.600609540939331,0.79975,0.7963178885014508,0.605742445651521,0.25999999046325684,2.523672172363768,nan,nan
emnist_balanced,topk_softmax_025,9,9,0.5753166079521179,0.8125,0.8115268434936036,0.5554024228390227,0.25999999046325684,2.5217856549202127,nan,nan
emnist_balanced,topk_softmax_025,9,10,0.5415587425231934,0.80775,0.8071090294941436,0.5644517883341363,0.25999999046325684,2.522444359799649,nan,nan
emnist_balanced,topk_softmax_025,9,11,0.5280667543411255,0.82225,0.8202136874238696,0.5308608710765839,0.25999999046325684,2.5184085394473787,nan,nan
emnist_balanced,topk_softmax_025,9,12,0.5118303894996643,0.8238333333333333,0.8205751078409432,0.5236640680343547,0.25999999046325684,2.5180609302317842,nan,nan
emnist_balanced,topk_softmax_025,9,13,0.4881477653980255,0.8220833333333334,0.8202270839781326,0.5338179786154564,0.25999999046325684,2.5143099439905043,nan,nan
emnist_balanced,topk_softmax_025,9,14,0.47726020216941833,0.8220833333333334,0.8214189976038313,0.5274091908272277,0.25999999046325684,2.5145948110742773,nan,nan
emnist_balanced,topk_softmax_025,9,15,0.4660803973674774,0.83025,0.8280245008194973,0.5108364807798508,0.25999999046325684,2.514703223045836,nan,nan
emnist_balanced,topk_softmax_025,9,16,0.448196142911911,0.83425,0.8326689899437327,0.49007695786496425,0.25999999046325684,2.5134548405383494,nan,nan
emnist_balanced,topk_softmax_025,9,17,0.44096437096595764,0.8354166666666667,0.8342375128354622,0.48604395351511365,0.25999999046325684,2.5075136879657176,nan,nan
emnist_balanced,topk_softmax_025,9,18,0.43016934394836426,0.8396666666666667,0.8382260360873922,0.47670816931318727,0.25999999046325684,2.5083095291827586,nan,nan
emnist_balanced,topk_softmax_025,9,19,0.4192796051502228,0.82975,0.8286913838360235,0.49963983132484113,0.25999999046325684,2.5075598295698773,nan,nan
emnist_balanced,topk_softmax_025,9,20,0.40884074568748474,0.83725,0.8361492942873503,0.48058434623353025,0.25999999046325684,2.506892105366321,nan,nan
emnist_balanced,topk_softmax_025,9,21,0.4062308371067047,0.8421666666666666,0.8405986206344724,0.47441783420583034,0.25999999046325684,2.505819389160643,nan,nan
emnist_balanced,topk_softmax_025,9,22,0.3909294009208679,0.8359166666666666,0.8343083123019195,0.475186048035926,0.25999999046325684,2.504749158595471,nan,nan
emnist_balanced,topk_softmax_025,9,23,0.3828527331352234,0.838,0.8364609700871096,0.480923057870662,0.25999999046325684,2.5046039667535336,nan,nan
emnist_balanced,topk_softmax_025,9,24,0.38256120681762695,0.8348333333333333,0.833851076588119,0.4909634399921336,0.25999999046325684,2.502515884155923,nan,nan
emnist_balanced,topk_softmax_025,9,25,0.3713695704936981,0.8385833333333333,0.8368220881254801,0.4807059276611247,0.25999999046325684,2.498805784164591,nan,nan
emnist_balanced,topk_softmax_025,9,26,0.3654767572879791,0.841,0.8399902079850564,0.4754211293890121,0.25999999046325684,2.4992990290864987,nan,nan
emnist_balanced,topk_softmax_05,0,0,3.153329849243164,0.34908333333333336,0.3188727229561079,2.211491194177181,0.5,3.1822798987652394,nan,nan
emnist_balanced,topk_softmax_05,0,1,1.8396321535110474,0.5731666666666667,0.5650447565525865,1.4150304084128522,0.5,3.174878886405458,nan,nan
emnist_balanced,topk_softmax_05,0,2,1.2777818441390991,0.68025,0.6718535309806877,1.0226900742409077,0.5,3.172669806378953,nan,nan
emnist_balanced,topk_softmax_05,0,3,1.0062474012374878,0.7195,0.7134589367989994,0.8752512678186944,0.5,3.1638791662581425,nan,nan
emnist_balanced,topk_softmax_05,0,4,0.868028461933136,0.7529166666666667,0.7462409428148935,0.7555766853880375,0.5,3.153896154241359,nan,nan
emnist_balanced,topk_softmax_05,0,5,0.7699732184410095,0.7730833333333333,0.7682935251940665,0.6821641776155918,0.5,3.144017234761664,nan,nan
emnist_balanced,topk_softmax_05,0,6,0.7080325484275818,0.7836666666666666,0.7785569347868998,0.6428976135050997,0.5,3.1341330269549754,nan,nan
emnist_balanced,topk_softmax_05,0,7,0.6494824886322021,0.7938333333333333,0.7891976019645388,0.6150932039352174,0.5,3.1261494743063096,nan,nan
emnist_balanced,topk_softmax_05,0,8,0.6190518140792847,0.80475,0.8017870900991794,0.5688937325426873,0.5,3.1228879208260394,nan,nan
emnist_balanced,topk_softmax_05,0,9,0.5883902311325073,0.8065833333333333,0.8036165789581254,0.5665443672778758,0.5,3.1123229620304516,nan,nan
emnist_balanced,topk_softmax_05,0,10,0.5604068636894226,0.8115833333333333,0.807978522784855,0.5441873257464551,0.5,3.106248627317713,nan,nan
emnist_balanced,topk_softmax_05,0,11,0.5410820245742798,0.8234166666666667,0.8191483225293246,0.5143643642993684,0.5,3.0995208227888065,nan,nan
emnist_balanced,topk_softmax_05,0,12,0.5131645202636719,0.8263333333333334,0.8232261650095305,0.5118070270152802,0.5,3.0958934109261693,nan,nan
emnist_balanced,topk_softmax_05,0,13,0.5032886862754822,0.829,0.8262091837665649,0.4978091811880152,0.5,3.090869459700077,nan,nan
emnist_balanced,topk_softmax_05,0,14,0.48591238260269165,0.8305833333333333,0.8267021019115997,0.5020019887609685,0.5,3.0921434113319886,nan,nan
emnist_balanced,topk_softmax_05,0,15,0.4685506820678711,0.83375,0.8305312198543164,0.47587830652581886,0.5,3.0871265467177045,nan,nan
emnist_balanced,topk_softmax_05,0,16,0.4513548016548157,0.838,0.8354974030919715,0.4724965735952905,0.5,3.0876374016416834,nan,nan
emnist_balanced,topk_softmax_05,0,17,0.44342198967933655,0.8339166666666666,0.8295969116854071,0.47958611807924634,0.5,3.084251487508733,nan,nan
emnist_balanced,topk_softmax_05,0,18,0.43349021673202515,0.8373333333333334,0.833920037867409,0.4731177491076449,0.5,3.0843490996259324,nan,nan
emnist_balanced,topk_softmax_05,0,19,0.4256647527217865,0.83825,0.8359903158643993,0.46950624344196723,0.5,3.0810646478165973,nan,nan
emnist_balanced,topk_softmax_05,0,20,0.42131659388542175,0.8463333333333334,0.8428272746629768,0.4505991320660774,0.5,3.0733593727679964,nan,nan
emnist_balanced,topk_softmax_05,0,21,0.41270044445991516,0.8400833333333333,0.8365736302571136,0.4650900218080967,0.5,3.08287698410927,nan,nan
emnist_balanced,topk_softmax_05,0,22,0.400893896818161,0.84325,0.8400632629933558,0.44312863400641905,0.5,3.071654002717201,nan,nan
emnist_balanced,topk_softmax_05,0,23,0.3937566876411438,0.8390833333333333,0.8371971598408084,0.4605467915534973,0.5,3.073859800683691,nan,nan
emnist_balanced,topk_softmax_05,0,24,0.38305991888046265,0.8425,0.8384852180418129,0.45401745971213,0.5,3.0736424187396434,nan,nan
emnist_balanced,topk_softmax_05,0,25,0.38281938433647156,0.8418333333333333,0.8390141126965364,0.4639374150874767,0.5,3.066943348722255,nan,nan
emnist_balanced,topk_softmax_05,1,0,3.157111644744873,0.37416666666666665,0.34898729847703125,2.252567489096459,0.5,3.130914695719455,nan,nan
emnist_balanced,topk_softmax_05,1,1,1.7977062463760376,0.5780833333333333,0.5687192988923847,1.3997624402350568,0.5,3.1433444581133254,nan,nan
emnist_balanced,topk_softmax_05,1,2,1.308087944984436,0.6446666666666667,0.6386066539394221,1.1759555060812767,0.5,3.133957880608579,nan,nan
emnist_balanced,topk_softmax_05,1,3,1.086858868598938,0.7126666666666667,0.7070741094879542,0.9066925594147216,0.5,3.1232035236155733,nan,nan
emnist_balanced,topk_softmax_05,1,4,0.9282523989677429,0.7353333333333333,0.7295831161106924,0.8260563738802646,0.5,3.127266878777362,nan,nan
emnist_balanced,topk_softmax_05,1,5,0.8272822499275208,0.7561666666666667,0.7512977554341429,0.743434081686304,0.5,3.1230260311289038,nan,nan
emnist_balanced,topk_softmax_05,1,6,0.7556179761886597,0.7820833333333334,0.7793568227745503,0.6690846757685884,0.5,3.114104750308585,nan,nan
emnist_balanced,topk_softmax_05,1,7,0.6979363560676575,0.7855833333333333,0.7830918362517796,0.6441790626404134,0.5,3.113008737564087,nan,nan
emnist_balanced,topk_softmax_05,1,8,0.6523281335830688,0.78875,0.783910246446126,0.6345962577677787,0.5,3.106486957123939,nan,nan
emnist_balanced,topk_softmax_05,1,9,0.6230205297470093,0.80475,0.8024129374005757,0.5828701726933743,0.5,3.106183036844781,nan,nan
emnist_balanced,topk_softmax_05,1,10,0.5876460671424866,0.8103333333333333,0.8077631368493949,0.5471266343238506,0.5,3.1040756321967917,nan,nan
emnist_balanced,topk_softmax_05,1,11,0.5631735920906067,0.8208333333333333,0.8189693658436684,0.5285069352768837,0.5,3.0999011765135096,nan,nan
emnist_balanced,topk_softmax_05,1,12,0.5408079028129578,0.8231666666666667,0.8219632392112036,0.532497818799729,0.5,3.096388692551471,nan,nan
emnist_balanced,topk_softmax_05,1,13,0.522540807723999,0.82525,0.8235398941499253,0.5081369585179268,0.5,3.0849276781082153,nan,nan
emnist_balanced,topk_softmax_05,1,14,0.5063562989234924,0.8265833333333333,0.8249942995818115,0.50103612022197,0.5,3.093903267637212,nan,nan
emnist_balanced,topk_softmax_05,1,15,0.4935585856437683,0.8370833333333333,0.8345754874673847,0.4799864450667767,0.5,3.080217589723303,nan,nan
emnist_balanced,topk_softmax_05,1,16,0.47639504075050354,0.8360833333333333,0.8345436586483113,0.4801126052724554,0.5,3.0801488693724286,nan,nan
emnist_balanced,topk_softmax_05,1,17,0.4670060873031616,0.83825,0.8372879982575002,0.47359575045869706,0.5,3.075551877630518,nan,nan
emnist_balanced,topk_softmax_05,1,18,0.4534972310066223,0.8429166666666666,0.8412930648742857,0.4632354461132212,0.5,3.0795733624316277,nan,nan
emnist_balanced,topk_softmax_05,1,19,0.43732544779777527,0.841,0.8377170504769913,0.4596317962129065,0.5,3.0790319899295238,nan,nan
emnist_balanced,topk_softmax_05,1,20,0.4333646595478058,0.8405833333333333,0.8386269372003922,0.4660198428529374,0.5,3.078277367226621,nan,nan
emnist_balanced,topk_softmax_05,1,21,0.42438948154449463,0.8398333333333333,0.8387533063979635,0.4628113394087933,0.5,3.072643295247504,nan,nan
emnist_balanced,topk_softmax_05,1,22,0.4142342805862427,0.84475,0.8434286885391843,0.45324570764886574,0.5,3.0622266886082103,nan,nan
emnist_balanced,topk_softmax_05,1,23,0.40978333353996277,0.8444166666666667,0.8425292647029328,0.4522205654610979,0.5,3.061789550679795,nan,nan
emnist_balanced,topk_softmax_05,1,24,0.40146663784980774,0.8505,0.8485477476550866,0.4373324564162721,0.5,3.063289206078712,nan,nan
emnist_balanced,topk_softmax_05,1,25,0.39493632316589355,0.8435,0.84211173852356,0.4601230989111231,0.5,3.0594158857426743,nan,nan
emnist_balanced,topk_softmax_05,1,26,0.3903304934501648,0.8476666666666667,0.8448363470083446,0.441171739963775,0.5,3.0623065867322556,nan,nan
emnist_balanced,topk_softmax_05,1,27,0.3840819299221039,0.8469166666666667,0.8444524338845981,0.4491703123488325,0.5,3.054798461021261,nan,nan
emnist_balanced,topk_softmax_05,1,28,0.3758237063884735,0.8511666666666666,0.8486991073912474,0.4426550414968044,0.5,3.0633768654884177,nan,nan
emnist_balanced,topk_softmax_05,1,29,0.3721545934677124,0.8514166666666667,0.8488070643979166,0.4387955494383548,0.5,3.0594367904865996,nan,nan
emnist_balanced,topk_softmax_05,2,0,3.1528916358947754,0.31175,0.2782470472494778,2.329212817739933,0.5,3.1455748639208205,nan,nan
emnist_balanced,topk_softmax_05,2,1,1.8524258136749268,0.5585,0.5521255287471774,1.468336896693453,0.5,3.1632231169558587,nan,nan
emnist_balanced,topk_softmax_05,2,2,1.2845780849456787,0.66475,0.6590784064380361,1.0927830059477623,0.5,3.1699010894653643,nan,nan
emnist_balanced,topk_softmax_05,2,3,1.0292654037475586,0.7150833333333333,0.7114479342969593,0.9039204095272307,0.5,3.16140719170266,nan,nan
emnist_balanced,topk_softmax_05,2,4,0.879787027835846,0.7520833333333333,0.7467998513919584,0.7784687306018586,0.5,3.161341832039204,nan,nan
emnist_balanced,topk_softmax_05,2,5,0.7794290781021118,0.764,0.7592188502979128,0.7325639217457873,0.5,3.1478557358396815,nan,nan
emnist_balanced,topk_softmax_05,2,6,0.708548367023468,0.7838333333333334,0.782154085727464,0.6554532723223909,0.5,3.1461903034372534,nan,nan
emnist_balanced,topk_softmax_05,2,7,0.6588565111160278,0.79025,0.7864799992688503,0.6263830852001271,0.5,3.142336604443002,nan,nan
emnist_balanced,topk_softmax_05,2,8,0.6203902363777161,0.8014166666666667,0.7984445394544798,0.5924188583455188,0.5,3.1392342308734325,nan,nan
emnist_balanced,topk_softmax_05,2,9,0.5855845212936401,0.80325,0.8005904578794749,0.5853197606320076,0.5,3.1260884518318988,nan,nan
emnist_balanced,topk_softmax_05,2,10,0.5665093660354614,0.81,0.8064267086181414,0.5686790626099769,0.5,3.1232454802127596,nan,nan
emnist_balanced,topk_softmax_05,2,11,0.5374315977096558,0.82025,0.8171922566581529,0.5320737361907959,0.5,3.1244588785983147,nan,nan
emnist_balanced,topk_softmax_05,2,12,0.519326388835907,0.8224166666666667,0.8177223770659501,0.5175543630376775,0.5,3.126321648029571,nan,nan
emnist_balanced,topk_softmax_05,2,13,0.5005162954330444,0.8245,0.8225619751459277,0.5114667732664879,0.5,3.124329686164856,nan,nan
emnist_balanced,topk_softmax_05,2,14,0.4872433543205261,0.8311666666666667,0.8295777164147718,0.4939135287670379,0.5,3.1214157013182944,nan,nan
emnist_balanced,topk_softmax_05,2,15,0.47439175844192505,0.83225,0.8305176890819569,0.497197206350083,0.5,3.114063970586087,nan,nan
emnist_balanced,topk_softmax_05,2,16,0.4598260223865509,0.8369166666666666,0.8341421690455311,0.4810601200195069,0.5,3.111722233447623,nan,nan
emnist_balanced,topk_softmax_05,2,17,0.4457799196243286,0.8315,0.8314746622628876,0.4922382615982218,0.5,3.1186954569309315,nan,nan
emnist_balanced,topk_softmax_05,2,18,0.4385033845901489,0.8326666666666667,0.8314528653293173,0.4856323821747557,0.5,3.113165396325132,nan,nan
emnist_balanced,topk_softmax_05,2,19,0.43130260705947876,0.83875,0.8369591736246741,0.4674559026322466,0.5,3.1120986735567135,nan,nan
emnist_balanced,topk_softmax_05,2,20,0.42286020517349243,0.84575,0.8443644794963414,0.4548483110488729,0.5,3.1138880937657456,nan,nan
emnist_balanced,topk_softmax_05,2,21,0.41511547565460205,0.8396666666666667,0.8378814287703168,0.46546921514450235,0.5,3.112927781774643,nan,nan
emnist_balanced,topk_softmax_05,2,22,0.4087669253349304,0.8403333333333334,0.8389208414076735,0.4722313639965463,0.5,3.112351029477221,nan,nan
emnist_balanced,topk_softmax_05,2,23,0.4048750698566437,0.8434166666666667,0.8441007831519338,0.45948314856975636,0.5,3.1072170835860233,nan,nan
emnist_balanced,topk_softmax_05,2,24,0.39019453525543213,0.8428333333333333,0.8430267862065225,0.46581039339938063,0.5,3.1067530905946774,nan,nan
emnist_balanced,topk_softmax_05,2,25,0.3862457871437073,0.8451666666666666,0.8444059121953933,0.4595717191696167,0.5,3.1051446782781724,nan,nan
emnist_balanced,topk_softmax_05,3,0,3.105464458465576,0.32925,0.29607033886401346,2.239787147400227,0.5,3.183794031751917,nan,nan
emnist_balanced,topk_softmax_05,3,1,1.776471495628357,0.5966666666666667,0.588750878114105,1.3327450270348407,0.5,3.1805000051538994,nan,nan
emnist_balanced,topk_softmax_05,3,2,1.2252833843231201,0.6908333333333333,0.6848509869319968,0.9952197074890137,0.5,3.1799982989088016,nan,nan
emnist_balanced,topk_softmax_05,3,3,0.9759695529937744,0.7350833333333333,0.7322975785987521,0.832348902174767,0.5,3.1718799459173326,nan,nan
emnist_balanced,topk_softmax_05,3,4,0.833138108253479,0.7725,0.7690450536081808,0.7061275269122834,0.5,3.169600567919143,nan,nan
emnist_balanced,topk_softmax_05,3,5,0.7348125576972961,0.7784166666666666,0.7741121404359673,0.6794915402189214,0.5,3.163531681324573,nan,nan
emnist_balanced,topk_softmax_05,3,6,0.6714084148406982,0.7918333333333333,0.7877908998428504,0.6209506024705603,0.5,3.15580263797273,nan,nan
emnist_balanced,topk_softmax_05,3,7,0.6202467083930969,0.815,0.8112900952634868,0.5601783445540894,0.5,3.1547980308532715,nan,nan
emnist_balanced,topk_softmax_05,3,8,0.5808752775192261,0.8131666666666667,0.8105433082415083,0.5463264191404302,0.5,3.152617408874187,nan,nan
emnist_balanced,topk_softmax_05,3,9,0.5551941990852356,0.8236666666666667,0.8215280680401348,0.5200010747351544,0.5,3.14651819746545,nan,nan
emnist_balanced,topk_softmax_05,3,10,0.5332602262496948,0.8261666666666667,0.8251801002389121,0.5129711583573767,0.5,3.144254763075646,nan,nan
emnist_balanced,topk_softmax_05,3,11,0.5108449459075928,0.8366666666666667,0.8348105781825756,0.48832502390475985,0.5,3.1322702575237193,nan,nan
emnist_balanced,topk_softmax_05,3,12,0.4912723898887634,0.839,0.8374067557238338,0.4751224219799042,0.5,3.1309532358291303,nan,nan
emnist_balanced,topk_softmax_05,3,13,0.47812148928642273,0.837,0.8346536533122205,0.4811687710437369,0.5,3.127688306443235,nan,nan
emnist_balanced,topk_softmax_05,3,14,0.4614809453487396,0.837,0.8350403092298124,0.4678316744084054,0.5,3.124736377533446,nan,nan
emnist_balanced,topk_softmax_05,3,15,0.44724464416503906,0.8488333333333333,0.846466127357942,0.45776832864639605,0.5,3.1270733944913176,nan,nan
emnist_balanced,topk_softmax_05,3,16,0.44149088859558105,0.8425,0.8406456713044452,0.46867088434544013,0.5,3.118287357878178,nan,nan
emnist_balanced,topk_softmax_05,3,17,0.4302841126918793,0.84975,0.8475714071474724,0.44396968724879815,0.5,3.1168489177176295,nan,nan
emnist_balanced,topk_softmax_05,3,18,0.42145365476608276,0.843,0.8403694010056284,0.46027694484020804,0.5,3.1149484502508287,nan,nan
emnist_balanced,topk_softmax_05,3,19,0.41436678171157837,0.8515833333333334,0.8495385744519716,0.4328196422850832,0.5,3.119269665251387,nan,nan
emnist_balanced,topk_softmax_05,3,20,0.40568220615386963,0.854,0.8525557896931865,0.427732470821827,0.5,3.11507570489924,nan,nan
emnist_balanced,topk_softmax_05,3,21,0.3963060975074768,0.852,0.8503366640937793,0.44041337548418247,0.5,3.1087509368328337,nan,nan
emnist_balanced,topk_softmax_05,3,22,0.3936394453048706,0.8449166666666666,0.8419010490545549,0.44715749773573366,0.5,3.1072178825419,nan,nan
emnist_balanced,topk_softmax_05,3,23,0.38880103826522827,0.8510833333333333,0.849995036104351,0.43192894027588213,0.5,3.107908472101739,nan,nan
emnist_balanced,topk_softmax_05,3,24,0.3825482130050659,0.8553333333333333,0.8531817907791751,0.4227743281963024,0.5,3.104186200081034,nan,nan
emnist_balanced,topk_softmax_05,3,25,0.3721964359283447,0.8555833333333334,0.8527308076986988,0.43361711438666,0.5,3.104711131846651,nan,nan
emnist_balanced,topk_softmax_05,3,26,0.37160977721214294,0.8566666666666667,0.8547497583747451,0.4183996573407599,0.5,3.105676924928706,nan,nan
emnist_balanced,topk_softmax_05,3,27,0.3655882477760315,0.8558333333333333,0.8529299294006545,0.42834632257197763,0.5,3.099664779419595,nan,nan
emnist_balanced,topk_softmax_05,3,28,0.3594513237476349,0.8555,0.8539017257461033,0.42382144040249764,0.5,3.106786497095798,nan,nan
emnist_balanced,topk_softmax_05,3,29,0.35679394006729126,0.8553333333333333,0.8533145426677196,0.4359984987593712,0.5,3.0992417335510254,nan,nan
emnist_balanced,topk_softmax_05,4,0,3.2414000034332275,0.309,0.26907563263482,2.3399063526315893,0.5,3.195033517289669,nan,nan
emnist_balanced,topk_softmax_05,4,1,1.865271806716919,0.58225,0.5726460302713061,1.4001070692184123,0.5,3.1850550479077278,nan,nan
emnist_balanced,topk_softmax_05,4,2,1.3306328058242798,0.62775,0.6207164933013385,1.1705225655373106,0.5,3.1760476903712496,nan,nan
emnist_balanced,topk_softmax_05,4,3,1.0831197500228882,0.7084166666666667,0.7032254292638214,0.9243944578982414,0.5,3.1661375532758997,nan,nan
emnist_balanced,topk_softmax_05,4,4,0.9361806511878967,0.7250833333333333,0.7219103950706729,0.8486890222163911,0.5,3.1603780122513467,nan,nan
emnist_balanced,topk_softmax_05,4,5,0.8371708989143372,0.7525833333333334,0.7483423342017873,0.7496241267691267,0.5,3.1606434811937048,nan,nan
emnist_balanced,topk_softmax_05,4,6,0.7599834203720093,0.7774166666666666,0.7743860705418192,0.6852398096246922,0.5,3.1527971739464618,nan,nan
emnist_balanced,topk_softmax_05,4,7,0.7037001252174377,0.77925,0.7778364327845918,0.6625269854322393,0.5,3.1460319960370975,nan,nan
emnist_balanced,topk_softmax_05,4,8,0.6567358374595642,0.79975,0.7970135112333603,0.6177280012597429,0.5,3.143452289256644,nan,nan
emnist_balanced,topk_softmax_05,4,9,0.62019944190979,0.8054166666666667,0.8040437808245734,0.5804194104164204,0.5,3.1419776500539576,nan,nan
emnist_balanced,topk_softmax_05,4,10,0.5899956226348877,0.8105833333333333,0.808434202695964,0.5600306670716468,0.5,3.135519557810844,nan,nan
emnist_balanced,topk_softmax_05,4,11,0.5595102906227112,0.8079166666666666,0.8059901966060135,0.5631901634500381,0.5,3.134955294588779,nan,nan
emnist_balanced,topk_softmax_05,4,12,0.543137788772583,0.81475,0.8127305990444539,0.5431179588145398,0.5,3.126494011980422,nan,nan
emnist_balanced,topk_softmax_05,4,13,0.5169976949691772,0.8195,0.8164894832272525,0.532845895975194,0.5,3.124484919487162,nan,nan
emnist_balanced,topk_softmax_05,4,14,0.5106238722801208,0.8220833333333334,0.8189206421225906,0.5140654482740037,0.5,3.1213458827201355,nan,nan
emnist_balanced,topk_softmax_05,4,15,0.4890124499797821,0.82675,0.8259107100285376,0.5132029671618279,0.5,3.1147940742208604,nan,nan
emnist_balanced,topk_softmax_05,4,16,0.47863391041755676,0.825,0.8203334092868432,0.5210266164008607,0.5,3.113782261280303,nan,nan
emnist_balanced,topk_softmax_05,4,17,0.46582308411598206,0.8281666666666667,0.8245312296081299,0.5078234507682475,0.5,3.1131601637982307,nan,nan
emnist_balanced,topk_softmax_05,4,18,0.4486039876937866,0.836,0.8340643261148583,0.4753207152194165,0.5,3.111419971953047,nan,nan
emnist_balanced,topk_softmax_05,4,19,0.4477567672729492,0.8326666666666667,0.830446548999649,0.4860295558229406,0.5,3.1053949137951466,nan,nan
emnist_balanced,topk_softmax_05,4,20,0.4298989474773407,0.8309166666666666,0.8290934038569095,0.4873092054052556,0.5,3.1068455767124257,nan,nan
emnist_balanced,topk_softmax_05,4,21,0.4294198155403137,0.83925,0.8356697492458772,0.46751499239434585,0.5,3.1066707600938512,nan,nan
emnist_balanced,topk_softmax_05,4,22,0.41907694935798645,0.8390833333333333,0.8378696947273079,0.47653923643396257,0.5,3.1013140196495868,nan,nan
emnist_balanced,topk_softmax_05,4,23,0.4087340533733368,0.8363333333333334,0.8340259459728598,0.4784419225885513,0.5,3.092924934752444,nan,nan
emnist_balanced,topk_softmax_05,4,24,0.4025367498397827,0.84125,0.8403046373313315,0.4579521874164013,0.5,3.099096069944666,nan,nan
emnist_balanced,topk_softmax_05,4,25,0.3965403735637665,0.8435,0.8428809237493026,0.45431551907924894,0.5,3.0956800694161273,nan,nan
emnist_balanced,topk_softmax_05,4,26,0.3950788378715515,0.8429166666666666,0.8410852964856553,0.45098611839274144,0.4999999955613562,3.0848463241090167,nan,nan
emnist_balanced,topk_softmax_05,4,27,0.38499340415000916,0.8436666666666667,0.8424777493526414,0.45189791917800903,0.5,3.088747133599951,nan,nan
emnist_balanced,topk_softmax_05,4,28,0.37686532735824585,0.8455,0.8425874455937105,0.44967881225525064,0.5,3.088725711436982,nan,nan
emnist_balanced,topk_softmax_05,4,29,0.36984995007514954,0.8398333333333333,0.8374612903713219,0.4648221211230501,0.5,3.0907437370178545,nan,nan
emnist_balanced,topk_softmax_05,5,0,3.1389689445495605,0.35183333333333333,0.32455968653869544,2.2733181131646987,0.5,3.160718895019369,nan,nan
emnist_balanced,topk_softmax_05,5,1,1.8295388221740723,0.5650833333333334,0.5543058333440847,1.418812779670066,0.5,3.1701310467212758,nan,nan
emnist_balanced,topk_softmax_05,5,2,1.3006190061569214,0.6460833333333333,0.6371553487588707,1.1087461659248838,0.5,3.1738753420241337,nan,nan
emnist_balanced,topk_softmax_05,5,3,1.0631139278411865,0.7078333333333333,0.6990627818026706,0.9106096942374047,0.5,3.171159503307748,nan,nan
emnist_balanced,topk_softmax_05,5,4,0.9233204126358032,0.73175,0.7268060229530136,0.8267405958885842,0.5,3.1670804023742676,nan,nan
emnist_balanced,topk_softmax_05,5,5,0.8283662796020508,0.7538333333333334,0.7502421290009906,0.748007151674717,0.5,3.1619605992702726,nan,nan
emnist_balanced,topk_softmax_05,5,6,0.7561830282211304,0.771,0.7673377738639294,0.7035344293776978,0.5,3.1567344513345272,nan,nan
emnist_balanced,topk_softmax_05,5,7,0.7070199251174927,0.78775,0.7835054329956294,0.6376881903790413,0.5,3.15459040885276,nan,nan
emnist_balanced,topk_softmax_05,5,8,0.6561134457588196,0.7934166666666667,0.7906080332948603,0.6191462392502642,0.5,3.153554934136411,nan,nan
emnist_balanced,topk_softmax_05,5,9,0.624996542930603,0.795,0.7942640215923802,0.6082435117122975,0.5,3.149829750365399,nan,nan
emnist_balanced,topk_softmax_05,5,10,0.5897526144981384,0.8044166666666667,0.8026585529856683,0.5809234279267331,0.5,3.1443022717820837,nan,nan
emnist_balanced,topk_softmax_05,5,11,0.5674339532852173,0.8161666666666667,0.8122414687872075,0.5467894337278731,0.5,3.1446806243125427,nan,nan
emnist_balanced,topk_softmax_05,5,12,0.5400509238243103,0.81825,0.8160544263165631,0.5356355677259729,0.5,3.1435768046277635,nan,nan
emnist_balanced,topk_softmax_05,5,13,0.5235200524330139,0.823,0.8205990282791961,0.5261050640268529,0.5,3.139245606483297,nan,nan
emnist_balanced,topk_softmax_05,5,14,0.5069675445556641,0.82275,0.8188009196113233,0.5236562553872454,0.5,3.1376978894497487,nan,nan
emnist_balanced,topk_softmax_05,5,15,0.48535701632499695,0.8225,0.8199521412460886,0.5114763512256297,0.5,3.13436957876733,nan,nan
emnist_balanced,topk_softmax_05,5,16,0.480478972196579,0.8281666666666667,0.8269206477995359,0.5000875566868072,0.5,3.129010005200163,nan,nan
emnist_balanced,topk_softmax_05,5,17,0.4639465808868408,0.8325,0.8312580560983963,0.488192488538458,0.5,3.124801460732805,nan,nan
emnist_balanced,topk_softmax_05,5,18,0.45278576016426086,0.8268333333333333,0.8238127189211438,0.5065643882497828,0.5,3.126187966224995,nan,nan
emnist_balanced,topk_softmax_05,5,19,0.4402192234992981,0.83625,0.8341562185774697,0.48246090462867247,0.5,3.123895023731475,nan,nan
emnist_balanced,topk_softmax_05,5,20,0.4299197494983673,0.8335,0.8315504810650501,0.4788678047504831,0.5,3.120022786424515,nan,nan
emnist_balanced,topk_softmax_05,5,21,0.4246126711368561,0.8384166666666667,0.835970150443798,0.46595135204335475,0.5,3.127204177227426,nan,nan
emnist_balanced,topk_softmax_05,5,22,0.421831876039505,0.8390833333333333,0.8359306442065084,0.47147558597808187,0.5,3.1200896171813315,nan,nan
emnist_balanced,topk_softmax_05,5,23,0.40752002596855164,0.8415833333333333,0.837841706461369,0.45823505394002223,0.5,3.124481239217393,nan,nan
emnist_balanced,topk_softmax_05,5,24,0.40043583512306213,0.8388333333333333,0.8381364812010124,0.47058497400994,0.5,3.1205788216692336,nan,nan
emnist_balanced,topk_softmax_05,5,25,0.3910723328590393,0.84125,0.8410152755546175,0.4615227776639005,0.5,3.122948096153584,nan,nan
emnist_balanced,topk_softmax_05,5,26,0.38738441467285156,0.84575,0.8435914184473707,0.4607444589442395,0.5,3.1158821329157402,nan,nan
emnist_balanced,topk_softmax_05,5,27,0.3806929886341095,0.84875,0.8455491078539179,0.4420969086758634,0.5,3.114269801910887,nan,nan
emnist_balanced,topk_softmax_05,5,28,0.37587830424308777,0.8436666666666667,0.8420173171266431,0.44932525398883416,0.5,3.1170737920923437,nan,nan
emnist_balanced,topk_softmax_05,5,29,0.3746907114982605,0.8519166666666667,0.8503455231773039,0.43864321962315983,0.5,3.1134271672431457,nan,nan
emnist_balanced,topk_softmax_05,6,0,3.2163825035095215,0.3130833333333333,0.2781551830554483,2.3370965288040484,0.5,3.145427186438378,nan,nan
emnist_balanced,topk_softmax_05,6,1,1.8651340007781982,0.5654166666666667,0.5616091942262912,1.4226790210033984,0.5,3.1509727239608765,nan,nan
emnist_balanced,topk_softmax_05,6,2,1.2958414554595947,0.657,0.6503242018560427,1.09746412520713,0.5,3.1417042473529246,nan,nan
emnist_balanced,topk_softmax_05,6,3,1.024147391319275,0.7241666666666666,0.7181495667964759,0.8681952966020462,0.5,3.146303808435481,nan,nan
emnist_balanced,topk_softmax_05,6,4,0.8644164800643921,0.7603333333333333,0.7572065915024826,0.7465925127901929,0.5,3.140978158788478,nan,nan
emnist_balanced,topk_softmax_05,6,5,0.768499493598938,0.7745833333333333,0.7705954369529866,0.6902775599601421,0.5,3.1428299229195775,nan,nan
emnist_balanced,topk_softmax_05,6,6,0.6938172578811646,0.7916666666666666,0.7891365527739601,0.6370944964124802,0.5,3.140107580955992,nan,nan
emnist_balanced,topk_softmax_05,6,7,0.6490933299064636,0.7975833333333333,0.7958491175540818,0.6121537247870831,0.5,3.1332340088296444,nan,nan
emnist_balanced,topk_softmax_05,6,8,0.6145604848861694,0.81225,0.81078093376767,0.5626403828884693,0.5,3.1327842879802623,nan,nan
emnist_balanced,topk_softmax_05,6,9,0.5788312554359436,0.812,0.8091062614860496,0.5594081808911994,0.5,3.1269167940667333,nan,nan
emnist_balanced,topk_softmax_05,6,10,0.5544241666793823,0.8193333333333334,0.8165299733465866,0.547135019556005,0.5,3.1169995906505177,nan,nan
emnist_balanced,topk_softmax_05,6,11,0.530425488948822,0.8219166666666666,0.8215527246633828,0.5308707603748809,0.5,3.1169246460529085,nan,nan
emnist_balanced,topk_softmax_05,6,12,0.5143362283706665,0.8274166666666667,0.8254564522823125,0.5151189419817417,0.5,3.112506037062787,nan,nan
emnist_balanced,topk_softmax_05,6,13,0.49865007400512695,0.8306666666666667,0.830427614851201,0.4987636126102285,0.5,3.1151440853768206,nan,nan
emnist_balanced,topk_softmax_05,6,14,0.4792259931564331,0.8305833333333333,0.8282206763316796,0.4938371460488502,0.5,3.112453265393034,nan,nan
emnist_balanced,topk_softmax_05,6,15,0.47089898586273193,0.8370833333333333,0.8363222939181241,0.4781990482452068,0.5,3.1061145194033357,nan,nan
emnist_balanced,topk_softmax_05,6,16,0.45491480827331543,0.8355,0.8337853674790654,0.4852551754484785,0.5,3.1035758054002804,nan,nan
emnist_balanced,topk_softmax_05,6,17,0.4485045075416565,0.8396666666666667,0.8386846770190759,0.47016627230542773,0.5,3.1020539136643106,nan,nan
emnist_balanced,topk_softmax_05,6,18,0.43715402483940125,0.8375833333333333,0.8366967847716947,0.4696052632433303,0.5,3.1016019176929555,nan,nan
emnist_balanced,topk_softmax_05,6,19,0.42462658882141113,0.8435833333333334,0.8425233352185902,0.4616815168806847,0.5,3.0972180493334505,nan,nan
emnist_balanced,topk_softmax_05,6,20,0.4139261245727539,0.8445833333333334,0.8431590943121023,0.45905843186885753,0.5,3.087005851116586,nan,nan
emnist_balanced,topk_softmax_05,6,21,0.40739870071411133,0.8423333333333334,0.8403107756139023,0.46024290931985734,0.5,3.091937597761763,nan,nan
emnist_balanced,topk_softmax_05,6,22,0.40211793780326843,0.8438333333333333,0.842623058103003,0.4550179896202493,0.5,3.0914448195315423,nan,nan
emnist_balanced,topk_softmax_05,6,23,0.3966463506221771,0.851,0.850363827283782,0.4427621231434193,0.5,3.0831560479833726,nan,nan
emnist_balanced,topk_softmax_05,6,24,0.3873089551925659,0.84875,0.8481869837793351,0.45000643362390236,0.5,3.0876951801015977,nan,nan
emnist_balanced,topk_softmax_05,6,25,0.38125163316726685,0.8508333333333333,0.850191687743738,0.4441251837192698,0.5,3.078886625614572,nan,nan
emnist_balanced,topk_softmax_05,6,26,0.3772214353084564,0.8530833333333333,0.8514239130138237,0.4384751408658129,0.5,3.081570366595654,nan,nan
emnist_balanced,topk_softmax_05,6,27,0.36722612380981445,0.8489166666666667,0.8480059624091142,0.4553280992710844,0.5,3.0797403036279882,nan,nan
emnist_balanced,topk_softmax_05,6,28,0.36398404836654663,0.8495,0.8487056058831755,0.446635217108625,0.5,3.0827820022055445,nan,nan
emnist_balanced,topk_softmax_05,6,29,0.3578212261199951,0.8488333333333333,0.8472558496289216,0.45167714040330115,0.5,3.07673853001696,nan,nan
emnist_balanced,topk_softmax_05,7,0,3.105085849761963,0.36883333333333335,0.35275239132529884,2.1620584041514297,0.5,3.0622420919702407,nan,nan
emnist_balanced,topk_softmax_05,7,1,1.8270866870880127,0.57325,0.5634767750976686,1.405130774416822,0.5,3.112502336502075,nan,nan
emnist_balanced,topk_softmax_05,7,2,1.2967424392700195,0.6435833333333333,0.6378657600493023,1.1578255625481302,0.5,3.1284510987870235,nan,nan
emnist_balanced,topk_softmax_05,7,3,1.0572247505187988,0.7194166666666667,0.716342218046071,0.8842258301187069,0.5,3.1275475887542075,nan,nan
emnist_balanced,topk_softmax_05,7,4,0.8972503542900085,0.7470833333333333,0.7454246602737021,0.7967982418993687,0.5,3.1301802878684186,nan,nan
emnist_balanced,topk_softmax_05,7,5,0.7931947112083435,0.7675,0.7646996779575668,0.7081121979875767,0.5,3.1320836214309042,nan,nan
emnist_balanced,topk_softmax_05,7,6,0.7138509154319763,0.7945833333333333,0.7905730320099785,0.6313293309921914,0.5,3.121406035220369,nan,nan
emnist_balanced,topk_softmax_05,7,7,0.6582000851631165,0.7919166666666667,0.7880981497751467,0.6296252671708452,0.5,3.119003158934573,nan,nan
emnist_balanced,topk_softmax_05,7,8,0.615019679069519,0.8138333333333333,0.8121890027687073,0.566419503790267,0.5,3.120325692156528,nan,nan
emnist_balanced,topk_softmax_05,7,9,0.5785694718360901,0.8195,0.8177476384304991,0.548336110850598,0.5,3.1127354819723903,nan,nan
emnist_balanced,topk_softmax_05,7,10,0.5498241782188416,0.824,0.8211707578445857,0.5357266582073049,0.5,3.108591538794497,nan,nan
emnist_balanced,topk_softmax_05,7,11,0.5280166864395142,0.8328333333333333,0.8302532038484334,0.5103818095744924,0.5,3.1088734180369277,nan,nan
emnist_balanced,topk_softmax_05,7,12,0.5067634582519531,0.832,0.8299308238938609,0.504770371508091,0.5,3.0992712112183267,nan,nan
emnist_balanced,topk_softmax_05,7,13,0.49503093957901,0.8381666666666666,0.8360105864820541,0.488040288078024,0.5,3.087167945313961,nan,nan
emnist_balanced,topk_softmax_05,7,14,0.47583839297294617,0.8444166666666667,0.8421008704787166,0.46815049077602144,0.5,3.0907139499136744,nan,nan
emnist_balanced,topk_softmax_05,7,15,0.4653635025024414,0.8431666666666666,0.8404969427024648,0.4703737307102122,0.5,3.0893432459932693,nan,nan
emnist_balanced,topk_softmax_05,7,16,0.4482239782810211,0.8413333333333334,0.838714879702351,0.4811242127672155,0.5,3.0833552923608334,nan,nan
emnist_balanced,topk_softmax_05,7,17,0.43798428773880005,0.8479166666666667,0.8453175498209267,0.4637385517992872,0.5,3.079686776120612,nan,nan
emnist_balanced,topk_softmax_05,7,18,0.4297214448451996,0.8454166666666667,0.8443473888722388,0.45273495988642914,0.5,3.073065980951837,nan,nan
emnist_balanced,topk_softmax_05,7,19,0.42442333698272705,0.8489166666666667,0.8468912298830141,0.4554586334431425,0.5,3.071126823729657,nan,nan
emnist_balanced,topk_softmax_05,7,20,0.41496244072914124,0.84675,0.845382416505767,0.4644917021406458,0.5,3.0760833988798426,nan,nan
emnist_balanced,topk_softmax_05,7,21,0.4095914959907532,0.8526666666666667,0.8513415637481233,0.4415304312046538,0.5,3.071975101815893,nan,nan
emnist_balanced,topk_softmax_05,7,22,0.3953257203102112,0.8505833333333334,0.849096339088809,0.4436941400487372,0.5,3.071126202319531,nan,nan
emnist_balanced,topk_softmax_05,7,23,0.38425907492637634,0.8483333333333334,0.8478618823097803,0.44690144505906615,0.5,3.07114248580121,nan,nan
emnist_balanced,topk_softmax_05,7,24,0.38002488017082214,0.8535,0.8517155026174023,0.44440282976373713,0.5,3.074479734643977,nan,nan
emnist_balanced,topk_softmax_05,7,25,0.3792490065097809,0.858,0.855507066878426,0.44696846921393213,0.5,3.061770664884689,nan,nan
emnist_balanced,topk_softmax_05,7,26,0.3744513690471649,0.8526666666666667,0.8503564806017151,0.44487876524316505,0.5,3.070050696109204,nan,nan
emnist_balanced,topk_softmax_05,7,27,0.3644980192184448,0.8523333333333334,0.8510444739071806,0.43968640870236336,0.5,3.065396940454524,nan,nan
emnist_balanced,topk_softmax_05,7,28,0.3633963167667389,0.85475,0.8528331174430303,0.44326883047185045,0.5,3.0585006196448146,nan,nan
emnist_balanced,topk_softmax_05,7,29,0.3546064496040344,0.8529166666666667,0.8517047687121891,0.43550657655330416,0.5,3.063248773838611,nan,nan
emnist_balanced,topk_softmax_05,8,0,3.1900999546051025,0.29833333333333334,0.2699921562081058,2.351955789200803,0.5,3.1775363277881703,nan,nan
emnist_balanced,topk_softmax_05,8,1,1.897953748703003,0.55575,0.547297104386926,1.5055675658773868,0.5,3.1659423062141907,nan,nan
emnist_balanced,topk_softmax_05,8,2,1.338323950767517,0.6470833333333333,0.6403849401525287,1.1453418376597952,0.5,3.151605555351744,nan,nan
emnist_balanced,topk_softmax_05,8,3,1.0662256479263306,0.7116666666666667,0.7068847056721629,0.9262126519324931,0.5,3.14364899980261,nan,nan
emnist_balanced,topk_softmax_05,8,4,0.9067940711975098,0.74325,0.7378422106908906,0.7900900625168009,0.5,3.1282216259773743,nan,nan
emnist_balanced,topk_softmax_05,8,5,0.8067187070846558,0.7671666666666667,0.7616146498235858,0.7195147986107684,0.5,3.11529126826753,nan,nan
emnist_balanced,topk_softmax_05,8,6,0.7290961742401123,0.7946666666666666,0.7929789555371233,0.6284238341006827,0.5,3.113913472662581,nan,nan
emnist_balanced,topk_softmax_05,8,7,0.6757535338401794,0.7961666666666667,0.7904208431187156,0.6099665114220153,0.5,3.104539544024366,nan,nan
emnist_balanced,topk_softmax_05,8,8,0.6280606985092163,0.80725,0.8023623739423176,0.5852030509329856,0.5,3.0967107453244798,nan,nan
emnist_balanced,topk_softmax_05,8,9,0.5974942445755005,0.8218333333333333,0.8194204946076881,0.5371015978620407,0.5,3.1051801620645727,nan,nan
emnist_balanced,topk_softmax_05,8,10,0.5716614127159119,0.7963333333333333,0.7911022189630351,0.5940297265002068,0.5,3.099183348899192,nan,nan
emnist_balanced,topk_softmax_05,8,11,0.5486182570457458,0.8265833333333333,0.823830371203085,0.5085509248236393,0.5,3.1023310854079877,nan,nan
emnist_balanced,topk_softmax_05,8,12,0.5228551030158997,0.8228333333333333,0.8182892514653002,0.5170553041265366,0.5,3.1031655935530966,nan,nan
emnist_balanced,topk_softmax_05,8,13,0.5022026896476746,0.834,0.8314420977065082,0.49163560981446125,0.5,3.1063121278235255,nan,nan
emnist_balanced,topk_softmax_05,8,14,0.4922803044319153,0.8376666666666667,0.8351016956817175,0.48212910522805885,0.5,3.100332039467832,nan,nan
emnist_balanced,topk_softmax_05,8,15,0.47082993388175964,0.83675,0.8343586229610589,0.4832187079368754,0.5,3.0916138862041715,nan,nan
emnist_balanced,topk_softmax_05,8,16,0.4601907432079315,0.8369166666666666,0.835133544582032,0.4795990719440136,0.5,3.100501816323463,nan,nan
emnist_balanced,topk_softmax_05,8,17,0.4509206712245941,0.84,0.836488769389059,0.4750296086707014,0.5,3.1008675859329546,nan,nan
emnist_balanced,topk_softmax_05,8,18,0.43926355242729187,0.8450833333333333,0.8433066086309204,0.45783618726628894,0.5,3.101590947901949,nan,nan
emnist_balanced,topk_softmax_05,8,19,0.4338926076889038,0.844,0.8407061816204683,0.4662151634693146,0.5,3.100854812784398,nan,nan
emnist_balanced,topk_softmax_05,8,20,0.42983341217041016,0.8476666666666667,0.8455749756505996,0.4572616111724935,0.5,3.0906769037246704,nan,nan
emnist_balanced,topk_softmax_05,8,21,0.41146886348724365,0.8481666666666666,0.8468205943363809,0.4482358193143885,0.5,3.096668489435886,nan,nan
emnist_balanced,topk_softmax_05,8,22,0.4074528217315674,0.8464166666666667,0.8435214392477051,0.453415443922611,0.5,3.0969622591708568,nan,nan
emnist_balanced,topk_softmax_05,8,23,0.3983209729194641,0.8509166666666667,0.8489343167790154,0.44402515127303754,0.5,3.0979606217526374,nan,nan
emnist_balanced,topk_softmax_05,8,24,0.4000210464000702,0.8496666666666667,0.8464126508249771,0.4459812565052763,0.5,3.1003110307328243,nan,nan
emnist_balanced,topk_softmax_05,8,25,0.38609522581100464,0.8464166666666667,0.845228500403954,0.4594405401260295,0.5,3.094820669356813,nan,nan
emnist_balanced,topk_softmax_05,8,26,0.37911689281463623,0.8543333333333333,0.8522576121098603,0.427467553539479,0.5,3.0966470343001347,nan,nan
emnist_balanced,topk_softmax_05,8,27,0.37293100357055664,0.85575,0.8528752232288264,0.4304272881213655,0.5,3.100588907586767,nan,nan
emnist_balanced,topk_softmax_05,8,28,0.3692359924316406,0.853,0.851017530522559,0.43939708363502583,0.5,3.0941949448686965,nan,nan
emnist_balanced,topk_softmax_05,8,29,0.36809781193733215,0.8498333333333333,0.847511646931887,0.4410310425656907,0.5,3.0889740117052766,nan,nan
emnist_balanced,topk_softmax_05,9,0,3.1807730197906494,0.2811666666666667,0.250545614557665,2.4238717403817684,0.5,3.1784907427239926,nan,nan
emnist_balanced,topk_softmax_05,9,1,1.9216890335083008,0.5399166666666667,0.5260880312535269,1.5181509307090273,0.5,3.182881291876448,nan,nan
emnist_balanced,topk_softmax_05,9,2,1.3736287355422974,0.6258333333333334,0.6170178675154632,1.1851104307681957,0.5,3.1732872115804795,nan,nan
emnist_balanced,topk_softmax_05,9,3,1.1189119815826416,0.6801666666666667,0.6741401249578847,1.0107752389096198,0.5,3.1612996573143817,nan,nan
emnist_balanced,topk_softmax_05,9,4,0.9482097625732422,0.7116666666666667,0.7025096708073976,0.8872339383084723,0.5,3.147276477610811,nan,nan
emnist_balanced,topk_softmax_05,9,5,0.8352861404418945,0.7456666666666667,0.740990360197295,0.7793582525659115,0.5,3.1365646884796465,nan,nan
emnist_balanced,topk_softmax_05,9,6,0.7616609930992126,0.7585,0.7557020984434482,0.7381230529318464,0.5,3.120437337997112,nan,nan
emnist_balanced,topk_softmax_05,9,7,0.6962942481040955,0.7758333333333334,0.772354137244205,0.6662217251797939,0.5,3.1121129964260343,nan,nan
emnist_balanced,topk_softmax_05,9,8,0.6527422070503235,0.781,0.7759093319119978,0.6547682221899641,0.5,3.1070152521133423,nan,nan
emnist_balanced,topk_softmax_05,9,9,0.6090814471244812,0.7998333333333333,0.7963939416254905,0.5907292074345528,0.5,3.100263996327177,nan,nan
emnist_balanced,topk_softmax_05,9,10,0.5819450616836548,0.8039166666666666,0.8010442918691622,0.5820441537715019,0.5,3.096106699172487,nan,nan
emnist_balanced,topk_softmax_05,9,11,0.5549346208572388,0.81425,0.8123034450775615,0.5531659931578534,0.5,3.098001297484053,nan,nan
emnist_balanced,topk_softmax_05,9,12,0.5351470112800598,0.80725,0.8024474429915509,0.5681344346797212,0.5,3.085301546340293,nan,nan
emnist_balanced,topk_softmax_05,9,13,0.5156458020210266,0.8125,0.8101515892209348,0.5600348197399302,0.5,3.0857760703310055,nan,nan
emnist_balanced,topk_softmax_05,9,14,0.489199697971344,0.8263333333333334,0.8236655575905716,0.522010696061114,0.5,3.0811242144158544,nan,nan
emnist_balanced,topk_softmax_05,9,15,0.48184025287628174,0.82025,0.8178544173113856,0.5329644933659979,0.5,3.0781967513104704,nan,nan
emnist_balanced,topk_softmax_05,9,16,0.47280463576316833,0.8286666666666667,0.8264216080726547,0.5122260045497975,0.5,3.0791350476285246,nan,nan
emnist_balanced,topk_softmax_05,9,17,0.4565906822681427,0.82975,0.828127925339284,0.49568980868826523,0.5,3.0689976646545087,nan,nan
emnist_balanced,topk_softmax_05,9,18,0.44173750281333923,0.8315833333333333,0.8294836077786112,0.49401357326101747,0.5,3.0722844296313347,nan,nan
emnist_balanced,topk_softmax_05,9,19,0.43401914834976196,0.8318333333333333,0.8309961856294223,0.4963414358331802,0.5,3.0651223608788025,nan,nan
emnist_balanced,topk_softmax_05,9,20,0.4226072430610657,0.8315833333333333,0.8302876262446279,0.4894993977343782,0.5,3.068099635712644,nan,nan
emnist_balanced,topk_softmax_05,9,21,0.4115985631942749,0.8318333333333333,0.8307038238824787,0.49839521025089506,0.5,3.067209576038604,nan,nan
emnist_balanced,topk_softmax_05,9,22,0.4060220420360565,0.8395833333333333,0.8366914945907098,0.4740027499959824,0.5,3.061571407825389,nan,nan
emnist_balanced,topk_softmax_05,9,23,0.3983941972255707,0.8393333333333334,0.8378611713638398,0.48303273954290027,0.5,3.057833430614877,nan,nan
emnist_balanced,topk_softmax_05,9,24,0.39435577392578125,0.837,0.8361329506408427,0.4820605732024984,0.5,3.0572893518082638,nan,nan
emnist_balanced,topk_softmax_05,9,25,0.38313692808151245,0.8410833333333333,0.8382952550931637,0.47549736943650756,0.5,3.060845945743804,nan,nan
emnist_balanced,topk_softmax_05,9,26,0.3761463463306427,0.836,0.8340630711268847,0.4876187817847475,0.5,3.0583348350321993,nan,nan
emnist_balanced,topk_softmax_05,9,27,0.3735208511352539,0.8386666666666667,0.8372157237405542,0.4901722752033396,0.5,3.0569196761922632,nan,nan
emnist_balanced,topk_softmax_05,9,28,0.37010687589645386,0.8385833333333333,0.8364335908949977,0.47593561702586235,0.5,3.04874871893132,nan,nan
emnist_balanced,topk_softmax_05,9,29,0.3613676428794861,0.8449166666666666,0.8441839347517514,0.46554779942999497,0.5,3.0587469567643835,nan,nan
emnist_balanced,sparsemax,0,0,3.049807071685791,0.38308333333333333,0.3553362500307046,2.1235308748610477,0.4719207058561609,2.6210822298171674,nan,nan
emnist_balanced,sparsemax,0,1,1.624419927597046,0.65525,0.6455716073555376,1.1257254557406648,0.4660328376166364,2.6211859596536513,nan,nan
emnist_balanced,sparsemax,0,2,1.039082646369934,0.7241666666666666,0.7173511169862851,0.8589475230967745,0.4549807384610176,2.625222993657944,nan,nan
emnist_balanced,sparsemax,0,3,0.830348551273346,0.7625833333333333,0.7591413637907147,0.7060515500129537,0.45284684715752904,2.6387012689671616,nan,nan
emnist_balanced,sparsemax,0,4,0.7289801836013794,0.7815,0.775239580464746,0.655965840562861,0.4437167428909464,2.6239792133899447,nan,nan
emnist_balanced,sparsemax,0,5,0.6628385782241821,0.7995,0.7960526385697198,0.5957390666007996,0.4334565805310899,2.6154077661798354,nan,nan
emnist_balanced,sparsemax,0,6,0.616434633731842,0.80775,0.8033073956716446,0.5739899125505001,0.43097164957447254,2.621734033239649,nan,nan
emnist_balanced,sparsemax,0,7,0.579345703125,0.8186666666666667,0.8149423506132583,0.5442936965759765,0.43758395314216614,2.642121875539739,nan,nan
emnist_balanced,sparsemax,0,8,0.5487315654754639,0.8223333333333334,0.8189234603981282,0.5140390326368048,0.43841703172693863,2.6490970621717738,nan,nan
emnist_balanced,sparsemax,0,9,0.5299236178398132,0.82225,0.8206280427427016,0.5269049031937376,0.4306762101168328,2.630205638865207,nan,nan
emnist_balanced,sparsemax,0,10,0.5095087885856628,0.8310833333333333,0.8264897728203835,0.49530246727010036,0.42212681060141705,2.6123324100007403,nan,nan
emnist_balanced,sparsemax,0,11,0.49013206362724304,0.82925,0.8260087699187869,0.5042604518697617,0.4177417866093047,2.608638256154162,nan,nan
emnist_balanced,sparsemax,0,12,0.4750961661338806,0.835,0.8326223889379132,0.48865836731930995,0.4181797792936893,2.6137259716683245,nan,nan
emnist_balanced,sparsemax,0,13,0.46790191531181335,0.8385,0.835360301301333,0.47108068428141003,0.4145424914486865,2.61782487402571,nan,nan
emnist_balanced,sparsemax,0,14,0.4525412917137146,0.8389166666666666,0.8356562155800359,0.47532422428435467,0.4101008303621982,2.6028513984477266,nan,nan
emnist_balanced,sparsemax,0,15,0.4401032328605652,0.8405,0.8371227665363185,0.46146610759674234,0.4024295984430516,2.5845168245599623,nan,nan
emnist_balanced,sparsemax,0,16,0.4268665611743927,0.8428333333333333,0.839228420921582,0.4529138467413314,0.40126484981242644,2.5898615451569253,nan,nan
emnist_balanced,sparsemax,0,17,0.42268136143684387,0.837,0.8323746812990127,0.4680309625382119,0.40052414098952677,2.5949023759111447,nan,nan
emnist_balanced,sparsemax,0,18,0.4087885320186615,0.849,0.8448024464205414,0.4515838198205258,0.3898741815318453,2.5694789835747254,nan,nan
emnist_balanced,sparsemax,0,19,0.398478239774704,0.8479166666666667,0.8444600837390862,0.44807837301112236,0.3896251355713986,2.569686341792979,nan,nan
emnist_balanced,sparsemax,0,20,0.39803701639175415,0.8503333333333334,0.846269071965889,0.44467680504981505,0.3890529788554983,2.570605922252574,nan,nan
emnist_balanced,sparsemax,0,21,0.38725730776786804,0.8488333333333333,0.8457546171969542,0.43927511509428635,0.3844403402602419,2.5604044249717224,nan,nan
emnist_balanced,sparsemax,0,22,0.38479092717170715,0.8498333333333333,0.8467544215558714,0.43634556265587504,0.3783867546218507,2.5357751339039902,nan,nan
emnist_balanced,sparsemax,0,23,0.37401217222213745,0.8438333333333333,0.8408615455942418,0.4558944968467063,0.36994469229211197,2.5124667629282524,nan,nan
emnist_balanced,sparsemax,0,24,0.36385199427604675,0.843,0.839893010909848,0.457870343898205,0.3699171241927654,2.5153645403841707,nan,nan
emnist_balanced,sparsemax,0,25,0.3624323606491089,0.8465833333333334,0.8447636128214543,0.4519768902596007,0.36727256755879584,2.508232129381058,nan,nan
emnist_balanced,sparsemax,1,0,2.951777935028076,0.4058333333333333,0.3848683494272503,2.077435797833382,0.44519059391731913,2.527015526243981,nan,nan
emnist_balanced,sparsemax,1,1,1.7132786512374878,0.60625,0.5973772703637483,1.3219324959085343,0.4264254625490371,2.487501964924183,nan,nan
emnist_balanced,sparsemax,1,2,1.2132774591445923,0.6813333333333333,0.6749706055936446,1.0266677153871415,0.4080414450232019,2.4503020276414587,nan,nan
emnist_balanced,sparsemax,1,3,0.9683887362480164,0.7400833333333333,0.7334846281193408,0.8135143061901661,0.4092729300894636,2.46848360781974,nan,nan
emnist_balanced,sparsemax,1,4,0.8342366218566895,0.76975,0.7664956393777517,0.7124997478850345,0.401865561274772,2.4474773115300117,nan,nan
emnist_balanced,sparsemax,1,5,0.7369514107704163,0.7886666666666666,0.7843291044147082,0.6414125466600378,0.3962251588385156,2.442146599292755,nan,nan
emnist_balanced,sparsemax,1,6,0.6692190170288086,0.798,0.7949168810235329,0.6039963434351251,0.3922701248146118,2.439052881078517,nan,nan
emnist_balanced,sparsemax,1,7,0.620175838470459,0.8071666666666667,0.8043765902784641,0.5780183622177612,0.38937503226259923,2.427969331436969,nan,nan
emnist_balanced,sparsemax,1,8,0.5829106569290161,0.8075,0.8049127573792748,0.5633083119037303,0.38241106937540337,2.428117513656616,nan,nan
emnist_balanced,sparsemax,1,9,0.5567618608474731,0.81575,0.8116852982649112,0.5397077570570276,0.3846959783992869,2.4438407345021025,nan,nan
emnist_balanced,sparsemax,1,10,0.5342332124710083,0.8271666666666667,0.8258767395553004,0.5027097539698824,0.3793528794925264,2.427647736478359,nan,nan
emnist_balanced,sparsemax,1,11,0.5104588866233826,0.8241666666666667,0.8230139055284499,0.502854937568624,0.3775613027367186,2.436219481711692,nan,nan
emnist_balanced,sparsemax,1,12,0.49605274200439453,0.8346666666666667,0.8333250209564245,0.481349361069659,0.372588705192221,2.4178702767859113,nan,nan
emnist_balanced,sparsemax,1,13,0.48089057207107544,0.8325,0.8310331333334838,0.4889162024284931,0.36571362424404064,2.4011808583076966,nan,nan
emnist_balanced,sparsemax,1,14,0.4677990972995758,0.8376666666666667,0.8365771470198022,0.4711020481079183,0.3637806884151824,2.3978763755331647,nan,nan
emnist_balanced,sparsemax,1,15,0.4516209661960602,0.8429166666666666,0.8415640912162233,0.4658508503690679,0.3618715116952328,2.387554054564618,nan,nan
emnist_balanced,sparsemax,1,16,0.44467249512672424,0.8399166666666666,0.8383131664183461,0.4707288938633939,0.35534061697569297,2.3698169246633003,nan,nan
emnist_balanced,sparsemax,1,17,0.4370392858982086,0.8405833333333333,0.8384591230897577,0.4655511956265632,0.3503159086437935,2.3497809197040316,nan,nan
emnist_balanced,sparsemax,1,18,0.4265725016593933,0.843,0.8420416470406477,0.4570585869728251,0.35137647897639174,2.3490384373259037,nan,nan
emnist_balanced,sparsemax,1,19,0.4179439842700958,0.8420833333333333,0.8404505289486798,0.4667260729252024,0.34783575572866077,2.352143349799704,nan,nan
emnist_balanced,sparsemax,1,20,0.4097490906715393,0.8491666666666666,0.8472534476600393,0.4463173899244755,0.34661258662000616,2.3448753192069685,nan,nan
emnist_balanced,sparsemax,1,21,0.40025344491004944,0.8369166666666666,0.8356436194006845,0.4735228831463672,0.34729707891002615,2.3541299206145267,nan,nan
emnist_balanced,sparsemax,1,22,0.3924577832221985,0.8450833333333333,0.8436269028935253,0.45560038850662554,0.3393712297398993,2.3260921632989926,nan,nan
emnist_balanced,sparsemax,1,23,0.3860505223274231,0.8473333333333334,0.8461946013434315,0.44396261902565654,0.339834748271932,2.3369549233862696,nan,nan
emnist_balanced,sparsemax,1,24,0.37916290760040283,0.8461666666666666,0.8452402749215504,0.45037575351431014,0.34190739849780466,2.343536063711694,nan,nan
emnist_balanced,sparsemax,1,25,0.3712384104728699,0.8461666666666666,0.845785518662135,0.46005554148491395,0.3329294910456272,2.3129795295126896,nan,nan
emnist_balanced,sparsemax,2,0,2.918302059173584,0.4241666666666667,0.3972791188296626,2.0026962427382773,0.46306931021365716,2.5548520417923624,nan,nan
emnist_balanced,sparsemax,2,1,1.6371495723724365,0.6145,0.60429555449828,1.2847644521835002,0.4322032720801678,2.509458799311455,nan,nan
emnist_balanced,sparsemax,2,2,1.1486644744873047,0.7003333333333334,0.6929971054497766,0.9596366742823986,0.4343907706280972,2.5395178744133484,nan,nan
emnist_balanced,sparsemax,2,3,0.9293137192726135,0.7306666666666667,0.7285965814892648,0.8388772010803223,0.431149774250832,2.5262646839973772,nan,nan
emnist_balanced,sparsemax,2,4,0.8098495602607727,0.7558333333333334,0.7530712583085643,0.7438255307522226,0.42129029999388024,2.5056390851101975,nan,nan
emnist_balanced,sparsemax,2,5,0.7324327826499939,0.77125,0.7658796851478831,0.7064029447575833,0.41376365626111944,2.4988936705792204,nan,nan
emnist_balanced,sparsemax,2,6,0.6721356511116028,0.7910833333333334,0.7897778754738028,0.6312577749820466,0.4119921456626121,2.5150381313993577,nan,nan
emnist_balanced,sparsemax,2,7,0.6372038722038269,0.786,0.7839752141689849,0.662862406132069,0.39994752597301564,2.477131277956861,nan,nan
emnist_balanced,sparsemax,2,8,0.6068872809410095,0.8049166666666666,0.8033379769634721,0.5889677367311843,0.39784153915466147,2.495066030228392,nan,nan
emnist_balanced,sparsemax,2,9,0.5703921914100647,0.8031666666666667,0.8019382518653014,0.5982697022722122,0.3996033440244959,2.5069937845493886,nan,nan
emnist_balanced,sparsemax,2,10,0.5494697690010071,0.8051666666666667,0.8030950144916087,0.5921260727212784,0.39593794704117674,2.508425753167335,nan,nan
emnist_balanced,sparsemax,2,11,0.5275785326957703,0.8215,0.8199875930918582,0.5459836765806726,0.38997731294403687,2.498298429428263,nan,nan
emnist_balanced,sparsemax,2,12,0.508817195892334,0.8145,0.8087215762358013,0.5446054846682447,0.38452424901597043,2.4898389095955706,nan,nan
emnist_balanced,sparsemax,2,13,0.49555736780166626,0.8236666666666667,0.8211992456648473,0.5336553454399109,0.38134990236226546,2.4931883558313896,nan,nan
emnist_balanced,sparsemax,2,14,0.48059993982315063,0.8239166666666666,0.8211993671014285,0.5231351808030554,0.38383658468089205,2.4959383239137365,nan,nan
emnist_balanced,sparsemax,2,15,0.47004610300064087,0.8285,0.8266008767958363,0.51622980642826,0.38473244106515925,2.5027848558222994,nan,nan
emnist_balanced,sparsemax,2,16,0.4579903781414032,0.83,0.8277215808550826,0.5117379877161472,0.3832574553312139,2.503003734223386,nan,nan
emnist_balanced,sparsemax,2,17,0.44773218035697937,0.8248333333333333,0.8238587095088877,0.5252950407089071,0.3811756394645001,2.5029855332476028,nan,nan
emnist_balanced,sparsemax,2,18,0.4394477903842926,0.8263333333333334,0.8249839600763907,0.511485311579197,0.3765935441280933,2.4765390994700978,nan,nan
emnist_balanced,sparsemax,2,19,0.4311763644218445,0.83575,0.8346668838659469,0.48552885905225224,0.37478710235433377,2.4840596128017345,nan,nan
emnist_balanced,sparsemax,2,20,0.4176430404186249,0.8341666666666666,0.8332768702637594,0.49500896385375487,0.37277003171596124,2.477125591420113,nan,nan
emnist_balanced,sparsemax,2,21,0.4094732701778412,0.8365833333333333,0.834417053970039,0.4970587396875341,0.3706242347017248,2.464038760104078,nan,nan
emnist_balanced,sparsemax,2,22,0.40343695878982544,0.8315833333333333,0.8292407095404605,0.4980127640227054,0.3638091665950227,2.4444549311982824,nan,nan
emnist_balanced,sparsemax,2,23,0.3967229127883911,0.83475,0.8349585095886375,0.4925728307125416,0.37112856466085353,2.4789602020953563,nan,nan
emnist_balanced,sparsemax,2,24,0.395366370677948,0.8326666666666667,0.8318656945074979,0.4844781946628652,0.36295404015703403,2.4496752226606326,nan,nan
emnist_balanced,sparsemax,2,25,0.38372674584388733,0.8395,0.8397942557922947,0.48901547459845846,0.3630066699487098,2.44789113136048,nan,nan
emnist_balanced,sparsemax,2,26,0.37733012437820435,0.8348333333333333,0.8347317724357666,0.5057440121123131,0.3590138587862887,2.431891859845912,nan,nan
emnist_balanced,sparsemax,2,27,0.37647372484207153,0.839,0.8389290859494577,0.4872943676532583,0.3547024711015377,2.424118676084153,nan,nan
emnist_balanced,sparsemax,2,28,0.3628583252429962,0.8315833333333333,0.8313618220850042,0.5111839891748226,0.3519305742167412,2.412655017477401,nan,nan
emnist_balanced,sparsemax,2,29,0.35911139845848083,0.8381666666666666,0.8367834956601132,0.48997099095202507,0.35529156219451985,2.428549692985859,nan,nan
emnist_balanced,sparsemax,3,0,2.929171562194824,0.44325,0.4209873738455922,1.9605913770959733,0.44936692667134265,2.558912882145415,nan,nan
emnist_balanced,sparsemax,3,1,1.5936945676803589,0.6308333333333334,0.6222688388559185,1.2324253219239256,0.42443688245529826,2.5382448713830175,nan,nan
emnist_balanced,sparsemax,3,2,1.151705265045166,0.687,0.6821533166376044,0.9865815170267795,0.4023217658730263,2.494966633776401,nan,nan
emnist_balanced,sparsemax,3,3,0.9380888342857361,0.74125,0.7376819549064925,0.8019507286396432,0.38205634739170685,2.464951459397661,nan,nan
emnist_balanced,sparsemax,3,4,0.8150529861450195,0.75925,0.7556580633859892,0.7365648860627032,0.36320736322631225,2.444179446139234,nan,nan
emnist_balanced,sparsemax,3,5,0.7366717457771301,0.77575,0.7718922382167631,0.6801129180066129,0.3656655971674209,2.4545122562570776,nan,nan
emnist_balanced,sparsemax,3,6,0.6780113577842712,0.7930833333333334,0.7917494349922465,0.6172898874637929,0.360734114304502,2.4549525342089065,nan,nan
emnist_balanced,sparsemax,3,7,0.6295733451843262,0.8006666666666666,0.796267673346463,0.594332772366544,0.3568359182236042,2.447697682583586,nan,nan
emnist_balanced,sparsemax,3,8,0.5929690599441528,0.8059166666666666,0.7999146117081367,0.57405908310667,0.35148105722792605,2.4372270107269287,nan,nan
emnist_balanced,sparsemax,3,9,0.5685696005821228,0.80275,0.7990333659021498,0.568679098119127,0.3507163461218489,2.4427694589533706,nan,nan
emnist_balanced,sparsemax,3,10,0.5475420951843262,0.8211666666666667,0.8202287418742359,0.524257685275788,0.3531824784710052,2.455379843711853,nan,nan
emnist_balanced,sparsemax,3,11,0.5291703939437866,0.8205,0.8173496476578479,0.5384980306980458,0.34597608510484085,2.4387138676136098,nan,nan
emnist_balanced,sparsemax,3,12,0.5135546326637268,0.8318333333333333,0.8297256209589949,0.5020972325446758,0.3497370662207299,2.4520263012419354,nan,nan
emnist_balanced,sparsemax,3,13,0.4893159568309784,0.8301666666666667,0.828410751807035,0.487992266391186,0.34966824409809516,2.455269790710287,nan,nan
emnist_balanced,sparsemax,3,14,0.479684442281723,0.8229166666666666,0.8199098772501956,0.5096265914592337,0.3484418728250138,2.4510975771761956,nan,nan
emnist_balanced,sparsemax,3,15,0.4603015184402466,0.8385,0.8369278382423296,0.46816586940846544,0.34257055628806987,2.436364432598682,nan,nan
emnist_balanced,sparsemax,3,16,0.4529602527618408,0.82775,0.824637174979286,0.49839330290226225,0.34753588824830156,2.450630342706721,nan,nan
emnist_balanced,sparsemax,3,17,0.4429517090320587,0.8381666666666666,0.8349168255429498,0.48894539538850174,0.3440068370484291,2.438108208331656,nan,nan
emnist_balanced,sparsemax,3,18,0.4378274381160736,0.84225,0.8395305237537027,0.4739159218808438,0.34120751949066813,2.4309756629010466,nan,nan
emnist_balanced,sparsemax,3,19,0.42963579297065735,0.8329166666666666,0.829394912308771,0.4890050513947264,0.3352552788688781,2.416102873518112,nan,nan
emnist_balanced,sparsemax,3,20,0.41980788111686707,0.842,0.8399480541085846,0.4573725360505124,0.3401354972986465,2.4341731147563204,nan,nan
emnist_balanced,sparsemax,3,21,0.40549013018608093,0.8403333333333334,0.8392593152569561,0.4678386887337299,0.3391488942694157,2.426657978524553,nan,nan
emnist_balanced,sparsemax,3,22,0.4070211350917816,0.8411666666666666,0.8389099026051681,0.4645190974499317,0.3308931335489801,2.39952881031848,nan,nan
emnist_balanced,sparsemax,3,23,0.3918434679508209,0.8470833333333333,0.8450091912296989,0.4506749815129219,0.3392260711877904,2.431627983742572,nan,nan
emnist_balanced,sparsemax,3,24,0.387640118598938,0.84575,0.8432996378346165,0.4513414001211207,0.33075307816901106,2.4030611210681023,nan,nan
emnist_balanced,sparsemax,3,25,0.3807277977466583,0.8448333333333333,0.84267729245675,0.4657028063814691,0.33445197343826294,2.421899214703986,nan,nan
emnist_balanced,sparsemax,3,26,0.3792497217655182,0.85125,0.8495283825486352,0.4499137667899436,0.33139567996593233,2.413127412187292,nan,nan
emnist_balanced,sparsemax,3,27,0.36928460001945496,0.8534166666666667,0.8505572988075113,0.4411972761154175,0.32715992819755635,2.3946766650423092,nan,nan
emnist_balanced,sparsemax,3,28,0.369558721780777,0.8444166666666667,0.8428281587278389,0.4545500310177499,0.31957823862420753,2.369575523315592,nan,nan
emnist_balanced,sparsemax,3,29,0.3596171438694,0.84825,0.8468230502087559,0.46177177353108184,0.32574672616542655,2.3938872129359146,nan,nan
emnist_balanced,sparsemax,4,0,2.9997005462646484,0.40325,0.3850424239471262,2.0568184725781706,0.4825634483961349,2.609791485553092,nan,nan
emnist_balanced,sparsemax,4,1,1.7126835584640503,0.5950833333333333,0.5876287304445434,1.3525425322512363,0.5066635843287123,2.72611828306888,nan,nan
emnist_balanced,sparsemax,4,2,1.2059274911880493,0.6721666666666667,0.6619325764308265,1.041053183535312,0.5057651945885192,2.725460534400128,nan,nan
emnist_balanced,sparsemax,4,3,0.9809866547584534,0.7295,0.7251116065810211,0.8494532476080224,0.48385991869454686,2.6559332456994564,nan,nan
emnist_balanced,sparsemax,4,4,0.8430973887443542,0.744,0.7426627442887269,0.792340229166315,0.4729932389677839,2.6368879663183336,nan,nan
emnist_balanced,sparsemax,4,5,0.7629711627960205,0.77025,0.7653032973108612,0.700518232710818,0.4633709894532853,2.626493507243217,nan,nan
emnist_balanced,sparsemax,4,6,0.7057333588600159,0.7845,0.7802929968287488,0.6497907904868431,0.4536473827159151,2.6097307890019517,nan,nan
emnist_balanced,sparsemax,4,7,0.6590908765792847,0.7895,0.7884534521458317,0.6262939115788074,0.44791319031030574,2.602469870384703,nan,nan
emnist_balanced,sparsemax,4,8,0.6207432150840759,0.799,0.7956017996139726,0.5904643250272629,0.4468942127646284,2.6053541340726487,nan,nan
emnist_balanced,sparsemax,4,9,0.5924522280693054,0.795,0.7900700039670915,0.6134610163404587,0.4310948981883678,2.572767029417322,nan,nan
emnist_balanced,sparsemax,4,10,0.5616480708122253,0.8038333333333333,0.8018808634042396,0.5778867665757524,0.42612420228567527,2.5737934543731367,nan,nan
emnist_balanced,sparsemax,4,11,0.5359535813331604,0.81375,0.8114650927506748,0.5386046938439633,0.4238678927117206,2.5700122117996216,nan,nan
emnist_balanced,sparsemax,4,12,0.5238324403762817,0.8168333333333333,0.8153505152432083,0.5305235519054088,0.40909610593572576,2.5366894995912594,nan,nan
emnist_balanced,sparsemax,4,13,0.5075140595436096,0.8179166666666666,0.8148275589508638,0.5301779197885635,0.4027561293320453,2.5291478253425437,nan,nan
emnist_balanced,sparsemax,4,14,0.4941735565662384,0.8233333333333334,0.8199880812642861,0.5147376440941019,0.39495241071315523,2.5139819966985826,nan,nan
emnist_balanced,sparsemax,4,15,0.4782004654407501,0.8255,0.8240410984883896,0.506800836071055,0.39651900022587877,2.5223733668631696,nan,nan
emnist_balanced,sparsemax,4,16,0.47259101271629333,0.8218333333333333,0.8184454273583487,0.5188338204901269,0.3873793246581199,2.504798858723742,nan,nan
emnist_balanced,sparsemax,4,17,0.4613889157772064,0.82425,0.820569645764752,0.5089615735601871,0.38185675505627975,2.492281216256162,nan,nan
emnist_balanced,sparsemax,4,18,0.4438186287879944,0.8318333333333333,0.8288012920361605,0.500015471843963,0.3804449678418484,2.496130996562065,nan,nan
emnist_balanced,sparsemax,4,19,0.44218266010284424,0.8251666666666667,0.8225756334227768,0.5063667963159845,0.3707303235188444,2.4691241269415998,nan,nan
emnist_balanced,sparsemax,4,20,0.43112948536872864,0.8354166666666667,0.8335202434815902,0.48258568314795797,0.366726945213815,2.4654315431067286,nan,nan
emnist_balanced,sparsemax,4,21,0.42218682169914246,0.8375833333333333,0.8346784376645084,0.47900604440810834,0.367392066311329,2.4659397652808654,nan,nan
emnist_balanced,sparsemax,4,22,0.41369733214378357,0.8303333333333334,0.8290458945150636,0.4989793643038324,0.366777831886677,2.4615005381563875,nan,nan
emnist_balanced,sparsemax,4,23,0.40934109687805176,0.8344166666666667,0.8328253468291167,0.4849774235106529,0.36006959432617147,2.4484732556850353,nan,nan
emnist_balanced,sparsemax,4,24,0.4067686200141907,0.832,0.8314056012373006,0.4877760625900106,0.3576147104514406,2.4425349108716277,nan,nan
emnist_balanced,sparsemax,4,25,0.4027809202671051,0.8380833333333333,0.8353787324760332,0.4782065875986789,0.35736711814682537,2.447392407883989,nan,nan
emnist_balanced,sparsemax,4,26,0.3889491558074951,0.83575,0.8331565594175759,0.4772948400771364,0.3564217881636417,2.445813219597999,nan,nan
emnist_balanced,sparsemax,4,27,0.3830256164073944,0.8415,0.8406492224624006,0.46005671835960227,0.35870667499430636,2.456078039838913,nan,nan
emnist_balanced,sparsemax,4,28,0.37861430644989014,0.837,0.8358818503668296,0.4851186922255983,0.35848949310627387,2.453491601538151,nan,nan
emnist_balanced,sparsemax,4,29,0.36842426657676697,0.8385,0.8373442024153698,0.4746317261076988,0.34590076892933946,2.4210003817335086,nan,nan
emnist_balanced,sparsemax,5,0,3.005537986755371,0.3760833333333333,0.3559756807330799,2.1488907134279294,0.4739351272583008,2.6062165815779506,nan,nan
emnist_balanced,sparsemax,5,1,1.7790662050247192,0.5905833333333333,0.5829289790716223,1.3707878614993805,0.4709670026885702,2.6255240199413707,nan,nan
emnist_balanced,sparsemax,5,2,1.2685887813568115,0.6720833333333334,0.6635402632377673,1.0334059304379402,0.4624479095986549,2.616454711619844,nan,nan
emnist_balanced,sparsemax,5,3,1.0094691514968872,0.73075,0.7251570257422641,0.8351086860007428,0.4496116638183594,2.6027138398048724,nan,nan
emnist_balanced,sparsemax,5,4,0.8737921714782715,0.751,0.7429594768637571,0.7644316414569287,0.4373672693333727,2.57028229693149,nan,nan
emnist_balanced,sparsemax,5,5,0.7801348567008972,0.7755,0.7715916268884938,0.6769288055440212,0.4290427250113893,2.5598946074221995,nan,nan
emnist_balanced,sparsemax,5,6,0.7048451900482178,0.7880833333333334,0.7831683260612627,0.6371797500772679,0.4288604955406899,2.5680703457365643,nan,nan
emnist_balanced,sparsemax,5,7,0.6584970951080322,0.7971666666666667,0.7941431341975823,0.6040318703397791,0.426373542464794,2.5608201305916967,nan,nan
emnist_balanced,sparsemax,5,8,0.612800657749176,0.8126666666666666,0.8110813873972543,0.5635784598107033,0.42010214369981846,2.553502508934508,nan,nan
emnist_balanced,sparsemax,5,9,0.5853351354598999,0.7981666666666667,0.7948952851125842,0.5895731696423064,0.4191447433004988,2.552386758175302,nan,nan
emnist_balanced,sparsemax,5,10,0.5527693629264832,0.80825,0.805968615721013,0.5589851470703774,0.4233565051504906,2.569956437070319,nan,nan
emnist_balanced,sparsemax,5,11,0.5344693064689636,0.8180833333333334,0.8126244541767229,0.5271394779073432,0.4150928094031963,2.5515767513437475,nan,nan
emnist_balanced,sparsemax,5,12,0.5086977481842041,0.8233333333333334,0.8213700636792437,0.5227886666642859,0.413275622941078,2.5537114295553653,nan,nan
emnist_balanced,sparsemax,5,13,0.49806535243988037,0.8305833333333333,0.8284051645244718,0.49540142556454275,0.4127918619741785,2.5609160331969565,nan,nan
emnist_balanced,sparsemax,5,14,0.47478073835372925,0.8270833333333333,0.8242578731606889,0.5005785277549256,0.4082170682067567,2.551502303874239,nan,nan
emnist_balanced,sparsemax,5,15,0.4708985388278961,0.8339166666666666,0.833178757472802,0.47877213612515873,0.4091204304961448,2.552200586237806,nan,nan
emnist_balanced,sparsemax,5,16,0.4530261158943176,0.837,0.8368808145355386,0.48233871637506687,0.4053157457011811,2.5390487199134015,nan,nan
emnist_balanced,sparsemax,5,17,0.4443342685699463,0.8394166666666667,0.8378898709410983,0.47451197530360933,0.39864400694978996,2.5263025583104883,nan,nan
emnist_balanced,sparsemax,5,18,0.4359143376350403,0.8349166666666666,0.8327098415252256,0.49945196509361267,0.39493112773337263,2.5136832455371287,nan,nan
emnist_balanced,sparsemax,5,19,0.42778509855270386,0.841,0.8400365259199146,0.4677415864264711,0.3977113716462825,2.527668387331861,nan,nan
emnist_balanced,sparsemax,5,20,0.41361501812934875,0.8419166666666666,0.8400945833763763,0.4674135357775587,0.39134490378993625,2.5115349521028234,nan,nan
emnist_balanced,sparsemax,5,21,0.40431779623031616,0.83925,0.8375856350214983,0.47756603740631265,0.38790946358695944,2.5021112294907266,nan,nan
emnist_balanced,sparsemax,5,22,0.4041280150413513,0.8369166666666666,0.8364574401480098,0.48416486762939615,0.3944644759944145,2.5309658684629075,nan,nan
emnist_balanced,sparsemax,5,23,0.39674660563468933,0.8428333333333333,0.839877258032805,0.46825703154218956,0.3850007767372943,2.4979603442739933,nan,nan
emnist_balanced,sparsemax,5,24,0.38937321305274963,0.845,0.8445755427634054,0.4550773875510439,0.38556711122076565,2.5044379969860646,nan,nan
emnist_balanced,sparsemax,5,25,0.38317054510116577,0.8435,0.8433773769947184,0.4644369178629936,0.3790504666084939,2.477592686389355,nan,nan
emnist_balanced,sparsemax,5,26,0.37084996700286865,0.8470833333333333,0.8461784516201556,0.44952235957409475,0.3840090749745673,2.4989645582564335,nan,nan
emnist_balanced,sparsemax,5,27,0.3664136230945587,0.8456666666666667,0.8439589209870698,0.4487332498773615,0.37899230166952663,2.48110128209946,nan,nan
emnist_balanced,sparsemax,5,28,0.36327263712882996,0.8448333333333333,0.8436319517967641,0.4607888973773794,0.37440466595456956,2.4657733947672744,nan,nan
emnist_balanced,sparsemax,5,29,0.3624546229839325,0.8444166666666667,0.8432863536450039,0.46624196780488847,0.37559542218421366,2.474124142464171,nan,nan
emnist_balanced,sparsemax,6,0,3.0142862796783447,0.3443333333333333,0.311878206337967,2.1867303340993027,0.4667938123358057,2.6202763826289077,nan,nan
emnist_balanced,sparsemax,6,1,1.759332299232483,0.6086666666666667,0.6019786403507279,1.287949338872382,0.45628746281912985,2.5840033914180514,nan,nan
emnist_balanced,sparsemax,6,2,1.1992727518081665,0.7025833333333333,0.6995399660548361,0.9522763947223095,0.44783406054719965,2.5818786342093287,nan,nan
emnist_balanced,sparsemax,6,3,0.9527660012245178,0.731,0.7265509576939886,0.8485109894833667,0.43544346411177454,2.543293556000324,nan,nan
emnist_balanced,sparsemax,6,4,0.8244451880455017,0.7476666666666667,0.7446014147343413,0.7792384484980969,0.4336065448662068,2.553749107299967,nan,nan
emnist_balanced,sparsemax,6,5,0.7414387464523315,0.7820833333333334,0.7790877975777539,0.6676817625126941,0.4161212287367658,2.5252383211825755,nan,nan
emnist_balanced,sparsemax,6,6,0.6797909736633301,0.7981666666666667,0.7949799193965301,0.6189180783768917,0.40848594269853955,2.508637307806218,nan,nan
emnist_balanced,sparsemax,6,7,0.6356108784675598,0.8043333333333333,0.8025516424167927,0.5877396794075661,0.39913455682232024,2.4732966625944095,nan,nan
emnist_balanced,sparsemax,6,8,0.5981469750404358,0.8076666666666666,0.8073391323892589,0.5726752794803457,0.39306764241228714,2.4618116629884597,nan,nan
emnist_balanced,sparsemax,6,9,0.5670292973518372,0.8101666666666667,0.8050154374326819,0.569431112167683,0.3977237949345974,2.493493253880359,nan,nan
emnist_balanced,sparsemax,6,10,0.5438584685325623,0.8150833333333334,0.8137118050122238,0.5505831603040087,0.3972010349339627,2.4984601609250334,nan,nan
emnist_balanced,sparsemax,6,11,0.5240656733512878,0.8190833333333334,0.818053120581699,0.5362666813617057,0.3938554057732542,2.4884022334788707,nan,nan
emnist_balanced,sparsemax,6,12,0.508243203163147,0.8286666666666667,0.8273725336341683,0.5108081520871913,0.390135997787435,2.4822257985459997,nan,nan
emnist_balanced,sparsemax,6,13,0.4879385232925415,0.82425,0.8229454409514219,0.5221640569098452,0.38312078441711184,2.454668638554025,nan,nan
emnist_balanced,sparsemax,6,14,0.47165852785110474,0.832,0.8303156790584326,0.4953375870877124,0.3841021755274306,2.467118652577096,nan,nan
emnist_balanced,sparsemax,6,15,0.4611019492149353,0.8296666666666667,0.8285418455267466,0.5061885460894159,0.37413096348655983,2.43621545522771,nan,nan
emnist_balanced,sparsemax,6,16,0.44971784949302673,0.8333333333333334,0.8315232295837346,0.49742066479743796,0.3670637124079339,2.4149156758125794,nan,nan
emnist_balanced,sparsemax,6,17,0.4432029128074646,0.8375833333333333,0.8371704292310194,0.48477565164261677,0.3721136931092181,2.4414903787856406,nan,nan
emnist_balanced,sparsemax,6,18,0.4302661418914795,0.83625,0.8355980088896681,0.48049916105067475,0.3572939252282711,2.386953814232603,nan,nan
emnist_balanced,sparsemax,6,19,0.4207737445831299,0.8356666666666667,0.8352551302025295,0.4900783268695182,0.3540668565225094,2.3722605083851103,nan,nan
emnist_balanced,sparsemax,6,20,0.4078860878944397,0.8370833333333333,0.8358509925380279,0.48348561880436347,0.3553038551769358,2.3879849517599063,nan,nan
emnist_balanced,sparsemax,6,21,0.3988283574581146,0.8416666666666667,0.839685699547469,0.47282151212083534,0.3586061297261969,2.3939880931631046,nan,nan
emnist_balanced,sparsemax,6,22,0.3957221806049347,0.8449166666666666,0.8442166616265937,0.4662696421146393,0.3479003853937413,2.3603410708143358,nan,nan
emnist_balanced,sparsemax,6,23,0.38990238308906555,0.84475,0.8436662809514285,0.46756434694249577,0.34870183721501774,2.3713290995739875,nan,nan
emnist_balanced,sparsemax,6,24,0.3785865306854248,0.8474166666666667,0.8464218515974395,0.465337909282522,0.3460123396300255,2.3674895674624343,nan,nan
emnist_balanced,sparsemax,6,25,0.37528538703918457,0.8428333333333333,0.8414408237255186,0.47043650454663216,0.3492275650830979,2.3762498612099505,nan,nan
emnist_balanced,sparsemax,6,26,0.3647666275501251,0.8425833333333334,0.8414102897506253,0.467548206131509,0.34423390506429874,2.3612795560917954,nan,nan
emnist_balanced,sparsemax,6,27,0.36510491371154785,0.8438333333333333,0.8430906533655907,0.47226420235126576,0.3394903626213682,2.3534014440597373,nan,nan
emnist_balanced,sparsemax,6,28,0.35942840576171875,0.8408333333333333,0.8412901205355516,0.4692551778986099,0.3386669949965274,2.3537886256867266,nan,nan
emnist_balanced,sparsemax,6,29,0.3554045855998993,0.8469166666666667,0.8465627102225136,0.45695454516309375,0.34087787536864583,2.3675659932988755,nan,nan
emnist_balanced,sparsemax,7,0,2.9658215045928955,0.38266666666666665,0.3644270907256981,2.099328708141408,0.48441547979699806,2.605366841275641,nan,nan
emnist_balanced,sparsemax,7,1,1.7433886528015137,0.582,0.5741153502872551,1.3642263158838799,0.48128042988320613,2.649594991765124,nan,nan
emnist_balanced,sparsemax,7,2,1.2351011037826538,0.65575,0.6471694298734857,1.123784620711144,0.4577719954417107,2.618371566559406,nan,nan
emnist_balanced,sparsemax,7,3,1.0013387203216553,0.7191666666666666,0.7154541584441537,0.8766834672461165,0.4395619548381643,2.57884747677661,nan,nan
emnist_balanced,sparsemax,7,4,0.8595834970474243,0.7536666666666667,0.749580911234111,0.7687654165511436,0.4307121832637077,2.574885145146796,nan,nan
emnist_balanced,sparsemax,7,5,0.7766703963279724,0.7688333333333334,0.765344771851829,0.7132265897507363,0.42207335553904796,2.559120426786707,nan,nan
emnist_balanced,sparsemax,7,6,0.7029795050621033,0.78825,0.7848106150679244,0.6532664387784106,0.4188377743071698,2.549959086357279,nan,nan
emnist_balanced,sparsemax,7,7,0.67061448097229,0.7895,0.7879272499085451,0.634764332086482,0.41269135570272486,2.5407748577442577,nan,nan
emnist_balanced,sparsemax,7,8,0.6299618482589722,0.7980833333333334,0.7959989296799698,0.6168148917086581,0.408282348608717,2.512152777073231,nan,nan
emnist_balanced,sparsemax,7,9,0.6000649333000183,0.8016666666666666,0.7981936913514748,0.5970135958904915,0.4026450549668454,2.4998862781423203,nan,nan
emnist_balanced,sparsemax,7,10,0.5777100920677185,0.81225,0.8091731144843726,0.5649366473897974,0.39946019459278026,2.49855256587901,nan,nan
emnist_balanced,sparsemax,7,11,0.5544750094413757,0.81875,0.8163649958530319,0.5474464348021973,0.3968508486100968,2.4983281784869256,nan,nan
emnist_balanced,sparsemax,7,12,0.5365116000175476,0.8168333333333333,0.8145002750907221,0.5506816297135455,0.39580821990966797,2.4934311471086867,nan,nan
emnist_balanced,sparsemax,7,13,0.51894211769104,0.8216666666666667,0.8194791869214112,0.5271603173397957,0.39024011362740335,2.483560265378749,nan,nan
emnist_balanced,sparsemax,7,14,0.5068469643592834,0.827,0.8243233679092595,0.5090946022500383,0.38929823611644987,2.480867385864258,nan,nan
emnist_balanced,sparsemax,7,15,0.49265140295028687,0.8288333333333333,0.8260412459861526,0.5098863003101755,0.3823362787036186,2.458551504510514,nan,nan
emnist_balanced,sparsemax,7,16,0.47612863779067993,0.824,0.8221828824958103,0.5214270511840252,0.3788446344910784,2.4446830254919987,nan,nan
emnist_balanced,sparsemax,7,17,0.46752864122390747,0.8283333333333334,0.8267991604656603,0.504361926241124,0.37285327308989585,2.4281280801651324,nan,nan
emnist_balanced,sparsemax,7,18,0.45578253269195557,0.8281666666666667,0.8264609484989135,0.5060940860433781,0.3718047208608465,2.4290997487433414,nan,nan
emnist_balanced,sparsemax,7,19,0.44497114419937134,0.8291666666666667,0.826382738390325,0.5058114649133479,0.36724284164449,2.4216733029548156,nan,nan
emnist_balanced,sparsemax,7,20,0.44116586446762085,0.8313333333333334,0.8297295334094605,0.4915174645312289,0.36517512053251266,2.4194530844688416,nan,nan
emnist_balanced,sparsemax,7,21,0.4298124313354492,0.83575,0.834838632412277,0.4876054240033982,0.3676966652274132,2.431515764682851,nan,nan
emnist_balanced,sparsemax,7,22,0.42513909935951233,0.8398333333333333,0.8379939037582715,0.4755630829232804,0.3598222903748776,2.4093239320085402,nan,nan
emnist_balanced,sparsemax,7,23,0.4113531708717346,0.83775,0.8363559174751407,0.4837907812696822,0.3600284994599667,2.4103227980593416,nan,nan
emnist_balanced,sparsemax,7,24,0.405691534280777,0.8454166666666667,0.8429418449632419,0.477280984533594,0.3550926662505941,2.395730051588505,nan,nan
emnist_balanced,sparsemax,7,25,0.4050045311450958,0.8415833333333333,0.8391407199586806,0.4767234078113069,0.3548751804739871,2.3882495012689144,nan,nan
emnist_balanced,sparsemax,7,26,0.39136815071105957,0.8449166666666666,0.8425256404387387,0.46888590683328346,0.35595180728334064,2.3999265838176647,nan,nan
emnist_balanced,sparsemax,7,27,0.38874101638793945,0.8398333333333333,0.8377458417779757,0.4773832857608795,0.3539830357470411,2.400141083179636,nan,nan
emnist_balanced,sparsemax,7,28,0.3862272799015045,0.84225,0.8404359928342048,0.4742108659541353,0.3500560086141241,2.3908580554292556,nan,nan
emnist_balanced,sparsemax,7,29,0.37536802887916565,0.8406666666666667,0.8399376859162075,0.47479028714464067,0.354895700482612,2.4033784625378063,nan,nan
emnist_balanced,sparsemax,8,0,3.0178334712982178,0.37533333333333335,0.3512062175172489,2.0968264290627014,0.46878813761979976,2.6170292027453157,nan,nan
emnist_balanced,sparsemax,8,1,1.787981390953064,0.57475,0.5686734575718152,1.420003000726091,0.4527608367039802,2.6021565325716707,nan,nan
emnist_balanced,sparsemax,8,2,1.2816402912139893,0.6756666666666666,0.6679439668013338,1.0424330437437017,0.4452797846591219,2.592043884257053,nan,nan
emnist_balanced,sparsemax,8,3,1.0020323991775513,0.7355833333333334,0.7306954188901468,0.8391851237479676,0.4287219112540813,2.5507762508189424,nan,nan
emnist_balanced,sparsemax,8,4,0.8480172157287598,0.7589166666666667,0.7533123774705749,0.7403548537416661,0.4225674639356897,2.5528710903005396,nan,nan
emnist_balanced,sparsemax,8,5,0.762053370475769,0.7879166666666667,0.7836978622824233,0.6570994143790387,0.4093915029092038,2.525452973994803,nan,nan
emnist_balanced,sparsemax,8,6,0.6939578652381897,0.7936666666666666,0.7911739494451324,0.6316250803622794,0.412132886654519,2.5384295164270605,nan,nan
emnist_balanced,sparsemax,8,7,0.6450172066688538,0.8026666666666666,0.7981896867540408,0.5959915315851252,0.4081502743857972,2.5331939458847046,nan,nan
emnist_balanced,sparsemax,8,8,0.6010115146636963,0.80925,0.8047302848625209,0.5684866271120437,0.41300467576118227,2.556546802216388,nan,nan
emnist_balanced,sparsemax,8,9,0.5794329047203064,0.8229166666666666,0.8208633671507458,0.5342959609437496,0.407477431157802,2.5499578689007047,nan,nan
emnist_balanced,sparsemax,8,10,0.5503978729248047,0.8188333333333333,0.8165844404854827,0.5422236938425835,0.40862581704525236,2.557391019577676,nan,nan
emnist_balanced,sparsemax,8,11,0.5297040343284607,0.82975,0.8276750319322173,0.5061654588009449,0.40537633302998033,2.5530900676199733,nan,nan
emnist_balanced,sparsemax,8,12,0.5135776400566101,0.83375,0.829921679009838,0.4979981564460917,0.40195011474350667,2.5428418022521,nan,nan
emnist_balanced,sparsemax,8,13,0.49674442410469055,0.8341666666666666,0.8308466646933744,0.497353269698772,0.40173335769709123,2.550945335246147,nan,nan
emnist_balanced,sparsemax,8,14,0.47875142097473145,0.8369166666666666,0.8359483538496886,0.4719460593893173,0.40184107074078096,2.556964212275566,nan,nan
emnist_balanced,sparsemax,8,15,0.45763635635375977,0.8356666666666667,0.8334543250001304,0.479766216683895,0.40230375147880393,2.5635983056210456,nan,nan
emnist_balanced,sparsemax,8,16,0.4541972279548645,0.8328333333333333,0.8304338066160745,0.4833178241202172,0.3995241145504282,2.5537668390476957,nan,nan
emnist_balanced,sparsemax,8,17,0.44036826491355896,0.8438333333333333,0.8400098362057278,0.4646393276275472,0.39482757100399507,2.5435702268113483,nan,nan
emnist_balanced,sparsemax,8,18,0.42873814702033997,0.8385833333333333,0.837526326258914,0.47457787331114426,0.39461403260839745,2.5513401082221496,nan,nan
emnist_balanced,sparsemax,8,19,0.4265317916870117,0.84425,0.8411427046723415,0.4612020216089614,0.3891271409836221,2.5359523600720344,nan,nan
emnist_balanced,sparsemax,8,20,0.4192529618740082,0.8413333333333334,0.8393403291059405,0.46932014759550705,0.3925370329872091,2.5490188598632812,nan,nan
emnist_balanced,sparsemax,8,21,0.4069683253765106,0.8463333333333334,0.845061415009799,0.45624282385440584,0.3846332506930574,2.528427451214892,nan,nan
emnist_balanced,sparsemax,8,22,0.40070220828056335,0.8486666666666667,0.8470070301204583,0.4519522874913317,0.3868566164945034,2.536598005193345,nan,nan
emnist_balanced,sparsemax,8,23,0.3947855234146118,0.8473333333333334,0.8452207538415272,0.452655960904791,0.3853744810565989,2.53460564004614,nan,nan
emnist_balanced,sparsemax,8,24,0.38648712635040283,0.8515,0.8490834155228579,0.44019102416139966,0.3792472694148409,2.5260597695695592,nan,nan
emnist_balanced,sparsemax,8,25,0.3804764747619629,0.8505,0.8478430181687471,0.44897182697945454,0.3780394456488021,2.5185234927116555,nan,nan
emnist_balanced,sparsemax,8,26,0.3765130043029785,0.84725,0.8455454980707559,0.4573365348450681,0.381609948074564,2.535141539066396,nan,nan
emnist_balanced,sparsemax,8,27,0.37082868814468384,0.8553333333333333,0.8527882687763793,0.4308414364114721,0.3729651240592307,2.5111170373064406,nan,nan
emnist_balanced,sparsemax,8,28,0.3627886176109314,0.8525833333333334,0.8510800730876268,0.4476263808443191,0.37160874015473305,2.510749631739677,nan,nan
emnist_balanced,sparsemax,8,29,0.3615806996822357,0.8519166666666667,0.8499865569577706,0.44009347735567295,0.3716301762677254,2.501076383793608,nan,nan
emnist_balanced,sparsemax,9,0,2.913348436355591,0.39758333333333334,0.377563841858191,2.0219739218975636,0.43498661876358885,2.47511337538983,nan,nan
emnist_balanced,sparsemax,9,1,1.6104272603988647,0.6290833333333333,0.6217317516214472,1.209139215185287,0.4202805365970794,2.4496177219329995,nan,nan
emnist_balanced,sparsemax,9,2,1.0805113315582275,0.7090833333333333,0.7061165293588524,0.916483868943884,0.41211513350618645,2.461394888289431,nan,nan
emnist_balanced,sparsemax,9,3,0.8510907292366028,0.7636666666666667,0.7596178762411278,0.7320597564920466,0.41148041569172067,2.478068560995954,nan,nan
emnist_balanced,sparsemax,9,4,0.7255076169967651,0.7796666666666666,0.775452422954876,0.6829314967419239,0.3985124447561325,2.4529908083854837,nan,nan
emnist_balanced,sparsemax,9,5,0.6559328436851501,0.7990833333333334,0.7968292313928357,0.6097199644180055,0.40918647925904456,2.5013181985692774,nan,nan
emnist_balanced,sparsemax,9,6,0.599540650844574,0.7985,0.7965560362146937,0.602480837639342,0.40414626611039994,2.478810408013932,nan,nan
emnist_balanced,sparsemax,9,7,0.5668942928314209,0.8145833333333333,0.8112260048628747,0.5480018752686521,0.4101981706124671,2.518220526106814,nan,nan
emnist_balanced,sparsemax,9,8,0.5290579795837402,0.8178333333333333,0.8139979791643996,0.5461677065555085,0.4057437852025032,2.5024343538791576,nan,nan
emnist_balanced,sparsemax,9,9,0.5120861530303955,0.8278333333333333,0.826574553329109,0.5089651923230354,0.39877130027781144,2.4894087403378586,nan,nan
emnist_balanced,sparsemax,9,10,0.49002352356910706,0.8263333333333334,0.8254760880544488,0.5104681190024031,0.39589663373028977,2.4833882818830775,nan,nan
emnist_balanced,sparsemax,9,11,0.472066730260849,0.83025,0.8287893092951878,0.4898260819151046,0.39210843088779046,2.4795847471724164,nan,nan
emnist_balanced,sparsemax,9,12,0.4634111523628235,0.81725,0.8157559184043136,0.5425223207220118,0.3893366516270536,2.4683678391131947,nan,nan
emnist_balanced,sparsemax,9,13,0.44697335362434387,0.83425,0.8321424877500279,0.4983048889231175,0.38675430702402236,2.4647454619407654,nan,nan
emnist_balanced,sparsemax,9,14,0.4336528182029724,0.8308333333333333,0.8281804303380449,0.5088504926955446,0.38052760714546163,2.437446212514918,nan,nan
emnist_balanced,sparsemax,9,15,0.4270922839641571,0.8358333333333333,0.833019792766908,0.4915643664116555,0.3788926247903641,2.4368530067991703,nan,nan
emnist_balanced,sparsemax,9,16,0.4166562259197235,0.8405833333333333,0.8383944356146419,0.4752853468377539,0.3713915004058087,2.4166621730682696,nan,nan
emnist_balanced,sparsemax,9,17,0.4037283957004547,0.844,0.8425479239447681,0.4686746781176709,0.3730873077156696,2.427719859366721,nan,nan
emnist_balanced,sparsemax,9,18,0.3979531526565552,0.8455,0.8430258598902917,0.46206769727646035,0.3680483553003758,2.4113070406812303,nan,nan
emnist_balanced,sparsemax,9,19,0.38397324085235596,0.8416666666666667,0.840617093493398,0.4749826047014683,0.36729168796792944,2.424517292925652,nan,nan
emnist_balanced,sparsemax,9,20,0.37758776545524597,0.8426666666666667,0.8419891655879789,0.47162929874785403,0.36447652476899167,2.414395903019195,nan,nan
emnist_balanced,sparsemax,9,21,0.3730749785900116,0.8448333333333333,0.8431894168204528,0.4758213669695753,0.3607932665246598,2.4156992892001536,nan,nan
emnist_balanced,sparsemax,9,22,0.3698286712169647,0.8378333333333333,0.8355125868625985,0.4782444162571684,0.3551460009940127,2.3821664655462222,nan,nan
emnist_balanced,sparsemax,9,23,0.36612245440483093,0.8469166666666667,0.8447375018521078,0.4635525897462317,0.35363423364593627,2.384677548357781,nan,nan
emnist_balanced,sparsemax,9,24,0.3614560663700104,0.8459166666666667,0.8450634824485557,0.45874019696357404,0.3503565047966673,2.358011202609285,nan,nan
emnist_balanced,sparsemax,9,25,0.35451632738113403,0.8446666666666667,0.8429227976718656,0.46402236375402894,0.3451947821898663,2.3480702308898276,nan,nan
emnist_balanced,sparsemax,9,26,0.34465375542640686,0.8444166666666667,0.8422090691435342,0.476353054350995,0.33897877801605997,2.325192450208867,nan,nan
emnist_balanced,sparsemax,9,27,0.34032678604125977,0.8459166666666667,0.8447390317519095,0.4607515791629223,0.3414784809376331,2.349792942087701,nan,nan
emnist_balanced,sparsemax,9,28,0.33654338121414185,0.8464166666666667,0.8449447117883472,0.47024549702380564,0.3327397951420317,2.324737345918696,nan,nan
emnist_balanced,entmax15,0,0,3.088994026184082,0.35108333333333336,0.3109391126777207,2.1907547991326513,0.8601816302918374,3.371851880499657,nan,nan
emnist_balanced,entmax15,0,1,1.8707038164138794,0.5725833333333333,0.5615725655321494,1.403374098716898,0.8373433712949144,3.348488688468933,nan,nan
emnist_balanced,entmax15,0,2,1.3187335729599,0.6729166666666667,0.663750937162872,1.0443771697105246,0.8209438362020127,3.3046796296505216,nan,nan
emnist_balanced,entmax15,0,3,1.022719144821167,0.7201666666666666,0.7133630867806572,0.8664329064653274,0.8117641546624772,3.280256322089662,nan,nan
emnist_balanced,entmax15,0,4,0.8641452789306641,0.7568333333333334,0.7516899053530799,0.7505636659074337,0.7999404262989125,3.2390668062453574,nan,nan
emnist_balanced,entmax15,0,5,0.7575953006744385,0.782,0.776379410530718,0.6576080360311143,0.7958457863077204,3.2200073866133994,nan,nan
emnist_balanced,entmax15,0,6,0.6877904534339905,0.7898333333333334,0.7839978909808761,0.629344549584896,0.793028066132931,3.2033335122656315,nan,nan
emnist_balanced,entmax15,0,7,0.6360704302787781,0.8050833333333334,0.8006299681992409,0.5767572997732365,0.7940908340697593,3.1973562418146337,nan,nan
emnist_balanced,entmax15,0,8,0.5889055132865906,0.8086666666666666,0.8047061320879569,0.5511159116917468,0.7882335147959121,3.1849185659530317,nan,nan
emnist_balanced,entmax15,0,9,0.5642028450965881,0.8184166666666667,0.8143742008994248,0.530269185279278,0.7874163446274209,3.1752644016387617,nan,nan
emnist_balanced,entmax15,0,10,0.5333764553070068,0.8265833333333333,0.8227861403312003,0.5092884435298595,0.7844469065361834,3.1639910530536732,nan,nan
emnist_balanced,entmax15,0,11,0.5166805982589722,0.8303333333333334,0.8262338216081284,0.5035194786305123,0.7767060620987669,3.1469172442213016,nan,nan
emnist_balanced,entmax15,0,12,0.4984064996242523,0.8346666666666667,0.832179384593833,0.48621216289540553,0.7814443612352331,3.153351804043384,nan,nan
emnist_balanced,entmax15,0,13,0.4905380308628082,0.83275,0.8284941558998461,0.4874843162425021,0.7763548005134502,3.139495403208631,nan,nan
emnist_balanced,entmax15,0,14,0.46925580501556396,0.84025,0.8359080798504845,0.4649645470558329,0.7735085335183651,3.130617101141747,nan,nan
emnist_balanced,entmax15,0,15,0.45687368512153625,0.8465833333333334,0.8429273312099259,0.4557246939933046,0.7650186628737348,3.1148980272577163,nan,nan
emnist_balanced,entmax15,0,16,0.44478389620780945,0.843,0.8406745692119494,0.46436751586325625,0.761213520105849,3.1068331992372555,nan,nan
emnist_balanced,entmax15,0,17,0.4344237148761749,0.8445,0.8402038257260701,0.457847257243826,0.7629637762587121,3.1108968232540373,nan,nan
emnist_balanced,entmax15,0,18,0.42291417717933655,0.8496666666666667,0.845493100544978,0.44855225847122515,0.7570081460983196,3.0950567164319627,nan,nan
emnist_balanced,entmax15,0,19,0.41125214099884033,0.85275,0.8493805267508806,0.43055864597888704,0.7544034738489922,3.083435000257289,nan,nan
emnist_balanced,entmax15,0,20,0.4091646075248718,0.8444166666666667,0.8399470638521013,0.45450790004527314,0.7544152603504506,3.0910030628772494,nan,nan
emnist_balanced,entmax15,0,21,0.40515196323394775,0.8490833333333333,0.8457382072123559,0.4363356866735093,0.7539965941550884,3.0832080460609275,nan,nan
emnist_balanced,entmax15,0,22,0.3936476409435272,0.8475833333333334,0.8444977795512468,0.44938130391404985,0.7528782899075366,3.0884227473685084,nan,nan
emnist_balanced,entmax15,0,23,0.3847893178462982,0.8470833333333333,0.8448348092349742,0.4454001980893155,0.7375928899075123,3.0525571336137487,nan,nan
emnist_balanced,entmax15,0,24,0.3852442502975464,0.848,0.8448327515309172,0.44110344445451777,0.7364140825068697,3.047503978648084,nan,nan
emnist_balanced,entmax15,1,0,3.109862804412842,0.39466666666666667,0.3646802493217939,2.1227803534649787,0.7393947808032341,3.145187738093924,nan,nan
emnist_balanced,entmax15,1,1,1.854691743850708,0.5695833333333333,0.554956484060162,1.4211110307815227,0.7636968702711957,3.179398404791,nan,nan
emnist_balanced,entmax15,1,2,1.3421999216079712,0.65375,0.6435358037049953,1.1252063728393393,0.7758378754270837,3.187083234178259,nan,nan
emnist_balanced,entmax15,1,3,1.09160578250885,0.7061666666666667,0.6994922816838897,0.9176731350574088,0.7840435314685741,3.204589313649117,nan,nan
emnist_balanced,entmax15,1,4,0.9292634129524231,0.7445833333333334,0.7388758489595266,0.787389467371271,0.778658573931836,3.1843760317944465,nan,nan
emnist_balanced,entmax15,1,5,0.8212515115737915,0.7598333333333334,0.7539488600588468,0.7314820543248602,0.7728321533253852,3.162118188878323,nan,nan
emnist_balanced,entmax15,1,6,0.7386817932128906,0.77675,0.772263946791069,0.6770429750706287,0.7684154548543565,3.1416402421099074,nan,nan
emnist_balanced,entmax15,1,7,0.6793866753578186,0.7926666666666666,0.7899529880166665,0.6147967919390253,0.7731929142424401,3.1415069914878684,nan,nan
emnist_balanced,entmax15,1,8,0.6357942223548889,0.8008333333333333,0.7978955657859914,0.5948455187868564,0.7662923621370438,3.1291250041190612,nan,nan
emnist_balanced,entmax15,1,9,0.6054924130439758,0.8168333333333333,0.8134901738912261,0.5527696552428794,0.7742524464079674,3.137775974070772,nan,nan
emnist_balanced,entmax15,1,10,0.5688709616661072,0.8178333333333333,0.8155940496639585,0.530732568274153,0.7756583728688828,3.1360176116862197,nan,nan
emnist_balanced,entmax15,1,11,0.5421218872070312,0.8215833333333333,0.820958779177859,0.5140701608454927,0.7747886415491713,3.135367489875631,nan,nan
emnist_balanced,entmax15,1,12,0.5244053602218628,0.8265,0.8238848612455694,0.5029199973065802,0.7777256927591689,3.1416481885504215,nan,nan
emnist_balanced,entmax15,1,13,0.5049638152122498,0.8263333333333334,0.8250280467983533,0.5103908625054867,0.7726070158025051,3.1260649676018573,nan,nan
emnist_balanced,entmax15,1,14,0.494299054145813,0.8268333333333333,0.8247056295756562,0.4975035165218597,0.7662763950672555,3.1115866848763,nan,nan
emnist_balanced,entmax15,1,15,0.47512364387512207,0.8336666666666667,0.8325070434320742,0.4855439523433117,0.7668955497285153,3.1034750659415065,nan,nan
emnist_balanced,entmax15,1,16,0.46662023663520813,0.8375,0.8371229841949813,0.46687226599835335,0.7648922832722359,3.095372550030972,nan,nan
emnist_balanced,entmax15,1,17,0.45024383068084717,0.8319166666666666,0.8303496296713375,0.48739358719359055,0.7535608436198945,3.071478749843354,nan,nan
emnist_balanced,entmax15,1,18,0.44350674748420715,0.8413333333333334,0.8389712343771561,0.4590973752610227,0.7544146750835662,3.0583427408908275,nan,nan
emnist_balanced,entmax15,1,19,0.4310370087623596,0.8375,0.8332270341756243,0.46456830742511346,0.7560922161061713,3.073019781011216,nan,nan
emnist_balanced,entmax15,1,20,0.42447641491889954,0.8451666666666666,0.8418781011032683,0.4557683486887749,0.7650536368501947,3.091939271764552,nan,nan
emnist_balanced,entmax15,1,21,0.412446528673172,0.8410833333333333,0.8393094707528156,0.4572141411456656,0.759728323906026,3.0808034957723414,nan,nan
emnist_balanced,entmax15,1,22,0.40899452567100525,0.8450833333333333,0.8425707929036204,0.44594134802513935,0.7609531942834246,3.081100192475826,nan,nan
emnist_balanced,entmax15,1,23,0.3965055048465729,0.8479166666666667,0.8463868340902027,0.44103613432417527,0.7526081699006101,3.0614319760748683,nan,nan
emnist_balanced,entmax15,1,24,0.3917667865753174,0.844,0.8425742384573095,0.4521925500098695,0.7529537627037536,3.0610708581640367,nan,nan
emnist_balanced,entmax15,1,25,0.3856637179851532,0.8491666666666666,0.8476651493455619,0.4430088793977778,0.7507267892360687,3.055240567694319,nan,nan
emnist_balanced,entmax15,1,26,0.3850017488002777,0.8458333333333333,0.8420090277412788,0.4439796063494175,0.7471395185653199,3.0524397454363235,nan,nan
emnist_balanced,entmax15,1,27,0.3771849572658539,0.84875,0.8467657536304686,0.4488133306198932,0.7409046653737413,3.039970413167426,nan,nan
emnist_balanced,entmax15,1,28,0.3654261827468872,0.8503333333333334,0.8484580934152809,0.43942957292211815,0.7466784690288787,3.0513694666801614,nan,nan
emnist_balanced,entmax15,1,29,0.36270782351493835,0.847,0.845469780601252,0.4444916248321533,0.7470438810105019,3.0492745105256427,nan,nan
emnist_balanced,entmax15,2,0,3.092435359954834,0.3335,0.30448262581791785,2.2617143773018045,0.7515871600901827,3.1143824242530984,nan,nan
emnist_balanced,entmax15,2,1,1.8615539073944092,0.5529166666666666,0.5441746593105795,1.4890156908238188,0.7695716822401006,3.1552229308067483,nan,nan
emnist_balanced,entmax15,2,2,1.3231416940689087,0.6575,0.650876904328236,1.0947679585598884,0.7724968607121325,3.1710576554562184,nan,nan
emnist_balanced,entmax15,2,3,1.083304524421692,0.694,0.6910926235843412,0.961733655726656,0.7506615982410756,3.1344695471702737,nan,nan
emnist_balanced,entmax15,2,4,0.9246693849563599,0.7355833333333334,0.7320600091265184,0.8256123509812863,0.7473718549342866,3.127561772123296,nan,nan
emnist_balanced,entmax15,2,5,0.8174301981925964,0.7566666666666667,0.7521765459101716,0.7498661013359719,0.7443308931715945,3.116193119515764,nan,nan
emnist_balanced,entmax15,2,6,0.7568066716194153,0.7713333333333333,0.7689959520053647,0.6967592023788615,0.7312845277025345,3.0871394720483334,nan,nan
emnist_balanced,entmax15,2,7,0.69608473777771,0.7913333333333333,0.7876418823324479,0.6525710377287357,0.7401835728198924,3.0984530296731503,nan,nan
emnist_balanced,entmax15,2,8,0.6522756814956665,0.7948333333333333,0.7928002691341939,0.6191321446540508,0.7353453667874031,3.085754341267525,nan,nan
emnist_balanced,entmax15,2,9,0.6152784824371338,0.7973333333333333,0.7968573863967382,0.6170084019924732,0.7351032463794059,3.0830493074782352,nan,nan
emnist_balanced,entmax15,2,10,0.5886197686195374,0.8020833333333334,0.7996384464453645,0.582833339559271,0.7353911678841774,3.0837393187462014,nan,nan
emnist_balanced,entmax15,2,11,0.561090886592865,0.8158333333333333,0.8128351211481832,0.552804430748554,0.7338971527332955,3.077493441865799,nan,nan
emnist_balanced,entmax15,2,12,0.5438465476036072,0.8135833333333333,0.8092328674111822,0.5457218314738984,0.7262550662172601,3.0574482349639243,nan,nan
emnist_balanced,entmax15,2,13,0.5255216360092163,0.8224166666666667,0.8195194500470047,0.5318487413386082,0.7287460343634828,3.0638471461356955,nan,nan
emnist_balanced,entmax15,2,14,0.5075428485870361,0.8216666666666667,0.8196519024972024,0.525874692708888,0.7343238680920703,3.0715835829998586,nan,nan
emnist_balanced,entmax15,2,15,0.49188536405563354,0.822,0.819375203935543,0.5226866457056492,0.7277176006043211,3.058727244113354,nan,nan
emnist_balanced,entmax15,2,16,0.4827576279640198,0.8313333333333334,0.8289727983846175,0.49524850097108397,0.7310615537014413,3.055238142926642,nan,nan
emnist_balanced,entmax15,2,17,0.46383413672447205,0.8300833333333333,0.8302940730572158,0.48841342837252516,0.7319954177166553,3.066064266448325,nan,nan
emnist_balanced,entmax15,2,18,0.45529741048812866,0.8305833333333333,0.8296447197878144,0.49584095401966827,0.7341761696845928,3.066276342310804,nan,nan
emnist_balanced,entmax15,2,19,0.44096627831459045,0.835,0.8342463063517777,0.48308161218115625,0.7292126784933374,3.0583781739498708,nan,nan
emnist_balanced,entmax15,2,20,0.43421658873558044,0.8391666666666666,0.8378892524239051,0.47717660285056906,0.7320758212119975,3.0592426315267036,nan,nan
emnist_balanced,entmax15,2,21,0.4265795946121216,0.8396666666666667,0.838088215488177,0.478500690231932,0.7253610536139062,3.0451408294921225,nan,nan
emnist_balanced,entmax15,2,22,0.4183429777622223,0.8325,0.8308266060046128,0.48571332908691245,0.7317901095177265,3.0599054681493882,nan,nan
emnist_balanced,entmax15,2,23,0.4103434681892395,0.8399166666666666,0.8402051649885101,0.47784787479867324,0.7305930466093915,3.052007670098163,nan,nan
emnist_balanced,entmax15,2,24,0.4065870940685272,0.83775,0.8373116136872851,0.4755755085894402,0.7332991101640336,3.0598226887114506,nan,nan
emnist_balanced,entmax15,2,25,0.3993189334869385,0.8456666666666667,0.8449565301467136,0.45864837537420555,0.7284224255287901,3.0509845627115126,nan,nan
emnist_balanced,entmax15,2,26,0.38850128650665283,0.84325,0.843348764861211,0.45976026134288056,0.7265634308470056,3.0444541738388384,nan,nan
emnist_balanced,entmax15,2,27,0.3889092803001404,0.8418333333333333,0.8406408409031318,0.47791877642590946,0.7257341019650723,3.0419137680784183,nan,nan
emnist_balanced,entmax15,2,28,0.37615182995796204,0.8390833333333333,0.838979744659173,0.4772101019291168,0.7289650313397671,3.053923150326343,nan,nan
emnist_balanced,entmax15,2,29,0.3740638494491577,0.8416666666666667,0.8414923100805153,0.4728564867313872,0.724129245636311,3.041545200855174,nan,nan
emnist_balanced,entmax15,3,0,3.0726852416992188,0.29058333333333336,0.26119000776537155,2.412444145121473,0.8462684915420857,3.3639695010286697,nan,nan
emnist_balanced,entmax15,3,1,1.8262662887573242,0.5705,0.560243175876506,1.425181528355213,0.8335651970924215,3.3407643881249935,nan,nan
emnist_balanced,entmax15,3,2,1.3341152667999268,0.6608333333333334,0.6533376722682925,1.1042360359049859,0.8090239053076886,3.2708909131110984,nan,nan
emnist_balanced,entmax15,3,3,1.0572059154510498,0.7101666666666666,0.7057956392167477,0.9031178596171927,0.8024403288009319,3.232637532213901,nan,nan
emnist_balanced,entmax15,3,4,0.9047139286994934,0.7500833333333333,0.746939192728682,0.7745531112589734,0.7922163301325859,3.1882528751454453,nan,nan
emnist_balanced,entmax15,3,5,0.7985248565673828,0.7700833333333333,0.7659721679080588,0.7216230199692097,0.7981018690352745,3.1954958717873754,nan,nan
emnist_balanced,entmax15,3,6,0.7316047549247742,0.7826666666666666,0.7802459235097959,0.6555238169558505,0.7966785893795338,3.1801184162180474,nan,nan
emnist_balanced,entmax15,3,7,0.6723048090934753,0.805,0.802638589637736,0.5939354554135748,0.7932893285091888,3.1679002021221403,nan,nan
emnist_balanced,entmax15,3,8,0.6209467053413391,0.806,0.8024404646446711,0.5758969986692388,0.7936540036759479,3.167520873090054,nan,nan
emnist_balanced,entmax15,3,9,0.5952953100204468,0.81575,0.8124465130820194,0.5443591836919176,0.7846370840326269,3.144441830350998,nan,nan
emnist_balanced,entmax15,3,10,0.5629270672798157,0.8245,0.822329311153628,0.529672715892183,0.7884974219697587,3.158084605602508,nan,nan
emnist_balanced,entmax15,3,11,0.5439137816429138,0.82225,0.820848257884707,0.5291975508344934,0.7881903813240376,3.1531328368694225,nan,nan
emnist_balanced,entmax15,3,12,0.5172466039657593,0.8329166666666666,0.8302994804050678,0.5068686826432005,0.7908044336958134,3.170900152084675,nan,nan
emnist_balanced,entmax15,3,13,0.5055336952209473,0.8350833333333333,0.8317757376626184,0.4927835889319156,0.7907656361448004,3.183141675401241,nan,nan
emnist_balanced,entmax15,3,14,0.48774927854537964,0.8378333333333333,0.8351209169774835,0.48279915337866924,0.7841867062639682,3.16291192237367,nan,nan
emnist_balanced,entmax15,3,15,0.4707351326942444,0.837,0.8343418409438275,0.4745445765079336,0.786179540005136,3.1773816321758512,nan,nan
emnist_balanced,entmax15,3,16,0.46300968527793884,0.8314166666666667,0.8285895212380191,0.5066658061869601,0.7803610195504859,3.160223179675163,nan,nan
emnist_balanced,entmax15,3,17,0.44866636395454407,0.8456666666666667,0.8423136822332125,0.4777036252173972,0.782758208665442,3.169702398016098,nan,nan
emnist_balanced,entmax15,3,18,0.44253024458885193,0.8449166666666666,0.8424188373308831,0.4661190281523035,0.7806315859581562,3.1711749523244004,nan,nan
emnist_balanced,entmax15,3,19,0.43527621030807495,0.8341666666666666,0.8297649417272118,0.48489054593634096,0.7697190445788363,3.1494705017576825,nan,nan
emnist_balanced,entmax15,3,20,0.42159849405288696,0.8480833333333333,0.8452997649093574,0.4534125759246502,0.7760023690284567,3.157221073799945,nan,nan
emnist_balanced,entmax15,3,21,0.413801372051239,0.8446666666666667,0.8428749433397936,0.4658894348651805,0.7791976047323105,3.1636795642528126,nan,nan
emnist_balanced,entmax15,3,22,0.4083350896835327,0.8439166666666666,0.8398761028618192,0.4579779499388756,0.7746619658267244,3.1470988202602306,nan,nan
emnist_balanced,entmax15,3,23,0.4030781090259552,0.84475,0.8427227118665168,0.4488443979557524,0.778054343259081,3.1567237250348357,nan,nan
emnist_balanced,entmax15,3,24,0.3950434625148773,0.8449166666666666,0.8408298618825457,0.45777006796065794,0.7760039491856352,3.155184284169623,nan,nan
emnist_balanced,entmax15,3,25,0.3849819600582123,0.8529166666666667,0.8506591591647714,0.439675287363377,0.7777419667294685,3.155843194494856,nan,nan
emnist_balanced,entmax15,3,26,0.3859180212020874,0.8490833333333333,0.8470332492016377,0.44848035624686705,0.7742585343249301,3.153919514189375,nan,nan
emnist_balanced,entmax15,3,27,0.3813402056694031,0.8515,0.8488683790400633,0.448694165082688,0.7736577448692727,3.147657130626922,nan,nan
emnist_balanced,entmax15,3,28,0.3728501498699188,0.8485833333333334,0.8471145681745978,0.4536051502887239,0.7722648166595621,3.1439871813388582,nan,nan
emnist_balanced,entmax15,3,29,0.36327141523361206,0.853,0.8505417750649121,0.45108974296995935,0.7673330243597639,3.12744077723077,nan,nan
emnist_balanced,entmax15,4,0,3.1176013946533203,0.3401666666666667,0.31471617883363634,2.237942208635046,0.8530316986936204,3.3892235299374196,nan,nan
emnist_balanced,entmax15,4,1,1.9583553075790405,0.50925,0.49797660280423917,1.6223722265121785,0.8348950471015687,3.359170581432099,nan,nan
emnist_balanced,entmax15,4,2,1.3917362689971924,0.634,0.6269417371255893,1.1868297597195239,0.8260534037934973,3.3406683029012476,nan,nan
emnist_balanced,entmax15,4,3,1.073564887046814,0.7004166666666667,0.6943317731347112,0.9346429667574294,0.8210638476179001,3.317944016862423,nan,nan
emnist_balanced,entmax15,4,4,0.920920729637146,0.7255,0.7217008427619308,0.8476407819605888,0.8184677774601794,3.3080488418010954,nan,nan
emnist_balanced,entmax15,4,5,0.8238910436630249,0.7586666666666667,0.75447574160049,0.7425219327845471,0.8153283805289167,3.286797087243263,nan,nan
emnist_balanced,entmax15,4,6,0.7469415068626404,0.7785833333333333,0.7744688868673326,0.680752952048119,0.8096698306976481,3.267697991208827,nan,nan
emnist_balanced,entmax15,4,7,0.6929645538330078,0.7885,0.7856689136751741,0.6293690191938522,0.8103554863879021,3.263092611698394,nan,nan
emnist_balanced,entmax15,4,8,0.6447927951812744,0.8030833333333334,0.8009695353907087,0.590482678185118,0.8125684369117656,3.258495087319232,nan,nan
emnist_balanced,entmax15,4,9,0.6126824617385864,0.79775,0.7945492856092149,0.5886374312512418,0.8011051841238712,3.2195198079372975,nan,nan
emnist_balanced,entmax15,4,10,0.5885883569717407,0.7989166666666667,0.797434818815149,0.5846566183769957,0.8026423118215926,3.223039386120248,nan,nan
emnist_balanced,entmax15,4,11,0.5622226595878601,0.8125,0.8105993997872603,0.5554487324775533,0.7998513883732735,3.203502137610253,nan,nan
emnist_balanced,entmax15,4,12,0.5433821678161621,0.81525,0.8124837503193321,0.5345611889311608,0.802600235381025,3.2050980532422977,nan,nan
emnist_balanced,entmax15,4,13,0.5209543704986572,0.8200833333333334,0.8162013221414494,0.5194865496868782,0.8062106954290512,3.2125085795179324,nan,nan
emnist_balanced,entmax15,4,14,0.5110535025596619,0.8224166666666667,0.8198132177103196,0.5028471528215611,0.7981863040873345,3.1904158871224584,nan,nan
emnist_balanced,entmax15,4,15,0.49552083015441895,0.8218333333333333,0.8202661037252421,0.5112615062835368,0.8018308104352748,3.1889453035719852,nan,nan
emnist_balanced,entmax15,4,16,0.483590304851532,0.8283333333333334,0.8233001674466139,0.5031235940912937,0.7967677585622097,3.1803732628517962,nan,nan
emnist_balanced,entmax15,4,17,0.4713590443134308,0.8305833333333333,0.8271383523596649,0.4926606258179279,0.8004369088943969,3.1847466052846705,nan,nan
emnist_balanced,entmax15,4,18,0.4569101333618164,0.829,0.8266571172496163,0.48113793832190493,0.7973498524503505,3.172161784577877,nan,nan
emnist_balanced,entmax15,4,19,0.44828692078590393,0.8355833333333333,0.8330455218590086,0.4800632849652716,0.7966783515950466,3.1740590562211706,nan,nan
emnist_balanced,entmax15,4,20,0.4416130483150482,0.8259166666666666,0.8242200639785767,0.5044340852727281,0.7931002238963513,3.1676939573693783,nan,nan
emnist_balanced,entmax15,4,21,0.43333807587623596,0.83725,0.8342028236864834,0.4747220962605578,0.7975562183146782,3.1765719601448548,nan,nan
emnist_balanced,entmax15,4,22,0.4178430438041687,0.8393333333333334,0.8365618766660851,0.4561871607252892,0.7923048779051355,3.1555561791075037,nan,nan
emnist_balanced,entmax15,4,23,0.4170756936073303,0.8408333333333333,0.8388492982767234,0.46055195496437396,0.7924801631176726,3.1657368756355124,nan,nan
emnist_balanced,entmax15,4,24,0.4072163701057434,0.83925,0.8378066923215404,0.4644420457647202,0.7878185681840206,3.146479459519082,nan,nan
emnist_balanced,entmax15,4,25,0.40700623393058777,0.844,0.8415534851594734,0.4576524083918713,0.7865608664269143,3.141864091792005,nan,nan
emnist_balanced,entmax15,4,26,0.39942631125450134,0.8393333333333334,0.8365912313218473,0.462037187307439,0.7838992115030897,3.1377759892889796,nan,nan
emnist_balanced,entmax15,4,27,0.38538095355033875,0.8465,0.8444409168091855,0.4491752227570148,0.7812058133013705,3.1379194944462876,nan,nan
emnist_balanced,entmax15,4,28,0.3871251344680786,0.842,0.8396647321273834,0.4569315491838658,0.7813473470667576,3.1368740112223525,nan,nan
emnist_balanced,entmax15,4,29,0.37825900316238403,0.8445833333333334,0.8419730712008995,0.45770487633157286,0.7772265425387849,3.1246706196602356,nan,nan
emnist_balanced,entmax15,5,0,3.065463066101074,0.37725,0.3612296070483464,2.1502481394625725,0.7661171473087148,3.1813130201177393,nan,nan
emnist_balanced,entmax15,5,1,1.7891392707824707,0.5684166666666667,0.5623210852660815,1.4187064931747762,0.7869698963266738,3.224001980842428,nan,nan
emnist_balanced,entmax15,5,2,1.3316899538040161,0.6530833333333333,0.6446899435702084,1.1052379963245798,0.7814518200590256,3.2096156744246787,nan,nan
emnist_balanced,entmax15,5,3,1.0986837148666382,0.6885,0.6841927525287153,0.9742685860775887,0.790835014683135,3.233609465842551,nan,nan
emnist_balanced,entmax15,5,4,0.9614155292510986,0.7213333333333334,0.7165559103535705,0.849104642868042,0.7724931284468225,3.187473497492202,nan,nan
emnist_balanced,entmax15,5,5,0.8689380288124084,0.7465833333333334,0.7429783741361773,0.7784199093250518,0.7717963381016508,3.1836257006259676,nan,nan
emnist_balanced,entmax15,5,6,0.7915439605712891,0.7575,0.7527846873794852,0.7361645787320239,0.7693867195159831,3.182210904486636,nan,nan
emnist_balanced,entmax15,5,7,0.7402455806732178,0.7695,0.7667560786719257,0.6929994618639033,0.7683270142433491,3.1761337949874555,nan,nan
emnist_balanced,entmax15,5,8,0.6873246431350708,0.7818333333333334,0.7791695046311937,0.6579055431041312,0.7758425753167335,3.185301019790325,nan,nan
emnist_balanced,entmax15,5,9,0.6484606266021729,0.7850833333333334,0.7837690404851354,0.6388892937213817,0.7740891854813758,3.1867575899083564,nan,nan
emnist_balanced,entmax15,5,10,0.6150145530700684,0.7898333333333334,0.7871333482814794,0.628689503416102,0.7784156019383288,3.1905527951869557,nan,nan
emnist_balanced,entmax15,5,11,0.5833621621131897,0.80875,0.8057390923950406,0.5629219850327106,0.773412490144689,3.180572694920479,nan,nan
emnist_balanced,entmax15,5,12,0.5663512349128723,0.8123333333333334,0.8102679544302801,0.5485360787269917,0.7813937721100259,3.1934082989997052,nan,nan
emnist_balanced,entmax15,5,13,0.5534308552742004,0.81775,0.8158250193009533,0.5420515943080821,0.7810959708183369,3.1910753909577716,nan,nan
emnist_balanced,entmax15,5,14,0.5294271111488342,0.8155,0.8119652812011758,0.5393874448664645,0.781810204399393,3.1889787176822093,nan,nan
emnist_balanced,entmax15,5,15,0.5123307704925537,0.8200833333333334,0.8190444734872859,0.5227554142475128,0.7852717162446773,3.1940826862416367,nan,nan
emnist_balanced,entmax15,5,16,0.5021068453788757,0.8295833333333333,0.8278014969435329,0.5079760228065734,0.7885163362990034,3.1987070124200048,nan,nan
emnist_balanced,entmax15,5,17,0.48263636231422424,0.8293333333333334,0.8270043121659327,0.504135104569983,0.7888340113010812,3.201017108369381,nan,nan
emnist_balanced,entmax15,5,18,0.47724682092666626,0.82875,0.8274510687393576,0.5101208439532746,0.7870825193029769,3.1946423611742385,nan,nan
emnist_balanced,entmax15,5,19,0.4609781503677368,0.83,0.8282362499503861,0.4978870502177705,0.7908312234472721,3.202482264092628,nan,nan
emnist_balanced,entmax15,5,20,0.45001956820487976,0.8334166666666667,0.8310338387623717,0.4932095059689055,0.7790716138291867,3.1723954347853964,nan,nan
emnist_balanced,entmax15,5,21,0.44359737634658813,0.832,0.8301927905909039,0.47949887780433004,0.7904509940045945,3.1948521568420087,nan,nan
emnist_balanced,entmax15,5,22,0.43973544239997864,0.8354166666666667,0.8336326640078799,0.4804470976616474,0.7826609357874444,3.179488499113854,nan,nan
emnist_balanced,entmax15,5,23,0.4311605393886566,0.8356666666666667,0.8319754333148904,0.4851986994134619,0.7891115730113172,3.1875181274211153,nan,nan
emnist_balanced,entmax15,5,24,0.4198629856109619,0.8319166666666666,0.8305669518119069,0.49414362615727364,0.7851676776054057,3.1753134144113417,nan,nan
emnist_balanced,entmax15,5,25,0.4116762578487396,0.8334166666666667,0.833465842983955,0.48712030560412306,0.7789244486930522,3.168842691056272,nan,nan
emnist_balanced,entmax15,5,26,0.4109575152397156,0.8385,0.8378193002358831,0.4793061778900471,0.7878150293167602,3.1854915415987057,nan,nan
emnist_balanced,entmax15,5,27,0.4084993600845337,0.8435,0.8421248407390289,0.466812604919393,0.7870844596243919,3.177115227313752,nan,nan
emnist_balanced,entmax15,5,28,0.39243412017822266,0.83825,0.836041530620748,0.4879406639870177,0.7849925604272396,3.174752281067219,nan,nan
emnist_balanced,entmax15,5,29,0.3839065432548523,0.834,0.8327745438483308,0.48808957858288543,0.7840754199535289,3.166571949390655,nan,nan
emnist_balanced,entmax15,6,0,3.195147752761841,0.3324166666666667,0.29827809925997595,2.326825740489554,0.7599836423041972,3.1452692645661373,nan,nan
emnist_balanced,entmax15,6,1,1.8836445808410645,0.53725,0.5278271850942274,1.5225899067330868,0.7792793918163219,3.198873223142421,nan,nan
emnist_balanced,entmax15,6,2,1.3617335557937622,0.644,0.6398651545996896,1.1311212270817859,0.7896675892332767,3.224869096532781,nan,nan
emnist_balanced,entmax15,6,3,1.072662591934204,0.7036666666666667,0.6974585700238778,0.9412210266640846,0.7788144407120157,3.1846778215245997,nan,nan
emnist_balanced,entmax15,6,4,0.9132393002510071,0.7333333333333333,0.729512757544093,0.832997182582287,0.7827086619874264,3.181058531111859,nan,nan
emnist_balanced,entmax15,6,5,0.8143316507339478,0.7638333333333334,0.7614275471737335,0.7278630314989293,0.7840871855299524,3.1851539611816406,nan,nan
emnist_balanced,entmax15,6,6,0.7415789365768433,0.7793333333333333,0.7767073569458723,0.6793415140598378,0.7797094868852738,3.1637880979700292,nan,nan
emnist_balanced,entmax15,6,7,0.6826619505882263,0.7854166666666667,0.7835235198632972,0.6441311633333247,0.7732009697467723,3.139637952155255,nan,nan
emnist_balanced,entmax15,6,8,0.6421843767166138,0.7923333333333333,0.7902097150652941,0.6175949751062596,0.7787603957855955,3.1529525416962643,nan,nan
emnist_balanced,entmax15,6,9,0.6017696261405945,0.80125,0.7970102741230957,0.6011535455571845,0.7742465252571917,3.1370761369137052,nan,nan
emnist_balanced,entmax15,6,10,0.5773583054542542,0.8141666666666667,0.8122501242384187,0.560019443009762,0.7734628655809037,3.1283323587255274,nan,nan
emnist_balanced,entmax15,6,11,0.5518994331359863,0.8129166666666666,0.8132197927249147,0.5583818979719852,0.7622805637248019,3.101135938725573,nan,nan
emnist_balanced,entmax15,6,12,0.5283234119415283,0.8210833333333334,0.818820703006864,0.532304898855534,0.7672426174295709,3.108369304778728,nan,nan
emnist_balanced,entmax15,6,13,0.5124199986457825,0.823,0.8215199607965215,0.5296450346074206,0.7679378802471972,3.104441191287751,nan,nan
emnist_balanced,entmax15,6,14,0.4948335587978363,0.8289166666666666,0.8261699449236509,0.5081803253356446,0.7598008494427864,3.0790268208118197,nan,nan
emnist_balanced,entmax15,6,15,0.47853371500968933,0.82975,0.8286074559643295,0.5109080209376964,0.7611514989365923,3.084329267765613,nan,nan
emnist_balanced,entmax15,6,16,0.4681457281112671,0.8281666666666667,0.8267788542437077,0.5157809029234216,0.7589728172789229,3.076763779559034,nan,nan
emnist_balanced,entmax15,6,17,0.45746707916259766,0.8373333333333334,0.8367899636429109,0.49050043872062193,0.7523833557646326,3.062371647104304,nan,nan
emnist_balanced,entmax15,6,18,0.4429495334625244,0.8406666666666667,0.8393441466133583,0.47941792391716165,0.7468938688014416,3.041255035298936,nan,nan
emnist_balanced,entmax15,6,19,0.4413858950138092,0.83625,0.8356754880893635,0.48398050158581835,0.744806688516698,3.0327441261169756,nan,nan
emnist_balanced,entmax15,6,20,0.42504698038101196,0.8405833333333333,0.8389793139532169,0.47790205034803834,0.7510770958788852,3.0553268042016537,nan,nan
emnist_balanced,entmax15,6,21,0.4191240668296814,0.83975,0.837947271358311,0.4817593960051841,0.7453800985153686,3.03879018540078,nan,nan
emnist_balanced,entmax15,6,22,0.4059038758277893,0.84175,0.8406656210626337,0.47654044564734116,0.7416001209553252,3.0251521277934947,nan,nan
emnist_balanced,entmax15,6,23,0.4005970060825348,0.8439166666666666,0.8421545901189895,0.4664594106217648,0.7453663209651379,3.039076419586831,nan,nan
emnist_balanced,entmax15,6,24,0.39347559213638306,0.8436666666666667,0.8419634433695449,0.4737218757893177,0.745250403246981,3.0356626028710223,nan,nan
emnist_balanced,entmax15,6,25,0.39037877321243286,0.845,0.8440741979864658,0.47098565545487914,0.7434649625991253,3.03864423772122,nan,nan
emnist_balanced,entmax15,6,26,0.3818700611591339,0.8405,0.8394537311596132,0.4756606601654215,0.7415908042420732,3.0343235249214984,nan,nan
emnist_balanced,entmax15,6,27,0.3799377381801605,0.84775,0.8460631920595786,0.46398372028736357,0.731519489846331,3.0070181679218373,nan,nan
emnist_balanced,entmax15,6,28,0.37500226497650146,0.84725,0.8464263538772513,0.4583219676575762,0.7369633957426599,3.018979006625236,nan,nan
emnist_balanced,entmax15,6,29,0.3662680983543396,0.847,0.8466765481892389,0.4647548496723175,0.7311329530908707,3.005573698814879,nan,nan
emnist_balanced,entmax15,7,0,3.0678999423980713,0.31708333333333333,0.288705074900144,2.300963893849799,0.8072073662534673,3.241392746884772,nan,nan
emnist_balanced,entmax15,7,1,1.9703080654144287,0.5088333333333334,0.4970935746232656,1.6196374309823869,0.8510928249105494,3.3767385330606015,nan,nan
emnist_balanced,entmax15,7,2,1.4923676252365112,0.5813333333333334,0.5729732073152126,1.3716184864652918,0.8630436417904306,3.3931395348082196,nan,nan
emnist_balanced,entmax15,7,3,1.189347505569458,0.6855,0.6816033999773043,1.0144819629953263,0.854102446677837,3.3676863249312055,nan,nan
emnist_balanced,entmax15,7,4,0.9879134893417358,0.7226666666666667,0.7172241508522834,0.8747065168745974,0.8433493508937511,3.3359534385356495,nan,nan
emnist_balanced,entmax15,7,5,0.8679516911506653,0.75375,0.7474134332224053,0.7696449807349671,0.8336330030826812,3.300474108533656,nan,nan
emnist_balanced,entmax15,7,6,0.774996817111969,0.7705,0.7677805110436776,0.7118791367145295,0.8187185823917389,3.262433059672092,nan,nan
emnist_balanced,entmax15,7,7,0.7247682809829712,0.78025,0.7765675043685559,0.6695559906198624,0.818424829777251,3.256417616884759,nan,nan
emnist_balanced,entmax15,7,8,0.6754998564720154,0.7963333333333333,0.7938788766884673,0.6143124002091428,0.8109097639296917,3.2350246043915445,nan,nan
emnist_balanced,entmax15,7,9,0.6334542632102966,0.8014166666666667,0.7974244334497628,0.5996479588620206,0.8099790811538696,3.2289784842349114,nan,nan
emnist_balanced,entmax15,7,10,0.5998443961143494,0.806,0.8037771932880032,0.5706345115570312,0.8020311866668944,3.207172061534638,nan,nan
emnist_balanced,entmax15,7,11,0.5683963894844055,0.8186666666666667,0.815767473958163,0.547066627664769,0.7997610714841397,3.195753658071477,nan,nan
emnist_balanced,entmax15,7,12,0.5504165887832642,0.8178333333333333,0.8155733591258997,0.5448944048678621,0.7922505387600433,3.169372895930676,nan,nan
emnist_balanced,entmax15,7,13,0.5282812118530273,0.8245833333333333,0.8231656193779224,0.5280972947465613,0.7913300077965919,3.1700788000796702,nan,nan
emnist_balanced,entmax15,7,14,0.5123804211616516,0.8203333333333334,0.8177281537918432,0.5244798070572793,0.7824525680947811,3.142520059930517,nan,nan
emnist_balanced,entmax15,7,15,0.4956835210323334,0.8315833333333333,0.8291462267860099,0.5001585039686649,0.7809595782706078,3.131428586675766,nan,nan
emnist_balanced,entmax15,7,16,0.48539993166923523,0.8333333333333334,0.8306601289419515,0.5076115530856112,0.7808614645866637,3.1258255319392427,nan,nan
emnist_balanced,entmax15,7,17,0.465131551027298,0.8355,0.8332030510793482,0.48498069796156373,0.7740065525186822,3.113368371699719,nan,nan
emnist_balanced,entmax15,7,18,0.4572073221206665,0.8409166666666666,0.8394335284462906,0.47445472631048646,0.7642526379291047,3.0942601345955056,nan,nan
emnist_balanced,entmax15,7,19,0.4473629295825958,0.83175,0.8297654178582231,0.49815562113802486,0.7634176986014589,3.087128979094485,nan,nan
emnist_balanced,entmax15,7,20,0.4431927800178528,0.8385833333333333,0.8364991153197147,0.48266361748918574,0.7619361852077727,3.0811147106454726,nan,nan
emnist_balanced,entmax15,7,21,0.42903244495391846,0.84275,0.841130088060263,0.46614543554630683,0.7593103602845618,3.0774125089036657,nan,nan
emnist_balanced,entmax15,7,22,0.4232913851737976,0.8474166666666667,0.8459575678188411,0.45985150717674417,0.7653897943648886,3.0899146516272364,nan,nan
emnist_balanced,entmax15,7,23,0.4161444306373596,0.8455833333333334,0.8438956298609797,0.458397867831778,0.7570565862858549,3.0743012326828976,nan,nan
emnist_balanced,entmax15,7,24,0.40149053931236267,0.8476666666666667,0.8453826100917526,0.4612008187365025,0.7537519380133203,3.06855660296501,nan,nan
emnist_balanced,entmax15,7,25,0.3976163864135742,0.8494166666666667,0.8465995290711039,0.45047761277949555,0.7504636677021675,3.0531275044096278,nan,nan
emnist_balanced,entmax15,7,26,0.3890214264392853,0.8499166666666667,0.8469258980077471,0.4494532733521563,0.7473790594872008,3.050734395676471,nan,nan
emnist_balanced,entmax15,7,27,0.3841584622859955,0.8549166666666667,0.8529969347800713,0.4451669270687915,0.7448612553008059,3.0468696989911668,nan,nan
emnist_balanced,entmax15,7,28,0.38444745540618896,0.84875,0.846263586462318,0.4600142367342685,0.7418589452479748,3.0441037619367557,nan,nan
emnist_balanced,entmax15,7,29,0.3734121024608612,0.8545833333333334,0.8528526097351604,0.44655879380855157,0.7356004036487417,3.024454895486223,nan,nan
emnist_balanced,entmax15,8,0,3.1094324588775635,0.353,0.3256136984209002,2.188200423058043,0.8430535241644433,3.355526995151601,nan,nan
emnist_balanced,entmax15,8,1,1.8569505214691162,0.5325833333333333,0.5216328689634354,1.532255915885276,0.8504535099293323,3.3732758456088128,nan,nan
emnist_balanced,entmax15,8,2,1.3645215034484863,0.6390833333333333,0.630365844317818,1.1641307473182678,0.8466443159478776,3.3532453547132777,nan,nan
emnist_balanced,entmax15,8,3,1.1134454011917114,0.6970833333333334,0.6932277161432656,0.9630702708629851,0.8309867603981749,3.3202813787663237,nan,nan
emnist_balanced,entmax15,8,4,0.9502307772636414,0.745,0.7391886059125743,0.8005461312354879,0.8200693117811325,3.2960369688399296,nan,nan
emnist_balanced,entmax15,8,5,0.8407169580459595,0.76775,0.7634336485321185,0.7164810756419567,0.8094352027203174,3.2661062174655022,nan,nan
emnist_balanced,entmax15,8,6,0.7557337284088135,0.7854166666666667,0.7817059599136752,0.6513798401710835,0.808308186049157,3.2607161187111062,nan,nan
emnist_balanced,entmax15,8,7,0.7041460871696472,0.7959166666666667,0.7910894811248945,0.6171423551884103,0.8035903788627462,3.2480804818741817,nan,nan
emnist_balanced,entmax15,8,8,0.6540091037750244,0.80275,0.7965584136819519,0.5873751304251082,0.7930839290010169,3.2182903391249638,nan,nan
emnist_balanced,entmax15,8,9,0.6192205548286438,0.8161666666666667,0.8134503421830214,0.5517258675808602,0.7874520065936637,3.1996017694473267,nan,nan
emnist_balanced,entmax15,8,10,0.5840922594070435,0.81525,0.8128458879674026,0.5507426857948303,0.781299795876158,3.1844291382647576,nan,nan
emnist_balanced,entmax15,8,11,0.5632976293563843,0.8215833333333333,0.817812253361262,0.522151418822877,0.7754897741561241,3.1668238259376364,nan,nan
emnist_balanced,entmax15,8,12,0.546441912651062,0.82275,0.8186602544834541,0.5258697068437617,0.773523138558611,3.1572613411761346,nan,nan
emnist_balanced,entmax15,8,13,0.5254683494567871,0.8325833333333333,0.8296347799518349,0.49818524908512196,0.7682770959874416,3.1375181243774737,nan,nan
emnist_balanced,entmax15,8,14,0.5089942812919617,0.8370833333333333,0.8358598576223425,0.4907441779654077,0.763329546502296,3.1238403675404003,nan,nan
emnist_balanced,entmax15,8,15,0.49075108766555786,0.83575,0.8344691025180755,0.48181234712296345,0.7673745586517009,3.119779180973134,nan,nan
emnist_balanced,entmax15,8,16,0.48184800148010254,0.8395833333333333,0.8367274992426892,0.48312089671479896,0.7582681603888248,3.1048964921464313,nan,nan
emnist_balanced,entmax15,8,17,0.4664309620857239,0.8438333333333333,0.8408697434900385,0.4629727900028229,0.7553964821582145,3.0935655020652932,nan,nan
emnist_balanced,entmax15,8,18,0.4605489671230316,0.8426666666666667,0.8408066646992007,0.4609735741260204,0.7524038990761371,3.0838577798072326,nan,nan
emnist_balanced,entmax15,8,19,0.4482995867729187,0.8436666666666667,0.8406302140453147,0.46492180862325305,0.7462711784433811,3.0596438164406634,nan,nan
emnist_balanced,entmax15,8,20,0.44125840067863464,0.8515,0.8497762881515444,0.4427332408884738,0.7562844803992738,3.082367237578047,nan,nan
emnist_balanced,entmax15,8,21,0.4323503077030182,0.8465833333333334,0.8452807630521524,0.44861223532798444,0.7581465840339661,3.082487202705221,nan,nan
emnist_balanced,entmax15,8,22,0.42086660861968994,0.8480833333333333,0.845732870310568,0.45028856523493505,0.7450285807568976,3.0581251864737653,nan,nan
emnist_balanced,entmax15,8,23,0.4117763340473175,0.85075,0.8493512422098926,0.4416706720565228,0.7410911258230818,3.040105898329552,nan,nan
emnist_balanced,entmax15,8,24,0.40632209181785583,0.8498333333333333,0.8466832529232421,0.45327392157087937,0.7349690135489119,3.0251177853726325,nan,nan
emnist_balanced,entmax15,8,25,0.4017769992351532,0.852,0.8497900221513621,0.446433128828698,0.7372613866278466,3.0408722187610384,nan,nan
emnist_balanced,entmax15,8,26,0.39581528306007385,0.8504166666666667,0.8483997099670296,0.44523494484576775,0.7333969010951671,3.032586693763733,nan,nan
emnist_balanced,entmax15,8,27,0.38383933901786804,0.8568333333333333,0.8547247465917073,0.42892939803448127,0.7404714328177432,3.04345998611856,nan,nan
emnist_balanced,entmax15,8,28,0.38676440715789795,0.8525,0.8509435071430913,0.43376152946593916,0.7382450414464828,3.038307489232814,nan,nan
emnist_balanced,entmax15,8,29,0.37740153074264526,0.8485833333333334,0.845300599811423,0.4498031329601369,0.7373143941798108,3.0337282368477356,nan,nan
emnist_balanced,entmax15,9,0,3.0273029804229736,0.33525,0.31354537546271033,2.207916944584948,0.7855522499439564,3.230359468054264,nan,nan
emnist_balanced,entmax15,9,1,1.8300485610961914,0.5601666666666667,0.5447608094558584,1.445704460144043,0.805677703720458,3.2902588108752635,nan,nan
emnist_balanced,entmax15,9,2,1.3035813570022583,0.649,0.6442898983662342,1.111717977422349,0.8096242730921888,3.2898239937234433,nan,nan
emnist_balanced,entmax15,9,3,1.0297844409942627,0.70625,0.6968308257159748,0.915352686922601,0.7949551191735775,3.250256581509367,nan,nan
emnist_balanced,entmax15,9,4,0.8636109828948975,0.7408333333333333,0.734621270935494,0.7996627853271809,0.7792563248187938,3.2060887788204435,nan,nan
emnist_balanced,entmax15,9,5,0.7619349360466003,0.7658333333333334,0.7626757520923577,0.7170975442896498,0.7701936478310443,3.1750531678504132,nan,nan
emnist_balanced,entmax15,9,6,0.6842411756515503,0.78375,0.7808511954557923,0.6635702328479036,0.7687269170233544,3.1625428909951068,nan,nan
emnist_balanced,entmax15,9,7,0.636707067489624,0.7939166666666667,0.7913131944354233,0.6183923907736515,0.7630012200233784,3.153914157380449,nan,nan
emnist_balanced,entmax15,9,8,0.5959293246269226,0.8109166666666666,0.8087858615604643,0.5673325645162705,0.7646445955367799,3.1470371383301754,nan,nan
emnist_balanced,entmax15,9,9,0.5654792785644531,0.8085,0.807186073274564,0.5690052921467639,0.7708521840420175,3.1512061864771743,nan,nan
emnist_balanced,entmax15,9,10,0.534259021282196,0.82325,0.8214144747694958,0.527814748439383,0.7566198770036089,3.118267777118277,nan,nan
emnist_balanced,entmax15,9,11,0.5160145163536072,0.8241666666666667,0.8230565843721618,0.5226981785703213,0.7574124596220382,3.1253849065050168,nan,nan
emnist_balanced,entmax15,9,12,0.5004507899284363,0.825,0.8237636462169508,0.5208359392399483,0.7562914249744821,3.113197014686909,nan,nan
emnist_balanced,entmax15,9,13,0.4820534288883209,0.8260833333333333,0.8235351780506046,0.5122137316998016,0.7602588984560459,3.121822308986745,nan,nan
emnist_balanced,entmax15,9,14,0.46366143226623535,0.8300833333333333,0.828039447667879,0.5018294777007813,0.7481000854613933,3.095464072328933,nan,nan
emnist_balanced,entmax15,9,15,0.45676833391189575,0.8274166666666667,0.8254374120437775,0.5150045708138892,0.7430670534042602,3.0793480543380087,nan,nan
emnist_balanced,entmax15,9,16,0.44519954919815063,0.8363333333333334,0.8342552085039777,0.48326083066615655,0.7427919671890584,3.0755358224219465,nan,nan
emnist_balanced,entmax15,9,17,0.43321874737739563,0.8339166666666666,0.8318320673486908,0.48926237352350926,0.7426155520246384,3.076939215051367,nan,nan
emnist_balanced,entmax15,9,18,0.42207252979278564,0.83875,0.8370003497376076,0.4721476321524762,0.7392500543847997,3.0739321049223554,nan,nan
emnist_balanced,entmax15,9,19,0.40827852487564087,0.83825,0.8366947246558012,0.47964187949261766,0.7324061501533428,3.049916386604309,nan,nan
emnist_balanced,entmax15,9,20,0.4079006612300873,0.8424166666666667,0.8420540810411719,0.4720587299225178,0.7353394469048115,3.055897986635249,nan,nan
emnist_balanced,entmax15,9,21,0.39700081944465637,0.8413333333333334,0.83943392847722,0.48456270009913344,0.7272710388011121,3.03636150157198,nan,nan
emnist_balanced,entmax15,9,22,0.3908037543296814,0.8358333333333333,0.8331447632257732,0.4861914978382435,0.7319727711221005,3.053979990330148,nan,nan
emnist_balanced,entmax15,9,23,0.3865518569946289,0.84625,0.8453121412682792,0.46542834284457757,0.7261676369829381,3.0271002079578158,nan,nan
emnist_balanced,entmax15,9,24,0.3824714720249176,0.8488333333333333,0.8476783429028186,0.4529920714966794,0.7218229073159238,3.029574548944514,nan,nan
emnist_balanced,entmax15,9,25,0.3699275255203247,0.8479166666666667,0.8461853401628863,0.45772190233494375,0.719600296400963,3.0241402032527516,nan,nan
emnist_balanced,entmax15,9,26,0.36683323979377747,0.8466666666666667,0.8451000456929043,0.4670016283684589,0.7168582430545319,3.0150782808344414,nan,nan
emnist_balanced,entmax15,9,27,0.36332741379737854,0.8505833333333334,0.8486334336205884,0.45353399692697727,0.711004948996483,3.0051280006449272,nan,nan
emnist_balanced,entmax15,9,28,0.3508070707321167,0.847,0.8449283875758428,0.4659365669209906,0.7140158465568055,3.007803716558091,nan,nan
emnist_balanced,entmax15,9,29,0.35162410140037537,0.848,0.8460088003851495,0.4646484610882211,0.7066332361799605,2.994730771856105,nan,nan
emnist_balanced,headwise_adaptive_entmax,0,0,3.0896055698394775,0.3515,0.31145314885194775,2.1913601540504617,0.8621489430995698,3.37354554014003,1.502152144908905,0.004265991970896721
emnist_balanced,headwise_adaptive_entmax,0,1,1.8655153512954712,0.5775833333333333,0.5668419553559115,1.3948394465953746,0.8424350219838163,3.352818286165278,1.5003347396850586,0.006318959873169661
emnist_balanced,headwise_adaptive_entmax,0,2,1.3004159927368164,0.6730833333333334,0.664569068651837,1.0382279094229354,0.8330663182633988,3.3201945208488626,1.4985405206680298,0.0067155176075175405
emnist_balanced,headwise_adaptive_entmax,0,3,1.014111042022705,0.72175,0.7149253594113619,0.8618772549832121,0.8250901445429376,3.291554694480084,1.4974704384803772,0.007450284902006388
emnist_balanced,headwise_adaptive_entmax,0,4,0.8584012389183044,0.7610833333333333,0.7560527342114344,0.7420087799112848,0.815879207976321,3.2537936225850532,1.496492624282837,0.006962709245271981
emnist_balanced,headwise_adaptive_entmax,0,5,0.7535587549209595,0.7829166666666667,0.7774041498683417,0.6561533142911627,0.8136302651243007,3.2387295986743685,1.4957446455955505,0.0066361852223053575
emnist_balanced,headwise_adaptive_entmax,0,6,0.6846023797988892,0.7876666666666666,0.7818175656866682,0.6342726261057752,0.815117174640615,3.2303884080115783,1.4950857162475586,0.007111588027328253
emnist_balanced,headwise_adaptive_entmax,0,7,0.6326430439949036,0.8068333333333333,0.8024861174749912,0.5743411766721848,0.8187767229181655,3.2262896654453685,1.4941855669021606,0.007201360305771232
emnist_balanced,headwise_adaptive_entmax,0,8,0.5880962610244751,0.807,0.8022902482936888,0.5616333776331962,0.8132304587262742,3.2135860869225037,1.4935033321380615,0.0075641312869265676
emnist_balanced,headwise_adaptive_entmax,0,9,0.5645637512207031,0.81775,0.81342802885096,0.531333899244349,0.8149919186500793,3.207821293080107,1.492543339729309,0.007467734394595027
emnist_balanced,headwise_adaptive_entmax,0,10,0.5323412418365479,0.82525,0.8213927935186416,0.513364517308296,0.80957685442681,3.1883278831522515,1.4922384023666382,0.008281727088615298
emnist_balanced,headwise_adaptive_entmax,0,11,0.5155236124992371,0.83125,0.826699208251327,0.49929788201413255,0.806086278976278,3.178767886567623,1.491481602191925,0.008925137808546424
emnist_balanced,headwise_adaptive_entmax,0,12,0.4980391561985016,0.8329166666666666,0.8304841433232635,0.4876424359514358,0.8104365100251868,3.1848823948109404,1.4910345077514648,0.009408097481355071
emnist_balanced,headwise_adaptive_entmax,0,13,0.4879571199417114,0.8340833333333333,0.8299964798519593,0.48085662912815175,0.807439665211008,3.1765575104571404,1.490468680858612,0.010057816747575998
emnist_balanced,headwise_adaptive_entmax,0,14,0.4668748080730438,0.8381666666666666,0.833863178189067,0.46670543767036277,0.8053534867915702,3.167503372151801,1.4898388385772705,0.010631600394845009
emnist_balanced,headwise_adaptive_entmax,0,15,0.4559416174888611,0.84575,0.8421075321030675,0.4555345443969077,0.7974126326276901,3.152264105512741,1.4893471002578735,0.011173789855092764
emnist_balanced,headwise_adaptive_entmax,0,16,0.443250447511673,0.84325,0.8408851781454448,0.461209312398383,0.7929019382659425,3.1425989840893034,1.4887524843215942,0.011505885049700737
emnist_balanced,headwise_adaptive_entmax,0,17,0.43331074714660645,0.8421666666666666,0.8377455835676687,0.4617167628825979,0.795872948905255,3.1503878603590296,1.4878467917442322,0.012204890605062246
emnist_balanced,headwise_adaptive_entmax,0,18,0.42097237706184387,0.8474166666666667,0.8429856123125966,0.45100207024432243,0.7907637776212489,3.1361091086205017,1.486623764038086,0.012300949078053236
emnist_balanced,headwise_adaptive_entmax,0,19,0.4092514216899872,0.852,0.8491241294085866,0.4306835874598077,0.7884854699702973,3.124618763619281,1.486474096775055,0.012932008132338524
emnist_balanced,headwise_adaptive_entmax,0,20,0.4076543152332306,0.8455,0.8414188458280445,0.4591357111930847,0.7901948569936955,3.13350440593476,1.4853262305259705,0.013356631621718407
emnist_balanced,headwise_adaptive_entmax,0,21,0.4043940007686615,0.8486666666666667,0.8454441722847682,0.4347105584246047,0.7923352318875333,3.131204942439465,1.4848755598068237,0.013962996192276478
emnist_balanced,headwise_adaptive_entmax,0,22,0.3918073773384094,0.84625,0.842756976939699,0.44907531205643997,0.7896516063111894,3.1328359309663165,1.4839798212051392,0.01408142177388072
emnist_balanced,headwise_adaptive_entmax,0,23,0.38422220945358276,0.84775,0.8452847401897966,0.4446174610168376,0.77476759286637,3.09421720403306,1.4835929870605469,0.013483475893735886
emnist_balanced,headwise_adaptive_entmax,0,24,0.3843744397163391,0.8495833333333334,0.8461938176050732,0.4453324212672863,0.7776384321933097,3.096878630049685,1.4824258685112,0.013860197272151709
emnist_balanced,headwise_adaptive_entmax,1,0,3.1095306873321533,0.39566666666666667,0.3676500025375484,2.1202505953768465,0.7432042525169698,3.150977416241423,1.5034274458885193,0.007082065101712942
emnist_balanced,headwise_adaptive_entmax,1,1,1.8492337465286255,0.574,0.5621979034114427,1.4116892966818302,0.7692600330139728,3.1875153526346733,1.5007810592651367,0.009022395126521587
emnist_balanced,headwise_adaptive_entmax,1,2,1.34223473072052,0.65175,0.6418059020149405,1.133197767937437,0.7799722894709161,3.188315860768582,1.4989814758300781,0.010073900688439608
emnist_balanced,headwise_adaptive_entmax,1,3,1.0917564630508423,0.7020833333333333,0.6954126219126623,0.930623545291576,0.793714701495272,3.2119060323593462,1.497629165649414,0.010720261139795184
emnist_balanced,headwise_adaptive_entmax,1,4,0.9289542436599731,0.7448333333333333,0.7391687683054908,0.7910497429523062,0.7943320654808207,3.2005747632777437,1.4964412450790405,0.010571340331807733
emnist_balanced,headwise_adaptive_entmax,1,5,0.8199407458305359,0.7614166666666666,0.7561337488336171,0.7270876334068623,0.7927924927244795,3.188218464242651,1.4956742525100708,0.01036318321712315
emnist_balanced,headwise_adaptive_entmax,1,6,0.7365755438804626,0.77825,0.7739306434614557,0.6724276403163342,0.7911355203770577,3.1734844953455825,1.494825005531311,0.010106839705258608
emnist_balanced,headwise_adaptive_entmax,1,7,0.6772456765174866,0.7925833333333333,0.7899091977782429,0.6194447431158512,0.7960190608146342,3.1736416258710496,1.493926227092743,0.010310710640624166
emnist_balanced,headwise_adaptive_entmax,1,8,0.6352184414863586,0.80175,0.798858208586454,0.5906735766441265,0.7934295573133103,3.16809148484088,1.4931800365447998,0.009984271600842476
emnist_balanced,headwise_adaptive_entmax,1,9,0.6035372614860535,0.81775,0.814325720475171,0.5519009264225655,0.801485130761532,3.1732034607136503,1.4918551445007324,0.009939072653651237
emnist_balanced,headwise_adaptive_entmax,1,10,0.5665580034255981,0.818,0.8160559840049632,0.5300868553050021,0.8055867127915646,3.1733533651270767,1.4912068843841553,0.010373072931542993
emnist_balanced,headwise_adaptive_entmax,1,11,0.5394564270973206,0.8191666666666667,0.8183303425173659,0.5158492009690467,0.8029044467083951,3.164736547368638,1.4904659986495972,0.01013603014871478
emnist_balanced,headwise_adaptive_entmax,1,12,0.5216742157936096,0.8276666666666667,0.8252277708846609,0.5004870149683445,0.807503415549055,3.1725500213338975,1.489448368549347,0.010388077236711979
emnist_balanced,headwise_adaptive_entmax,1,13,0.502108097076416,0.82675,0.8253362943951619,0.5002690002005151,0.8040508539118665,3.1621407904523484,1.4887834191322327,0.01036683889105916
emnist_balanced,headwise_adaptive_entmax,1,14,0.4903962016105652,0.8285,0.8266835886508483,0.49746714944535114,0.8010834506217469,3.1516978436327996,1.4879298210144043,0.01075362740084529
emnist_balanced,headwise_adaptive_entmax,1,15,0.4743112027645111,0.8335833333333333,0.8325352029625698,0.4865424157457149,0.8033944831249562,3.1428961500208428,1.4871236085891724,0.0107165586668998
emnist_balanced,headwise_adaptive_entmax,1,16,0.46397697925567627,0.8355,0.8352130735124527,0.4670438164092125,0.8022563115079352,3.1379193118278015,1.4863892793655396,0.01100781885907054
emnist_balanced,headwise_adaptive_entmax,1,17,0.4460843801498413,0.8343333333333334,0.8325945391224732,0.48190150045334024,0.7933265091256892,3.1191832537346698,1.4857426285743713,0.011017199605703354
emnist_balanced,headwise_adaptive_entmax,1,18,0.44139161705970764,0.8408333333333333,0.8385248654308246,0.4571613517213375,0.7962190927343166,3.108629949549411,1.4845720529556274,0.010814066044986248
emnist_balanced,headwise_adaptive_entmax,1,19,0.4275711476802826,0.8388333333333333,0.8350830595237386,0.46508567510767185,0.8004831107372933,3.1288740990009716,1.4834287762641907,0.01087968610227108
emnist_balanced,headwise_adaptive_entmax,1,20,0.4214664101600647,0.8461666666666666,0.8432467663720276,0.4520273037413333,0.8146527447599046,3.153409980713053,1.4825136065483093,0.010774607304483652
emnist_balanced,headwise_adaptive_entmax,1,21,0.4121744632720947,0.8420833333333333,0.8402193817865244,0.4546725483650857,0.8041622841611822,3.1334103472689363,1.4818492531776428,0.011012683622539043
emnist_balanced,headwise_adaptive_entmax,1,22,0.40668365359306335,0.8445833333333334,0.8422776893078547,0.4446986900999191,0.8090156798667096,3.1421647705930345,1.4808201789855957,0.010999202728271484
emnist_balanced,headwise_adaptive_entmax,1,23,0.3946751356124878,0.8483333333333334,0.846769150044595,0.4386683835628185,0.8025887145641002,3.1227839297436653,1.4802456498146057,0.01113129430450499
emnist_balanced,headwise_adaptive_entmax,1,24,0.38973456621170044,0.8454166666666667,0.84459597036514,0.4497628199293258,0.8080947988844932,3.1321213067846094,1.479369044303894,0.011725012678653002
emnist_balanced,headwise_adaptive_entmax,1,25,0.38346731662750244,0.8486666666666667,0.8475025824909023,0.4455139357992943,0.8031566567877506,3.1197625804454723,1.479085087776184,0.012334654573351145
emnist_balanced,headwise_adaptive_entmax,1,26,0.3819112181663513,0.8470833333333333,0.8428462245735978,0.44418760373237287,0.8025075939107449,3.1203090814833945,1.4781373739242554,0.012464642291888595
emnist_balanced,headwise_adaptive_entmax,1,27,0.37394651770591736,0.8495,0.8474371065261729,0.44201008436527656,0.8015973174825628,3.119115027975529,1.477566659450531,0.012833713553845882
emnist_balanced,headwise_adaptive_entmax,1,28,0.36205539107322693,0.853,0.8509488420125165,0.434660903950955,0.806823639793599,3.1230792669539755,1.4766996502876282,0.013377823401242495
emnist_balanced,headwise_adaptive_entmax,1,29,0.3608395457267761,0.845,0.843859771340741,0.44506683755428234,0.8083690785347147,3.127196174986819,1.4761539101600647,0.01349012739956379
emnist_balanced,headwise_adaptive_entmax,2,0,3.089235544204712,0.3323333333333333,0.3032229960789093,2.2579569410770497,0.7527489471942821,3.1182218358871783,1.502757966518402,0.002609206479974091
emnist_balanced,headwise_adaptive_entmax,2,1,1.855783462524414,0.554,0.5451312193491337,1.4820194802385696,0.7770919837850205,3.1690390059288513,1.5005937814712524,0.0046334139769896865
emnist_balanced,headwise_adaptive_entmax,2,2,1.3210358619689941,0.6578333333333334,0.6510745966095035,1.0951614100882348,0.7795170672396396,3.1813877186876662,1.499380350112915,0.0051398418145254254
emnist_balanced,headwise_adaptive_entmax,2,3,1.0812474489212036,0.6948333333333333,0.6921136823537206,0.9543991761004671,0.7586938168140168,3.146393839349138,1.5000665187835693,0.005821636412292719
emnist_balanced,headwise_adaptive_entmax,2,4,0.9213471412658691,0.7375,0.7334521335749541,0.8202803908510411,0.7552611929305056,3.136379637616746,1.5002126693725586,0.005828843219205737
emnist_balanced,headwise_adaptive_entmax,2,5,0.8149959444999695,0.7573333333333333,0.7531532122488367,0.7456364771153065,0.7511706916575737,3.1212917490208403,1.499939501285553,0.00593947758898139
emnist_balanced,headwise_adaptive_entmax,2,6,0.7530487179756165,0.7695833333333333,0.7674830717135074,0.7010478935343154,0.7412473451583943,3.0968828581749124,1.4997647404670715,0.006267375312745571
emnist_balanced,headwise_adaptive_entmax,2,7,0.692399263381958,0.78725,0.7832163589924882,0.6547908960504735,0.750407411062971,3.1084706276021103,1.499501347541809,0.006614055251702666
emnist_balanced,headwise_adaptive_entmax,2,8,0.650600016117096,0.79475,0.7927529308321092,0.6172436209435158,0.7463354436641044,3.097512922388442,1.4992329478263855,0.006568575045093894
emnist_balanced,headwise_adaptive_entmax,2,9,0.613942563533783,0.7934166666666667,0.7929127829305108,0.6186046803251226,0.7489813192093626,3.0971074789128403,1.4986167550086975,0.006956698372960091
emnist_balanced,headwise_adaptive_entmax,2,10,0.5871446132659912,0.8016666666666666,0.7993074859128886,0.5798950981586537,0.7511561392469609,3.1018443437332803,1.4979386925697327,0.006983248516917229
emnist_balanced,headwise_adaptive_entmax,2,11,0.559118926525116,0.8155833333333333,0.8126267620788722,0.5511521678021614,0.7506534286001896,3.0967800591854338,1.4978506565093994,0.0074348298367112875
emnist_balanced,headwise_adaptive_entmax,2,12,0.5412580966949463,0.8156666666666667,0.8114219033714977,0.5448464935130262,0.742188423871994,3.0741867461103074,1.497390627861023,0.008004901930689812
emnist_balanced,headwise_adaptive_entmax,2,13,0.5223363637924194,0.8211666666666667,0.8183041973296,0.5311578829237755,0.7489491009965856,3.089722214861119,1.496803104877472,0.008362895110622048
emnist_balanced,headwise_adaptive_entmax,2,14,0.5054062008857727,0.82175,0.8194273516033366,0.5263873592336127,0.7550971267071176,3.0952077216290412,1.4959700107574463,0.008428959408774972
emnist_balanced,headwise_adaptive_entmax,2,15,0.4886176288127899,0.8246666666666667,0.8218384334128589,0.5188076369305874,0.7526804690665387,3.0920360316621496,1.4952754378318787,0.008870501536875963
emnist_balanced,headwise_adaptive_entmax,2,16,0.4801860749721527,0.8333333333333334,0.8307634725625087,0.49559098355313563,0.75772037468058,3.094593732915026,1.4948248267173767,0.009203937835991383
emnist_balanced,headwise_adaptive_entmax,2,17,0.46106675267219543,0.8303333333333334,0.8303807748436409,0.4870611790646898,0.7616811667351012,3.1088110538239175,1.494219422340393,0.009956770110875368
emnist_balanced,headwise_adaptive_entmax,2,18,0.4521152973175049,0.83125,0.8308988082629233,0.4937864434211812,0.7628933001071849,3.1029852882344673,1.493649423122406,0.010417125187814236
emnist_balanced,headwise_adaptive_entmax,2,19,0.4364975690841675,0.8364166666666667,0.8354623100868095,0.4813255103344613,0.7586578397040672,3.0949119709907693,1.4932799339294434,0.01066732406616211
emnist_balanced,headwise_adaptive_entmax,2,20,0.43172237277030945,0.8405833333333333,0.8393128576164837,0.4736187844834429,0.758662298004678,3.0895355559409934,1.492592215538025,0.010966287925839424
emnist_balanced,headwise_adaptive_entmax,2,21,0.4237430989742279,0.8415,0.8402725855451311,0.474560558161837,0.7557926336501507,3.0831906465773886,1.491953432559967,0.011449952144175768
emnist_balanced,headwise_adaptive_entmax,2,22,0.4155569076538086,0.8349166666666666,0.8337009464539583,0.4800899586779006,0.7620476566730662,3.0931525560135538,1.4915514588356018,0.012000603135675192
emnist_balanced,headwise_adaptive_entmax,2,23,0.40789756178855896,0.8418333333333333,0.8418832205499602,0.47541204158295974,0.7584931152932187,3.0823084242800447,1.4911845922470093,0.012247658800333738
emnist_balanced,headwise_adaptive_entmax,2,24,0.4039430022239685,0.8420833333333333,0.8420544602716183,0.46706419992954173,0.763450414576429,3.09510593465034,1.4904638528823853,0.012590856291353703
emnist_balanced,headwise_adaptive_entmax,2,25,0.3976480960845947,0.84475,0.8442450049278016,0.4593003404901383,0.760368748548183,3.084442473472433,1.4895931482315063,0.013208819553256035
emnist_balanced,headwise_adaptive_entmax,2,26,0.38770464062690735,0.842,0.8419207349908046,0.46319141413303133,0.7616670467752091,3.087078944165656,1.489041805267334,0.013434714637696743
emnist_balanced,headwise_adaptive_entmax,2,27,0.3851291537284851,0.84375,0.8427467718741875,0.4723945183956877,0.7612872554900798,3.0839052504681526,1.4877265691757202,0.013863998930901289
emnist_balanced,headwise_adaptive_entmax,2,28,0.3734915852546692,0.83575,0.8354710588741316,0.4800996203371819,0.7657057382959,3.0976306910210467,1.4867903590202332,0.014724008738994598
emnist_balanced,headwise_adaptive_entmax,2,29,0.37074014544487,0.8436666666666667,0.8436350859828109,0.467148537965531,0.7655515442503259,3.0934460340662207,1.4860824346542358,0.014827951323240995
emnist_balanced,headwise_adaptive_entmax,3,0,3.073507070541382,0.292,0.26167711919617337,2.4091603400859425,0.8467021045532632,3.3641718270930836,1.501776397228241,0.0034560987260192633
emnist_balanced,headwise_adaptive_entmax,3,1,1.8283414840698242,0.57,0.5591532536212098,1.428182031245942,0.8416724065516857,3.356170357541835,1.499561071395874,0.004339250503107905
emnist_balanced,headwise_adaptive_entmax,3,2,1.3411650657653809,0.66,0.6515926805551069,1.1051267778619807,0.819359801551129,3.2890824434605053,1.499588668346405,0.005561336874961853
emnist_balanced,headwise_adaptive_entmax,3,3,1.0604846477508545,0.70875,0.7042826570046916,0.9064869145129589,0.8168054762038779,3.254161781453072,1.499418020248413,0.006985800806432962
emnist_balanced,headwise_adaptive_entmax,3,4,0.9092287421226501,0.7485833333333334,0.745299677263522,0.7765221798673589,0.8098001429375182,3.218519241251844,1.4985405206680298,0.007212400669232011
emnist_balanced,headwise_adaptive_entmax,3,5,0.8014360666275024,0.76925,0.76544195425133,0.7182799209939673,0.8147398632891635,3.2213842082530895,1.4979268312454224,0.007527775480411947
emnist_balanced,headwise_adaptive_entmax,3,6,0.7360423803329468,0.78275,0.7804097645362571,0.6614775156721155,0.8163847631596505,3.209974055594586,1.4969529509544373,0.007751506404019892
emnist_balanced,headwise_adaptive_entmax,3,7,0.6745399236679077,0.8034166666666667,0.8009347899423079,0.596350463780951,0.8152910845076784,3.203600028727917,1.4962178468704224,0.008029453922063112
emnist_balanced,headwise_adaptive_entmax,3,8,0.622018039226532,0.8048333333333333,0.8008575870105884,0.5766281713830664,0.8183976735206361,3.21016496546725,1.4951913952827454,0.008070328272879124
emnist_balanced,headwise_adaptive_entmax,3,9,0.5949790477752686,0.8171666666666667,0.8139825247158984,0.5444847136101825,0.8049119400217178,3.1693656241640134,1.4946470856666565,0.008497646078467369
emnist_balanced,headwise_adaptive_entmax,3,10,0.5639544129371643,0.8235833333333333,0.8216208019017079,0.5319851256431417,0.8120729473042996,3.1928870728675354,1.4937180280685425,0.008592017460614443
emnist_balanced,headwise_adaptive_entmax,3,11,0.5452418327331543,0.8213333333333334,0.8197182616029006,0.5332980726627593,0.8135297057476449,3.1868450590904724,1.493201196193695,0.008837445871904492
emnist_balanced,headwise_adaptive_entmax,3,12,0.517987072467804,0.8313333333333334,0.8284530769201033,0.5083313869669083,0.8163423582594446,3.2048804810706604,1.4927186369895935,0.008840646129101515
emnist_balanced,headwise_adaptive_entmax,3,13,0.5080626010894775,0.8346666666666667,0.8314874854962359,0.49221983742206654,0.8216028746138228,3.223139818678511,1.4916624426841736,0.008273521438241005
emnist_balanced,headwise_adaptive_entmax,3,14,0.4886717200279236,0.8366666666666667,0.8337834885555294,0.4801212041936022,0.818813071606007,3.2115843321414705,1.4910755157470703,0.008719674311578274
emnist_balanced,headwise_adaptive_entmax,3,15,0.47004902362823486,0.8374166666666667,0.8344788993744502,0.47388799710476653,0.8215265426229923,3.2247497173065836,1.4902154207229614,0.00822327146306634
emnist_balanced,headwise_adaptive_entmax,3,16,0.4627147316932678,0.8306666666666667,0.827619933351308,0.5070396731508539,0.8179079002522408,3.2108718156814575,1.4900611639022827,0.008349948097020388
emnist_balanced,headwise_adaptive_entmax,3,17,0.44848909974098206,0.8454166666666667,0.8417853488830489,0.4795129673278078,0.8226773028678083,3.2300927461461817,1.4891490936279297,0.007590392604470253
emnist_balanced,headwise_adaptive_entmax,3,18,0.44321849942207336,0.84575,0.8431130391279146,0.46854398288625354,0.8247498438713399,3.2356169553513223,1.4880248308181763,0.00795702775940299
emnist_balanced,headwise_adaptive_entmax,3,19,0.4371233880519867,0.8306666666666667,0.8263329627746973,0.486044742325519,0.8168670179996085,3.219704696472655,1.4871302843093872,0.007680865470319986
emnist_balanced,headwise_adaptive_entmax,3,20,0.4244097173213959,0.8483333333333334,0.8456466296314726,0.4493269685735094,0.8210617088256998,3.2224205351890403,1.4864155650138855,0.007678807247430086
emnist_balanced,headwise_adaptive_entmax,3,21,0.41186776757240295,0.8439166666666666,0.8417368385619213,0.46709346581012645,0.8230972004697678,3.2204752374202648,1.4856975674629211,0.007532710675150156
emnist_balanced,headwise_adaptive_entmax,3,22,0.4086329936981201,0.8475833333333334,0.8429794987159126,0.44849580653170323,0.8263127017528453,3.2238186293459954,1.4846165180206299,0.007486605551093817
emnist_balanced,headwise_adaptive_entmax,3,23,0.4020310044288635,0.8411666666666666,0.8393647522932158,0.4528391500736805,0.8279343989301235,3.228090283718515,1.4841904044151306,0.007424013456329703
emnist_balanced,headwise_adaptive_entmax,3,24,0.3928503096103668,0.85,0.8463588652097241,0.4511524331062398,0.8316781958366962,3.235795018520761,1.4827486276626587,0.0070393921341747046
emnist_balanced,headwise_adaptive_entmax,3,25,0.38610297441482544,0.8504166666666667,0.8477135982225482,0.4434747632513655,0.8293671734789585,3.2234420776367188,1.4821726083755493,0.007447290234267712
emnist_balanced,headwise_adaptive_entmax,3,26,0.3862884044647217,0.8488333333333333,0.8467834059828898,0.4395777291439949,0.8302887919101309,3.2334118853224085,1.4809153079986572,0.007361201103776693
emnist_balanced,headwise_adaptive_entmax,3,27,0.3797479569911957,0.85025,0.8482483010821565,0.449118712481032,0.8250618589685318,3.216960115635649,1.4799668788909912,0.007491385797038674
emnist_balanced,headwise_adaptive_entmax,3,28,0.37309911847114563,0.85075,0.8494376711912829,0.44494548693616337,0.828837643912498,3.216408133506775,1.4789007902145386,0.007478823885321617
emnist_balanced,headwise_adaptive_entmax,3,29,0.3625757694244385,0.8490833333333333,0.8467657172003867,0.4492289677579352,0.825335036566917,3.2097991882486547,1.4781810641288757,0.007655634079128504
emnist_balanced,headwise_adaptive_entmax,4,0,3.1173906326293945,0.33466666666666667,0.30908184276476575,2.2502764793152505,0.8550521604558254,3.3925815871421325,1.5009000301361084,0.003329671104438603
emnist_balanced,headwise_adaptive_entmax,4,1,1.9603499174118042,0.5169166666666667,0.5055178719163816,1.5908337273496262,0.8379549010002867,3.360721509507362,1.4996567964553833,0.005012796027585864
emnist_balanced,headwise_adaptive_entmax,4,2,1.3968313932418823,0.6316666666666667,0.6231097559632335,1.1939818250372054,0.8300209210274068,3.3391164414426115,1.4981940388679504,0.0045566626358777285
emnist_balanced,headwise_adaptive_entmax,4,3,1.0779545307159424,0.7023333333333334,0.6958013645637088,0.9332312091867975,0.8290043397152678,3.327223430288599,1.4980530142784119,0.005424341303296387
emnist_balanced,headwise_adaptive_entmax,4,4,0.9241416454315186,0.72275,0.7197216134413843,0.852484478595409,0.8282169813805438,3.3154278689242425,1.4981424808502197,0.0059357298305258155
emnist_balanced,headwise_adaptive_entmax,4,5,0.8233389854431152,0.75875,0.7544850464853395,0.7398644850609151,0.8267233669757843,3.2954711711153073,1.4979181289672852,0.0060092516941949725
emnist_balanced,headwise_adaptive_entmax,4,6,0.7484347224235535,0.7744166666666666,0.7696842843342543,0.6883902575107331,0.8223479643781134,3.2778006842795837,1.4984352588653564,0.006468879291787744
emnist_balanced,headwise_adaptive_entmax,4,7,0.6947295069694519,0.7885833333333333,0.7857188449251975,0.6321134313623956,0.8244915306568146,3.2734508336858545,1.4982078075408936,0.006039282772690058
emnist_balanced,headwise_adaptive_entmax,4,8,0.645378589630127,0.8011666666666667,0.7992708628980224,0.5974508295667932,0.8259647089116117,3.2685052486176187,1.4983009696006775,0.005751721910201013
emnist_balanced,headwise_adaptive_entmax,4,9,0.6167486310005188,0.7975833333333333,0.7945319109000599,0.5938572680696528,0.8170762163527469,3.2287094593048096,1.4979189038276672,0.006048812880180776
emnist_balanced,headwise_adaptive_entmax,4,10,0.5906096696853638,0.8016666666666666,0.8000292510533422,0.5794968788928174,0.8167380874461316,3.2288903150152652,1.4974520802497864,0.0056544969556853175
emnist_balanced,headwise_adaptive_entmax,4,11,0.5622092485427856,0.8139166666666666,0.8116468790155063,0.554070658506231,0.8174586892127991,3.2143627227620875,1.4972503185272217,0.005535316071473062
emnist_balanced,headwise_adaptive_entmax,4,12,0.5429263114929199,0.8185833333333333,0.8162004996223878,0.5323845129063789,0.8227405307140756,3.228117067763146,1.497185230255127,0.005711798556149006
emnist_balanced,headwise_adaptive_entmax,4,13,0.5202673673629761,0.8229166666666666,0.8186090866411883,0.5193462441576288,0.8251369906232712,3.226472854614258,1.4969072937965393,0.00578459573443979
emnist_balanced,headwise_adaptive_entmax,4,14,0.5105966329574585,0.8241666666666667,0.8217660329481957,0.5062650917692387,0.8192707845505248,3.2096890312560062,1.4964389204978943,0.005927355727180839
emnist_balanced,headwise_adaptive_entmax,4,15,0.49489203095436096,0.8244166666666667,0.8225985344432842,0.5106730625984517,0.8260762596384008,3.215529553433682,1.4959523677825928,0.00570077495649457
emnist_balanced,headwise_adaptive_entmax,4,16,0.48319026827812195,0.8251666666666667,0.8200102127689067,0.5114298006321522,0.8201106812091584,3.2050320544141404,1.4959434866905212,0.00565476028714329
emnist_balanced,headwise_adaptive_entmax,4,17,0.4724245071411133,0.8315833333333333,0.8279451934679246,0.4953182504532185,0.8241458414716923,3.212677293635429,1.4952139854431152,0.005525053013116121
emnist_balanced,headwise_adaptive_entmax,4,18,0.45383355021476746,0.83225,0.8300302951737727,0.48102059262864133,0.8188467463280292,3.198020356766721,1.4951264262199402,0.0057527367025613785
emnist_balanced,headwise_adaptive_entmax,4,19,0.44716817140579224,0.8331666666666667,0.8305927227094757,0.4750466562331991,0.8233648399089245,3.2075373999615935,1.4946775436401367,0.005507687805220485
emnist_balanced,headwise_adaptive_entmax,4,20,0.43827107548713684,0.8296666666666667,0.8274466403595673,0.4967226113410706,0.8171957274700733,3.1933678895869155,1.4945709109306335,0.0052373462822288275
emnist_balanced,headwise_adaptive_entmax,4,21,0.4352948069572449,0.83725,0.8343476749804454,0.47629083851550486,0.8210596645132024,3.1947306622850133,1.4941855072975159,0.0057095191441476345
emnist_balanced,headwise_adaptive_entmax,4,22,0.4198134243488312,0.8420833333333333,0.8394212832788696,0.4580000753098346,0.8175782929075525,3.182742993882362,1.4941133260726929,0.005967150675132871
emnist_balanced,headwise_adaptive_entmax,4,23,0.4140249490737915,0.8386666666666667,0.8363930266606714,0.47241175555168313,0.8171692097440679,3.1879888316418263,1.4934638142585754,0.006052937358617783
emnist_balanced,headwise_adaptive_entmax,4,24,0.40565788745880127,0.84225,0.8409369210128207,0.45118135847943897,0.8175592143484887,3.1837134640267553,1.4931145906448364,0.006187304155901074
emnist_balanced,headwise_adaptive_entmax,4,25,0.40345191955566406,0.8408333333333333,0.8383656875526991,0.46118009090423584,0.8166443838718089,3.173331341844924,1.4928414821624756,0.0058015561662614346
emnist_balanced,headwise_adaptive_entmax,4,26,0.39810529351234436,0.8418333333333333,0.839409465574897,0.4579357346321674,0.812543623624964,3.1663326177191227,1.492432951927185,0.006187110207974911
emnist_balanced,headwise_adaptive_entmax,4,27,0.38595595955848694,0.8470833333333333,0.8456270420308217,0.4508230819347057,0.8125190658772246,3.167386894530438,1.4919520616531372,0.006254507461562753
emnist_balanced,headwise_adaptive_entmax,4,28,0.38227733969688416,0.8428333333333333,0.8407520962299361,0.4585701652029727,0.8145733063525342,3.165468378269926,1.491302728652954,0.0061303311958909035
emnist_balanced,headwise_adaptive_entmax,4,29,0.374219685792923,0.8405,0.8377078350402192,0.462776225932101,0.8129862426443303,3.1668540467607214,1.4909881949424744,0.006271979538723826
emnist_balanced,headwise_adaptive_entmax,5,0,3.063958168029785,0.38066666666666665,0.3646859825494215,2.141478421840262,0.7680202652799323,3.190414268919762,1.5041847825050354,0.007181420456618071
emnist_balanced,headwise_adaptive_entmax,5,1,1.7976900339126587,0.5639166666666666,0.557154264396221,1.4452260174649827,0.789343905575732,3.2273747641989528,1.5025385618209839,0.009221091866493225
emnist_balanced,headwise_adaptive_entmax,5,2,1.335837960243225,0.64725,0.6402768405439322,1.1290484717551699,0.789687528255138,3.222867803370699,1.5006719827651978,0.009738754015415907
emnist_balanced,headwise_adaptive_entmax,5,3,1.1056385040283203,0.6931666666666667,0.6882653121896211,0.9606387589840178,0.7972119241318805,3.235099881253344,1.4997992515563965,0.0094357889611274
emnist_balanced,headwise_adaptive_entmax,5,4,0.9646075367927551,0.7250833333333333,0.7211053721060987,0.8499943588642364,0.7808433986724691,3.199513300936273,1.4995777010917664,0.009636526694521308
emnist_balanced,headwise_adaptive_entmax,5,5,0.8729855418205261,0.7445,0.7411722261908233,0.7893695577662042,0.7785654689403291,3.188273214279337,1.4990652203559875,0.009697898291051388
emnist_balanced,headwise_adaptive_entmax,5,6,0.7937437295913696,0.7581666666666667,0.7526151197047022,0.7475590477598474,0.7827880464969798,3.197360535885425,1.4983252882957458,0.010130199138075113
emnist_balanced,headwise_adaptive_entmax,5,7,0.7411142587661743,0.7665833333333333,0.764338145307752,0.7081207531563779,0.7881706927685027,3.202882396413925,1.4973719120025635,0.009758858010172844
emnist_balanced,headwise_adaptive_entmax,5,8,0.6886038184165955,0.7793333333333333,0.776853547003799,0.6652870837678301,0.7958400731391095,3.2080798402745674,1.496797263622284,0.009983571246266365
emnist_balanced,headwise_adaptive_entmax,5,9,0.6490299105644226,0.7805833333333333,0.7801016689187628,0.651001808491159,0.7924122461613189,3.1998381132775164,1.4964567422866821,0.010156768839806318
emnist_balanced,headwise_adaptive_entmax,5,10,0.6163922548294067,0.79225,0.7897637526274706,0.6175016551575763,0.795106533994066,3.1987322746439184,1.495776355266571,0.010699431411921978
emnist_balanced,headwise_adaptive_entmax,5,11,0.5841357111930847,0.807,0.8033538710581906,0.569312278260576,0.7909117347382485,3.190442584930582,1.495414912700653,0.010572489351034164
emnist_balanced,headwise_adaptive_entmax,5,12,0.5677382349967957,0.81125,0.8095874479796368,0.5525986438101911,0.8038861478896852,3.210300252792683,1.4946328401565552,0.010737710166722536
emnist_balanced,headwise_adaptive_entmax,5,13,0.5542688965797424,0.8180833333333334,0.8158130625321246,0.5379549810226928,0.8067027241625684,3.2149410044893307,1.4940752983093262,0.011197136249393225
emnist_balanced,headwise_adaptive_entmax,5,14,0.5311427712440491,0.8186666666666667,0.8145794907421443,0.537496380983515,0.8102504300310257,3.2209069779578674,1.4940300583839417,0.012226216029375792
emnist_balanced,headwise_adaptive_entmax,5,15,0.5120532512664795,0.8203333333333334,0.8193172069708268,0.5195260973686867,0.8122890769167149,3.219258541756488,1.4933485388755798,0.012351561803370714
emnist_balanced,headwise_adaptive_entmax,5,16,0.5018653869628906,0.82925,0.8277266939667921,0.5016582430677211,0.8072006854605167,3.2043042664832257,1.4932503700256348,0.01247268496081233
emnist_balanced,headwise_adaptive_entmax,5,17,0.484320729970932,0.8268333333333333,0.8245908353629846,0.5111444763680721,0.8109279553940956,3.215954595423759,1.4930348992347717,0.013345594052225351
emnist_balanced,headwise_adaptive_entmax,5,18,0.4763094186782837,0.8263333333333334,0.8251535530485553,0.517174890066715,0.8099463341083932,3.2080941606075206,1.4924277663230896,0.013628421351313591
emnist_balanced,headwise_adaptive_entmax,5,19,0.46235933899879456,0.8310833333333333,0.82947426297253,0.4962333123734657,0.815778967547924,3.2229561881816133,1.4920578002929688,0.01377489510923624
emnist_balanced,headwise_adaptive_entmax,5,20,0.45065584778785706,0.8323333333333334,0.8302310747918639,0.495684876720956,0.8056784151716435,3.1972300118588386,1.4920382499694824,0.013985090889036655
emnist_balanced,headwise_adaptive_entmax,5,21,0.44446825981140137,0.8313333333333334,0.8293148772364264,0.4873470518183201,0.8129222748127389,3.210938314174084,1.4917941689491272,0.014270536601543427
emnist_balanced,headwise_adaptive_entmax,5,22,0.4382128417491913,0.83725,0.8353618072294415,0.47883091708447073,0.8059080173360541,3.198433893792173,1.491864800453186,0.015017710160464048
emnist_balanced,headwise_adaptive_entmax,5,23,0.43222418427467346,0.8345833333333333,0.831202726538618,0.4867235092406577,0.8144174275246072,3.2104738291273724,1.4912505745887756,0.015523121692240238
emnist_balanced,headwise_adaptive_entmax,5,24,0.4212629795074463,0.8345833333333333,0.8333173710132109,0.48721716695643486,0.8160950414677883,3.20874367622619,1.4907538890838623,0.015504491981118917
emnist_balanced,headwise_adaptive_entmax,5,25,0.418108731508255,0.8335,0.833356177080813,0.48404839064212557,0.8066170082447377,3.1971729106091438,1.4900546669960022,0.015422212425619364
emnist_balanced,headwise_adaptive_entmax,5,26,0.4092448949813843,0.8375,0.8367087238298021,0.4849335982444439,0.8132049238428156,3.2057906135599663,1.4895656108856201,0.015833895653486252
emnist_balanced,headwise_adaptive_entmax,5,27,0.40764808654785156,0.8396666666666667,0.8382231819057705,0.4763607528615505,0.8173303578762298,3.210788884061448,1.489161491394043,0.01595810940489173
emnist_balanced,headwise_adaptive_entmax,5,28,0.39233681559562683,0.8375,0.8349435969448363,0.4991666680954872,0.8097240113197489,3.194001598561064,1.4887598156929016,0.01603347295895219
emnist_balanced,headwise_adaptive_entmax,5,29,0.3879169225692749,0.838,0.8359780480447165,0.4754551300343047,0.8124440096794291,3.1936951444504107,1.4881263971328735,0.015481645707041025
emnist_balanced,headwise_adaptive_entmax,6,0,3.197080135345459,0.33275,0.2996561483827561,2.323652967493585,0.7587651883033996,3.1405386950107332,1.5015960931777954,0.003886203427100554
emnist_balanced,headwise_adaptive_entmax,6,1,1.8803627490997314,0.53075,0.5208433754376053,1.5328268294638776,0.7827646446988937,3.2006326457287404,1.4996481537818909,0.006274223967920989
emnist_balanced,headwise_adaptive_entmax,6,2,1.36005437374115,0.6446666666666667,0.640716211362774,1.1337063566167305,0.7958861671863718,3.2306571158956974,1.4993463158607483,0.007278847770066932
emnist_balanced,headwise_adaptive_entmax,6,3,1.070837378501892,0.7046666666666667,0.6984849191737078,0.936086412439955,0.7858497373601223,3.191914008018818,1.4995110630989075,0.008672354830196127
emnist_balanced,headwise_adaptive_entmax,6,4,0.9120664000511169,0.73275,0.7293631625096901,0.8325291466205678,0.7886538080712582,3.1851557442482483,1.4987401366233826,0.009626352926716208
emnist_balanced,headwise_adaptive_entmax,6,5,0.8135711550712585,0.7640833333333333,0.7616844083289208,0.7299065323586159,0.7940278693716577,3.1960295235857052,1.497600257396698,0.009968511236365885
emnist_balanced,headwise_adaptive_entmax,6,6,0.7409564852714539,0.7814166666666666,0.7790786106307507,0.6747920297561808,0.7915561719143644,3.1779461262073925,1.497283697128296,0.010457666125148535
emnist_balanced,headwise_adaptive_entmax,6,7,0.6814286708831787,0.7855833333333333,0.7834150955650981,0.6480772875724955,0.7891825310727383,3.163451831391517,1.4967139959335327,0.011031813221052289
emnist_balanced,headwise_adaptive_entmax,6,8,0.6399155259132385,0.7923333333333333,0.7901310538556316,0.6139557494762096,0.7947238005222158,3.177651674189466,1.4958085417747498,0.011079850257374346
emnist_balanced,headwise_adaptive_entmax,6,9,0.6005069613456726,0.8016666666666666,0.7976066274843461,0.6006821761740014,0.7910406367575868,3.1593727406035077,1.4951947927474976,0.01163561048451811
emnist_balanced,headwise_adaptive_entmax,6,10,0.5760872960090637,0.8128333333333333,0.8108371467164642,0.5613284301250538,0.7940500124971918,3.1571938940819275,1.4941954016685486,0.011780915781855583
emnist_balanced,headwise_adaptive_entmax,6,11,0.551720917224884,0.8151666666666667,0.8155293237909773,0.5580866267072394,0.783720259970807,3.1352917133493627,1.494272768497467,0.012721126433461905
emnist_balanced,headwise_adaptive_entmax,6,12,0.5284686088562012,0.8213333333333334,0.8191990931580669,0.5316584186351045,0.791614404384126,3.148003618767921,1.493496060371399,0.01234496757388115
emnist_balanced,headwise_adaptive_entmax,6,13,0.5115800499916077,0.8245833333333333,0.8226729465087211,0.5283423668526589,0.7916176008417252,3.1427151446646833,1.4927922487258911,0.012884633848443627
emnist_balanced,headwise_adaptive_entmax,6,14,0.4940207302570343,0.8295,0.8267283984271637,0.508811539792,0.787831648867181,3.130208078851091,1.4924330711364746,0.013075913302600384
emnist_balanced,headwise_adaptive_entmax,6,15,0.4800010323524475,0.8301666666666667,0.8288793686200003,0.513122837594215,0.7903785629475371,3.1322501136901533,1.492055594921112,0.013611419592052698
emnist_balanced,headwise_adaptive_entmax,6,16,0.46829089522361755,0.8279166666666666,0.8264530813242666,0.5179711707094883,0.7892870820583181,3.1268316532703158,1.4913888573646545,0.013434350956231356
emnist_balanced,headwise_adaptive_entmax,6,17,0.45771974325180054,0.8344166666666667,0.8337906431997376,0.4886693922763175,0.7863378924258212,3.1179746085024895,1.490734875202179,0.013821873813867569
emnist_balanced,headwise_adaptive_entmax,6,18,0.442569762468338,0.8401666666666666,0.8386306711385848,0.47634830246580406,0.7820752903502038,3.098636561251701,1.4904106855392456,0.014163313200697303
emnist_balanced,headwise_adaptive_entmax,6,19,0.44105085730552673,0.8351666666666666,0.8344757234934589,0.48292505550891796,0.7794253737368482,3.086307236488829,1.4896605610847473,0.0141978207975626
emnist_balanced,headwise_adaptive_entmax,6,20,0.4238938093185425,0.84325,0.8415109419803899,0.4775504799599343,0.7849829051088779,3.107206342068124,1.4886068105697632,0.014407657086849213
emnist_balanced,headwise_adaptive_entmax,6,21,0.41758954524993896,0.8400833333333333,0.8381011868624061,0.4820673218432893,0.7779438698545416,3.08776161264866,1.4882739782333374,0.014877406414598227
emnist_balanced,headwise_adaptive_entmax,6,22,0.4048613905906677,0.84175,0.8403344550176775,0.47565501611283484,0.7806908038068325,3.086974833873992,1.4873039722442627,0.01496481942012906
emnist_balanced,headwise_adaptive_entmax,6,23,0.4022226333618164,0.8449166666666666,0.8432640223254078,0.46894478544275814,0.7803273340489002,3.088643175490359,1.4872350692749023,0.01512950356118381
emnist_balanced,headwise_adaptive_entmax,6,24,0.3929164409637451,0.844,0.8421422448758954,0.47257872464809014,0.7794179852972639,3.0811734351705997,1.4863480925559998,0.015427380334585905
emnist_balanced,headwise_adaptive_entmax,6,25,0.3892548978328705,0.8440833333333333,0.8436497600543926,0.4703083761194919,0.7763236691343024,3.0801090027423617,1.485989511013031,0.015779223991557956
emnist_balanced,headwise_adaptive_entmax,6,26,0.3831711411476135,0.8436666666666667,0.8425636741275112,0.47118908166885376,0.7813618601636684,3.09059987169631,1.4849026203155518,0.015840640058740973
emnist_balanced,headwise_adaptive_entmax,6,27,0.3792749345302582,0.8494166666666667,0.8482830098061936,0.45977198316695844,0.7702269148319325,3.065369443690523,1.4845398664474487,0.015973712783306837
emnist_balanced,headwise_adaptive_entmax,6,28,0.3736990690231323,0.84525,0.8440024479680232,0.46324598979442677,0.775175615828088,3.0700238207553294,1.4841873049736023,0.016340623144060373
emnist_balanced,headwise_adaptive_entmax,6,29,0.36632290482521057,0.84725,0.8467719327456957,0.46608926387543376,0.7713612039038475,3.061272395418045,1.4833003282546997,0.016027882462367415
emnist_balanced,headwise_adaptive_entmax,7,0,3.065883159637451,0.3308333333333333,0.3028557635719595,2.239596808210332,0.8089152783789533,3.2485254622520285,1.499281883239746,0.004961125028785318
emnist_balanced,headwise_adaptive_entmax,7,1,1.95102858543396,0.5198333333333334,0.5090100507764872,1.58902260597716,0.8599653675201091,3.3885445138241383,1.4967764019966125,0.006941920262761414
emnist_balanced,headwise_adaptive_entmax,7,2,1.491024374961853,0.5938333333333333,0.5871891540888742,1.335609032752666,0.8756530976041834,3.410405115878328,1.4970749020576477,0.008135650306940079
emnist_balanced,headwise_adaptive_entmax,7,3,1.1838957071304321,0.6874166666666667,0.6828767853840753,1.003798636984318,0.8668947422758062,3.3816039156406483,1.4967262744903564,0.0091862753033638
emnist_balanced,headwise_adaptive_entmax,7,4,0.9846367239952087,0.72725,0.7218349849132801,0.8651297092437744,0.8568405344131145,3.3508869992925767,1.495911717414856,0.010316502070054412
emnist_balanced,headwise_adaptive_entmax,7,5,0.8646714091300964,0.75525,0.7488155877956789,0.7657812427967152,0.8527169462214125,3.325230991586726,1.4953084588050842,0.010840059723705053
emnist_balanced,headwise_adaptive_entmax,7,6,0.772952675819397,0.77075,0.7678426993531594,0.7082476882224388,0.844569336226646,3.2957542525961045,1.4944310784339905,0.011424717027693987
emnist_balanced,headwise_adaptive_entmax,7,7,0.7251878976821899,0.7771666666666667,0.7733230734081084,0.6730984424022918,0.8387007034839468,3.2736700468874993,1.49393892288208,0.011813776334747672
emnist_balanced,headwise_adaptive_entmax,7,8,0.6749466061592102,0.792,0.7899971057390046,0.625124788030665,0.8313897118923512,3.253233993307073,1.4933610558509827,0.012561618583276868
emnist_balanced,headwise_adaptive_entmax,7,9,0.6329923272132874,0.8015,0.7972492674959685,0.5909763847259765,0.8334815616303302,3.2489516557531153,1.4925511479377747,0.012799301650375128
emnist_balanced,headwise_adaptive_entmax,7,10,0.600645124912262,0.8088333333333333,0.8070859442470318,0.565581239918445,0.8272353892630719,3.2291718442389308,1.491689920425415,0.013011316303163767
emnist_balanced,headwise_adaptive_entmax,7,11,0.5658414959907532,0.818,0.8152433207489083,0.5494627369211075,0.825292041327091,3.2198226654783206,1.4909616708755493,0.013313267845660448
emnist_balanced,headwise_adaptive_entmax,7,12,0.5501088500022888,0.8161666666666667,0.8137358294450519,0.5531554165038657,0.8198264608991906,3.1916123070615403,1.4900925159454346,0.013268280308693647
emnist_balanced,headwise_adaptive_entmax,7,13,0.5292145013809204,0.82275,0.8209270085041805,0.5334955447531761,0.8189009909934186,3.194269981790096,1.4892525672912598,0.01306612603366375
emnist_balanced,headwise_adaptive_entmax,7,14,0.5125265121459961,0.8225,0.8201570786195007,0.5230784492289766,0.8099318184751145,3.167315016401575,1.4886947274208069,0.013352555688470602
emnist_balanced,headwise_adaptive_entmax,7,15,0.49587589502334595,0.8329166666666666,0.8303817337738135,0.49924004902230934,0.814661554199584,3.167571572547263,1.4880765676498413,0.012872324790805578
emnist_balanced,headwise_adaptive_entmax,7,16,0.48640748858451843,0.8325,0.8294646417197635,0.5113017603437952,0.8090503329926348,3.1486363131949244,1.4876171946525574,0.013353131245821714
emnist_balanced,headwise_adaptive_entmax,7,17,0.4644753634929657,0.8366666666666667,0.8343313809295586,0.4874554656921549,0.8070196369861035,3.145698778172757,1.4868838787078857,0.013421498704701662
emnist_balanced,headwise_adaptive_entmax,7,18,0.45669928193092346,0.8405,0.8392169049108811,0.4781729217539442,0.7999441655392342,3.132310765854856,1.4862061738967896,0.013716916553676128
emnist_balanced,headwise_adaptive_entmax,7,19,0.4455733597278595,0.8351666666666666,0.8331790378326802,0.4879914255852395,0.7972894203155598,3.1182305711380978,1.4857193231582642,0.013688066974282265
emnist_balanced,headwise_adaptive_entmax,7,20,0.4405527710914612,0.83975,0.8379066180947795,0.4815531036955245,0.7997177940733889,3.125234172699299,1.4848145246505737,0.014265507459640503
emnist_balanced,headwise_adaptive_entmax,7,21,0.42620617151260376,0.8434166666666667,0.8418919693585388,0.46767928879311743,0.8028097958006757,3.1262386403185256,1.4841582775115967,0.01399377966299653
emnist_balanced,headwise_adaptive_entmax,7,22,0.41785958409309387,0.8440833333333333,0.8432077629623292,0.461569127250225,0.8053962715128635,3.1267068309986845,1.483293890953064,0.014087510760873556
emnist_balanced,headwise_adaptive_entmax,7,23,0.41443774104118347,0.84675,0.8450900881882136,0.4631531498533614,0.8002422832428141,3.117077279598155,1.4826080203056335,0.014304178301244974
emnist_balanced,headwise_adaptive_entmax,7,24,0.4009850025177002,0.8476666666666667,0.8457252150771235,0.4664069331706838,0.8000084611963718,3.1174646311617913,1.4817851781845093,0.013907468877732754
emnist_balanced,headwise_adaptive_entmax,7,25,0.3949134051799774,0.8476666666666667,0.8452609615226375,0.4550576901182215,0.7912645523852491,3.08957335796762,1.4813349843025208,0.013542793691158295
emnist_balanced,headwise_adaptive_entmax,7,26,0.3895091414451599,0.85075,0.8476692416384117,0.45404048993232404,0.7929063895915417,3.0954245404994234,1.480370581150055,0.01352338120341301
emnist_balanced,headwise_adaptive_entmax,7,27,0.38397231698036194,0.852,0.8501640774972975,0.44949248813568277,0.7933232727202963,3.0988876413791737,1.4795004725456238,0.013334289193153381
emnist_balanced,headwise_adaptive_entmax,7,28,0.3830500841140747,0.84575,0.8432847938086836,0.4643092117411025,0.7855177933865405,3.078420725274593,1.478989064693451,0.013522691559046507
emnist_balanced,headwise_adaptive_entmax,7,29,0.37241870164871216,0.8521666666666666,0.8505687482660358,0.4499393695212425,0.7872699987381062,3.082438052968776,1.4775501489639282,0.013352238573133945
emnist_balanced,headwise_adaptive_entmax,8,0,3.108677625656128,0.354,0.3273106317933721,2.1921833576040064,0.8453139865652044,3.360614243974077,1.5016337037086487,0.0028288383036851883
emnist_balanced,headwise_adaptive_entmax,8,1,1.871860146522522,0.5405,0.529251112115123,1.52045320957265,0.8517659065571237,3.373210069981027,1.4991658926010132,0.0022564471000805497
emnist_balanced,headwise_adaptive_entmax,8,2,1.3642520904541016,0.6404166666666666,0.6322059928589476,1.1656123057324836,0.8542904169001477,3.3616803884506226,1.4982737302780151,0.0033593836706131697
emnist_balanced,headwise_adaptive_entmax,8,3,1.1107529401779175,0.7035,0.6990954298196694,0.9446373569204453,0.8385940314607417,3.329811679556015,1.4977900981903076,0.004453033325262368
emnist_balanced,headwise_adaptive_entmax,8,4,0.944344162940979,0.7425833333333334,0.7368500755902698,0.8023231879193732,0.8328368486242091,3.316646865073671,1.4977161884307861,0.004805809701792896
emnist_balanced,headwise_adaptive_entmax,8,5,0.8372176885604858,0.7686666666666667,0.7639735197916736,0.7181576782084526,0.8219813387444679,3.286697382622577,1.4973978400230408,0.005294784321449697
emnist_balanced,headwise_adaptive_entmax,8,6,0.7567861080169678,0.7858333333333334,0.7821730488187598,0.6515356581261817,0.8239146432978042,3.2881278332243573,1.4971812963485718,0.00577282824087888
emnist_balanced,headwise_adaptive_entmax,8,7,0.7036368250846863,0.7949166666666667,0.7900693665569551,0.6200235942576794,0.823254072919805,3.284137484875131,1.4966601729393005,0.006267680204473436
emnist_balanced,headwise_adaptive_entmax,8,8,0.6540865898132324,0.8040833333333334,0.7978850505966675,0.584066465179971,0.8114062344774287,3.2483257537192487,1.4964709877967834,0.0063246015924960375
emnist_balanced,headwise_adaptive_entmax,8,9,0.6187555193901062,0.8154166666666667,0.8126868944748492,0.5566754550375836,0.8090854667602702,3.2338658774152713,1.4958885312080383,0.006794902379624546
emnist_balanced,headwise_adaptive_entmax,8,10,0.5823601484298706,0.813,0.8110580335137181,0.5552379577717883,0.8077046991662776,3.2254260245789874,1.4953993558883667,0.0070769371232017875
emnist_balanced,headwise_adaptive_entmax,8,11,0.5622898936271667,0.8214166666666667,0.8181430333869105,0.5213097999704644,0.8029947547202415,3.2116313107470247,1.49505615234375,0.007312597706913948
emnist_balanced,headwise_adaptive_entmax,8,12,0.5448207855224609,0.8229166666666666,0.8192287012802311,0.5302564527126069,0.8009380133862191,3.199410154464397,1.4943308234214783,0.007531442912295461
emnist_balanced,headwise_adaptive_entmax,8,13,0.5242840051651001,0.8323333333333334,0.8294129026191424,0.4966461740909739,0.7958715107846768,3.182268218791231,1.4942022562026978,0.007431949721649289
emnist_balanced,headwise_adaptive_entmax,8,14,0.5089506506919861,0.836,0.8346429849896199,0.49254083570013657,0.7885222549134112,3.1591134451805276,1.4943633675575256,0.007532036630436778
emnist_balanced,headwise_adaptive_entmax,8,15,0.4875211715698242,0.8376666666666667,0.8365716162734467,0.4802289560754248,0.7897467365924348,3.1515300045622157,1.4940634965896606,0.008029264165088534
emnist_balanced,headwise_adaptive_entmax,8,16,0.48171189427375793,0.838,0.8347063286446886,0.4824089464989114,0.7828262537083728,3.1417027382140463,1.4934458136558533,0.007753378478810191
emnist_balanced,headwise_adaptive_entmax,8,17,0.4642401337623596,0.8414166666666667,0.8380974327478687,0.4661019412761039,0.780873715877533,3.1311513616683637,1.4930365681648254,0.008109879214316607
emnist_balanced,headwise_adaptive_entmax,8,18,0.4579937160015106,0.8413333333333334,0.8395182027348155,0.46042769830277624,0.778715117814693,3.1221230207605566,1.4928909540176392,0.008352176984772086
emnist_balanced,headwise_adaptive_entmax,8,19,0.4487251341342926,0.8435,0.8400396744713539,0.4718486444747194,0.774938315153122,3.1034506102825734,1.4930055737495422,0.008052789838984609
emnist_balanced,headwise_adaptive_entmax,8,20,0.4416310489177704,0.84875,0.8467273724345662,0.4463630623005806,0.7863520719903581,3.1321857305283243,1.492040991783142,0.008089100010693073
emnist_balanced,headwise_adaptive_entmax,8,21,0.43291252851486206,0.8454166666666667,0.8446235065216343,0.4512367584603898,0.7821868277610616,3.1173037366664156,1.4916464686393738,0.008233088999986649
emnist_balanced,headwise_adaptive_entmax,8,22,0.4200774133205414,0.85,0.8475456359404802,0.44404566097766796,0.7755884109659398,3.1064287550905916,1.4913381934165955,0.008149530040100217
emnist_balanced,headwise_adaptive_entmax,8,23,0.4142088294029236,0.8515,0.8503857977292569,0.438013179505125,0.7669245822632567,3.0764938263182944,1.4908145666122437,0.00838684244081378
emnist_balanced,headwise_adaptive_entmax,8,24,0.40575167536735535,0.8500833333333333,0.8469948235005095,0.44579278217985274,0.7686752214076671,3.0821365447754556,1.4902321696281433,0.00824968796223402
emnist_balanced,headwise_adaptive_entmax,8,25,0.4024541676044464,0.8508333333333333,0.8485856300994106,0.4452679284075473,0.7729307241896366,3.0972932222041676,1.4898293018341064,0.008648169925436378
emnist_balanced,headwise_adaptive_entmax,8,26,0.39748433232307434,0.8484166666666667,0.8465018122838358,0.4430586600557287,0.7686398321009696,3.0830821103238044,1.4893943071365356,0.008856098167598248
emnist_balanced,headwise_adaptive_entmax,8,27,0.3846326172351837,0.8556666666666667,0.852810840054289,0.4338441421376898,0.7775275257039578,3.095986632590598,1.488688349723816,0.00868771388195455
emnist_balanced,headwise_adaptive_entmax,8,28,0.3855627179145813,0.85525,0.8536444255742537,0.4309859510431898,0.7795466457275634,3.1020678104238306,1.4880089163780212,0.00917945965193212
emnist_balanced,headwise_adaptive_entmax,8,29,0.37682461738586426,0.8473333333333334,0.8444348961187579,0.4508901631578486,0.7846257547114758,3.1051620295707214,1.4869456887245178,0.009274247800931334
emnist_balanced,headwise_adaptive_entmax,9,0,3.0278217792510986,0.33358333333333334,0.31195420906634835,2.204641007362528,0.7875003085491505,3.2307425788108337,1.4993990063667297,0.0028502141358330846
emnist_balanced,headwise_adaptive_entmax,9,1,1.8285017013549805,0.564,0.5490166862086602,1.435997151313944,0.8156435312108791,3.3029880041771746,1.4969078302383423,0.004889628384262323
emnist_balanced,headwise_adaptive_entmax,9,2,1.2888294458389282,0.6525833333333333,0.6467290042655618,1.099939819346083,0.8222832197838641,3.3051973784223514,1.497033178806305,0.006093367235735059
emnist_balanced,headwise_adaptive_entmax,9,3,1.0261985063552856,0.7074166666666667,0.6982234279516913,0.9140712162281605,0.8108173659507264,3.27118089604885,1.4976184368133545,0.006593257421627641
emnist_balanced,headwise_adaptive_entmax,9,4,0.8628507256507874,0.7390833333333333,0.7328080686386585,0.805271659759765,0.7941307786931383,3.2232349350097333,1.4980220794677734,0.006644718581810594
emnist_balanced,headwise_adaptive_entmax,9,5,0.7610996961593628,0.7653333333333333,0.7620367038784582,0.7162443944748412,0.7875042944512469,3.196697861590284,1.4981344938278198,0.006739966571331024
emnist_balanced,headwise_adaptive_entmax,9,6,0.6835309863090515,0.7838333333333334,0.7809418331660587,0.6595674537597819,0.7852700276577727,3.1824771571666637,1.4978538751602173,0.007259445730596781
emnist_balanced,headwise_adaptive_entmax,9,7,0.6345150470733643,0.7976666666666666,0.7950718934709077,0.6131395469320581,0.7809706704413637,3.17710054935293,1.4975360035896301,0.007196289952844381
emnist_balanced,headwise_adaptive_entmax,9,8,0.5952081084251404,0.8115,0.8093935257349324,0.5658597033074562,0.7805577548260384,3.1644127850836896,1.4970203638076782,0.007172188721597195
emnist_balanced,headwise_adaptive_entmax,9,9,0.5638809204101562,0.8106666666666666,0.8093415945146881,0.5677523568589636,0.7877414790873832,3.171744884328639,1.496607482433319,0.007421799935400486
emnist_balanced,headwise_adaptive_entmax,9,10,0.5329107046127319,0.8249166666666666,0.8232552755621046,0.5262035530932406,0.775167797474151,3.1391525319282043,1.4960014820098877,0.00776279391720891
emnist_balanced,headwise_adaptive_entmax,9,11,0.5145576596260071,0.8250833333333333,0.8239382338106385,0.5206247200357154,0.776981568716942,3.147647038419196,1.4957143664360046,0.007860754383727908
emnist_balanced,headwise_adaptive_entmax,9,12,0.49890658259391785,0.82575,0.8244297884139367,0.5214037140633198,0.7777373308831073,3.138804552402902,1.4952458143234253,0.008004933362826705
emnist_balanced,headwise_adaptive_entmax,9,13,0.48102641105651855,0.8265,0.8241235298167097,0.5082158737994255,0.7777835010214055,3.1389852559312863,1.494867980480194,0.007911279564723372
emnist_balanced,headwise_adaptive_entmax,9,14,0.4627569615840912,0.8295833333333333,0.8271994161111756,0.502934640392344,0.7641300330770776,3.1079326081783214,1.4944442510604858,0.007915131049230695
emnist_balanced,headwise_adaptive_entmax,9,15,0.45563676953315735,0.8308333333333333,0.8286491742705407,0.5080380496826578,0.7627247001262422,3.1011844619791558,1.493979275226593,0.00771060842089355
emnist_balanced,headwise_adaptive_entmax,9,16,0.443524569272995,0.8361666666666666,0.8343068253346356,0.4833483810120441,0.7634758283483222,3.0970333180529006,1.4934507012367249,0.007885299390181899
emnist_balanced,headwise_adaptive_entmax,9,17,0.43227335810661316,0.83325,0.8311516726919328,0.48649239223054114,0.7653096438722408,3.1014940383586476,1.4930447340011597,0.0075836279429495335
emnist_balanced,headwise_adaptive_entmax,9,18,0.4197957217693329,0.83925,0.8375367118747242,0.4717696727590358,0.7613154155142764,3.096877483611411,1.4924607276916504,0.00743275391869247
emnist_balanced,headwise_adaptive_entmax,9,19,0.4080072343349457,0.8385,0.836928234280761,0.4764669696067242,0.7561714135585947,3.0768815355097994,1.49223130941391,0.007291924441233277
emnist_balanced,headwise_adaptive_entmax,9,20,0.40639322996139526,0.84275,0.8423930126645285,0.47249550451623634,0.7607676500969744,3.088052584769878,1.4916481971740723,0.007250573486089706
emnist_balanced,headwise_adaptive_entmax,9,21,0.3968863785266876,0.8414166666666667,0.839501828468795,0.4854447898712564,0.7564492054442142,3.072281522953764,1.4913756251335144,0.006875849096104503
emnist_balanced,headwise_adaptive_entmax,9,22,0.3906019330024719,0.8368333333333333,0.8338668295038462,0.49029300821588395,0.757851668494813,3.084163855999074,1.4907779097557068,0.006852503167465329
emnist_balanced,headwise_adaptive_entmax,9,23,0.3836226761341095,0.8470833333333333,0.8460598815153818,0.4638255111714627,0.7511847025536477,3.0542153348314,1.4903854727745056,0.006927089998498559
emnist_balanced,headwise_adaptive_entmax,9,24,0.380438894033432,0.8494166666666667,0.8481546310647023,0.45076507773805174,0.7457802435185047,3.0551493370786624,1.4897189140319824,0.0068770600482821465
emnist_balanced,headwise_adaptive_entmax,9,25,0.3693241775035858,0.8468333333333333,0.845108862342207,0.46198685689175384,0.7472072497327277,3.0550178923505418,1.4895376563072205,0.007116379681974649
emnist_balanced,headwise_adaptive_entmax,9,26,0.36668896675109863,0.8459166666666667,0.8443822824613071,0.46764693742102764,0.7467584768508343,3.0518119969266526,1.4889008402824402,0.007419469067826867
emnist_balanced,headwise_adaptive_entmax,9,27,0.36084815859794617,0.8510833333333333,0.8485193910561009,0.452806699783244,0.7422976068993832,3.0430829195266074,1.4882198572158813,0.007239001337438822
emnist_balanced,headwise_adaptive_entmax,9,28,0.3505655527114868,0.8465,0.8442011598527271,0.4610428378937092,0.7492416805409371,3.0528179305665035,1.4873090386390686,0.007265060441568494
emnist_balanced,headwise_adaptive_entmax,9,29,0.3501041531562805,0.84775,0.8459495908918041,0.46079549890883426,0.7402300156177358,3.034689535485937,1.4866220951080322,0.007089310325682163
