dataset,method,seed,epoch,train_loss,val_accuracy,val_macro_f1,val_loss,attention_density,attention_entropy,alpha_mean,alpha_std
emnist_digits,softmax,0,0,1.3891891241073608,0.8086666666666666,0.8069192043640252,0.5816956339998448,1.0,3.795510743526702,nan,nan
emnist_digits,softmax,0,1,0.4013342559337616,0.9199166666666667,0.9191387796543221,0.2566212862730026,1.0,3.7913583339528834,nan,nan
emnist_digits,softmax,0,2,0.2368086278438568,0.9413333333333334,0.9410457227412075,0.1861028717236316,1.0,3.790025442204577,nan,nan
emnist_digits,softmax,0,3,0.1697714775800705,0.9563333333333334,0.9562055640910551,0.13798541575670242,1.0,3.7806117458546415,nan,nan
emnist_digits,softmax,0,4,0.14431895315647125,0.9621666666666666,0.9620812948911551,0.12067679157282443,1.0,3.767632981564136,nan,nan
emnist_digits,softmax,0,5,0.12279938906431198,0.9644166666666667,0.9644510376859345,0.1135281596253527,1.0,3.764098588456499,nan,nan
emnist_digits,softmax,0,6,0.10777601599693298,0.96775,0.9677014817981927,0.102988184687305,1.0,3.7515915251792746,nan,nan
emnist_digits,softmax,0,7,0.09834521263837814,0.9730833333333333,0.9729543429748816,0.08574079048443348,1.0,3.74685955554881,nan,nan
emnist_digits,softmax,0,8,0.08830084651708603,0.9738333333333333,0.9737421976358999,0.08211067398177817,1.0,3.7453698579301227,nan,nan
emnist_digits,softmax,0,9,0.08302357792854309,0.9698333333333333,0.9697480628320218,0.09887966093547801,1.0,3.7214979161607458,nan,nan
emnist_digits,softmax,0,10,0.0753486379981041,0.9758333333333333,0.975828324539239,0.07748103197267715,1.0,3.7291755245086993,nan,nan
emnist_digits,softmax,0,11,0.0747525691986084,0.9748333333333333,0.974818172387323,0.07916392687153309,1.0,3.712764027270865,nan,nan
emnist_digits,softmax,0,12,0.06629714369773865,0.9769166666666667,0.9768383040271221,0.07404443843567625,1.0,3.707292653144674,nan,nan
emnist_digits,softmax,0,13,0.058677468448877335,0.9685,0.9686248886230286,0.102750606121535,1.0,3.694225564916083,nan,nan
emnist_digits,softmax,0,14,0.05933951959013939,0.9768333333333333,0.9767865042333856,0.07329941025756775,1.0,3.718658865766322,nan,nan
emnist_digits,softmax,0,15,0.05490987002849579,0.9775833333333334,0.9775494103696107,0.07308792073200358,1.0,3.695697292368463,nan,nan
emnist_digits,softmax,0,16,0.053868453949689865,0.9808333333333333,0.980762283423364,0.06381824317368422,1.0,3.7054918268893626,nan,nan
emnist_digits,softmax,0,17,0.051042575389146805,0.9808333333333333,0.9807370486160805,0.06386174634099007,0.9999999733681374,3.712258605246848,nan,nan
emnist_digits,softmax,0,18,0.049859315156936646,0.9803333333333333,0.9802494723655316,0.07188124031304045,0.9999999911227124,3.7121004804651787,nan,nan
emnist_digits,softmax,0,19,0.04587366431951523,0.9804166666666667,0.9803460130075248,0.06358328881732961,0.9999999911227124,3.7028781200977083,nan,nan
emnist_digits,softmax,0,20,0.04552708566188812,0.9786666666666667,0.9785816397926637,0.07142618318345953,0.9999998991793775,3.686470924539769,nan,nan
emnist_digits,softmax,0,21,0.04138621687889099,0.981,0.9809164438745089,0.06645681257260606,0.9999998503542961,3.6872041580524852,nan,nan
emnist_digits,softmax,0,22,0.03985653817653656,0.9809166666666667,0.9808619426392715,0.06872270394988517,0.9999999955613562,3.6793251798508013,nan,nan
emnist_digits,softmax,0,23,0.03870145231485367,0.9828333333333333,0.9827615158841188,0.06012224102828731,0.9999999955613562,3.651567608752149,nan,nan
emnist_digits,softmax,0,24,0.03985045105218887,0.9816666666666667,0.9816329551086248,0.06251440389438513,0.999999982245425,3.6347499071283544,nan,nan
emnist_digits,softmax,0,25,0.038245104253292084,0.98225,0.9822074814903443,0.0612280121509065,0.9999999651249419,3.659801166108314,nan,nan
emnist_digits,softmax,0,26,0.03534238412976265,0.9816666666666667,0.9816115424117668,0.06360700603653775,0.9999996981722243,3.6750673233194555,nan,nan
emnist_digits,softmax,0,27,0.03204122185707092,0.98125,0.9812125550137241,0.06779059931199918,0.9999998129428701,3.6687569339224635,nan,nan
emnist_digits,softmax,0,28,0.033195216208696365,0.9818333333333333,0.9817799738809286,0.06259609172318845,0.9999998681088711,3.6611062237556946,nan,nan
emnist_digits,softmax,1,0,1.3733909130096436,0.8220833333333334,0.8226235786498263,0.5356344428468258,1.0,3.6770230176601,nan,nan
emnist_digits,softmax,1,1,0.4126429855823517,0.9235,0.9236734216580051,0.2534461522355993,1.0,3.7021194797881107,nan,nan
emnist_digits,softmax,1,2,0.2534838616847992,0.94525,0.9452833866323438,0.1816198564273246,1.0,3.697564203688439,nan,nan
emnist_digits,softmax,1,3,0.19461536407470703,0.9525833333333333,0.9527098160222722,0.14853407870581808,1.0,3.6933404334048006,nan,nan
emnist_digits,softmax,1,4,0.1563270092010498,0.9634166666666667,0.9634418031992074,0.12400149601571103,1.0,3.698793946428502,nan,nan
emnist_digits,softmax,1,5,0.1401798576116562,0.9674166666666667,0.9673988165418118,0.10773644675599768,1.0,3.6752702200666385,nan,nan
emnist_digits,softmax,1,6,0.12078852206468582,0.9615,0.9614723927614095,0.12822618335485458,1.0,3.6676589402746647,nan,nan
emnist_digits,softmax,1,7,0.11148303002119064,0.9704166666666667,0.9703942933006202,0.0910761908806385,1.0,3.6663210670998754,nan,nan
emnist_digits,softmax,1,8,0.0978638157248497,0.97425,0.9742399447560979,0.08367640354690399,1.0,3.6535331163000553,nan,nan
emnist_digits,softmax,1,9,0.09191463142633438,0.97525,0.9752419418285021,0.0793862825933289,1.0,3.6591180841973485,nan,nan
emnist_digits,softmax,1,10,0.08663207292556763,0.9755833333333334,0.9756058198141071,0.07773476989662394,1.0,3.6309558279970857,nan,nan
emnist_digits,softmax,1,11,0.07800097018480301,0.9753333333333334,0.9753436636365771,0.07995690480667225,1.0,3.6417551979105522,nan,nan
emnist_digits,softmax,1,12,0.07460605353116989,0.9780833333333333,0.978047368450329,0.0721229799091816,0.9999999955613562,3.630100501344559,nan,nan
emnist_digits,softmax,1,13,0.07318276911973953,0.9768333333333333,0.9768278157578043,0.07220748336391246,0.9999999600522061,3.601309225914326,nan,nan
emnist_digits,softmax,1,14,0.06565334647893906,0.9765833333333334,0.9765077219348657,0.07406868238715415,0.9999999778067812,3.6122373748332897,nan,nan
emnist_digits,softmax,1,15,0.0619988776743412,0.97675,0.9766707323419823,0.07665775470594142,0.9999999245430561,3.600580849546067,nan,nan
emnist_digits,softmax,1,16,0.062191784381866455,0.98075,0.9807515157130353,0.06348683879254981,0.9999998579633996,3.6008615848865917,nan,nan
emnist_digits,softmax,1,17,0.058547865599393845,0.979,0.9789768275853421,0.06561361748645915,0.9999999467362749,3.586657907100434,nan,nan
emnist_digits,softmax,1,18,0.05346454679965973,0.9799166666666667,0.9799040524051058,0.06522432429359314,0.9999998979111935,3.581014869060922,nan,nan
emnist_digits,softmax,1,19,0.05167470872402191,0.9798333333333333,0.9798251713405571,0.0668600137404939,0.999999833233813,3.5598743672066546,nan,nan
emnist_digits,softmax,1,20,0.05153832212090492,0.9791666666666666,0.979219673498755,0.07016482866032327,0.9999999955613562,3.5451570952192264,nan,nan
emnist_digits,softmax,1,21,0.048814497888088226,0.9838333333333333,0.9838281178539761,0.05233914405107498,0.999999982245425,3.5450455280060464,nan,nan
emnist_digits,softmax,1,22,0.05029545724391937,0.9811666666666666,0.9811828759347305,0.05862679185860969,0.9999999955613562,3.5395378153374852,nan,nan
emnist_digits,softmax,1,23,0.047260452061891556,0.98325,0.9832646164029443,0.055115793930723314,1.0,3.5492219214743757,nan,nan
emnist_digits,softmax,1,24,0.041147224605083466,0.9843333333333333,0.9843452231647125,0.05227920898493934,0.9999999955613562,3.5578932736782316,nan,nan
emnist_digits,softmax,1,25,0.03977663815021515,0.9836666666666667,0.9836826123262299,0.05450348357887978,1.0,3.535802792995534,nan,nan
emnist_digits,softmax,1,26,0.03759829327464104,0.985,0.9849926078720006,0.04795663819668141,1.0,3.532363508610015,nan,nan
emnist_digits,softmax,1,27,0.037110067903995514,0.9815833333333334,0.9815677629475955,0.06360814280490926,1.0,3.5361095387884913,nan,nan
emnist_digits,softmax,1,28,0.03822857514023781,0.98325,0.983253042448131,0.053262262268269314,1.0,3.551957980115363,nan,nan
emnist_digits,softmax,1,29,0.0358719639480114,0.986,0.9859975837049028,0.04666826511396373,1.0,3.551588017889794,nan,nan
emnist_digits,softmax,2,0,1.4170969724655151,0.8163333333333334,0.8155358583029333,0.5441017556697765,1.0,3.6999484275249723,nan,nan
emnist_digits,softmax,2,1,0.4080723226070404,0.9190833333333334,0.9185257418852434,0.2652364306627436,1.0,3.7457760876797614,nan,nan
emnist_digits,softmax,2,2,0.23706881701946259,0.9473333333333334,0.9471949150211204,0.16954886120684604,1.0,3.733206518152927,nan,nan
emnist_digits,softmax,2,3,0.18054409325122833,0.95725,0.9571604865938014,0.14007811486086946,1.0,3.7357321850796965,nan,nan
emnist_digits,softmax,2,4,0.1418999284505844,0.9666666666666667,0.966580693148934,0.10928930762283345,1.0,3.7207346089342805,nan,nan
emnist_digits,softmax,2,5,0.12197514623403549,0.9680833333333333,0.9679823364937002,0.10159132463183809,1.0,3.731817953130032,nan,nan
emnist_digits,softmax,2,6,0.10949547588825226,0.9664166666666667,0.9663161286273292,0.10973586110358542,1.0,3.7186241834721665,nan,nan
emnist_digits,softmax,2,7,0.10117997974157333,0.9695,0.9693390971186574,0.10294822936362409,1.0,3.729668898785368,nan,nan
emnist_digits,softmax,2,8,0.08900861442089081,0.9744166666666667,0.9743467613362355,0.08434325028607186,1.0,3.7243754838375334,nan,nan
emnist_digits,softmax,2,9,0.0823449194431305,0.9795833333333334,0.9795134628753596,0.06954919574584098,1.0,3.711529353831677,nan,nan
emnist_digits,softmax,2,10,0.07346584647893906,0.9760833333333333,0.9760294986128502,0.0812161959549214,1.0,3.7177361630378885,nan,nan
emnist_digits,softmax,2,11,0.07067151367664337,0.97675,0.9767546755534671,0.07604079007943894,1.0,3.708693935516033,nan,nan
emnist_digits,softmax,2,12,0.06717980653047562,0.9810833333333333,0.9810725334072247,0.06382690486993561,1.0,3.720199691488388,nan,nan
emnist_digits,softmax,2,13,0.06389384716749191,0.9813333333333333,0.9813244687135262,0.0646827711941714,1.0,3.699491521145435,nan,nan
emnist_digits,softmax,2,14,0.05718585476279259,0.9790833333333333,0.9790816263683932,0.07070895106075926,1.0,3.696137768156985,nan,nan
emnist_digits,softmax,2,15,0.058547571301460266,0.9806666666666667,0.9806105479522251,0.06461163507180011,1.0,3.6940159848395813,nan,nan
emnist_digits,softmax,2,16,0.05724309757351875,0.9781666666666666,0.9781726307460609,0.072607944858201,1.0,3.686527008705951,nan,nan
emnist_digits,softmax,2,17,0.05065399408340454,0.9796666666666667,0.979609790004927,0.06770460430453433,1.0,3.68373426224323,nan,nan
emnist_digits,softmax,2,18,0.04857978597283363,0.9836666666666667,0.9836293638733045,0.05852663398106048,1.0,3.6700605889584157,nan,nan
emnist_digits,softmax,2,19,0.04470409080386162,0.98275,0.982723686933366,0.061428833951024296,1.0,3.6753822260714593,nan,nan
emnist_digits,softmax,2,20,0.041089773178100586,0.983,0.9829961387820438,0.05822470839670364,1.0,3.680569202341932,nan,nan
emnist_digits,softmax,2,21,0.04034377634525299,0.98325,0.9832006684800948,0.06507248009376704,1.0,3.6681787003862096,nan,nan
emnist_digits,softmax,2,22,0.043897759169340134,0.9834166666666667,0.9833860582595324,0.05564211750838985,1.0,3.6612208244648388,nan,nan
emnist_digits,softmax,2,23,0.03821076080203056,0.9844166666666667,0.984399495994672,0.059102357028329625,1.0,3.6627284922498338,nan,nan
emnist_digits,softmax,2,24,0.03671333193778992,0.9843333333333333,0.9842919454597714,0.053040443424214705,1.0,3.6682199112912444,nan,nan
emnist_digits,softmax,2,25,0.036379456520080566,0.9826666666666667,0.9826189182213149,0.06548104962294406,1.0,3.66577451026186,nan,nan
emnist_digits,softmax,2,26,0.032663993537425995,0.9844166666666667,0.9843738805436442,0.05310602187912198,1.0,3.6527410187619798,nan,nan
emnist_digits,softmax,2,27,0.03330504894256592,0.9868333333333333,0.9867928366423232,0.046910351934902214,1.0,3.6389042570235883,nan,nan
emnist_digits,softmax,2,28,0.03160696476697922,0.985,0.9849520670308246,0.052920065255478974,1.0,3.6363705878562116,nan,nan
emnist_digits,softmax,2,29,0.031682953238487244,0.9835833333333334,0.9835486592463027,0.05630051669605235,0.9999999778067812,3.631869970483983,nan,nan
emnist_digits,softmax,3,0,1.4198017120361328,0.79175,0.7949902711933788,0.6029318862773002,1.0,3.7423304877382644,nan,nan
emnist_digits,softmax,3,1,0.42346978187561035,0.9,0.9008283742230667,0.32135074316187107,1.0,3.755072702752783,nan,nan
emnist_digits,softmax,3,2,0.25032469630241394,0.9435,0.9434907914224839,0.18793593600709388,1.0,3.728199142090818,nan,nan
emnist_digits,softmax,3,3,0.19008715450763702,0.95575,0.9559871252432819,0.1454069843476123,1.0,3.710976742683573,nan,nan
emnist_digits,softmax,3,4,0.15564678609371185,0.9659166666666666,0.9660376740054133,0.11906772598307183,1.0,3.7055604863674083,nan,nan
emnist_digits,softmax,3,5,0.13220056891441345,0.9559166666666666,0.9560402665133958,0.1484813373932179,1.0,3.6942622839136328,nan,nan
emnist_digits,softmax,3,6,0.11947030574083328,0.9713333333333334,0.9714310160374057,0.09651692707012309,1.0,3.6858673273248876,nan,nan
emnist_digits,softmax,3,7,0.11030110716819763,0.9713333333333334,0.9714239155533273,0.09879390728917528,1.0,3.7002359324313225,nan,nan
emnist_digits,softmax,3,8,0.10158740729093552,0.9695,0.9694786297223794,0.09999724390341881,1.0,3.6648733641238924,nan,nan
emnist_digits,softmax,3,9,0.09182435274124146,0.97675,0.9768004458120488,0.07616920107381141,1.0,3.644465707718058,nan,nan
emnist_digits,softmax,3,10,0.0841619148850441,0.97275,0.9728345172352817,0.08606433606845268,1.0,3.671038493197015,nan,nan
emnist_digits,softmax,3,11,0.0803215503692627,0.9755833333333334,0.9756518240017797,0.0816958549412641,1.0,3.6699238432214614,nan,nan
emnist_digits,softmax,3,12,0.07355578988790512,0.977,0.9770296551288455,0.07527935288925754,1.0,3.652422253121721,nan,nan
emnist_digits,softmax,3,13,0.0686408057808876,0.9764166666666667,0.9765196266025684,0.08434358926767364,1.0,3.639792954668086,nan,nan
emnist_digits,softmax,3,14,0.06341994553804398,0.9775,0.9775444071963195,0.06947450383387982,1.0,3.646131804648866,nan,nan
emnist_digits,softmax,3,15,0.06478382647037506,0.9788333333333333,0.9788836331152421,0.07077290870724841,1.0,3.6350774714287293,nan,nan
emnist_digits,softmax,3,16,0.058740582317113876,0.97725,0.9773165344316734,0.07902502042657518,1.0,3.6390351183871004,nan,nan
emnist_digits,softmax,3,17,0.05768771097064018,0.9813333333333333,0.9814501619381175,0.061849998924484915,1.0,3.644461119428594,nan,nan
emnist_digits,softmax,3,18,0.05430014804005623,0.98025,0.9802869629939721,0.0655836615949235,1.0,3.627150961693297,nan,nan
emnist_digits,softmax,3,19,0.05040217936038971,0.98125,0.9813196507522045,0.06217593993951983,1.0,3.6049500855993717,nan,nan
emnist_digits,softmax,3,20,0.046177465468645096,0.9838333333333333,0.9838632330214716,0.057216092250607115,1.0,3.6044661719748317,nan,nan
emnist_digits,softmax,3,21,0.047386009246110916,0.98225,0.9823394994741834,0.05997688679936084,0.9999999778067812,3.622204859206017,nan,nan
emnist_digits,softmax,3,22,0.04455118998885155,0.98275,0.9827956107185788,0.06101124338369737,0.9999999911227124,3.6036996283429734,nan,nan
emnist_digits,softmax,3,23,0.043363772332668304,0.9829166666666667,0.9829815432072759,0.05756209074380867,0.9999999866840688,3.6188103924406336,nan,nan
emnist_digits,softmax,3,24,0.040613170713186264,0.9825,0.9825348019320087,0.06369112115947807,0.9999999866840688,3.616599090555881,nan,nan
emnist_digits,softmax,3,25,0.03657173365354538,0.98025,0.9802793957548126,0.07086428720504045,0.9999999156657685,3.616616226257162,nan,nan
emnist_digits,softmax,4,0,1.5512948036193848,0.7709166666666667,0.7705121283516497,0.680365724766508,1.0,3.8215292590729733,nan,nan
emnist_digits,softmax,4,1,0.4853754937648773,0.8650833333333333,0.864269542817626,0.4104243364739925,1.0,3.793015127486371,nan,nan
emnist_digits,softmax,4,2,0.29825225472450256,0.92375,0.9236482582035699,0.24014368399660638,1.0,3.794153908465771,nan,nan
emnist_digits,softmax,4,3,0.20738518238067627,0.94825,0.9479941724849018,0.1704715996029529,1.0,3.791614124115477,nan,nan
emnist_digits,softmax,4,4,0.16885627806186676,0.9536666666666667,0.9535032741193776,0.14915068447589874,1.0,3.78902460666413,nan,nan
emnist_digits,softmax,4,5,0.14422518014907837,0.9659166666666666,0.9658179197513718,0.1145597034470832,1.0,3.7833492654435177,nan,nan
emnist_digits,softmax,4,6,0.12295500189065933,0.9633333333333334,0.963294473430971,0.12164744853656342,1.0,3.77352183169507,nan,nan
emnist_digits,softmax,4,7,0.10555589944124222,0.9708333333333333,0.9707648641289474,0.09661593827161383,1.0,3.7631262870545084,nan,nan
emnist_digits,softmax,4,8,0.09537690132856369,0.97,0.9698810167799337,0.10042117329988073,1.0,3.750163740300118,nan,nan
emnist_digits,softmax,4,9,0.08764652162790298,0.9741666666666666,0.97408555390911,0.08674419592035577,1.0,3.7440867170374443,nan,nan
emnist_digits,softmax,4,10,0.08104969561100006,0.9684166666666667,0.9686700964554479,0.10369031480018129,1.0,3.7309967634525707,nan,nan
emnist_digits,softmax,4,11,0.07655689865350723,0.9773333333333334,0.9772729230516098,0.07612497961901604,1.0,3.737992289218497,nan,nan
emnist_digits,softmax,4,12,0.0712275579571724,0.9756666666666667,0.9756751778217347,0.08088047093057886,1.0,3.7269648009158196,nan,nan
emnist_digits,softmax,4,13,0.06421275436878204,0.9796666666666667,0.9796333033108201,0.07102804682514768,1.0,3.724570839963061,nan,nan
emnist_digits,softmax,4,14,0.060151297599077225,0.9819166666666667,0.9818541105330724,0.06368370045055734,1.0,3.7056056920518268,nan,nan
emnist_digits,softmax,4,15,0.055186524987220764,0.97975,0.9797424782169992,0.07004382231451095,1.0,3.7028632569820323,nan,nan
emnist_digits,softmax,4,16,0.0571364164352417,0.983,0.9829792026497743,0.05981383510330256,1.0,3.704904705920118,nan,nan
emnist_digits,softmax,4,17,0.05237878859043121,0.9779166666666667,0.9778544117949381,0.06958892469869014,1.0,3.681299607804481,nan,nan
emnist_digits,softmax,4,18,0.049358684569597244,0.9815,0.9813561805102209,0.06690773534330915,1.0,3.698444797637615,nan,nan
emnist_digits,softmax,4,19,0.04789821058511734,0.9811666666666666,0.9811393160439644,0.06741791700032797,1.0,3.6740565325351473,nan,nan
emnist_digits,softmax,4,20,0.045646388083696365,0.9790833333333333,0.9790372648491514,0.07301567819841365,1.0,3.675007295101247,nan,nan
emnist_digits,softmax,4,21,0.048920948058366776,0.98375,0.9837239590127336,0.05948196337657406,1.0,3.67671252565181,nan,nan
emnist_digits,softmax,4,22,0.042173102498054504,0.9835,0.9834832371741905,0.0579742481932044,1.0,3.6563998257860226,nan,nan
emnist_digits,softmax,4,23,0.03928409889340401,0.9845833333333334,0.9845722296001609,0.06058613210916519,1.0,3.6703907403540104,nan,nan
emnist_digits,softmax,4,24,0.04262425750494003,0.9839166666666667,0.9839119958446645,0.05965036343030156,1.0,3.666280647541614,nan,nan
emnist_digits,softmax,4,25,0.036479368805885315,0.9808333333333333,0.9807953198886079,0.0721907431774951,1.0,3.6707863275040973,nan,nan
emnist_digits,softmax,4,26,0.03576960414648056,0.9855,0.9854788895468856,0.05199048212392533,1.0,3.6658162284404674,nan,nan
emnist_digits,softmax,4,27,0.03513697162270546,0.9854166666666667,0.9853930461295424,0.05201738171200169,1.0,3.672221231967845,nan,nan
emnist_digits,softmax,4,28,0.03454510495066643,0.9844166666666667,0.9843801040585299,0.05721370747035488,1.0,3.6596949962859457,nan,nan
emnist_digits,softmax,4,29,0.03246564045548439,0.98275,0.9826462872503775,0.059814527115606246,1.0,3.6334983516246715,nan,nan
emnist_digits,softmax,5,0,1.411463737487793,0.7888333333333334,0.7868143854895223,0.6516132735191508,1.0,3.616947551991077,nan,nan
emnist_digits,softmax,5,1,0.4466387927532196,0.9023333333333333,0.9031692968053433,0.3032757107247698,1.0,3.676640622159268,nan,nan
emnist_digits,softmax,5,2,0.2588253915309906,0.93825,0.9381228606261469,0.2004968910775286,1.0,3.677973354116399,nan,nan
emnist_digits,softmax,5,3,0.1844717264175415,0.9533333333333334,0.9534294833582809,0.15077346388963944,1.0,3.6758712428681393,nan,nan
emnist_digits,softmax,5,4,0.1562042087316513,0.9594166666666667,0.9594388924968478,0.13340185772865376,1.0,3.6671718029265707,nan,nan
emnist_digits,softmax,5,5,0.13139842450618744,0.9655833333333333,0.9655963552935063,0.11240532082763124,1.0,3.6848861765354237,nan,nan
emnist_digits,softmax,5,6,0.11598984152078629,0.9606666666666667,0.960659985387333,0.12996249883732897,1.0,3.6704123248445226,nan,nan
emnist_digits,softmax,5,7,0.10543673485517502,0.9700833333333333,0.9701836069577918,0.09689865625919179,1.0,3.6681245616141784,nan,nan
emnist_digits,softmax,5,8,0.09712888300418854,0.9740833333333333,0.9740874707577252,0.08530827334269564,1.0,3.678315337668074,nan,nan
emnist_digits,softmax,5,9,0.08883927762508392,0.97575,0.9757103546410406,0.07892410702844883,1.0,3.6744723193188933,nan,nan
emnist_digits,softmax,5,10,0.08201851695775986,0.97475,0.9747328033808984,0.08219915620507078,1.0,3.671983056880058,nan,nan
emnist_digits,softmax,5,11,0.08057630807161331,0.97375,0.9737265508509271,0.08750881294303751,1.0,3.662243546323573,nan,nan
emnist_digits,softmax,5,12,0.06888850778341293,0.9768333333333333,0.9768322912844347,0.07990259578094837,1.0,3.6692403149097523,nan,nan
emnist_digits,softmax,5,13,0.06843551993370056,0.9766666666666667,0.9766150442315629,0.07732699339852687,1.0,3.66163976141747,nan,nan
emnist_digits,softmax,5,14,0.06514021754264832,0.9790833333333333,0.9790480428663516,0.06766944331057528,1.0,3.662557530910411,nan,nan
emnist_digits,softmax,5,15,0.05815236270427704,0.9798333333333333,0.9798218118470883,0.07045621339707299,1.0,3.672565292804799,nan,nan
emnist_digits,softmax,5,16,0.05583744868636131,0.97875,0.9787420534254438,0.07274412090315464,1.0,3.6650663766455143,nan,nan
emnist_digits,softmax,5,17,0.05420919135212898,0.9823333333333333,0.982349470402695,0.06097361813992896,1.0,3.666531966087666,nan,nan
emnist_digits,softmax,5,18,0.05018613114953041,0.97525,0.9753136628946727,0.07803789133879732,1.0,3.6642737312519804,nan,nan
emnist_digits,softmax,5,19,0.05038190633058548,0.9818333333333333,0.9818465242852644,0.061513981207254084,1.0,3.6729798190137175,nan,nan
emnist_digits,softmax,5,20,0.049100279808044434,0.9821666666666666,0.982133727061228,0.061521387589659464,1.0,3.6540587202031563,nan,nan
emnist_digits,softmax,5,21,0.04471895471215248,0.98425,0.9842285426178293,0.05674425907868971,1.0,3.655117060275788,nan,nan
emnist_digits,softmax,5,22,0.042746882885694504,0.9823333333333333,0.9823106186861713,0.060321283923026096,1.0,3.6544194297587618,nan,nan
emnist_digits,softmax,5,23,0.042872123420238495,0.9823333333333333,0.9823034921921134,0.0595468726563961,1.0,3.656658129489168,nan,nan
emnist_digits,softmax,5,24,0.04022713005542755,0.97625,0.9762078345446351,0.0850027573314753,1.0,3.6146551370620728,nan,nan
emnist_digits,softmax,5,25,0.04156888648867607,0.9813333333333333,0.9813072363972551,0.06771414168179035,1.0,3.644858730600235,nan,nan
emnist_digits,softmax,5,26,0.035271093249320984,0.9815833333333334,0.9815097631509755,0.06507730828796296,1.0,3.6246929295519563,nan,nan
emnist_digits,softmax,6,0,1.5198640823364258,0.79225,0.7889730222936572,0.6558495062462827,0.9999999955613562,3.693872109372565,nan,nan
emnist_digits,softmax,6,1,0.43764007091522217,0.9269166666666667,0.926159038774227,0.24145296469647834,1.0,3.7649912529803338,nan,nan
emnist_digits,softmax,6,2,0.25290796160697937,0.9445,0.9438288442605909,0.19068861927123779,1.0,3.7450966987204044,nan,nan
emnist_digits,softmax,6,3,0.19378146529197693,0.96025,0.9599887535800086,0.12699348114906472,1.0,3.7466932256171046,nan,nan
emnist_digits,softmax,6,4,0.1555270105600357,0.96475,0.9645911330661555,0.11562355163883656,1.0,3.7325062498133232,nan,nan
emnist_digits,softmax,6,5,0.13286322355270386,0.96575,0.9656585874586693,0.11224281114149601,1.0,3.73426638765538,nan,nan
emnist_digits,softmax,6,6,0.12527625262737274,0.9711666666666666,0.9709993496511109,0.09286937973600753,1.0,3.7241416510115277,nan,nan
emnist_digits,softmax,6,7,0.10774723440408707,0.9729166666666667,0.9727356882071272,0.09122596379924328,1.0,3.708929812654536,nan,nan
emnist_digits,softmax,6,8,0.10185983031988144,0.977,0.9768906173255312,0.07451830035511484,1.0,3.7183898839544742,nan,nan
emnist_digits,softmax,6,9,0.08917290717363358,0.97825,0.9781396275494301,0.06986684217414957,1.0,3.714856378575589,nan,nan
emnist_digits,softmax,6,10,0.08279538154602051,0.9780833333333333,0.9779728850139418,0.06934386043948063,1.0,3.721402713593016,nan,nan
emnist_digits,softmax,6,11,0.08140337467193604,0.9741666666666666,0.9740589128931818,0.08375275206375629,1.0,3.709477548903607,nan,nan
emnist_digits,softmax,6,12,0.07271721214056015,0.979,0.978904860454324,0.06599773125762635,0.9999998763520667,3.6976248000530485,nan,nan
emnist_digits,softmax,6,13,0.07079177349805832,0.98175,0.9816835362215063,0.06067577218438717,0.9999999778067812,3.698845886169596,nan,nan
emnist_digits,softmax,6,14,0.06308288872241974,0.98175,0.9816468862564897,0.0632536638765893,0.9999998459156524,3.6899598583262017,nan,nan
emnist_digits,softmax,6,15,0.06019911542534828,0.981,0.9808901284242644,0.06557305410821387,0.999999982245425,3.6939474623254003,nan,nan
emnist_digits,softmax,6,16,0.06140105053782463,0.9819166666666667,0.9818029898941925,0.06239658808137508,0.9999996372993957,3.68854254610995,nan,nan
emnist_digits,softmax,6,17,0.0556647926568985,0.9840833333333333,0.9839947566794127,0.05303988308507077,0.9999999334203437,3.6836336445301137,nan,nan
emnist_digits,softmax,6,18,0.05084802955389023,0.9825833333333334,0.9824940681226619,0.05725281281357116,0.9999995853038545,3.6765492875525294,nan,nan
emnist_digits,softmax,6,19,0.047335896641016006,0.9828333333333333,0.9827349033187236,0.06164612149463055,0.9999989664300959,3.67922421211892,nan,nan
emnist_digits,softmax,6,20,0.050641629844903946,0.9846666666666667,0.9845903706490343,0.055735159605900024,0.9999991376349266,3.6534247170103358,nan,nan
emnist_digits,softmax,6,21,0.04609031602740288,0.98325,0.9831855526409246,0.055320341179662565,0.9999966234602826,3.6585554645416583,nan,nan
emnist_digits,softmax,6,22,0.04149623587727547,0.9813333333333333,0.9812533207768699,0.06332972677464181,0.999999704513144,3.6520071181845157,nan,nan
emnist_digits,softmax,6,23,0.04530750960111618,0.9849166666666667,0.9848548131474054,0.04880151771841214,0.9999986309954461,3.654334395489794,nan,nan
emnist_digits,softmax,6,24,0.038247983902692795,0.9865,0.9864400931569473,0.049696058867142553,0.9999970368882443,3.6532434047536646,nan,nan
emnist_digits,softmax,6,25,0.03984639793634415,0.9858333333333333,0.9857529303341479,0.05070407367608649,0.9999933217434173,3.6351514953248043,nan,nan
emnist_digits,softmax,6,26,0.03512275218963623,0.9870833333333333,0.9870006336965481,0.04796890995683188,0.999998687429631,3.64871369524205,nan,nan
emnist_digits,softmax,6,27,0.036608774214982986,0.9800833333333333,0.9799123431301731,0.06537027791776556,0.9999946729933962,3.631715084644074,nan,nan
emnist_digits,softmax,6,28,0.03698509559035301,0.9866666666666667,0.9865952487467308,0.04789014224042284,0.9999922773939498,3.6347645774800728,nan,nan
emnist_digits,softmax,6,29,0.03183048963546753,0.9861666666666666,0.9860751695424945,0.04964980560335073,0.9999851958548769,3.639669136798128,nan,nan
emnist_digits,softmax,7,0,1.3908581733703613,0.8346666666666667,0.835287129167121,0.5240562976674831,1.0,3.709292617249996,nan,nan
emnist_digits,softmax,7,1,0.4050306975841522,0.9143333333333333,0.9143855813087878,0.27089854155449156,1.0,3.747983790458517,nan,nan
emnist_digits,softmax,7,2,0.25580698251724243,0.9453333333333334,0.9455023457903738,0.17772167318678916,1.0,3.730753168146661,nan,nan
emnist_digits,softmax,7,3,0.19108405709266663,0.9581666666666667,0.9582456340362906,0.1357491060774377,1.0,3.7294392864754857,nan,nan
emnist_digits,softmax,7,4,0.15805715322494507,0.96175,0.9619003101400786,0.12645289468321394,1.0,3.721311954741782,nan,nan
emnist_digits,softmax,7,5,0.14193536341190338,0.97075,0.9708536122421684,0.0954805738589865,1.0,3.701764811860754,nan,nan
emnist_digits,softmax,7,6,0.1184263676404953,0.9760833333333333,0.9761307690670474,0.08233231900537268,1.0,3.691514362680151,nan,nan
emnist_digits,softmax,7,7,0.10099617391824722,0.97225,0.9724198911576659,0.09407225211567068,1.0,3.6812966554722886,nan,nan
emnist_digits,softmax,7,8,0.09162241965532303,0.9764166666666667,0.9764845389758309,0.07633508607111078,1.0,3.67200432178822,nan,nan
emnist_digits,softmax,7,9,0.08462478965520859,0.9776666666666667,0.9777155366024124,0.07328868875319654,1.0,3.679145599933381,nan,nan
emnist_digits,softmax,7,10,0.0771501362323761,0.98,0.9800766781852192,0.06390254572033882,1.0,3.676122097258872,nan,nan
emnist_digits,softmax,7,11,0.07722216099500656,0.9819166666666667,0.9820231779370125,0.06447966487959345,1.0,3.6652721597793256,nan,nan
emnist_digits,softmax,7,12,0.06799861788749695,0.98325,0.9833087352211345,0.05670033960028532,1.0,3.658861771542975,nan,nan
emnist_digits,softmax,7,13,0.061161015182733536,0.9833333333333333,0.98336427804531,0.05594944121672752,1.0,3.668595428162433,nan,nan
emnist_digits,softmax,7,14,0.058437004685401917,0.9845833333333334,0.9846168737938316,0.05153197224469895,1.0,3.662617122873347,nan,nan
emnist_digits,softmax,7,15,0.05615335702896118,0.9814166666666667,0.9814243928596221,0.05953554083850789,1.0,3.659027708337662,nan,nan
emnist_digits,softmax,7,16,0.05462226644158363,0.9820833333333333,0.9821281959522352,0.05791178325864863,1.0,3.672443024655606,nan,nan
emnist_digits,softmax,7,17,0.05319361388683319,0.9830833333333333,0.9831763208113294,0.05487176181471094,1.0,3.658641110075281,nan,nan
emnist_digits,softmax,7,18,0.04968500882387161,0.9814166666666667,0.9814129284873987,0.06367415974431849,1.0,3.635097049652262,nan,nan
emnist_digits,softmax,7,19,0.04629387706518173,0.9831666666666666,0.9832569171183803,0.06182594292182872,1.0,3.6392524825765733,nan,nan
emnist_digits,softmax,8,0,1.5401490926742554,0.7709166666666667,0.7662335673577947,0.6901783816357876,1.0,3.7461780639404947,nan,nan
emnist_digits,softmax,8,1,0.45935702323913574,0.9238333333333333,0.9236683454553816,0.25247786368461367,1.0,3.752302091172401,nan,nan
emnist_digits,softmax,8,2,0.25883856415748596,0.9375,0.93777707492476,0.2037635304509325,1.0,3.748139348435909,nan,nan
emnist_digits,softmax,8,3,0.19979926943778992,0.9528333333333333,0.9527354667438583,0.15040184589142494,1.0,3.748166837590806,nan,nan
emnist_digits,softmax,8,4,0.17655321955680847,0.9620833333333333,0.9620415553268831,0.12446854184282587,1.0,3.750265428360472,nan,nan
emnist_digits,softmax,8,5,0.14112210273742676,0.9571666666666667,0.9571902780725905,0.1313687082617841,1.0,3.743422454976021,nan,nan
emnist_digits,softmax,8,6,0.12683483958244324,0.9676666666666667,0.9677558157734694,0.10286596536319306,1.0,3.754056136658851,nan,nan
emnist_digits,softmax,8,7,0.11989787966012955,0.9704166666666667,0.9703729498689126,0.0986804614992852,1.0,3.742215965656524,nan,nan
emnist_digits,softmax,8,8,0.10517629981040955,0.971,0.9709535278175737,0.09216742455325228,1.0,3.736064923570511,nan,nan
emnist_digits,softmax,8,9,0.09736496210098267,0.9726666666666667,0.9726499749877474,0.08750669404547265,1.0,3.736721343182503,nan,nan
emnist_digits,softmax,8,10,0.09253280609846115,0.9673333333333334,0.9672542955904957,0.10292563452682596,1.0,3.7259139862466366,nan,nan
emnist_digits,softmax,8,11,0.0906435176730156,0.9731666666666666,0.9731985752210655,0.0869905394601061,1.0,3.7048621811765305,nan,nan
emnist_digits,softmax,8,12,0.07561859488487244,0.9796666666666667,0.9796846818683189,0.06412974649921377,1.0,3.698960428542279,nan,nan
emnist_digits,softmax,8,13,0.0735727995634079,0.98,0.979981853031382,0.06447701984422004,1.0,3.6967523453083446,nan,nan
emnist_digits,softmax,8,14,0.07160784304141998,0.981,0.9810070524929149,0.06043557105387779,1.0,3.683890553230935,nan,nan
emnist_digits,softmax,8,15,0.06544627994298935,0.9695833333333334,0.9695311938136177,0.09404355271699581,1.0,3.676345302703533,nan,nan
emnist_digits,softmax,8,16,0.06234011426568031,0.9815833333333334,0.9815843886011107,0.0591226412736355,1.0,3.673363728726164,nan,nan
emnist_digits,softmax,8,17,0.05611906945705414,0.9763333333333334,0.9762746869902473,0.07147727351873479,1.0,3.6761922075393354,nan,nan
emnist_digits,softmax,8,18,0.05401770770549774,0.9799166666666667,0.9799355790579535,0.05966825933849558,1.0,3.6582921362937766,nan,nan
emnist_digits,softmax,8,19,0.05006258934736252,0.9824166666666667,0.9824002139743275,0.05562415881518354,1.0,3.661459445953369,nan,nan
emnist_digits,softmax,8,20,0.04814175143837929,0.981,0.9809449457411047,0.05866221176024447,1.0,3.645484363779109,nan,nan
emnist_digits,softmax,8,21,0.04633200913667679,0.9793333333333333,0.979328456864954,0.06753966454020206,1.0,3.643870087380105,nan,nan
emnist_digits,softmax,8,22,0.04610877111554146,0.9814166666666667,0.981424930232445,0.05825861004438806,1.0,3.6285141833285066,nan,nan
emnist_digits,softmax,8,23,0.0421760268509388,0.9841666666666666,0.9841880085524229,0.05132072141512911,1.0,3.6194899716275803,nan,nan
emnist_digits,softmax,8,24,0.039135657250881195,0.9849166666666667,0.9849111259699781,0.04906928616556081,1.0,3.625899190598346,nan,nan
emnist_digits,softmax,8,25,0.036197058856487274,0.9845,0.9845281505614931,0.05082609938417978,1.0,3.636532149416335,nan,nan
emnist_digits,softmax,8,26,0.03894976153969765,0.9845,0.9844839503119429,0.053752935491502285,1.0,3.6183167543817074,nan,nan
emnist_digits,softmax,8,27,0.03772330656647682,0.9840833333333333,0.9840983724606648,0.055478434732302705,1.0,3.6026819969745394,nan,nan
emnist_digits,softmax,8,28,0.03319307416677475,0.9820833333333333,0.9820833733591039,0.06027915237590353,1.0,3.6083174132286233,nan,nan
emnist_digits,softmax,8,29,0.03011513128876686,0.9849166666666667,0.9849081760898727,0.05219506246453904,1.0,3.6036195907186954,nan,nan
emnist_digits,softmax,9,0,1.482804536819458,0.7760833333333333,0.775456394017983,0.6737065746429118,1.0,3.765405685343641,nan,nan
emnist_digits,softmax,9,1,0.5145230889320374,0.9143333333333333,0.9140669979958049,0.27654374818852606,1.0,3.760399115846512,nan,nan
emnist_digits,softmax,9,2,0.2741558849811554,0.9400833333333334,0.9400447082171002,0.19522415386869552,1.0,3.747093048501522,nan,nan
emnist_digits,softmax,9,3,0.21028099954128265,0.9565833333333333,0.9564125849025459,0.14725308247069094,1.0,3.7294294986319034,nan,nan
emnist_digits,softmax,9,4,0.16258478164672852,0.95725,0.9571700323527143,0.1347908894432352,1.0,3.7410467685537134,nan,nan
emnist_digits,softmax,9,5,0.14120718836784363,0.9643333333333334,0.9641073155494422,0.12238785576947192,1.0,3.7240373682468495,nan,nan
emnist_digits,softmax,9,6,0.1275312900543213,0.9646666666666667,0.964512874454727,0.11591920660848314,1.0,3.7216353543261262,nan,nan
emnist_digits,softmax,9,7,0.11090999841690063,0.9715833333333334,0.9714875612456939,0.09022488421265115,1.0,3.7247126203902226,nan,nan
emnist_digits,softmax,9,8,0.10227262228727341,0.972,0.9718985904705179,0.09537585008334606,1.0,3.7138135027378163,nan,nan
emnist_digits,softmax,9,9,0.08714503049850464,0.975,0.9748585894480651,0.08393941122166654,1.0,3.7124533754713993,nan,nan
emnist_digits,softmax,9,10,0.08178844302892685,0.97675,0.976635047067561,0.07645466202434073,1.0,3.711862312986496,nan,nan
emnist_digits,softmax,9,11,0.0758836641907692,0.9766666666666667,0.9766932514277584,0.07761018315052733,1.0,3.7089903735099954,nan,nan
emnist_digits,softmax,9,12,0.07409632205963135,0.9776666666666667,0.977629732201024,0.07528482167486181,1.0,3.7042887642028486,nan,nan
emnist_digits,softmax,9,13,0.0664442926645279,0.9801666666666666,0.9801329787124201,0.06707697452858408,1.0,3.703463833382789,nan,nan
emnist_digits,softmax,9,14,0.06635931134223938,0.97975,0.9797188813631404,0.07002884268443635,1.0,3.6948834378668605,nan,nan
emnist_digits,softmax,9,15,0.060663435608148575,0.9800833333333333,0.9800277372321992,0.06474735500647667,1.0,3.70104858215819,nan,nan
emnist_digits,softmax,9,16,0.057603154331445694,0.98,0.9799509411394991,0.06868444224621387,1.0,3.6872937755381807,nan,nan
emnist_digits,softmax,9,17,0.05590944364666939,0.9808333333333333,0.9809070889136544,0.06613179448833491,1.0,3.688713603831352,nan,nan
emnist_digits,softmax,9,18,0.056768748909235,0.9799166666666667,0.9799086392561955,0.06403327451899965,0.9999987305478847,3.6721071309231696,nan,nan
emnist_digits,softmax,9,19,0.05178514122962952,0.9815,0.9814796552605459,0.064755380153656,0.9999999866840688,3.6909054264109185,nan,nan
emnist_digits,softmax,9,20,0.047956958413124084,0.9811666666666666,0.9811526173201257,0.06256607301691745,0.9999990596416148,3.67924443457989,nan,nan
emnist_digits,softmax,9,21,0.04407815635204315,0.9813333333333333,0.9812800732188747,0.06857156327509499,0.9999995827674866,3.676825411776279,nan,nan
emnist_digits,softmax,9,22,0.043998703360557556,0.9835,0.983463620673913,0.05867282618233498,0.999998909995911,3.6560993118489042,nan,nan
emnist_digits,softmax,9,23,0.04570874199271202,0.9825833333333334,0.9826030949043684,0.05847877460195029,0.9999980057807679,3.671793242718311,nan,nan
emnist_digits,softmax,9,24,0.04425010457634926,0.9815,0.9814461610452963,0.06468284601702336,0.9999994914582435,3.673525782341653,nan,nan
emnist_digits,softmax,9,25,0.039807096123695374,0.98375,0.9836915971081176,0.05439670078773448,0.9999970476678077,3.649109386383219,nan,nan
emnist_digits,softmax,9,26,0.03737827017903328,0.9834166666666667,0.9834173932182038,0.06002257796044045,0.9999821116315558,3.6694461918891745,nan,nan
emnist_digits,softmax,9,27,0.036218635737895966,0.9830833333333333,0.9830746429622164,0.05968387940145554,0.9999878945502829,3.6620274224179856,nan,nan
emnist_digits,softmax,9,28,0.03530484810471535,0.98375,0.9836704224020657,0.058505793181347084,0.9999913148423458,3.660644701186647,nan,nan
emnist_digits,softmax,9,29,0.033774543553590775,0.9835,0.9834172139315147,0.05682790208053082,0.9999836416954689,3.6510198344575597,nan,nan
emnist_digits,topk_softmax_0125,0,0,1.1046923398971558,0.8955833333333333,0.8943997149410627,0.32526150979894275,0.14000000059604645,1.9261561048791764,nan,nan
emnist_digits,topk_softmax_0125,0,1,0.23632286489009857,0.95125,0.9510257332629737,0.16210731055508268,0.14000000059604645,1.911355251961566,nan,nan
emnist_digits,topk_softmax_0125,0,2,0.15337646007537842,0.9586666666666667,0.9585475436817678,0.1310425968246257,0.14000000059604645,1.9009248855266165,nan,nan
emnist_digits,topk_softmax_0125,0,3,0.11616215109825134,0.96225,0.9620058513508389,0.12084132163448537,0.14000000059604645,1.8937287787173658,nan,nan
emnist_digits,topk_softmax_0125,0,4,0.09542802721261978,0.9726666666666667,0.9724914709094211,0.08975143659305065,0.14000000059604645,1.8936311247500968,nan,nan
emnist_digits,topk_softmax_0125,0,5,0.08153685927391052,0.974,0.9738569784368971,0.07916646918400805,0.14000000059604645,1.8875545783245817,nan,nan
emnist_digits,topk_softmax_0125,0,6,0.07292480766773224,0.97425,0.974175957696865,0.08446591014557696,0.14000000059604645,1.8860332141531275,nan,nan
emnist_digits,topk_softmax_0125,0,7,0.0645400881767273,0.9769166666666667,0.9768011416437554,0.07627324030754414,0.14000000059604645,1.8844834832434958,nan,nan
emnist_digits,topk_softmax_0125,0,8,0.05497246980667114,0.9796666666666667,0.9795727220126917,0.07074420720814391,0.14000000059604645,1.8828816718243537,nan,nan
emnist_digits,topk_softmax_0125,0,9,0.053325023502111435,0.9783333333333334,0.9782652144667392,0.0719064205805672,0.14000000059604645,1.881866456346309,nan,nan
emnist_digits,topk_softmax_0125,0,10,0.04846598580479622,0.9806666666666667,0.9805775448956728,0.06590158559699008,0.14000000059604645,1.8768194888500458,nan,nan
emnist_digits,topk_softmax_0125,0,11,0.045024920254945755,0.9825833333333334,0.9825089831206414,0.05759086796736464,0.14000000059604645,1.880185089212783,nan,nan
emnist_digits,topk_softmax_0125,0,12,0.04213232547044754,0.9795833333333334,0.9794945484061127,0.06585562470904056,0.14000000059604645,1.8769661340307682,nan,nan
emnist_digits,topk_softmax_0125,0,13,0.03973371535539627,0.9836666666666667,0.9835999762528989,0.05618491182301907,0.14000000059604645,1.8753571992224836,nan,nan
emnist_digits,topk_softmax_0125,0,14,0.03747941553592682,0.983,0.9829138897091875,0.05810609469784701,0.14000000059604645,1.8699733843194677,nan,nan
emnist_digits,topk_softmax_0125,0,15,0.033280178904533386,0.9826666666666667,0.9825899915954166,0.05789799952602133,0.14000000059604645,1.8668885281745424,nan,nan
emnist_digits,topk_softmax_0125,0,16,0.0318167619407177,0.9813333333333333,0.9812074987595845,0.06508831162639755,0.14000000059604645,1.8673548419424828,nan,nan
emnist_digits,topk_softmax_0125,0,17,0.02904796600341797,0.9798333333333333,0.9797406113461145,0.07017367515475192,0.14000000059604645,1.8658089067073578,nan,nan
emnist_digits,topk_softmax_0125,0,18,0.0301067978143692,0.9809166666666667,0.9808556986578605,0.06638244174896403,0.14000000059604645,1.861458697217576,nan,nan
emnist_digits,topk_softmax_0125,1,0,1.0958837270736694,0.8976666666666666,0.8978060856605248,0.3256020425481999,0.14000000059604645,1.9249987437369975,nan,nan
emnist_digits,topk_softmax_0125,1,1,0.27560853958129883,0.9445,0.9445999427131919,0.17729159872582617,0.14000000059604645,1.883986459133473,nan,nan
emnist_digits,topk_softmax_0125,1,2,0.18053662776947021,0.9535833333333333,0.9535249793808728,0.1416521784155927,0.14000000059604645,1.8734525442123413,nan,nan
emnist_digits,topk_softmax_0125,1,3,0.14409595727920532,0.9624166666666667,0.9624460381498606,0.11879320300005852,0.14000000059604645,1.8676330700833748,nan,nan
emnist_digits,topk_softmax_0125,1,4,0.11828013509511948,0.9695,0.969566279494782,0.09636610564082226,0.14000000059604645,1.866797608263949,nan,nan
emnist_digits,topk_softmax_0125,1,5,0.10309576243162155,0.97375,0.9737629750350767,0.08317754774334583,0.14000000059604645,1.8673432393276945,nan,nan
emnist_digits,topk_softmax_0125,1,6,0.08994253724813461,0.9726666666666667,0.9726840932912172,0.08122525031262255,0.14000000059604645,1.8630130861667877,nan,nan
emnist_digits,topk_softmax_0125,1,7,0.08224974572658539,0.97175,0.9717286461406205,0.08814701961076006,0.14000000059604645,1.8557115526909524,nan,nan
emnist_digits,topk_softmax_0125,1,8,0.07908960431814194,0.9749166666666667,0.9749386030926624,0.08011597949773708,0.14000000059604645,1.8542484450847545,nan,nan
emnist_digits,topk_softmax_0125,1,9,0.06746849417686462,0.9799166666666667,0.9799454507919286,0.06436394297696174,0.14000000059604645,1.8545148778469005,nan,nan
emnist_digits,topk_softmax_0125,1,10,0.06071764603257179,0.97725,0.9772778452065406,0.07248281402156707,0.14000000059604645,1.8483903851914913,nan,nan
emnist_digits,topk_softmax_0125,1,11,0.0594075508415699,0.977,0.9770744838898878,0.07454468519922267,0.14000000059604645,1.8509411012872736,nan,nan
emnist_digits,topk_softmax_0125,1,12,0.052602510899305344,0.9803333333333333,0.9803353926271592,0.0640256169965451,0.14000000059604645,1.8498505899246702,nan,nan
emnist_digits,topk_softmax_0125,1,13,0.05013975501060486,0.9805,0.9805064606659972,0.06579457092633907,0.14000000059604645,1.8484660919676437,nan,nan
emnist_digits,topk_softmax_0125,1,14,0.04502187296748161,0.9831666666666666,0.9831614964773973,0.05472617580535564,0.14000000059604645,1.8454288535929741,nan,nan
emnist_digits,topk_softmax_0125,1,15,0.04304475337266922,0.97725,0.977297586729251,0.07202905204464147,0.14000000059604645,1.843683623253031,nan,nan
emnist_digits,topk_softmax_0125,1,16,0.04254252091050148,0.982,0.9820363059662436,0.061201000883382685,0.14000000059604645,1.8381068719194291,nan,nan
emnist_digits,topk_softmax_0125,1,17,0.04105708748102188,0.98225,0.9822601868927119,0.05612119996642813,0.14000000059604645,1.8352016540283853,nan,nan
emnist_digits,topk_softmax_0125,1,18,0.03547745570540428,0.9785,0.9784905431398385,0.07470471689358671,0.14000000059604645,1.840985880253163,nan,nan
emnist_digits,topk_softmax_0125,1,19,0.036779072135686874,0.9828333333333333,0.9828506034900212,0.0564569571907533,0.14000000059604645,1.8326170482534043,nan,nan
emnist_digits,topk_softmax_0125,2,0,0.988434374332428,0.9135,0.9132193385691194,0.28110654620414083,0.14000000059604645,1.9295117106843502,nan,nan
emnist_digits,topk_softmax_0125,2,1,0.239983469247818,0.9535,0.9533166371542035,0.15181127729568075,0.14000000059604645,1.9146895890540265,nan,nan
emnist_digits,topk_softmax_0125,2,2,0.1571885496377945,0.9641666666666666,0.9641067250256382,0.12369812264087353,0.14000000059604645,1.8977739531943139,nan,nan
emnist_digits,topk_softmax_0125,2,3,0.12490156292915344,0.9676666666666667,0.9675023412463034,0.10557382173360662,0.14000000059604645,1.8884497373662097,nan,nan
emnist_digits,topk_softmax_0125,2,4,0.10134776681661606,0.9743333333333334,0.974251669398787,0.08897192054923544,0.14000000059604645,1.877555432471823,nan,nan
emnist_digits,topk_softmax_0125,2,5,0.08684158325195312,0.9729166666666667,0.9728463409386604,0.08841376601064459,0.14000000059604645,1.880997693285029,nan,nan
emnist_digits,topk_softmax_0125,2,6,0.07822854071855545,0.9753333333333334,0.9752657509845488,0.08016656997038964,0.14000000059604645,1.8751692150501496,nan,nan
emnist_digits,topk_softmax_0125,2,7,0.07102548331022263,0.978,0.977927472224206,0.07466784056196822,0.14000000059604645,1.8756369111385751,nan,nan
emnist_digits,topk_softmax_0125,2,8,0.06816869974136353,0.9785833333333334,0.9784980576854192,0.07061680473704288,0.14000000059604645,1.867094727272683,nan,nan
emnist_digits,topk_softmax_0125,2,9,0.061938658356666565,0.9788333333333333,0.9787822736103273,0.0697971355724842,0.14000000059604645,1.866824927482199,nan,nan
emnist_digits,topk_softmax_0125,2,10,0.05815529823303223,0.9795,0.9794343826903693,0.06754045743257442,0.14000000059604645,1.8641604768468978,nan,nan
emnist_digits,topk_softmax_0125,2,11,0.054452989250421524,0.9799166666666667,0.9798281056416938,0.06912493325294332,0.14000000059604645,1.8604512214660645,nan,nan
emnist_digits,topk_softmax_0125,2,12,0.04531928151845932,0.9770833333333333,0.9769964241594764,0.07917317775811286,0.14000000059604645,1.8595600242310382,nan,nan
emnist_digits,topk_softmax_0125,2,13,0.04604990407824516,0.9780833333333333,0.9780374762700712,0.07290871152059829,0.14000000059604645,1.8603104264178174,nan,nan
emnist_digits,topk_softmax_0125,2,14,0.04255324602127075,0.98175,0.981682078282566,0.0658321516945007,0.14000000059604645,1.8562034216332943,nan,nan
emnist_digits,topk_softmax_0125,2,15,0.03978502005338669,0.98175,0.981703634793009,0.06357504102460881,0.14000000059604645,1.8534643066690324,nan,nan
emnist_digits,topk_softmax_0125,2,16,0.036293644458055496,0.98,0.9800138187944356,0.07120890523049425,0.14000000059604645,1.8475188879256552,nan,nan
emnist_digits,topk_softmax_0125,2,17,0.03326854854822159,0.9809166666666667,0.9808930692125515,0.07012558696751899,0.14000000059604645,1.844366192817688,nan,nan
emnist_digits,topk_softmax_0125,2,18,0.03579951822757721,0.9805,0.9804584746528567,0.07024029535340502,0.14000000059604645,1.8433357921052487,nan,nan
emnist_digits,topk_softmax_0125,2,19,0.034760620445013046,0.98275,0.9826917169579279,0.06180548485606275,0.14000000059604645,1.842862660580493,nan,nan
emnist_digits,topk_softmax_0125,2,20,0.033011287450790405,0.9825833333333334,0.9825144776147079,0.0649021302171527,0.14000000059604645,1.8485347958321268,nan,nan
emnist_digits,topk_softmax_0125,2,21,0.029193177819252014,0.9795,0.9794296534827766,0.07189046884787843,0.14000000059604645,1.8391081018650786,nan,nan
emnist_digits,topk_softmax_0125,2,22,0.028235459700226784,0.98275,0.9826991886322185,0.06642787729171996,0.14000000059604645,1.8325160310623494,nan,nan
emnist_digits,topk_softmax_0125,2,23,0.030722228810191154,0.9805833333333334,0.9804690791068935,0.07001659036316771,0.14000000059604645,1.8389273958003267,nan,nan
emnist_digits,topk_softmax_0125,2,24,0.025850987061858177,0.9835833333333334,0.983508333800428,0.06631540475373572,0.14000000059604645,1.8341333358845813,nan,nan
emnist_digits,topk_softmax_0125,2,25,0.023091739043593407,0.9806666666666667,0.9805841963789419,0.07243823759416317,0.14000000059604645,1.8314922794382622,nan,nan
emnist_digits,topk_softmax_0125,2,26,0.023349925875663757,0.9835833333333334,0.983512281287618,0.06170220473939751,0.14000000059604645,1.8352939004593707,nan,nan
emnist_digits,topk_softmax_0125,2,27,0.024313414469361305,0.9826666666666667,0.9826398619852803,0.07053549516391247,0.14000000059604645,1.8320033004943361,nan,nan
emnist_digits,topk_softmax_0125,2,28,0.025834351778030396,0.9823333333333333,0.9822929086284473,0.07214364381705193,0.14000000059604645,1.8353265181500862,nan,nan
emnist_digits,topk_softmax_0125,2,29,0.021411709487438202,0.9823333333333333,0.9822940420259638,0.06902392155074692,0.14000000059604645,1.8289308002654543,nan,nan
emnist_digits,topk_softmax_0125,3,0,0.991115152835846,0.9136666666666666,0.9141692957163017,0.28238725884163635,0.14000000059604645,1.911979060223762,nan,nan
emnist_digits,topk_softmax_0125,3,1,0.24565862119197845,0.9409166666666666,0.9414984381124549,0.19087735769596506,0.14000000059604645,1.8731521165117304,nan,nan
emnist_digits,topk_softmax_0125,3,2,0.16201356053352356,0.9549166666666666,0.955015559277179,0.15208963415724167,0.14000000059604645,1.8697682390821742,nan,nan
emnist_digits,topk_softmax_0125,3,3,0.12151747196912766,0.9696666666666667,0.9698427938549941,0.09820984042388328,0.14000000059604645,1.8681750437046618,nan,nan
emnist_digits,topk_softmax_0125,3,4,0.10557585954666138,0.9700833333333333,0.9702309560481199,0.09774416415615285,0.14000000059604645,1.8636105960987983,nan,nan
emnist_digits,topk_softmax_0125,3,5,0.09129532426595688,0.9745833333333334,0.974659234634833,0.08462141731635053,0.14000000059604645,1.853425902255038,nan,nan
emnist_digits,topk_softmax_0125,3,6,0.07961095124483109,0.9748333333333333,0.974999147411423,0.08546627732984563,0.14000000059604645,1.8536994748927178,nan,nan
emnist_digits,topk_softmax_0125,3,7,0.06907873600721359,0.977,0.9770307069901509,0.07839406289635821,0.14000000059604645,1.8560618948429188,nan,nan
emnist_digits,topk_softmax_0125,3,8,0.06268997490406036,0.9768333333333333,0.9769207830598174,0.0737011194070603,0.14000000059604645,1.8555015427000978,nan,nan
emnist_digits,topk_softmax_0125,3,9,0.06020471826195717,0.9804166666666667,0.9805000240392016,0.0625320180180542,0.14000000059604645,1.852844698632017,nan,nan
emnist_digits,topk_softmax_0125,3,10,0.0539516881108284,0.9780833333333333,0.9782016926808808,0.07120946620373016,0.14000000059604645,1.8527491853592244,nan,nan
emnist_digits,topk_softmax_0125,3,11,0.05040382593870163,0.9790833333333333,0.9792066185848824,0.07152698383210822,0.14000000059604645,1.8477001266276583,nan,nan
emnist_digits,topk_softmax_0125,3,12,0.04958181455731392,0.98075,0.9808203662511833,0.06740529004959984,0.14000000059604645,1.8388992218261069,nan,nan
emnist_digits,topk_softmax_0125,3,13,0.043070487678050995,0.9775,0.9776024719017803,0.07838132662421211,0.14000000059604645,1.8352929087395364,nan,nan
emnist_digits,topk_softmax_0125,3,14,0.04151342436671257,0.9793333333333333,0.9793881618210435,0.071050213015777,0.14000000059604645,1.840041846671003,nan,nan
emnist_digits,topk_softmax_0125,3,15,0.03740569204092026,0.9800833333333333,0.9802266656857584,0.07017258201983381,0.14000000059604645,1.8418435175368126,nan,nan
emnist_digits,topk_softmax_0125,3,16,0.03528224676847458,0.982,0.9820769593086324,0.06273434370597626,0.14000000059604645,1.8349538293290646,nan,nan
emnist_digits,topk_softmax_0125,3,17,0.03280656039714813,0.982,0.982091331660223,0.06192490860740555,0.14000000059604645,1.8361403054379402,nan,nan
emnist_digits,topk_softmax_0125,3,18,0.0350341871380806,0.9825,0.982564166541008,0.06821278839352284,0.14000000059604645,1.8340289072787508,nan,nan
emnist_digits,topk_softmax_0125,3,19,0.030347777530550957,0.9829166666666667,0.9829543205472089,0.06212138998857204,0.14000000059604645,1.8294535444137898,nan,nan
emnist_digits,topk_softmax_0125,3,20,0.029621966183185577,0.98275,0.9828412682568446,0.06211260989546142,0.14000000059604645,1.8232047786103918,nan,nan
emnist_digits,topk_softmax_0125,3,21,0.02836417593061924,0.9829166666666667,0.9829734789889255,0.06369152064732414,0.14000000059604645,1.825789895463497,nan,nan
emnist_digits,topk_softmax_0125,3,22,0.027222787961363792,0.9825,0.9825771970536146,0.06210659305624505,0.14000000059604645,1.8201684292326583,nan,nan
emnist_digits,topk_softmax_0125,3,23,0.02996600791811943,0.9824166666666667,0.9824612785873155,0.0644812453141872,0.14000000059604645,1.8219813628399626,nan,nan
emnist_digits,topk_softmax_0125,3,24,0.026028987020254135,0.984,0.9840384127034364,0.061641924618247974,0.14000000059604645,1.81173271701691,nan,nan
emnist_digits,topk_softmax_0125,3,25,0.019773242995142937,0.9830833333333333,0.9831458519670733,0.06511531377884935,0.14000000059604645,1.826570394191336,nan,nan
emnist_digits,topk_softmax_0125,3,26,0.02293785847723484,0.9825,0.9825396797948782,0.0678470665588975,0.14000000059604645,1.827014538835972,nan,nan
emnist_digits,topk_softmax_0125,3,27,0.026160867884755135,0.98275,0.9828211389287234,0.06511729318608946,0.14000000059604645,1.8127553716618965,nan,nan
emnist_digits,topk_softmax_0125,3,28,0.021434538066387177,0.9828333333333333,0.9829079031860642,0.06332060229033232,0.14000000059604645,1.816230130956528,nan,nan
emnist_digits,topk_softmax_0125,3,29,0.022440532222390175,0.98275,0.9828370783891851,0.06517917018859311,0.14000000059604645,1.8118127102547503,nan,nan
emnist_digits,topk_softmax_0125,4,0,1.1357024908065796,0.89775,0.8969684869410024,0.3274625470029547,0.14000000059604645,1.9310651649820043,nan,nan
emnist_digits,topk_softmax_0125,4,1,0.26648733019828796,0.9434166666666667,0.9431249009149327,0.1903323547003117,0.14000000059604645,1.922497089872969,nan,nan
emnist_digits,topk_softmax_0125,4,2,0.17150968313217163,0.9579166666666666,0.9577250172632142,0.1374462568696509,0.14000000059604645,1.9193537133805296,nan,nan
emnist_digits,topk_softmax_0125,4,3,0.13075706362724304,0.9581666666666667,0.9578407369533494,0.13949413407356182,0.14000000059604645,1.910437431741268,nan,nan
emnist_digits,topk_softmax_0125,4,4,0.10792015492916107,0.9654166666666667,0.9653250210781081,0.11518333868143406,0.14000000059604645,1.9031816340507346,nan,nan
emnist_digits,topk_softmax_0125,4,5,0.0958452969789505,0.9685,0.9684412778303534,0.10672736667255138,0.14000000059604645,1.899298312816214,nan,nan
emnist_digits,topk_softmax_0125,4,6,0.08407498896121979,0.9745833333333334,0.974455242138092,0.08811186285729104,0.14000000059604645,1.8930671773058303,nan,nan
emnist_digits,topk_softmax_0125,4,7,0.07522468268871307,0.9749166666666667,0.9747980994581142,0.08159407069708438,0.14000000059604645,1.8914466322736536,nan,nan
emnist_digits,topk_softmax_0125,4,8,0.06650196015834808,0.9768333333333333,0.9766941141547527,0.07840142022580543,0.14000000059604645,1.885934110651625,nan,nan
emnist_digits,topk_softmax_0125,4,9,0.060197923332452774,0.9764166666666667,0.9762622021882488,0.08107835522040407,0.14000000059604645,1.8910389124078955,nan,nan
emnist_digits,topk_softmax_0125,4,10,0.059999193996191025,0.97825,0.9781329179074032,0.07566967479726101,0.14000000059604645,1.8857153768235064,nan,nan
emnist_digits,topk_softmax_0125,4,11,0.05339229106903076,0.97875,0.9786378949787418,0.07536503163344682,0.14000000059604645,1.8818283981465278,nan,nan
emnist_digits,topk_softmax_0125,4,12,0.05315834656357765,0.9784166666666667,0.9782949171354905,0.07295551963467548,0.14000000059604645,1.8829339742660522,nan,nan
emnist_digits,topk_softmax_0125,4,13,0.047685351222753525,0.9795833333333334,0.9795182845447485,0.06956640805335755,0.14000000059604645,1.8808252760704527,nan,nan
emnist_digits,topk_softmax_0125,4,14,0.04433984309434891,0.9794166666666667,0.9793278131195511,0.06845162184710832,0.14000000059604645,1.8754462067117081,nan,nan
emnist_digits,topk_softmax_0125,4,15,0.04312760755419731,0.9793333333333333,0.9792533731917368,0.07196571309357247,0.14000000059604645,1.8756268493672634,nan,nan
emnist_digits,topk_softmax_0125,4,16,0.03919339179992676,0.98,0.9798802428599048,0.07063082799791022,0.14000000059604645,1.8744961632058976,nan,nan
emnist_digits,topk_softmax_0125,4,17,0.036981407552957535,0.9800833333333333,0.9799719110725421,0.07305195866192275,0.14000000059604645,1.8784394073993602,nan,nan
emnist_digits,topk_softmax_0125,4,18,0.03871913626790047,0.9795833333333334,0.9794336236661139,0.06999262295504834,0.14000000059604645,1.8715476837564022,nan,nan
emnist_digits,topk_softmax_0125,4,19,0.03417481109499931,0.9809166666666667,0.9808187059051902,0.0651139960168524,0.14000000059604645,1.8688106321273965,nan,nan
emnist_digits,topk_softmax_0125,4,20,0.032340679317712784,0.98,0.979913742164138,0.06971217095455591,0.14000000059604645,1.8642089379594682,nan,nan
emnist_digits,topk_softmax_0125,4,21,0.030167121440172195,0.9818333333333333,0.9817248025983055,0.06558577623218298,0.14000000059604645,1.856256809640438,nan,nan
emnist_digits,topk_softmax_0125,4,22,0.028562799096107483,0.9778333333333333,0.9777478637782326,0.08100660751633187,0.14000000059604645,1.8619664311408997,nan,nan
emnist_digits,topk_softmax_0125,4,23,0.030058344826102257,0.9816666666666667,0.9815664173372143,0.0683472307914115,0.14000000059604645,1.8598175733647448,nan,nan
emnist_digits,topk_softmax_0125,4,24,0.029168397188186646,0.981,0.9808985314627309,0.07121378754047637,0.14000000059604645,1.8570977956690686,nan,nan
emnist_digits,topk_softmax_0125,4,25,0.028494933620095253,0.9805,0.9804047359797927,0.07146877835088587,0.14000000059604645,1.8510432674529704,nan,nan
emnist_digits,topk_softmax_0125,4,26,0.02307172492146492,0.9824166666666667,0.9823422796897072,0.06854098589417149,0.14000000059604645,1.8588645851358454,nan,nan
emnist_digits,topk_softmax_0125,4,27,0.02373082935810089,0.9821666666666666,0.9820846556329851,0.06908615000863025,0.14000000059604645,1.8567858198855787,nan,nan
emnist_digits,topk_softmax_0125,4,28,0.024451645091176033,0.9805,0.9804160262430616,0.07128602797363667,0.14000000059604645,1.857144538392412,nan,nan
emnist_digits,topk_softmax_0125,4,29,0.023212675005197525,0.9795,0.9793554505641222,0.08214799080915908,0.14000000059604645,1.8487762288844332,nan,nan
emnist_digits,topk_softmax_0125,5,0,1.0370380878448486,0.9006666666666666,0.9008445431675274,0.31897583286812964,0.14000000059604645,1.9140617454305608,nan,nan
emnist_digits,topk_softmax_0125,5,1,0.25125637650489807,0.94475,0.9449022325258787,0.18367251119715103,0.14000000059604645,1.9044240890665258,nan,nan
emnist_digits,topk_softmax_0125,5,2,0.1635282188653946,0.9564166666666667,0.9564702376213357,0.14023783216451077,0.14000000059604645,1.9037536851903225,nan,nan
emnist_digits,topk_softmax_0125,5,3,0.12657518684864044,0.9681666666666666,0.968142549878349,0.10158842500854046,0.14000000059604645,1.8956797668274412,nan,nan
emnist_digits,topk_softmax_0125,5,4,0.10471614450216293,0.971,0.9709685614289842,0.09742247507451697,0.14000000059604645,1.8861176168664973,nan,nan
emnist_digits,topk_softmax_0125,5,5,0.08792013674974442,0.969,0.969140563763448,0.09938115634499713,0.14000000059604645,1.8778987057665562,nan,nan
emnist_digits,topk_softmax_0125,5,6,0.08304265886545181,0.97525,0.9752672139236307,0.08343293327600398,0.14000000059604645,1.8797081784999117,nan,nan
emnist_digits,topk_softmax_0125,5,7,0.07226815074682236,0.9756666666666667,0.9757107735574768,0.08084805095766454,0.14000000059604645,1.876211165113652,nan,nan
emnist_digits,topk_softmax_0125,5,8,0.0675484910607338,0.9760833333333333,0.976108266064012,0.0751478643889757,0.14000000059604645,1.871770776332693,nan,nan
emnist_digits,topk_softmax_0125,5,9,0.05866362527012825,0.9780833333333333,0.978109128691403,0.07365531343570415,0.14000000059604645,1.8735918313898938,nan,nan
emnist_digits,topk_softmax_0125,5,10,0.055717334151268005,0.97675,0.976669277663883,0.07890969923043505,0.14000000059604645,1.8572864532470703,nan,nan
emnist_digits,topk_softmax_0125,5,11,0.05218377709388733,0.9803333333333333,0.9803038116104487,0.07291900061387965,0.14000000059604645,1.858098676864137,nan,nan
emnist_digits,topk_softmax_0125,5,12,0.04671912267804146,0.9803333333333333,0.9803591831753424,0.06746564680670804,0.14000000059604645,1.8532662772117776,nan,nan
emnist_digits,topk_softmax_0125,5,13,0.0412953682243824,0.9801666666666666,0.98016896207935,0.068831133616573,0.14000000059604645,1.853682425427944,nan,nan
emnist_digits,topk_softmax_0125,5,14,0.044411059468984604,0.9796666666666667,0.9796556083328648,0.0695054542590329,0.14000000059604645,1.8389210028851286,nan,nan
emnist_digits,topk_softmax_0125,5,15,0.038714662194252014,0.982,0.9819866012720301,0.06807391991482135,0.14000000059604645,1.841376524022285,nan,nan
emnist_digits,topk_softmax_0125,5,16,0.033798351883888245,0.9821666666666666,0.9821696523008805,0.0644465057139701,0.14000000059604645,1.8463911147827798,nan,nan
emnist_digits,topk_softmax_0125,5,17,0.033865008503198624,0.9823333333333333,0.9823306022856485,0.06545491603777763,0.14000000059604645,1.8366714969594429,nan,nan
emnist_digits,topk_softmax_0125,5,18,0.03153638914227486,0.9795833333333334,0.9796453296331368,0.07055750124632044,0.14000000059604645,1.8401424973569018,nan,nan
emnist_digits,topk_softmax_0125,5,19,0.03277825191617012,0.9823333333333333,0.9823249667356642,0.06901510947562278,0.14000000059604645,1.8253501666353105,nan,nan
emnist_digits,topk_softmax_0125,5,20,0.029572412371635437,0.9805,0.9804919593605309,0.07137262305997788,0.14000000059604645,1.8268100035951493,nan,nan
emnist_digits,topk_softmax_0125,5,21,0.02693035453557968,0.981,0.980989938443918,0.07346737178716253,0.14000000059604645,1.8335557300993737,nan,nan
emnist_digits,topk_softmax_0125,5,22,0.029968179762363434,0.9845833333333334,0.9846019397685106,0.06267781286163533,0.14000000059604645,1.8256122596720432,nan,nan
emnist_digits,topk_softmax_0125,5,23,0.027039285749197006,0.9795833333333334,0.9795581018245756,0.08291732250375951,0.14000000059604645,1.8331892490386963,nan,nan
emnist_digits,topk_softmax_0125,5,24,0.02592642232775688,0.9824166666666667,0.9824004595275827,0.06882105298102537,0.14000000059604645,1.8309153128177562,nan,nan
emnist_digits,topk_softmax_0125,5,25,0.023116542026400566,0.9838333333333333,0.9838147967747967,0.06729642424653186,0.14000000059604645,1.8228806447475514,nan,nan
emnist_digits,topk_softmax_0125,5,26,0.025242283940315247,0.9838333333333333,0.9838158500560752,0.07204870332745796,0.14000000059604645,1.821345253193632,nan,nan
emnist_digits,topk_softmax_0125,5,27,0.02228313684463501,0.9834166666666667,0.9833987085016556,0.06681709744511767,0.14000000059604645,1.8192630486285433,nan,nan
emnist_digits,topk_softmax_0125,6,0,1.082066535949707,0.89475,0.8932670039063781,0.3286255306385933,0.14000000059604645,1.9238079418527319,nan,nan
emnist_digits,topk_softmax_0125,6,1,0.25252801179885864,0.9529166666666666,0.9524340383824997,0.1551824056721748,0.14000000059604645,1.8898384799348547,nan,nan
emnist_digits,topk_softmax_0125,6,2,0.16487973928451538,0.9601666666666666,0.9599404957209521,0.12924413319597852,0.14000000059604645,1.873532846887061,nan,nan
emnist_digits,topk_softmax_0125,6,3,0.1306382417678833,0.9663333333333334,0.9660916316725727,0.10750794371074819,0.14000000059604645,1.875006655429272,nan,nan
emnist_digits,topk_softmax_0125,6,4,0.11261666566133499,0.9713333333333334,0.971187564982363,0.09081182192931785,0.14000000059604645,1.8640016330049394,nan,nan
emnist_digits,topk_softmax_0125,6,5,0.0951831042766571,0.9743333333333334,0.9741409843946542,0.07981839688851479,0.14000000059604645,1.870449499881014,nan,nan
emnist_digits,topk_softmax_0125,6,6,0.08760946989059448,0.97175,0.9716953071972482,0.08947781029533833,0.14000000059604645,1.8622872068526897,nan,nan
emnist_digits,topk_softmax_0125,6,7,0.0737140029668808,0.9754166666666667,0.9752888197490233,0.07495729006985401,0.14000000059604645,1.8633194134590474,nan,nan
emnist_digits,topk_softmax_0125,6,8,0.07158535718917847,0.9785833333333334,0.9784451638611236,0.06616801384123082,0.14000000059604645,1.8669110815575782,nan,nan
emnist_digits,topk_softmax_0125,6,9,0.06407715380191803,0.9765833333333334,0.9764496834838434,0.07167312859537754,0.14000000059604645,1.8605187839650092,nan,nan
emnist_digits,topk_softmax_0125,6,10,0.058863528072834015,0.9789166666666667,0.9787863202025177,0.06674600491656903,0.14000000059604645,1.864902489996971,nan,nan
emnist_digits,topk_softmax_0125,6,11,0.05872086435556412,0.9800833333333333,0.9799440392387092,0.06481474305086947,0.14000000059604645,1.8600852299243846,nan,nan
emnist_digits,topk_softmax_0125,6,12,0.05018346384167671,0.98025,0.9801622668112573,0.06312260273447697,0.14000000059604645,1.8627429388939065,nan,nan
emnist_digits,topk_softmax_0125,6,13,0.05157819390296936,0.9805833333333334,0.9804856569557341,0.061094373187169114,0.14000000059604645,1.8529590418998232,nan,nan
emnist_digits,topk_softmax_0125,6,14,0.046853236854076385,0.9805,0.9803832903812058,0.058612955813395214,0.14000000059604645,1.8619994812823357,nan,nan
emnist_digits,topk_softmax_0125,6,15,0.04414299130439758,0.9791666666666666,0.9790362704252245,0.06378832352446749,0.14000000059604645,1.8574744665876348,nan,nan
emnist_digits,topk_softmax_0125,6,16,0.04174632206559181,0.9818333333333333,0.9817042360352455,0.06398787500059351,0.14000000059604645,1.8599548073525125,nan,nan
emnist_digits,topk_softmax_0125,6,17,0.04059375450015068,0.9836666666666667,0.9835617913158103,0.05665600478173571,0.14000000059604645,1.8531487723614306,nan,nan
emnist_digits,topk_softmax_0125,6,18,0.036089539527893066,0.9830833333333333,0.9829810065558267,0.05640586168366544,0.14000000059604645,1.8584256134134658,nan,nan
emnist_digits,topk_softmax_0125,6,19,0.036033958196640015,0.9808333333333333,0.9807320211620111,0.06732794444294686,0.14000000059604645,1.8548269157714032,nan,nan
emnist_digits,topk_softmax_0125,6,20,0.034896813333034515,0.9839166666666667,0.9838070822134858,0.059270107345853716,0.14000000059604645,1.8521325702362872,nan,nan
emnist_digits,topk_softmax_0125,6,21,0.03522011265158653,0.9835,0.9834108012880238,0.0551174050395159,0.14000000059604645,1.8542749501289206,nan,nan
emnist_digits,topk_softmax_0125,6,22,0.030513780191540718,0.9831666666666666,0.9830920865670268,0.055268171025400464,0.14000000059604645,1.8462694553618735,nan,nan
emnist_digits,topk_softmax_0125,6,23,0.03375335410237312,0.98325,0.9831473521761463,0.05403745328967876,0.14000000059604645,1.849605456311652,nan,nan
emnist_digits,topk_softmax_0125,6,24,0.030252506956458092,0.982,0.9819094721190418,0.06102645014749562,0.14000000059604645,1.845474826528671,nan,nan
emnist_digits,topk_softmax_0125,6,25,0.028706131502985954,0.982,0.9818734655974198,0.061676167823532795,0.14000000059604645,1.8566836296243872,nan,nan
emnist_digits,topk_softmax_0125,7,0,1.0382194519042969,0.9078333333333334,0.9081120965871674,0.30063739704324843,0.14000000059604645,1.911677451843911,nan,nan
emnist_digits,topk_softmax_0125,7,1,0.2484804093837738,0.9455,0.9455586689340002,0.1756323498297245,0.14000000059604645,1.891740161053678,nan,nan
emnist_digits,topk_softmax_0125,7,2,0.16935813426971436,0.9621666666666666,0.9623827709491704,0.12293760082189073,0.14000000059604645,1.889556311546488,nan,nan
emnist_digits,topk_softmax_0125,7,3,0.13242720067501068,0.9708333333333333,0.9709149318328552,0.10143177552109069,0.14000000059604645,1.8887198072798708,nan,nan
emnist_digits,topk_softmax_0125,7,4,0.11210297048091888,0.9714166666666667,0.9715040563937059,0.09372597457246577,0.14000000059604645,1.8847997429523062,nan,nan
emnist_digits,topk_softmax_0125,7,5,0.0982966497540474,0.9755,0.9755552712010118,0.08172970320633118,0.14000000059604645,1.8849659486019865,nan,nan
emnist_digits,topk_softmax_0125,7,6,0.08359046280384064,0.9770833333333333,0.9772016508773224,0.07574585210928257,0.14000000059604645,1.8809677375123857,nan,nan
emnist_digits,topk_softmax_0125,7,7,0.07295159995555878,0.9785833333333334,0.9786571543703195,0.0733213963660788,0.14000000059604645,1.8733688275864784,nan,nan
emnist_digits,topk_softmax_0125,7,8,0.06741170585155487,0.97925,0.9793289371098417,0.06784986890852451,0.14000000059604645,1.8716528022542913,nan,nan
emnist_digits,topk_softmax_0125,7,9,0.06326837092638016,0.9804166666666667,0.9805086264976346,0.06475805653695096,0.14000000059604645,1.8668048216941509,nan,nan
emnist_digits,topk_softmax_0125,7,10,0.05719967558979988,0.9820833333333333,0.9821348299451081,0.06497526283752411,0.14000000059604645,1.8686948076207588,nan,nan
emnist_digits,topk_softmax_0125,7,11,0.05108942091464996,0.9834166666666667,0.9834800210456753,0.056895927466610645,0.14000000059604645,1.865503709366981,nan,nan
emnist_digits,topk_softmax_0125,7,12,0.05099968612194061,0.9828333333333333,0.9828901157513419,0.060394038644401314,0.14000000059604645,1.8627673260709072,nan,nan
emnist_digits,topk_softmax_0125,7,13,0.04688208922743797,0.98275,0.9828082883192062,0.05740118244702511,0.14000000059604645,1.8538051843643188,nan,nan
emnist_digits,topk_softmax_0125,7,14,0.04180825501680374,0.98325,0.9832780802155178,0.057672611160322705,0.14000000059604645,1.85818154507495,nan,nan
emnist_digits,topk_softmax_0125,7,15,0.04130976274609566,0.981,0.9810491145113366,0.06837302378993085,0.14000000059604645,1.8552860833228904,nan,nan
emnist_digits,topk_softmax_0125,7,16,0.03890197351574898,0.9839166666666667,0.9839841186098124,0.05705235514076466,0.14000000059604645,1.8601556382280715,nan,nan
emnist_digits,topk_softmax_0125,7,17,0.038455475121736526,0.9803333333333333,0.9803696548803756,0.07310445103398029,0.14000000059604645,1.8570926062604214,nan,nan
emnist_digits,topk_softmax_0125,7,18,0.03812193125486374,0.9845833333333334,0.9845985866692853,0.05871167109209172,0.14000000059604645,1.8437278067812006,nan,nan
emnist_digits,topk_softmax_0125,7,19,0.03454616293311119,0.9848333333333333,0.9848822871912153,0.05716096920932227,0.14000000059604645,1.8443328167529816,nan,nan
emnist_digits,topk_softmax_0125,7,20,0.02814079448580742,0.9851666666666666,0.9852478639283779,0.05587292847005611,0.14000000059604645,1.8417284552087174,nan,nan
emnist_digits,topk_softmax_0125,7,21,0.03345983102917671,0.9846666666666667,0.9847378244414559,0.06070554390192983,0.14000000059604645,1.8396431156929502,nan,nan
emnist_digits,topk_softmax_0125,7,22,0.027723468840122223,0.9835833333333334,0.9836710024227772,0.06210773303470713,0.14000000059604645,1.8398212257851945,nan,nan
emnist_digits,topk_softmax_0125,7,23,0.02849460020661354,0.9819166666666667,0.9819545342564544,0.07542915006188002,0.14000000059604645,1.8354177982249158,nan,nan
emnist_digits,topk_softmax_0125,7,24,0.02783929370343685,0.9845,0.9845633347960708,0.05804436634037089,0.14000000059604645,1.8326961043033194,nan,nan
emnist_digits,topk_softmax_0125,7,25,0.025981275364756584,0.9846666666666667,0.984693398685026,0.059259204243488135,0.14000000059604645,1.8378060510817995,nan,nan
emnist_digits,topk_softmax_0125,8,0,1.0695405006408691,0.90025,0.8998315161882227,0.3169974871772401,0.14000000059604645,1.9346342010700956,nan,nan
emnist_digits,topk_softmax_0125,8,1,0.24639888107776642,0.9515833333333333,0.9516606763708187,0.1606916921569946,0.14000000059604645,1.9288524934586058,nan,nan
emnist_digits,topk_softmax_0125,8,2,0.16313455998897552,0.9565,0.9565208005921864,0.14095102361542114,0.14000000059604645,1.9265391344719744,nan,nan
emnist_digits,topk_softmax_0125,8,3,0.1289060413837433,0.9648333333333333,0.9649865947585043,0.11060714396707555,0.14000000059604645,1.9238055868351713,nan,nan
emnist_digits,topk_softmax_0125,8,4,0.10653643310070038,0.97175,0.971734225856576,0.09196575045427109,0.14000000059604645,1.9176462419489597,nan,nan
emnist_digits,topk_softmax_0125,8,5,0.09233811497688293,0.9724166666666667,0.9724498696125673,0.09266331237047276,0.14000000059604645,1.9144999917517318,nan,nan
emnist_digits,topk_softmax_0125,8,6,0.07918928563594818,0.9761666666666666,0.9761691640902793,0.079262676193042,0.14000000059604645,1.9098598614652107,nan,nan
emnist_digits,topk_softmax_0125,8,7,0.07499347627162933,0.9743333333333334,0.9743791041825132,0.08012369132422387,0.14000000059604645,1.9014015920618748,nan,nan
emnist_digits,topk_softmax_0125,8,8,0.06645406037569046,0.977,0.9770942721704948,0.07651610418837121,0.14000000059604645,1.8948834601868974,nan,nan
emnist_digits,topk_softmax_0125,8,9,0.0617564432322979,0.97675,0.9767708758101719,0.07450665279905846,0.14000000059604645,1.8974355839668435,nan,nan
emnist_digits,topk_softmax_0125,8,10,0.056881166994571686,0.9791666666666666,0.9791192881861486,0.07259796526124503,0.14000000059604645,1.8873765176915107,nan,nan
emnist_digits,topk_softmax_0125,8,11,0.05271751061081886,0.9764166666666667,0.9764212609754374,0.0758200707112221,0.14000000059604645,1.8857584747862308,nan,nan
emnist_digits,topk_softmax_0125,8,12,0.04916204512119293,0.9813333333333333,0.9813132234609518,0.061866320887620146,0.14000000059604645,1.8758080373419093,nan,nan
emnist_digits,topk_softmax_0125,8,13,0.04442242905497551,0.9805833333333334,0.9806190534713848,0.0670265528036559,0.14000000059604645,1.8728825665534812,nan,nan
emnist_digits,topk_softmax_0125,8,14,0.04131041467189789,0.9809166666666667,0.9809355086688114,0.06592739133679486,0.14000000059604645,1.8768016987658562,nan,nan
emnist_digits,topk_softmax_0125,8,15,0.04105483368039131,0.9783333333333334,0.9783139006196893,0.0721570566058793,0.14000000059604645,1.8757446040498449,nan,nan
emnist_digits,topk_softmax_0125,8,16,0.03796584531664848,0.9824166666666667,0.9824457938515708,0.06011855597310561,0.14000000059604645,1.8723513040136783,nan,nan
emnist_digits,topk_softmax_0125,8,17,0.03627130389213562,0.982,0.9820162048588067,0.057583511777301415,0.14000000059604645,1.8669676222699754,nan,nan
emnist_digits,topk_softmax_0125,8,18,0.034744687378406525,0.982,0.9819988914115448,0.060378448145979265,0.14000000059604645,1.8683582417508389,nan,nan
emnist_digits,topk_softmax_0125,8,19,0.03228655084967613,0.9835833333333334,0.9835615628504263,0.05651897403035075,0.14000000059604645,1.8642170847730433,nan,nan
emnist_digits,topk_softmax_0125,8,20,0.03251959756016731,0.9821666666666666,0.9821833153226853,0.06767220828840707,0.14000000059604645,1.861020639855811,nan,nan
emnist_digits,topk_softmax_0125,8,21,0.030466241762042046,0.9815,0.9815238065371235,0.06394134871067202,0.14000000059604645,1.8553127113808976,nan,nan
emnist_digits,topk_softmax_0125,8,22,0.027835698798298836,0.984,0.9839707561480158,0.05968545764645047,0.14000000059604645,1.8523720781853859,nan,nan
emnist_digits,topk_softmax_0125,8,23,0.02660074084997177,0.9855,0.9854719749228756,0.05948902218741305,0.14000000059604645,1.847710500372217,nan,nan
emnist_digits,topk_softmax_0125,8,24,0.02831905335187912,0.9839166666666667,0.9839100880664512,0.060627987033667716,0.14000000059604645,1.8441044206314898,nan,nan
emnist_digits,topk_softmax_0125,8,25,0.02594977430999279,0.98425,0.9842580400214815,0.05931358404972769,0.14000000059604645,1.8384017766790186,nan,nan
emnist_digits,topk_softmax_0125,8,26,0.027323776856064796,0.9850833333333333,0.9850579453745135,0.0570759524373298,0.14000000059604645,1.8330056806828112,nan,nan
emnist_digits,topk_softmax_0125,8,27,0.02526574395596981,0.9820833333333333,0.9820751277361852,0.06231264924590892,0.14000000059604645,1.8376789308608847,nan,nan
emnist_digits,topk_softmax_0125,8,28,0.022703606635332108,0.9855,0.9854937455456811,0.05466140203792205,0.14000000059604645,1.8290751880787788,nan,nan
emnist_digits,topk_softmax_0125,9,0,1.0923843383789062,0.8930833333333333,0.8933066812037149,0.3459172052271823,0.14000000059604645,1.919971576396455,nan,nan
emnist_digits,topk_softmax_0125,9,1,0.26076698303222656,0.9499166666666666,0.9499263650179308,0.15875484112729418,0.14000000059604645,1.8938577606322917,nan,nan
emnist_digits,topk_softmax_0125,9,2,0.16574926674365997,0.958,0.9580361686923873,0.13256132856328437,0.14000000059604645,1.8926463279318302,nan,nan
emnist_digits,topk_softmax_0125,9,3,0.13096651434898376,0.965,0.9648616350336642,0.10727697024320035,0.14000000059604645,1.8854234992189611,nan,nan
emnist_digits,topk_softmax_0125,9,4,0.10676248371601105,0.9670833333333333,0.9671005679779878,0.10859211312329516,0.14000000059604645,1.8814392914163305,nan,nan
emnist_digits,topk_softmax_0125,9,5,0.09126029908657074,0.9681666666666666,0.9679686761205598,0.11017387875534118,0.14000000059604645,1.875159131719711,nan,nan
emnist_digits,topk_softmax_0125,9,6,0.08078370988368988,0.9776666666666667,0.9776153663248784,0.07096685397815197,0.14000000059604645,1.8735439079873106,nan,nan
emnist_digits,topk_softmax_0125,9,7,0.07004883140325546,0.9734166666666667,0.973467008439947,0.08463890438384199,0.14000000059604645,1.8715534083386685,nan,nan
emnist_digits,topk_softmax_0125,9,8,0.06406300514936447,0.9760833333333333,0.9760604771439384,0.08160792291164398,0.14000000059604645,1.8676434007096798,nan,nan
emnist_digits,topk_softmax_0125,9,9,0.05985649302601814,0.97925,0.9792077215335135,0.0715954655662496,0.14000000059604645,1.8693173857445413,nan,nan
emnist_digits,topk_softmax_0125,9,10,0.05573108792304993,0.9781666666666666,0.9781206984500879,0.07104871540944627,0.14000000059604645,1.8645652722805104,nan,nan
emnist_digits,topk_softmax_0125,9,11,0.048334985971450806,0.97775,0.9777607346742849,0.07206471418922251,0.14000000059604645,1.8583522350230115,nan,nan
emnist_digits,topk_softmax_0125,9,12,0.04668885096907616,0.9730833333333333,0.9731604683947307,0.09391408124344146,0.14000000059604645,1.8591752153761842,nan,nan
emnist_digits,topk_softmax_0125,9,13,0.04933680593967438,0.98075,0.980758020926519,0.06964917124268856,0.14000000059604645,1.855063664152267,nan,nan
emnist_digits,topk_softmax_0125,9,14,0.04214916378259659,0.9796666666666667,0.9796829363043343,0.06965368336185496,0.14000000059604645,1.8502421556635107,nan,nan
emnist_digits,topk_softmax_0125,9,15,0.03870248422026634,0.9795833333333334,0.9795803653284099,0.07108172179853663,0.14000000059604645,1.8498070189293394,nan,nan
emnist_digits,topk_softmax_0125,9,16,0.0336836576461792,0.98025,0.9802840366982956,0.067049115420656,0.14000000059604645,1.8461099330415116,nan,nan
emnist_digits,topk_softmax_0125,9,17,0.034617435187101364,0.9805,0.9805123467019257,0.06817101742675964,0.14000000059604645,1.8424545158731176,nan,nan
emnist_digits,topk_softmax_0125,9,18,0.033825118094682693,0.97975,0.9797206111777841,0.07596256738488978,0.14000000059604645,1.8406205988944846,nan,nan
emnist_digits,topk_softmax_025,0,0,1.217699408531189,0.86725,0.8663777969087907,0.4224939352654396,0.25999999046325684,2.548386497700468,nan,nan
emnist_digits,topk_softmax_025,0,1,0.2923215329647064,0.9469166666666666,0.9465467557481478,0.180314561471026,0.25999999046325684,2.5445041884767248,nan,nan
emnist_digits,topk_softmax_025,0,2,0.18066996335983276,0.95475,0.954607651075109,0.15298881968285175,0.25999999046325684,2.5391065592461444,nan,nan
emnist_digits,topk_softmax_025,0,3,0.14070838689804077,0.9589166666666666,0.9586885036100219,0.13260196656622786,0.25999999046325684,2.5303717090728437,nan,nan
emnist_digits,topk_softmax_025,0,4,0.11449702829122543,0.9718333333333333,0.9717185747698357,0.0939243974837851,0.25999999046325684,2.5189702155742237,nan,nan
emnist_digits,topk_softmax_025,0,5,0.10308365523815155,0.9635,0.9635061239299401,0.12016935186817292,0.25999999046325684,2.505627096967494,nan,nan
emnist_digits,topk_softmax_025,0,6,0.09277087450027466,0.9704166666666667,0.9703113625302334,0.09181364308646385,0.25999999046325684,2.4987907130667506,nan,nan
emnist_digits,topk_softmax_025,0,7,0.07706551253795624,0.9751666666666666,0.9750822075834694,0.07738780618665066,0.25999999046325684,2.494901489704213,nan,nan
emnist_digits,topk_softmax_025,0,8,0.06990094482898712,0.97525,0.9751838356942798,0.07920460922128343,0.25999999046325684,2.4862039013111845,nan,nan
emnist_digits,topk_softmax_025,0,9,0.06644182652235031,0.97675,0.9766545279850087,0.07578265464844856,0.25999999046325684,2.489203785328155,nan,nan
emnist_digits,topk_softmax_025,0,10,0.05993162468075752,0.9779166666666667,0.9778634332643268,0.07161192041128239,0.25999999046325684,2.485208919707765,nan,nan
emnist_digits,topk_softmax_025,0,11,0.05581679940223694,0.978,0.9778829560309118,0.06804136083798205,0.25999999046325684,2.4814325900788003,nan,nan
emnist_digits,topk_softmax_025,0,12,0.052339937537908554,0.9754166666666667,0.9753040434191205,0.08082326137005015,0.25999999046325684,2.4819394857325454,nan,nan
emnist_digits,topk_softmax_025,0,13,0.045836467295885086,0.9790833333333333,0.9790077179412405,0.06765602588495041,0.25999999046325684,2.4765010387339492,nan,nan
emnist_digits,topk_softmax_025,0,14,0.04450477659702301,0.9789166666666667,0.9788087902878002,0.0707344544179579,0.25999999046325684,2.478756435373996,nan,nan
emnist_digits,topk_softmax_025,0,15,0.04326558858156204,0.9784166666666667,0.9783845513080388,0.06719118376520086,0.25999999046325684,2.4739716534918927,nan,nan
emnist_digits,topk_softmax_025,0,16,0.03815530985593796,0.9811666666666666,0.9810685449899038,0.06425051908305984,0.25999999046325684,2.4703400946678,nan,nan
emnist_digits,topk_softmax_025,0,17,0.03647785261273384,0.98225,0.98211422514567,0.06131433687628584,0.25999999046325684,2.4738830657715494,nan,nan
emnist_digits,topk_softmax_025,0,18,0.036342304199934006,0.98375,0.983677824279888,0.0538629144033853,0.25999999046325684,2.4735290167179516,nan,nan
emnist_digits,topk_softmax_025,0,19,0.03374779224395752,0.9811666666666666,0.9810657476828878,0.06561289026223599,0.25999999046325684,2.4735744887209954,nan,nan
emnist_digits,topk_softmax_025,0,20,0.03226439654827118,0.9849166666666667,0.9848493450548954,0.06003131021923842,0.25999999046325684,2.4649964444180754,nan,nan
emnist_digits,topk_softmax_025,0,21,0.031009191647171974,0.98175,0.9816930907463648,0.06491228747875133,0.25999999046325684,2.45944991771211,nan,nan
emnist_digits,topk_softmax_025,0,22,0.03178311139345169,0.9815833333333334,0.9814982225501451,0.0629955350044877,0.25999999046325684,2.4522965791377613,nan,nan
emnist_digits,topk_softmax_025,0,23,0.029002346098423004,0.9821666666666666,0.982055334813422,0.06390474865490452,0.25999999046325684,2.454593298283029,nan,nan
emnist_digits,topk_softmax_025,0,24,0.02835354022681713,0.98375,0.9836661087384723,0.062323967044420066,0.25999999046325684,2.4566468761322344,nan,nan
emnist_digits,topk_softmax_025,0,25,0.02618962526321411,0.9841666666666666,0.9840992866429747,0.05998400861318124,0.25999999046325684,2.4536318702900664,nan,nan
emnist_digits,topk_softmax_025,1,0,1.2286163568496704,0.8496666666666667,0.8506539331306853,0.4612540558297583,0.25999999046325684,2.535808286768325,nan,nan
emnist_digits,topk_softmax_025,1,1,0.3426555395126343,0.93375,0.933775087697007,0.21865816731402216,0.25999999046325684,2.5390378135315914,nan,nan
emnist_digits,topk_softmax_025,1,2,0.207420215010643,0.942,0.9418460053869712,0.18269724541522087,0.25999999046325684,2.537034826075777,nan,nan
emnist_digits,topk_softmax_025,1,3,0.1700618416070938,0.9528333333333333,0.9529408433854222,0.14748959837758796,0.25999999046325684,2.5314582358015345,nan,nan
emnist_digits,topk_softmax_025,1,4,0.1375911831855774,0.9638333333333333,0.9639190792245185,0.1166692520392702,0.25999999046325684,2.522146014457053,nan,nan
emnist_digits,topk_softmax_025,1,5,0.12127766013145447,0.9634166666666667,0.963650294910764,0.11152028522275864,0.25999999046325684,2.515566090320019,nan,nan
emnist_digits,topk_softmax_025,1,6,0.104264035820961,0.9688333333333333,0.9688157631432779,0.1029084499608329,0.25999999046325684,2.511937364618829,nan,nan
emnist_digits,topk_softmax_025,1,7,0.09641911089420319,0.9743333333333334,0.974352304677411,0.07930186517695163,0.25999999046325684,2.50682174398544,nan,nan
emnist_digits,topk_softmax_025,1,8,0.0852174237370491,0.9750833333333333,0.9750614910968849,0.07486094371911059,0.25999999046325684,2.4978344998461135,nan,nan
emnist_digits,topk_softmax_025,1,9,0.07820487022399902,0.9780833333333333,0.9780818391438928,0.06864880592106505,0.25999999046325684,2.4915457355215196,nan,nan
emnist_digits,topk_softmax_025,1,10,0.07016142457723618,0.9780833333333333,0.9781028975457895,0.06787437117321694,0.25999999046325684,2.485069211493147,nan,nan
emnist_digits,topk_softmax_025,1,11,0.06752964109182358,0.9783333333333334,0.9783282327908245,0.06443811069302102,0.25999999046325684,2.478808027632693,nan,nan
emnist_digits,topk_softmax_025,1,12,0.06484583020210266,0.979,0.978993015052667,0.06859079696872133,0.25999999046325684,2.478705786644144,nan,nan
emnist_digits,topk_softmax_025,1,13,0.05928853526711464,0.9736666666666667,0.9738159658186241,0.08269323333305248,0.25999999046325684,2.4710685192270483,nan,nan
emnist_digits,topk_softmax_025,1,14,0.05446420609951019,0.9805833333333334,0.9805780136530557,0.06121686822239389,0.25999999046325684,2.470117084523465,nan,nan
emnist_digits,topk_softmax_025,1,15,0.051601409912109375,0.9821666666666666,0.9821722017748058,0.05946753594152471,0.25999999046325684,2.4630545732822826,nan,nan
emnist_digits,topk_softmax_025,1,16,0.048747219145298004,0.9818333333333333,0.981854202712538,0.0565771993368547,0.25999999046325684,2.4660880667098026,nan,nan
emnist_digits,topk_softmax_025,1,17,0.0443020798265934,0.9815,0.9815339230000196,0.05932924226719014,0.25999999046325684,2.457035447688813,nan,nan
emnist_digits,topk_softmax_025,1,18,0.041374191641807556,0.9820833333333333,0.9820951559821275,0.05845988799441368,0.25999999046325684,2.451028547388442,nan,nan
emnist_digits,topk_softmax_025,1,19,0.04433564469218254,0.9824166666666667,0.9824400962121856,0.05922272991626821,0.25999999046325684,2.4425318672301923,nan,nan
emnist_digits,topk_softmax_025,1,20,0.03705090656876564,0.9808333333333333,0.9808623527272402,0.06138239820745397,0.25999999046325684,2.4532093722769557,nan,nan
emnist_digits,topk_softmax_025,1,21,0.037430208176374435,0.983,0.9830253164539119,0.056805712923883124,0.25999999046325684,2.440058375926728,nan,nan
emnist_digits,topk_softmax_025,1,22,0.03444381803274155,0.9829166666666667,0.9829425934781979,0.05556308100634116,0.25999999046325684,2.4466877414825117,nan,nan
emnist_digits,topk_softmax_025,1,23,0.03599375858902931,0.9821666666666666,0.9821841433185231,0.05996220636161718,0.25999999046325684,2.444867605858661,nan,nan
emnist_digits,topk_softmax_025,1,24,0.03134772926568985,0.9839166666666667,0.9839779230728029,0.05919820012802139,0.25999999046325684,2.4475005459278187,nan,nan
emnist_digits,topk_softmax_025,1,25,0.031922612339258194,0.9835833333333334,0.9836080281322189,0.055077177432781836,0.25999999046325684,2.434989792235354,nan,nan
emnist_digits,topk_softmax_025,1,26,0.030479077249765396,0.985,0.9850148124540248,0.05371532066071287,0.25999999046325684,2.4390128546572747,nan,nan
emnist_digits,topk_softmax_025,1,27,0.03009180724620819,0.9849166666666667,0.9849366170472871,0.051250059435025176,0.25999999046325684,2.4428159886218133,nan,nan
emnist_digits,topk_softmax_025,1,28,0.026259010657668114,0.9818333333333333,0.9818355420905206,0.06266788892606472,0.25999999046325684,2.4426590939785573,nan,nan
emnist_digits,topk_softmax_025,1,29,0.027069250121712685,0.984,0.9839962068802496,0.05652610228416768,0.25999999046325684,2.4363304351238493,nan,nan
emnist_digits,topk_softmax_025,2,0,1.1386994123458862,0.8916666666666667,0.8914167227446741,0.3578670151690219,0.25999999046325684,2.5246080844960312,nan,nan
emnist_digits,topk_softmax_025,2,1,0.28813013434410095,0.94775,0.947639639704264,0.17369730104791356,0.25999999046325684,2.5264512224400297,nan,nan
emnist_digits,topk_softmax_025,2,2,0.18225514888763428,0.9594166666666667,0.9593011599526073,0.13462429081505917,0.25999999046325684,2.525384322125861,nan,nan
emnist_digits,topk_softmax_025,2,3,0.13449659943580627,0.9654166666666667,0.9653194427409708,0.116080336827547,0.25999999046325684,2.519515816201555,nan,nan
emnist_digits,topk_softmax_025,2,4,0.11479884386062622,0.9708333333333333,0.9707908268131629,0.10044004245007292,0.25999999046325684,2.510673368230779,nan,nan
emnist_digits,topk_softmax_025,2,5,0.09496116638183594,0.9735833333333334,0.9735234475314918,0.09156850971123005,0.25999999046325684,2.510144276821867,nan,nan
emnist_digits,topk_softmax_025,2,6,0.08381965756416321,0.9734166666666667,0.97332840100021,0.09008870963403519,0.25999999046325684,2.500505399196706,nan,nan
emnist_digits,topk_softmax_025,2,7,0.07416742295026779,0.9759166666666667,0.9758533664379051,0.08478798051463797,0.25999999046325684,2.4968146618376386,nan,nan
emnist_digits,topk_softmax_025,2,8,0.07259023934602737,0.9779166666666667,0.9778573102770685,0.07508818987519184,0.25999999046325684,2.4851410896220107,nan,nan
emnist_digits,topk_softmax_025,2,9,0.06246047094464302,0.9773333333333334,0.9772371116985669,0.07531592780922322,0.25999999046325684,2.488400418707665,nan,nan
emnist_digits,topk_softmax_025,2,10,0.05955810099840164,0.9795833333333334,0.9795449034808079,0.06646275227057173,0.25999999046325684,2.4813396600966757,nan,nan
emnist_digits,topk_softmax_025,2,11,0.053820446133613586,0.9775833333333334,0.9775062574735947,0.07891493381813486,0.25999999046325684,2.4802708879430244,nan,nan
emnist_digits,topk_softmax_025,2,12,0.05146743357181549,0.9806666666666667,0.9806447126750978,0.07317626999413714,0.25999999046325684,2.47771762279754,nan,nan
emnist_digits,topk_softmax_025,2,13,0.04653604328632355,0.9805,0.9804781488491441,0.06885773585514819,0.25999999046325684,2.473799185549959,nan,nan
emnist_digits,topk_softmax_025,2,14,0.044586021453142166,0.98125,0.9812361577726024,0.06835481833587302,0.25999999046325684,2.468855434275688,nan,nan
emnist_digits,topk_softmax_025,2,15,0.04262087121605873,0.9815833333333334,0.981519723436525,0.06590097250932074,0.25999999046325684,2.476916193962097,nan,nan
emnist_digits,topk_softmax_025,2,16,0.041312430053949356,0.97975,0.9796945441921366,0.06724998085422719,0.25999999046325684,2.4695662564419685,nan,nan
emnist_digits,topk_softmax_025,2,17,0.03900777921080589,0.9816666666666667,0.9816293260945932,0.06741412566538821,0.25999999046325684,2.4704751004564,nan,nan
emnist_digits,topk_softmax_025,2,18,0.03733085095882416,0.9829166666666667,0.9828794126064521,0.060812160650149306,0.25999999046325684,2.4684479515603246,nan,nan
emnist_digits,topk_softmax_025,2,19,0.032806213945150375,0.9820833333333333,0.9820908814325119,0.057044602811653564,0.25999999046325684,2.468883793404762,nan,nan
emnist_digits,topk_softmax_025,2,20,0.028971610590815544,0.9835,0.9834347027500414,0.06154475884234652,0.25999999046325684,2.466566301406698,nan,nan
emnist_digits,topk_softmax_025,2,21,0.03363602235913277,0.9844166666666667,0.984386859896927,0.06126267593750294,0.25999999046325684,2.4517782774377377,nan,nan
emnist_digits,topk_softmax_025,2,22,0.033177852630615234,0.9825833333333334,0.9825608159382784,0.0634739638326016,0.25999999046325684,2.4631395948694106,nan,nan
emnist_digits,topk_softmax_025,2,23,0.02774648927152157,0.9820833333333333,0.9820366061880303,0.06272246862979645,0.25999999046325684,2.461575749072623,nan,nan
emnist_digits,topk_softmax_025,2,24,0.0275381151586771,0.98125,0.9812311531664892,0.07035257001506522,0.25999999046325684,2.4508992763275796,nan,nan
emnist_digits,topk_softmax_025,2,25,0.02792113460600376,0.9831666666666666,0.9831135455023775,0.06546013396074797,0.25999999046325684,2.4552825892225223,nan,nan
emnist_digits,topk_softmax_025,2,26,0.026481876149773598,0.98275,0.9826921329832429,0.06791748494860973,0.25999999046325684,2.4559769478250058,nan,nan
emnist_digits,topk_softmax_025,3,0,1.1336146593093872,0.8910833333333333,0.8917159981046909,0.36123980803692596,0.25999999046325684,2.522559401836801,nan,nan
emnist_digits,topk_softmax_025,3,1,0.30242061614990234,0.9233333333333333,0.9242381431883453,0.24814457050029268,0.25999999046325684,2.5001337857956583,nan,nan
emnist_digits,topk_softmax_025,3,2,0.19091014564037323,0.9556666666666667,0.955688752922496,0.15187792147093632,0.25999999046325684,2.4964149505534072,nan,nan
emnist_digits,topk_softmax_025,3,3,0.15173110365867615,0.9665833333333333,0.9667103021319002,0.11479991951838453,0.25999999046325684,2.4796184453558414,nan,nan
emnist_digits,topk_softmax_025,3,4,0.11803241074085236,0.9719166666666667,0.9720120838472226,0.09630611622111594,0.25999999046325684,2.4651804807338307,nan,nan
emnist_digits,topk_softmax_025,3,5,0.10114659368991852,0.9686666666666667,0.9688163831061758,0.1064383198130638,0.25999999046325684,2.458600016350442,nan,nan
emnist_digits,topk_softmax_025,3,6,0.08529631048440933,0.97925,0.9793713576369312,0.07170914335453764,0.25999999046325684,2.471947193145752,nan,nan
emnist_digits,topk_softmax_025,3,7,0.07466471940279007,0.9790833333333333,0.9791799968822111,0.07406168710440397,0.25999999046325684,2.4585334747395615,nan,nan
emnist_digits,topk_softmax_025,3,8,0.07109157741069794,0.9779166666666667,0.9779228336620462,0.07691868097382656,0.25999999046325684,2.457913989716388,nan,nan
emnist_digits,topk_softmax_025,3,9,0.0666843131184578,0.9804166666666667,0.9804871652996943,0.0674381368258532,0.25999999046325684,2.4472965940516045,nan,nan
emnist_digits,topk_softmax_025,3,10,0.054721400141716,0.9784166666666667,0.9785437997173881,0.07443962329404151,0.25999999046325684,2.446655593019851,nan,nan
emnist_digits,topk_softmax_025,3,11,0.0535125657916069,0.9801666666666666,0.9802730222763036,0.06765477947811498,0.25999999046325684,2.43873227403519,nan,nan
emnist_digits,topk_softmax_025,3,12,0.05076500028371811,0.9829166666666667,0.9829967530273171,0.0585545588661223,0.25999999046325684,2.4374315687950623,nan,nan
emnist_digits,topk_softmax_025,3,13,0.04665989428758621,0.97975,0.9798398347187611,0.06999301377366832,0.25999999046325684,2.4295225676069867,nan,nan
emnist_digits,topk_softmax_025,3,14,0.0432434007525444,0.9823333333333333,0.9824301658776127,0.05938240132750349,0.25999999046325684,2.4240020944717084,nan,nan
emnist_digits,topk_softmax_025,3,15,0.041601791977882385,0.9839166666666667,0.9839788001939173,0.053583074162932155,0.25999999046325684,2.4242500244302954,nan,nan
emnist_digits,topk_softmax_025,3,16,0.04029037058353424,0.9816666666666667,0.981832186240615,0.06635505850724083,0.25999999046325684,2.423133431596959,nan,nan
emnist_digits,topk_softmax_025,3,17,0.03633392974734306,0.9848333333333333,0.9849009521123001,0.05806597969197529,0.25999999046325684,2.4120615872930973,nan,nan
emnist_digits,topk_softmax_025,3,18,0.03626728802919388,0.9826666666666667,0.9827902360627588,0.06344275078439016,0.25999999046325684,2.418756883195106,nan,nan
emnist_digits,topk_softmax_025,3,19,0.03419014811515808,0.9860833333333333,0.9861365502958087,0.056440929693982324,0.25999999046325684,2.416141626682687,nan,nan
emnist_digits,topk_softmax_025,3,20,0.0306064672768116,0.9843333333333333,0.9843928395306559,0.0583252821989516,0.25999999046325684,2.405111036402114,nan,nan
emnist_digits,topk_softmax_025,3,21,0.03269658982753754,0.9836666666666667,0.9837723207203937,0.06024950269134121,0.25999999046325684,2.400205926692232,nan,nan
emnist_digits,topk_softmax_025,3,22,0.027592765167355537,0.9834166666666667,0.9835237611653971,0.0619783339764368,0.25999999046325684,2.405699078072893,nan,nan
emnist_digits,topk_softmax_025,3,23,0.02644566260278225,0.98575,0.9857878448126052,0.05485469671560729,0.25999999046325684,2.411728138619281,nan,nan
emnist_digits,topk_softmax_025,3,24,0.027283228933811188,0.9841666666666666,0.9842678138438204,0.05667025133214416,0.25999999046325684,2.4041967848513988,nan,nan
emnist_digits,topk_softmax_025,4,0,1.270010232925415,0.8911666666666667,0.8910381868116721,0.3712447190538366,0.25999999046325684,2.5452456525031555,nan,nan
emnist_digits,topk_softmax_025,4,1,0.27833589911460876,0.9380833333333334,0.9377331040110976,0.2050399880142922,0.25999999046325684,2.5419149677804174,nan,nan
emnist_digits,topk_softmax_025,4,2,0.18087606132030487,0.9609166666666666,0.9608014829060749,0.13102084699463337,0.25999999046325684,2.536071957425868,nan,nan
emnist_digits,topk_softmax_025,4,3,0.1370454728603363,0.9625,0.9621733547715536,0.12869899910181126,0.25999999046325684,2.520868139064058,nan,nan
emnist_digits,topk_softmax_025,4,4,0.11373987048864365,0.9666666666666667,0.9666313568440179,0.10623316664962058,0.25999999046325684,2.5106526486417082,nan,nan
emnist_digits,topk_softmax_025,4,5,0.09733504056930542,0.9728333333333333,0.9727610674864253,0.09038956114586363,0.25999999046325684,2.5041604625417833,nan,nan
emnist_digits,topk_softmax_025,4,6,0.0853961929678917,0.9761666666666666,0.9760118217331547,0.07785152968891124,0.25999999046325684,2.493822082560113,nan,nan
emnist_digits,topk_softmax_025,4,7,0.07318117469549179,0.9735,0.9734687620763826,0.08789548515639406,0.25999999046325684,2.4875759520429246,nan,nan
emnist_digits,topk_softmax_025,4,8,0.06833939254283905,0.9780833333333333,0.9779890071152236,0.06951411333965495,0.25999999046325684,2.486270546913147,nan,nan
emnist_digits,topk_softmax_025,4,9,0.06234540045261383,0.977,0.9769035139829727,0.07377788055925927,0.25999999046325684,2.486115721946067,nan,nan
emnist_digits,topk_softmax_025,4,10,0.05920371040701866,0.9800833333333333,0.9800045662804757,0.06684184137811051,0.25999999046325684,2.479081503888394,nan,nan
emnist_digits,topk_softmax_025,4,11,0.056575607508420944,0.9784166666666667,0.9783033238581667,0.07222697146712466,0.25999999046325684,2.4735206238766936,nan,nan
emnist_digits,topk_softmax_025,4,12,0.050756413489580154,0.9785833333333334,0.9785004280488442,0.07077149248265839,0.25999999046325684,2.4691662255753863,nan,nan
emnist_digits,topk_softmax_025,4,13,0.047111693769693375,0.98225,0.9821866703120696,0.06218321720494869,0.25999999046325684,2.4655543895477945,nan,nan
emnist_digits,topk_softmax_025,4,14,0.045171428471803665,0.9823333333333333,0.9822613080717952,0.06201947742003076,0.25999999046325684,2.4633960115148668,nan,nan
emnist_digits,topk_softmax_025,4,15,0.04324488341808319,0.9794166666666667,0.9794340005767376,0.06658695584678269,0.25999999046325684,2.458712382519499,nan,nan
emnist_digits,topk_softmax_025,4,16,0.04192638769745827,0.9828333333333333,0.9827500159591167,0.059803385693738435,0.25999999046325684,2.4530174630753536,nan,nan
emnist_digits,topk_softmax_025,4,17,0.037901654839515686,0.9839166666666667,0.983855817762542,0.05588636676126972,0.25999999046325684,2.441981554031372,nan,nan
emnist_digits,topk_softmax_025,4,18,0.03542386367917061,0.9811666666666666,0.981098215974599,0.06501615455651537,0.25999999046325684,2.444334238133532,nan,nan
emnist_digits,topk_softmax_025,4,19,0.034196265041828156,0.9815,0.9814400484748459,0.06205836182182774,0.25999999046325684,2.441992929641237,nan,nan
emnist_digits,topk_softmax_025,4,20,0.03666925057768822,0.9831666666666666,0.9830716665232483,0.060494959696215836,0.25999999046325684,2.433479534818771,nan,nan
emnist_digits,topk_softmax_025,4,21,0.03461860492825508,0.9836666666666667,0.983596311731441,0.05691738229026978,0.25999999046325684,2.4380879833343183,nan,nan
emnist_digits,topk_softmax_025,4,22,0.028876719996333122,0.9815833333333334,0.9815338753591817,0.06586797775185489,0.25999999046325684,2.427049385740402,nan,nan
emnist_digits,topk_softmax_025,5,0,1.0714788436889648,0.8979166666666667,0.8974837196329437,0.3330470792790677,0.25999999046325684,2.5246715799291084,nan,nan
emnist_digits,topk_softmax_025,5,1,0.2812112271785736,0.94075,0.9408268229804564,0.20082589857121733,0.25999999046325684,2.522617608942884,nan,nan
emnist_digits,topk_softmax_025,5,2,0.19459307193756104,0.9526666666666667,0.9525489474616385,0.15941880009275802,0.25999999046325684,2.5196491124782154,nan,nan
emnist_digits,topk_softmax_025,5,3,0.14724968373775482,0.9591666666666666,0.9591416147952453,0.13671009448614527,0.25999999046325684,2.5055457987683885,nan,nan
emnist_digits,topk_softmax_025,5,4,0.13082091510295868,0.96775,0.9677308364966185,0.10342710845647975,0.25999999046325684,2.4952364779533225,nan,nan
emnist_digits,topk_softmax_025,5,5,0.10442808270454407,0.969,0.9690132801211071,0.10034937387768258,0.25999999046325684,2.485340564808947,nan,nan
emnist_digits,topk_softmax_025,5,6,0.09209498763084412,0.96125,0.9609555797642099,0.12734952553155574,0.25999999046325684,2.484273174975781,nan,nan
emnist_digits,topk_softmax_025,5,7,0.08607088774442673,0.9680833333333333,0.968286923941249,0.10460117300774188,0.25999999046325684,2.475978290781062,nan,nan
emnist_digits,topk_softmax_025,5,8,0.07649485766887665,0.974,0.9739876259387106,0.08570734157841256,0.25999999046325684,2.476406825349686,nan,nan
emnist_digits,topk_softmax_025,5,9,0.06833118945360184,0.9780833333333333,0.9780919563654367,0.06960042688916339,0.25999999046325684,2.4726466650658465,nan,nan
emnist_digits,topk_softmax_025,5,10,0.06479118764400482,0.9771666666666666,0.9771544624606611,0.07953231833241087,0.25999999046325684,2.4571470808475575,nan,nan
emnist_digits,topk_softmax_025,5,11,0.06154534965753555,0.976,0.9759749436737779,0.08203297183710209,0.25999999046325684,2.459601460619176,nan,nan
emnist_digits,topk_softmax_025,5,12,0.05765403062105179,0.97975,0.9796940737564531,0.06963896941631398,0.25999999046325684,2.460695573624144,nan,nan
emnist_digits,topk_softmax_025,5,13,0.05326937511563301,0.9804166666666667,0.9803634718710553,0.06801231879186123,0.25999999046325684,2.4646680862345596,nan,nan
emnist_digits,topk_softmax_025,5,14,0.050327446311712265,0.97975,0.9797104217727707,0.07042047205044234,0.25999999046325684,2.454815468889602,nan,nan
emnist_digits,topk_softmax_025,5,15,0.04532768204808235,0.9800833333333333,0.9800885433427823,0.06719396350548622,0.25999999046325684,2.457845259220042,nan,nan
emnist_digits,topk_softmax_025,5,16,0.043103642761707306,0.98075,0.9807477577348609,0.06877439296705291,0.25999999046325684,2.4534250802182136,nan,nan
emnist_digits,topk_softmax_025,5,17,0.04181043803691864,0.9844166666666667,0.9843963352054015,0.05771975970252397,0.25999999046325684,2.44760329418994,nan,nan
emnist_digits,topk_softmax_025,5,18,0.04122941568493843,0.9798333333333333,0.9798295792648404,0.07008299667467462,0.25999999046325684,2.4558128473606518,nan,nan
emnist_digits,topk_softmax_025,5,19,0.0387229323387146,0.98225,0.9822208681645254,0.0660020391991798,0.25999999046325684,2.4480032819382687,nan,nan
emnist_digits,topk_softmax_025,5,20,0.037343718111515045,0.9811666666666666,0.9811163168238695,0.0720300105539091,0.25999999046325684,2.440498582860257,nan,nan
emnist_digits,topk_softmax_025,5,21,0.0337822288274765,0.9811666666666666,0.9811269223261545,0.06401460025301005,0.25999999046325684,2.4563690423965454,nan,nan
emnist_digits,topk_softmax_025,5,22,0.03175327554345131,0.9814166666666667,0.9813851201284356,0.06581664894846209,0.25999999046325684,2.451112942492708,nan,nan
emnist_digits,topk_softmax_025,6,0,1.1911035776138306,0.8918333333333334,0.8914071088870361,0.3429106851207449,0.25999999046325684,2.5435311058734325,nan,nan
emnist_digits,topk_softmax_025,6,1,0.2838159203529358,0.9448333333333333,0.9444809602917343,0.1762224795653465,0.25999999046325684,2.5382228633190724,nan,nan
emnist_digits,topk_softmax_025,6,2,0.1815030425786972,0.959,0.9586880877455426,0.13513389974832535,0.25999999046325684,2.529010798068757,nan,nan
emnist_digits,topk_softmax_025,6,3,0.14403514564037323,0.9648333333333333,0.9646461954285719,0.11425738971918187,0.25999999046325684,2.525227724237645,nan,nan
emnist_digits,topk_softmax_025,6,4,0.11754541099071503,0.9681666666666666,0.9680420818436662,0.09795961600351841,0.25999999046325684,2.5251135496383017,nan,nan
emnist_digits,topk_softmax_025,6,5,0.09938651323318481,0.973,0.9728722855871073,0.08831813709532961,0.25999999046325684,2.523922070543817,nan,nan
emnist_digits,topk_softmax_025,6,6,0.09216286987066269,0.9729166666666667,0.97276363847291,0.08843048249787473,0.25999999046325684,2.5190536037404487,nan,nan
emnist_digits,topk_softmax_025,6,7,0.08289280533790588,0.9753333333333334,0.975211931309581,0.07802841677627664,0.25999999046325684,2.5189540513018343,nan,nan
emnist_digits,topk_softmax_025,6,8,0.073212169110775,0.9765,0.9763857057568737,0.06998795912937915,0.25999999046325684,2.5148216485977173,nan,nan
emnist_digits,topk_softmax_025,6,9,0.06671661883592606,0.9768333333333333,0.9766704978303788,0.07591470342842822,0.25999999046325684,2.512894313386146,nan,nan
emnist_digits,topk_softmax_025,6,10,0.061885882169008255,0.9821666666666666,0.9820117456435952,0.05875823309922472,0.25999999046325684,2.5102254025479582,nan,nan
emnist_digits,topk_softmax_025,6,11,0.05785662308335304,0.9798333333333333,0.9796972503153745,0.06215063811458172,0.25999999046325684,2.512035869537516,nan,nan
emnist_digits,topk_softmax_025,6,12,0.05348004400730133,0.981,0.9808976830558553,0.057696412773208416,0.25999999046325684,2.5102004396154527,nan,nan
emnist_digits,topk_softmax_025,6,13,0.05314144492149353,0.982,0.9819201300985924,0.054721141788870734,0.25999999046325684,2.506820100419065,nan,nan
emnist_digits,topk_softmax_025,6,14,0.047354646027088165,0.98025,0.980155454874747,0.0619465587858824,0.25999999046325684,2.5018474599148366,nan,nan
emnist_digits,topk_softmax_025,6,15,0.04477119445800781,0.984,0.9838909935852911,0.04877845342568261,0.25999999046325684,2.502895289279045,nan,nan
emnist_digits,topk_softmax_025,6,16,0.04312833026051521,0.9844166666666667,0.9843222171758154,0.051756775284067115,0.25999999046325684,2.496208386218294,nan,nan
emnist_digits,topk_softmax_025,6,17,0.041542425751686096,0.98225,0.9821637514408499,0.05996624760805292,0.25999999046325684,2.4946347754052343,nan,nan
emnist_digits,topk_softmax_025,6,18,0.03939797729253769,0.98525,0.9851815802628664,0.04985526659862792,0.25999999046325684,2.494752090027992,nan,nan
emnist_digits,topk_softmax_025,6,19,0.037505343556404114,0.9855,0.9854125542611756,0.04823484670053771,0.25999999046325684,2.49461308692364,nan,nan
emnist_digits,topk_softmax_025,6,20,0.032875124365091324,0.9846666666666667,0.9845659091148823,0.05576428737332846,0.25999999046325684,2.493214153228922,nan,nan
emnist_digits,topk_softmax_025,6,21,0.03435768187046051,0.9846666666666667,0.9845683259227608,0.05455992174671685,0.25999999046325684,2.4952067720129136,nan,nan
emnist_digits,topk_softmax_025,6,22,0.03177766129374504,0.9859166666666667,0.9858495090861918,0.049658126722862746,0.25999999046325684,2.4861183749868516,nan,nan
emnist_digits,topk_softmax_025,6,23,0.030527662485837936,0.9851666666666666,0.9850546245242058,0.05094990401746745,0.25999999046325684,2.481622746650209,nan,nan
emnist_digits,topk_softmax_025,6,24,0.029024465009570122,0.986,0.9859252659803243,0.049806510197355394,0.25999999046325684,2.489082671226339,nan,nan
emnist_digits,topk_softmax_025,6,25,0.02794087678194046,0.9849166666666667,0.9847867156666833,0.04986832968573621,0.25999999046325684,2.4850501608341298,nan,nan
emnist_digits,topk_softmax_025,6,26,0.02843111753463745,0.9845,0.9844405129571216,0.051524059173274545,0.25999999046325684,2.4876610750847674,nan,nan
emnist_digits,topk_softmax_025,6,27,0.027706913650035858,0.9835833333333334,0.9834735355715907,0.05450786598660844,0.25999999046325684,2.4745117299100188,nan,nan
emnist_digits,topk_softmax_025,6,28,0.02723059244453907,0.9864166666666667,0.9863359688907849,0.044865680719785236,0.25999999046325684,2.483539748699107,nan,nan
emnist_digits,topk_softmax_025,6,29,0.02422218769788742,0.98625,0.9861466861086134,0.04435111808174468,0.25999999046325684,2.480683405348595,nan,nan
emnist_digits,topk_softmax_025,7,0,1.1874971389770508,0.852,0.8516592788087634,0.47667165639552667,0.25999999046325684,2.5352098662802516,nan,nan
emnist_digits,topk_softmax_025,7,1,0.3457214832305908,0.92075,0.9210183241568968,0.2441287360926892,0.25999999046325684,2.5251980867791683,nan,nan
emnist_digits,topk_softmax_025,7,2,0.22203077375888824,0.9543333333333334,0.9544482345407366,0.14561652883570245,0.25999999046325684,2.508751813401567,nan,nan
emnist_digits,topk_softmax_025,7,3,0.16613028943538666,0.9645833333333333,0.9648137116668494,0.1181595874752136,0.25999999046325684,2.5002232054446605,nan,nan
emnist_digits,topk_softmax_025,7,4,0.13674208521842957,0.96775,0.9678481949525715,0.1061708169414642,0.25999999046325684,2.4920130714457085,nan,nan
emnist_digits,topk_softmax_025,7,5,0.11664257943630219,0.9690833333333333,0.9692161358288219,0.10082232119872216,0.25999999046325684,2.4838943608263704,nan,nan
emnist_digits,topk_softmax_025,7,6,0.10168677568435669,0.973,0.9730662037233764,0.08833938147476379,0.25999999046325684,2.4849178156954177,nan,nan
emnist_digits,topk_softmax_025,7,7,0.0908133015036583,0.97625,0.9763340634035723,0.0799628613873365,0.25999999046325684,2.4760584425418934,nan,nan
emnist_digits,topk_softmax_025,7,8,0.08283516764640808,0.9769166666666667,0.977050794775491,0.07633121902162725,0.25999999046325684,2.4709484019178025,nan,nan
emnist_digits,topk_softmax_025,7,9,0.07632053643465042,0.9770833333333333,0.9771606374123847,0.07617648579972855,0.25999999046325684,2.464869722406915,nan,nan
emnist_digits,topk_softmax_025,7,10,0.06620009243488312,0.9776666666666667,0.9777612888076594,0.0712005846757204,0.25999999046325684,2.466635211985162,nan,nan
emnist_digits,topk_softmax_025,7,11,0.06833291053771973,0.9771666666666666,0.9772780785552285,0.07440897957124609,0.25999999046325684,2.4640484033746923,nan,nan
emnist_digits,topk_softmax_025,7,12,0.06333640217781067,0.9808333333333333,0.9808330038469506,0.06883464519806365,0.25999999046325684,2.457181068176919,nan,nan
emnist_digits,topk_softmax_025,7,13,0.05288991332054138,0.9816666666666667,0.9816894275907696,0.06677605568411503,0.25999999046325684,2.456719619162539,nan,nan
emnist_digits,topk_softmax_025,7,14,0.05296318233013153,0.9785,0.9785898881438932,0.07790524710683112,0.25999999046325684,2.4561006718493523,nan,nan
emnist_digits,topk_softmax_025,7,15,0.05008535459637642,0.98025,0.9802886207277325,0.06869283223405798,0.25999999046325684,2.456679547086675,nan,nan
emnist_digits,topk_softmax_025,7,16,0.048008814454078674,0.9805833333333334,0.9806333295903255,0.06560599225315641,0.25999999046325684,2.4477773321435805,nan,nan
emnist_digits,topk_softmax_025,7,17,0.04445132613182068,0.9815,0.9815542477248391,0.06520157251903351,0.25999999046325684,2.440077413903906,nan,nan
emnist_digits,topk_softmax_025,7,18,0.042313821613788605,0.983,0.9830507244146917,0.06413720817642009,0.25999999046325684,2.441293658094203,nan,nan
emnist_digits,topk_softmax_025,7,19,0.038548462092876434,0.98225,0.9822578260340261,0.06859060693928536,0.25999999046325684,2.439165947285104,nan,nan
emnist_digits,topk_softmax_025,7,20,0.03771169111132622,0.9835,0.9835482056707585,0.055102832080360424,0.25999999046325684,2.437897540153341,nan,nan
emnist_digits,topk_softmax_025,7,21,0.03607383370399475,0.9823333333333333,0.9823906016756988,0.0641051355075646,0.25999999046325684,2.422734202222621,nan,nan
emnist_digits,topk_softmax_025,7,22,0.0362117700278759,0.9815,0.9815827849847644,0.06223188580429934,0.25999999046325684,2.4323657725719694,nan,nan
emnist_digits,topk_softmax_025,7,23,0.03298819065093994,0.98225,0.9823133471418133,0.061598143718661146,0.25999999046325684,2.4268055849886956,nan,nan
emnist_digits,topk_softmax_025,7,24,0.03185872361063957,0.9825,0.9825497921654727,0.06274891819091553,0.25999999046325684,2.437105343696919,nan,nan
emnist_digits,topk_softmax_025,7,25,0.027864206582307816,0.9806666666666667,0.9806666135684321,0.07535680975923513,0.25999999046325684,2.4323138505854507,nan,nan
emnist_digits,topk_softmax_025,8,0,1.1919732093811035,0.8861666666666667,0.8861511464251641,0.3700453797553448,0.25999999046325684,2.55066029568936,nan,nan
emnist_digits,topk_softmax_025,8,1,0.3173622786998749,0.9234166666666667,0.9232086646216683,0.23892544527003107,0.25999999046325684,2.538362683133876,nan,nan
emnist_digits,topk_softmax_025,8,2,0.19750896096229553,0.9563333333333334,0.9562277480831506,0.1444527633646701,0.25999999046325684,2.5281824406157147,nan,nan
emnist_digits,topk_softmax_025,8,3,0.15231937170028687,0.9658333333333333,0.9658148287950926,0.11764551021475741,0.25999999046325684,2.5175557567718183,nan,nan
emnist_digits,topk_softmax_025,8,4,0.1254982352256775,0.9685,0.9685034848519184,0.10214647920207774,0.25999999046325684,2.5095691807726594,nan,nan
emnist_digits,topk_softmax_025,8,5,0.10252560675144196,0.97,0.9700462449614007,0.09910649188021396,0.25999999046325684,2.5017872719054526,nan,nan
emnist_digits,topk_softmax_025,8,6,0.09167516976594925,0.9731666666666666,0.9731809277930669,0.08602716884714492,0.25999999046325684,2.492180976461857,nan,nan
emnist_digits,topk_softmax_025,8,7,0.08366189152002335,0.97875,0.9787489555279676,0.07366115223378578,0.25999999046325684,2.4848630808769387,nan,nan
emnist_digits,topk_softmax_025,8,8,0.07260050624608994,0.9756666666666667,0.9756856813101396,0.08237126013858521,0.25999999046325684,2.4758774245038944,nan,nan
emnist_digits,topk_softmax_025,8,9,0.06693293154239655,0.9808333333333333,0.9808617193058806,0.06377142966982532,0.25999999046325684,2.468374589656262,nan,nan
emnist_digits,topk_softmax_025,8,10,0.0587577186524868,0.9775833333333334,0.9775325239398805,0.07497999515939266,0.25999999046325684,2.469836562237841,nan,nan
emnist_digits,topk_softmax_025,8,11,0.055485136806964874,0.9785833333333334,0.9785511030765811,0.07062971627617136,0.25999999046325684,2.4647005060885814,nan,nan
emnist_digits,topk_softmax_025,8,12,0.05459533631801605,0.98225,0.9822507709113231,0.06163819772290423,0.25999999046325684,2.46066399838062,nan,nan
emnist_digits,topk_softmax_025,8,13,0.04752952232956886,0.9808333333333333,0.9808309153993189,0.06352949384203617,0.25999999046325684,2.454181447942206,nan,nan
emnist_digits,topk_softmax_025,8,14,0.043677572160959244,0.9830833333333333,0.9830768392682818,0.06165413106692598,0.25999999046325684,2.440820222205304,nan,nan
emnist_digits,topk_softmax_025,8,15,0.04401739314198494,0.9819166666666667,0.9819361103362299,0.06461552364077974,0.25999999046325684,2.446552314656846,nan,nan
emnist_digits,topk_softmax_025,8,16,0.042999520897865295,0.9798333333333333,0.9798121464470178,0.06662541217705671,0.25999999046325684,2.4428562027342777,nan,nan
emnist_digits,topk_softmax_025,8,17,0.03694392740726471,0.9821666666666666,0.9821809803343766,0.0677951896919849,0.25999999046325684,2.4454361530060464,nan,nan
emnist_digits,topk_softmax_025,8,18,0.03545723110437393,0.9811666666666666,0.9811806369880276,0.07037953648002858,0.25999999046325684,2.4378176597838705,nan,nan
emnist_digits,topk_softmax_025,8,19,0.03554331883788109,0.9841666666666666,0.9841938633623787,0.060142645681712854,0.25999999046325684,2.422515506440021,nan,nan
emnist_digits,topk_softmax_025,8,20,0.033545494079589844,0.9796666666666667,0.9796745503907888,0.0679687895277079,0.25999999046325684,2.406243103615781,nan,nan
emnist_digits,topk_softmax_025,8,21,0.033984795212745667,0.9845,0.984505881539018,0.05881464675544424,0.25999999046325684,2.4323445152729115,nan,nan
emnist_digits,topk_softmax_025,8,22,0.0297904834151268,0.9850833333333333,0.9850804644345201,0.05438299383968115,0.25999999046325684,2.4284439365914525,nan,nan
emnist_digits,topk_softmax_025,8,23,0.02920125052332878,0.9839166666666667,0.9839234054475934,0.06226383619248233,0.25999999046325684,2.418861450032985,nan,nan
emnist_digits,topk_softmax_025,8,24,0.02985316887497902,0.98525,0.9852398039932654,0.05498263244814378,0.25999999046325684,2.418483744276331,nan,nan
emnist_digits,topk_softmax_025,8,25,0.025053489953279495,0.9840833333333333,0.9841020096893706,0.06099892534474109,0.25999999046325684,2.414026402412577,nan,nan
emnist_digits,topk_softmax_025,8,26,0.025004452094435692,0.98425,0.9842711250739798,0.061068654238702134,0.25999999046325684,2.4126765448996363,nan,nan
emnist_digits,topk_softmax_025,8,27,0.023792855441570282,0.9825,0.9824906452322585,0.06548650471612494,0.25999999046325684,2.406630959916622,nan,nan
emnist_digits,topk_softmax_025,8,28,0.02780621312558651,0.9818333333333333,0.9818655263505667,0.06944596157112021,0.25999999046325684,2.4046122063981725,nan,nan
emnist_digits,topk_softmax_025,8,29,0.02378193475306034,0.9853333333333333,0.9853524593458396,0.06116022169589996,0.25999999046325684,2.4116060048975845,nan,nan
emnist_digits,topk_softmax_025,9,0,1.2171822786331177,0.8760833333333333,0.8757514536481491,0.3875885028788384,0.25999999046325684,2.539495376830405,nan,nan
emnist_digits,topk_softmax_025,9,1,0.3203403949737549,0.9268333333333333,0.9268272435743737,0.23237685288520568,0.25999999046325684,2.528069113163238,nan,nan
emnist_digits,topk_softmax_025,9,2,0.19825346767902374,0.9543333333333334,0.9542349281579352,0.14762439721442283,0.25999999046325684,2.5339688468486705,nan,nan
emnist_digits,topk_softmax_025,9,3,0.15796776115894318,0.9539166666666666,0.9536380052506178,0.14726589731079467,0.25999999046325684,2.532035764227522,nan,nan
emnist_digits,topk_softmax_025,9,4,0.12612538039684296,0.9620833333333333,0.9620677437693557,0.11920276696377612,0.25999999046325684,2.5232156870212963,nan,nan
emnist_digits,topk_softmax_025,9,5,0.11375066637992859,0.9616666666666667,0.9614770705077887,0.1285297245262785,0.25999999046325684,2.5201292646692153,nan,nan
emnist_digits,topk_softmax_025,9,6,0.09915614128112793,0.9689166666666666,0.9688122597511404,0.0982151522915414,0.25999999046325684,2.5087929304609906,nan,nan
emnist_digits,topk_softmax_025,9,7,0.08516769111156464,0.975,0.9750165688712885,0.08126320586876666,0.25999999046325684,2.506886416293205,nan,nan
emnist_digits,topk_softmax_025,9,8,0.07805846631526947,0.9745,0.9743745763786125,0.08559654914635292,0.25999999046325684,2.5017551919247243,nan,nan
emnist_digits,topk_softmax_025,9,9,0.0694301575422287,0.9721666666666666,0.9719993554697192,0.09207901612241218,0.25999999046325684,2.497866726936178,nan,nan
emnist_digits,topk_softmax_025,9,10,0.06326278299093246,0.9789166666666667,0.9788584877161096,0.07105058487108414,0.25999999046325684,2.4926605097790984,nan,nan
emnist_digits,topk_softmax_025,9,11,0.06041106954216957,0.9776666666666667,0.9776349948668352,0.07181365423380061,0.25999999046325684,2.48968601987717,nan,nan
emnist_digits,topk_softmax_025,9,12,0.05885451287031174,0.971,0.9709600771819762,0.09493859675019345,0.25999999046325684,2.488295948251765,nan,nan
emnist_digits,topk_softmax_025,9,13,0.05260047689080238,0.9793333333333333,0.979333402359557,0.06925884939413121,0.25999999046325684,2.4820743773845915,nan,nan
emnist_digits,topk_softmax_025,9,14,0.04688753932714462,0.978,0.9779556494570197,0.07531074668340226,0.25999999046325684,2.4811838662370724,nan,nan
emnist_digits,topk_softmax_025,9,15,0.04285089299082756,0.9799166666666667,0.9798487536006233,0.07162530343741813,0.25999999046325684,2.479712387348743,nan,nan
emnist_digits,topk_softmax_025,9,16,0.04020315781235695,0.981,0.9810747634194728,0.06840855945298012,0.25999999046325684,2.4726755898049535,nan,nan
emnist_digits,topk_softmax_025,9,17,0.04342755675315857,0.9798333333333333,0.979750166749694,0.0739351508623742,0.25999999046325684,2.4687288644465992,nan,nan
emnist_digits,topk_softmax_025,9,18,0.04015304148197174,0.9794166666666667,0.979369261380118,0.06970236743701265,0.25999999046325684,2.4754160236805043,nan,nan
emnist_digits,topk_softmax_025,9,19,0.03525568172335625,0.9805,0.9803499289581368,0.0670860689727867,0.25999999046325684,2.465195853659447,nan,nan
emnist_digits,topk_softmax_025,9,20,0.032540783286094666,0.9823333333333333,0.9822575770972458,0.06378444276274518,0.25999999046325684,2.4608993225909295,nan,nan
emnist_digits,topk_softmax_025,9,21,0.033418234437704086,0.98175,0.9817557461803826,0.061541893479830405,0.25999999046325684,2.454303444700038,nan,nan
emnist_digits,topk_softmax_025,9,22,0.029911167919635773,0.9831666666666666,0.9831044589406414,0.0576823122720135,0.25999999046325684,2.4554697046888636,nan,nan
emnist_digits,topk_softmax_025,9,23,0.0309040155261755,0.97575,0.9757030443571244,0.0855339349029546,0.25999999046325684,2.4578698290155288,nan,nan
emnist_digits,topk_softmax_025,9,24,0.033751800656318665,0.9830833333333333,0.9830444352557194,0.06126991496916781,0.25999999046325684,2.4431387870869736,nan,nan
emnist_digits,topk_softmax_025,9,25,0.028044357895851135,0.9834166666666667,0.9834101467348738,0.06628367534660279,0.25999999046325684,2.451482389835601,nan,nan
emnist_digits,topk_softmax_025,9,26,0.026097705587744713,0.98125,0.9811842282534389,0.07210100438208022,0.25999999046325684,2.4450409158747246,nan,nan
emnist_digits,topk_softmax_025,9,27,0.02671450935304165,0.98325,0.9831962072929372,0.05934052343698258,0.25999999046325684,2.4426720979365895,nan,nan
emnist_digits,topk_softmax_025,9,28,0.022720947861671448,0.98275,0.9826715137992179,0.0596271523948204,0.25999999046325684,2.4466640061520515,nan,nan
emnist_digits,topk_softmax_025,9,29,0.02305634878575802,0.98175,0.9816754784348488,0.07012684330185677,0.25999999046325684,2.4440054893493652,nan,nan
emnist_digits,topk_softmax_05,0,0,1.2560008764266968,0.8615833333333334,0.8602472611530093,0.43500372386993247,0.5,3.191525213261868,nan,nan
emnist_digits,topk_softmax_05,0,1,0.3204551041126251,0.9385833333333333,0.9382429065521011,0.20476045887520972,0.5,3.1931928091860833,nan,nan
emnist_digits,topk_softmax_05,0,2,0.20123320817947388,0.9443333333333334,0.944168525738525,0.18329280979455786,0.5,3.1880969975857023,nan,nan
emnist_digits,topk_softmax_05,0,3,0.1603643000125885,0.9548333333333333,0.9544107556874369,0.14088441304703977,0.5,3.1819625205182014,nan,nan
emnist_digits,topk_softmax_05,0,4,0.1256219446659088,0.967,0.9668183194110288,0.10689337781452118,0.5,3.168182205646596,nan,nan
emnist_digits,topk_softmax_05,0,5,0.1094508022069931,0.9621666666666666,0.9623876680757666,0.12245212574588492,0.5,3.1611140053322972,nan,nan
emnist_digits,topk_softmax_05,0,6,0.09762683510780334,0.97,0.9698792991670677,0.10016673010714511,0.5,3.1527881241859275,nan,nan
emnist_digits,topk_softmax_05,0,7,0.08642208576202393,0.9734166666666667,0.9733102260164659,0.08907840179002031,0.5,3.1446279312701937,nan,nan
emnist_digits,topk_softmax_05,0,8,0.08084340393543243,0.97025,0.9700476887553506,0.10318343048083022,0.5,3.1469798164164766,nan,nan
emnist_digits,topk_softmax_05,0,9,0.07398509979248047,0.9735,0.9733787968155341,0.08646163391940137,0.5,3.137077493870512,nan,nan
emnist_digits,topk_softmax_05,0,10,0.06677377969026566,0.9768333333333333,0.9767312459043659,0.07940559604383529,0.5,3.1375007730849247,nan,nan
emnist_digits,topk_softmax_05,0,11,0.061249807476997375,0.98075,0.980655771225547,0.06687317093081296,0.5,3.127872233695172,nan,nan
emnist_digits,topk_softmax_05,0,12,0.05926034227013588,0.9783333333333334,0.9782495735781467,0.073132307526279,0.5,3.121268206454338,nan,nan
emnist_digits,topk_softmax_05,0,13,0.04831775650382042,0.9803333333333333,0.9802579201873298,0.06547641987971803,0.5,3.1171265104983714,nan,nan
emnist_digits,topk_softmax_05,0,14,0.049298062920570374,0.9785,0.9784019509814236,0.07280914039608646,0.5,3.109943580120168,nan,nan
emnist_digits,topk_softmax_05,0,15,0.04843524098396301,0.98225,0.9821951003207678,0.06088899309806367,0.5,3.106369599382928,nan,nan
emnist_digits,topk_softmax_05,0,16,0.049450524151325226,0.9814166666666667,0.9813564826220963,0.06199270601760834,0.5,3.1025639391959983,nan,nan
emnist_digits,topk_softmax_05,0,17,0.03983604162931442,0.9825,0.9824709577037021,0.05887119448248376,0.5,3.1035487550370235,nan,nan
emnist_digits,topk_softmax_05,0,18,0.04291960224509239,0.98175,0.9816501779616903,0.06474086281625514,0.5,3.097628453944592,nan,nan
emnist_digits,topk_softmax_05,0,19,0.03854687884449959,0.9835833333333334,0.9835180594282809,0.057342368356407956,0.5,3.1005196622077453,nan,nan
emnist_digits,topk_softmax_05,0,20,0.033647291362285614,0.9824166666666667,0.9823799831346047,0.06297129275713195,0.5,3.090420570779354,nan,nan
emnist_digits,topk_softmax_05,0,21,0.03655610233545303,0.9803333333333333,0.9802653453467827,0.07222234079257604,0.5,3.0801229806656534,nan,nan
emnist_digits,topk_softmax_05,0,22,0.03369766101241112,0.9819166666666667,0.9818466405086392,0.06341845028974274,0.5,3.0802037944184972,nan,nan
emnist_digits,topk_softmax_05,0,23,0.030501797795295715,0.98075,0.9807239541379535,0.0681546917383341,0.5,3.078027015036725,nan,nan
emnist_digits,topk_softmax_05,0,24,0.030423631891608238,0.9821666666666666,0.9821001057722688,0.0688507837500978,0.5,3.0670200890683113,nan,nan
emnist_digits,topk_softmax_05,1,0,1.314193844795227,0.8313333333333334,0.833379248490324,0.5162524244886764,0.5,3.1539889497959868,nan,nan
emnist_digits,topk_softmax_05,1,1,0.35939139127731323,0.9349166666666666,0.9349166335420931,0.21815547679967068,0.5,3.1629797397775854,nan,nan
emnist_digits,topk_softmax_05,1,2,0.22503669559955597,0.9396666666666667,0.939634018996286,0.19977435961048653,0.5,3.155450587577008,nan,nan
emnist_digits,topk_softmax_05,1,3,0.17308786511421204,0.96175,0.9617900198647777,0.1226674808942257,0.5,3.136876202644186,nan,nan
emnist_digits,topk_softmax_05,1,4,0.13871723413467407,0.9616666666666667,0.961761356319961,0.12133861174608798,0.5,3.1354943615324955,nan,nan
emnist_digits,topk_softmax_05,1,5,0.11781993508338928,0.9629166666666666,0.9630996980193902,0.11295401653710832,0.5,3.117196575124213,nan,nan
emnist_digits,topk_softmax_05,1,6,0.10643257945775986,0.9713333333333334,0.9713297680536332,0.09191158778489904,0.5,3.109463192046957,nan,nan
emnist_digits,topk_softmax_05,1,7,0.09888248145580292,0.9659166666666666,0.9660625564578753,0.1050527959744981,0.5,3.1078897207341294,nan,nan
emnist_digits,topk_softmax_05,1,8,0.09051712602376938,0.9710833333333333,0.9710660489066836,0.08970636985403427,0.5,3.0984704697385745,nan,nan
emnist_digits,topk_softmax_05,1,9,0.08344260603189468,0.9763333333333334,0.9763415901592296,0.0717945758728905,0.5,3.093020976857936,nan,nan
emnist_digits,topk_softmax_05,1,10,0.07734566181898117,0.9774166666666667,0.9773960705823004,0.07031099957988617,0.5,3.0848972695939083,nan,nan
emnist_digits,topk_softmax_05,1,11,0.06868692487478256,0.97625,0.9762918274502826,0.0778560458504139,0.5,3.0789780794306005,nan,nan
emnist_digits,topk_softmax_05,1,12,0.06891562044620514,0.9791666666666666,0.9791480648972923,0.06771906142301382,0.5,3.0735274832299413,nan,nan
emnist_digits,topk_softmax_05,1,13,0.06101803481578827,0.98,0.9800118582403279,0.06262896439813553,0.5,3.076971558814353,nan,nan
emnist_digits,topk_softmax_05,1,14,0.056792374700307846,0.9745,0.974482043796546,0.08363762933840142,0.5,3.0696956350448286,nan,nan
emnist_digits,topk_softmax_05,1,15,0.05711855739355087,0.9811666666666666,0.9811267128625882,0.06437450435329625,0.5,3.060078402783008,nan,nan
emnist_digits,topk_softmax_05,1,16,0.05034356936812401,0.983,0.9829996719024742,0.05457468295192465,0.5,3.063183865648635,nan,nan
emnist_digits,topk_softmax_05,1,17,0.04910743236541748,0.98175,0.9817694378699378,0.05970161305146014,0.5,3.0430586109770106,nan,nan
emnist_digits,topk_softmax_05,1,18,0.0449785478413105,0.9828333333333333,0.9828400691876817,0.058782375358203624,0.5,3.0494062241087567,nan,nan
emnist_digits,topk_softmax_05,1,19,0.04434891417622566,0.9816666666666667,0.9816692089114539,0.061358422912815784,0.5,3.04123015606657,nan,nan
emnist_digits,topk_softmax_05,1,20,0.044250138103961945,0.9813333333333333,0.9813873161645998,0.05991767834317177,0.5,3.0332662577324725,nan,nan
emnist_digits,topk_softmax_05,1,21,0.04058491438627243,0.9814166666666667,0.9814092853124062,0.05876081504244754,0.5,3.031810111187874,nan,nan
emnist_digits,topk_softmax_05,2,0,1.2520650625228882,0.8869166666666667,0.8862875309015683,0.37374004785050735,0.5,3.161672536362993,nan,nan
emnist_digits,topk_softmax_05,2,1,0.31308409571647644,0.9359166666666666,0.9356134824056639,0.21101273945037355,0.5,3.1570742307825292,nan,nan
emnist_digits,topk_softmax_05,2,2,0.1919712871313095,0.9556666666666667,0.9555840619270937,0.14777585214122813,0.5,3.154812828023383,nan,nan
emnist_digits,topk_softmax_05,2,3,0.1485912948846817,0.95775,0.9577384655210759,0.14617402724763182,0.5,3.133210004644191,nan,nan
emnist_digits,topk_softmax_05,2,4,0.11864210665225983,0.9638333333333333,0.9637819450863934,0.11594341727013284,0.5,3.124952919939731,nan,nan
emnist_digits,topk_softmax_05,2,5,0.10386942327022552,0.9715833333333334,0.971504416252532,0.09568970864440532,0.5,3.1233142031000014,nan,nan
emnist_digits,topk_softmax_05,2,6,0.09258310496807098,0.9665833333333333,0.9664986035577439,0.11306574980312205,0.5,3.1182339724074017,nan,nan
emnist_digits,topk_softmax_05,2,7,0.0807415246963501,0.9710833333333333,0.9709569322600415,0.09761566169401432,0.5,3.1038616794220943,nan,nan
emnist_digits,topk_softmax_05,2,8,0.0740862563252449,0.9736666666666667,0.9736068435107963,0.08399411013468783,0.5,3.095172699461592,nan,nan
emnist_digits,topk_softmax_05,2,9,0.06928985565900803,0.9774166666666667,0.9773411726351313,0.07325513843209186,0.5,3.1077375741715128,nan,nan
emnist_digits,topk_softmax_05,2,10,0.06157943233847618,0.9770833333333333,0.9770148275807525,0.07689234650039926,0.5,3.112509108604269,nan,nan
emnist_digits,topk_softmax_05,2,11,0.05955800041556358,0.9778333333333333,0.9778079900232404,0.07707731219682287,0.5,3.101316474853678,nan,nan
emnist_digits,topk_softmax_05,2,12,0.050768621265888214,0.9810833333333333,0.9810582919592544,0.0685352447264372,0.5,3.113707423210144,nan,nan
emnist_digits,topk_softmax_05,2,13,0.0510166697204113,0.9805833333333334,0.9805962857754669,0.0659797497965554,0.5,3.106018789271091,nan,nan
emnist_digits,topk_softmax_05,2,14,0.04662713780999184,0.9791666666666666,0.9791217003775736,0.06845493392741427,0.5,3.0984850842902003,nan,nan
emnist_digits,topk_softmax_05,2,15,0.04439028725028038,0.9809166666666667,0.9808398472487818,0.06755262918453267,0.5,3.0996718051585743,nan,nan
emnist_digits,topk_softmax_05,2,16,0.045407820492982864,0.98075,0.980723361450963,0.06391425517962333,0.5,3.0949009732997164,nan,nan
emnist_digits,topk_softmax_05,2,17,0.04266541451215744,0.9815833333333334,0.9815624304677566,0.06292350782438162,0.5,3.089836473160602,nan,nan
emnist_digits,topk_softmax_05,2,18,0.040278300642967224,0.9843333333333333,0.984309386524884,0.05732320056871531,0.5,3.0846963436045547,nan,nan
emnist_digits,topk_softmax_05,2,19,0.03992229327559471,0.9808333333333333,0.9807988709391093,0.06934599887500419,0.5,3.0902784733062094,nan,nan
emnist_digits,topk_softmax_05,2,20,0.032001566141843796,0.9828333333333333,0.9827884938409515,0.06267887445047815,0.5,3.071885238302515,nan,nan
emnist_digits,topk_softmax_05,2,21,0.03433289751410484,0.9828333333333333,0.9827635294628191,0.06253915842860303,0.5,3.0832224069757665,nan,nan
emnist_digits,topk_softmax_05,2,22,0.030605431646108627,0.9838333333333333,0.9837762132656744,0.0548289788371705,0.5,3.070664793887037,nan,nan
emnist_digits,topk_softmax_05,2,23,0.030508004128932953,0.9845833333333334,0.984526591245688,0.05397896602393148,0.5,3.0876717389898096,nan,nan
emnist_digits,topk_softmax_05,2,24,0.031999241560697556,0.9838333333333333,0.983784019607677,0.05799885514251729,0.5,3.064240775209792,nan,nan
emnist_digits,topk_softmax_05,2,25,0.030018353834748268,0.9810833333333333,0.9810764139490104,0.06825949192205642,0.5,3.0704655140004258,nan,nan
emnist_digits,topk_softmax_05,2,26,0.024854067713022232,0.98225,0.9822282811486804,0.0626149175668809,0.5,3.0629901835258972,nan,nan
emnist_digits,topk_softmax_05,2,27,0.027972180396318436,0.9835,0.9834545881892132,0.060419248684527395,0.5,3.0623241916615913,nan,nan
emnist_digits,topk_softmax_05,2,28,0.02369648776948452,0.9816666666666667,0.9816311838133618,0.06383990656901548,0.5,3.054738929931154,nan,nan
emnist_digits,topk_softmax_05,3,0,1.2328859567642212,0.8665833333333334,0.8672097257285236,0.43360156011074147,0.5,3.1671007313626878,nan,nan
emnist_digits,topk_softmax_05,3,1,0.34505391120910645,0.91925,0.9198034313026087,0.2640681139966275,0.5,3.150015354156494,nan,nan
emnist_digits,topk_softmax_05,3,2,0.21218378841876984,0.9518333333333333,0.951933093967251,0.16309992049602753,0.5,3.1380044678424266,nan,nan
emnist_digits,topk_softmax_05,3,3,0.16450978815555573,0.96,0.9602049706574828,0.13066702470817465,0.5,3.1216205028777426,nan,nan
emnist_digits,topk_softmax_05,3,4,0.13110937178134918,0.9671666666666666,0.9672612658330655,0.11226266178678959,0.5,3.096774157057417,nan,nan
emnist_digits,topk_softmax_05,3,5,0.11653028428554535,0.97225,0.9723501564970484,0.09444457974205626,0.5,3.0843364888049187,nan,nan
emnist_digits,topk_softmax_05,3,6,0.10271504521369934,0.9716666666666667,0.9718364495033557,0.0905964704666366,0.5,3.0934717934182347,nan,nan
emnist_digits,topk_softmax_05,3,7,0.09488379210233688,0.975,0.9750747162243385,0.084283580488347,0.5,3.0727622914821544,nan,nan
emnist_digits,topk_softmax_05,3,8,0.08641910552978516,0.9755833333333334,0.9756020790821147,0.08392430948925779,0.5,3.06396162763555,nan,nan
emnist_digits,topk_softmax_05,3,9,0.07424653321504593,0.97725,0.9772988672083409,0.07541864373265429,0.5,3.0785437188249953,nan,nan
emnist_digits,topk_softmax_05,3,10,0.06646774709224701,0.9765833333333334,0.9767079889475131,0.07845837706105506,0.5,3.0709112020249063,nan,nan
emnist_digits,topk_softmax_05,3,11,0.06625153124332428,0.978,0.9780243630410352,0.07553947388016163,0.5,3.07540695971631,nan,nan
emnist_digits,topk_softmax_05,3,12,0.06008562445640564,0.9806666666666667,0.9807274145476909,0.06788444344667678,0.5,3.0708894425250115,nan,nan
emnist_digits,topk_softmax_05,3,13,0.05474003031849861,0.9783333333333334,0.9784273814159562,0.07321774801041217,0.5,3.0618780496272633,nan,nan
emnist_digits,topk_softmax_05,3,14,0.05346076935529709,0.9795,0.9795827678620824,0.07017387251587624,0.5,3.0658367111327802,nan,nan
emnist_digits,topk_softmax_05,3,15,0.049992870539426804,0.9819166666666667,0.9819823640702807,0.0645169181392548,0.5,3.0681357383728027,nan,nan
emnist_digits,topk_softmax_05,3,16,0.04585713520646095,0.979,0.9790932712286875,0.07685955292842489,0.5,3.060884742026633,nan,nan
emnist_digits,topk_softmax_05,3,17,0.04592340812087059,0.984,0.9840820841511702,0.059734320644527036,0.5,3.050453723745143,nan,nan
emnist_digits,topk_softmax_05,3,18,0.041712597012519836,0.982,0.9821209254944495,0.06559609100618895,0.5,3.0433822007889444,nan,nan
emnist_digits,topk_softmax_05,3,19,0.03885120153427124,0.9805833333333334,0.9806558546109401,0.07152437396902353,0.5,3.0404241440143993,nan,nan
emnist_digits,topk_softmax_05,3,20,0.04292258247733116,0.9816666666666667,0.9817172837507251,0.06828268177490285,0.5,3.0416129903590425,nan,nan
emnist_digits,topk_softmax_05,3,21,0.03576028347015381,0.9796666666666667,0.9797293400862455,0.0737080075084529,0.5,3.0396914938662913,nan,nan
emnist_digits,topk_softmax_05,3,22,0.03198131546378136,0.9824166666666667,0.9824552974208757,0.06822644444578822,0.5,3.0378481504764965,nan,nan
emnist_digits,topk_softmax_05,4,0,1.3710471391677856,0.8484166666666667,0.848114626445534,0.48049755299344976,0.5,3.1853946980009686,nan,nan
emnist_digits,topk_softmax_05,4,1,0.34226253628730774,0.9163333333333333,0.9153161645472446,0.2667744435528491,0.5,3.184016892250548,nan,nan
emnist_digits,topk_softmax_05,4,2,0.2148459106683731,0.9410833333333334,0.9412521378787921,0.18446635898757488,0.5,3.1743529096562813,nan,nan
emnist_digits,topk_softmax_05,4,3,0.15965880453586578,0.9558333333333333,0.9555823113977825,0.14666108985213525,0.5,3.1658421222199786,nan,nan
emnist_digits,topk_softmax_05,4,4,0.13705997169017792,0.9628333333333333,0.9627768207276203,0.12188980886910825,0.5,3.157016099767482,nan,nan
emnist_digits,topk_softmax_05,4,5,0.1097918450832367,0.96975,0.9696532263953973,0.09803607386160404,0.5,3.14903779993666,nan,nan
emnist_digits,topk_softmax_05,4,6,0.10013298690319061,0.9706666666666667,0.9705823982639226,0.09799445769254198,0.5,3.1451031147165502,nan,nan
emnist_digits,topk_softmax_05,4,7,0.08956592530012131,0.9745,0.9744027531686559,0.08296757235013424,0.5,3.1360252436171185,nan,nan
emnist_digits,topk_softmax_05,4,8,0.08122283965349197,0.9768333333333333,0.9767441061351769,0.0785853149210836,0.5,3.1280042059878084,nan,nan
emnist_digits,topk_softmax_05,4,9,0.0766756534576416,0.97575,0.9756581055890361,0.07887731439017868,0.5,3.1226314280895475,nan,nan
emnist_digits,topk_softmax_05,4,10,0.06812949478626251,0.9773333333333334,0.9772733867405684,0.07578947375270914,0.5,3.11603015788058,nan,nan
emnist_digits,topk_softmax_05,4,11,0.0644681379199028,0.9759166666666667,0.9759033646039542,0.0827926771536945,0.5,3.114390033356687,nan,nan
emnist_digits,topk_softmax_05,4,12,0.06039079651236534,0.9775,0.9774398624448745,0.07639626635515943,0.5,3.109422967789021,nan,nan
emnist_digits,topk_softmax_05,4,13,0.055999577045440674,0.98075,0.9806746413064105,0.06884546938570256,0.5,3.106167098309131,nan,nan
emnist_digits,topk_softmax_05,4,14,0.050933461636304855,0.9810833333333333,0.981046136132614,0.06756111942826117,0.5,3.1066669124238033,nan,nan
emnist_digits,topk_softmax_05,4,15,0.05145248770713806,0.9803333333333333,0.980288780640407,0.0703986861267464,0.5,3.099518786085413,nan,nan
emnist_digits,topk_softmax_05,4,16,0.04620635509490967,0.9815,0.9814645924909294,0.0645206269827929,0.5,3.1011507206774773,nan,nan
emnist_digits,topk_softmax_05,4,17,0.04397086426615715,0.9790833333333333,0.9789664735262453,0.07286403009152793,0.5,3.089731830231687,nan,nan
emnist_digits,topk_softmax_05,4,18,0.04519633948802948,0.9835,0.9834585857637048,0.05778524157729872,0.5,3.085585373513242,nan,nan
emnist_digits,topk_softmax_05,4,19,0.04052969440817833,0.983,0.9829337026305003,0.059307753856472196,0.5,3.090688525362218,nan,nan
emnist_digits,topk_softmax_05,4,20,0.039876047521829605,0.9810833333333333,0.9810299334804954,0.06808129923933363,0.5,3.0851144232648484,nan,nan
emnist_digits,topk_softmax_05,4,21,0.03533830866217613,0.9821666666666666,0.9821235932772907,0.06544047269098302,0.5,3.0833631855376225,nan,nan
emnist_digits,topk_softmax_05,4,22,0.03549395501613617,0.9810833333333333,0.981019219842525,0.06300845165598265,0.5,3.0861724437551294,nan,nan
emnist_digits,topk_softmax_05,4,23,0.03306157886981964,0.9835,0.9834639522609352,0.0582744681593427,0.5,3.077329716783889,nan,nan
emnist_digits,topk_softmax_05,5,0,1.1543521881103516,0.8591666666666666,0.8591709771591522,0.44763560751651194,0.5,3.12781838153271,nan,nan
emnist_digits,topk_softmax_05,5,1,0.33066385984420776,0.9169166666666667,0.9169095468714928,0.2715325136768057,0.5,3.1666182330314148,nan,nan
emnist_digits,topk_softmax_05,5,2,0.22412560880184174,0.9433333333333334,0.9430644805262013,0.18741249308941213,0.5,3.160091501601199,nan,nan
emnist_digits,topk_softmax_05,5,3,0.1686273217201233,0.95325,0.9531778467350259,0.15223030064334261,0.5,3.1489870903339794,nan,nan
emnist_digits,topk_softmax_05,5,4,0.14159777760505676,0.95925,0.9592425871348611,0.12872973314308106,0.5,3.1392314865234052,nan,nan
emnist_digits,topk_softmax_05,5,5,0.1244157999753952,0.9649166666666666,0.9649833816672452,0.11205932648575052,0.5,3.135042946389381,nan,nan
emnist_digits,topk_softmax_05,5,6,0.109017014503479,0.96875,0.9686941259863868,0.10161313501761314,0.5,3.1321062965595976,nan,nan
emnist_digits,topk_softmax_05,5,7,0.09847002476453781,0.9688333333333333,0.9687692376260948,0.1036913940247069,0.5,3.132514938395074,nan,nan
emnist_digits,topk_softmax_05,5,8,0.08499440550804138,0.9739166666666667,0.9738831931253559,0.08620180823701493,0.5,3.1304863158692706,nan,nan
emnist_digits,topk_softmax_05,5,9,0.08226219564676285,0.9754166666666667,0.9753562868245428,0.0799100012221235,0.5,3.1245271779121238,nan,nan
emnist_digits,topk_softmax_05,5,10,0.07267140597105026,0.97875,0.9787509553444709,0.0701737143099308,0.5,3.1202189110695047,nan,nan
emnist_digits,topk_softmax_05,5,11,0.06715374439954758,0.97675,0.9767198838990877,0.07824567632075954,0.5,3.110676275922897,nan,nan
emnist_digits,topk_softmax_05,5,12,0.06235942617058754,0.9783333333333334,0.9783182316864968,0.07282303333123948,0.5,3.1156004439008997,nan,nan
emnist_digits,topk_softmax_05,5,13,0.05895725637674332,0.979,0.9789410863867548,0.07025311887264252,0.5,3.1121285266064582,nan,nan
emnist_digits,topk_softmax_05,5,14,0.056959595531225204,0.9809166666666667,0.9808861413082832,0.06421417495275432,0.5,3.1124171982420252,nan,nan
emnist_digits,topk_softmax_05,5,15,0.048544079065322876,0.9799166666666667,0.9799000610732682,0.06652167681208317,0.5,3.1015599763139767,nan,nan
emnist_digits,topk_softmax_05,5,16,0.050218064337968826,0.98225,0.9822059676745571,0.06276260128125866,0.5,3.098046617305025,nan,nan
emnist_digits,topk_softmax_05,5,17,0.04579536244273186,0.9805833333333334,0.9805626565268751,0.06699785453445734,0.5,3.1004773124735405,nan,nan
emnist_digits,topk_softmax_05,5,18,0.04494444280862808,0.9773333333333334,0.9773640068795579,0.07167765454567493,0.5,3.095625151979162,nan,nan
emnist_digits,topk_softmax_05,5,19,0.04237624630331993,0.9836666666666667,0.9836341259092987,0.05597264194821424,0.5,3.096264235516812,nan,nan
emnist_digits,topk_softmax_05,5,20,0.036422185599803925,0.9804166666666667,0.9803347712555854,0.06490510654576281,0.5,3.093543861774688,nan,nan
emnist_digits,topk_softmax_05,5,21,0.037557605654001236,0.9796666666666667,0.979608284158731,0.07116574207518964,0.5,3.0948326917404825,nan,nan
emnist_digits,topk_softmax_05,5,22,0.036198846995830536,0.9816666666666667,0.9816528928894342,0.06678579170058699,0.5,3.0781483396570732,nan,nan
emnist_digits,topk_softmax_05,5,23,0.037983331829309464,0.98175,0.981685628485001,0.06177082392288015,0.5,3.074204239439457,nan,nan
emnist_digits,topk_softmax_05,5,24,0.03566143661737442,0.9810833333333333,0.9810704501228257,0.06282483140363339,0.5,3.071608010758745,nan,nan
emnist_digits,topk_softmax_05,6,0,1.3349827527999878,0.8685833333333334,0.8671616597561593,0.42329365966167853,0.5,3.160856528485075,nan,nan
emnist_digits,topk_softmax_05,6,1,0.3195854127407074,0.9395,0.9388777827763057,0.19616645859911086,0.5,3.1539134522701833,nan,nan
emnist_digits,topk_softmax_05,6,2,0.20098742842674255,0.9459166666666666,0.9454600586228787,0.16745557731136362,0.5,3.1406328424494316,nan,nan
emnist_digits,topk_softmax_05,6,3,0.1611032783985138,0.9630833333333333,0.9628793823442894,0.12459462992054351,0.5,3.132228729572702,nan,nan
emnist_digits,topk_softmax_05,6,4,0.13228408992290497,0.9679166666666666,0.9677174277042138,0.10245472208616581,0.5,3.1393940626306738,nan,nan
emnist_digits,topk_softmax_05,6,5,0.11580806970596313,0.9723333333333334,0.972135888058631,0.09107490161314924,0.5,3.1291236699895655,nan,nan
emnist_digits,topk_softmax_05,6,6,0.10399062931537628,0.97525,0.9750666257223211,0.0833858034395157,0.5,3.124294288614963,nan,nan
emnist_digits,topk_softmax_05,6,7,0.09177947044372559,0.9736666666666667,0.9734579048422273,0.08456431202431942,0.5,3.129606602039743,nan,nan
emnist_digits,topk_softmax_05,6,8,0.083772674202919,0.9775,0.9773417407922611,0.07380383081258611,0.5,3.11908525101682,nan,nan
emnist_digits,topk_softmax_05,6,9,0.07818977534770966,0.97675,0.9765833759850014,0.07449083244229884,0.5,3.1085870012323906,nan,nan
emnist_digits,topk_softmax_05,6,10,0.06938944011926651,0.97925,0.9790981551232225,0.06839767839521804,0.5,3.1091326931689647,nan,nan
emnist_digits,topk_softmax_05,6,11,0.07084528356790543,0.9813333333333333,0.9812049903023439,0.06530217830329499,0.5,3.112043375664569,nan,nan
emnist_digits,topk_softmax_05,6,12,0.06466522067785263,0.98025,0.9801303038376801,0.06355381974990064,0.5,3.099961592796001,nan,nan
emnist_digits,topk_softmax_05,6,13,0.0596233606338501,0.9786666666666667,0.9785142956189011,0.06643649079698197,0.5,3.0957698010383767,nan,nan
emnist_digits,topk_softmax_05,6,14,0.05610797926783562,0.9833333333333333,0.9832377345174385,0.05654072323615881,0.5,3.087562933881232,nan,nan
emnist_digits,topk_softmax_05,6,15,0.05050140991806984,0.98375,0.9836591442262295,0.051992622877847644,0.5,3.0826695777000266,nan,nan
emnist_digits,topk_softmax_05,6,16,0.0559801384806633,0.9826666666666667,0.9825452916829708,0.0607766931123556,0.5,3.076402836657585,nan,nan
emnist_digits,topk_softmax_05,6,17,0.047866955399513245,0.9815,0.9813796032455375,0.06748793290016498,0.5,3.071546917266034,nan,nan
emnist_digits,topk_softmax_05,6,18,0.0449540950357914,0.9841666666666666,0.9840738639419608,0.05268812044820887,0.5,3.0752668786556163,nan,nan
emnist_digits,topk_softmax_05,6,19,0.04333379864692688,0.9785833333333334,0.9784636730161814,0.07568498906937052,0.5,3.060521770030894,nan,nan
emnist_digits,topk_softmax_05,6,20,0.04221989959478378,0.9825833333333334,0.9824596862924025,0.055950027117703825,0.5,3.0460802823939224,nan,nan
emnist_digits,topk_softmax_05,6,21,0.045714329928159714,0.9844166666666667,0.9843225827358424,0.0527787155253773,0.5,3.0471023600152196,nan,nan
emnist_digits,topk_softmax_05,6,22,0.038214340806007385,0.9841666666666666,0.9840754730062813,0.05583188345933214,0.5,3.069828690366542,nan,nan
emnist_digits,topk_softmax_05,6,23,0.03420814499258995,0.9855,0.9854200082655933,0.050161961416535554,0.5,3.042950389233041,nan,nan
emnist_digits,topk_softmax_05,6,24,0.03697425499558449,0.9839166666666667,0.9838214152544706,0.05273580854322682,0.5,3.0474842457061118,nan,nan
emnist_digits,topk_softmax_05,6,25,0.033234599977731705,0.9831666666666666,0.9830868404417025,0.054921454868893674,0.5,3.034900497882924,nan,nan
emnist_digits,topk_softmax_05,6,26,0.030181244015693665,0.9844166666666667,0.9843310996423472,0.05757813223023364,0.5,3.0345833529817297,nan,nan
emnist_digits,topk_softmax_05,6,27,0.03140423446893692,0.9830833333333333,0.9829823998538645,0.06371327132937755,0.5,3.037862891846515,nan,nan
emnist_digits,topk_softmax_05,6,28,0.03120679408311844,0.9845,0.9844091056687094,0.054344805393447264,0.5,3.033376176306542,nan,nan
emnist_digits,topk_softmax_05,7,0,1.296608567237854,0.8506666666666667,0.8513772898095479,0.4925324409566027,0.5,3.166510100060321,nan,nan
emnist_digits,topk_softmax_05,7,1,0.36738958954811096,0.9000833333333333,0.900299449646995,0.3150535587300646,0.5,3.1637884226251156,nan,nan
emnist_digits,topk_softmax_05,7,2,0.23143792152404785,0.9495833333333333,0.9497585225514322,0.17131636038105538,0.5,3.155178442914435,nan,nan
emnist_digits,topk_softmax_05,7,3,0.17470718920230865,0.9655833333333333,0.9656692797934268,0.11775387886990892,0.5,3.147171380672049,nan,nan
emnist_digits,topk_softmax_05,7,4,0.13966527581214905,0.9654166666666667,0.9654661387109366,0.11678199184701797,0.5,3.14457080465682,nan,nan
emnist_digits,topk_softmax_05,7,5,0.11818580329418182,0.9715833333333334,0.9716424843941406,0.09228501643272156,0.5,3.1400021999440293,nan,nan
emnist_digits,topk_softmax_05,7,6,0.10464590042829514,0.97175,0.9719118870515915,0.08987359250796602,0.5,3.1228394051815602,nan,nan
emnist_digits,topk_softmax_05,7,7,0.08812516182661057,0.97425,0.9743434615032569,0.08603169339055076,0.5,3.1204880095542746,nan,nan
emnist_digits,topk_softmax_05,7,8,0.08110957592725754,0.974,0.9740677570689558,0.08182302798996581,0.5,3.114134671840262,nan,nan
emnist_digits,topk_softmax_05,7,9,0.07411748170852661,0.9770833333333333,0.9771919832582803,0.07089719846052059,0.5,3.102330852062144,nan,nan
emnist_digits,topk_softmax_05,7,10,0.06924904137849808,0.9780833333333333,0.9781596250675261,0.07272305922146807,0.5,3.099484126618568,nan,nan
emnist_digits,topk_softmax_05,7,11,0.0640549510717392,0.979,0.9791235288613027,0.06986572399259881,0.5,3.1106694733842892,nan,nan
emnist_digits,topk_softmax_05,7,12,0.061955515295267105,0.9779166666666667,0.9779473572180832,0.07319476699179157,0.5,3.0885894298553467,nan,nan
emnist_digits,topk_softmax_05,7,13,0.05607328191399574,0.981,0.9810502523830873,0.0615153810841606,0.5,3.0852326636618757,nan,nan
emnist_digits,topk_softmax_05,7,14,0.056384481489658356,0.9811666666666666,0.9812120903119912,0.06397020396717051,0.5,3.0751871631500567,nan,nan
emnist_digits,topk_softmax_05,7,15,0.048018503934144974,0.98225,0.9822884983907805,0.06394169299288634,0.5,3.0634215867265744,nan,nan
emnist_digits,topk_softmax_05,7,16,0.045542214065790176,0.9835833333333334,0.9836068347069803,0.05773394514231923,0.5,3.0706522895934736,nan,nan
emnist_digits,topk_softmax_05,7,17,0.04381498321890831,0.9825833333333334,0.9826375462912214,0.06123880824034519,0.5,3.0695696054620947,nan,nan
emnist_digits,topk_softmax_05,7,18,0.0438704676926136,0.9803333333333333,0.9804252731051049,0.07038515984536485,0.5,3.0535311318458396,nan,nan
emnist_digits,topk_softmax_05,7,19,0.038089923560619354,0.9839166666666667,0.9839712590851464,0.05737747631451868,0.5,3.066317763734371,nan,nan
emnist_digits,topk_softmax_05,7,20,0.04367877542972565,0.9836666666666667,0.9836976320351196,0.059170116254306855,0.5,3.04544039482766,nan,nan
emnist_digits,topk_softmax_05,7,21,0.038887493312358856,0.9816666666666667,0.9817481338635542,0.060418860045598544,0.5,3.045147794358274,nan,nan
emnist_digits,topk_softmax_05,7,22,0.03765937313437462,0.98275,0.9828185963211725,0.06230405430765228,0.5,3.0531205192525337,nan,nan
emnist_digits,topk_softmax_05,7,23,0.03494184836745262,0.9815,0.9815597328966682,0.06651456237948955,0.5,3.025922694104783,nan,nan
emnist_digits,topk_softmax_05,7,24,0.03578846529126167,0.9843333333333333,0.984390650201262,0.057064570189314955,0.5,3.0344722270965576,nan,nan
emnist_digits,topk_softmax_05,7,25,0.02879239246249199,0.984,0.9840835388396995,0.0639462729995238,0.5,3.036212474741834,nan,nan
emnist_digits,topk_softmax_05,7,26,0.029186367988586426,0.9825833333333334,0.9827053094486671,0.06213559670017121,0.5,3.0489558742401446,nan,nan
emnist_digits,topk_softmax_05,7,27,0.030348828062415123,0.9850833333333333,0.985151848385091,0.05249222417540373,0.5,3.032562035195371,nan,nan
emnist_digits,topk_softmax_05,7,28,0.02882903628051281,0.9845,0.9845915748599108,0.058664181002197745,0.5,3.038505987918123,nan,nan
emnist_digits,topk_softmax_05,7,29,0.026123909279704094,0.9843333333333333,0.9844196036490855,0.05753936384745101,0.5,3.0282108403266745,nan,nan
emnist_digits,topk_softmax_05,8,0,1.3639813661575317,0.84925,0.8497584384545528,0.4792642054405618,0.5,3.1907253899472825,nan,nan
emnist_digits,topk_softmax_05,8,1,0.38097769021987915,0.9268333333333333,0.9263931207145685,0.24092379244084053,0.5,3.1838602892895964,nan,nan
emnist_digits,topk_softmax_05,8,2,0.22888414561748505,0.93625,0.9364622586537633,0.2004125327505964,0.5,3.1625708950326796,nan,nan
emnist_digits,topk_softmax_05,8,3,0.17457541823387146,0.9520833333333333,0.9521395971213689,0.1536848987353609,0.5,3.154163193195424,nan,nan
emnist_digits,topk_softmax_05,8,4,0.14422781765460968,0.9659166666666666,0.9658396823617086,0.11008667287991401,0.5,3.1370201846386525,nan,nan
emnist_digits,topk_softmax_05,8,5,0.11506271362304688,0.9705,0.9705045875177936,0.09644364557684736,0.5,3.137846441979104,nan,nan
emnist_digits,topk_softmax_05,8,6,0.10671843588352203,0.9710833333333333,0.9711117978610598,0.09786835201877228,0.5,3.1245031635811986,nan,nan
emnist_digits,topk_softmax_05,8,7,0.09720722585916519,0.9706666666666667,0.9706976983273055,0.09546114551894208,0.5,3.1131067377455692,nan,nan
emnist_digits,topk_softmax_05,8,8,0.0857156291604042,0.972,0.9720138080711076,0.0933361179492575,0.5,3.108048162561782,nan,nan
emnist_digits,topk_softmax_05,8,9,0.07614399492740631,0.9785833333333334,0.9785934335011944,0.074226989430633,0.5,3.1035013477853,nan,nan
emnist_digits,topk_softmax_05,8,10,0.07217874377965927,0.97725,0.9772116604667966,0.0752983399409246,0.5,3.0977896807041576,nan,nan
emnist_digits,topk_softmax_05,8,11,0.06812186539173126,0.9774166666666667,0.9774340537644048,0.07507950558941415,0.5,3.0988111597426395,nan,nan
emnist_digits,topk_softmax_05,8,12,0.06403375416994095,0.9790833333333333,0.9791037302569798,0.06753536935974942,0.5,3.0890966958187995,nan,nan
emnist_digits,topk_softmax_05,8,13,0.05901024863123894,0.9825833333333334,0.9825785620461132,0.05843817353486381,0.5,3.0849398044829672,nan,nan
emnist_digits,topk_softmax_05,8,14,0.05433149263262749,0.9814166666666667,0.9814033415170712,0.060290639962446185,0.5,3.085085168797919,nan,nan
emnist_digits,topk_softmax_05,8,15,0.051405999809503555,0.9816666666666667,0.9816532244082561,0.05998612865013011,0.5,3.0790793489902577,nan,nan
emnist_digits,topk_softmax_05,8,16,0.05113676190376282,0.98175,0.9817547893328895,0.06330043541148622,0.5,3.0795316848349064,nan,nan
emnist_digits,topk_softmax_05,8,17,0.047278210520744324,0.98325,0.983234621088749,0.0533006812267481,0.5,3.0783121256118124,nan,nan
emnist_digits,topk_softmax_05,8,18,0.04517515003681183,0.9818333333333333,0.9818521778601553,0.059549147144277045,0.5,3.084976799944614,nan,nan
emnist_digits,topk_softmax_05,8,19,0.0421704463660717,0.9828333333333333,0.9828077215317773,0.06029389259663034,0.5,3.068189806126534,nan,nan
emnist_digits,topk_softmax_05,8,20,0.042755477130413055,0.9815,0.9815139861084512,0.06569839986239343,0.5,3.0616156674445945,nan,nan
emnist_digits,topk_softmax_05,8,21,0.036046791821718216,0.9849166666666667,0.9848980500449935,0.05410104106239816,0.5,3.067064102659834,nan,nan
emnist_digits,topk_softmax_05,8,22,0.03965406492352486,0.9803333333333333,0.9803512984787366,0.0686157135728826,0.5,3.06974044505586,nan,nan
emnist_digits,topk_softmax_05,8,23,0.03683854267001152,0.9843333333333333,0.9843437405099822,0.05466943424432836,0.5,3.059970863321994,nan,nan
emnist_digits,topk_softmax_05,8,24,0.033859048038721085,0.98125,0.9812832544360337,0.06775231200686478,0.5,3.055096096180855,nan,nan
emnist_digits,topk_softmax_05,8,25,0.03346491605043411,0.98375,0.9837317380487203,0.059809319536261105,0.5,3.0557564725267126,nan,nan
emnist_digits,topk_softmax_05,8,26,0.03015383891761303,0.98375,0.9837389734975863,0.05644222033864006,0.5,3.058394751650222,nan,nan
emnist_digits,topk_softmax_05,9,0,1.3825353384017944,0.77375,0.7737973708533119,0.653301273254638,0.5,3.123650018205034,nan,nan
emnist_digits,topk_softmax_05,9,1,0.43748238682746887,0.9096666666666666,0.9099347135943769,0.2753489093577608,0.5,3.1528114663793687,nan,nan
emnist_digits,topk_softmax_05,9,2,0.2494339793920517,0.9391666666666667,0.9389162151578556,0.18832637068439037,0.5,3.1484488705371287,nan,nan
emnist_digits,topk_softmax_05,9,3,0.18113194406032562,0.9535,0.9532862735034244,0.15230468422808546,0.5,3.1400432104760028,nan,nan
emnist_digits,topk_softmax_05,9,4,0.15245884656906128,0.96325,0.9632415105216976,0.12095291896703396,0.5,3.1205216874467565,nan,nan
emnist_digits,topk_softmax_05,9,5,0.13555613160133362,0.9595833333333333,0.9593046426714297,0.13448849471008523,0.5,3.1064490992972194,nan,nan
emnist_digits,topk_softmax_05,9,6,0.11427203565835953,0.97125,0.9711976108994046,0.09704987522452435,0.5,3.099378542697176,nan,nan
emnist_digits,topk_softmax_05,9,7,0.10018223524093628,0.9716666666666667,0.9717614532096622,0.09363153501552471,0.5,3.090185325196449,nan,nan
emnist_digits,topk_softmax_05,9,8,0.09270142018795013,0.9716666666666667,0.9716997703002251,0.09276493321707908,0.5,3.0891973135319164,nan,nan
emnist_digits,topk_softmax_05,9,9,0.08331353217363358,0.9683333333333334,0.9683600393526923,0.10129210558977533,0.5,3.0772789310901723,nan,nan
emnist_digits,topk_softmax_05,9,10,0.07456456869840622,0.9765833333333334,0.9766141838277316,0.07764127065843725,0.5,3.081596666194023,nan,nan
emnist_digits,topk_softmax_05,9,11,0.06865429878234863,0.9776666666666667,0.9777026973931312,0.076621958470725,0.5,3.0697455431552645,nan,nan
emnist_digits,topk_softmax_05,9,12,0.06621764600276947,0.9701666666666666,0.970162945831925,0.10162269863042425,0.5,3.06778920711355,nan,nan
emnist_digits,topk_softmax_05,9,13,0.062224239110946655,0.977,0.9770015313525027,0.07334731574705307,0.5,3.0715978272417757,nan,nan
emnist_digits,topk_softmax_05,9,14,0.05619965121150017,0.9744166666666667,0.9743896879583623,0.08925411014005225,0.5,3.06367926141049,nan,nan
emnist_digits,topk_softmax_05,9,15,0.054073382169008255,0.9799166666666667,0.979878010548696,0.0723351322193729,0.5,3.0584512467079974,nan,nan
emnist_digits,topk_softmax_05,9,16,0.05130810663104057,0.9804166666666667,0.9803755312629473,0.06875890255608458,0.5,3.0447995510507138,nan,nan
emnist_digits,topk_softmax_05,9,17,0.04661919176578522,0.9813333333333333,0.9813667086200605,0.06694487537792389,0.5,3.053850686296504,nan,nan
emnist_digits,topk_softmax_05,9,18,0.04761090502142906,0.9789166666666667,0.9788080545012671,0.07486443851697952,0.5,3.0488423083690885,nan,nan
emnist_digits,topk_softmax_05,9,19,0.0456809364259243,0.98025,0.9801769356033152,0.07554879093027496,0.5,3.0498042208083134,nan,nan
emnist_digits,topk_softmax_05,9,20,0.04005446285009384,0.98,0.9799486937417697,0.0723324474343594,0.5,3.0455146393877395,nan,nan
emnist_digits,topk_softmax_05,9,21,0.038232628256082535,0.98225,0.9822315900340406,0.06753264268503543,0.5,3.0547483474650283,nan,nan
emnist_digits,topk_softmax_05,9,22,0.03843317925930023,0.9820833333333333,0.9820999636986645,0.06489226558899626,0.5,3.0410316421630537,nan,nan
emnist_digits,topk_softmax_05,9,23,0.036208342760801315,0.9775833333333334,0.9774916684043042,0.08109610472270783,0.5,3.0504445319480085,nan,nan
emnist_digits,topk_softmax_05,9,24,0.036769505590200424,0.9828333333333333,0.9827900955955847,0.059224788297681095,0.5,3.033205996168421,nan,nan
emnist_digits,topk_softmax_05,9,25,0.031130120158195496,0.9825,0.9824022552362118,0.06487014231846687,0.5,3.0335370276836637,nan,nan
emnist_digits,topk_softmax_05,9,26,0.031248286366462708,0.98325,0.9831513329883241,0.06472365062763082,0.5,3.039484363921145,nan,nan
emnist_digits,topk_softmax_05,9,27,0.031413327902555466,0.9815833333333334,0.9815842427054979,0.06443101853290771,0.5,3.027127983722281,nan,nan
emnist_digits,topk_softmax_05,9,28,0.030134236440062523,0.98075,0.9807927519934184,0.07059726691705749,0.5,3.032795287193136,nan,nan
emnist_digits,topk_softmax_05,9,29,0.0283370278775692,0.9820833333333333,0.9820983301513442,0.06749405487975542,0.5,3.045100635670601,nan,nan
emnist_digits,sparsemax,0,0,1.1232268810272217,0.8929166666666667,0.8928300364428472,0.3481581838841134,0.5040487355374276,2.631369026417428,nan,nan
emnist_digits,sparsemax,0,1,0.26765647530555725,0.94425,0.9437810813237377,0.1878965512869206,0.4836629919232206,2.6172229267181235,nan,nan
emnist_digits,sparsemax,0,2,0.1720486879348755,0.9569166666666666,0.9569690822563286,0.14444865333907148,0.4687618965164144,2.593618670676617,nan,nan
emnist_digits,sparsemax,0,3,0.12991784512996674,0.9643333333333334,0.9641541446723714,0.11810661107301712,0.45640836671945895,2.569777566067716,nan,nan
emnist_digits,sparsemax,0,4,0.11302437633275986,0.9623333333333334,0.9621958048779005,0.12747165655836146,0.4486572940615898,2.564345347120407,nan,nan
emnist_digits,sparsemax,0,5,0.09842267632484436,0.9721666666666666,0.9721076135585349,0.0931966382851626,0.43585783037099435,2.533485341579356,nan,nan
emnist_digits,sparsemax,0,6,0.08759524673223495,0.97,0.9699180826523573,0.09610613166017735,0.4293711339222624,2.512941139809629,nan,nan
emnist_digits,sparsemax,0,7,0.07915017008781433,0.9745833333333334,0.9744752993665864,0.08305889562247916,0.42458467518395565,2.4954192080396287,nan,nan
emnist_digits,sparsemax,0,8,0.07461581379175186,0.9754166666666667,0.9753667386726128,0.08150974011167567,0.4180409583322545,2.4892432753075946,nan,nan
emnist_digits,sparsemax,0,9,0.06843419373035431,0.9755833333333334,0.975505262337105,0.08049062155979744,0.4147323081468014,2.4863621313521205,nan,nan
emnist_digits,sparsemax,0,10,0.06409037858247757,0.9785833333333334,0.9785270093406362,0.07595237340540328,0.4087719253086029,2.47010571525452,nan,nan
emnist_digits,sparsemax,0,11,0.05994438752532005,0.97825,0.9781856599802314,0.07297640527658006,0.40696814386768543,2.4618859367167696,nan,nan
emnist_digits,sparsemax,0,12,0.05912725254893303,0.9753333333333334,0.9753681520453504,0.08165227059037128,0.40093140113861003,2.4469897176357027,nan,nan
emnist_digits,sparsemax,0,13,0.055097926408052444,0.97875,0.9786871047523338,0.06788140892031345,0.3935937726117195,2.4230392029944885,nan,nan
emnist_digits,sparsemax,0,14,0.050249986350536346,0.9785,0.9784492013104774,0.07362373038492304,0.39571920544543165,2.4444181056732828,nan,nan
emnist_digits,sparsemax,0,15,0.048008162528276443,0.9805,0.9804789453657102,0.06770130488625233,0.39850445091724396,2.446799946592209,nan,nan
emnist_digits,sparsemax,0,16,0.04742395132780075,0.9809166666666667,0.980837937221924,0.0659876909959031,0.38402899893674447,2.3971160282479955,nan,nan
emnist_digits,sparsemax,0,17,0.04613374173641205,0.9795,0.9793758409707636,0.07158954152242934,0.38364231792536185,2.415198324842656,nan,nan
emnist_digits,sparsemax,0,18,0.043653082102537155,0.9775,0.9774080156321736,0.07745510063312472,0.37500683646252814,2.388294204752496,nan,nan
emnist_digits,sparsemax,0,19,0.04094650596380234,0.9829166666666667,0.9828410862137472,0.06047281948849559,0.37018267271366523,2.381780467134841,nan,nan
emnist_digits,sparsemax,0,20,0.03722720965743065,0.983,0.9829218143270919,0.06628498277488223,0.36956365517479306,2.3601921251479614,nan,nan
emnist_digits,sparsemax,0,21,0.03871137648820877,0.9829166666666667,0.9828845384168273,0.05857947751126708,0.35793876505278527,2.320672451181615,nan,nan
emnist_digits,sparsemax,0,22,0.03432765230536461,0.97875,0.9786903018956178,0.07268538064462074,0.3530639462331508,2.310226357997732,nan,nan
emnist_digits,sparsemax,0,23,0.032890528440475464,0.9810833333333333,0.9810176084053298,0.06825131217532969,0.3492515657810455,2.2857180884543884,nan,nan
emnist_digits,sparsemax,0,24,0.03472600132226944,0.98175,0.9816763821899752,0.0700385120717135,0.35014549040413917,2.3205049672025315,nan,nan
emnist_digits,sparsemax,0,25,0.030373910441994667,0.9818333333333333,0.9818051474791476,0.06853611208498478,0.35095729013072685,2.315273168239188,nan,nan
emnist_digits,sparsemax,1,0,1.0443735122680664,0.8968333333333334,0.8969900772352061,0.32921334910900035,0.4600322073761453,2.530375097660308,nan,nan
emnist_digits,sparsemax,1,1,0.27724596858024597,0.9460833333333334,0.9460789780453762,0.17150597829133907,0.439640185775909,2.4813159552026303,nan,nan
emnist_digits,sparsemax,1,2,0.18671591579914093,0.9579166666666666,0.957962324155381,0.13439651713409323,0.41321928450401796,2.424173185165892,nan,nan
emnist_digits,sparsemax,1,3,0.1459551900625229,0.95675,0.9568040995614217,0.1416884166129092,0.39674174230783543,2.386212719247696,nan,nan
emnist_digits,sparsemax,1,4,0.128199502825737,0.9680833333333333,0.9681643854104163,0.09795336821611891,0.39174842882029554,2.3792288975512728,nan,nan
emnist_digits,sparsemax,1,5,0.10899803787469864,0.9693333333333334,0.9693873347012699,0.09607372829254637,0.37550800658286887,2.3455493272619043,nan,nan
emnist_digits,sparsemax,1,6,0.09676206856966019,0.9695,0.969494057451677,0.09707837258564665,0.3663709155739622,2.3463021580209125,nan,nan
emnist_digits,sparsemax,1,7,0.08445554971694946,0.9765833333333334,0.9765775118986875,0.0765341302340335,0.3567270598513015,2.3312134577872907,nan,nan
emnist_digits,sparsemax,1,8,0.07894149422645569,0.9729166666666667,0.9729785105826154,0.08280544486293133,0.3453999974943222,2.3002869892627635,nan,nan
emnist_digits,sparsemax,1,9,0.06903117895126343,0.9766666666666667,0.9767102194405245,0.07450564086754272,0.3325419733498959,2.2698214066789504,nan,nan
emnist_digits,sparsemax,1,10,0.0641862228512764,0.9808333333333333,0.9808478983468998,0.06520961553968013,0.3283277570884279,2.2625976838964097,nan,nan
emnist_digits,sparsemax,1,11,0.059188950806856155,0.97975,0.9797542587241596,0.06711922257028996,0.3134961345411362,2.244120723389565,nan,nan
emnist_digits,sparsemax,1,12,0.05949403718113899,0.9776666666666667,0.9776825564664312,0.07519335612813209,0.3135371249406896,2.220832219783296,nan,nan
emnist_digits,sparsemax,1,13,0.05398937314748764,0.9751666666666666,0.9751021132014925,0.07937024620936271,0.30325480867573557,2.209926316078673,nan,nan
emnist_digits,sparsemax,1,14,0.054655514657497406,0.97725,0.9772035019301872,0.07307774226795485,0.3068604236270519,2.2234869218887168,nan,nan
emnist_digits,sparsemax,1,15,0.05018361285328865,0.9809166666666667,0.9808574487560302,0.06550346233664041,0.2993215880495437,2.196320816557458,nan,nan
emnist_digits,sparsemax,1,16,0.04631184786558151,0.98125,0.981264860936028,0.06623156182467937,0.28927093696721057,2.1572602010787802,nan,nan
emnist_digits,sparsemax,1,17,0.04476039856672287,0.9798333333333333,0.9798129577809032,0.07137768961330677,0.29034053835463014,2.16120072501771,nan,nan
emnist_digits,sparsemax,1,18,0.04215671867132187,0.9826666666666667,0.9826729166135969,0.060104472483409215,0.28939865656355596,2.1549841507952263,nan,nan
emnist_digits,sparsemax,1,19,0.044591739773750305,0.9805833333333334,0.9806316959278358,0.06746454513136377,0.27921643567846177,2.102796791715825,nan,nan
emnist_digits,sparsemax,1,20,0.03969771787524223,0.98325,0.9832581703293165,0.05655568647891917,0.27178980156462246,2.0677357442835542,nan,nan
emnist_digits,sparsemax,1,21,0.037877634167671204,0.98225,0.98225697221801,0.061220483616628546,0.27953433816103224,2.1196081422744912,nan,nan
emnist_digits,sparsemax,1,22,0.03476389870047569,0.9830833333333333,0.9831182151230037,0.059535958982528524,0.27492175314654693,2.0959034156292042,nan,nan
emnist_digits,sparsemax,1,23,0.033193204551935196,0.9795833333333334,0.9795891836237315,0.07590136070676307,0.26909404311408386,2.0641261415278658,nan,nan
emnist_digits,sparsemax,1,24,0.03288520500063896,0.981,0.9810073247295035,0.06720756632374957,0.2711145013887831,2.0951157833667513,nan,nan
emnist_digits,sparsemax,1,25,0.03148942440748215,0.9836666666666667,0.9836703772510316,0.05806005106089597,0.26726997183992507,2.07074891379539,nan,nan
emnist_digits,sparsemax,1,26,0.030647726729512215,0.9815,0.9815305045106761,0.06783991211906393,0.2665148103173743,2.0610786765179734,nan,nan
emnist_digits,sparsemax,1,27,0.03265628591179848,0.98275,0.9827737907436912,0.05875740721425478,0.26526029075079777,2.0525536499124892,nan,nan
emnist_digits,sparsemax,1,28,0.029850024729967117,0.98225,0.9822587671154457,0.06339154955237469,0.256799847283896,1.9958743465707658,nan,nan
emnist_digits,sparsemax,1,29,0.029886025935411453,0.9819166666666667,0.9819371359085165,0.06572850064394321,0.2537488203416479,2.0030603472222674,nan,nan
emnist_digits,sparsemax,2,0,1.060539960861206,0.88375,0.8839336310403165,0.3802368685286096,0.48244027666589046,2.6462360658544175,nan,nan
emnist_digits,sparsemax,2,1,0.3002724349498749,0.9419166666666666,0.9415882686591592,0.1881967637133091,0.4329057199523804,2.521791659771128,nan,nan
emnist_digits,sparsemax,2,2,0.1927488148212433,0.9508333333333333,0.9508676962836645,0.1596503920377569,0.40958773852028746,2.4687664584910616,nan,nan
emnist_digits,sparsemax,2,3,0.15353627502918243,0.9575833333333333,0.957399898574949,0.13156247059715556,0.388220858225163,2.4052297485635634,nan,nan
emnist_digits,sparsemax,2,4,0.12874063849449158,0.9666666666666667,0.9666051311984413,0.11010184408502376,0.3728128567020944,2.3544518668600856,nan,nan
emnist_digits,sparsemax,2,5,0.11029588431119919,0.9660833333333333,0.9660919472112683,0.10812076506145457,0.3727626114132557,2.371330905467906,nan,nan
emnist_digits,sparsemax,2,6,0.09888385236263275,0.9669166666666666,0.9669215937622793,0.10841490922773138,0.35940048780213013,2.3342124654891645,nan,nan
emnist_digits,sparsemax,2,7,0.08851933479309082,0.9729166666666667,0.9727848515694821,0.09132060131176989,0.3565852149052823,2.327350490904869,nan,nan
emnist_digits,sparsemax,2,8,0.08010928332805634,0.9735,0.973403479432511,0.0871691274991695,0.3495460051171323,2.2869329313014415,nan,nan
emnist_digits,sparsemax,2,9,0.07130429893732071,0.9746666666666667,0.9745866717130532,0.08187320503465673,0.34729951683511123,2.2829765994498072,nan,nan
emnist_digits,sparsemax,2,10,0.06599642336368561,0.9743333333333334,0.9742605162772511,0.08854184731682564,0.34550755074683653,2.2997814670522163,nan,nan
emnist_digits,sparsemax,2,11,0.06078336387872696,0.976,0.9758905055148086,0.07837327320049418,0.33669560307517965,2.272637002011563,nan,nan
emnist_digits,sparsemax,2,12,0.05921308323740959,0.9788333333333333,0.9787971978462912,0.06880101470395605,0.33016872643790346,2.2415069874296796,nan,nan
emnist_digits,sparsemax,2,13,0.05444970354437828,0.9805,0.9804225006003742,0.06785720662075154,0.3233244003767663,2.2234769818630626,nan,nan
emnist_digits,sparsemax,2,14,0.05116676539182663,0.979,0.978958726056755,0.06869461482509653,0.3223269356692091,2.2235251145159944,nan,nan
emnist_digits,sparsemax,2,15,0.04786716029047966,0.9771666666666666,0.9771094571464323,0.07357553487762492,0.31768100597756976,2.209656006478249,nan,nan
emnist_digits,sparsemax,2,16,0.050680555403232574,0.9809166666666667,0.9808206985545904,0.06362139667443772,0.31076552829843884,2.1787886201067175,nan,nan
emnist_digits,sparsemax,2,17,0.045738670974969864,0.9804166666666667,0.9803385647994265,0.06904183373727063,0.30676797698152825,2.155720700608923,nan,nan
emnist_digits,sparsemax,2,18,0.04057374224066734,0.9801666666666666,0.9800326632581783,0.07279729300198402,0.3181320530302981,2.210928866203795,nan,nan
emnist_digits,sparsemax,2,19,0.03859875351190567,0.9795833333333334,0.9795062583697964,0.06865461295510226,0.30498473282824173,2.144432988572628,nan,nan
emnist_digits,sparsemax,2,20,0.03548753261566162,0.9824166666666667,0.9823754070398255,0.06477011003075762,0.3052430847223769,2.148324820589512,nan,nan
emnist_digits,sparsemax,2,21,0.035140227526426315,0.9758333333333333,0.9757932531647615,0.08882020195906466,0.29948525003930354,2.133441060147387,nan,nan
emnist_digits,sparsemax,2,22,0.03850514814257622,0.9803333333333333,0.9802749457371146,0.06940222432480213,0.29045643403809124,2.1012544872912953,nan,nan
emnist_digits,sparsemax,2,23,0.03354183956980705,0.9786666666666667,0.9785985822160338,0.07488032240182796,0.28618105389970416,2.076718339260588,nan,nan
emnist_digits,sparsemax,2,24,0.03482973948121071,0.981,0.980917109010117,0.06550305158375426,0.29406469442108846,2.119370516310347,nan,nan
emnist_digits,sparsemax,2,25,0.03275280073285103,0.9813333333333333,0.9812722031113355,0.06439483546196147,0.2863730929316358,2.110215496509633,nan,nan
emnist_digits,sparsemax,3,0,1.1095952987670898,0.8800833333333333,0.8808887653363036,0.38261070720692897,0.47825559609113855,2.588931418479757,nan,nan
emnist_digits,sparsemax,3,1,0.2867416441440582,0.921,0.9217988351225836,0.2496971605305976,0.46346724508924686,2.561573193428364,nan,nan
emnist_digits,sparsemax,3,2,0.19025759398937225,0.9535,0.95350109546138,0.15651485086121458,0.45412489264569383,2.547769362622119,nan,nan
emnist_digits,sparsemax,3,3,0.14809055626392365,0.9605,0.9606135618057493,0.12867380535983025,0.4433200159605513,2.5227813530475536,nan,nan
emnist_digits,sparsemax,3,4,0.1249275654554367,0.9641666666666666,0.9642503069984885,0.1205508846076245,0.4337645006623674,2.5070075354677566,nan,nan
emnist_digits,sparsemax,3,5,0.10959132015705109,0.9590833333333333,0.9593472194788791,0.13492022232806428,0.4273076924554845,2.4842850122045963,nan,nan
emnist_digits,sparsemax,3,6,0.09993411600589752,0.96975,0.9699930552431819,0.09719667968122249,0.4181523267576035,2.451428438754792,nan,nan
emnist_digits,sparsemax,3,7,0.08978734165430069,0.97125,0.9713156558965874,0.09688379956369704,0.4202962657238575,2.481658736441998,nan,nan
emnist_digits,sparsemax,3,8,0.08435560762882233,0.9728333333333333,0.9729108938930772,0.09096166174462501,0.4134278080247818,2.4558317648603563,nan,nan
emnist_digits,sparsemax,3,9,0.07312216609716415,0.9759166666666667,0.9760413688384795,0.07919278170200104,0.39640783042983807,2.4142901669157313,nan,nan
emnist_digits,sparsemax,3,10,0.06788060069084167,0.9750833333333333,0.975215934497166,0.07969538423609226,0.3948724956271496,2.402544162374862,nan,nan
emnist_digits,sparsemax,3,11,0.06581931561231613,0.9745833333333334,0.9746558795228536,0.08543470208632185,0.38191925670872345,2.348651036303094,nan,nan
emnist_digits,sparsemax,3,12,0.05654348433017731,0.9796666666666667,0.9797175435169351,0.06834334460027675,0.38638991830830877,2.3938383612226932,nan,nan
emnist_digits,sparsemax,3,13,0.05624930560588837,0.97825,0.9783241144562685,0.07170323520264726,0.37643152871664537,2.3420808213822384,nan,nan
emnist_digits,sparsemax,3,14,0.05104505270719528,0.978,0.9780532994527515,0.07152581524024619,0.3705978748646188,2.3273188674703555,nan,nan
emnist_digits,sparsemax,3,15,0.050123412162065506,0.97675,0.976823097943957,0.0764834296671634,0.3621714138921271,2.312153657700153,nan,nan
emnist_digits,sparsemax,3,16,0.047783829271793365,0.9781666666666666,0.9782428336417996,0.07568831670474499,0.3514108404200128,2.28038138531624,nan,nan
emnist_digits,sparsemax,3,17,0.04418642818927765,0.9786666666666667,0.9788107787112754,0.07519857117787321,0.35430537417848057,2.2855838702080096,nan,nan
emnist_digits,sparsemax,4,0,1.1718428134918213,0.8948333333333334,0.8949490680434316,0.34358639856602285,0.44151870367374824,2.558687263346733,nan,nan
emnist_digits,sparsemax,4,1,0.26942628622055054,0.9475,0.9473227425296429,0.1767978084848282,0.39304649037249545,2.45047815936677,nan,nan
emnist_digits,sparsemax,4,2,0.17271557450294495,0.95875,0.9587165170151446,0.13992767717610013,0.36087086099259397,2.3690825206168156,nan,nan
emnist_digits,sparsemax,4,3,0.13757900893688202,0.96525,0.9651096540623445,0.11888213059369554,0.34603126458031064,2.339478022240578,nan,nan
emnist_digits,sparsemax,4,4,0.11663781106472015,0.9696666666666667,0.969652875206011,0.09999594567938054,0.3477414492914017,2.359312185581694,nan,nan
emnist_digits,sparsemax,4,5,0.09955575317144394,0.9650833333333333,0.9652167881493584,0.11912791272427173,0.3369687226541499,2.3362458246819515,nan,nan
emnist_digits,sparsemax,4,6,0.09527117758989334,0.9740833333333333,0.9739882715451096,0.08692768208206968,0.32831154256425005,2.313636933235412,nan,nan
emnist_digits,sparsemax,4,7,0.08177739381790161,0.97375,0.9736888844078344,0.08905249873691416,0.32607094911818807,2.292424683875226,nan,nan
emnist_digits,sparsemax,4,8,0.08000323921442032,0.9743333333333334,0.9742672130267772,0.08273559079525318,0.31823998182377916,2.283601040535785,nan,nan
emnist_digits,sparsemax,4,9,0.06899693608283997,0.97775,0.9777013024537318,0.07376204736213735,0.31216234444303714,2.269822228462138,nan,nan
emnist_digits,sparsemax,4,10,0.06835409253835678,0.9765,0.9764526596293249,0.07709203018470014,0.31240946545879894,2.2779710039179375,nan,nan
emnist_digits,sparsemax,4,11,0.0643763542175293,0.9748333333333333,0.9748313250803534,0.08320316042196244,0.2979736049124535,2.2214778877319175,nan,nan
emnist_digits,sparsemax,4,12,0.055455759167671204,0.9748333333333333,0.974812098133609,0.08320215055124557,0.2884231927864095,2.1954112167054034,nan,nan
emnist_digits,sparsemax,4,13,0.0511540025472641,0.9804166666666667,0.9803750904813638,0.06930883930243076,0.2938530668616295,2.220420169069412,nan,nan
emnist_digits,sparsemax,4,14,0.05298754945397377,0.9806666666666667,0.9806306200300783,0.06360987375708337,0.2984036440227894,2.24151747784716,nan,nan
emnist_digits,sparsemax,4,15,0.05092136934399605,0.9786666666666667,0.9786370846531434,0.06929817375667552,0.2864547517705471,2.201193555872491,nan,nan
emnist_digits,sparsemax,4,16,0.04674232751131058,0.9803333333333333,0.9803416662710072,0.06709162726443499,0.29050398047300097,2.2269506911013988,nan,nan
emnist_digits,sparsemax,4,17,0.044375743716955185,0.9768333333333333,0.9768450025515781,0.07644057261975522,0.2822352275252342,2.2025615319292595,nan,nan
emnist_digits,sparsemax,4,18,0.04415275901556015,0.9790833333333333,0.9791599464132169,0.07346098422211536,0.28072259273934874,2.1771576391889695,nan,nan
emnist_digits,sparsemax,4,19,0.03749243915081024,0.982,0.9819765325850689,0.0617096862022547,0.27027461883869575,2.1506425738334656,nan,nan
emnist_digits,sparsemax,4,20,0.0406966432929039,0.979,0.9789816313529395,0.0744918389840329,0.27736615532256187,2.1668434485476067,nan,nan
emnist_digits,sparsemax,4,21,0.040352582931518555,0.9826666666666667,0.982662253196031,0.06819778609466046,0.2710872080097807,2.1421666728689317,nan,nan
emnist_digits,sparsemax,4,22,0.038553860038518906,0.98075,0.9806969045877534,0.07086018294571562,0.2637238247280425,2.118804788335841,nan,nan
emnist_digits,sparsemax,4,23,0.035859253257513046,0.9815,0.9814991110073938,0.06664103420173868,0.2711193594843783,2.1445221634621316,nan,nan
emnist_digits,sparsemax,4,24,0.03444705903530121,0.9818333333333333,0.9817961089051683,0.06664160394327755,0.26728970161143767,2.1304013272549245,nan,nan
emnist_digits,sparsemax,4,25,0.033762965351343155,0.9808333333333333,0.9808047265926667,0.07059532180032198,0.26935779398426096,2.135218024253845,nan,nan
emnist_digits,sparsemax,4,26,0.03456982225179672,0.98225,0.9822376374138303,0.06212529104123724,0.2713096633236459,2.163807139751759,nan,nan
emnist_digits,sparsemax,5,0,0.9960100650787354,0.9041666666666667,0.9040844633225056,0.3172599692293938,0.4866249287065039,2.6479778226385724,nan,nan
emnist_digits,sparsemax,5,1,0.26843321323394775,0.94225,0.9422697870224772,0.18979021526397544,0.48052290795331304,2.6514253996788186,nan,nan
emnist_digits,sparsemax,5,2,0.18783392012119293,0.9494166666666667,0.9493691997256238,0.16124041632134864,0.4715304509439367,2.6307023801702134,nan,nan
emnist_digits,sparsemax,5,3,0.14211750030517578,0.9615833333333333,0.9615562210844668,0.12896614585151064,0.46555509291430736,2.628426615228044,nan,nan
emnist_digits,sparsemax,5,4,0.12192141264677048,0.9615,0.9614819911106316,0.1242293599755206,0.4525024838587071,2.584059862380332,nan,nan
emnist_digits,sparsemax,5,5,0.10318712145090103,0.9708333333333333,0.9708404391611947,0.09253790883466284,0.44724586796253285,2.5653065861539637,nan,nan
emnist_digits,sparsemax,5,6,0.09145738184452057,0.9688333333333333,0.9687915396432757,0.09548836772112136,0.4311747229162683,2.5244518378947642,nan,nan
emnist_digits,sparsemax,5,7,0.08543770015239716,0.9696666666666667,0.9696959889192035,0.09837399692611491,0.41873201204741256,2.504220975206253,nan,nan
emnist_digits,sparsemax,5,8,0.07823115587234497,0.9738333333333333,0.9738162732461477,0.08345268591445812,0.406214657774631,2.4733272448499153,nan,nan
emnist_digits,sparsemax,5,9,0.07005990296602249,0.9738333333333333,0.9738367859233852,0.08463076379229413,0.39426258935573255,2.4557448777746647,nan,nan
emnist_digits,sparsemax,5,10,0.06600812077522278,0.97725,0.9771835111025208,0.07347030275838172,0.384996919080298,2.4405148270282337,nan,nan
emnist_digits,sparsemax,5,11,0.05812200531363487,0.97525,0.9752138076333929,0.08348321637257616,0.36556902448547646,2.3781982381293116,nan,nan
emnist_digits,sparsemax,5,12,0.054967354983091354,0.975,0.9749382706701617,0.08280370269525558,0.361376867966449,2.37038605390711,nan,nan
emnist_digits,sparsemax,5,13,0.05282950773835182,0.9789166666666667,0.9788304385066444,0.06963756438741024,0.34724187739986057,2.322393903072844,nan,nan
emnist_digits,sparsemax,5,14,0.048297539353370667,0.9774166666666667,0.9773632683002397,0.07463641750051621,0.3427272973225472,2.3247495306299086,nan,nan
emnist_digits,sparsemax,5,15,0.04478871822357178,0.9794166666666667,0.9793655120917236,0.07065162141906454,0.33900560074030084,2.2997023184248744,nan,nan
emnist_digits,sparsemax,5,16,0.045155398547649384,0.9783333333333334,0.9783202487366071,0.07386070949600097,0.32962132007517714,2.2802616154893918,nan,nan
emnist_digits,sparsemax,5,17,0.04527587071061134,0.9811666666666666,0.9811359832954268,0.06625119406492153,0.3260524217435654,2.2895014894769545,nan,nan
emnist_digits,sparsemax,5,18,0.03829937428236008,0.9815833333333334,0.9815273491763264,0.06527021269690483,0.31822782850011866,2.26498248095208,nan,nan
emnist_digits,sparsemax,5,19,0.036409877240657806,0.9786666666666667,0.9786134200985547,0.08172849882790383,0.31665996097503823,2.2681577408567386,nan,nan
emnist_digits,sparsemax,5,20,0.03842684254050255,0.9799166666666667,0.9798462486666726,0.07100522117887406,0.306220975645045,2.2297520840421634,nan,nan
emnist_digits,sparsemax,5,21,0.03402618691325188,0.9773333333333334,0.9773277520022369,0.08418495196135754,0.30453774063511097,2.2152095272185957,nan,nan
emnist_digits,sparsemax,5,22,0.030617743730545044,0.984,0.9839660273377591,0.06468706663222389,0.2972943992056745,2.1913796371601997,nan,nan
emnist_digits,sparsemax,5,23,0.030337926000356674,0.9839166666666667,0.9838643733242213,0.06233065131496876,0.30104754120111465,2.2178319489702267,nan,nan
emnist_digits,sparsemax,5,24,0.030729450285434723,0.9818333333333333,0.9818197729578675,0.07447905002280752,0.29125530431245233,2.165653445619218,nan,nan
emnist_digits,sparsemax,5,25,0.02966865710914135,0.9824166666666667,0.9823753942183112,0.06683447681605181,0.28935061791475786,2.174607165316318,nan,nan
emnist_digits,sparsemax,5,26,0.027027806267142296,0.9839166666666667,0.983904005266554,0.0670067128784796,0.2841071852661194,2.1652575515686197,nan,nan
emnist_digits,sparsemax,5,27,0.028004221618175507,0.9823333333333333,0.982304946134396,0.07255687915343553,0.27666583673117007,2.1181336666675326,nan,nan
emnist_digits,sparsemax,6,0,1.1277995109558105,0.8793333333333333,0.878154962342049,0.37699448618483034,0.472738782142071,2.6223698283763643,nan,nan
emnist_digits,sparsemax,6,1,0.289477676153183,0.9446666666666667,0.9442256656503364,0.1823495647057574,0.463085376043269,2.593571643880073,nan,nan
emnist_digits,sparsemax,6,2,0.18321022391319275,0.9541666666666667,0.9537114361819823,0.15157197146339618,0.4469209644705691,2.541096164825115,nan,nan
emnist_digits,sparsemax,6,3,0.14447833597660065,0.9661666666666666,0.9659597460317901,0.11135307477509722,0.43751230201822644,2.517954724900266,nan,nan
emnist_digits,sparsemax,6,4,0.12237071245908737,0.96825,0.9680761437561767,0.10010193224917067,0.42922610583457543,2.5090388998072197,nan,nan
emnist_digits,sparsemax,6,5,0.09945334494113922,0.9674166666666667,0.967190563007166,0.10909083002108208,0.4253391889815635,2.486235571668503,nan,nan
emnist_digits,sparsemax,6,6,0.0915001705288887,0.975,0.9748604892617596,0.08421247214712996,0.4158601093482464,2.466438479880069,nan,nan
emnist_digits,sparsemax,6,7,0.07990210503339767,0.9740833333333333,0.9739833645158239,0.08101759597342065,0.41055645635153387,2.4549086537766964,nan,nan
emnist_digits,sparsemax,6,8,0.07440996170043945,0.9775,0.9773590379424855,0.07537121064168342,0.4049847631695423,2.4449018417520727,nan,nan
emnist_digits,sparsemax,6,9,0.06674651801586151,0.9775833333333334,0.9774465738300566,0.07533471983798007,0.39968525935360727,2.4186370436181415,nan,nan
emnist_digits,sparsemax,6,10,0.06755156815052032,0.981,0.9808499917147839,0.0654874815347981,0.39292801869042376,2.4138762925533537,nan,nan
emnist_digits,sparsemax,6,11,0.06200747936964035,0.9796666666666667,0.9795449494324858,0.06588796201221486,0.37941034518657846,2.3824999154882227,nan,nan
emnist_digits,sparsemax,6,12,0.05364934355020523,0.98125,0.9811170566416699,0.06330195089128424,0.37175036713163906,2.349998173561502,nan,nan
emnist_digits,sparsemax,6,13,0.05317362770438194,0.9791666666666666,0.9790703580902717,0.07189489742542834,0.36152825250904613,2.309278190135956,nan,nan
emnist_digits,sparsemax,6,14,0.05101125314831734,0.9721666666666666,0.9721414336770818,0.1011555884429749,0.3555137155220864,2.2931815474591355,nan,nan
emnist_digits,sparsemax,6,15,0.052465349435806274,0.9793333333333333,0.9791967755561842,0.0667415580296136,0.3473425176232419,2.2833579842080463,nan,nan
emnist_digits,sparsemax,6,16,0.04439930617809296,0.98175,0.9816428744632143,0.06463590315840345,0.35055126170528694,2.302319847522898,nan,nan
emnist_digits,sparsemax,6,17,0.04065820947289467,0.9813333333333333,0.9812164769591932,0.06846780100084365,0.34526309989234233,2.2952112568185683,nan,nan
emnist_digits,sparsemax,6,18,0.04146307334303856,0.98175,0.981646443141401,0.06496082896247823,0.33552877604961395,2.2380611680923623,nan,nan
emnist_digits,sparsemax,6,19,0.04072805121541023,0.97875,0.9786338294394683,0.0751388133998881,0.32661518454551697,2.2385644544946386,nan,nan
emnist_digits,sparsemax,6,20,0.04124247282743454,0.9840833333333333,0.9839872923007198,0.05755149448250837,0.32070611242918257,2.2167828729812133,nan,nan
emnist_digits,sparsemax,6,21,0.03483857214450836,0.981,0.980860664054554,0.07511157427537948,0.323328269130372,2.2414747717532704,nan,nan
emnist_digits,sparsemax,6,22,0.03460490331053734,0.9810833333333333,0.9810013955137065,0.06751268119254011,0.32206376039601387,2.2251413464546204,nan,nan
emnist_digits,sparsemax,6,23,0.030655134469270706,0.98325,0.9831473844415569,0.05764764862412468,0.3198387954146304,2.2289462837767093,nan,nan
emnist_digits,sparsemax,6,24,0.030061760917305946,0.9816666666666667,0.9815549751942811,0.06342496847773486,0.31457206480046535,2.2117182320736823,nan,nan
emnist_digits,sparsemax,6,25,0.033638518303632736,0.9813333333333333,0.9812373405110021,0.06610094835149481,0.31181502405633316,2.196325858856769,nan,nan
emnist_digits,sparsemax,7,0,1.0834887027740479,0.8979166666666667,0.8986970764004312,0.33727256287919716,0.47576913681436095,2.5559447534540864,nan,nan
emnist_digits,sparsemax,7,1,0.29025906324386597,0.9375833333333333,0.9377936502461661,0.19870032782250263,0.4575409210742788,2.5190968779807394,nan,nan
emnist_digits,sparsemax,7,2,0.20216472446918488,0.9594166666666667,0.9595405484437881,0.1343288169579303,0.4151860088744062,2.407105012142912,nan,nan
emnist_digits,sparsemax,7,3,0.1554589867591858,0.9633333333333334,0.963499788429603,0.12100206902052493,0.40688482022031824,2.4318943670455444,nan,nan
emnist_digits,sparsemax,7,4,0.13138218224048615,0.9674166666666667,0.9674698140133492,0.1106647402840726,0.3783907425847459,2.374208832040746,nan,nan
emnist_digits,sparsemax,7,5,0.10889486968517303,0.9754166666666667,0.975502111355107,0.08537891467517995,0.37253418786728637,2.381257613922687,nan,nan
emnist_digits,sparsemax,7,6,0.0982731357216835,0.976,0.9761359536740377,0.0834778810435153,0.3720005636519574,2.416951414118422,nan,nan
emnist_digits,sparsemax,7,7,0.08628220856189728,0.976,0.9761201935323234,0.07636045010641535,0.35874211518688404,2.350536251321752,nan,nan
emnist_digits,sparsemax,7,8,0.07798423618078232,0.9765,0.976601864857696,0.08091074553258876,0.3500487374815535,2.338005849655638,nan,nan
emnist_digits,sparsemax,7,9,0.07532839477062225,0.9796666666666667,0.979743998990559,0.07105331272481287,0.34274162859358687,2.3084259984341076,nan,nan
emnist_digits,sparsemax,7,10,0.0726022720336914,0.9806666666666667,0.980730527427448,0.06492089745687678,0.33232275777040643,2.2875055899011327,nan,nan
emnist_digits,sparsemax,7,11,0.06640928238630295,0.9765833333333334,0.9767624523465642,0.07633583029692477,0.3310195185402606,2.298184856455377,nan,nan
emnist_digits,sparsemax,7,12,0.06563504785299301,0.9796666666666667,0.9797457794969281,0.07179789356094726,0.32172900961434586,2.2489454200927246,nan,nan
emnist_digits,sparsemax,7,13,0.057854872196912766,0.9818333333333333,0.9818599053708061,0.06668175071319367,0.3212262623487635,2.2723294851627758,nan,nan
emnist_digits,sparsemax,7,14,0.05323383957147598,0.9824166666666667,0.9824802365649026,0.06125014100937133,0.3140028082626931,2.230576236197289,nan,nan
emnist_digits,sparsemax,7,15,0.049602583050727844,0.9804166666666667,0.9804961382554289,0.06992719675156664,0.3067904629922928,2.222995782152135,nan,nan
emnist_digits,sparsemax,7,16,0.05046315863728523,0.9796666666666667,0.9796796352114073,0.07051545167539983,0.3070977285821387,2.2252085449847767,nan,nan
emnist_digits,sparsemax,7,17,0.045805010944604874,0.9785,0.9785492137960213,0.07335267499327025,0.3018309868713643,2.185558606969549,nan,nan
emnist_digits,sparsemax,7,18,0.044504787772893906,0.9826666666666667,0.9827426123191211,0.061276005006375464,0.29733457717489686,2.182081515484668,nan,nan
emnist_digits,sparsemax,7,19,0.043243903666734695,0.9820833333333333,0.9821394565125485,0.0662165230457136,0.28721458845316095,2.141023408859334,nan,nan
emnist_digits,sparsemax,7,20,0.039135973900556564,0.9815,0.9815322430383109,0.06530588944541647,0.2873323252226444,2.1376236994215785,nan,nan
emnist_digits,sparsemax,7,21,0.04106053337454796,0.98325,0.9833240038081629,0.059359517364584384,0.2842666427505777,2.1078113621853767,nan,nan
emnist_digits,sparsemax,7,22,0.03498201444745064,0.9835,0.983573011350582,0.060285038176052116,0.2807332882855801,2.1201678806162896,nan,nan
emnist_digits,sparsemax,7,23,0.03603026270866394,0.9833333333333333,0.9833644556798837,0.057522516866075867,0.2765191560412975,2.1031117718270482,nan,nan
emnist_digits,sparsemax,7,24,0.0359988696873188,0.9845833333333334,0.9845886673962602,0.05750276544626723,0.28022926253207187,2.1035826333025667,nan,nan
emnist_digits,sparsemax,7,25,0.03438436985015869,0.9833333333333333,0.9834057489229723,0.0610372485949638,0.27666426259786525,2.092985267334796,nan,nan
emnist_digits,sparsemax,7,26,0.03776741027832031,0.981,0.9811108853194469,0.0685079426583933,0.27210964230780904,2.070034443063939,nan,nan
emnist_digits,sparsemax,7,27,0.030716469511389732,0.9848333333333333,0.9848728559354036,0.05859006997792328,0.27415776538087966,2.0943548780806522,nan,nan
emnist_digits,sparsemax,7,28,0.03005141392350197,0.9821666666666666,0.9822818617918507,0.06337787864848654,0.26253916402446464,2.064504700772306,nan,nan
emnist_digits,sparsemax,7,29,0.03005298599600792,0.9849166666666667,0.984983016637153,0.0605061903417586,0.26184333496271295,2.062122636653007,nan,nan
emnist_digits,sparsemax,8,0,1.2022790908813477,0.8565,0.8558025812205763,0.43862025788489806,0.46364996074996095,2.6386017951559513,nan,nan
emnist_digits,sparsemax,8,1,0.32122713327407837,0.937,0.9368988900374984,0.20938392712714823,0.4429304487210639,2.5931313469054853,nan,nan
emnist_digits,sparsemax,8,2,0.192613884806633,0.9601666666666666,0.9602017896879547,0.13873468973535172,0.4400987390508043,2.5955693645680205,nan,nan
emnist_digits,sparsemax,8,3,0.1512647271156311,0.9621666666666666,0.962159587671399,0.12591607726000725,0.42577524974625164,2.5785835093640266,nan,nan
emnist_digits,sparsemax,8,4,0.12727461755275726,0.9699166666666666,0.9698947270307763,0.10012950074482471,0.41683529555163484,2.548363277252684,nan,nan
emnist_digits,sparsemax,8,5,0.11444062739610672,0.9711666666666666,0.9711872812869444,0.09861116063721637,0.4062142426029165,2.5183793255623352,nan,nan
emnist_digits,sparsemax,8,6,0.10202696919441223,0.9708333333333333,0.9708446499806754,0.09100301777745815,0.3999268341254681,2.4925293567332814,nan,nan
emnist_digits,sparsemax,8,7,0.09113457798957825,0.9715833333333334,0.9715199068652536,0.09214397361303897,0.3952068729286498,2.4836038668104945,nan,nan
emnist_digits,sparsemax,8,8,0.08215264976024628,0.9745833333333334,0.9745805875133173,0.0825934046681257,0.38270323660145417,2.4517367659731115,nan,nan
emnist_digits,sparsemax,8,9,0.07611682265996933,0.9764166666666667,0.9764601371219493,0.07488188476480068,0.37920586828221664,2.4487644573475453,nan,nan
emnist_digits,sparsemax,8,10,0.06877071410417557,0.9791666666666666,0.9791302942531062,0.06940375593431453,0.37757688538825257,2.441642946385323,nan,nan
emnist_digits,sparsemax,8,11,0.06848905235528946,0.97675,0.9767368460195598,0.0752931602219952,0.36162312281258563,2.388651040006191,nan,nan
emnist_digits,sparsemax,8,12,0.06413266062736511,0.97825,0.978327544702869,0.07157579337821361,0.35640310052227464,2.3858807784445744,nan,nan
emnist_digits,sparsemax,8,13,0.058646310120821,0.9784166666666667,0.978407923322302,0.07030348562972343,0.35099988747784433,2.3666809340740773,nan,nan
emnist_digits,sparsemax,8,14,0.05691573768854141,0.97925,0.9792647822979739,0.06773410729588346,0.3407879998075201,2.327654995816819,nan,nan
emnist_digits,sparsemax,8,15,0.054818086326122284,0.9773333333333334,0.9773115829563898,0.0764999473665623,0.3418482266207959,2.3166719117063157,nan,nan
emnist_digits,sparsemax,8,16,0.049632150679826736,0.9805,0.9804974282368988,0.06603481802851596,0.3294596700592244,2.2747333290729115,nan,nan
emnist_digits,sparsemax,8,17,0.04723665490746498,0.9805833333333334,0.980588178596828,0.06870836808167874,0.3333400462536102,2.3118530917674938,nan,nan
emnist_digits,sparsemax,8,18,0.04741765931248665,0.9819166666666667,0.981953215342879,0.06045391818785921,0.33445245233622,2.3097537768648024,nan,nan
emnist_digits,sparsemax,8,19,0.04333021119236946,0.98225,0.9822791418586625,0.06432031186178644,0.3298146214256895,2.2900909388318973,nan,nan
emnist_digits,sparsemax,8,20,0.04234294220805168,0.9804166666666667,0.9804566878407297,0.07210234469397271,0.32102639450037734,2.2546728963547564,nan,nan
emnist_digits,sparsemax,8,21,0.04043026268482208,0.9809166666666667,0.9809174801617428,0.06347580927800625,0.3223184841744443,2.24127156303284,nan,nan
emnist_digits,sparsemax,8,22,0.037731729447841644,0.9815,0.981506515683046,0.064018803985512,0.32914839716667826,2.303268143471251,nan,nan
emnist_digits,sparsemax,8,23,0.03767780959606171,0.983,0.9829837730692086,0.05505346980421467,0.31982521221358723,2.2624100725701513,nan,nan
emnist_digits,sparsemax,8,24,0.03338811546564102,0.9828333333333333,0.9828082828454565,0.0600455549961709,0.3171902950456802,2.2347679011365202,nan,nan
emnist_digits,sparsemax,8,25,0.033891864120960236,0.9811666666666666,0.9811924106551133,0.06890237426504175,0.304003913034784,2.195795491654822,nan,nan
emnist_digits,sparsemax,8,26,0.03341709077358246,0.9824166666666667,0.9824507638763373,0.06334600991945952,0.293672927675095,2.176502116183017,nan,nan
emnist_digits,sparsemax,8,27,0.03224410489201546,0.9815,0.98151726423133,0.06767674297728438,0.29335044942637706,2.1548922657966614,nan,nan
emnist_digits,sparsemax,8,28,0.030711540952324867,0.9813333333333333,0.9813634666662668,0.06543844415152326,0.29981533358705803,2.1896826168324086,nan,nan
emnist_digits,sparsemax,9,0,1.166245937347412,0.8675833333333334,0.8674813216776915,0.4271516914063312,0.4899998735240165,2.573812483473027,nan,nan
emnist_digits,sparsemax,9,1,0.3288170397281647,0.9386666666666666,0.9389272758006306,0.2000841777375404,0.46209072321653366,2.569858727302957,nan,nan
emnist_digits,sparsemax,9,2,0.19988854229450226,0.9548333333333333,0.9549107286261821,0.14609597829428125,0.4460091533813071,2.545260650046328,nan,nan
emnist_digits,sparsemax,9,3,0.1535782814025879,0.9606666666666667,0.9605997324743191,0.12282124336095566,0.4387542946224517,2.5440197764558996,nan,nan
emnist_digits,sparsemax,9,4,0.12889571487903595,0.95725,0.9572185772560806,0.13452965750339183,0.427933894097805,2.5214869861907148,nan,nan
emnist_digits,sparsemax,9,5,0.11349897086620331,0.9624166666666667,0.9622415801259383,0.12250989738931047,0.4169314777914514,2.4961344802633243,nan,nan
emnist_digits,sparsemax,9,6,0.09839487820863724,0.9711666666666666,0.9710437966281195,0.09055443821435279,0.4129742169950871,2.49321952018332,nan,nan
emnist_digits,sparsemax,9,7,0.08844661712646484,0.9739166666666667,0.9738963729179722,0.08304058526583175,0.4022952714499007,2.460830070870988,nan,nan
emnist_digits,sparsemax,9,8,0.07940685003995895,0.9751666666666666,0.9751429607148182,0.07743142022097364,0.39966544968650697,2.457653393136694,nan,nan
emnist_digits,sparsemax,9,9,0.07320279628038406,0.9779166666666667,0.9778431189062031,0.07541804982626692,0.3989038904930683,2.4615897663096162,nan,nan
emnist_digits,sparsemax,9,10,0.06573273241519928,0.9796666666666667,0.979615728885328,0.06636328157037497,0.39272120436455343,2.437869628693195,nan,nan
emnist_digits,sparsemax,9,11,0.06440521776676178,0.9765833333333334,0.9764733418075424,0.07750599930419567,0.3902624547481537,2.439376838663791,nan,nan
emnist_digits,sparsemax,9,12,0.05845854431390762,0.9725833333333334,0.9725881840871923,0.09355993255814339,0.38890716243297496,2.426932602486712,nan,nan
emnist_digits,sparsemax,9,13,0.057150948792696,0.9808333333333333,0.9808079999362584,0.06340796809564246,0.3824076828487376,2.410592828659301,nan,nan
emnist_digits,sparsemax,9,14,0.051353178918361664,0.9790833333333333,0.9790288793022729,0.07109043362768407,0.37938184069192155,2.394775149670053,nan,nan
emnist_digits,sparsemax,9,15,0.04900077357888222,0.97625,0.9762507724319155,0.07532900718456888,0.38459565157585957,2.4124564985011485,nan,nan
emnist_digits,sparsemax,9,16,0.045647189021110535,0.9766666666666667,0.9768142586886187,0.07600057200389973,0.37345594088447853,2.380333816751521,nan,nan
emnist_digits,sparsemax,9,17,0.04549109563231468,0.9809166666666667,0.9808850089034061,0.06716491095721722,0.3698436879414193,2.3684108117793468,nan,nan
emnist_digits,sparsemax,9,18,0.0435900054872036,0.9826666666666667,0.9826250297421033,0.05713893433517598,0.3720906766805243,2.391503055044945,nan,nan
emnist_digits,sparsemax,9,19,0.038775015622377396,0.981,0.9809380367150677,0.06753045156043261,0.359201617855975,2.35061096637807,nan,nan
emnist_digits,sparsemax,9,20,0.03716824948787689,0.9809166666666667,0.9808999113097767,0.06519894472303543,0.35090172465177294,2.3240544872081026,nan,nan
emnist_digits,sparsemax,9,21,0.03496184200048447,0.9813333333333333,0.9812694778469124,0.06355282511720632,0.35004640180379787,2.3190849119044366,nan,nan
emnist_digits,sparsemax,9,22,0.03443782404065132,0.9833333333333333,0.9833246699766569,0.05833950746764845,0.34297538532855665,2.30504214002731,nan,nan
emnist_digits,sparsemax,9,23,0.03301958367228508,0.9823333333333333,0.982285548884683,0.06574070626037552,0.3367789998016459,2.30552635040689,nan,nan
emnist_digits,sparsemax,9,24,0.03160464018583298,0.9820833333333333,0.9821216279458564,0.0631560259399579,0.34206505357585054,2.308004190313055,nan,nan
emnist_digits,sparsemax,9,25,0.031163588166236877,0.9835,0.9835454705439517,0.06138319032702674,0.33717982550250725,2.3059451821002552,nan,nan
emnist_digits,sparsemax,9,26,0.035530559718608856,0.9830833333333333,0.9830305672347007,0.05626612412000194,0.32792061662420313,2.253931190105195,nan,nan
emnist_digits,sparsemax,9,27,0.0239299014210701,0.9835,0.9834327021968168,0.05545862175603496,0.3229659821124787,2.2494309164108115,nan,nan
emnist_digits,sparsemax,9,28,0.02561008371412754,0.98325,0.9831651724763828,0.06284045194216231,0.3182945912505718,2.2461817391375276,nan,nan
emnist_digits,sparsemax,9,29,0.0267878919839859,0.9828333333333333,0.9827553520612314,0.06450463462858758,0.30439499654668445,2.190642630800288,nan,nan
emnist_digits,entmax15,0,0,1.1771646738052368,0.8564166666666667,0.8540826146464979,0.44501442668285773,0.7964650576419019,3.2791102870981743,nan,nan
emnist_digits,entmax15,0,1,0.33948540687561035,0.9231666666666667,0.9221143191936519,0.2555527113219525,0.800696148517284,3.277359330907781,nan,nan
emnist_digits,entmax15,0,2,0.20902292430400848,0.9504166666666667,0.9502212892274453,0.1640167107924502,0.7904341214514793,3.257520614786351,nan,nan
emnist_digits,entmax15,0,3,0.15644516050815582,0.9608333333333333,0.9605425870810009,0.126995823801832,0.7925200830114648,3.243152534708064,nan,nan
emnist_digits,entmax15,0,4,0.12854541838169098,0.9631666666666666,0.962981404503797,0.11586372966461993,0.7890381064820797,3.2352760599014605,nan,nan
emnist_digits,entmax15,0,5,0.11196570098400116,0.9645833333333333,0.9646094808779011,0.11519265872366885,0.7845170231575661,3.214239295492781,nan,nan
emnist_digits,entmax15,0,6,0.10273564606904984,0.9631666666666666,0.9630908187042712,0.11213825880847078,0.7836815296335423,3.1897019579055463,nan,nan
emnist_digits,entmax15,0,7,0.09263245016336441,0.9690833333333333,0.9688999727877075,0.09840708543011482,0.7840594516155568,3.1790806562342544,nan,nan
emnist_digits,entmax15,0,8,0.08512654900550842,0.9705,0.9703001148225624,0.09195742292448561,0.7726686343233636,3.139570436579116,nan,nan
emnist_digits,entmax15,0,9,0.07680556178092957,0.9726666666666667,0.9725665724600316,0.08935356465108851,0.7658972670423224,3.1199175398400487,nan,nan
emnist_digits,entmax15,0,10,0.07410594075918198,0.9766666666666667,0.976583313816449,0.0751115157407649,0.7598812288426339,3.081931596106671,nan,nan
emnist_digits,entmax15,0,11,0.06883211433887482,0.9788333333333333,0.9787617015276823,0.07402229114891366,0.7530768456611228,3.0678070403159934,nan,nan
emnist_digits,entmax15,0,12,0.06404479593038559,0.9766666666666667,0.9765965563780922,0.07497695500546313,0.744549479256285,3.0493223261325917,nan,nan
emnist_digits,entmax15,0,13,0.057712290436029434,0.9738333333333333,0.9737751524988599,0.08134100760551209,0.7460053620186258,3.036944719071084,nan,nan
emnist_digits,entmax15,0,14,0.05514964088797569,0.9779166666666667,0.9778826147927063,0.07505669944146846,0.7427197155800271,3.0265468282902495,nan,nan
emnist_digits,entmax15,0,15,0.05376437306404114,0.97775,0.9776733113797984,0.07079665025973574,0.7377077277670515,3.0046872915105616,nan,nan
emnist_digits,entmax15,0,16,0.0545295886695385,0.97675,0.9766968693067355,0.07604482960193715,0.736856721817179,3.0034781998776374,nan,nan
emnist_digits,entmax15,1,0,1.194725751876831,0.8790833333333333,0.8793887927814993,0.38596389268306974,0.7412284403405291,3.153483581035695,nan,nan
emnist_digits,entmax15,1,1,0.3280476927757263,0.93475,0.9347946323149146,0.21159397604617666,0.7740304260811908,3.205353615131784,nan,nan
emnist_digits,entmax15,1,2,0.21766531467437744,0.9453333333333334,0.9452676501518212,0.17848925783913186,0.7724141313674602,3.1810278080879373,nan,nan
emnist_digits,entmax15,1,3,0.165544793009758,0.9625833333333333,0.9625929004354891,0.12798075488907226,0.751445138073982,3.12624144807775,nan,nan
emnist_digits,entmax15,1,4,0.1318448930978775,0.96375,0.9637776331884382,0.11519214510917664,0.7510056089847645,3.12002206863241,nan,nan
emnist_digits,entmax15,1,5,0.11917465180158615,0.9668333333333333,0.966835926953585,0.09971610749972627,0.7391642439872661,3.0829777616135616,nan,nan
emnist_digits,entmax15,1,6,0.10437484085559845,0.97075,0.9707752771232757,0.09123681628323616,0.7352299766337618,3.069137246050733,nan,nan
emnist_digits,entmax15,1,7,0.09094465523958206,0.9760833333333333,0.9761033702520441,0.07544066697517608,0.7344535722377452,3.0634168589368778,nan,nan
emnist_digits,entmax15,1,8,0.08215843886137009,0.98,0.9799902592775516,0.06724844710465441,0.7261455090756112,3.0367304974413933,nan,nan
emnist_digits,entmax15,1,9,0.08053390681743622,0.9773333333333334,0.977334336483404,0.06937860542947942,0.7190502247911819,3.014493016486472,nan,nan
emnist_digits,entmax15,1,10,0.07076270878314972,0.9784166666666667,0.9783795365138612,0.06818712457142612,0.7134527640139803,3.0048267460883933,nan,nan
emnist_digits,entmax15,1,11,0.06622330099344254,0.9800833333333333,0.9800665694354643,0.06457685342335955,0.7020076862040986,2.9626834519366,nan,nan
emnist_digits,entmax15,1,12,0.06094055250287056,0.9798333333333333,0.979841954353477,0.06733220322255759,0.6982811787661086,2.947547785779263,nan,nan
emnist_digits,entmax15,1,13,0.059994518756866455,0.9806666666666667,0.9806642959023094,0.05951966034208841,0.6976111899030969,2.9422065400062722,nan,nan
emnist_digits,entmax15,1,14,0.05314194783568382,0.9793333333333333,0.9793023764773204,0.06853184868839193,0.6921108076547055,2.9154802560806274,nan,nan
emnist_digits,entmax15,1,15,0.05649322643876076,0.98125,0.9812368264758172,0.06275885270789583,0.6820494719642274,2.8836404211977693,nan,nan
emnist_digits,entmax15,1,16,0.04920622333884239,0.9835,0.9835196317844603,0.05167915465983939,0.6830050260462659,2.893986311364681,nan,nan
emnist_digits,entmax15,1,17,0.04690960422158241,0.9846666666666667,0.984674873146432,0.050506095263235115,0.6807932175220327,2.881161590839954,nan,nan
emnist_digits,entmax15,1,18,0.04785769805312157,0.9835,0.9835088346854131,0.05459210954289487,0.6811230601148403,2.881503536346111,nan,nan
emnist_digits,entmax15,1,19,0.04450836405158043,0.9826666666666667,0.9826698723502139,0.055896712962458746,0.670552984514135,2.8437097174056034,nan,nan
emnist_digits,entmax15,1,20,0.04235657677054405,0.9826666666666667,0.9827069475544704,0.05988036603369611,0.6681570718263058,2.8404969382793346,nan,nan
emnist_digits,entmax15,1,21,0.03836112096905708,0.9834166666666667,0.9834255298246074,0.0529783502458892,0.6718554002173404,2.8414183778965727,nan,nan
emnist_digits,entmax15,1,22,0.03733734413981438,0.9831666666666666,0.9831450846216054,0.0593042193931785,0.6747702404539636,2.8599705518560206,nan,nan
emnist_digits,entmax15,2,0,1.166595697402954,0.8844166666666666,0.8841705584473656,0.3716991987634212,0.755225308397983,3.198175019406258,nan,nan
emnist_digits,entmax15,2,1,0.324658066034317,0.9365,0.9366908261443729,0.20743022225004562,0.7654943466186523,3.210207152873912,nan,nan
emnist_digits,entmax15,2,2,0.1925380975008011,0.9594166666666667,0.9593143340492901,0.1411755084991455,0.7602315633854968,3.1985244192975633,nan,nan
emnist_digits,entmax15,2,3,0.15279220044612885,0.95925,0.9591690385846435,0.13430821150541306,0.7478764431273683,3.1471461793209645,nan,nan
emnist_digits,entmax15,2,4,0.12489286065101624,0.9668333333333333,0.9667330366819039,0.11291671702836423,0.7296471189945302,3.0998924514080617,nan,nan
emnist_digits,entmax15,2,5,0.10869675129652023,0.9694166666666667,0.9694117201076237,0.10383266226408329,0.7354357331357104,3.102870373015708,nan,nan
emnist_digits,entmax15,2,6,0.0975964218378067,0.9733333333333334,0.9732205431723431,0.08840733433657504,0.7162418799831513,3.049536737989872,nan,nan
emnist_digits,entmax15,2,7,0.08635255694389343,0.9768333333333333,0.9768158101699445,0.07938120105957731,0.7186469105964012,3.054966941792914,nan,nan
emnist_digits,entmax15,2,8,0.07987098395824432,0.9760833333333333,0.9760401918087597,0.08183782341632437,0.705843688325679,3.0144628260998014,nan,nan
emnist_digits,entmax15,2,9,0.07144194096326828,0.9745,0.9744304938901373,0.08497315177575071,0.7135176810812442,3.027451545634168,nan,nan
emnist_digits,entmax15,2,10,0.06847581267356873,0.9768333333333333,0.9768132070611555,0.07912398791535104,0.714196523453327,3.025699483587387,nan,nan
emnist_digits,entmax15,2,11,0.06173789128661156,0.975,0.9749167854383503,0.0813628909118632,0.7240813475974063,3.0403637251955398,nan,nan
emnist_digits,entmax15,2,12,0.05773402005434036,0.9744166666666667,0.9743920942998401,0.08909034225693409,0.7091612968039005,3.0086252461088465,nan,nan
emnist_digits,entmax15,3,0,1.2265431880950928,0.83825,0.8384579186564117,0.5006529828335377,0.8302806450965556,3.308768021299484,nan,nan
emnist_digits,entmax15,3,1,0.38754042983055115,0.8976666666666666,0.8977375862336936,0.32698882608971697,0.8244282222808675,3.2855530089520393,nan,nan
emnist_digits,entmax15,3,2,0.23626486957073212,0.9399166666666666,0.9401186987592931,0.18723638117947478,0.8134399506639927,3.2337674840967705,nan,nan
emnist_digits,entmax15,3,3,0.17895224690437317,0.9564166666666667,0.9566534009761287,0.14507750865626842,0.807842013049633,3.213324447895618,nan,nan
emnist_digits,entmax15,3,4,0.15021617710590363,0.96675,0.9668428995781113,0.11474691886217037,0.796455813215134,3.1705801284059567,nan,nan
emnist_digits,entmax15,3,5,0.12946437299251556,0.962,0.9620540418286888,0.12231018861874621,0.7833486947607486,3.1453146782327206,nan,nan
emnist_digits,entmax15,3,6,0.11390282958745956,0.9644166666666667,0.9646062183309289,0.1194400448114314,0.7805982276480249,3.124804055437129,nan,nan
emnist_digits,entmax15,3,7,0.10108476877212524,0.97375,0.973834156675994,0.09009537449542512,0.7658272385597229,3.07718089539954,nan,nan
emnist_digits,entmax15,3,8,0.0956774353981018,0.9719166666666667,0.9719743277040621,0.09194991067844502,0.761082798876661,3.0652941338559416,nan,nan
emnist_digits,entmax15,3,9,0.08497549593448639,0.9776666666666667,0.9777485423615886,0.07390811171461927,0.7516002268233197,3.027737485601547,nan,nan
emnist_digits,entmax15,3,10,0.07770166546106339,0.97325,0.9734472378655342,0.08458202516541202,0.751738466480945,3.0374396633594594,nan,nan
emnist_digits,entmax15,3,11,0.07543915510177612,0.9725833333333334,0.9726556219926439,0.09312593253289765,0.7343481506438966,2.9745668350382055,nan,nan
emnist_digits,entmax15,3,12,0.06621015816926956,0.977,0.9770692008645842,0.07359315205286159,0.7327112549162925,2.990648277262424,nan,nan
emnist_digits,entmax15,3,13,0.06336566805839539,0.9791666666666666,0.9792528806118799,0.06711709509266818,0.7207606808936342,2.935152198405976,nan,nan
emnist_digits,entmax15,3,14,0.06155393645167351,0.9805833333333334,0.9806186748974319,0.06515828066287523,0.7262353269343681,2.942073735784977,nan,nan
emnist_digits,entmax15,3,15,0.05434231832623482,0.9805,0.9805692528619623,0.0661731301113329,0.7200289400334053,2.929249646815848,nan,nan
emnist_digits,entmax15,3,16,0.05067145451903343,0.9813333333333333,0.9813965907344283,0.0642578494041524,0.7065872423192288,2.8881555643487484,nan,nan
emnist_digits,entmax15,3,17,0.05244472622871399,0.979,0.9791963013127425,0.06782901098832805,0.7022149898904435,2.8676278996974864,nan,nan
emnist_digits,entmax15,3,18,0.05203951150178909,0.9801666666666666,0.9802642582326678,0.06590925082762508,0.6960273841594128,2.852706721488466,nan,nan
emnist_digits,entmax15,3,19,0.04640030860900879,0.9821666666666666,0.9822366998902687,0.06186246780797522,0.6981721526764809,2.856302170043296,nan,nan
emnist_digits,entmax15,3,20,0.04160642623901367,0.98325,0.983342891413925,0.06056453965287259,0.6955152604174106,2.860129696257571,nan,nan
emnist_digits,entmax15,3,21,0.04194452241063118,0.9806666666666667,0.9807579586639031,0.0707628487193204,0.6801632370086427,2.81514144704697,nan,nan
emnist_digits,entmax15,3,22,0.03779338300228119,0.98175,0.9818766982022954,0.06509375465201571,0.6764881192369664,2.80296846399916,nan,nan
emnist_digits,entmax15,3,23,0.037692129611968994,0.9819166666666667,0.9820408919302084,0.06485040539360427,0.6769463977915176,2.8057691898751767,nan,nan
emnist_digits,entmax15,3,24,0.03805945813655853,0.9819166666666667,0.981973145893457,0.063507206995595,0.6733749286925539,2.783583879470825,nan,nan
emnist_digits,entmax15,3,25,0.03400541841983795,0.9808333333333333,0.9809422182224932,0.06968468370193497,0.6706010781704111,2.7794155389704605,nan,nan
emnist_digits,entmax15,4,0,1.2786239385604858,0.86,0.8584597354721273,0.44188894046113847,0.850496583796562,3.35559695578636,nan,nan
emnist_digits,entmax15,4,1,0.34706997871398926,0.9320833333333334,0.932007651767359,0.2222080777617211,0.8451571787925477,3.34671576479648,nan,nan
emnist_digits,entmax15,4,2,0.21358899772167206,0.9551666666666667,0.9550517878608475,0.15299057516645878,0.8350885637263035,3.3211638420186143,nan,nan
emnist_digits,entmax15,4,3,0.1591467261314392,0.9586666666666667,0.9585287750100205,0.13798463550653864,0.8377185127836593,3.3188460938473967,nan,nan
emnist_digits,entmax15,4,4,0.13253523409366608,0.9643333333333334,0.9642266392818524,0.12362050788199648,0.8298620270921829,3.2985471360226897,nan,nan
emnist_digits,entmax15,4,5,0.10999550670385361,0.9676666666666667,0.9675881115336319,0.10674960998461601,0.8222180668343889,3.2695465798073626,nan,nan
emnist_digits,entmax15,4,6,0.10377565771341324,0.9720833333333333,0.9720255538371309,0.09504537276448087,0.8206051581717552,3.2513274563119765,nan,nan
emnist_digits,entmax15,4,7,0.0874512642621994,0.97525,0.9752038545544526,0.08292242860857477,0.8171293025321149,3.238680697501974,nan,nan
emnist_digits,entmax15,4,8,0.08146296441555023,0.97375,0.973644201049176,0.08475474902289978,0.807924895844561,3.194806601138825,nan,nan
emnist_digits,entmax15,4,9,0.07497289776802063,0.9759166666666667,0.9758098685332378,0.08232586260171647,0.7956911281068274,3.1554830226492374,nan,nan
emnist_digits,entmax15,4,10,0.0688868835568428,0.9789166666666667,0.9788470230689408,0.07596091894393271,0.7888660925499936,3.131673868666304,nan,nan
emnist_digits,entmax15,4,11,0.06279665976762772,0.9793333333333333,0.9792748961046573,0.0738258532228622,0.7875776709394252,3.1266532958822046,nan,nan
emnist_digits,entmax15,4,12,0.059402164071798325,0.9784166666666667,0.9783462944188941,0.07632640309314778,0.7929473189597435,3.1354560065776744,nan,nan
emnist_digits,entmax15,4,13,0.05967164412140846,0.9794166666666667,0.9794010671798586,0.07331134628583776,0.7799480519396194,3.1116504060461168,nan,nan
emnist_digits,entmax15,4,14,0.05221151188015938,0.9786666666666667,0.9786409076195508,0.07485967070022796,0.7686228739454392,3.080070736560416,nan,nan
emnist_digits,entmax15,4,15,0.05098738893866539,0.9826666666666667,0.9826330259126823,0.06355105074954794,0.7681220459177139,3.072182356043065,nan,nan
emnist_digits,entmax15,4,16,0.04870953410863876,0.9815833333333334,0.9815473474902634,0.06764163734748009,0.7632983352275605,3.0471148059723223,nan,nan
emnist_digits,entmax15,4,17,0.04738091304898262,0.9816666666666667,0.9816270305103203,0.0642991495378157,0.7666201705628253,3.055538590918196,nan,nan
emnist_digits,entmax15,4,18,0.04566030576825142,0.9795833333333334,0.9795509864288601,0.07420347131630207,0.7554045015193046,3.0310933615298983,nan,nan
emnist_digits,entmax15,4,19,0.04325690492987633,0.9813333333333333,0.9813119909050366,0.06927213362081254,0.7563553122763939,3.0260551609891526,nan,nan
emnist_digits,entmax15,4,20,0.04150797426700592,0.9809166666666667,0.980865942331171,0.06722951543695749,0.7566579250579185,3.030364599633724,nan,nan
emnist_digits,entmax15,5,0,1.084272861480713,0.865,0.8646547371766701,0.41360448966635033,0.7977560092794135,3.2322755570107318,nan,nan
emnist_digits,entmax15,5,1,0.33064237236976624,0.92225,0.9222121524310316,0.25101302564144135,0.8136597453279698,3.2383234957431224,nan,nan
emnist_digits,entmax15,5,2,0.2119126170873642,0.94825,0.9480730804810223,0.17075006489423997,0.8221951222166102,3.267759457547614,nan,nan
emnist_digits,entmax15,5,3,0.16260501742362976,0.9534166666666667,0.9534803538653399,0.14905170652460545,0.8293340047623249,3.2814484073760664,nan,nan
emnist_digits,entmax15,5,4,0.13525384664535522,0.9579166666666666,0.9578651064811426,0.12887467190306237,0.816319301407388,3.2506489068903823,nan,nan
emnist_digits,entmax15,5,5,0.11819908767938614,0.9696666666666667,0.9696445476211875,0.09790946606625901,0.8105405372508029,3.2314060596709555,nan,nan
emnist_digits,entmax15,5,6,0.10370562970638275,0.97025,0.9701828890890745,0.09999908110562791,0.8033917660408831,3.2028658263226775,nan,nan
emnist_digits,entmax15,5,7,0.09127319604158401,0.9719166666666667,0.9718994849540294,0.09111500261945928,0.7890950289178402,3.1902472389505263,nan,nan
emnist_digits,entmax15,5,8,0.08490627259016037,0.9693333333333334,0.9692486283824859,0.09919468043966496,0.7804840568532335,3.1701281273618656,nan,nan
emnist_digits,entmax15,5,9,0.07826399803161621,0.9753333333333334,0.9753051791688037,0.07956124679680834,0.7857733907851767,3.1766946823038955,nan,nan
emnist_digits,entmax15,5,10,0.07261151075363159,0.9748333333333333,0.9748295006192761,0.07968452707567114,0.7801877057298701,3.1609911335275527,nan,nan
emnist_digits,entmax15,5,11,0.06761692464351654,0.9794166666666667,0.9793688417123418,0.06989551549579234,0.7770686910507527,3.1544213650074413,nan,nan
emnist_digits,entmax15,5,12,0.06162844970822334,0.9784166666666667,0.9783662657269201,0.0726153959143669,0.7609197110571759,3.1186014515288334,nan,nan
emnist_digits,entmax15,5,13,0.05919458717107773,0.978,0.9779399921733238,0.07539254381380817,0.7662722855172259,3.122105750631779,nan,nan
emnist_digits,entmax15,5,14,0.05415377393364906,0.97775,0.977718617120807,0.07502936563910322,0.7591992997108622,3.1110079161664275,nan,nan
emnist_digits,entmax15,5,15,0.051178235560655594,0.9789166666666667,0.978888314078542,0.07195395615665202,0.753553753203534,3.0909979216595915,nan,nan
emnist_digits,entmax15,5,16,0.05170438811182976,0.9811666666666666,0.9811203910795687,0.06758246723403956,0.7472695581456448,3.069728749863645,nan,nan
emnist_digits,entmax15,5,17,0.049109552055597305,0.9805833333333334,0.9805639864811464,0.06738386754976942,0.7484742390348557,3.0599231669243347,nan,nan
emnist_digits,entmax15,5,18,0.0451182946562767,0.978,0.9780236049825177,0.07715666991599063,0.7466553259403148,3.0685477155320187,nan,nan
emnist_digits,entmax15,5,19,0.046818189322948456,0.9808333333333333,0.9808094783561971,0.06633849261685255,0.7447176379092196,3.058898702580878,nan,nan
emnist_digits,entmax15,5,20,0.0425756461918354,0.9818333333333333,0.9817897755213515,0.06409109665199797,0.7357569546141522,3.0472290186171835,nan,nan
emnist_digits,entmax15,5,21,0.0373365581035614,0.9805,0.9804880386092165,0.06897394396760996,0.7262686636853726,3.0200292404661786,nan,nan
emnist_digits,entmax15,5,22,0.0395793691277504,0.98225,0.9822270530593876,0.06128361833063846,0.7366650415227768,3.047242271139267,nan,nan
emnist_digits,entmax15,5,23,0.03636539727449417,0.9836666666666667,0.9836238991103036,0.05958588637332333,0.712921992895451,2.9867036570893957,nan,nan
emnist_digits,entmax15,5,24,0.03556614741683006,0.9789166666666667,0.9788994823440476,0.07624271575440751,0.7179132560466198,2.9897131285768874,nan,nan
emnist_digits,entmax15,5,25,0.03313753008842468,0.9779166666666667,0.977869573139085,0.07952950435115937,0.719464527799728,2.9924645880435374,nan,nan
emnist_digits,entmax15,5,26,0.03523426875472069,0.9834166666666667,0.9833869686840334,0.06335380849765336,0.7305225552396571,3.0146597902825536,nan,nan
emnist_digits,entmax15,5,27,0.032368872314691544,0.98175,0.9816946479140103,0.06706594103115036,0.7076492531502501,2.9592127013713756,nan,nan
emnist_digits,entmax15,5,28,0.028739700093865395,0.9746666666666667,0.9746487810382399,0.10353866314634363,0.706716758773682,2.9645560726206353,nan,nan
emnist_digits,entmax15,6,0,1.2066807746887207,0.8570833333333333,0.8547895493825852,0.4305122640538723,0.7704440437732859,3.2054931052187654,nan,nan
emnist_digits,entmax15,6,1,0.3504456877708435,0.9374166666666667,0.9368810057578887,0.1976733237822005,0.7767712404119208,3.208794160092131,nan,nan
emnist_digits,entmax15,6,2,0.2156045287847519,0.9454166666666667,0.9448718373847838,0.17297863722481627,0.761661540954671,3.1817619496203484,nan,nan
emnist_digits,entmax15,6,3,0.17769406735897064,0.9624166666666667,0.9621903179020631,0.12094314840245754,0.7505478903334192,3.1507382900156875,nan,nan
emnist_digits,entmax15,6,4,0.14216814935207367,0.96425,0.9641093848950124,0.11041094980975415,0.7511719515983094,3.1327960846271923,nan,nan
emnist_digits,entmax15,6,5,0.12489010393619537,0.9691666666666666,0.9689659317338035,0.09964195226735258,0.7499631865227476,3.134801780923884,nan,nan
emnist_digits,entmax15,6,6,0.10819520056247711,0.9725,0.9723596565652673,0.08982014228054817,0.7445017923700049,3.1043626602659833,nan,nan
emnist_digits,entmax15,6,7,0.09996656328439713,0.9734166666666667,0.9732167485423892,0.08856749177930202,0.743432213651373,3.1115733587995487,nan,nan
emnist_digits,entmax15,6,8,0.08715970069169998,0.9756666666666667,0.9755285866665326,0.07940494372172559,0.7380965941763938,3.100245640632954,nan,nan
emnist_digits,entmax15,6,9,0.08255055546760559,0.9773333333333334,0.9771545166673166,0.07512147534400859,0.7332999376540489,3.0839000356958266,nan,nan
emnist_digits,entmax15,6,10,0.0782502070069313,0.9781666666666666,0.9780311698010502,0.07134014883256973,0.737895778519042,3.0917775504132536,nan,nan
emnist_digits,entmax15,6,11,0.07014831155538559,0.9786666666666667,0.9785490604131664,0.0688019759477453,0.7390916030457679,3.0874855518341064,nan,nan
emnist_digits,entmax15,6,12,0.06648500263690948,0.9790833333333333,0.9789249464004415,0.06785650378925369,0.733232651619201,3.0756875961384873,nan,nan
emnist_digits,entmax15,6,13,0.0656447559595108,0.9810833333333333,0.9809863144721213,0.0592561145412161,0.7397566964017585,3.085240183992589,nan,nan
emnist_digits,entmax15,6,14,0.058772895485162735,0.9781666666666666,0.9780010407467552,0.06986989029385943,0.7358341261427453,3.0649468924136873,nan,nan
emnist_digits,entmax15,6,15,0.058490630239248276,0.9784166666666667,0.9782990618171011,0.06975698467106262,0.7470501680323418,3.074948047069793,nan,nan
emnist_digits,entmax15,6,16,0.05402669683098793,0.9820833333333333,0.9819665076738449,0.058611077474469836,0.7382478866171329,3.0624779792542154,nan,nan
emnist_digits,entmax15,6,17,0.049421459436416626,0.9826666666666667,0.982557843955434,0.05815593614936509,0.7331664188111082,3.0393442067694156,nan,nan
emnist_digits,entmax15,6,18,0.047113705426454544,0.9826666666666667,0.982579297572556,0.057269715604946966,0.7283078565242442,3.02878475189209,nan,nan
emnist_digits,entmax15,6,19,0.04603399336338043,0.9805,0.9804054085656254,0.06701698851712207,0.7302186787128448,3.0355491105546344,nan,nan
emnist_digits,entmax15,6,20,0.047724347561597824,0.9801666666666666,0.9800509010138608,0.07017622820715955,0.7166841664212815,3.003690341685681,nan,nan
emnist_digits,entmax15,6,21,0.04183567687869072,0.983,0.9828831919472748,0.05534994873673992,0.7097097445041576,2.980902519631893,nan,nan
emnist_digits,entmax15,6,22,0.0405675508081913,0.9854166666666667,0.9853185728941481,0.050411732490868014,0.7170252451237212,2.9911603369611375,nan,nan
emnist_digits,entmax15,6,23,0.0385080985724926,0.9853333333333333,0.9852505611984661,0.04780015710027928,0.7208653555271474,2.9952976094915513,nan,nan
emnist_digits,entmax15,6,24,0.037332016974687576,0.9828333333333333,0.9827389714684213,0.05778316600604894,0.7230153426210931,2.995119196303347,nan,nan
emnist_digits,entmax15,6,25,0.03391871228814125,0.982,0.9819035673467085,0.0635162313131893,0.7220625357424959,2.9883894692076014,nan,nan
emnist_digits,entmax15,6,26,0.0336403027176857,0.9833333333333333,0.9832085538658782,0.05637264344841242,0.7227646981148009,2.981221802691196,nan,nan
emnist_digits,entmax15,6,27,0.03196321427822113,0.9845,0.9843895347214986,0.057484883022435165,0.6951103381654049,2.9176136432810034,nan,nan
emnist_digits,entmax15,7,0,1.1811492443084717,0.8625833333333334,0.86279584334985,0.420327549919169,0.78869499551489,3.2136784031036054,nan,nan
emnist_digits,entmax15,7,1,0.3568905293941498,0.9288333333333333,0.9292155744026445,0.23304657447845378,0.8022764724619845,3.250012788366764,nan,nan
emnist_digits,entmax15,7,2,0.22536279261112213,0.952,0.9521388296407233,0.15620465766876301,0.8108011560237154,3.2687881424071943,nan,nan
emnist_digits,entmax15,7,3,0.17584402859210968,0.959,0.9591632815239283,0.13125506011729546,0.8086924261235177,3.2407151409920227,nan,nan
emnist_digits,entmax15,7,4,0.14618472754955292,0.9676666666666667,0.9677964918764902,0.10864274782386232,0.806040161467613,3.2168920724949936,nan,nan
emnist_digits,entmax15,7,5,0.12411224842071533,0.9665833333333333,0.9666930669820731,0.1090023879041063,0.7902979280086274,3.1825597413042757,nan,nan
emnist_digits,entmax15,7,6,0.10783230513334274,0.9714166666666667,0.9715242707853904,0.09293984701024725,0.7875701201722977,3.1681433459545705,nan,nan
emnist_digits,entmax15,7,7,0.09609315544366837,0.97525,0.9753574705835,0.08044273271522623,0.7783979139429458,3.1393936365208726,nan,nan
emnist_digits,entmax15,7,8,0.08841700106859207,0.9775,0.9775669912226375,0.07921553169317702,0.7780780779554489,3.1319905316576047,nan,nan
emnist_digits,entmax15,7,9,0.08059147000312805,0.9776666666666667,0.9777083270034999,0.07534350474622656,0.7770879553987625,3.125630792151106,nan,nan
emnist_digits,entmax15,7,10,0.07560167461633682,0.9803333333333333,0.9804440748426513,0.06579437217813858,0.762859987451675,3.082163009237736,nan,nan
emnist_digits,entmax15,7,11,0.06778042018413544,0.9773333333333334,0.9774015965181005,0.07684872711592532,0.7590609934735806,3.061253453822846,nan,nan
emnist_digits,entmax15,7,12,0.06690908968448639,0.9775,0.977588017478225,0.08047445443399409,0.7507368776392429,3.0403844802937607,nan,nan
emnist_digits,entmax15,7,13,0.061042170971632004,0.9779166666666667,0.9779894644966994,0.07118038682544485,0.7565935628211244,3.0586624449871955,nan,nan
emnist_digits,entmax15,7,14,0.05756501108407974,0.9806666666666667,0.9807308646255611,0.06642630708185916,0.7397313720368325,3.0190877711519284,nan,nan
emnist_digits,entmax15,7,15,0.054842758923769,0.98125,0.9813511119581874,0.07056453625889535,0.7494734329112033,3.033755472365846,nan,nan
emnist_digits,entmax15,7,16,0.051171522587537766,0.9800833333333333,0.9801685061107538,0.06371964744113862,0.7334056059096722,2.9938190338459423,nan,nan
emnist_digits,entmax15,7,17,0.04685918241739273,0.9823333333333333,0.9824050814384426,0.05863944621399996,0.7393813158603425,2.9979813428635294,nan,nan
emnist_digits,entmax15,7,18,0.04288061335682869,0.98225,0.9822758564669632,0.06492727990955749,0.7317733111533713,2.9796395961274493,nan,nan
emnist_digits,entmax15,7,19,0.04170265048742294,0.9826666666666667,0.9828103778583172,0.059698617026368354,0.7402492450906876,2.9958887658220656,nan,nan
emnist_digits,entmax15,7,20,0.04105617478489876,0.9820833333333333,0.9821830677036157,0.06074311287003629,0.7283416834283383,2.9729488580784897,nan,nan
emnist_digits,entmax15,7,21,0.040248703211545944,0.9835,0.9835625902798352,0.060236012483847905,0.7190451469827206,2.950786588039804,nan,nan
emnist_digits,entmax15,7,22,0.041401103138923645,0.983,0.9830730805445299,0.058727047941152084,0.7207855759782994,2.9523902395938304,nan,nan
emnist_digits,entmax15,7,23,0.035974904894828796,0.9831666666666666,0.9832151392314046,0.06063283864963562,0.6959033538686469,2.878501034797506,nan,nan
emnist_digits,entmax15,7,24,0.03517482429742813,0.98225,0.982323237190943,0.058415748614897116,0.7044735817199058,2.9065556805184545,nan,nan
emnist_digits,entmax15,7,25,0.032655078917741776,0.9845833333333334,0.9846210157535463,0.06044648452959162,0.6914800545002552,2.8671917864616883,nan,nan
emnist_digits,entmax15,7,26,0.032265353947877884,0.9846666666666667,0.9847294560947735,0.055237126041282995,0.7011060809835474,2.8953025899034865,nan,nan
emnist_digits,entmax15,7,27,0.02896433137357235,0.9850833333333333,0.9851263389571641,0.05564326357017172,0.6948769625197065,2.8703483926489,nan,nan
emnist_digits,entmax15,7,28,0.027963124215602875,0.9843333333333333,0.9844728602518555,0.06126446395795396,0.7004865839126262,2.8863749909908214,nan,nan
emnist_digits,entmax15,7,29,0.03208807483315468,0.9846666666666667,0.9846855208058087,0.06132439409006149,0.6846056643952715,2.8420283363220538,nan,nan
emnist_digits,entmax15,8,0,1.2324358224868774,0.8723333333333333,0.8718576685238538,0.4110198693072542,0.7996759966332861,3.287917639346833,nan,nan
emnist_digits,entmax15,8,1,0.350998193025589,0.9343333333333333,0.9342221213095232,0.215234008875299,0.8000771885222577,3.2474759588850306,nan,nan
emnist_digits,entmax15,8,2,0.20993947982788086,0.9546666666666667,0.9546656933587048,0.14943562590695442,0.7893358969942053,3.19369527634154,nan,nan
emnist_digits,entmax15,8,3,0.16891597211360931,0.9555,0.9555562803071925,0.14330368457322426,0.7932100898407876,3.1802149402334337,nan,nan
emnist_digits,entmax15,8,4,0.14000649750232697,0.9641666666666666,0.9641744897940558,0.1172575203186654,0.7735895806170524,3.120094631580596,nan,nan
emnist_digits,entmax15,8,5,0.11819015443325043,0.9680833333333333,0.9680638498248438,0.10611760751047034,0.7820103117760192,3.1345321016108736,nan,nan
emnist_digits,entmax15,8,6,0.10868948698043823,0.972,0.9719334833863076,0.08729711428601691,0.7767299534158504,3.1068069681208184,nan,nan
emnist_digits,entmax15,8,7,0.09645743668079376,0.9699166666666666,0.9698418964517745,0.09832942129132595,0.7560306533854059,3.042615418738507,nan,nan
emnist_digits,entmax15,8,8,0.0883115604519844,0.975,0.9749678641336652,0.08353879088734059,0.7543365727079675,3.036273294306816,nan,nan
emnist_digits,entmax15,8,9,0.08210525661706924,0.9761666666666666,0.9761996254914296,0.07709501081324638,0.7562014860041598,3.0296144764474096,nan,nan
emnist_digits,entmax15,8,10,0.07565609365701675,0.9745833333333334,0.9745240263199539,0.08603378028628673,0.7483545332512958,2.997321864391895,nan,nan
emnist_digits,entmax15,8,11,0.07317917793989182,0.9770833333333333,0.9770661559777942,0.07309998726432627,0.7479119827138617,2.983568942293208,nan,nan
emnist_digits,entmax15,8,12,0.06450923532247543,0.98125,0.9812560618540707,0.06160845456922308,0.7292180790546092,2.929461791160259,nan,nan
emnist_digits,entmax15,8,13,0.06428200006484985,0.981,0.9809902359289449,0.06262579461202976,0.7318944791530041,2.949405198401593,nan,nan
emnist_digits,entmax15,8,14,0.059579964727163315,0.9825833333333334,0.9826284019267257,0.0639932274105067,0.7249571921977591,2.9174943198548986,nan,nan
emnist_digits,entmax15,8,15,0.05576392263174057,0.9811666666666666,0.9812008305126974,0.06376259195360731,0.7271027247956459,2.916775310293157,nan,nan
emnist_digits,entmax15,8,16,0.05354410409927368,0.98125,0.981231846345182,0.06111956718675,0.7173144411533436,2.8905993826845857,nan,nan
emnist_digits,entmax15,8,17,0.04870377108454704,0.9835833333333334,0.9835835699830561,0.05643406411276219,0.7049841113547062,2.8484330430943916,nan,nan
emnist_digits,entmax15,8,18,0.049006812274456024,0.97925,0.979329224671797,0.06815893789555164,0.6930353736623804,2.8186167985834976,nan,nan
emnist_digits,entmax15,8,19,0.043653734028339386,0.9840833333333333,0.9841032342458987,0.056516326805378526,0.6902235384951246,2.8195770953563932,nan,nan
emnist_digits,entmax15,8,20,0.042706139385700226,0.9823333333333333,0.9823225842308574,0.06092884918635196,0.6852622152643001,2.8097905960488827,nan,nan
emnist_digits,entmax15,8,21,0.042702849954366684,0.9843333333333333,0.984340256498605,0.057389395697874594,0.6740810902828865,2.766610713715249,nan,nan
emnist_digits,entmax15,8,22,0.04060707986354828,0.9815833333333334,0.9815696819006663,0.06301738238556588,0.6762571011451964,2.7866791410649077,nan,nan
emnist_digits,entmax15,8,23,0.03787091001868248,0.98325,0.9832303920189694,0.059342966593326406,0.6793870488379864,2.798608937162034,nan,nan
emnist_digits,entmax15,8,24,0.037063296884298325,0.9843333333333333,0.9843421629474534,0.055264294940106415,0.6845516556120933,2.805717247597715,nan,nan
emnist_digits,entmax15,8,25,0.03579382598400116,0.9846666666666667,0.9846878595215844,0.05423669536855626,0.6605075451921909,2.7594766692912325,nan,nan
emnist_digits,entmax15,8,26,0.03345600143074989,0.9813333333333333,0.981330183176753,0.06509105112165847,0.6671270360337928,2.7854566853097142,nan,nan
emnist_digits,entmax15,8,27,0.030957812443375587,0.9855,0.9854952767478828,0.051887317461536284,0.6486409167025952,2.7333702762076197,nan,nan
emnist_digits,entmax15,8,28,0.03314221650362015,0.98275,0.9827606476185506,0.06252041223280608,0.6497926559854061,2.7484734083743807,nan,nan
emnist_digits,entmax15,8,29,0.027624692767858505,0.985,0.9849716443310065,0.05344582111277479,0.6489259315297958,2.7476068659031645,nan,nan
emnist_digits,entmax15,9,0,1.2008893489837646,0.8524166666666667,0.8516951174990031,0.44719151613560126,0.8031301885209186,3.2774228466318007,nan,nan
emnist_digits,entmax15,9,1,0.3467476963996887,0.9266666666666666,0.9263340549358399,0.23048404651753446,0.8028504854821145,3.277550093671109,nan,nan
emnist_digits,entmax15,9,2,0.2232382893562317,0.9395,0.9397561168231109,0.19404910393851868,0.7982536991860004,3.2649212213272745,nan,nan
emnist_digits,entmax15,9,3,0.17338602244853973,0.954,0.953866869888287,0.14552940539223083,0.7868008740404819,3.2314948629825673,nan,nan
emnist_digits,entmax15,9,4,0.1448972076177597,0.9633333333333334,0.9633293829543426,0.12171720539001708,0.7849191896458889,3.21144630046601,nan,nan
emnist_digits,entmax15,9,5,0.12691691517829895,0.9628333333333333,0.9626328548875749,0.12169506234374453,0.7856881142930782,3.2040420288735247,nan,nan
emnist_digits,entmax15,9,6,0.1123080924153328,0.9701666666666666,0.9701246841857897,0.09686714363224963,0.784546361324635,3.205803267499234,nan,nan
emnist_digits,entmax15,9,7,0.10277927666902542,0.9740833333333333,0.9740886004610552,0.08636202187614238,0.7915522779556031,3.211973712799397,nan,nan
emnist_digits,entmax15,9,8,0.09626941382884979,0.9739166666666667,0.9739477691815356,0.08559936094791332,0.7900844381210652,3.2077726024262447,nan,nan
emnist_digits,entmax15,9,9,0.08200065046548843,0.9708333333333333,0.9707435204171808,0.09302867838042847,0.7863398111881094,3.203815503323332,nan,nan
emnist_digits,entmax15,9,10,0.07589272409677505,0.9770833333333333,0.9770645383042664,0.07629236892024253,0.7851284628218793,3.193882647981035,nan,nan
emnist_digits,entmax15,9,11,0.0724654421210289,0.9756666666666667,0.9755904340474499,0.07473548810849799,0.7796157928223305,3.179204669404537,nan,nan
emnist_digits,entmax15,9,12,0.06619511544704437,0.9689166666666666,0.9689562542513734,0.10747872411887696,0.784352349474075,3.1802122415380274,nan,nan
emnist_digits,entmax15,9,13,0.06305892765522003,0.97975,0.9796787291186714,0.06985224099790162,0.7732715207211515,3.163589193465862,nan,nan
emnist_digits,entmax15,9,14,0.05546283721923828,0.9774166666666667,0.9774249975444442,0.08188784871488175,0.7626648982788654,3.139937459154332,nan,nan
emnist_digits,entmax15,9,15,0.0535786934196949,0.9785833333333334,0.9786080399510798,0.0738533412680981,0.7637038953760837,3.129665747601935,nan,nan
emnist_digits,entmax15,9,16,0.0519232414662838,0.9806666666666667,0.9805828736565555,0.06264413401801536,0.7702948609565167,3.1443019648815724,nan,nan
emnist_digits,entmax15,9,17,0.04650384560227394,0.98175,0.9817247353544314,0.06347357632314905,0.7549285704785205,3.1194066215068736,nan,nan
emnist_digits,entmax15,9,18,0.04685644805431366,0.9801666666666666,0.9801714907486584,0.07078732974193197,0.7623468624784592,3.125288625980945,nan,nan
emnist_digits,entmax15,9,19,0.04567326232790947,0.9821666666666666,0.9821495666374889,0.06402449579314982,0.7519146159608313,3.0960000804130066,nan,nan
emnist_digits,entmax15,9,20,0.04122408851981163,0.9815,0.9814626521341608,0.0629648921733841,0.7442056600083696,3.0871818344643773,nan,nan
emnist_digits,entmax15,9,21,0.03982686996459961,0.9790833333333333,0.9789891011612193,0.0746458038846229,0.7441266496130761,3.0799987975587237,nan,nan
emnist_digits,entmax15,9,22,0.037825807929039,0.9826666666666667,0.9827069941343775,0.06435071486741939,0.7365419763199826,3.053664521968111,nan,nan
emnist_digits,entmax15,9,23,0.039852943271398544,0.9794166666666667,0.979421486019282,0.06887292957052271,0.7352847279386318,3.0495074099682746,nan,nan
emnist_digits,entmax15,9,24,0.03728889673948288,0.9790833333333333,0.9791914217251323,0.07951203915984073,0.7363431295181843,3.0435344817790577,nan,nan
emnist_digits,entmax15,9,25,0.031068777665495872,0.9835833333333334,0.9835396825253552,0.05607412260105001,0.7314902087475391,3.0320529329015855,nan,nan
emnist_digits,entmax15,9,26,0.0369952991604805,0.9816666666666667,0.981603167219079,0.062283298872569774,0.7167875779435989,3.0045828565638115,nan,nan
emnist_digits,entmax15,9,27,0.02847946435213089,0.9810833333333333,0.9810985258904749,0.07159260541517684,0.7218221660624159,3.0012817636449287,nan,nan
emnist_digits,entmax15,9,28,0.030330203473567963,0.98125,0.9812337243029257,0.06979117427576095,0.7188038185555884,3.0064032838699664,nan,nan
emnist_digits,entmax15,9,29,0.025775082409381866,0.9841666666666666,0.9841013508412054,0.06314944850399773,0.7068802872870831,2.9717151002681,nan,nan
emnist_digits,headwise_adaptive_entmax,0,0,1.175445795059204,0.8558333333333333,0.853978573476641,0.44512586517536895,0.7983581696419005,3.2830853563673954,1.5023754835128784,0.003924806951545179
emnist_digits,headwise_adaptive_entmax,0,1,0.33943861722946167,0.9251666666666667,0.9242000698716396,0.252577118100004,0.8107808612762614,3.293931304140294,1.500943660736084,0.005063772900030017
emnist_digits,headwise_adaptive_entmax,0,2,0.2085338681936264,0.94925,0.9490514282638018,0.16812764932500554,0.801752914139565,3.274489681771461,1.5001829266548157,0.005317351082339883
emnist_digits,headwise_adaptive_entmax,0,3,0.15579195320606232,0.9603333333333334,0.9600110328640049,0.1278233950600979,0.8041956272531063,3.2598407775797744,1.4999253153800964,0.005294173723086715
emnist_digits,headwise_adaptive_entmax,0,4,0.12770888209342957,0.9633333333333334,0.9631655159121456,0.11536578564567769,0.8033601210472432,3.2507029137712844,1.4998154044151306,0.005135956685990095
emnist_digits,headwise_adaptive_entmax,0,5,0.11058468371629715,0.9654166666666667,0.9654012612806439,0.11346874861641133,0.7996123154112633,3.2306012701480946,1.4995846152305603,0.0054661070462316275
emnist_digits,headwise_adaptive_entmax,0,6,0.10136313736438751,0.96575,0.9656400161694266,0.10767323087821616,0.7958019008027747,3.1971026177101947,1.5000367760658264,0.006261437200009823
emnist_digits,headwise_adaptive_entmax,0,7,0.0917200893163681,0.96925,0.9690782210880201,0.09991550619931931,0.7967146235577603,3.1875424841617015,1.4998475313186646,0.0069909607991576195
emnist_digits,headwise_adaptive_entmax,0,8,0.0842975452542305,0.9704166666666667,0.9702141293535818,0.09181461241492565,0.7834211346950937,3.1414706275818194,1.4996879696846008,0.007600757759064436
emnist_digits,headwise_adaptive_entmax,0,9,0.07631942629814148,0.9723333333333334,0.9722317890265482,0.08953567935114211,0.7770733820631149,3.120707017310122,1.4998369812965393,0.008276099106296897
emnist_digits,headwise_adaptive_entmax,0,10,0.07383216172456741,0.97725,0.9771686148059153,0.07527699222431537,0.7732551979257706,3.089094471424184,1.4999850988388062,0.00834203907288611
emnist_digits,headwise_adaptive_entmax,0,11,0.06733623892068863,0.9773333333333334,0.9772403053550395,0.07598076011747756,0.7642358173715308,3.0711344353696135,1.4999708533287048,0.008514526998624206
emnist_digits,headwise_adaptive_entmax,0,12,0.06295965611934662,0.9761666666666666,0.9761146739359768,0.07527678107169081,0.7536512461114437,3.048933358902627,1.4999440908432007,0.008597957203164697
emnist_digits,headwise_adaptive_entmax,0,13,0.05884088575839996,0.9728333333333333,0.972790655348051,0.08437921297042927,0.7494603706167099,3.023205721631963,1.49970543384552,0.009357127360999584
emnist_digits,headwise_adaptive_entmax,0,14,0.05589469149708748,0.9776666666666667,0.9776402928791365,0.07402165388648814,0.7493327558040619,3.0234669928855085,1.499565303325653,0.009397598449140787
emnist_digits,headwise_adaptive_entmax,0,15,0.05367762967944145,0.9785833333333334,0.9785099873953108,0.07145645295051818,0.7465117846397643,3.0140284883215074,1.4990203380584717,0.009546913206577301
emnist_digits,headwise_adaptive_entmax,0,16,0.05458993464708328,0.9765833333333334,0.9765248425052245,0.0780535423930021,0.7441954682482049,3.0057149846503077,1.498744010925293,0.009465458802878857
emnist_digits,headwise_adaptive_entmax,0,17,0.04691583290696144,0.9799166666666667,0.9798410186875266,0.07242861493153775,0.7381357924735292,2.989005027933324,1.4990461468696594,0.010396030731499195
emnist_digits,headwise_adaptive_entmax,0,18,0.04574735462665558,0.9765833333333334,0.9764135391006453,0.07734060073469548,0.7326747077576657,2.9703480715447284,1.4982458353042603,0.010025393683463335
emnist_digits,headwise_adaptive_entmax,0,19,0.041156694293022156,0.9760833333333333,0.9760153404379294,0.08191178889667734,0.7309506212143188,2.9630502335568694,1.4972848296165466,0.010470145381987095
emnist_digits,headwise_adaptive_entmax,0,20,0.04341895505785942,0.9811666666666666,0.9810869732917418,0.06917876120101898,0.7375601441302198,2.9751795504955534,1.4962761998176575,0.010216054506599903
emnist_digits,headwise_adaptive_entmax,0,21,0.03944680094718933,0.98075,0.9806850501285218,0.06710298731923103,0.727053238990459,2.948626173303482,1.4960433840751648,0.010608394164592028
emnist_digits,headwise_adaptive_entmax,0,22,0.037535060197114944,0.9775,0.9773755088220784,0.079861648677987,0.729416734360634,2.956114591436183,1.4954506158828735,0.010400168132036924
emnist_digits,headwise_adaptive_entmax,0,23,0.03605252876877785,0.98075,0.9806623928822825,0.07124052537565535,0.727306714717378,2.962745651285699,1.495126485824585,0.009609248023480177
emnist_digits,headwise_adaptive_entmax,0,24,0.0373842716217041,0.9795,0.9794011777036928,0.07074467750622872,0.7215044612580157,2.9476583587362413,1.4947108626365662,0.010196278803050518
emnist_digits,headwise_adaptive_entmax,0,25,0.03075925074517727,0.9804166666666667,0.9803730958294198,0.07025886858080296,0.7155621571743742,2.9273240160434804,1.4939866065979004,0.009197141509503126
emnist_digits,headwise_adaptive_entmax,1,0,1.1947072744369507,0.88,0.8803343626411259,0.3839314770191274,0.7376083788719583,3.1490016719128224,1.5045439004898071,0.0031588227720931172
emnist_digits,headwise_adaptive_entmax,1,1,0.3280293643474579,0.9355833333333333,0.9356078287311561,0.2093552664873448,0.7723341248136886,3.2048799814061915,1.5040013790130615,0.003430260519962758
emnist_digits,headwise_adaptive_entmax,1,2,0.21789413690567017,0.946,0.9459479417940306,0.17783906707104216,0.7734003377721664,3.1846052712582527,1.5033609867095947,0.00392040383303538
emnist_digits,headwise_adaptive_entmax,1,3,0.16529510915279388,0.9623333333333334,0.9623550979916885,0.1273777683047538,0.7558608036091987,3.1370884281523685,1.5021047592163086,0.004609813273418695
emnist_digits,headwise_adaptive_entmax,1,4,0.13136674463748932,0.9643333333333334,0.9643426958830249,0.11517383213689987,0.7563875710710566,3.13033346166002,1.5010919570922852,0.004560317436698824
emnist_digits,headwise_adaptive_entmax,1,5,0.11919061839580536,0.9679166666666666,0.9679425011520244,0.09934717852701531,0.7465621397850362,3.097710388772031,1.5006322860717773,0.005044361692853272
emnist_digits,headwise_adaptive_entmax,1,6,0.1038602665066719,0.9708333333333333,0.9708474780378988,0.09016753685601214,0.7442597905372051,3.0827855962388058,1.499773383140564,0.004812217142898589
emnist_digits,headwise_adaptive_entmax,1,7,0.09008145332336426,0.9760833333333333,0.9760984239279027,0.07518848784743472,0.7411590275612283,3.072736090802132,1.4994086027145386,0.0047011199640110135
emnist_digits,headwise_adaptive_entmax,1,8,0.08162892609834671,0.9799166666666667,0.9799063985901503,0.06575721973909977,0.7381169542353204,3.0568502228310765,1.498408555984497,0.004581759916618466
emnist_digits,headwise_adaptive_entmax,1,9,0.08015322685241699,0.9778333333333333,0.9778388850160157,0.0675576342309409,0.7333814932944926,3.037311576782389,1.4974024295806885,0.0048852835316210985
emnist_digits,headwise_adaptive_entmax,1,10,0.07016809284687042,0.9784166666666667,0.9783823469834431,0.0686743817827169,0.7265170026332775,3.0260396434905683,1.4965618252754211,0.004858601256273687
emnist_digits,headwise_adaptive_entmax,1,11,0.06566952168941498,0.9799166666666667,0.9798811494443103,0.06343462177492837,0.7161357066732772,2.9861944000771703,1.4960253238677979,0.005177273531444371
emnist_digits,headwise_adaptive_entmax,1,12,0.06029774621129036,0.9784166666666667,0.9784391184498112,0.07030761323155875,0.717530036226232,2.9847236364445786,1.495579719543457,0.005254806485027075
emnist_digits,headwise_adaptive_entmax,1,13,0.059290483593940735,0.9814166666666667,0.9814252595186611,0.05867746977650739,0.7132030624024411,2.969062926921439,1.495246410369873,0.005628775106742978
emnist_digits,headwise_adaptive_entmax,1,14,0.05191909521818161,0.9788333333333333,0.9787914976091043,0.06612843838817578,0.7133555101587418,2.9557071797391203,1.4950201511383057,0.006092821015045047
emnist_digits,headwise_adaptive_entmax,1,15,0.055621448904275894,0.981,0.9809664049098185,0.06191999237350327,0.7119375074163397,2.9458746326730605,1.4943846464157104,0.00677071325480938
emnist_digits,headwise_adaptive_entmax,1,16,0.04807630926370621,0.9824166666666667,0.9824155510317594,0.057723704844396165,0.7078209823750435,2.939095492058612,1.493719458580017,0.0070885971654206514
emnist_digits,headwise_adaptive_entmax,1,17,0.04555448517203331,0.9840833333333333,0.9841098379937128,0.05302725098234542,0.7094969407041022,2.934633622778223,1.4931451678276062,0.00775126984808594
emnist_digits,headwise_adaptive_entmax,1,18,0.047129202634096146,0.9786666666666667,0.9786872562904737,0.06830807077757856,0.6984296656669454,2.9088063519051732,1.4926782250404358,0.007766092079691589
emnist_digits,headwise_adaptive_entmax,1,19,0.0445653572678566,0.9844166666666667,0.9844317560241086,0.04985962867578293,0.7051998871438047,2.9224581135080214,1.491774559020996,0.007880739285610616
emnist_digits,headwise_adaptive_entmax,1,20,0.04181545600295067,0.9835833333333334,0.9835986831637191,0.05520405033801464,0.692167914294182,2.882001296002814,1.4914716482162476,0.00795642880257219
emnist_digits,headwise_adaptive_entmax,1,21,0.03755804896354675,0.9829166666666667,0.9829134576611628,0.05434642123811422,0.6967425371738191,2.8834214083691863,1.4914005994796753,0.008046463364735246
emnist_digits,headwise_adaptive_entmax,1,22,0.036200135946273804,0.9816666666666667,0.9816029319701014,0.06284212537030591,0.698980949660565,2.8960333124120186,1.49079167842865,0.008981239283457398
emnist_digits,headwise_adaptive_entmax,1,23,0.03462176024913788,0.9843333333333333,0.9843300594744259,0.05615038846797766,0.6957330519848681,2.877688390143374,1.4896061420440674,0.008889900986105204
emnist_digits,headwise_adaptive_entmax,1,24,0.0328996405005455,0.9855,0.9855150436060734,0.05423105574470568,0.7042531092116173,2.8961941612527724,1.4893786311149597,0.008823201060295105
emnist_digits,headwise_adaptive_entmax,1,25,0.03433196246623993,0.9836666666666667,0.9836846834277398,0.05896659302426145,0.695949210765514,2.879218928357388,1.488508939743042,0.0091462874552235
emnist_digits,headwise_adaptive_entmax,1,26,0.031797993928194046,0.9851666666666666,0.9851518264812077,0.053105746059024586,0.6847049949016977,2.8507429133070277,1.4876423478126526,0.009288536966778338
emnist_digits,headwise_adaptive_entmax,1,27,0.0358121320605278,0.9819166666666667,0.9819217687111346,0.06382519196956715,0.695116031677165,2.856439889745509,1.4863859415054321,0.009207503695506603
emnist_digits,headwise_adaptive_entmax,1,28,0.032364338636398315,0.98475,0.9847274941779501,0.05321427511962804,0.6910966767909679,2.8478255601639444,1.4853529930114746,0.009912832174450159
emnist_digits,headwise_adaptive_entmax,1,29,0.028795873746275902,0.9856666666666667,0.9856263870089463,0.04918440232211922,0.6775829433760745,2.821071284882566,1.4844222664833069,0.009765341237653047
emnist_digits,headwise_adaptive_entmax,2,0,1.1657968759536743,0.8844166666666666,0.8842791213237279,0.3726123704555187,0.7526997099531457,3.1925553945784872,1.503691017627716,0.0028218304505571723
emnist_digits,headwise_adaptive_entmax,2,1,0.3237209916114807,0.9371666666666667,0.9373584266845775,0.2060051110196621,0.7716294729963262,3.2200620935318316,1.5015952587127686,0.005215823766775429
emnist_digits,headwise_adaptive_entmax,2,2,0.19214484095573425,0.9586666666666667,0.9585300957681824,0.14182394465550463,0.7690630821471519,3.2114848481847886,1.5001980662345886,0.006346109788864851
emnist_digits,headwise_adaptive_entmax,2,3,0.15146788954734802,0.95975,0.9596635979602667,0.13285157179578821,0.7581104788374393,3.1630322451287127,1.4999029636383057,0.007050556247122586
emnist_digits,headwise_adaptive_entmax,2,4,0.12465404719114304,0.9683333333333334,0.9682421341540737,0.11160780346774041,0.7408147879103397,3.117327887961205,1.4996498227119446,0.006794873159378767
emnist_digits,headwise_adaptive_entmax,2,5,0.10875202715396881,0.9701666666666666,0.9701530654186211,0.10242637238921003,0.7508831150988315,3.1275897507971906,1.4988803267478943,0.006443282123655081
emnist_digits,headwise_adaptive_entmax,2,6,0.09735319018363953,0.9734166666666667,0.9733033053374172,0.08674290340314521,0.728304256150063,3.0654795347376074,1.4989154934883118,0.005696440348401666
emnist_digits,headwise_adaptive_entmax,2,7,0.08598773926496506,0.97675,0.9767088396439485,0.07839320199762254,0.7353737138687296,3.078578637001362,1.4981095790863037,0.005460676387883723
emnist_digits,headwise_adaptive_entmax,2,8,0.07881325483322144,0.9764166666666667,0.976377300890079,0.08059299558876677,0.7221542989954035,3.0372913467123155,1.498233675956726,0.005404405877925456
emnist_digits,headwise_adaptive_entmax,2,9,0.07070250809192657,0.975,0.9749371958715732,0.08167315821381325,0.7324891597666638,3.0524544208607773,1.4976760149002075,0.0054644146002829075
emnist_digits,headwise_adaptive_entmax,2,10,0.06765399873256683,0.97725,0.9772151294066951,0.07722449528568602,0.7335854870207766,3.052451828692822,1.4972382187843323,0.005181627348065376
emnist_digits,headwise_adaptive_entmax,2,11,0.06053462252020836,0.9746666666666667,0.9745831316205917,0.08082829669434974,0.7451696383192185,3.0701023035861077,1.4971005320549011,0.004955652402713895
emnist_digits,headwise_adaptive_entmax,2,12,0.05683257430791855,0.97325,0.973253930954159,0.09064302569691171,0.7252186568493538,3.0225161415465336,1.496758759021759,0.005329868756234646
emnist_digits,headwise_adaptive_entmax,2,13,0.05548631772398949,0.9796666666666667,0.9796329825259654,0.07018613866827589,0.7160511961642732,2.999839886705926,1.496147096157074,0.004047560854814947
emnist_digits,headwise_adaptive_entmax,2,14,0.05217796191573143,0.9804166666666667,0.980406073435887,0.06898862016486361,0.7282718838529384,3.022553451517795,1.4955870509147644,0.004377265693619847
emnist_digits,headwise_adaptive_entmax,2,15,0.051452454179525375,0.981,0.9809321616298498,0.06622083163126669,0.7140993431527564,2.9841999221355358,1.4950485825538635,0.004882324719801545
emnist_digits,headwise_adaptive_entmax,2,16,0.04660062491893768,0.98325,0.9832078494274112,0.05644268451377432,0.7233364632789124,2.9998380782756398,1.494017779827118,0.005058333044871688
emnist_digits,headwise_adaptive_entmax,2,17,0.043714508414268494,0.9780833333333333,0.9779321347705962,0.07661451815449177,0.7298888798723829,3.0075972004139677,1.4934445023536682,0.004698388860560954
emnist_digits,headwise_adaptive_entmax,2,18,0.041256148368120193,0.97925,0.9791483678850277,0.07135554902414058,0.7194896765211796,2.97572952382108,1.492671549320221,0.0044773006229661405
emnist_digits,headwise_adaptive_entmax,2,19,0.03882494568824768,0.9809166666666667,0.9808430379224076,0.06718477844557863,0.7215709851143208,2.983513423737059,1.4919205904006958,0.00454708794131875
emnist_digits,headwise_adaptive_entmax,2,20,0.03569628670811653,0.9814166666666667,0.9813897020015852,0.0621669693909427,0.7133574929643185,2.963757692499364,1.4914204478263855,0.004766804515384138
emnist_digits,headwise_adaptive_entmax,2,21,0.042322590947151184,0.9821666666666666,0.9821040783760416,0.06036994035573716,0.7178765744604962,2.968439358346006,1.4901738166809082,0.004665849613957107
emnist_digits,headwise_adaptive_entmax,3,0,1.2201790809631348,0.837,0.8369280855711431,0.5021671843021474,0.8218481724566602,3.2954183208181504,1.5034109950065613,0.002938422840088606
emnist_digits,headwise_adaptive_entmax,3,1,0.3794975280761719,0.8961666666666667,0.8964361977425522,0.32268672610851046,0.8265702819570582,3.2945432079599257,1.5033766627311707,0.005532808601856232
emnist_digits,headwise_adaptive_entmax,3,2,0.23549188673496246,0.9435,0.9436587559718184,0.18151451472906358,0.8162024921559273,3.2404351056890284,1.5033779740333557,0.007005424704402685
emnist_digits,headwise_adaptive_entmax,3,3,0.1775079071521759,0.9575,0.9577224140331897,0.14415509412263303,0.8073138505854505,3.2143561053783336,1.5036555528640747,0.00783016555942595
emnist_digits,headwise_adaptive_entmax,3,4,0.1503201574087143,0.9664166666666667,0.9664973440238208,0.11326521516163299,0.8003012341387729,3.1793403929852424,1.503243625164032,0.007796670077368617
emnist_digits,headwise_adaptive_entmax,3,5,0.1280047446489334,0.96075,0.9607863464269155,0.1269424136014695,0.7872764582329608,3.155475058454148,1.5030931234359741,0.008129020920023322
emnist_digits,headwise_adaptive_entmax,3,6,0.11250142753124237,0.9650833333333333,0.9652857037663051,0.1153357391978832,0.7791101989593912,3.1236124698151935,1.5029927492141724,0.008431419730186462
emnist_digits,headwise_adaptive_entmax,3,7,0.10171399265527725,0.9715,0.9715640232545472,0.09286569962476163,0.7651525989491889,3.0796096857557904,1.5027508735656738,0.008285544347018003
emnist_digits,headwise_adaptive_entmax,3,8,0.09563528746366501,0.9653333333333334,0.965377429953412,0.11305700979651288,0.7624634054112942,3.056921291858592,1.5026111602783203,0.007581377634778619
emnist_digits,headwise_adaptive_entmax,3,9,0.08629202097654343,0.9771666666666666,0.9772304641623302,0.07529303395843252,0.7524546340424964,3.019370809514472,1.5025778412818909,0.008123676991090178
emnist_digits,headwise_adaptive_entmax,3,10,0.07798940688371658,0.9766666666666667,0.9768042694013331,0.07430995366674789,0.7546282613531072,3.041852283985057,1.5026246309280396,0.008454976370558143
emnist_digits,headwise_adaptive_entmax,3,11,0.07275331765413284,0.9685,0.9686190457691295,0.10355478188300386,0.7392455884750854,2.9799099425052074,1.502407729625702,0.008604262955486774
emnist_digits,headwise_adaptive_entmax,3,12,0.06734223663806915,0.9793333333333333,0.979406392474548,0.06821067286457153,0.7414714782796008,3.000074716324502,1.5016812086105347,0.008709007408469915
emnist_digits,headwise_adaptive_entmax,3,13,0.06411799043416977,0.9788333333333333,0.9789265004929298,0.07077121001450305,0.7354935933934882,2.9548028124139663,1.5018335580825806,0.008661990985274315
emnist_digits,headwise_adaptive_entmax,3,14,0.0600285604596138,0.9821666666666666,0.9822053866667778,0.06469829073373942,0.727689247816167,2.926705187939583,1.5010809898376465,0.00854627089574933
emnist_digits,headwise_adaptive_entmax,3,15,0.05337810888886452,0.9815,0.981542565141539,0.06321453608255437,0.7267203901676421,2.9245702839912253,1.5005723237991333,0.008198254508897662
emnist_digits,headwise_adaptive_entmax,3,16,0.05029311031103134,0.98075,0.9808184342617932,0.06627932931990066,0.715947300195694,2.9057494528750154,1.5001166462898254,0.007827365072444081
emnist_digits,headwise_adaptive_entmax,3,17,0.05228473246097565,0.981,0.9811494031748659,0.06421341806491639,0.714058943885438,2.881986346650631,1.4999810457229614,0.007796214194968343
emnist_digits,headwise_adaptive_entmax,3,18,0.05124446377158165,0.9809166666666667,0.9810033639668772,0.06550200388548856,0.7003975903734247,2.846227138600451,1.499393105506897,0.008282745257019997
emnist_digits,headwise_adaptive_entmax,3,19,0.04662305489182472,0.9808333333333333,0.9809144544082885,0.061771226204693955,0.7045083217164303,2.8452306580036244,1.4980559945106506,0.007518358528614044
emnist_digits,headwise_adaptive_entmax,4,0,1.2789477109909058,0.8641666666666666,0.863063805729074,0.43341852946484344,0.8482633740343946,3.3522803174688462,1.503108024597168,0.002812865364830941
emnist_digits,headwise_adaptive_entmax,4,1,0.34643617272377014,0.932,0.9317224199390205,0.22021849374187755,0.8483883827290637,3.3517313434722578,1.5019459128379822,0.00205779355019331
emnist_digits,headwise_adaptive_entmax,4,2,0.21487726271152496,0.9536666666666667,0.9535720015318965,0.15289947342999438,0.841912253105894,3.3332468398073885,1.5008398294448853,0.0033381779212504625
emnist_digits,headwise_adaptive_entmax,4,3,0.1597006618976593,0.96025,0.9601063255334248,0.13436617876621001,0.8443226148473456,3.3258063235181443,1.5000384449958801,0.0038919830694794655
emnist_digits,headwise_adaptive_entmax,4,4,0.13291682302951813,0.9663333333333334,0.9662243227861778,0.11626446865340496,0.835879996101907,3.3045098578676266,1.4993716478347778,0.0038668899796903133
emnist_digits,headwise_adaptive_entmax,4,5,0.10915958136320114,0.9689166666666666,0.9688519156444722,0.10624087689087745,0.8345450372137921,3.2810347207049104,1.49888414144516,0.0044287561904639006
emnist_digits,headwise_adaptive_entmax,4,6,0.10222374647855759,0.9724166666666667,0.9723877025250923,0.09468095274047648,0.8276459745904232,3.2524068533106054,1.4986809492111206,0.005049583152867854
emnist_digits,headwise_adaptive_entmax,4,7,0.08887216448783875,0.9750833333333333,0.9750193873920207,0.086154764478511,0.8261192574145946,3.2428276234484734,1.4978590607643127,0.005579411517828703
emnist_digits,headwise_adaptive_entmax,4,8,0.08254791796207428,0.973,0.9728848175797745,0.08532737044894949,0.813366137920542,3.1873635205816715,1.4978262186050415,0.006298551918007433
emnist_digits,headwise_adaptive_entmax,4,9,0.07586457580327988,0.9749166666666667,0.9747893514987732,0.08510057810456195,0.810139942042371,3.1727853759806206,1.4976104497909546,0.007131529040634632
emnist_digits,headwise_adaptive_entmax,4,10,0.0686744973063469,0.97825,0.9782032194508309,0.07677419566886222,0.8037552307260797,3.1498859410590314,1.497351050376892,0.007401591166853905
emnist_digits,headwise_adaptive_entmax,4,11,0.0640694797039032,0.9778333333333333,0.9777771768393645,0.07877850706907029,0.8022478019937556,3.1435451964114574,1.4968845844268799,0.0077855943236500025
emnist_digits,headwise_adaptive_entmax,4,12,0.060266342014074326,0.97675,0.9766928302890291,0.08554726728099457,0.8056010800473233,3.1486322093517223,1.4959789514541626,0.007887296960689127
emnist_digits,headwise_adaptive_entmax,4,13,0.06043102592229843,0.9805833333333334,0.9805407769259995,0.07093135029711622,0.7966778291032669,3.1296980888285537,1.4951736330986023,0.008207002305425704
emnist_digits,headwise_adaptive_entmax,4,14,0.05200504511594772,0.9795,0.9794547113431712,0.07354954180327501,0.7960557994690347,3.1182257495027907,1.4943963289260864,0.00797741999849677
emnist_digits,headwise_adaptive_entmax,4,15,0.05122419074177742,0.9815,0.9814382884532687,0.06641552525948971,0.7926581013709941,3.1067189181104617,1.4938507080078125,0.008298794273287058
emnist_digits,headwise_adaptive_entmax,4,16,0.049954820424318314,0.9808333333333333,0.9807704504459389,0.06760125131683146,0.7813897735260903,3.073478308129818,1.4935526251792908,0.008755923015996814
emnist_digits,headwise_adaptive_entmax,4,17,0.04774823412299156,0.9816666666666667,0.981661769385003,0.0689110125989673,0.787669244598835,3.083260404302719,1.493065059185028,0.009177671978250146
emnist_digits,headwise_adaptive_entmax,4,18,0.04606039822101593,0.979,0.9789255311224558,0.07578259930410917,0.7809026748576062,3.07100278012296,1.4918655157089233,0.008696893812157214
emnist_digits,headwise_adaptive_entmax,4,19,0.04136110469698906,0.97875,0.9787544924695897,0.07656199655475769,0.7784648068407749,3.058257082675366,1.4918043613433838,0.009509087074548006
emnist_digits,headwise_adaptive_entmax,4,20,0.042166486382484436,0.9816666666666667,0.9816387797189929,0.06495100222131674,0.776260680340706,3.059168128257102,1.4906330704689026,0.008887639793101698
emnist_digits,headwise_adaptive_entmax,4,21,0.038823407143354416,0.9825833333333334,0.982515665911692,0.06415457639129872,0.7656451628563252,3.0339093690222882,1.4899219274520874,0.008886412368156016
emnist_digits,headwise_adaptive_entmax,4,22,0.03720356523990631,0.9825833333333334,0.9825158265975642,0.0672020664478236,0.7679641823819343,3.0365361254265966,1.4894047379493713,0.008756747411098331
emnist_digits,headwise_adaptive_entmax,4,23,0.03549560531973839,0.9833333333333333,0.9832796545296976,0.06461492071839724,0.766628881084158,3.040340377929363,1.4884087443351746,0.008811668900307268
emnist_digits,headwise_adaptive_entmax,4,24,0.034965258091688156,0.9821666666666666,0.9821189060490966,0.07084306476122522,0.7607854839335096,3.0172975595961224,1.4878079891204834,0.00899549259338528
emnist_digits,headwise_adaptive_entmax,4,25,0.036332570016384125,0.9825833333333334,0.9825678463421559,0.06344626954895385,0.7551336206020193,2.9959328149227384,1.4865721464157104,0.008302628819365054
emnist_digits,headwise_adaptive_entmax,4,26,0.03251298516988754,0.9809166666666667,0.9808737514941976,0.06914721972289238,0.7471066104604843,2.9735886999901306,1.4862957000732422,0.00856437801849097
emnist_digits,headwise_adaptive_entmax,4,27,0.032662272453308105,0.9826666666666667,0.9826324657607719,0.06528397780308064,0.7442563753178779,2.9678704916162695,1.486200749874115,0.008250283019151539
emnist_digits,headwise_adaptive_entmax,4,28,0.03160940483212471,0.9825,0.982463028058899,0.06874257987959588,0.7402189881243604,2.957503595250718,1.4846505522727966,0.008386892382986844
emnist_digits,headwise_adaptive_entmax,5,0,1.0824956893920898,0.8738333333333334,0.8736582916632691,0.3921706625755797,0.800055723241035,3.228575110435486,1.5055267214775085,0.00550778373144567
emnist_digits,headwise_adaptive_entmax,5,1,0.331519216299057,0.92775,0.9280254860737667,0.2349139873651748,0.8140769550140868,3.2326770767252495,1.5041123628616333,0.005404179450124502
emnist_digits,headwise_adaptive_entmax,5,2,0.21271389722824097,0.9489166666666666,0.9487113320573014,0.17010273610023743,0.8273496000056572,3.270652436195536,1.503708004951477,0.0070434988010674715
emnist_digits,headwise_adaptive_entmax,5,3,0.16393013298511505,0.9566666666666667,0.9566260174426204,0.1397519198820946,0.8303167369771511,3.2765305245176273,1.5039225816726685,0.008657751372084022
emnist_digits,headwise_adaptive_entmax,5,4,0.13530348241329193,0.96,0.9600265929044918,0.12120088427624803,0.8227349570456971,3.255907205825156,1.5041481256484985,0.010221358621492982
emnist_digits,headwise_adaptive_entmax,5,5,0.11641096323728561,0.9689166666666666,0.9689266888892915,0.09704333385254474,0.8147545723204918,3.2397497943107116,1.5037368535995483,0.011293124640360475
emnist_digits,headwise_adaptive_entmax,5,6,0.10185317695140839,0.9700833333333333,0.9700364498464035,0.09860524582736035,0.8128454628142905,3.2220442802348037,1.503454327583313,0.01181929768063128
emnist_digits,headwise_adaptive_entmax,5,7,0.08962617814540863,0.97225,0.9722402727064209,0.08709247616377283,0.7967609021257847,3.199648266142987,1.5036256909370422,0.012522061122581363
emnist_digits,headwise_adaptive_entmax,5,8,0.08531969040632248,0.9715833333333334,0.9714964546121998,0.09188396618404288,0.7856904889674897,3.1751903016516505,1.5034570097923279,0.013334366958588362
emnist_digits,headwise_adaptive_entmax,5,9,0.07767022401094437,0.9758333333333333,0.9757724611507175,0.07971039679931834,0.7890853964267893,3.174779678912873,1.503351628780365,0.013823459856212139
emnist_digits,headwise_adaptive_entmax,5,10,0.07218748331069946,0.9755,0.9754988423191501,0.07774764545103337,0.7866390873777106,3.1658859836294297,1.5031988024711609,0.01429320638999343
emnist_digits,headwise_adaptive_entmax,5,11,0.06658297032117844,0.9800833333333333,0.980062664830702,0.06747000349408135,0.7851848849590789,3.1669705117002445,1.5029157996177673,0.014748913701623678
emnist_digits,headwise_adaptive_entmax,5,12,0.06117616593837738,0.97875,0.9786972658167483,0.0711440446766767,0.7665750752104089,3.121411031865059,1.5033998489379883,0.015314402990043163
emnist_digits,headwise_adaptive_entmax,5,13,0.05902256816625595,0.98,0.9799461371643019,0.0701503372414315,0.7758865882741645,3.129615570636506,1.503129482269287,0.015693786554038525
emnist_digits,headwise_adaptive_entmax,5,14,0.05491229146718979,0.9785833333333334,0.9785497309182652,0.07381631235810036,0.7638569537629473,3.1170296161732773,1.5027484893798828,0.01605514297261834
emnist_digits,headwise_adaptive_entmax,5,15,0.05212928354740143,0.9796666666666667,0.9796465452743354,0.07132636468381957,0.7586216539778607,3.095184313490036,1.5027793049812317,0.01653427816927433
emnist_digits,headwise_adaptive_entmax,5,16,0.05038583278656006,0.9834166666666667,0.9833911236347589,0.05781229226750896,0.7605297730324116,3.092646319815453,1.5023321509361267,0.01671676803380251
emnist_digits,headwise_adaptive_entmax,5,17,0.049143385142087936,0.982,0.9819544565256795,0.06646414707474252,0.7502937107644183,3.0563411002463483,1.502423882484436,0.01703335950151086
emnist_digits,headwise_adaptive_entmax,5,18,0.046464480459690094,0.9798333333333333,0.9798024251572407,0.06932064902750736,0.7460906416811841,3.051160046394835,1.5021196007728577,0.017006757203489542
emnist_digits,headwise_adaptive_entmax,5,19,0.04471573233604431,0.9824166666666667,0.9824013851483218,0.06092516408163182,0.7485425161554459,3.0509871320521578,1.5015599131584167,0.016933715902268887
emnist_digits,headwise_adaptive_entmax,5,20,0.04189220443367958,0.9778333333333333,0.9778009311186718,0.07732056384470234,0.7427341944359719,3.0423221968589944,1.5009593963623047,0.01700123632326722
emnist_digits,headwise_adaptive_entmax,5,21,0.03918280825018883,0.9821666666666666,0.9821393672882003,0.06380387682943268,0.7378477086412146,3.02549595021187,1.5008573532104492,0.01724310591816902
emnist_digits,headwise_adaptive_entmax,6,0,1.2067757844924927,0.85725,0.8549292015600438,0.42917658420319255,0.7698553527923341,3.2062386325065124,1.5026333332061768,0.005083167459815741
emnist_digits,headwise_adaptive_entmax,6,1,0.35131993889808655,0.9374166666666667,0.9369759277399394,0.19949636846146684,0.7837169183061478,3.2190574838760053,1.5006622076034546,0.004515064938459545
emnist_digits,headwise_adaptive_entmax,6,2,0.21609938144683838,0.9448333333333333,0.9442406301237958,0.17533689119080278,0.7680526217247577,3.192477784258254,1.499570906162262,0.004602335160598159
emnist_digits,headwise_adaptive_entmax,6,3,0.17807315289974213,0.9623333333333334,0.9621189965654869,0.12323231154933889,0.7585462946841057,3.162051908513333,1.4996187686920166,0.0049266384448856115
emnist_digits,headwise_adaptive_entmax,6,4,0.1412908434867859,0.9651666666666666,0.9650180994734955,0.1079761379576744,0.758416842907033,3.1420603178917093,1.4995813965797424,0.0048569426871836185
emnist_digits,headwise_adaptive_entmax,6,5,0.123897023499012,0.9683333333333334,0.9681324947022798,0.10229118303098578,0.7589443465496631,3.147127681590141,1.4994359016418457,0.0046679150545969605
emnist_digits,headwise_adaptive_entmax,6,6,0.108069509267807,0.9726666666666667,0.9725524604475666,0.09000372585464031,0.7546343480018859,3.1162936611378447,1.4992283582687378,0.005064714816398919
emnist_digits,headwise_adaptive_entmax,6,7,0.09877892583608627,0.9731666666666666,0.9729820018348978,0.08930852739734853,0.7530203556760828,3.12183193957552,1.4992671012878418,0.005106704775243998
emnist_digits,headwise_adaptive_entmax,6,8,0.08689288794994354,0.976,0.9758568134541615,0.07875390085292623,0.749699815790704,3.114147982698806,1.4989768266677856,0.0054906909936107695
emnist_digits,headwise_adaptive_entmax,6,9,0.08279254287481308,0.9768333333333333,0.9766592357165843,0.07511506320789774,0.7444649611381774,3.0971160036452274,1.498779535293579,0.005552331742364913
emnist_digits,headwise_adaptive_entmax,6,10,0.07707366347312927,0.9773333333333334,0.9772025752737274,0.07245086402969157,0.7499288060563676,3.105429585943831,1.4989113211631775,0.005864126782398671
emnist_digits,headwise_adaptive_entmax,6,11,0.07012663781642914,0.9773333333333334,0.9772332694818019,0.07160004323467295,0.7498884701982458,3.0982415016661298,1.4984452724456787,0.005438787688035518
emnist_digits,headwise_adaptive_entmax,6,12,0.06615836173295975,0.9800833333333333,0.9799399051035825,0.06682745113651803,0.7431113498007997,3.08178607707328,1.4984469413757324,0.0061378892278298736
emnist_digits,headwise_adaptive_entmax,6,13,0.06320476531982422,0.979,0.9789018709652414,0.06355434481767898,0.7414335817732709,3.0756910024805273,1.4986730217933655,0.006243986892513931
emnist_digits,headwise_adaptive_entmax,6,14,0.05924118310213089,0.979,0.9788367663411996,0.06651983853984386,0.7457242240297034,3.0717382431030273,1.49850195646286,0.006554980471264571
emnist_digits,headwise_adaptive_entmax,6,15,0.057400550693273544,0.979,0.978885366904535,0.06940488560878216,0.7604409272366381,3.0854854152557696,1.4980319738388062,0.0061174031579867005
emnist_digits,headwise_adaptive_entmax,6,16,0.05383788049221039,0.9826666666666667,0.9825478783742139,0.05477087857558372,0.7507018757627365,3.069200358492263,1.4980244040489197,0.006754427449777722
emnist_digits,headwise_adaptive_entmax,6,17,0.047455571591854095,0.9825833333333334,0.9824689975577579,0.0591032668710389,0.7458988364706648,3.0488187379025398,1.4983236193656921,0.006954921642318368
emnist_digits,headwise_adaptive_entmax,6,18,0.04811764508485794,0.9841666666666666,0.9840772737458486,0.052226290364373235,0.7411119487691433,3.0393712774236152,1.4979476928710938,0.007844845473300666
emnist_digits,headwise_adaptive_entmax,6,19,0.04547858610749245,0.9809166666666667,0.9808078212415591,0.06654014557282975,0.7483965735486213,3.0563968293210295,1.497271478176117,0.007466190028935671
emnist_digits,headwise_adaptive_entmax,6,20,0.04684953764081001,0.9798333333333333,0.9797246994127541,0.0705098401992879,0.7311604225889166,3.0084992900807808,1.4970712661743164,0.007525464752689004
emnist_digits,headwise_adaptive_entmax,6,21,0.04378907009959221,0.9831666666666666,0.9830443257511365,0.05194327528489397,0.728215624043282,3.001542773652584,1.4963219165802002,0.007290319656021893
emnist_digits,headwise_adaptive_entmax,6,22,0.04135855659842491,0.9838333333333333,0.9837211710810102,0.05557732076007635,0.7320268509235788,2.9968833238520522,1.4955867528915405,0.007542696432210505
emnist_digits,headwise_adaptive_entmax,6,23,0.03971075639128685,0.9839166666666667,0.9838385690580722,0.053875845302134115,0.734566017668298,2.997551217992255,1.4960452318191528,0.007934012624900788
emnist_digits,headwise_adaptive_entmax,7,0,1.1814099550247192,0.863,0.8632458566453962,0.4213426861357182,0.7886292401780474,3.215120112642329,1.5026059746742249,0.0026984534924849868
emnist_digits,headwise_adaptive_entmax,7,1,0.3568579852581024,0.92775,0.9281778397896823,0.23574859696499845,0.8039040724013714,3.254263644522809,1.5025055408477783,0.002664235362317413
emnist_digits,headwise_adaptive_entmax,7,2,0.22517140209674835,0.9526666666666667,0.9528193583563425,0.1532478468849304,0.814373900281622,3.275112030353952,1.5017805099487305,0.0034289314644411206
emnist_digits,headwise_adaptive_entmax,7,3,0.1747431755065918,0.9595833333333333,0.95971582382199,0.13127499454199,0.8150394153087697,3.251699574450229,1.5017202496528625,0.004776664660312235
emnist_digits,headwise_adaptive_entmax,7,4,0.14504079520702362,0.9678333333333333,0.9679934747211775,0.10907995455125545,0.812855120034928,3.2272022632842368,1.5017997026443481,0.005013766698539257
emnist_digits,headwise_adaptive_entmax,7,5,0.12318284064531326,0.9670833333333333,0.9672012687798096,0.10625948590484072,0.7988369813624848,3.196666664265572,1.5015673637390137,0.005572699476033449
emnist_digits,headwise_adaptive_entmax,7,6,0.1077708974480629,0.9728333333333333,0.9729283000411183,0.09130879919579689,0.7952727231573551,3.17946665591382,1.50157630443573,0.0063503943383693695
emnist_digits,headwise_adaptive_entmax,7,7,0.0954112559556961,0.97575,0.9758530236580938,0.07997328328325394,0.7873761152967493,3.155783310849616,1.5016482472419739,0.006293569109402597
emnist_digits,headwise_adaptive_entmax,7,8,0.08698805421590805,0.97475,0.9748443263983138,0.08392498792803034,0.7868769568331698,3.149377396766176,1.5012312531471252,0.006744691636413336
emnist_digits,headwise_adaptive_entmax,7,9,0.0807354748249054,0.97875,0.9787959514847282,0.07080214430994176,0.7862594172041467,3.1443730364454554,1.500848412513733,0.0069400230422616005
emnist_digits,headwise_adaptive_entmax,7,10,0.07510272413492203,0.9804166666666667,0.9805027911626156,0.06801202829847945,0.7705657824556879,3.095406621060473,1.5009198784828186,0.007438539527356625
emnist_digits,headwise_adaptive_entmax,7,11,0.06793572753667831,0.9775,0.9775500530440973,0.07627854187120782,0.7735043434386558,3.091460917858367,1.5008803009986877,0.008200067561119795
emnist_digits,headwise_adaptive_entmax,7,12,0.06552615016698837,0.9785,0.9785564365958436,0.07577281314483349,0.7627778395693353,3.0601264111539153,1.5004869103431702,0.008267281111329794
emnist_digits,headwise_adaptive_entmax,7,13,0.05991331860423088,0.9790833333333333,0.9791532807800133,0.07003462001522805,0.7718274980149371,3.0893571985528823,1.5000994205474854,0.008411006769165397
emnist_digits,headwise_adaptive_entmax,7,14,0.05657976493239403,0.98125,0.9813131621437654,0.0644953654326023,0.7566381521681522,3.0505231872518013,1.4999282360076904,0.009054319467395544
emnist_digits,headwise_adaptive_entmax,7,15,0.05436910316348076,0.981,0.9811001286855013,0.06916888834948236,0.7603849927161602,3.0503592085331044,1.499844253063202,0.009876574156805873
emnist_digits,headwise_adaptive_entmax,7,16,0.051355719566345215,0.98175,0.9818039964160684,0.059676377697193875,0.7511835402630745,3.0264464363138726,1.4995245337486267,0.00999821349978447
emnist_digits,headwise_adaptive_entmax,7,17,0.04546051844954491,0.9811666666666666,0.981252283807543,0.06056587275196897,0.7532537053240106,3.0223226471150175,1.499678611755371,0.010277187917381525
emnist_digits,headwise_adaptive_entmax,7,18,0.04386013001203537,0.9786666666666667,0.9786883081641863,0.0759693971101908,0.7489983655036764,3.0157997202365956,1.4989525079727173,0.010788263287395239
emnist_digits,headwise_adaptive_entmax,7,19,0.04148293286561966,0.9834166666666667,0.9835040900445862,0.06148924195068948,0.7537018713798929,3.0274111159304353,1.4985491037368774,0.010751331457868218
emnist_digits,headwise_adaptive_entmax,7,20,0.040063489228487015,0.97925,0.9793604841587633,0.07152843073089706,0.7465340989701291,3.0120729512356696,1.4982947707176208,0.011231247568503022
emnist_digits,headwise_adaptive_entmax,7,21,0.04150368645787239,0.9843333333333333,0.984372550047914,0.056418937066213246,0.738012008844538,2.9790405136473637,1.4977353811264038,0.011162861483171582
emnist_digits,headwise_adaptive_entmax,7,22,0.03845810145139694,0.9841666666666666,0.9842363139216189,0.05301633022448167,0.7387325510065607,2.9887702236784266,1.4972535967826843,0.011437521548941731
emnist_digits,headwise_adaptive_entmax,7,23,0.03661597892642021,0.98175,0.9818071088432276,0.06594219783994745,0.7340771942696673,2.9651536687891533,1.4963530898094177,0.011119019240140915
emnist_digits,headwise_adaptive_entmax,7,24,0.03458375483751297,0.9861666666666666,0.9862023808029756,0.0489671911370564,0.7398950495618455,2.9748999184750495,1.4950783252716064,0.01119436346925795
emnist_digits,headwise_adaptive_entmax,7,25,0.03045368567109108,0.9836666666666667,0.9837217658064372,0.055080017609957684,0.7208022430856177,2.915712932322888,1.494903564453125,0.011543218279257417
emnist_digits,headwise_adaptive_entmax,7,26,0.03299146518111229,0.9818333333333333,0.9819038870218545,0.06649867829648738,0.7458359573749785,2.9801427937568503,1.4935343861579895,0.011334756389260292
emnist_digits,headwise_adaptive_entmax,7,27,0.029477393254637718,0.98575,0.9857949886089017,0.05522045308842938,0.7354232966899872,2.9660359976139477,1.4928404092788696,0.011489998316392303
emnist_digits,headwise_adaptive_entmax,7,28,0.028514549136161804,0.984,0.9841212884421427,0.06224209193061007,0.733758991068982,2.962863300709014,1.49261873960495,0.012000575195997953
emnist_digits,headwise_adaptive_entmax,7,29,0.031123066321015358,0.9830833333333333,0.9831125651428849,0.060745215182133175,0.7171653813504159,2.913699893241233,1.4915679693222046,0.012129760347306728
emnist_digits,headwise_adaptive_entmax,8,0,1.2305974960327148,0.8736666666666667,0.8731088810511893,0.4087194984263562,0.7961280992690553,3.2832577380728214,1.5032117366790771,0.0036467828322201967
emnist_digits,headwise_adaptive_entmax,8,1,0.3509361743927002,0.9350833333333334,0.9349702475076981,0.2135403628679032,0.8008002023747627,3.2488716942198734,1.5023944973945618,0.0042768900748342276
emnist_digits,headwise_adaptive_entmax,8,2,0.20945300161838531,0.955,0.9550097079302766,0.14859648413480597,0.7913767568608547,3.199519256328015,1.502154290676117,0.005748247145675123
emnist_digits,headwise_adaptive_entmax,8,3,0.1680898666381836,0.9551666666666667,0.9552274011270244,0.14241884109821726,0.7941832073191379,3.183280721623847,1.5015217661857605,0.006957007804885507
emnist_digits,headwise_adaptive_entmax,8,4,0.1398351490497589,0.9645,0.9645036683426443,0.1160769800239421,0.7768633790472721,3.126946839880436,1.5016005039215088,0.008639448788017035
emnist_digits,headwise_adaptive_entmax,8,5,0.11772610247135162,0.9686666666666667,0.9686562592645116,0.10451672709685692,0.7879870305670068,3.1431967248307897,1.5006572008132935,0.009706103010103106
emnist_digits,headwise_adaptive_entmax,8,6,0.1086060106754303,0.9723333333333334,0.972262584764031,0.08724657509555207,0.7809669197873866,3.114412883494763,1.5001947283744812,0.010493813548237085
emnist_digits,headwise_adaptive_entmax,8,7,0.0965007096529007,0.9703333333333334,0.9702612594346226,0.09755413511649091,0.760776605377806,3.0465810552556465,1.5004070401191711,0.010722484206780791
emnist_digits,headwise_adaptive_entmax,8,8,0.08824014663696289,0.9746666666666667,0.9746390962276961,0.0848414420764497,0.7613766358253804,3.043733738838358,1.5002363324165344,0.011127926176413894
emnist_digits,headwise_adaptive_entmax,8,9,0.08134438097476959,0.97625,0.9762676073892154,0.07635595181837995,0.7619339386199383,3.0382973944887204,1.5000635981559753,0.01116350176744163
emnist_digits,headwise_adaptive_entmax,8,10,0.07516905665397644,0.9746666666666667,0.9746025183368822,0.08666692230295628,0.7543982248357002,3.0086059265948357,1.5004573464393616,0.011474198661744595
emnist_digits,headwise_adaptive_entmax,8,11,0.07259470969438553,0.97675,0.9767219699327985,0.07313399448832299,0.7513716937379634,2.988936315191553,1.50041663646698,0.011476883199065924
emnist_digits,headwise_adaptive_entmax,8,12,0.0642046257853508,0.98175,0.981763082084646,0.06006726317424724,0.7362745448629907,2.9444611097903963,1.500489592552185,0.01140097645111382
emnist_digits,headwise_adaptive_entmax,8,13,0.06369437277317047,0.9808333333333333,0.9808265417743008,0.062649828996113,0.7362109765093378,2.9535322519058878,1.500480055809021,0.011408913880586624
emnist_digits,headwise_adaptive_entmax,8,14,0.059369929134845734,0.9823333333333333,0.9823528339754624,0.06337144132703543,0.7275830393141889,2.9170755503025463,1.500676155090332,0.01130306487902999
emnist_digits,headwise_adaptive_entmax,8,15,0.05581692233681679,0.9805833333333334,0.9806241123688324,0.06268901710814619,0.732990396149615,2.9249555861696286,1.5004665851593018,0.011963254306465387
emnist_digits,headwise_adaptive_entmax,8,16,0.05324741452932358,0.9815,0.9814839241785329,0.058860522833593346,0.7243474075134765,2.8994782097796175,1.5002809762954712,0.012909343466162682
emnist_digits,headwise_adaptive_entmax,8,17,0.04627221077680588,0.9835833333333334,0.9835790168084072,0.055840126615255434,0.7113691118169339,2.8604254494322108,1.5005883574485779,0.013027058215811849
emnist_digits,headwise_adaptive_entmax,8,18,0.04789995402097702,0.97875,0.9788470251272336,0.06810968529750058,0.6927457172819909,2.8193438611132033,1.500793993473053,0.012638515559956431
emnist_digits,headwise_adaptive_entmax,8,19,0.04364418983459473,0.98275,0.9827570562644923,0.057231266705438176,0.6972840314215802,2.8358272897436265,1.5006582736968994,0.012345299590379
emnist_digits,headwise_adaptive_entmax,8,20,0.04399871826171875,0.9821666666666666,0.9821753191786137,0.060898394858900536,0.6832477367938833,2.808037166899823,1.5006017088890076,0.013491271063685417
emnist_digits,headwise_adaptive_entmax,8,21,0.04220440983772278,0.98375,0.9837826484829046,0.058613438674427094,0.678900992616694,2.776938808725235,1.500564694404602,0.013807876966893673
emnist_digits,headwise_adaptive_entmax,8,22,0.04021875932812691,0.9830833333333333,0.9830534872701785,0.057192826921001395,0.6830917983613116,2.8018265074871955,1.5002513527870178,0.013547592563554645
emnist_digits,headwise_adaptive_entmax,8,23,0.03755182772874832,0.9844166666666667,0.9844246879662405,0.05572382206136876,0.6926217129889954,2.8330022806816912,1.4997146725654602,0.013375400099903345
emnist_digits,headwise_adaptive_entmax,8,24,0.03771228715777397,0.98575,0.985741982252496,0.049303033349520346,0.6931477639269321,2.8226182917331126,1.4993533492088318,0.013642004691064358
emnist_digits,headwise_adaptive_entmax,8,25,0.03577054664492607,0.9865833333333334,0.9866061306887115,0.05116180566317858,0.6782279566247412,2.8009662577446472,1.4991925954818726,0.013189397286623716
emnist_digits,headwise_adaptive_entmax,8,26,0.03494148328900337,0.98275,0.9827525722402355,0.057192164374158735,0.6794602839236564,2.8083749045716955,1.498525857925415,0.013028676621615887
emnist_digits,headwise_adaptive_entmax,8,27,0.029959704726934433,0.9849166666666667,0.9849262206366258,0.051511205653560925,0.6669383004624793,2.7803206519877657,1.4984452724456787,0.013324275612831116
emnist_digits,headwise_adaptive_entmax,8,28,0.034733861684799194,0.9811666666666666,0.9811227694089562,0.06616378319945107,0.6642859223041129,2.781889910393573,1.4984835386276245,0.01318551367148757
emnist_digits,headwise_adaptive_entmax,8,29,0.02986687794327736,0.986,0.9860262485194131,0.05550402404859345,0.6539336994607398,2.750278127954361,1.497815489768982,0.013738913927227259
emnist_digits,headwise_adaptive_entmax,9,0,1.2015137672424316,0.85125,0.8504369515070673,0.44879215194823896,0.8021696539635353,3.2755681580685554,1.5030169486999512,0.0024279846693389118
emnist_digits,headwise_adaptive_entmax,9,1,0.3463544547557831,0.9250833333333334,0.9247935720879132,0.23649356466658572,0.8073553011772481,3.285331852892612,1.5015324354171753,0.004113044589757919
emnist_digits,headwise_adaptive_entmax,9,2,0.22185876965522766,0.9373333333333334,0.9377352409746358,0.1972301680039852,0.8038093606208233,3.2742772660356887,1.5007912516593933,0.005036279559135437
emnist_digits,headwise_adaptive_entmax,9,3,0.17286863923072815,0.954,0.9538626150767628,0.1453517734053287,0.794073537309119,3.23946517579099,1.5002638697624207,0.0058150573167949915
emnist_digits,headwise_adaptive_entmax,9,4,0.1442527174949646,0.9631666666666666,0.9631735414539992,0.12233598419326416,0.7930736002769876,3.2229076801462377,1.4996553659439087,0.006621409673243761
emnist_digits,headwise_adaptive_entmax,9,5,0.12661118805408478,0.9625833333333333,0.9623781716189935,0.12447177238286809,0.7937372593169517,3.2135287269632866,1.49961519241333,0.007797804893925786
emnist_digits,headwise_adaptive_entmax,9,6,0.11189068853855133,0.97025,0.9702124655823198,0.09809680330626508,0.7931856157931876,3.2162549089878163,1.4993478059768677,0.008639006409794092
emnist_digits,headwise_adaptive_entmax,9,7,0.10145260393619537,0.9741666666666666,0.97416743966838,0.0847954420333213,0.8035663283885793,3.227971558875226,1.4990499019622803,0.009199744323268533
emnist_digits,headwise_adaptive_entmax,9,8,0.09539739042520523,0.9729166666666667,0.9729348340788719,0.08813025065241976,0.8029864963064802,3.226472220522292,1.4990703463554382,0.010231641354039311
emnist_digits,headwise_adaptive_entmax,9,9,0.0814148411154747,0.9715,0.9714233946642423,0.0943342128649671,0.7995233256766137,3.2242491422815527,1.4989640712738037,0.010709985624998808
emnist_digits,headwise_adaptive_entmax,9,10,0.07541453838348389,0.9768333333333333,0.9768273963309859,0.07754015906694088,0.7974586638998478,3.215652027028672,1.498875081539154,0.011143306735903025
emnist_digits,headwise_adaptive_entmax,9,11,0.07192417979240417,0.97725,0.9771787844289619,0.07252830080688,0.7942576712750374,3.2047988176345825,1.4985713958740234,0.011559664504602551
emnist_digits,headwise_adaptive_entmax,9,12,0.06559477746486664,0.96675,0.9667497440248193,0.10952187511832157,0.797455721713127,3.1980268726957606,1.4980668425559998,0.012053031707182527
emnist_digits,headwise_adaptive_entmax,9,13,0.06294846534729004,0.98075,0.9807107574804149,0.06932002975744136,0.787845400419641,3.181449753172854,1.497841238975525,0.0128303118981421
emnist_digits,headwise_adaptive_entmax,9,14,0.05612475797533989,0.9779166666666667,0.9779104313020996,0.07736082620760228,0.7818121218934972,3.1669011597937726,1.4975863099098206,0.013072655070573092
emnist_digits,headwise_adaptive_entmax,9,15,0.05281507968902588,0.9799166666666667,0.9798948622035132,0.06799658498865493,0.7868312533865583,3.1694675912248327,1.497678518295288,0.013717543100938201
emnist_digits,headwise_adaptive_entmax,9,16,0.05055878311395645,0.9811666666666666,0.981125336595246,0.06323881205567654,0.7869305458474667,3.1721192801252323,1.4972460269927979,0.01370892534032464
emnist_digits,headwise_adaptive_entmax,9,17,0.045446861535310745,0.9826666666666667,0.9826773750589524,0.06250431018069069,0.7765205071327534,3.145966803773921,1.4970759749412537,0.01389385829679668
emnist_digits,headwise_adaptive_entmax,9,18,0.045940302312374115,0.981,0.9809645818920917,0.06696890540262486,0.7832776954833497,3.150668253289892,1.4969794154167175,0.013893681345507503
emnist_digits,headwise_adaptive_entmax,9,19,0.04557099565863609,0.98075,0.9807290081232555,0.06607302926242986,0.7738321943485991,3.121250436661091,1.4964632391929626,0.014121481915935874
emnist_digits,headwise_adaptive_entmax,9,20,0.03919964283704758,0.9814166666666667,0.9813913103700974,0.06701629430531188,0.7765801200207244,3.136039452349886,1.4963494539260864,0.014912818092852831
emnist_digits,headwise_adaptive_entmax,9,21,0.04054001718759537,0.9791666666666666,0.979050956030469,0.07265687924116215,0.7692648330901531,3.108394632948206,1.4964133501052856,0.015395917231217027
emnist_digits,headwise_adaptive_entmax,9,22,0.03755210340023041,0.9840833333333333,0.984080425837656,0.060736942659825724,0.7651370123345801,3.095208246657189,1.495678186416626,0.015668034087866545
emnist_digits,headwise_adaptive_entmax,9,23,0.035446230322122574,0.9815,0.9815150037371507,0.06753319977445806,0.7645315756189063,3.093542329808499,1.4953175783157349,0.015636319760233164
emnist_digits,headwise_adaptive_entmax,9,24,0.036670200526714325,0.98025,0.9803235374763244,0.07446752341979361,0.7624210563111813,3.087567674352768,1.494956374168396,0.015745149459689856
emnist_digits,headwise_adaptive_entmax,9,25,0.033051393926143646,0.9813333333333333,0.9813165598628879,0.06403658915548882,0.745103823377731,3.0511702907846328,1.4949904680252075,0.016145825386047363
emnist_digits,headwise_adaptive_entmax,9,26,0.03655901551246643,0.9818333333333333,0.9818448603765537,0.06274342814341505,0.7323201964510248,3.019317796889772,1.494676649570465,0.016027801670134068
emnist_digits,headwise_adaptive_entmax,9,27,0.03007093071937561,0.97825,0.9783477145647901,0.08405610796143399,0.738842359248628,3.0264125149300756,1.4947826862335205,0.016719681676477194
