dataset,method,seed,epoch,train_loss,val_accuracy,val_macro_f1,val_loss,attention_density,attention_entropy,alpha_mean,alpha_std
mnist,softmax,0,0,1.8296643495559692,0.55175,0.538268841195511,1.2171778480211894,1.0,3.7579954713582993,nan,nan
mnist,softmax,0,1,0.8759763836860657,0.8120833333333334,0.8067820190443455,0.5688416808843613,1.0,3.7775611132383347,nan,nan
mnist,softmax,0,2,0.49985989928245544,0.8805833333333334,0.8780942011221388,0.38079704840977985,1.0,3.7673430144786835,nan,nan
mnist,softmax,0,3,0.34422945976257324,0.91275,0.9117439622321617,0.2686218662808339,1.0,3.782510628302892,nan,nan
mnist,softmax,0,4,0.27304649353027344,0.927,0.9265367355249536,0.22503238109250864,1.0,3.773485387365023,nan,nan
mnist,softmax,0,5,0.2160993218421936,0.9374166666666667,0.9370945661219571,0.1960997860878706,1.0,3.7718526820341745,nan,nan
mnist,softmax,0,6,0.1897260695695877,0.9420833333333334,0.9412169189734666,0.18158435355871916,1.0,3.771413187185923,nan,nan
mnist,softmax,0,7,0.1707848608493805,0.9550833333333333,0.9547340486238239,0.14784458403786024,1.0,3.764765585462252,nan,nan
mnist,softmax,0,8,0.15097729861736298,0.9534166666666667,0.9531991008627599,0.15312180699159703,1.0,3.764912356932958,nan,nan
mnist,softmax,0,9,0.14477577805519104,0.9606666666666667,0.960212856165025,0.12839106439302364,1.0,3.760599141319593,nan,nan
mnist,softmax,0,10,0.1285354197025299,0.9634166666666667,0.9631212331361043,0.12008330908914407,1.0,3.750782161951065,nan,nan
mnist,softmax,0,11,0.12162615358829498,0.9595833333333333,0.9592999219885281,0.12710377977540097,1.0,3.752906267841657,nan,nan
mnist,softmax,0,12,0.10992502421140671,0.96625,0.9659462541189147,0.10765257539848487,1.0,3.740382601817449,nan,nan
mnist,softmax,0,13,0.11110253632068634,0.9643333333333334,0.9640368819118716,0.11424600426107645,1.0,3.7372244199117026,nan,nan
mnist,softmax,0,14,0.10213477164506912,0.9649166666666666,0.9644990009335249,0.11748647938172023,1.0,3.7343041400114694,nan,nan
mnist,softmax,0,15,0.09906446933746338,0.971,0.9707925362693739,0.09580489139383037,1.0,3.7225162188212075,nan,nan
mnist,softmax,0,16,0.09063611179590225,0.9684166666666667,0.9680782952156944,0.09944650437682867,1.0,3.718587209781011,nan,nan
mnist,softmax,0,17,0.08671854436397552,0.9708333333333333,0.9705955626987588,0.09691601619124413,1.0,3.7201398064692817,nan,nan
mnist,softmax,0,18,0.08248810470104218,0.9735833333333334,0.9733379474231827,0.08709423383697867,1.0,3.7086245914300284,nan,nan
mnist,softmax,0,19,0.0771709755063057,0.9703333333333334,0.97009288744594,0.09733874785403411,1.0,3.7084980408350625,nan,nan
mnist,softmax,0,20,0.07295255362987518,0.9728333333333333,0.9725951582885749,0.09029217949137092,1.0,3.6938179632027945,nan,nan
mnist,softmax,0,21,0.07162806391716003,0.9745833333333334,0.9743410423302631,0.08917799855892856,1.0,3.6860045194625854,nan,nan
mnist,softmax,0,22,0.06774552911520004,0.9745833333333334,0.9744010937234782,0.08659832862516244,1.0,3.7038144121567407,nan,nan
mnist,softmax,0,23,0.06907528638839722,0.9758333333333333,0.9756113774743115,0.08154588363443811,1.0,3.70681664844354,nan,nan
mnist,softmax,0,24,0.061483364552259445,0.9763333333333334,0.9761176227955197,0.08240577097361286,1.0,3.705488090713819,nan,nan
mnist,softmax,0,25,0.061055269092321396,0.9735833333333334,0.9733408266213605,0.08544256165623665,1.0,3.697297309835752,nan,nan
mnist,softmax,0,26,0.06159654259681702,0.9749166666666667,0.9747213150900318,0.08624867784480254,1.0,3.6805021365483603,nan,nan
mnist,softmax,0,27,0.0610392726957798,0.9761666666666666,0.9759719090819114,0.08170609657342236,1.0,3.679990460475286,nan,nan
mnist,softmax,0,28,0.05446287617087364,0.978,0.9778334270784119,0.07614364645754297,1.0,3.67780764400959,nan,nan
mnist,softmax,0,29,0.05223080888390541,0.9755,0.9753159586146436,0.08668212763344248,1.0,3.6877015233039856,nan,nan
mnist,softmax,1,0,1.7996174097061157,0.582,0.5632636295585315,1.175629402200381,0.9999930287400881,3.521178364753723,nan,nan
mnist,softmax,1,1,0.9368268847465515,0.78425,0.781297152610574,0.6365458865960439,0.9999999900658926,3.6667157063881555,nan,nan
mnist,softmax,1,2,0.5324538350105286,0.8793333333333333,0.8772307687401806,0.37852010130882263,1.0,3.7182640631993613,nan,nan
mnist,softmax,1,3,0.37597841024398804,0.90975,0.9083175360496936,0.2811836202939351,1.0,3.758387009302775,nan,nan
mnist,softmax,1,4,0.2937019467353821,0.9255,0.9241498135849113,0.23601827770471573,1.0,3.7607435286045074,nan,nan
mnist,softmax,1,5,0.23978964984416962,0.9345833333333333,0.9340341524636487,0.21037446334958076,1.0,3.7650143851836524,nan,nan
mnist,softmax,1,6,0.20623794198036194,0.94625,0.9456349477580233,0.1696967724710703,1.0,3.7536368866761527,nan,nan
mnist,softmax,1,7,0.17991045117378235,0.9498333333333333,0.949209227834185,0.16022887267172337,1.0,3.749959950645765,nan,nan
mnist,softmax,1,8,0.16795526444911957,0.94875,0.9483414208233892,0.15745203693707785,1.0,3.724088360865911,nan,nan
mnist,softmax,1,9,0.15453709661960602,0.9535,0.9530788173541425,0.1410476223876079,1.0,3.714165056745211,nan,nan
mnist,softmax,1,10,0.13921956717967987,0.95925,0.9589527925330946,0.13055449103315672,1.0,3.7061822762091956,nan,nan
mnist,softmax,1,11,0.12918373942375183,0.9641666666666666,0.9637540220496172,0.11694967017198603,1.0,3.6985479245583215,nan,nan
mnist,softmax,1,12,0.12837406992912292,0.9605,0.9601617738593511,0.12168022431433201,1.0,3.673900321125984,nan,nan
mnist,softmax,1,13,0.11878666281700134,0.9575833333333333,0.9570369200346102,0.1306911977007985,1.0,3.6718448102474213,nan,nan
mnist,softmax,1,14,0.11014439910650253,0.9691666666666666,0.968871603222462,0.09827210614457726,1.0,3.6664640456438065,nan,nan
mnist,softmax,1,15,0.10170255601406097,0.9685,0.9682037583979282,0.09933208969111244,1.0,3.6715831806262336,nan,nan
mnist,softmax,1,16,0.09785876423120499,0.9705,0.9702508234536882,0.0956819139731427,1.0,3.677782252430916,nan,nan
mnist,softmax,1,17,0.09700560569763184,0.9715,0.9712980706339339,0.09005715899790327,1.0,3.662886639436086,nan,nan
mnist,softmax,1,18,0.08923608064651489,0.97375,0.9734682962497555,0.08508327727516492,0.9999999950329462,3.66861983637015,nan,nan
mnist,softmax,1,19,0.08740482479333878,0.97325,0.9730029928892335,0.08599885987738769,0.9999999900658926,3.64363065858682,nan,nan
mnist,softmax,1,20,0.08372023701667786,0.96975,0.9694544352314889,0.098462272901088,0.9999999379118284,3.6411355386177697,nan,nan
mnist,softmax,1,21,0.0772099494934082,0.9743333333333334,0.9740733972135924,0.08337990365301569,0.9999999478459358,3.6560499568780265,nan,nan
mnist,softmax,1,22,0.076860211789608,0.9741666666666666,0.9739888723072347,0.08649597720553477,0.9999999242524306,3.6390759299198785,nan,nan
mnist,softmax,1,23,0.07310011982917786,0.9758333333333333,0.9756716255362761,0.08123234612867236,0.9999997839331627,3.6416412740945816,nan,nan
mnist,softmax,1,24,0.0704907476902008,0.9776666666666667,0.9775082250856393,0.07624500718278189,0.9999998162190119,3.6455135395129523,nan,nan
mnist,softmax,1,25,0.06612975150346756,0.9764166666666667,0.9762459085913253,0.07846478885039687,0.9999998845160007,3.6391601463158927,nan,nan
mnist,softmax,1,26,0.06530513614416122,0.9745833333333334,0.9744069073620452,0.08470554230734706,0.9999998273948828,3.651011442144712,nan,nan
mnist,softmax,1,27,0.06358873844146729,0.9780833333333333,0.9779166027737853,0.07380647514946759,0.9999995989104112,3.6486361920833588,nan,nan
mnist,softmax,1,28,0.058478400111198425,0.9766666666666667,0.9764640450064477,0.07856242405250669,0.9999998360872269,3.620117743810018,nan,nan
mnist,softmax,1,29,0.0586947426199913,0.9738333333333333,0.9735890797939482,0.08700996295859416,0.9999997081855933,3.634015073378881,nan,nan
mnist,softmax,2,0,1.7961872816085815,0.6281666666666667,0.6151243541145246,1.0654245962699254,0.9999777028958002,3.604957257707914,nan,nan
mnist,softmax,2,1,0.7221211194992065,0.85675,0.8525458626479564,0.45957891270518303,1.0,3.7831582178672156,nan,nan
mnist,softmax,2,2,0.4198083281517029,0.8988333333333334,0.8974728633605057,0.318735243131717,1.0,3.7707310567299523,nan,nan
mnist,softmax,2,3,0.31048476696014404,0.9240833333333334,0.923430247056315,0.23469415927926698,1.0,3.7526574780543647,nan,nan
mnist,softmax,2,4,0.2494395226240158,0.9355833333333333,0.9348643206556966,0.20350429539879164,1.0,3.775120794773102,nan,nan
mnist,softmax,2,5,0.2112700194120407,0.943,0.9424436593686671,0.1785704285527269,1.0,3.7674789230028787,nan,nan
mnist,softmax,2,6,0.1844034343957901,0.94675,0.9462102396618516,0.1689936431745688,1.0,3.7613680760065713,nan,nan
mnist,softmax,2,7,0.16878962516784668,0.9536666666666667,0.9532264357690623,0.1483395059282581,1.0,3.7331946591536203,nan,nan
mnist,softmax,2,8,0.15326784551143646,0.9580833333333333,0.9575955751186059,0.13212173773596683,1.0,3.75379312535127,nan,nan
mnist,softmax,2,9,0.1392623335123062,0.9630833333333333,0.9627911154227148,0.11483314385016759,1.0,3.759196271498998,nan,nan
mnist,softmax,2,10,0.12861178815364838,0.9611666666666666,0.9608514890154627,0.12022327693800132,1.0,3.7496132403612137,nan,nan
mnist,softmax,2,11,0.11608675122261047,0.9590833333333333,0.9584263333587497,0.12413240255167086,1.0,3.74168494840463,nan,nan
mnist,softmax,2,12,0.11260529607534409,0.9664166666666667,0.9660961568146128,0.10801777057349682,1.0,3.7463687558968863,nan,nan
mnist,softmax,2,13,0.10412601381540298,0.9671666666666666,0.9668087615142408,0.10207174671813846,1.0,3.748131642738978,nan,nan
mnist,softmax,2,14,0.09733951836824417,0.9725,0.9721769577099305,0.08945716544985771,1.0,3.7467180341482162,nan,nan
mnist,softmax,2,15,0.09305242449045181,0.9720833333333333,0.9717889109414779,0.08948768597717087,1.0,3.749431053797404,nan,nan
mnist,softmax,2,16,0.08576051145792007,0.9695,0.9692771420713836,0.09493009249369304,1.0,3.7465174794197083,nan,nan
mnist,softmax,2,17,0.08241723477840424,0.9723333333333334,0.9719813237545214,0.08826327168693145,1.0,3.7361232886711755,nan,nan
mnist,softmax,2,18,0.08331526815891266,0.9734166666666667,0.9731579710363386,0.08581076251963775,1.0,3.724973892172178,nan,nan
mnist,softmax,2,19,0.07679162174463272,0.975,0.9746906249566191,0.0814782315865159,1.0,3.7440378963947296,nan,nan
mnist,softmax,2,20,0.0731087327003479,0.9763333333333334,0.9759897914964138,0.07680759361634652,1.0,3.7392132381598153,nan,nan
mnist,softmax,2,21,0.06918434798717499,0.9734166666666667,0.9731160715855317,0.08393720351159573,1.0,3.738643745581309,nan,nan
mnist,softmax,2,22,0.06617756932973862,0.9743333333333334,0.9739939344287537,0.08176337803403537,1.0,3.7364953011274338,nan,nan
mnist,softmax,2,23,0.06306097656488419,0.975,0.9747186024788472,0.07587732141837478,1.0,3.7252689550320306,nan,nan
mnist,softmax,2,24,0.06298235058784485,0.9775,0.9771819432497946,0.07387238803009193,1.0,3.723737210035324,nan,nan
mnist,softmax,2,25,0.055924683809280396,0.97325,0.9729956061679964,0.08871960655475657,1.0,3.7095349431037903,nan,nan
mnist,softmax,2,26,0.0555589497089386,0.9783333333333334,0.9780622153628163,0.07570525864139199,1.0,3.700236514210701,nan,nan
mnist,softmax,2,27,0.056731387972831726,0.9773333333333334,0.9770841310710129,0.07362005471562345,1.0,3.7137197454770408,nan,nan
mnist,softmax,2,28,0.050534505397081375,0.9795,0.9792294925344038,0.07069512805901468,1.0,3.716707761089007,nan,nan
mnist,softmax,2,29,0.04930489882826805,0.9781666666666666,0.9778681478605261,0.0723687862046063,1.0,3.7196315626303353,nan,nan
mnist,softmax,3,0,1.802459955215454,0.6025,0.5851400537189658,1.106350839138031,0.9999998658895493,3.67850469549497,nan,nan
mnist,softmax,3,1,0.7608960270881653,0.8229166666666666,0.8164874604247571,0.5507680413623651,1.0,3.794312064846357,nan,nan
mnist,softmax,3,2,0.46546289324760437,0.88825,0.8872545325384088,0.35036376863718033,1.0,3.785052781303724,nan,nan
mnist,softmax,3,3,0.3483704924583435,0.9098333333333334,0.9087918169172051,0.2878985193868478,1.0,3.779762238264084,nan,nan
mnist,softmax,3,4,0.2848014235496521,0.92775,0.9273401498808799,0.23256290331482887,1.0,3.7651104480028152,nan,nan
mnist,softmax,3,5,0.24090486764907837,0.9413333333333334,0.9410838391612314,0.1937407497316599,1.0,3.756376455227534,nan,nan
mnist,softmax,3,6,0.20409171283245087,0.9445833333333333,0.9444245490224533,0.17746752997239432,1.0,3.749165882666906,nan,nan
mnist,softmax,3,7,0.18567097187042236,0.9543333333333334,0.9540810870400195,0.15380514164765677,1.0,3.7485169023275375,nan,nan
mnist,softmax,3,8,0.1700907051563263,0.9545,0.9541960855272406,0.14738290073970953,1.0,3.7459881653388343,nan,nan
mnist,softmax,3,9,0.15667906403541565,0.9571666666666667,0.9569156275060411,0.13810097177823386,1.0,3.735078195730845,nan,nan
mnist,softmax,3,10,0.14533640444278717,0.9618333333333333,0.961520168403605,0.1299305148422718,1.0,3.7184444268544516,nan,nan
mnist,softmax,3,11,0.13727757334709167,0.95925,0.9590158274092169,0.13097700073073307,1.0,3.706320285797119,nan,nan
mnist,softmax,3,12,0.12279114127159119,0.9608333333333333,0.9604818479999683,0.12763535883277655,1.0,3.7213062942028046,nan,nan
mnist,softmax,3,13,0.12099141627550125,0.9668333333333333,0.9666590499690317,0.10769721415514748,1.0,3.705437575777372,nan,nan
mnist,softmax,3,14,0.10830800980329514,0.9685,0.96830364884048,0.10529960195223491,1.0,3.7075357337792716,nan,nan
mnist,softmax,3,15,0.10972917824983597,0.9675833333333334,0.9673584711114994,0.11230075142035882,1.0,3.7005530347426734,nan,nan
mnist,softmax,3,16,0.10461917519569397,0.9670833333333333,0.9668657942119727,0.10714601290722688,0.9999998919665813,3.698921953638395,nan,nan
mnist,softmax,3,17,0.0974389910697937,0.9694166666666667,0.9692468437557435,0.10131156258285046,0.9999995616575083,3.6977264285087585,nan,nan
mnist,softmax,3,18,0.09196033328771591,0.97,0.9698672749256321,0.09758058205867808,0.9999993704259396,3.70092511177063,nan,nan
mnist,softmax,3,19,0.08523714542388916,0.97175,0.9715895197415494,0.09182672233631213,0.9999992847442627,3.688950235644976,nan,nan
mnist,softmax,3,20,0.08117073029279709,0.9713333333333334,0.9711082953600831,0.10434953806300958,0.9999977859357992,3.6905881563822427,nan,nan
mnist,softmax,3,21,0.08178425580263138,0.97175,0.9716274180344107,0.0970836216583848,0.9999982963005701,3.691438168287277,nan,nan
mnist,softmax,3,22,0.08112673461437225,0.9750833333333333,0.9749772870022495,0.0818534108499686,0.9999979088703791,3.6758823096752167,nan,nan
mnist,softmax,3,23,0.07408130168914795,0.9738333333333333,0.9737018679044944,0.0888534365221858,0.9999981311460336,3.6759614745775857,nan,nan
mnist,softmax,3,24,0.07367702573537827,0.97375,0.9736445405715676,0.08765506666774552,0.9999989991386732,3.6615430414676666,nan,nan
mnist,softmax,3,25,0.07067932933568954,0.9725833333333334,0.9724735273185441,0.0886634203294913,0.9999980417390665,3.6719902207454047,nan,nan
mnist,softmax,3,26,0.06486449390649796,0.97275,0.9726325126815765,0.0927355382591486,0.9999995740751425,3.661035771171252,nan,nan
mnist,softmax,3,27,0.06302719563245773,0.9761666666666666,0.9760760484620651,0.07829737508048613,0.9999999416371187,3.652775689959526,nan,nan
mnist,softmax,3,28,0.06404717266559601,0.9713333333333334,0.9710819237297562,0.09555159633358319,0.999999555448691,3.6449180195728936,nan,nan
mnist,softmax,3,29,0.06190956383943558,0.975,0.974992132176902,0.08330016559921205,0.9999990488092104,3.644039789835612,nan,nan
mnist,softmax,4,0,1.9178438186645508,0.53525,0.49677418578163846,1.3259441554546356,0.9999997019767761,3.737765073776245,nan,nan
mnist,softmax,4,1,0.9490737318992615,0.8,0.7952393853387315,0.6032937119404475,1.0,3.7886131703853607,nan,nan
mnist,softmax,4,2,0.5527674555778503,0.8665833333333334,0.8646679826929111,0.4139135107398033,1.0,3.797278573115667,nan,nan
mnist,softmax,4,3,0.4015490710735321,0.9050833333333334,0.9041730750006177,0.3058256693184376,1.0,3.7874469657739005,nan,nan
mnist,softmax,4,4,0.3103385865688324,0.92575,0.9249291162326676,0.238510358457764,1.0,3.7940270702044168,nan,nan
mnist,softmax,4,5,0.2594629228115082,0.9368333333333333,0.9363484601255878,0.2050810263802608,1.0,3.7874149531126022,nan,nan
mnist,softmax,4,6,0.2237192839384079,0.946,0.9455763612433012,0.17551770185430846,1.0,3.784863844513893,nan,nan
mnist,softmax,4,7,0.19533641636371613,0.94775,0.9474821881788378,0.1635293820872903,1.0,3.7762016355991364,nan,nan
mnist,softmax,4,8,0.16880089044570923,0.9548333333333333,0.9544122948203266,0.14466649169723192,1.0,3.786769116918246,nan,nan
mnist,softmax,4,9,0.15460224449634552,0.9564166666666667,0.9560319421309629,0.147039749349157,1.0,3.78755055864652,nan,nan
mnist,softmax,4,10,0.14428971707820892,0.9616666666666667,0.9613545195846683,0.12370949828376372,1.0,3.7804011901219687,nan,nan
mnist,softmax,4,11,0.13081493973731995,0.962,0.9618577051505326,0.12361197856565316,1.0,3.771340395013491,nan,nan
mnist,softmax,4,12,0.12551231682300568,0.9654166666666667,0.9651865801022785,0.11790037093063195,1.0,3.7672871400912604,nan,nan
mnist,softmax,4,13,0.11782016605138779,0.9644166666666667,0.964258727023269,0.11486077681183815,1.0,3.7602559427420297,nan,nan
mnist,softmax,4,14,0.11442773789167404,0.9681666666666666,0.9679891415422871,0.10590869296963017,1.0,3.7634337743123374,nan,nan
mnist,softmax,4,15,0.10218910872936249,0.9679166666666666,0.9677836711533752,0.1051402014369766,1.0,3.75994506975015,nan,nan
mnist,softmax,4,16,0.10155224800109863,0.9694166666666667,0.9691880926636202,0.10277518226454656,1.0,3.7570266872644424,nan,nan
mnist,softmax,4,17,0.09436934441328049,0.9693333333333334,0.9691498567243542,0.10324156284332275,1.0,3.7547174245119095,nan,nan
mnist,softmax,4,18,0.0900738388299942,0.9720833333333333,0.9719212098840009,0.093385919307669,1.0,3.7568628191947937,nan,nan
mnist,softmax,4,19,0.08823513984680176,0.9723333333333334,0.9721413882542669,0.09571934910491109,1.0,3.745196352402369,nan,nan
mnist,softmax,4,20,0.08284270018339157,0.9715,0.9712267357351946,0.09145172561208408,1.0,3.7412319829066596,nan,nan
mnist,softmax,4,21,0.08071352541446686,0.97525,0.97516363765351,0.08377532381564379,1.0,3.740817278623581,nan,nan
mnist,softmax,4,22,0.07719458639621735,0.9745,0.9742988310429427,0.08534854681541522,1.0,3.7332335064808526,nan,nan
mnist,softmax,4,23,0.07228788733482361,0.9755,0.9752302401346862,0.08684193591276805,1.0,3.7291873494784036,nan,nan
mnist,softmax,4,24,0.07047092169523239,0.9761666666666666,0.9760148041382258,0.0843997875538965,1.0,3.7290868808825812,nan,nan
mnist,softmax,4,25,0.06493859738111496,0.97575,0.9756738562484573,0.08307408448308706,1.0,3.726653516292572,nan,nan
mnist,softmax,4,26,0.06548565626144409,0.9766666666666667,0.9764037198094581,0.07795879431068897,1.0,3.717781186103821,nan,nan
mnist,softmax,4,27,0.06351109594106674,0.9766666666666667,0.9764200630528498,0.08171722153201699,1.0,3.7035799076159797,nan,nan
mnist,softmax,4,28,0.05693725496530533,0.9763333333333334,0.9761055093179763,0.08087299391627312,1.0,3.7123554150263467,nan,nan
mnist,softmax,4,29,0.05985887348651886,0.97875,0.9785774998519431,0.07338958241355915,1.0,3.690068537990252,nan,nan
mnist,softmax,5,0,1.7836785316467285,0.6098333333333333,0.5841597214211893,1.1270170956850052,1.0,3.592259873946508,nan,nan
mnist,softmax,5,1,0.8285947442054749,0.8426666666666667,0.8396398083173666,0.48285416637857753,1.0,3.6014880438645682,nan,nan
mnist,softmax,5,2,0.4676961898803711,0.8926666666666667,0.8909382806641378,0.34224801510572433,1.0,3.6500750184059143,nan,nan
mnist,softmax,5,3,0.3575094938278198,0.9086666666666666,0.9076897221975477,0.2812730607887109,1.0,3.6399371872345605,nan,nan
mnist,softmax,5,4,0.29266834259033203,0.92325,0.9223557404685728,0.23935908017059168,1.0,3.6607572833697,nan,nan
mnist,softmax,5,5,0.24821890890598297,0.9341666666666667,0.9332576307055367,0.20563160752256712,1.0,3.66286971171697,nan,nan
mnist,softmax,5,6,0.21568429470062256,0.93925,0.9381708052788795,0.18920342437922955,1.0,3.687454506754875,nan,nan
mnist,softmax,5,7,0.1981062889099121,0.9448333333333333,0.943978034983455,0.16619057580828667,1.0,3.6795208752155304,nan,nan
mnist,softmax,5,8,0.17565493285655975,0.94975,0.9491532149152416,0.1553635261952877,1.0,3.6683990408976874,nan,nan
mnist,softmax,5,9,0.16962189972400665,0.95225,0.9516125917754599,0.14170396296928325,1.0,3.6582008649905524,nan,nan
mnist,softmax,5,10,0.14549268782138824,0.9595833333333333,0.9590479074090934,0.12184823211282492,1.0,3.6798712462186813,nan,nan
mnist,softmax,5,11,0.13557957112789154,0.9604166666666667,0.9598379863775586,0.12729776464402676,1.0,3.6724159022172294,nan,nan
mnist,softmax,5,12,0.1277070939540863,0.9664166666666667,0.9659747729404724,0.10619514078522722,1.0,3.6862369577089944,nan,nan
mnist,softmax,5,13,0.11929678916931152,0.9644166666666667,0.9640036461531245,0.1108759733227392,1.0,3.649595856666565,nan,nan
mnist,softmax,5,14,0.11018277704715729,0.96675,0.9663169883865544,0.1028896365314722,1.0,3.65269527832667,nan,nan
mnist,softmax,5,15,0.10483058542013168,0.9711666666666666,0.9707662101711272,0.09526246832683682,1.0,3.6503090212742486,nan,nan
mnist,softmax,5,16,0.09997247904539108,0.9684166666666667,0.968099827115986,0.09586608549579978,1.0,3.6431083430846534,nan,nan
mnist,softmax,5,17,0.09455712884664536,0.962,0.9614465138704705,0.11270420936246713,1.0,3.655495285987854,nan,nan
mnist,softmax,5,18,0.09548106789588928,0.9735,0.9732104105889293,0.08287206757813692,1.0,3.6371019780635834,nan,nan
mnist,softmax,5,19,0.08289781957864761,0.97225,0.9718814922180782,0.08462692967926462,1.0,3.6386456290880838,nan,nan
mnist,softmax,5,20,0.08254341781139374,0.9741666666666666,0.9738630492520443,0.07996957267945011,1.0,3.645939831932386,nan,nan
mnist,softmax,5,21,0.07889005541801453,0.97425,0.9739898453893575,0.0776255337210993,1.0,3.6417043060064316,nan,nan
mnist,softmax,5,22,0.0766177847981453,0.973,0.9727422777341215,0.08730647542203467,1.0,3.623947853843371,nan,nan
mnist,softmax,5,23,0.07407442480325699,0.9761666666666666,0.9758710592465727,0.0765807213416944,1.0,3.634428213040034,nan,nan
mnist,softmax,5,24,0.07384273409843445,0.97425,0.9739801222598358,0.08073751023039222,0.9999999764064947,3.609671418865522,nan,nan
mnist,softmax,5,25,0.06685306131839752,0.977,0.9767193039378809,0.07511391211301088,1.0,3.617427105704943,nan,nan
mnist,softmax,5,26,0.06648478657007217,0.97575,0.9755240428950268,0.0729416993757089,0.9999999950329462,3.6050399939219155,nan,nan
mnist,softmax,5,27,0.062320854514837265,0.9755,0.9752331779596914,0.07194863834107916,0.9999999950329462,3.629968057076136,nan,nan
mnist,softmax,5,28,0.05677667260169983,0.9791666666666666,0.9789301244372701,0.06682683814627428,0.9999999950329462,3.6003378182649612,nan,nan
mnist,softmax,5,29,0.0550069697201252,0.98,0.9797601113706502,0.06618027086369693,0.9999999764064947,3.6082479854424796,nan,nan
mnist,softmax,6,0,1.865012526512146,0.5958333333333333,0.5675996320281506,1.166659747560819,0.9999249838292599,3.46911113957564,nan,nan
mnist,softmax,6,1,0.824153482913971,0.8376666666666667,0.8371885310163834,0.5210322986046473,0.9999954973657926,3.560666193564733,nan,nan
mnist,softmax,6,2,0.4289349317550659,0.8978333333333334,0.8968479895003199,0.33093395580848056,0.9999997069438299,3.62524842719237,nan,nan
mnist,softmax,6,3,0.3017180860042572,0.9168333333333333,0.9160016655544995,0.27107138621310395,1.0,3.6587577213843665,nan,nan
mnist,softmax,6,4,0.2470633089542389,0.9251666666666667,0.9237615645787628,0.23226374201476574,1.0,3.6800408313671746,nan,nan
mnist,softmax,6,5,0.21016480028629303,0.94325,0.9428259123513649,0.17958503402769566,1.0,3.672229473789533,nan,nan
mnist,softmax,6,6,0.18404226005077362,0.94575,0.9454696806114878,0.1697803996503353,1.0,3.688636600971222,nan,nan
mnist,softmax,6,7,0.16485024988651276,0.946,0.9456982944858577,0.16604863045116267,1.0,3.6853229999542236,nan,nan
mnist,softmax,6,8,0.14911134541034698,0.95375,0.9532280291844921,0.14177502505481243,1.0,3.6893696933984756,nan,nan
mnist,softmax,6,9,0.13674330711364746,0.9570833333333333,0.9568165831551747,0.13068240943054357,1.0,3.708680013815562,nan,nan
mnist,softmax,6,10,0.12820877134799957,0.9618333333333333,0.961484761163096,0.12391883165886004,0.9999999863406023,3.689646060268084,nan,nan
mnist,softmax,6,11,0.11724035441875458,0.9613333333333334,0.9610363846828232,0.12467074518402417,0.9999999379118284,3.715923378864924,nan,nan
mnist,softmax,6,12,0.11560632288455963,0.961,0.9605627742160758,0.12491014165182908,0.9999999416371187,3.7145609656969705,nan,nan
mnist,softmax,6,13,0.1062830239534378,0.9651666666666666,0.9649136765449067,0.1102282740175724,0.9999999552965164,3.712678387761116,nan,nan
mnist,softmax,6,14,0.09798810631036758,0.9711666666666666,0.970942471561649,0.09526370652019978,0.9999999329447746,3.7344183971484504,nan,nan
mnist,softmax,6,15,0.09017947316169739,0.9695,0.9692614807680962,0.09697038509572546,0.9999999379118284,3.7362554371356964,nan,nan
mnist,softmax,6,16,0.09164244681596756,0.9701666666666666,0.9699643981521756,0.09477705555036664,0.9999998584389687,3.724959189693133,nan,nan
mnist,softmax,6,17,0.08335396647453308,0.9713333333333334,0.9711168441521071,0.08915199463566144,0.9999998634060224,3.744502847393354,nan,nan
mnist,softmax,6,18,0.08232603222131729,0.9698333333333333,0.9696648228949032,0.09316501502568524,0.9999998286366463,3.7339996993541718,nan,nan
mnist,softmax,6,19,0.08170654624700546,0.9699166666666666,0.9695875428963188,0.09705556742846966,0.9999995070199171,3.7287391324838004,nan,nan
mnist,softmax,6,20,0.07715417444705963,0.97325,0.9729719922315004,0.08972045887882511,0.9999997181197008,3.7446441700061164,nan,nan
mnist,softmax,6,21,0.070619598031044,0.9729166666666667,0.9726192254725321,0.09032723757748802,0.9999995877345403,3.7467751652002335,nan,nan
mnist,softmax,6,22,0.06713885068893433,0.9758333333333333,0.9756890473496787,0.07945771887898445,0.9999998124937216,3.726956526438395,nan,nan
mnist,softmax,6,23,0.06715524941682816,0.9768333333333333,0.9766573316925513,0.07519981016715367,0.9999996038774649,3.738497873147329,nan,nan
mnist,softmax,6,24,0.06334187090396881,0.9735833333333334,0.9733378619604653,0.08973857418944438,0.9999997181197008,3.7401546935240426,nan,nan
mnist,softmax,6,25,0.06039544194936752,0.9738333333333333,0.9737040537201193,0.08096402852485578,0.9999995790421963,3.7235732674598694,nan,nan
mnist,softmax,6,26,0.05854231119155884,0.9759166666666667,0.9757461346295919,0.0760041499355187,0.9999995405475298,3.7285121331612268,nan,nan
mnist,softmax,6,27,0.05726691335439682,0.9775,0.9773042608620501,0.07836948847398162,0.9999991854031881,3.7247028201818466,nan,nan
mnist,softmax,6,28,0.051931120455265045,0.9778333333333333,0.9776511765296748,0.07127541893472274,0.9999990897874037,3.725302050511042,nan,nan
mnist,softmax,6,29,0.05346740409731865,0.9780833333333333,0.9779840360483778,0.07132718603437145,0.9999990028639635,3.721437230706215,nan,nan
mnist,softmax,7,0,1.8536564111709595,0.6254166666666666,0.6161870936217584,1.110030174255371,0.9999537852903208,3.5450310657421746,nan,nan
mnist,softmax,7,1,0.7527000308036804,0.85925,0.8587643919933698,0.4497053536276023,1.0,3.749132757385572,nan,nan
mnist,softmax,7,2,0.4001416862010956,0.9048333333333334,0.9038793021725512,0.3054967274268468,1.0,3.7860163003206253,nan,nan
mnist,softmax,7,3,0.29789939522743225,0.9123333333333333,0.9122607598874103,0.28379863997300464,1.0,3.784598524371783,nan,nan
mnist,softmax,7,4,0.2387153059244156,0.93725,0.9367239644139419,0.1958761215209961,1.0,3.8033419797817865,nan,nan
mnist,softmax,7,5,0.20798520743846893,0.9434166666666667,0.9428394124848827,0.1802623812109232,1.0,3.7931964049736657,nan,nan
mnist,softmax,7,6,0.18493469059467316,0.952,0.951740048883327,0.1580949624379476,1.0,3.786294917265574,nan,nan
mnist,softmax,7,7,0.15889249742031097,0.9526666666666667,0.9521850320838959,0.1496644178405404,1.0,3.788263405362765,nan,nan
mnist,softmax,7,8,0.14641053974628448,0.95825,0.9580479022044264,0.1336330029492577,1.0,3.786109874645869,nan,nan
mnist,softmax,7,9,0.1365009844303131,0.9525833333333333,0.9522332982263799,0.151432316750288,1.0,3.7886699189742408,nan,nan
mnist,softmax,7,10,0.12493173778057098,0.9600833333333333,0.9599911451435753,0.13384071178734303,1.0,3.7797684172789254,nan,nan
mnist,softmax,7,11,0.11770901083946228,0.9635,0.9632861360625121,0.11962332623079419,1.0,3.7735358476638794,nan,nan
mnist,softmax,7,12,0.11055063456296921,0.962,0.9617635215555443,0.12040885165333748,1.0,3.7760281562805176,nan,nan
mnist,softmax,7,13,0.10412711650133133,0.96475,0.9645633672499707,0.10692442953586578,1.0,3.778663064042727,nan,nan
mnist,softmax,7,14,0.09911978989839554,0.96825,0.9679918026899765,0.10277882140750687,1.0,3.775251656770706,nan,nan
mnist,softmax,7,15,0.09009485691785812,0.96825,0.968086010096871,0.10436800308525562,1.0,3.7733254631360373,nan,nan
mnist,softmax,7,16,0.08849862962961197,0.9714166666666667,0.971276396812587,0.09833100034544866,1.0,3.7770957897106805,nan,nan
mnist,softmax,7,17,0.08293090760707855,0.96775,0.9675153990049056,0.10381768768032391,1.0,3.7806058824062347,nan,nan
mnist,softmax,7,18,0.08267281204462051,0.96975,0.9695126624952562,0.09780458034947515,1.0,3.7811425576607385,nan,nan
mnist,softmax,7,19,0.07954154908657074,0.9690833333333333,0.968756125852676,0.10546370750914018,1.0,3.770168905456861,nan,nan
mnist,softmax,7,20,0.07692708820104599,0.9733333333333334,0.9731990134959533,0.09019252161184947,1.0,3.7712988207737603,nan,nan
mnist,softmax,7,21,0.07609961926937103,0.9725,0.9724402763728077,0.09072435833513737,1.0,3.7668992628653846,nan,nan
mnist,softmax,7,22,0.06737292557954788,0.9745,0.9743702410163765,0.08540838087598483,1.0,3.7757059832413993,nan,nan
mnist,softmax,7,23,0.0641145333647728,0.9745833333333334,0.9744780796605772,0.08660173943887155,1.0,3.7674993574619293,nan,nan
mnist,softmax,7,24,0.06312207132577896,0.9691666666666666,0.969040382881664,0.09797030609721939,1.0,3.7643119990825653,nan,nan
mnist,softmax,7,25,0.06292343139648438,0.9773333333333334,0.9772166993145881,0.08047662504638235,1.0,3.7654374092817307,nan,nan
mnist,softmax,7,26,0.05714798718690872,0.973,0.9728514781023045,0.09164307235429685,1.0,3.755012388030688,nan,nan
mnist,softmax,7,27,0.058000434190034866,0.9751666666666666,0.9750510009270312,0.0810554102063179,1.0,3.7621785551309586,nan,nan
mnist,softmax,7,28,0.05523073673248291,0.9766666666666667,0.9765074341745056,0.08052063298722108,1.0,3.7483011881510415,nan,nan
mnist,softmax,7,29,0.053948380053043365,0.9751666666666666,0.9751356208501212,0.08385727942610781,1.0,3.7493804643551507,nan,nan
mnist,softmax,8,0,1.838083028793335,0.5753333333333334,0.5572778016287956,1.182561198870341,0.9999941326677799,3.7787403712670007,nan,nan
mnist,softmax,8,1,0.8932201266288757,0.8005,0.7931455644525948,0.6063667957981428,1.0,3.78260471423467,nan,nan
mnist,softmax,8,2,0.513932466506958,0.8815,0.8799044293834667,0.36977607508500415,1.0,3.820781002442042,nan,nan
mnist,softmax,8,3,0.37054264545440674,0.90525,0.9040935508616688,0.3057621791958809,1.0,3.8235640128453574,nan,nan
mnist,softmax,8,4,0.2884574234485626,0.9300833333333334,0.9296496636480731,0.22970328045388064,1.0,3.8143238375584283,nan,nan
mnist,softmax,8,5,0.2501124441623688,0.9355,0.9351771654692582,0.2105830373863379,1.0,3.8150556832551956,nan,nan
mnist,softmax,8,6,0.2181505411863327,0.9363333333333334,0.9359914970885577,0.20783614305158457,1.0,3.8046975483496985,nan,nan
mnist,softmax,8,7,0.19786876440048218,0.9469166666666666,0.9466101852790455,0.1697537756214539,1.0,3.8067266742388406,nan,nan
mnist,softmax,8,8,0.18022340536117554,0.9471666666666667,0.9468444082266929,0.17330389159421125,1.0,3.8037500778834024,nan,nan
mnist,softmax,8,9,0.16343295574188232,0.9573333333333334,0.9570426299615032,0.13824912440031767,1.0,3.7925741324822106,nan,nan
mnist,softmax,8,10,0.1507435441017151,0.94675,0.9465083115829769,0.16054038206736246,1.0,3.7943417876958847,nan,nan
mnist,softmax,8,11,0.1414819210767746,0.9605,0.960138491725979,0.126514776609838,1.0,3.7900719245274863,nan,nan
mnist,softmax,8,12,0.1341639906167984,0.9635833333333333,0.9632569695598049,0.1144390907138586,1.0,3.7798814127842584,nan,nan
mnist,softmax,8,13,0.1250215321779251,0.9635,0.9631176899655148,0.11894857821365197,1.0,3.777088721593221,nan,nan
mnist,softmax,8,14,0.11657042056322098,0.9644166666666667,0.963938331230487,0.11150508870681126,1.0,3.7781520386536918,nan,nan
mnist,softmax,8,15,0.11495590209960938,0.96825,0.9680077674788146,0.09993584267795086,1.0,3.767846787969271,nan,nan
mnist,softmax,8,16,0.1084115132689476,0.97125,0.9710174026494063,0.09525998650739591,1.0,3.764954393108686,nan,nan
mnist,softmax,8,17,0.09760128706693649,0.9708333333333333,0.9706099859789376,0.09494814152518909,1.0,3.761475771665573,nan,nan
mnist,softmax,8,18,0.09690092504024506,0.9736666666666667,0.9734830410942676,0.08271816077952583,1.0,3.7620630959669747,nan,nan
mnist,softmax,8,19,0.0860719233751297,0.9719166666666667,0.9717721894081534,0.08759006143858035,1.0,3.7605576564868293,nan,nan
mnist,softmax,8,20,0.08845796436071396,0.9729166666666667,0.972769740518675,0.08087414006392162,1.0,3.751211186250051,nan,nan
mnist,softmax,8,21,0.08306385576725006,0.974,0.9737752182338572,0.0880483587582906,1.0,3.7436111023028693,nan,nan
mnist,softmax,8,22,0.08263156563043594,0.97475,0.9745231829548509,0.0881412176725765,1.0,3.751318742831548,nan,nan
mnist,softmax,8,23,0.07656771689653397,0.9741666666666666,0.973897859134649,0.0873885949452718,1.0,3.7444649090369544,nan,nan
mnist,softmax,8,24,0.077207051217556,0.9749166666666667,0.9747368356097306,0.07697190421943863,1.0,3.7403759558995566,nan,nan
mnist,softmax,8,25,0.07562233507633209,0.9756666666666667,0.975521329750378,0.077477576987197,1.0,3.7324691812197366,nan,nan
mnist,softmax,8,26,0.06670607626438141,0.9765833333333334,0.9763862393121023,0.07372770924121141,1.0,3.7307613541682563,nan,nan
mnist,softmax,8,27,0.06499597430229187,0.97175,0.9713987230744644,0.08845682721585035,1.0,3.7245374768972397,nan,nan
mnist,softmax,8,28,0.061378657817840576,0.9740833333333333,0.9738819694923697,0.08161308849230409,1.0,3.722467909256617,nan,nan
mnist,softmax,8,29,0.06467825919389725,0.9746666666666667,0.9744443816535469,0.08141933428123593,1.0,3.715718055764834,nan,nan
mnist,softmax,9,0,1.7216600179672241,0.644,0.6222916634658301,0.9950769022107124,1.0,3.7215938568115234,nan,nan
mnist,softmax,9,1,0.8141860961914062,0.7910833333333334,0.7866729451828187,0.6204175452391306,1.0,3.767321144541105,nan,nan
mnist,softmax,9,2,0.5497021675109863,0.8565,0.8560026487942782,0.4366975451509158,1.0,3.750880425175031,nan,nan
mnist,softmax,9,3,0.41793251037597656,0.8840833333333333,0.8837575654181116,0.36327530195315677,1.0,3.7498686065276465,nan,nan
mnist,softmax,9,4,0.33434948325157166,0.9143333333333333,0.9143387437725197,0.2742839039613803,1.0,3.776267116268476,nan,nan
mnist,softmax,9,5,0.2831098437309265,0.924,0.9235822354179943,0.24659846785167852,1.0,3.764524136980375,nan,nan
mnist,softmax,9,6,0.2343345731496811,0.9375833333333333,0.9376123930335616,0.20320920832455158,1.0,3.7581487397352853,nan,nan
mnist,softmax,9,7,0.2069714516401291,0.9399166666666666,0.9399763796847355,0.19437386964758238,1.0,3.7570141901572547,nan,nan
mnist,softmax,9,8,0.19063487648963928,0.95125,0.951046947626428,0.1596993509059151,1.0,3.751044755180677,nan,nan
mnist,softmax,9,9,0.16521306335926056,0.9575,0.9574498687682722,0.14117110085984072,1.0,3.759830584128698,nan,nan
mnist,softmax,9,10,0.15381091833114624,0.9573333333333334,0.957218001219345,0.14125640659282604,1.0,3.758149027824402,nan,nan
mnist,softmax,9,11,0.14336557686328888,0.9604166666666667,0.9603602412711666,0.13715061048666635,1.0,3.7529075692097345,nan,nan
mnist,softmax,9,12,0.13280712068080902,0.9629166666666666,0.962816393561012,0.1264127337684234,1.0,3.7527899940808616,nan,nan
mnist,softmax,9,13,0.12969836592674255,0.9601666666666666,0.9602312851367791,0.13156725000590086,1.0,3.7524365137020745,nan,nan
mnist,softmax,9,14,0.1174718514084816,0.9608333333333333,0.9609745188635024,0.1313751225049297,1.0,3.7519370516141257,nan,nan
mnist,softmax,9,15,0.1160503476858139,0.9605,0.9603364972744333,0.12420463127394517,1.0,3.741645410656929,nan,nan
mnist,softmax,9,16,0.11082939803600311,0.9640833333333333,0.9641497793757499,0.12179133513321479,1.0,3.7429546316464744,nan,nan
mnist,softmax,9,17,0.10462354123592377,0.9681666666666666,0.9681347240024554,0.10604242359598477,1.0,3.736274873216947,nan,nan
mnist,softmax,9,18,0.09802201390266418,0.97075,0.9706816550332664,0.09514950215816498,1.0,3.7437766641378403,nan,nan
mnist,softmax,9,19,0.09597088396549225,0.9673333333333334,0.967327591497036,0.10855921016385157,1.0,3.7367553313573203,nan,nan
mnist,softmax,9,20,0.09059137850999832,0.97025,0.9701014831705986,0.10405313316732645,1.0,3.7362250636021295,nan,nan
mnist,softmax,9,21,0.0891171470284462,0.968,0.9679914853908214,0.10692152970780928,1.0,3.7316508094469705,nan,nan
mnist,softmax,9,22,0.08807685226202011,0.97025,0.9702303332914326,0.10195875881860654,1.0,3.7414056609074273,nan,nan
mnist,softmax,9,23,0.08032258599996567,0.9711666666666666,0.9711183003116369,0.09457770191753904,1.0,3.7340826988220215,nan,nan
mnist,softmax,9,24,0.0756988376379013,0.97375,0.9737414069759469,0.08507587589944403,1.0,3.736978232860565,nan,nan
mnist,softmax,9,25,0.07149630039930344,0.9766666666666667,0.9766151097256099,0.08273575454950333,1.0,3.7283129692077637,nan,nan
mnist,softmax,9,26,0.07001177966594696,0.9731666666666666,0.9731705402510606,0.09293228170524041,1.0,3.719406267007192,nan,nan
mnist,softmax,9,27,0.06925999373197556,0.976,0.9760512782341673,0.0848245108500123,1.0,3.723665098349253,nan,nan
mnist,softmax,9,28,0.06665747612714767,0.97875,0.9787436534129791,0.07841134599099557,1.0,3.720034137368202,nan,nan
mnist,softmax,9,29,0.06273367255926132,0.9768333333333333,0.9768020701072592,0.08279423353572686,1.0,3.7230839182933173,nan,nan
mnist,topk_softmax_0125,0,0,1.509735107421875,0.7509166666666667,0.7431019814302784,0.7807188332080841,0.14000000059604645,1.9319844891627629,nan,nan
mnist,topk_softmax_0125,0,1,0.5480600595474243,0.8955833333333333,0.8943009943628525,0.3302600185076396,0.14000000059604645,1.9266369094451268,nan,nan
mnist,topk_softmax_0125,0,2,0.29073286056518555,0.9273333333333333,0.9265039521957199,0.23353213692704836,0.14000000059604645,1.9244027758638065,nan,nan
mnist,topk_softmax_0125,0,3,0.21787886321544647,0.9389166666666666,0.9383624034597717,0.19241350268324217,0.14000000059604645,1.9191479509075482,nan,nan
mnist,topk_softmax_0125,0,4,0.17668727040290833,0.9476666666666667,0.947402215110694,0.16401621016363302,0.14000000059604645,1.917502649128437,nan,nan
mnist,topk_softmax_0125,0,5,0.15459652245044708,0.9573333333333334,0.9569540601661248,0.13480103792001805,0.14000000059604645,1.911123052239418,nan,nan
mnist,topk_softmax_0125,0,6,0.1318938434123993,0.963,0.9627613847114411,0.12133576658864816,0.14000000059604645,1.9078182131052017,nan,nan
mnist,topk_softmax_0125,0,7,0.11668535321950912,0.9603333333333334,0.9602197159247595,0.1266663217296203,0.14000000059604645,1.902572902540366,nan,nan
mnist,topk_softmax_0125,0,8,0.10758465528488159,0.9630833333333333,0.9628595738208027,0.11811505785832803,0.14000000059604645,1.9005116646488507,nan,nan
mnist,topk_softmax_0125,0,9,0.09814257174730301,0.9656666666666667,0.9654987838750483,0.1065982182820638,0.14000000059604645,1.8988031297922134,nan,nan
mnist,topk_softmax_0125,0,10,0.0921616405248642,0.9704166666666667,0.9702321647651948,0.09953968971967697,0.14000000059604645,1.8954596867163975,nan,nan
mnist,topk_softmax_0125,0,11,0.07957255095243454,0.9688333333333333,0.9685297881660171,0.10821069808055957,0.14000000059604645,1.8920415416359901,nan,nan
mnist,topk_softmax_0125,0,12,0.07762029021978378,0.9723333333333334,0.9721621044923083,0.08754872359956305,0.14000000059604645,1.889945926765601,nan,nan
mnist,topk_softmax_0125,0,13,0.07134764641523361,0.97125,0.9710990935186867,0.0929470135209461,0.14000000059604645,1.8880359803636868,nan,nan
mnist,topk_softmax_0125,0,14,0.06523419171571732,0.9756666666666667,0.9754772538886073,0.08775742491707206,0.14000000059604645,1.8866110493739445,nan,nan
mnist,topk_softmax_0125,0,15,0.06399842351675034,0.9736666666666667,0.9735092979406511,0.08689878523970644,0.14000000059604645,1.8834728573759396,nan,nan
mnist,topk_softmax_0125,0,16,0.061123136430978775,0.9754166666666667,0.975192618664444,0.08362455378907423,0.14000000059604645,1.8820022518436115,nan,nan
mnist,topk_softmax_0125,0,17,0.054441485553979874,0.9738333333333333,0.9736631941602306,0.09086179003740351,0.14000000059604645,1.8790468300382297,nan,nan
mnist,topk_softmax_0125,0,18,0.05045105889439583,0.97575,0.9755252915488015,0.08362068018565576,0.14000000059604645,1.8748912538091342,nan,nan
mnist,topk_softmax_0125,0,19,0.050894588232040405,0.97425,0.9739927647896431,0.09420517226681113,0.14000000059604645,1.8766906410455704,nan,nan
mnist,topk_softmax_0125,0,20,0.04807228967547417,0.9770833333333333,0.9768611068822224,0.08315674060334761,0.14000000059604645,1.8739487181107204,nan,nan
mnist,topk_softmax_0125,0,21,0.045630574226379395,0.9766666666666667,0.9764527905433086,0.08043979620561004,0.14000000059604645,1.8754614641269047,nan,nan
mnist,topk_softmax_0125,0,22,0.0434139110147953,0.97525,0.9751113101032587,0.0889890353816251,0.14000000059604645,1.8736514374613762,nan,nan
mnist,topk_softmax_0125,0,23,0.04098590090870857,0.9776666666666667,0.9774475975125053,0.0773016856983304,0.14000000059604645,1.8680824289719264,nan,nan
mnist,topk_softmax_0125,0,24,0.03835044801235199,0.97875,0.9785208526605498,0.07771894219331443,0.14000000059604645,1.8669042016069095,nan,nan
mnist,topk_softmax_0125,0,25,0.0380152128636837,0.97625,0.9761088940853766,0.08646257501095533,0.14000000059604645,1.8633914490540822,nan,nan
mnist,topk_softmax_0125,0,26,0.03494564816355705,0.97925,0.9790442044274963,0.07289328115681808,0.14000000059604645,1.8606703951954842,nan,nan
mnist,topk_softmax_0125,0,27,0.03143874928355217,0.9803333333333333,0.9801972590589958,0.07141318218782544,0.14000000059604645,1.8640894691149394,nan,nan
mnist,topk_softmax_0125,0,28,0.03607461601495743,0.97725,0.9770501852252378,0.08498837426304817,0.14000000059604645,1.8647669578591983,nan,nan
mnist,topk_softmax_0125,0,29,0.031032031401991844,0.9788333333333333,0.9786776782225909,0.07711508691621323,0.14000000059604645,1.8622531493504841,nan,nan
mnist,topk_softmax_0125,1,0,1.5478477478027344,0.7005833333333333,0.6848789808723934,0.8683855260411898,0.14000000059604645,1.9226498280962308,nan,nan
mnist,topk_softmax_0125,1,1,0.5873314738273621,0.8805833333333334,0.8780886777632035,0.38176457583904266,0.14000000059604645,1.9126753881573677,nan,nan
mnist,topk_softmax_0125,1,2,0.3356674313545227,0.9183333333333333,0.9177449543614532,0.25979461645086604,0.14000000059604645,1.9067224462827046,nan,nan
mnist,topk_softmax_0125,1,3,0.25225263833999634,0.9399166666666666,0.939403951493086,0.19448988946775594,0.14000000059604645,1.9023921191692352,nan,nan
mnist,topk_softmax_0125,1,4,0.20425143837928772,0.9463333333333334,0.9456415689018038,0.17193382947395244,0.14000000059604645,1.8992666651805241,nan,nan
mnist,topk_softmax_0125,1,5,0.17962905764579773,0.9431666666666667,0.9425933718416403,0.17479001358151436,0.14000000059604645,1.8956669171651204,nan,nan
mnist,topk_softmax_0125,1,6,0.15640079975128174,0.9556666666666667,0.9551170052733695,0.14236604950080314,0.14000000059604645,1.894816055893898,nan,nan
mnist,topk_softmax_0125,1,7,0.1422804892063141,0.9559166666666666,0.9554186113848144,0.14107364260902008,0.14000000059604645,1.8930149873097737,nan,nan
mnist,topk_softmax_0125,1,8,0.13383857905864716,0.9624166666666667,0.9619457754342762,0.12109064683318138,0.14000000059604645,1.8946701114376385,nan,nan
mnist,topk_softmax_0125,1,9,0.11383585631847382,0.962,0.9616533009610955,0.12068806340297063,0.14000000059604645,1.8888140618801117,nan,nan
mnist,topk_softmax_0125,1,10,0.10729619115591049,0.9650833333333333,0.9646013767514715,0.11215521798779567,0.14000000059604645,1.8897642617424328,nan,nan
mnist,topk_softmax_0125,1,11,0.0982283502817154,0.9695833333333334,0.9691941691468564,0.10123454158504804,0.14000000059604645,1.8856818675994873,nan,nan
mnist,topk_softmax_0125,1,12,0.09166087210178375,0.96875,0.9683595025949316,0.10225519087786476,0.14000000059604645,1.8866011574864388,nan,nan
mnist,topk_softmax_0125,1,13,0.0892127975821495,0.9700833333333333,0.9698888182655401,0.09394670153657596,0.14000000059604645,1.8798784265915554,nan,nan
mnist,topk_softmax_0125,1,14,0.08296982198953629,0.9655,0.9652141375839982,0.11108826069782178,0.14000000059604645,1.8853260576725006,nan,nan
mnist,topk_softmax_0125,1,15,0.07732412964105606,0.9713333333333334,0.9710484745646584,0.09548600607862075,0.14000000059604645,1.8785454382499058,nan,nan
mnist,topk_softmax_0125,1,16,0.07367576658725739,0.9733333333333334,0.9730561821081913,0.08579726796597242,0.14000000059604645,1.8760178908705711,nan,nan
mnist,topk_softmax_0125,1,17,0.0694124698638916,0.972,0.9716454530864038,0.09178741136565804,0.14000000059604645,1.875703677535057,nan,nan
mnist,topk_softmax_0125,1,18,0.06493876874446869,0.9734166666666667,0.9730962965286203,0.08628294135754307,0.14000000059604645,1.8755514497558277,nan,nan
mnist,topk_softmax_0125,1,19,0.06309396773576736,0.9734166666666667,0.9731639048823422,0.08735132791722815,0.14000000059604645,1.8670563325285912,nan,nan
mnist,topk_softmax_0125,1,20,0.05697179213166237,0.9755833333333334,0.975293723742549,0.0811420773776869,0.14000000059604645,1.868624396622181,nan,nan
mnist,topk_softmax_0125,1,21,0.05149942263960838,0.978,0.9777531015609007,0.07607352236906688,0.14000000059604645,1.8710560649633408,nan,nan
mnist,topk_softmax_0125,1,22,0.04904193431138992,0.9774166666666667,0.9772024422133979,0.07805354008451104,0.14000000059604645,1.8663363357384999,nan,nan
mnist,topk_softmax_0125,1,23,0.04760165885090828,0.9769166666666667,0.9767132645608744,0.08213017787784338,0.14000000059604645,1.865027663608392,nan,nan
mnist,topk_softmax_0125,1,24,0.04931117594242096,0.9759166666666667,0.9757076150588115,0.08686235686764121,0.14000000059604645,1.860254317522049,nan,nan
mnist,topk_softmax_0125,1,25,0.043661653995513916,0.9774166666666667,0.9772024555338795,0.07705499247337382,0.14000000059604645,1.8678301473458607,nan,nan
mnist,topk_softmax_0125,1,26,0.04306652396917343,0.9770833333333333,0.9768876549045336,0.08046250231564045,0.14000000059604645,1.8660976489384968,nan,nan
mnist,topk_softmax_0125,2,0,1.4244624376296997,0.74475,0.7321087805101077,0.758692296842734,0.14000000059604645,1.9281463921070099,nan,nan
mnist,topk_softmax_0125,2,1,0.5290390253067017,0.8881666666666667,0.8861462928371611,0.3553362476329009,0.14000000059604645,1.9157924503087997,nan,nan
mnist,topk_softmax_0125,2,2,0.3134177327156067,0.9175833333333333,0.9168436245573289,0.26218156702816486,0.14000000059604645,1.9117442891001701,nan,nan
mnist,topk_softmax_0125,2,3,0.2322956770658493,0.936,0.9353630219389405,0.20602650257448354,0.14000000059604645,1.9081302359700203,nan,nan
mnist,topk_softmax_0125,2,4,0.1942102462053299,0.94675,0.9463114767712772,0.1690523565436403,0.14000000059604645,1.8997660453120868,nan,nan
mnist,topk_softmax_0125,2,5,0.16525375843048096,0.9556666666666667,0.955356809972985,0.14830638623485962,0.14000000059604645,1.9012141898274422,nan,nan
mnist,topk_softmax_0125,2,6,0.13783253729343414,0.9583333333333334,0.957904649619181,0.13391286165763935,0.14000000059604645,1.8987396210432053,nan,nan
mnist,topk_softmax_0125,2,7,0.12595456838607788,0.9610833333333333,0.960809341307091,0.12727425899356604,0.14000000059604645,1.898193600277106,nan,nan
mnist,topk_softmax_0125,2,8,0.11209352314472198,0.9658333333333333,0.9655155582625234,0.11120995894695322,0.14000000059604645,1.8965036968390148,nan,nan
mnist,topk_softmax_0125,2,9,0.10294850170612335,0.9645833333333333,0.9643424624614214,0.11990011172990005,0.14000000059604645,1.8917532314856846,nan,nan
mnist,topk_softmax_0125,2,10,0.09461162984371185,0.96725,0.9669997547425279,0.10751027334481478,0.14000000059604645,1.8906910692652066,nan,nan
mnist,topk_softmax_0125,2,11,0.08471624553203583,0.9725,0.9722242945516892,0.09070900299896796,0.14000000059604645,1.8873732164502144,nan,nan
mnist,topk_softmax_0125,2,12,0.07986537367105484,0.97125,0.9710194879748044,0.09133218228816986,0.14000000059604645,1.8828743075331051,nan,nan
mnist,topk_softmax_0125,2,13,0.07674595713615417,0.9723333333333334,0.9720419736639687,0.09031022588411967,0.14000000059604645,1.8772061318159103,nan,nan
mnist,topk_softmax_0125,2,14,0.07091623544692993,0.9701666666666666,0.9698379093094734,0.0989644795966645,0.14000000059604645,1.8772416512171428,nan,nan
mnist,topk_softmax_0125,2,15,0.06288640946149826,0.97375,0.9734353403144137,0.08713295171037316,0.14000000059604645,1.8738593806823094,nan,nan
mnist,topk_softmax_0125,2,16,0.057522088289260864,0.9738333333333333,0.9735883866029693,0.08264637816076477,0.14000000059604645,1.8671746651331584,nan,nan
mnist,topk_softmax_0125,2,17,0.05772127956151962,0.9735833333333334,0.9733493614946639,0.08947497365685801,0.14000000059604645,1.8672627334793408,nan,nan
mnist,topk_softmax_0125,2,18,0.05309401452541351,0.9745833333333334,0.9743775638410268,0.08397149682665865,0.14000000059604645,1.8671713521083195,nan,nan
mnist,topk_softmax_0125,2,19,0.05101332068443298,0.9780833333333333,0.9778216321005633,0.07494244786600272,0.14000000059604645,1.8707709734638531,nan,nan
mnist,topk_softmax_0125,2,20,0.045841194689273834,0.9724166666666667,0.9721105052042349,0.09484324123089512,0.14000000059604645,1.8677623520294826,nan,nan
mnist,topk_softmax_0125,2,21,0.04667079448699951,0.9761666666666666,0.9758913682646961,0.07807006120371322,0.14000000059604645,1.8634679516156514,nan,nan
mnist,topk_softmax_0125,2,22,0.04340570792555809,0.9758333333333333,0.9756245229206237,0.08297437367339928,0.14000000059604645,1.8617876519759495,nan,nan
mnist,topk_softmax_0125,2,23,0.04315221309661865,0.9765,0.9762762330195229,0.07901170764428873,0.14000000059604645,1.864388073484103,nan,nan
mnist,topk_softmax_0125,2,24,0.038867030292749405,0.9746666666666667,0.9743300369949907,0.0894580134190619,0.14000000059604645,1.8638785282770793,nan,nan
mnist,topk_softmax_0125,3,0,1.418805480003357,0.77525,0.7717122764045243,0.6738278567790985,0.14000000059604645,1.889776088297367,nan,nan
mnist,topk_softmax_0125,3,1,0.5002628564834595,0.8905,0.8902451919685548,0.346721609433492,0.14000000059604645,1.9047262693444889,nan,nan
mnist,topk_softmax_0125,3,2,0.2951093018054962,0.92475,0.9240578506089324,0.23856142349541187,0.14000000059604645,1.9038384482264519,nan,nan
mnist,topk_softmax_0125,3,3,0.2338491976261139,0.9369166666666666,0.9362760811374159,0.2091240802158912,0.14000000059604645,1.9050834427277248,nan,nan
mnist,topk_softmax_0125,3,4,0.19484096765518188,0.949,0.9485686495513168,0.17381835480531058,0.14000000059604645,1.8978842745224636,nan,nan
mnist,topk_softmax_0125,3,5,0.16821472346782684,0.9550833333333333,0.9548206065675302,0.15391682119419178,0.14000000059604645,1.8953376561403275,nan,nan
mnist,topk_softmax_0125,3,6,0.15428924560546875,0.9503333333333334,0.9501082059872878,0.1649234356979529,0.14000000059604645,1.8904209956526756,nan,nan
mnist,topk_softmax_0125,3,7,0.1316026896238327,0.9593333333333334,0.9590977764767317,0.1309624556452036,0.14000000059604645,1.8889546593030293,nan,nan
mnist,topk_softmax_0125,3,8,0.11776314675807953,0.9655,0.9653435210469213,0.1135930319627126,0.14000000059604645,1.894650548696518,nan,nan
mnist,topk_softmax_0125,3,9,0.10672430694103241,0.96625,0.9660641040684965,0.11150845761100452,0.14000000059604645,1.8902220179637272,nan,nan
mnist,topk_softmax_0125,3,10,0.1007978543639183,0.9661666666666666,0.9660233373110856,0.10832408101608355,0.14000000059604645,1.8862811401486397,nan,nan
mnist,topk_softmax_0125,3,11,0.09313638508319855,0.96725,0.9670004118526444,0.11369244381785393,0.14000000059604645,1.8830056637525558,nan,nan
mnist,topk_softmax_0125,3,12,0.0872676894068718,0.9715,0.9713311966699948,0.09390751567358772,0.14000000059604645,1.87793122480313,nan,nan
mnist,topk_softmax_0125,3,13,0.0767531469464302,0.9711666666666666,0.9710400589780279,0.0965580294529597,0.14000000059604645,1.878239817917347,nan,nan
mnist,topk_softmax_0125,3,14,0.07173413038253784,0.9713333333333334,0.9711762732556359,0.09731752549608548,0.14000000059604645,1.8747889945904415,nan,nan
mnist,topk_softmax_0125,3,15,0.06590835005044937,0.97375,0.9735676232894054,0.0916230056124429,0.14000000059604645,1.877473125855128,nan,nan
mnist,topk_softmax_0125,3,16,0.059761177748441696,0.9718333333333333,0.9717271645983605,0.09620823540414374,0.14000000059604645,1.8709411794940631,nan,nan
mnist,topk_softmax_0125,3,17,0.05813317000865936,0.9750833333333333,0.9749455446111777,0.08811175512770812,0.14000000059604645,1.8676889911293983,nan,nan
mnist,topk_softmax_0125,3,18,0.05558527633547783,0.97375,0.9735407658564685,0.09086716392387946,0.14000000059604645,1.8696456303199132,nan,nan
mnist,topk_softmax_0125,3,19,0.05467711389064789,0.9758333333333333,0.975701900996419,0.08086981220791738,0.14000000059604645,1.8655535504221916,nan,nan
mnist,topk_softmax_0125,3,20,0.05048387497663498,0.9754166666666667,0.9752285259483792,0.08436188101768494,0.14000000059604645,1.868529920776685,nan,nan
mnist,topk_softmax_0125,3,21,0.04672243073582649,0.97725,0.9771103663395667,0.0792913503634433,0.14000000059604645,1.8709723303715389,nan,nan
mnist,topk_softmax_0125,3,22,0.04516622796654701,0.9750833333333333,0.9749241886611267,0.0809598380389313,0.14000000059604645,1.8645247668027878,nan,nan
mnist,topk_softmax_0125,3,23,0.04628455266356468,0.9775,0.9773143550142047,0.07696641298631827,0.14000000059604645,1.86705831438303,nan,nan
mnist,topk_softmax_0125,3,24,0.03981241211295128,0.97825,0.9781104278249033,0.07843917421996593,0.14000000059604645,1.8639330764611561,nan,nan
mnist,topk_softmax_0125,3,25,0.039714694023132324,0.976,0.9758570619636961,0.08303754962980747,0.14000000059604645,1.86095047245423,nan,nan
mnist,topk_softmax_0125,3,26,0.03816196322441101,0.9775,0.977429018190397,0.08501599946369727,0.14000000059604645,1.8632688124974568,nan,nan
mnist,topk_softmax_0125,3,27,0.039423711597919464,0.9760833333333333,0.9758964361375269,0.08832627721130848,0.14000000059604645,1.8587800065676372,nan,nan
mnist,topk_softmax_0125,3,28,0.03539419546723366,0.9779166666666667,0.9777840829709016,0.07955117151141167,0.14000000059604645,1.8592674732208252,nan,nan
mnist,topk_softmax_0125,3,29,0.03134160488843918,0.9760833333333333,0.97593100451693,0.0885472350443403,0.14000000059604645,1.8563269649942715,nan,nan
mnist,topk_softmax_0125,4,0,1.6354098320007324,0.7560833333333333,0.7465428803250076,0.7544291963179907,0.14000000059604645,1.9371043344338734,nan,nan
mnist,topk_softmax_0125,4,1,0.5316241383552551,0.8815,0.8789043313077908,0.3675336105128129,0.14000000059604645,1.9307551210125287,nan,nan
mnist,topk_softmax_0125,4,2,0.3302127718925476,0.9260833333333334,0.9253890274293388,0.24091560021042824,0.14000000059604645,1.9192717348535855,nan,nan
mnist,topk_softmax_0125,4,3,0.2547992765903473,0.939,0.9381478542679191,0.19465463422238827,0.14000000059604645,1.89942363401254,nan,nan
mnist,topk_softmax_0125,4,4,0.20568236708641052,0.9499166666666666,0.949397741422586,0.15995672841866812,0.14000000059604645,1.8845695058504741,nan,nan
mnist,topk_softmax_0125,4,5,0.17330989241600037,0.9553333333333334,0.9551678896160197,0.1452071899548173,0.14000000059604645,1.8736680274208386,nan,nan
mnist,topk_softmax_0125,4,6,0.15239718556404114,0.9606666666666667,0.9603583290955926,0.12696693589289984,0.14000000059604645,1.868029070397218,nan,nan
mnist,topk_softmax_0125,4,7,0.13669747114181519,0.9575833333333333,0.9575128630079398,0.1303081310664614,0.14000000059604645,1.8627981667717297,nan,nan
mnist,topk_softmax_0125,4,8,0.12131107598543167,0.9650833333333333,0.964782408180692,0.11363757743189733,0.14000000059604645,1.8621426944931347,nan,nan
mnist,topk_softmax_0125,4,9,0.11460905522108078,0.96725,0.9670016025381504,0.10863108808795612,0.14000000059604645,1.8597709834575653,nan,nan
mnist,topk_softmax_0125,4,10,0.10384310781955719,0.9673333333333334,0.9671138328009518,0.10678662747765581,0.14000000059604645,1.857540786266327,nan,nan
mnist,topk_softmax_0125,4,11,0.10028304904699326,0.969,0.9687899067183006,0.10505480878055096,0.14000000059604645,1.8546256298820178,nan,nan
mnist,topk_softmax_0125,4,12,0.08911813050508499,0.9698333333333333,0.9696939766509102,0.10078290818880002,0.14000000059604645,1.8540622467796009,nan,nan
mnist,topk_softmax_0125,4,13,0.08464644849300385,0.9683333333333334,0.9682126394022706,0.10348013912638028,0.14000000059604645,1.850058411558469,nan,nan
mnist,topk_softmax_0125,4,14,0.08236075192689896,0.9713333333333334,0.9711519219202831,0.09601230795184772,0.14000000059604645,1.847178523739179,nan,nan
mnist,topk_softmax_0125,4,15,0.07445182651281357,0.9730833333333333,0.9729598579555914,0.09169906517490745,0.14000000059604645,1.8435627097884815,nan,nan
mnist,topk_softmax_0125,4,16,0.06792466342449188,0.9754166666666667,0.9753242010498008,0.08600231865420938,0.14000000059604645,1.8398144592841466,nan,nan
mnist,topk_softmax_0125,4,17,0.0647100955247879,0.9743333333333334,0.9741614707435902,0.08748068660497665,0.14000000059604645,1.8383692751328151,nan,nan
mnist,topk_softmax_0125,4,18,0.06378056108951569,0.9743333333333334,0.9741055563692231,0.0832780705144008,0.14000000059604645,1.8311514879266422,nan,nan
mnist,topk_softmax_0125,4,19,0.058321427553892136,0.9724166666666667,0.9721832877415425,0.09344428963959217,0.14000000059604645,1.8324263369043667,nan,nan
mnist,topk_softmax_0125,4,20,0.05809434875845909,0.9739166666666667,0.9737265639762989,0.09027791411305468,0.14000000059604645,1.8265529498457909,nan,nan
mnist,topk_softmax_0125,4,21,0.053729310631752014,0.9755,0.9753015866089563,0.08672975531468789,0.14000000059604645,1.8245217725634575,nan,nan
mnist,topk_softmax_0125,4,22,0.05202755704522133,0.9756666666666667,0.9754145524557307,0.08687656403829654,0.14000000059604645,1.8244044457872708,nan,nan
mnist,topk_softmax_0125,4,23,0.0485803447663784,0.9775,0.977346835027625,0.07980082339296739,0.14000000059604645,1.8260901893178623,nan,nan
mnist,topk_softmax_0125,4,24,0.04980412870645523,0.9755833333333334,0.97549893992787,0.08906630845740438,0.14000000059604645,1.8189123645424843,nan,nan
mnist,topk_softmax_0125,4,25,0.04617999866604805,0.9753333333333334,0.9751164400011689,0.0855736502756675,0.14000000059604645,1.8148567254344623,nan,nan
mnist,topk_softmax_0125,4,26,0.043539807200431824,0.9746666666666667,0.9744893409359614,0.09116919245570898,0.14000000059604645,1.812683825691541,nan,nan
mnist,topk_softmax_0125,4,27,0.04059232398867607,0.977,0.9767922961964258,0.08265167335048318,0.14000000059604645,1.814377876619498,nan,nan
mnist,topk_softmax_0125,4,28,0.03585171699523926,0.9765,0.9762179105847556,0.08998223518331845,0.14000000059604645,1.8120778525869052,nan,nan
mnist,topk_softmax_0125,5,0,1.438360333442688,0.7741666666666667,0.7682895816379789,0.6937309950590134,0.14000000059604645,1.920960766573747,nan,nan
mnist,topk_softmax_0125,5,1,0.477344810962677,0.9030833333333333,0.9018072170239269,0.30686384066939354,0.14000000059604645,1.9076347723603249,nan,nan
mnist,topk_softmax_0125,5,2,0.28593534231185913,0.9365,0.9356018925863401,0.2056279657408595,0.14000000059604645,1.8972228144605954,nan,nan
mnist,topk_softmax_0125,5,3,0.21921125054359436,0.9443333333333334,0.9437236283630522,0.17747295026977858,0.14000000059604645,1.8890956044197083,nan,nan
mnist,topk_softmax_0125,5,4,0.19152840971946716,0.9495833333333333,0.949127502347433,0.16429577907547355,0.14000000059604645,1.891084502140681,nan,nan
mnist,topk_softmax_0125,5,5,0.16534152626991272,0.952,0.9515163030936897,0.15303779440000653,0.14000000059604645,1.8847425853212674,nan,nan
mnist,topk_softmax_0125,5,6,0.15028420090675354,0.9600833333333333,0.9594987449488166,0.13010125452031693,0.14000000059604645,1.8800909544030826,nan,nan
mnist,topk_softmax_0125,5,7,0.1303136944770813,0.9621666666666666,0.9617265809055995,0.12536589987576008,0.14000000059604645,1.881549631555875,nan,nan
mnist,topk_softmax_0125,5,8,0.12281575798988342,0.9611666666666666,0.9606543361940755,0.12297728347281615,0.14000000059604645,1.8798974404732387,nan,nan
mnist,topk_softmax_0125,5,9,0.11374479532241821,0.9629166666666666,0.9623515496473521,0.12355350330471992,0.14000000059604645,1.8785675043861072,nan,nan
mnist,topk_softmax_0125,5,10,0.10244587063789368,0.965,0.9644766446825448,0.11304803130527337,0.14000000059604645,1.879293369750182,nan,nan
mnist,topk_softmax_0125,5,11,0.096742182970047,0.9680833333333333,0.9676739020306092,0.10450599994510412,0.14000000059604645,1.8768528699874878,nan,nan
mnist,topk_softmax_0125,5,12,0.08819549530744553,0.9686666666666667,0.968247687183027,0.10017375415191054,0.14000000059604645,1.8724847237269084,nan,nan
mnist,topk_softmax_0125,5,13,0.08306895196437836,0.972,0.9716254972485594,0.09270707696365814,0.14000000059604645,1.8715099692344666,nan,nan
mnist,topk_softmax_0125,5,14,0.0762578696012497,0.9708333333333333,0.9705115304109354,0.09867417470862468,0.14000000059604645,1.8730543678005536,nan,nan
mnist,topk_softmax_0125,5,15,0.07162287086248398,0.9730833333333333,0.9726675375101745,0.09253281665345033,0.14000000059604645,1.8682708541552226,nan,nan
mnist,topk_softmax_0125,5,16,0.06868673115968704,0.9725833333333334,0.9721945585791059,0.08806848479434848,0.14000000059604645,1.8668024316430092,nan,nan
mnist,topk_softmax_0125,5,17,0.06581305712461472,0.9725,0.9721822996155186,0.09177305867585044,0.14000000059604645,1.862676588197549,nan,nan
mnist,topk_softmax_0125,5,18,0.062252867966890335,0.9744166666666667,0.9740582122715704,0.09151192381978035,0.14000000059604645,1.860696020225684,nan,nan
mnist,topk_softmax_0125,5,19,0.060684606432914734,0.9734166666666667,0.9730829682381061,0.08859904808923602,0.14000000059604645,1.855567862590154,nan,nan
mnist,topk_softmax_0125,5,20,0.05648672580718994,0.9765833333333334,0.9762800076974795,0.08484540546002488,0.14000000059604645,1.857615662117799,nan,nan
mnist,topk_softmax_0125,5,21,0.049093097448349,0.974,0.973667708332617,0.09066483362888296,0.14000000059604645,1.8553119252125423,nan,nan
mnist,topk_softmax_0125,5,22,0.046720169484615326,0.9771666666666666,0.9768188777607729,0.07771800722305973,0.14000000059604645,1.8536890223622322,nan,nan
mnist,topk_softmax_0125,5,23,0.043757472187280655,0.97525,0.9750203927848597,0.08387630875222385,0.14000000059604645,1.8504102875789006,nan,nan
mnist,topk_softmax_0125,5,24,0.04454616829752922,0.9750833333333333,0.974805834277866,0.08551369692819814,0.14000000059604645,1.8559559384981792,nan,nan
mnist,topk_softmax_0125,5,25,0.04116208106279373,0.976,0.9757466039732646,0.08588786593948801,0.14000000059604645,1.8526671503980954,nan,nan
mnist,topk_softmax_0125,5,26,0.040765341371297836,0.9753333333333334,0.975034640343152,0.08846161359300216,0.14000000059604645,1.8522862469156582,nan,nan
mnist,topk_softmax_0125,5,27,0.03629202023148537,0.975,0.9746929440898789,0.08675475690203409,0.14000000059604645,1.8438157215714455,nan,nan
mnist,topk_softmax_0125,6,0,1.5242655277252197,0.7101666666666666,0.6963887277162878,0.8270088906089464,0.14000000059604645,1.9134428575634956,nan,nan
mnist,topk_softmax_0125,6,1,0.5579174757003784,0.8785,0.8758686012259451,0.3847178208331267,0.14000000059604645,1.9015655914942424,nan,nan
mnist,topk_softmax_0125,6,2,0.3241494596004486,0.9190833333333334,0.9186204357003611,0.2577925020207961,0.14000000059604645,1.891737033923467,nan,nan
mnist,topk_softmax_0125,6,3,0.2471698671579361,0.9300833333333334,0.9293147991000887,0.2186379966636499,0.14000000059604645,1.8838043957948685,nan,nan
mnist,topk_softmax_0125,6,4,0.2021915316581726,0.9429166666666666,0.9424653167444657,0.18087763587633768,0.14000000059604645,1.8821841403841972,nan,nan
mnist,topk_softmax_0125,6,5,0.1750543862581253,0.9465,0.9460469176557691,0.16479829574624696,0.14000000059604645,1.8824485540390015,nan,nan
mnist,topk_softmax_0125,6,6,0.154293030500412,0.94825,0.9478021801573437,0.1652634566028913,0.14000000059604645,1.8717677394549053,nan,nan
mnist,topk_softmax_0125,6,7,0.13621142506599426,0.9560833333333333,0.9557617923996817,0.13907484306643406,0.14000000059604645,1.8751668284336727,nan,nan
mnist,topk_softmax_0125,6,8,0.12401769310235977,0.9596666666666667,0.9593347364101122,0.12638181044409671,0.14000000059604645,1.8691747759779294,nan,nan
mnist,topk_softmax_0125,6,9,0.11310112476348877,0.9621666666666666,0.9619311728968525,0.11943277716636658,0.14000000059604645,1.8699294328689575,nan,nan
mnist,topk_softmax_0125,6,10,0.10187885165214539,0.9653333333333334,0.9650373883045162,0.10800956965734561,0.14000000059604645,1.8724043816328049,nan,nan
mnist,topk_softmax_0125,6,11,0.09665077179670334,0.9635,0.96327309136624,0.11561340745538473,0.14000000059604645,1.8639152646064758,nan,nan
mnist,topk_softmax_0125,6,12,0.09044235199689865,0.9651666666666666,0.9649271150899643,0.10914083228756984,0.14000000059604645,1.8715954174598057,nan,nan
mnist,topk_softmax_0125,6,13,0.08483823388814926,0.9655833333333333,0.9653634793023255,0.1054259908075134,0.14000000059604645,1.8633866980671883,nan,nan
mnist,topk_softmax_0125,6,14,0.0788765400648117,0.9685,0.968308586069717,0.09598756302148104,0.14000000059604645,1.8646102771162987,nan,nan
mnist,topk_softmax_0125,6,15,0.0699925348162651,0.97025,0.9700466954565117,0.09574428231765826,0.14000000059604645,1.8615733981132507,nan,nan
mnist,topk_softmax_0125,6,16,0.07046210020780563,0.9721666666666666,0.9719078976987268,0.089861660109212,0.14000000059604645,1.8605136473973591,nan,nan
mnist,topk_softmax_0125,6,17,0.06559242308139801,0.9730833333333333,0.9729017518901699,0.08696265177180369,0.14000000059604645,1.8561880066990852,nan,nan
mnist,topk_softmax_0125,6,18,0.058160312473773956,0.9735833333333334,0.9734464009393156,0.08681206312030554,0.14000000059604645,1.8596826394399006,nan,nan
mnist,topk_softmax_0125,6,19,0.055496878921985626,0.97075,0.9705006724321832,0.09508013787368934,0.14000000059604645,1.8623920033375423,nan,nan
mnist,topk_softmax_0125,6,20,0.053596749901771545,0.9734166666666667,0.9732215677195031,0.08291681002204616,0.14000000059604645,1.8546958416700363,nan,nan
mnist,topk_softmax_0125,6,21,0.05112321674823761,0.972,0.971722300049111,0.09183697185168664,0.14000000059604645,1.8567558055122693,nan,nan
mnist,topk_softmax_0125,6,22,0.05036786571145058,0.975,0.9748163469388119,0.08422464939455192,0.14000000059604645,1.855731224020322,nan,nan
mnist,topk_softmax_0125,6,23,0.04379171505570412,0.9738333333333333,0.9736879619019885,0.08412742552657922,0.14000000059604645,1.8523184657096863,nan,nan
mnist,topk_softmax_0125,6,24,0.047274399548769,0.9735,0.9732997822737482,0.08433880439649026,0.14000000059604645,1.8498073865969975,nan,nan
mnist,topk_softmax_0125,6,25,0.04015972465276718,0.97375,0.9735902654460178,0.08582153543829918,0.14000000059604645,1.8472263862689335,nan,nan
mnist,topk_softmax_0125,6,26,0.04339059814810753,0.9738333333333333,0.9736318117412626,0.08566682397698362,0.14000000059604645,1.848947286605835,nan,nan
mnist,topk_softmax_0125,6,27,0.03945662081241608,0.9735833333333334,0.9733659244570296,0.09344393666833639,0.14000000059604645,1.8462613423665364,nan,nan
mnist,topk_softmax_0125,7,0,1.4229934215545654,0.7695833333333333,0.7624163680550289,0.694614273806413,0.14000000059604645,1.9155631562074025,nan,nan
mnist,topk_softmax_0125,7,1,0.43403002619743347,0.9063333333333333,0.904949201778464,0.3066568511227767,0.14000000059604645,1.9017020886143048,nan,nan
mnist,topk_softmax_0125,7,2,0.274063378572464,0.9310833333333334,0.9301057478530413,0.2259459843238195,0.14000000059604645,1.9008885622024536,nan,nan
mnist,topk_softmax_0125,7,3,0.2187199592590332,0.9383333333333334,0.9376915294778458,0.19859334143499532,0.14000000059604645,1.8935252949595451,nan,nan
mnist,topk_softmax_0125,7,4,0.18665145337581635,0.9443333333333334,0.9438119504348264,0.1804880170772473,0.14000000059604645,1.890087788303693,nan,nan
mnist,topk_softmax_0125,7,5,0.1632850021123886,0.9493333333333334,0.9489218291033449,0.1661584284156561,0.14000000059604645,1.8822143450379372,nan,nan
mnist,topk_softmax_0125,7,6,0.14112769067287445,0.9536666666666667,0.9532816087690357,0.15070282854139805,0.14000000059604645,1.883288063108921,nan,nan
mnist,topk_softmax_0125,7,7,0.12974946200847626,0.9555833333333333,0.9550604222076954,0.14037617078671852,0.14000000059604645,1.8766724069913228,nan,nan
mnist,topk_softmax_0125,7,8,0.11694984883069992,0.9605,0.9601334697200251,0.1304427608847618,0.14000000059604645,1.8743100141485531,nan,nan
mnist,topk_softmax_0125,7,9,0.10690560191869736,0.96325,0.9629233125643047,0.12307083855072658,0.14000000059604645,1.8652307490507762,nan,nan
mnist,topk_softmax_0125,7,10,0.1005958765745163,0.9604166666666667,0.9601541905067664,0.13155058988680443,0.14000000059604645,1.868496023118496,nan,nan
mnist,topk_softmax_0125,7,11,0.09287162125110626,0.9645833333333333,0.9643121410342484,0.12087725444386403,0.14000000059604645,1.8704825912912686,nan,nan
mnist,topk_softmax_0125,7,12,0.08434917032718658,0.9648333333333333,0.9644884091383465,0.11590509116649628,0.14000000059604645,1.8577179635564487,nan,nan
mnist,topk_softmax_0125,7,13,0.07686683535575867,0.9708333333333333,0.9705861881928914,0.09772748313844204,0.14000000059604645,1.8641923069953918,nan,nan
mnist,topk_softmax_0125,7,14,0.06968502700328827,0.9675833333333334,0.9673512349834305,0.108520505639414,0.14000000059604645,1.8619687259197235,nan,nan
mnist,topk_softmax_0125,7,15,0.06898937374353409,0.96925,0.9689597357893961,0.10646567804117997,0.14000000059604645,1.8705539057652156,nan,nan
mnist,topk_softmax_0125,7,16,0.067106693983078,0.9695833333333334,0.9692882261746233,0.10182835208252072,0.14000000059604645,1.8547544305523236,nan,nan
mnist,topk_softmax_0125,7,17,0.06445487588644028,0.9706666666666667,0.9704476247643947,0.09902849576125543,0.14000000059604645,1.8534591123461723,nan,nan
mnist,topk_softmax_0125,7,18,0.05555674806237221,0.9738333333333333,0.9736249105656434,0.08974133695786198,0.14000000059604645,1.8530974835157394,nan,nan
mnist,topk_softmax_0125,7,19,0.05286131799221039,0.9701666666666666,0.9698959667195179,0.10382872524981697,0.14000000059604645,1.8519120489557583,nan,nan
mnist,topk_softmax_0125,7,20,0.04910440370440483,0.9735833333333334,0.9733576265381301,0.09149852395057678,0.14000000059604645,1.855625179906686,nan,nan
mnist,topk_softmax_0125,7,21,0.05518799647688866,0.9729166666666667,0.9727573494731759,0.09223247086629272,0.14000000059604645,1.8454820041855176,nan,nan
mnist,topk_softmax_0125,7,22,0.045142415910959244,0.97225,0.9721670878213337,0.09754047185803454,0.14000000059604645,1.8409217620889347,nan,nan
mnist,topk_softmax_0125,7,23,0.0446431003510952,0.9766666666666667,0.9764789406653305,0.0857897534345587,0.14000000059604645,1.838799734910329,nan,nan
mnist,topk_softmax_0125,7,24,0.04226773604750633,0.9764166666666667,0.9762455569032452,0.08569639051953952,0.14000000059604645,1.8440954461693764,nan,nan
mnist,topk_softmax_0125,7,25,0.03887687996029854,0.9751666666666666,0.9749934698173318,0.08712394240622719,0.14000000059604645,1.8406745021541913,nan,nan
mnist,topk_softmax_0125,7,26,0.039231814444065094,0.9730833333333333,0.9729103652856068,0.095537177597483,0.14000000059604645,1.837897057334582,nan,nan
mnist,topk_softmax_0125,7,27,0.03539743274450302,0.974,0.9738533552995987,0.09768366767093539,0.14000000059604645,1.8436649963259697,nan,nan
mnist,topk_softmax_0125,7,28,0.035541653633117676,0.9773333333333334,0.9772214327904534,0.08692305798952778,0.14000000059604645,1.8419166083137195,nan,nan
mnist,topk_softmax_0125,7,29,0.031035041436553,0.9770833333333333,0.9769639920038428,0.08844344845662515,0.14000000059604645,1.846257319053014,nan,nan
mnist,topk_softmax_0125,8,0,1.447144627571106,0.7545,0.749541792788463,0.7301361486315727,0.14000000059604645,1.9338625172773998,nan,nan
mnist,topk_softmax_0125,8,1,0.5026529431343079,0.884,0.8834789848788024,0.35733817766110104,0.14000000059604645,1.9236286158363025,nan,nan
mnist,topk_softmax_0125,8,2,0.3164590299129486,0.9174166666666667,0.916154509147626,0.2555256312092145,0.14000000059604645,1.915722794830799,nan,nan
mnist,topk_softmax_0125,8,3,0.23500646650791168,0.936,0.9356033936355118,0.1948385008921226,0.14000000059604645,1.912314626077811,nan,nan
mnist,topk_softmax_0125,8,4,0.1981353759765625,0.9460833333333334,0.9454923113743681,0.16838764026761055,0.14000000059604645,1.903878077864647,nan,nan
mnist,topk_softmax_0125,8,5,0.16900309920310974,0.95375,0.9534134563687997,0.14182154896358648,0.14000000059604645,1.900719126065572,nan,nan
mnist,topk_softmax_0125,8,6,0.14715248346328735,0.9509166666666666,0.9508288680543,0.15279821958392859,0.14000000059604645,1.8956068083643913,nan,nan
mnist,topk_softmax_0125,8,7,0.134423166513443,0.9596666666666667,0.9592854452817703,0.12181894636402528,0.14000000059604645,1.8961645911137264,nan,nan
mnist,topk_softmax_0125,8,8,0.1177334412932396,0.9630833333333333,0.9627838206276952,0.11578975152224302,0.14000000059604645,1.8952848787109058,nan,nan
mnist,topk_softmax_0125,8,9,0.10948353260755539,0.9646666666666667,0.9643164152572778,0.11012863026311,0.14000000059604645,1.8929212987422943,nan,nan
mnist,topk_softmax_0125,8,10,0.10013612359762192,0.9673333333333334,0.9671289227088732,0.10494294793655475,0.14000000059604645,1.893484058479468,nan,nan
mnist,topk_softmax_0125,8,11,0.09308283776044846,0.9695,0.969148041720514,0.09961980876202385,0.14000000059604645,1.8886258875330288,nan,nan
mnist,topk_softmax_0125,8,12,0.08893387019634247,0.969,0.968788953605905,0.09895523125305772,0.14000000059604645,1.8854850480953853,nan,nan
mnist,topk_softmax_0125,8,13,0.08127419650554657,0.9663333333333334,0.9662279813715259,0.10615915215263765,0.14000000059604645,1.8835995743672054,nan,nan
mnist,topk_softmax_0125,8,14,0.07942809909582138,0.97225,0.9719282870138313,0.09134397065887849,0.14000000059604645,1.8807588244477909,nan,nan
mnist,topk_softmax_0125,8,15,0.07234778255224228,0.97375,0.9735503526687757,0.08517417699719469,0.14000000059604645,1.8765784452358882,nan,nan
mnist,topk_softmax_0125,8,16,0.06635283678770065,0.9725,0.9724217361994449,0.09159491676837206,0.14000000059604645,1.878666194776694,nan,nan
mnist,topk_softmax_0125,8,17,0.0647871121764183,0.9734166666666667,0.9731413848246138,0.09217193474372228,0.14000000059604645,1.8784024889270465,nan,nan
mnist,topk_softmax_0125,8,18,0.06068520247936249,0.9746666666666667,0.9743987172097546,0.08540561096742749,0.14000000059604645,1.8774918417135875,nan,nan
mnist,topk_softmax_0125,8,19,0.05832146480679512,0.9734166666666667,0.973262469700002,0.09224548982456326,0.14000000059604645,1.8754863093296688,nan,nan
mnist,topk_softmax_0125,8,20,0.05664454400539398,0.975,0.9747789212118002,0.08793958928436041,0.14000000059604645,1.871271883447965,nan,nan
mnist,topk_softmax_0125,8,21,0.049615420401096344,0.9726666666666667,0.9724141725625586,0.09737438553323348,0.14000000059604645,1.8704487482706706,nan,nan
mnist,topk_softmax_0125,8,22,0.0462825745344162,0.9755,0.9753235275687938,0.0847110574444135,0.14000000059604645,1.8721055537462234,nan,nan
mnist,topk_softmax_0125,8,23,0.04739541560411453,0.97675,0.9765275303349087,0.08076274767518044,0.14000000059604645,1.869056632121404,nan,nan
mnist,topk_softmax_0125,8,24,0.045905135571956635,0.9776666666666667,0.9774778839635685,0.07739437744021416,0.14000000059604645,1.8679049015045166,nan,nan
mnist,topk_softmax_0125,8,25,0.0404479093849659,0.9773333333333334,0.97721127532922,0.07803750115757187,0.14000000059604645,1.8676640167832375,nan,nan
mnist,topk_softmax_0125,8,26,0.03870069235563278,0.9760833333333333,0.9758395112531391,0.0860228119418025,0.14000000059604645,1.8688419337073963,nan,nan
mnist,topk_softmax_0125,8,27,0.03585470840334892,0.9774166666666667,0.9773034628052495,0.07937160863851507,0.14000000059604645,1.8704070647557576,nan,nan
mnist,topk_softmax_0125,8,28,0.03573818877339363,0.9765,0.9762087154375655,0.08619043525929253,0.14000000059604645,1.8678413704037666,nan,nan
mnist,topk_softmax_0125,8,29,0.034847669303417206,0.9765,0.9763877881674746,0.08612860444312294,0.14000000059604645,1.8665654063224792,nan,nan
mnist,topk_softmax_0125,9,0,1.4314719438552856,0.7339166666666667,0.7198626923917602,0.7491309816638628,0.14000000059604645,1.9184847896297772,nan,nan
mnist,topk_softmax_0125,9,1,0.5053414106369019,0.9105833333333333,0.9098518577727267,0.29776444906989735,0.14000000059604645,1.916238856812318,nan,nan
mnist,topk_softmax_0125,9,2,0.2822481095790863,0.92475,0.9243286384511811,0.2431494314223528,0.14000000059604645,1.9050125752886136,nan,nan
mnist,topk_softmax_0125,9,3,0.2173667848110199,0.94025,0.9404691404928149,0.19056173289815584,0.14000000059604645,1.9057799850900967,nan,nan
mnist,topk_softmax_0125,9,4,0.1794501692056656,0.9520833333333333,0.9519661146627332,0.15809706101814905,0.14000000059604645,1.9029546802242596,nan,nan
mnist,topk_softmax_0125,9,5,0.15904557704925537,0.9466666666666667,0.9463354938223795,0.1724624161918958,0.14000000059604645,1.8998289157946904,nan,nan
mnist,topk_softmax_0125,9,6,0.14156955480575562,0.95775,0.9577079141227964,0.1337310957411925,0.14000000059604645,1.9038389846682549,nan,nan
mnist,topk_softmax_0125,9,7,0.12031354755163193,0.9608333333333333,0.9608371203425428,0.12367651456346114,0.14000000059604645,1.9016358504692714,nan,nan
mnist,topk_softmax_0125,9,8,0.11663439869880676,0.9643333333333334,0.9643129654870803,0.11564276150117318,0.14000000059604645,1.9032290875911713,nan,nan
mnist,topk_softmax_0125,9,9,0.098358154296875,0.9665,0.9665378899395357,0.10765212805320819,0.14000000059604645,1.9009762008984883,nan,nan
mnist,topk_softmax_0125,9,10,0.09494373202323914,0.9694166666666667,0.9693920596852152,0.10100609064102173,0.14000000059604645,1.9015228475133579,nan,nan
mnist,topk_softmax_0125,9,11,0.08736709505319595,0.96825,0.968267628100555,0.09931843432908256,0.14000000059604645,1.9032391607761383,nan,nan
mnist,topk_softmax_0125,9,12,0.07805526256561279,0.9718333333333333,0.9718594339299365,0.09358996571972966,0.14000000059604645,1.9037789106369019,nan,nan
mnist,topk_softmax_0125,9,13,0.07271832227706909,0.971,0.9709691869826832,0.09344013749311368,0.14000000059604645,1.903852827847004,nan,nan
mnist,topk_softmax_0125,9,14,0.06783528625965118,0.9713333333333334,0.9713590097245527,0.09427370317280293,0.14000000059604645,1.9020056550701459,nan,nan
mnist,topk_softmax_0125,9,15,0.0639941543340683,0.9736666666666667,0.9736128111247908,0.09496596579750378,0.14000000059604645,1.903004375596841,nan,nan
mnist,topk_softmax_0125,9,16,0.06133746728301048,0.9750833333333333,0.9751676049354284,0.08981349691748619,0.14000000059604645,1.9037788311640422,nan,nan
mnist,topk_softmax_0125,9,17,0.05979004502296448,0.9724166666666667,0.972422639318393,0.09638994994262855,0.14000000059604645,1.9011085306604703,nan,nan
mnist,topk_softmax_0125,9,18,0.05611512437462807,0.97375,0.973741688040298,0.09168526406089465,0.14000000059604645,1.9009949664274852,nan,nan
mnist,topk_softmax_0125,9,19,0.051846083253622055,0.97525,0.9751897700131794,0.08712346386164427,0.14000000059604645,1.8991004551450412,nan,nan
mnist,topk_softmax_0125,9,20,0.04857594892382622,0.9756666666666667,0.9756024907635099,0.08607189807419975,0.14000000059604645,1.9004206111033757,nan,nan
mnist,topk_softmax_0125,9,21,0.040924668312072754,0.9749166666666667,0.974936764124541,0.08482619809607665,0.14000000059604645,1.8985644330581029,nan,nan
mnist,topk_softmax_0125,9,22,0.04670896753668785,0.9748333333333333,0.9748494969830164,0.08674766309559345,0.14000000059604645,1.8996700669328372,nan,nan
mnist,topk_softmax_0125,9,23,0.04105021059513092,0.97725,0.9772792461086632,0.08280178594092528,0.14000000059604645,1.898970368007819,nan,nan
mnist,topk_softmax_0125,9,24,0.04024713858962059,0.9751666666666666,0.9752136352653272,0.08330002427101135,0.14000000059604645,1.8982588027914364,nan,nan
mnist,topk_softmax_0125,9,25,0.03739608824253082,0.97625,0.9762087744501123,0.08871332105870049,0.14000000059604645,1.8974930172165234,nan,nan
mnist,topk_softmax_0125,9,26,0.03777792304754257,0.9726666666666667,0.9726883869966452,0.0990724260918796,0.14000000059604645,1.89581431945165,nan,nan
mnist,topk_softmax_0125,9,27,0.034463658928871155,0.9778333333333333,0.9778624069237767,0.08125198880831401,0.14000000059604645,1.8967619463801384,nan,nan
mnist,topk_softmax_0125,9,28,0.03410588949918747,0.9775,0.9774665998486078,0.08387831614042322,0.14000000059604645,1.8941755890846252,nan,nan
mnist,topk_softmax_0125,9,29,0.03224142640829086,0.9778333333333333,0.9778158196435258,0.0850091497413814,0.14000000059604645,1.8909577677647273,nan,nan
mnist,topk_softmax_025,0,0,1.5978899002075195,0.7181666666666666,0.7102934301236251,0.8531609127918879,0.25999999046325684,2.5424014975627265,nan,nan
mnist,topk_softmax_025,0,1,0.5894046425819397,0.8938333333333334,0.8926343980545408,0.3475172941883405,0.25999999046325684,2.545546938975652,nan,nan
mnist,topk_softmax_025,0,2,0.3186669945716858,0.9188333333333333,0.918043633671337,0.2542488935093085,0.25999999046325684,2.5455332696437836,nan,nan
mnist,topk_softmax_025,0,3,0.24281638860702515,0.9223333333333333,0.9218560274600511,0.2397378155340751,0.25999999046325684,2.5443905045588813,nan,nan
mnist,topk_softmax_025,0,4,0.20698297023773193,0.9436666666666667,0.9431144501506383,0.17863029489914575,0.25999999046325684,2.5423661718765893,nan,nan
mnist,topk_softmax_025,0,5,0.17160965502262115,0.951,0.9507172354587269,0.1556352867434422,0.25999999046325684,2.542205343643824,nan,nan
mnist,topk_softmax_025,0,6,0.14709535241127014,0.9564166666666667,0.9560243513667326,0.13847623455027738,0.25999999046325684,2.538050298889478,nan,nan
mnist,topk_softmax_025,0,7,0.13181062042713165,0.95975,0.9594923944572669,0.1324682915583253,0.25999999046325684,2.535029023885727,nan,nan
mnist,topk_softmax_025,0,8,0.12025628983974457,0.96175,0.9614688132147424,0.1234008784716328,0.25999999046325684,2.534248948097229,nan,nan
mnist,topk_softmax_025,0,9,0.10801798850297928,0.9645833333333333,0.9642895750171018,0.11391005385667086,0.25999999046325684,2.5329503268003464,nan,nan
mnist,topk_softmax_025,0,10,0.09844830632209778,0.96725,0.9669444189529246,0.1080342171092828,0.25999999046325684,2.527510846654574,nan,nan
mnist,topk_softmax_025,0,11,0.0935031995177269,0.9661666666666666,0.9659685882609444,0.11456852530439694,0.25999999046325684,2.52652607858181,nan,nan
mnist,topk_softmax_025,0,12,0.08589954674243927,0.9713333333333334,0.9711437440246463,0.09393787042548259,0.25999999046325684,2.5265591144561768,nan,nan
mnist,topk_softmax_025,0,13,0.07827575504779816,0.9701666666666666,0.9698810845414332,0.10010159093265732,0.25999999046325684,2.526512230436007,nan,nan
mnist,topk_softmax_025,0,14,0.06961682438850403,0.9739166666666667,0.9737426439732173,0.09187385781357686,0.25999999046325684,2.5213648279507956,nan,nan
mnist,topk_softmax_025,0,15,0.06744328141212463,0.9744166666666667,0.9742438047714908,0.08514326872924964,0.25999999046325684,2.5220133513212204,nan,nan
mnist,topk_softmax_025,0,16,0.06389883160591125,0.9755,0.975314930324882,0.0858556441962719,0.25999999046325684,2.5199787815411887,nan,nan
mnist,topk_softmax_025,0,17,0.05581805482506752,0.9756666666666667,0.975519032011786,0.08256862591952085,0.25999999046325684,2.5191371689240136,nan,nan
mnist,topk_softmax_025,0,18,0.05357569828629494,0.9765833333333334,0.9764015310783616,0.0805404344573617,0.25999999046325684,2.5182931969563165,nan,nan
mnist,topk_softmax_025,0,19,0.05469707027077675,0.97675,0.9765953510371762,0.08795974062134822,0.25999999046325684,2.5148476411898932,nan,nan
mnist,topk_softmax_025,0,20,0.04879993572831154,0.9769166666666667,0.9768084030427042,0.07861319898317258,0.25999999046325684,2.5153880616029105,nan,nan
mnist,topk_softmax_025,0,21,0.05049152299761772,0.9755,0.9753291323924994,0.07912592589855194,0.25999999046325684,2.5097517669200897,nan,nan
mnist,topk_softmax_025,0,22,0.04575767740607262,0.978,0.9778806749727187,0.07369031974424918,0.25999999046325684,2.5120500326156616,nan,nan
mnist,topk_softmax_025,0,23,0.042705465108156204,0.9786666666666667,0.9785235707147895,0.07522702605153124,0.25999999046325684,2.5079963157574334,nan,nan
mnist,topk_softmax_025,0,24,0.044120922684669495,0.9783333333333334,0.9781545835848402,0.07757292874157429,0.25999999046325684,2.5073260416587195,nan,nan
mnist,topk_softmax_025,0,25,0.04002406820654869,0.9785,0.9783586050704696,0.07585586126272877,0.25999999046325684,2.5071698129177094,nan,nan
mnist,topk_softmax_025,0,26,0.039392486214637756,0.977,0.976862813217533,0.07936941242466371,0.25999999046325684,2.5039229691028595,nan,nan
mnist,topk_softmax_025,0,27,0.035397544503211975,0.9793333333333333,0.9792435469476043,0.07471558715527256,0.25999999046325684,2.5018228540817895,nan,nan
mnist,topk_softmax_025,0,28,0.035409603267908096,0.9784166666666667,0.9782694248943798,0.08043949569885929,0.25999999046325684,2.499682734409968,nan,nan
mnist,topk_softmax_025,0,29,0.03179900720715523,0.9789166666666667,0.9788090590662575,0.07652046034733455,0.25999999046325684,2.497392942508062,nan,nan
mnist,topk_softmax_025,1,0,1.634518027305603,0.6983333333333334,0.6801607883788616,0.89532287667195,0.25999999046325684,2.5274540235598884,nan,nan
mnist,topk_softmax_025,1,1,0.6541467308998108,0.873,0.871264993143369,0.4034455083310604,0.25999999046325684,2.5328055719534555,nan,nan
mnist,topk_softmax_025,1,2,0.37282273173332214,0.91125,0.9103329346188727,0.274944016089042,0.25999999046325684,2.5192395647366843,nan,nan
mnist,topk_softmax_025,1,3,0.26718348264694214,0.9280833333333334,0.9268160930404241,0.2270400126775106,0.25999999046325684,2.5168282091617584,nan,nan
mnist,topk_softmax_025,1,4,0.2152535766363144,0.9411666666666667,0.9405596610290115,0.1800109731654326,0.25999999046325684,2.508628065387408,nan,nan
mnist,topk_softmax_025,1,5,0.18328946828842163,0.9508333333333333,0.9503912410401048,0.15658032863090435,0.25999999046325684,2.49989515542984,nan,nan
mnist,topk_softmax_025,1,6,0.16190798580646515,0.9561666666666667,0.9557870890337516,0.13653946792085966,0.25999999046325684,2.498567819595337,nan,nan
mnist,topk_softmax_025,1,7,0.1427578330039978,0.9583333333333334,0.9580691372519988,0.12926249702771506,0.25999999046325684,2.498381773630778,nan,nan
mnist,topk_softmax_025,1,8,0.12725549936294556,0.9565833333333333,0.9562636279171912,0.1291818811247746,0.25999999046325684,2.4924676616986594,nan,nan
mnist,topk_softmax_025,1,9,0.11848165094852448,0.9651666666666666,0.9648897572674631,0.11069406289607286,0.25999999046325684,2.4916181564331055,nan,nan
mnist,topk_softmax_025,1,10,0.1081143394112587,0.9630833333333333,0.9627778894398904,0.11742399555320542,0.25999999046325684,2.4862649937470755,nan,nan
mnist,topk_softmax_025,1,11,0.09997203201055527,0.9655833333333333,0.9651784679286927,0.11210837960243225,0.25999999046325684,2.486727625131607,nan,nan
mnist,topk_softmax_025,1,12,0.0940127745270729,0.9693333333333334,0.9690711734681022,0.09843971269826095,0.25999999046325684,2.4858863155047097,nan,nan
mnist,topk_softmax_025,1,13,0.08469004184007645,0.9678333333333333,0.9676309541418231,0.09830924387400349,0.25999999046325684,2.4828698883454003,nan,nan
mnist,topk_softmax_025,1,14,0.08211123198270798,0.972,0.9718002049430998,0.09330937918275595,0.25999999046325684,2.481580063700676,nan,nan
mnist,topk_softmax_025,1,15,0.0771305114030838,0.97375,0.9734905954968663,0.08535834029316902,0.25999999046325684,2.47106180091699,nan,nan
mnist,topk_softmax_025,1,16,0.07219169288873672,0.9721666666666666,0.9719903066724218,0.08881826776390274,0.25999999046325684,2.46790079275767,nan,nan
mnist,topk_softmax_025,1,17,0.06650611013174057,0.97375,0.9735684030321421,0.085316417273134,0.25999999046325684,2.4607891589403152,nan,nan
mnist,topk_softmax_025,1,18,0.06384297460317612,0.9731666666666666,0.9728859452581521,0.08757161473234494,0.25999999046325684,2.4622861742973328,nan,nan
mnist,topk_softmax_025,1,19,0.057657066732645035,0.9759166666666667,0.9756863887779819,0.07957643107511103,0.25999999046325684,2.4616590638955436,nan,nan
mnist,topk_softmax_025,1,20,0.05463350936770439,0.9735833333333334,0.9733331093704001,0.08545940245191257,0.25999999046325684,2.465518002708753,nan,nan
mnist,topk_softmax_025,1,21,0.05089697614312172,0.9759166666666667,0.9756947946034892,0.07727139536291361,0.25999999046325684,2.4599407066901526,nan,nan
mnist,topk_softmax_025,1,22,0.055387768894433975,0.9740833333333333,0.97386735045332,0.08543523106103142,0.25999999046325684,2.4586303681135178,nan,nan
mnist,topk_softmax_025,1,23,0.05085325986146927,0.9710833333333333,0.9708366082461302,0.09441599110141397,0.25999999046325684,2.452672933538755,nan,nan
mnist,topk_softmax_025,1,24,0.04636634141206741,0.9750833333333333,0.9748144779649545,0.08546453240948419,0.25999999046325684,2.454403335849444,nan,nan
mnist,topk_softmax_025,2,0,1.5266369581222534,0.6964166666666667,0.6737379744786874,0.8860498517751694,0.25999999046325684,2.539697681864103,nan,nan
mnist,topk_softmax_025,2,1,0.6121056079864502,0.8780833333333333,0.8760239658555704,0.3877854309976101,0.25999999046325684,2.529609054327011,nan,nan
mnist,topk_softmax_025,2,2,0.34973540902137756,0.9156666666666666,0.9145678805122474,0.2684222211440404,0.25999999046325684,2.5198645492394767,nan,nan
mnist,topk_softmax_025,2,3,0.24454858899116516,0.9375833333333333,0.9367728449270663,0.20089209638535976,0.25999999046325684,2.516872987151146,nan,nan
mnist,topk_softmax_025,2,4,0.19724248349666595,0.9453333333333334,0.9445157418688979,0.17584556341171265,0.25999999046325684,2.5081732869148254,nan,nan
mnist,topk_softmax_025,2,5,0.1672106385231018,0.95225,0.9515640624768507,0.15600279066711664,0.25999999046325684,2.498894363641739,nan,nan
mnist,topk_softmax_025,2,6,0.15063296258449554,0.9580833333333333,0.9575419100078623,0.13767304178327322,0.25999999046325684,2.490208779772123,nan,nan
mnist,topk_softmax_025,2,7,0.13095426559448242,0.95875,0.958386440590227,0.1368244749804338,0.25999999046325684,2.488163029154142,nan,nan
mnist,topk_softmax_025,2,8,0.11868506669998169,0.9653333333333334,0.9648899324180084,0.11813029274344444,0.25999999046325684,2.4864061822493873,nan,nan
mnist,topk_softmax_025,2,9,0.11183786392211914,0.9665,0.9661672928806426,0.11307485743115346,0.25999999046325684,2.475503454605738,nan,nan
mnist,topk_softmax_025,2,10,0.1017821878194809,0.9644166666666667,0.9640410059143907,0.11594759703924258,0.25999999046325684,2.4764169106880822,nan,nan
mnist,topk_softmax_025,2,11,0.09294667840003967,0.9679166666666666,0.9674636387743742,0.10485602853198846,0.25999999046325684,2.468815490603447,nan,nan
mnist,topk_softmax_025,2,12,0.0871785432100296,0.9718333333333333,0.9714909003080614,0.0986970712741216,0.25999999046325684,2.4690986424684525,nan,nan
mnist,topk_softmax_025,2,13,0.08302256464958191,0.9709166666666667,0.9705252959225031,0.10014369261140625,0.25999999046325684,2.4548047135273614,nan,nan
mnist,topk_softmax_025,2,14,0.07984541356563568,0.9735833333333334,0.9733086468228247,0.09090314883117874,0.25999999046325684,2.4502689441045127,nan,nan
mnist,topk_softmax_025,2,15,0.07247300446033478,0.9693333333333334,0.9689142656249026,0.10624023992568254,0.25999999046325684,2.4512287775675454,nan,nan
mnist,topk_softmax_025,2,16,0.06708616763353348,0.9694166666666667,0.968906810945032,0.10441434748160343,0.25999999046325684,2.449045086900393,nan,nan
mnist,topk_softmax_025,2,17,0.06360027194023132,0.9724166666666667,0.9720469660726309,0.09494093976294,0.25999999046325684,2.4438647776842117,nan,nan
mnist,topk_softmax_025,2,18,0.060195498168468475,0.9723333333333334,0.9719931195803104,0.09028728135551016,0.25999999046325684,2.447254995505015,nan,nan
mnist,topk_softmax_025,2,19,0.06109895557165146,0.9751666666666666,0.97496984861244,0.08719513937830925,0.25999999046325684,2.4380000233650208,nan,nan
mnist,topk_softmax_025,2,20,0.05508498102426529,0.9731666666666666,0.9728516569681738,0.09643550760423143,0.25999999046325684,2.4259182115395865,nan,nan
mnist,topk_softmax_025,2,21,0.05125122889876366,0.9719166666666667,0.971643464364611,0.09404781321063638,0.25999999046325684,2.4284598380327225,nan,nan
mnist,topk_softmax_025,2,22,0.05391689017415047,0.97175,0.9714907767424558,0.09404559169585507,0.25999999046325684,2.4166643967231116,nan,nan
mnist,topk_softmax_025,2,23,0.04547296091914177,0.9758333333333333,0.9755995891128743,0.08515662358452876,0.25999999046325684,2.4227939744790397,nan,nan
mnist,topk_softmax_025,2,24,0.04627351462841034,0.9706666666666667,0.9703745280736438,0.09919165773317218,0.25999999046325684,2.4231509367624917,nan,nan
mnist,topk_softmax_025,2,25,0.043337322771549225,0.9751666666666666,0.9748700609241455,0.08701910978804032,0.25999999046325684,2.4249527553717294,nan,nan
mnist,topk_softmax_025,2,26,0.04185391589999199,0.97875,0.9785221397782697,0.07891417806968093,0.25999999046325684,2.4158663600683212,nan,nan
mnist,topk_softmax_025,2,27,0.039301250129938126,0.9750833333333333,0.9748171660685021,0.0926442127674818,0.25999999046325684,2.417684177557627,nan,nan
mnist,topk_softmax_025,2,28,0.03826934099197388,0.9773333333333334,0.9770231144661728,0.08274855449174841,0.25999999046325684,2.410936176776886,nan,nan
mnist,topk_softmax_025,2,29,0.03774912282824516,0.9781666666666666,0.977895930275911,0.08272080682218075,0.25999999046325684,2.408772016565005,nan,nan
mnist,topk_softmax_025,3,0,1.5289016962051392,0.7068333333333333,0.7013294662993119,0.8651109288136164,0.25999999046325684,2.5147411773602166,nan,nan
mnist,topk_softmax_025,3,1,0.572046160697937,0.8858333333333334,0.8849947241957811,0.37625712156295776,0.25999999046325684,2.5241516828536987,nan,nan
mnist,topk_softmax_025,3,2,0.3241440951824188,0.9225833333333333,0.921925507795718,0.24901273970802626,0.25999999046325684,2.519065886735916,nan,nan
mnist,topk_softmax_025,3,3,0.24354508519172668,0.934,0.9334250692711381,0.21102239191532135,0.25999999046325684,2.5191790213187537,nan,nan
mnist,topk_softmax_025,3,4,0.2051999717950821,0.9466666666666667,0.9464315729399377,0.1776235532015562,0.25999999046325684,2.5112703988949456,nan,nan
mnist,topk_softmax_025,3,5,0.17434796690940857,0.9489166666666666,0.9487625263886679,0.16349658307929835,0.25999999046325684,2.514602174361547,nan,nan
mnist,topk_softmax_025,3,6,0.15547479689121246,0.9539166666666666,0.9536689098298503,0.15570701596637568,0.25999999046325684,2.5073982576529183,nan,nan
mnist,topk_softmax_025,3,7,0.13837076723575592,0.9595,0.9592252236705046,0.13166118444254002,0.25999999046325684,2.509258563319842,nan,nan
mnist,topk_softmax_025,3,8,0.12578503787517548,0.963,0.9627815086348338,0.1244789104287823,0.25999999046325684,2.505209972461065,nan,nan
mnist,topk_softmax_025,3,9,0.11207899451255798,0.96575,0.9655571905165401,0.11416646714011829,0.25999999046325684,2.5070482045412064,nan,nan
mnist,topk_softmax_025,3,10,0.1070912629365921,0.9675,0.9673818028139409,0.10328765586018562,0.25999999046325684,2.500716815392176,nan,nan
mnist,topk_softmax_025,3,11,0.09693074226379395,0.9680833333333333,0.9678982591612668,0.10515724805494149,0.25999999046325684,2.5020532657702765,nan,nan
mnist,topk_softmax_025,3,12,0.0898529663681984,0.97,0.9698122935410651,0.09748672042042017,0.25999999046325684,2.4970160027345023,nan,nan
mnist,topk_softmax_025,3,13,0.0856330543756485,0.9715833333333334,0.9714649526809616,0.09061265317723155,0.25999999046325684,2.49277933438619,nan,nan
mnist,topk_softmax_025,3,14,0.08081812411546707,0.9690833333333333,0.9689597751840345,0.10085768873492877,0.25999999046325684,2.4934196025133133,nan,nan
mnist,topk_softmax_025,3,15,0.07781350612640381,0.9715,0.9713419600232951,0.09642697280893724,0.25999999046325684,2.488713706533114,nan,nan
mnist,topk_softmax_025,3,16,0.07158587872982025,0.9725833333333334,0.9724840485375406,0.09254656359553337,0.25999999046325684,2.4832236965497336,nan,nan
mnist,topk_softmax_025,3,17,0.06815029680728912,0.9754166666666667,0.9752764901462259,0.08498370181769133,0.25999999046325684,2.4843734800815582,nan,nan
mnist,topk_softmax_025,3,18,0.0634181946516037,0.9729166666666667,0.9727840647219471,0.08698301669210196,0.25999999046325684,2.4823724726835885,nan,nan
mnist,topk_softmax_025,3,19,0.05964105576276779,0.9741666666666666,0.9740649254669981,0.08685001358389854,0.25999999046325684,2.4841410368680954,nan,nan
mnist,topk_softmax_025,3,20,0.061509981751441956,0.9743333333333334,0.9743206142320651,0.0896239730839928,0.25999999046325684,2.4779284646113715,nan,nan
mnist,topk_softmax_025,3,21,0.054379526525735855,0.9780833333333333,0.9779426622246085,0.07756271709998448,0.25999999046325684,2.4790452122688293,nan,nan
mnist,topk_softmax_025,3,22,0.053925253450870514,0.97725,0.9771420691673004,0.07883545306200783,0.25999999046325684,2.4783925563097,nan,nan
mnist,topk_softmax_025,3,23,0.04898373410105705,0.9764166666666667,0.9762605273408094,0.07912974851205945,0.25999999046325684,2.4730557849009833,nan,nan
mnist,topk_softmax_025,3,24,0.04495907574892044,0.9769166666666667,0.9767217512101107,0.07601967065905531,0.25999999046325684,2.47461691002051,nan,nan
mnist,topk_softmax_025,3,25,0.04434063285589218,0.9761666666666666,0.97602463306076,0.08382061418766777,0.25999999046325684,2.470087170600891,nan,nan
mnist,topk_softmax_025,3,26,0.043121226131916046,0.9758333333333333,0.9757546823834634,0.0809033652767539,0.25999999046325684,2.474266524116198,nan,nan
mnist,topk_softmax_025,4,0,1.7629218101501465,0.6288333333333334,0.6103551724154,1.0688922554254532,0.25999999046325684,2.54882520933946,nan,nan
mnist,topk_softmax_025,4,1,0.6487322449684143,0.884,0.8821457140368694,0.3632807706793149,0.25999999046325684,2.5368367731571198,nan,nan
mnist,topk_softmax_025,4,2,0.3368624448776245,0.91225,0.9118938599215852,0.27732986211776733,0.25999999046325684,2.5153967638810477,nan,nan
mnist,topk_softmax_025,4,3,0.2527843415737152,0.93775,0.9371855807894157,0.2005460082242886,0.25999999046325684,2.5019260744253793,nan,nan
mnist,topk_softmax_025,4,4,0.20529058575630188,0.9519166666666666,0.9514899343745723,0.15668355797727904,0.25999999046325684,2.497507631778717,nan,nan
mnist,topk_softmax_025,4,5,0.17756125330924988,0.9559166666666666,0.9554904160190523,0.14160681298623481,0.25999999046325684,2.4891627728939056,nan,nan
mnist,topk_softmax_025,4,6,0.15302973985671997,0.9588333333333333,0.9583743991579337,0.13280029191325107,0.25999999046325684,2.4848002940416336,nan,nan
mnist,topk_softmax_025,4,7,0.1343362182378769,0.9585833333333333,0.9584846279692922,0.12807858580102524,0.25999999046325684,2.481030613183975,nan,nan
mnist,topk_softmax_025,4,8,0.12547969818115234,0.9646666666666667,0.9642706808528706,0.11566769828399022,0.25999999046325684,2.476554796099663,nan,nan
mnist,topk_softmax_025,4,9,0.11087824404239655,0.9651666666666666,0.9649190112333219,0.11140282483150561,0.25999999046325684,2.4757801393667855,nan,nan
mnist,topk_softmax_025,4,10,0.10439325869083405,0.9671666666666666,0.9669280740034362,0.10654032571862142,0.25999999046325684,2.4696780145168304,nan,nan
mnist,topk_softmax_025,4,11,0.09497295320034027,0.9705833333333334,0.9703196694109548,0.09978608197222154,0.25999999046325684,2.4663832088311515,nan,nan
mnist,topk_softmax_025,4,12,0.0913645401597023,0.96625,0.9658824284673455,0.11059433004508416,0.25999999046325684,2.466978669166565,nan,nan
mnist,topk_softmax_025,4,13,0.09549090266227722,0.9691666666666666,0.9689092585418104,0.09513476832459371,0.25999999046325684,2.4561305145422616,nan,nan
mnist,topk_softmax_025,4,14,0.07789361476898193,0.9723333333333334,0.9720912598974649,0.09119323113312323,0.25999999046325684,2.455170447627703,nan,nan
mnist,topk_softmax_025,4,15,0.07196828722953796,0.97325,0.9730256531211638,0.08759468995655577,0.25999999046325684,2.4595917413632074,nan,nan
mnist,topk_softmax_025,4,16,0.06498365849256516,0.9731666666666666,0.9729813775580898,0.08660089798892538,0.25999999046325684,2.4540011088053384,nan,nan
mnist,topk_softmax_025,4,17,0.0652676597237587,0.9743333333333334,0.9741660889206278,0.08253549893076222,0.25999999046325684,2.4545388221740723,nan,nan
mnist,topk_softmax_025,4,18,0.06534761935472488,0.974,0.9737387258655017,0.084612719869862,0.25999999046325684,2.4510451356569924,nan,nan
mnist,topk_softmax_025,4,19,0.057482440024614334,0.9741666666666666,0.9738495147354183,0.08025546092540026,0.25999999046325684,2.450300320982933,nan,nan
mnist,topk_softmax_025,4,20,0.056199006736278534,0.9735833333333334,0.9733892723731496,0.08828043208147089,0.25999999046325684,2.445312887430191,nan,nan
mnist,topk_softmax_025,4,21,0.05481916666030884,0.9769166666666667,0.9767182673895285,0.07534358014042179,0.25999999046325684,2.4380958477656045,nan,nan
mnist,topk_softmax_025,4,22,0.0494660921394825,0.97475,0.9745078837092759,0.08752374708031614,0.25999999046325684,2.4428722510735192,nan,nan
mnist,topk_softmax_025,4,23,0.05062367022037506,0.978,0.9777438423361025,0.07387387240305543,0.25999999046325684,2.4382625917593637,nan,nan
mnist,topk_softmax_025,4,24,0.04642220586538315,0.97675,0.9765489786261844,0.0770980689364175,0.25999999046325684,2.4414105862379074,nan,nan
mnist,topk_softmax_025,4,25,0.0435139425098896,0.978,0.9778040995984473,0.075964682114621,0.25999999046325684,2.441763609647751,nan,nan
mnist,topk_softmax_025,4,26,0.040828604251146317,0.97925,0.9790578123746989,0.07201181910932064,0.25999999046325684,2.4372552931308746,nan,nan
mnist,topk_softmax_025,4,27,0.03783223778009415,0.9765833333333334,0.976257561037488,0.08178280293941498,0.25999999046325684,2.436339875062307,nan,nan
mnist,topk_softmax_025,4,28,0.03709586709737778,0.9778333333333333,0.9776261255347153,0.07795941876247525,0.25999999046325684,2.4344943960507712,nan,nan
mnist,topk_softmax_025,4,29,0.03341301530599594,0.9791666666666666,0.9788943665598259,0.07816399664928515,0.25999999046325684,2.431793823838234,nan,nan
mnist,topk_softmax_025,5,0,1.5441008806228638,0.7055,0.6919112291149434,0.8507727608084679,0.25999999046325684,2.5143701086441674,nan,nan
mnist,topk_softmax_025,5,1,0.5858114957809448,0.8883333333333333,0.8865746666259744,0.3548854775726795,0.25999999046325684,2.494188512365023,nan,nan
mnist,topk_softmax_025,5,2,0.33928200602531433,0.927,0.9258549898383098,0.2387707643210888,0.25999999046325684,2.5033776263395944,nan,nan
mnist,topk_softmax_025,5,3,0.24759362637996674,0.932,0.9313143618311921,0.22040831732253233,0.25999999046325684,2.506888841589292,nan,nan
mnist,topk_softmax_025,5,4,0.21228262782096863,0.9479166666666666,0.9473349195917325,0.1706759346028169,0.25999999046325684,2.514135723312696,nan,nan
mnist,topk_softmax_025,5,5,0.17750704288482666,0.9580833333333333,0.9576441934488293,0.14318657387048006,0.25999999046325684,2.507735917965571,nan,nan
mnist,topk_softmax_025,5,6,0.16298291087150574,0.9568333333333333,0.9563353704864206,0.14234819573660693,0.25999999046325684,2.5084583163261414,nan,nan
mnist,topk_softmax_025,5,7,0.14145247638225555,0.9639166666666666,0.963594339385746,0.12033553700894117,0.25999999046325684,2.5052401274442673,nan,nan
mnist,topk_softmax_025,5,8,0.13254594802856445,0.9634166666666667,0.9630455551964786,0.12069086202730735,0.25999999046325684,2.5000378837188086,nan,nan
mnist,topk_softmax_025,5,9,0.11957314610481262,0.9580833333333333,0.9575056158468073,0.13887488842010498,0.25999999046325684,2.494671786824862,nan,nan
mnist,topk_softmax_025,5,10,0.10860355198383331,0.9638333333333333,0.9635975033760118,0.12112459043661754,0.25999999046325684,2.4933287103970847,nan,nan
mnist,topk_softmax_025,5,11,0.10329502075910568,0.9679166666666666,0.9675360662218789,0.10972658622389038,0.25999999046325684,2.4937495787938437,nan,nan
mnist,topk_softmax_025,5,12,0.09627743810415268,0.96875,0.968365956924979,0.10702273684243362,0.25999999046325684,2.491714025537173,nan,nan
mnist,topk_softmax_025,5,13,0.09004713594913483,0.969,0.96873491398584,0.09847502798462908,0.25999999046325684,2.487956076860428,nan,nan
mnist,topk_softmax_025,5,14,0.08211314678192139,0.9715833333333334,0.9712677418175606,0.09503256777922313,0.25999999046325684,2.4811062614123025,nan,nan
mnist,topk_softmax_025,5,15,0.08090803027153015,0.9735,0.9731881868221972,0.0886127791988353,0.25999999046325684,2.4808808267116547,nan,nan
mnist,topk_softmax_025,5,16,0.07755271345376968,0.9711666666666666,0.9708280911153192,0.09594344231300056,0.25999999046325684,2.476806412140528,nan,nan
mnist,topk_softmax_025,5,17,0.07505535334348679,0.9745833333333334,0.9742638576678528,0.08904641210877647,0.25999999046325684,2.4720031221707663,nan,nan
mnist,topk_softmax_025,5,18,0.0674816444516182,0.9743333333333334,0.9740406807846114,0.08669171963507931,0.25999999046325684,2.4689847280581794,nan,nan
mnist,topk_softmax_025,5,19,0.06643114984035492,0.97625,0.9759796410789703,0.08263194161312033,0.25999999046325684,2.471893608570099,nan,nan
mnist,topk_softmax_025,5,20,0.06116914004087448,0.9725833333333334,0.9722484066999673,0.08828817664956053,0.25999999046325684,2.468267763654391,nan,nan
mnist,topk_softmax_025,5,21,0.05682014673948288,0.97525,0.9749150942496595,0.08983323102196057,0.25999999046325684,2.464817355076472,nan,nan
mnist,topk_softmax_025,5,22,0.0560612753033638,0.9754166666666667,0.9751181511484409,0.08474129678991933,0.25999999046325684,2.4684735238552094,nan,nan
mnist,topk_softmax_025,5,23,0.05127761885523796,0.97725,0.9770142101603507,0.07866236218251288,0.25999999046325684,2.4593113909165063,nan,nan
mnist,topk_softmax_025,5,24,0.051334697753190994,0.97725,0.9769331583009604,0.0829593874514103,0.25999999046325684,2.454018418987592,nan,nan
mnist,topk_softmax_025,5,25,0.048724304884672165,0.97625,0.9760420461122887,0.08394432393833995,0.25999999046325684,2.457028776407242,nan,nan
mnist,topk_softmax_025,5,26,0.04981427267193794,0.9758333333333333,0.9756103246069502,0.0805230518259729,0.25999999046325684,2.4620386362075806,nan,nan
mnist,topk_softmax_025,5,27,0.0459437258541584,0.978,0.977761656229891,0.08104099504028757,0.25999999046325684,2.4515560468037925,nan,nan
mnist,topk_softmax_025,5,28,0.04118017107248306,0.9784166666666667,0.9781529623279024,0.07731631103282173,0.25999999046325684,2.4578849325577417,nan,nan
mnist,topk_softmax_025,5,29,0.044346172362565994,0.97825,0.9780603984325607,0.075615315620477,0.25999999046325684,2.4492973337570825,nan,nan
mnist,topk_softmax_025,6,0,1.6728965044021606,0.6455833333333333,0.6286283640149262,0.9781058679024378,0.25999999046325684,2.490408351023992,nan,nan
mnist,topk_softmax_025,6,1,0.6905664801597595,0.8603333333333333,0.8594423001828405,0.4482504390180111,0.25999999046325684,2.5079762587944665,nan,nan
mnist,topk_softmax_025,6,2,0.38353002071380615,0.90225,0.9016433597123443,0.3101311946908633,0.25999999046325684,2.5016950964927673,nan,nan
mnist,topk_softmax_025,6,3,0.2862713634967804,0.9204166666666667,0.9195733954099575,0.250068012624979,0.25999999046325684,2.4924631665150323,nan,nan
mnist,topk_softmax_025,6,4,0.23524144291877747,0.9315833333333333,0.9311030398212745,0.21097708928088346,0.25999999046325684,2.491962884863218,nan,nan
mnist,topk_softmax_025,6,5,0.19973768293857574,0.9395833333333333,0.9392125889613571,0.1906952733794848,0.25999999046325684,2.4875090519587197,nan,nan
mnist,topk_softmax_025,6,6,0.17505982518196106,0.9459166666666666,0.9456671493125708,0.16636820696294308,0.25999999046325684,2.4816228399674096,nan,nan
mnist,topk_softmax_025,6,7,0.15114223957061768,0.9505833333333333,0.9501170508098264,0.15124531369656324,0.25999999046325684,2.4732665916283927,nan,nan
mnist,topk_softmax_025,6,8,0.14337940514087677,0.9544166666666667,0.9540267806392082,0.13871534199764332,0.25999999046325684,2.4709447026252747,nan,nan
mnist,topk_softmax_025,6,9,0.12407859414815903,0.9579166666666666,0.9576128094442602,0.1274550644059976,0.25999999046325684,2.4730447928110757,nan,nan
mnist,topk_softmax_025,6,10,0.11592794954776764,0.9601666666666666,0.9598783670934754,0.12047160789370537,0.25999999046325684,2.4671570460001626,nan,nan
mnist,topk_softmax_025,6,11,0.10689497739076614,0.9635833333333333,0.9633093071303811,0.11282637311766545,0.25999999046325684,2.4644492516915,nan,nan
mnist,topk_softmax_025,6,12,0.10279005020856857,0.9623333333333334,0.9619808570401978,0.11624591083576281,0.25999999046325684,2.474387968579928,nan,nan
mnist,topk_softmax_025,6,13,0.09752712398767471,0.9678333333333333,0.9676371560567645,0.10102520355333884,0.25999999046325684,2.4670912623405457,nan,nan
mnist,topk_softmax_025,6,14,0.08746302872896194,0.9695,0.969204102154924,0.09555274310211341,0.25999999046325684,2.4673154105742774,nan,nan
mnist,topk_softmax_025,6,15,0.07977847009897232,0.9679166666666666,0.9676008687624122,0.10344258788973093,0.25999999046325684,2.450864831606547,nan,nan
mnist,topk_softmax_025,6,16,0.07829046994447708,0.97275,0.9725359716802657,0.08747204657023151,0.25999999046325684,2.469964404900869,nan,nan
mnist,topk_softmax_025,6,17,0.07107668370008469,0.9745833333333334,0.9743358036333571,0.08219960952798526,0.25999999046325684,2.4691776682933173,nan,nan
mnist,topk_softmax_025,6,18,0.06751491129398346,0.9745833333333334,0.9744076664826433,0.08402625781794389,0.25999999046325684,2.465314437945684,nan,nan
mnist,topk_softmax_025,6,19,0.0641755610704422,0.97325,0.972987221262669,0.0897347421074907,0.25999999046325684,2.4615671734015145,nan,nan
mnist,topk_softmax_025,6,20,0.05824016407132149,0.975,0.9747731856067123,0.08039770011479656,0.25999999046325684,2.463855564594269,nan,nan
mnist,topk_softmax_025,6,21,0.058128949254751205,0.9759166666666667,0.9756700626681528,0.08377707532296579,0.25999999046325684,2.4662482937177024,nan,nan
mnist,topk_softmax_025,6,22,0.056961726397275925,0.9720833333333333,0.971934190685738,0.08829424809664488,0.25999999046325684,2.4554247508446374,nan,nan
mnist,topk_softmax_025,6,23,0.05326574295759201,0.97675,0.9765094216919674,0.07994197867810726,0.25999999046325684,2.462835152943929,nan,nan
mnist,topk_softmax_025,6,24,0.052320368587970734,0.9753333333333334,0.9752047830651959,0.07685770901540916,0.25999999046325684,2.459558149178823,nan,nan
mnist,topk_softmax_025,6,25,0.050906114280223846,0.9761666666666666,0.9759875215562399,0.08088557654991746,0.25999999046325684,2.4549992084503174,nan,nan
mnist,topk_softmax_025,6,26,0.04608739912509918,0.9778333333333333,0.9775855064128122,0.0721758344831566,0.25999999046325684,2.45952840646108,nan,nan
mnist,topk_softmax_025,6,27,0.04448425769805908,0.97625,0.9760431616423494,0.08000731437156598,0.25999999046325684,2.4535848647356033,nan,nan
mnist,topk_softmax_025,6,28,0.04332539811730385,0.9759166666666667,0.9757407427032823,0.07873396777237456,0.25999999046325684,2.455144683519999,nan,nan
mnist,topk_softmax_025,6,29,0.03996460512280464,0.9788333333333333,0.9786458317071522,0.06911519992475708,0.25999999046325684,2.4515542139609656,nan,nan
mnist,topk_softmax_025,7,0,1.5647506713867188,0.7386666666666667,0.7319607047841051,0.7747766251365343,0.25999999046325684,2.51376103858153,nan,nan
mnist,topk_softmax_025,7,1,0.5430498719215393,0.8761666666666666,0.8747070365488432,0.39069387565056485,0.25999999046325684,2.49938236673673,nan,nan
mnist,topk_softmax_025,7,2,0.34645789861679077,0.91075,0.9097176075811333,0.28364798550804454,0.25999999046325684,2.4988562762737274,nan,nan
mnist,topk_softmax_025,7,3,0.2687608301639557,0.923,0.9225509224390288,0.24429400389393172,0.25999999046325684,2.4938926746447883,nan,nan
mnist,topk_softmax_025,7,4,0.21371187269687653,0.9350833333333334,0.9344896802383005,0.20704764500260353,0.25999999046325684,2.505219434698423,nan,nan
mnist,topk_softmax_025,7,5,0.18996252119541168,0.94275,0.9422569361177928,0.1888593609134356,0.25999999046325684,2.4970207661390305,nan,nan
mnist,topk_softmax_025,7,6,0.1637442260980606,0.94825,0.9479316024011121,0.16504390506694713,0.25999999046325684,2.49363482495149,nan,nan
mnist,topk_softmax_025,7,7,0.14442086219787598,0.9543333333333334,0.9540166012969177,0.1481545070807139,0.25999999046325684,2.490676606694857,nan,nan
mnist,topk_softmax_025,7,8,0.13014355301856995,0.95875,0.9583961890798884,0.13955094261715809,0.25999999046325684,2.4867459734280906,nan,nan
mnist,topk_softmax_025,7,9,0.11602783203125,0.9580833333333333,0.9577562495169454,0.1370742612828811,0.25999999046325684,2.4827330907185874,nan,nan
mnist,topk_softmax_025,7,10,0.11065509170293808,0.9588333333333333,0.9586258495304033,0.13603787620862326,0.25999999046325684,2.490920121471087,nan,nan
mnist,topk_softmax_025,7,11,0.10028667002916336,0.9675,0.9673037951253247,0.11418631114065647,0.25999999046325684,2.484562004605929,nan,nan
mnist,topk_softmax_025,7,12,0.0960388258099556,0.9661666666666666,0.9659327027205429,0.11269478003184001,0.25999999046325684,2.476389989256859,nan,nan
mnist,topk_softmax_025,7,13,0.08582817018032074,0.9686666666666667,0.9684845204957069,0.1021744570073982,0.25999999046325684,2.481363127628962,nan,nan
mnist,topk_softmax_025,7,14,0.08055053651332855,0.97025,0.9700826697396124,0.1006549159064889,0.25999999046325684,2.4805252104997635,nan,nan
mnist,topk_softmax_025,7,15,0.07232590019702911,0.9695,0.9692206560674741,0.10347132136424382,0.25999999046325684,2.4828740457693734,nan,nan
mnist,topk_softmax_025,7,16,0.07670401781797409,0.9700833333333333,0.969877146654326,0.10301579783360164,0.25999999046325684,2.4853838682174683,nan,nan
mnist,topk_softmax_025,7,17,0.06418152153491974,0.97175,0.9715417737651082,0.09459908989568551,0.25999999046325684,2.4855289409557977,nan,nan
mnist,topk_softmax_025,7,18,0.061784498393535614,0.9731666666666666,0.9729991253171704,0.09564714630444844,0.25999999046325684,2.485314349333445,nan,nan
mnist,topk_softmax_025,7,19,0.05751747265458107,0.97425,0.9741229542717426,0.09181088861078024,0.25999999046325684,2.4852416117986045,nan,nan
mnist,topk_softmax_025,7,20,0.05264703929424286,0.973,0.9727815529333907,0.09415658190846443,0.25999999046325684,2.4828700721263885,nan,nan
mnist,topk_softmax_025,7,21,0.05392314866185188,0.9709166666666667,0.9706404907258627,0.09916243220989902,0.25999999046325684,2.4818633049726486,nan,nan
mnist,topk_softmax_025,7,22,0.04793665185570717,0.97225,0.9721517351754144,0.10440512156734864,0.25999999046325684,2.4831482966740928,nan,nan
mnist,topk_softmax_025,7,23,0.04898848757147789,0.9771666666666666,0.9770054885098695,0.0825173018189768,0.25999999046325684,2.4816815803448358,nan,nan
mnist,topk_softmax_025,7,24,0.04672728106379509,0.9745,0.9743085064063803,0.09107366157695651,0.25999999046325684,2.4831810345252356,nan,nan
mnist,topk_softmax_025,7,25,0.043315064162015915,0.9785,0.9783538757364706,0.08368627013017733,0.25999999046325684,2.474954371651014,nan,nan
mnist,topk_softmax_025,7,26,0.04048620164394379,0.976,0.9758392300102011,0.08896102275078495,0.25999999046325684,2.478970095515251,nan,nan
mnist,topk_softmax_025,7,27,0.0412287637591362,0.9765833333333334,0.976377744028022,0.09045085916295648,0.25999999046325684,2.485660970211029,nan,nan
mnist,topk_softmax_025,7,28,0.037644825875759125,0.97725,0.9770768734520174,0.08406347284714381,0.25999999046325684,2.4785280923048654,nan,nan
mnist,topk_softmax_025,7,29,0.034566737711429596,0.9763333333333334,0.9760998362894249,0.08543215443690617,0.25999999046325684,2.471640040477117,nan,nan
mnist,topk_softmax_025,8,0,1.586186408996582,0.7225,0.713714452670253,0.8222579956054688,0.25999999046325684,2.549358313282331,nan,nan
mnist,topk_softmax_025,8,1,0.611384928226471,0.8726666666666667,0.8718119684245929,0.39555567875504494,0.25999999046325684,2.537145286798477,nan,nan
mnist,topk_softmax_025,8,2,0.3513779640197754,0.9131666666666667,0.9123071433871888,0.272471076498429,0.25999999046325684,2.519151732325554,nan,nan
mnist,topk_softmax_025,8,3,0.2629156708717346,0.9276666666666666,0.92720381986487,0.23051600779096285,0.25999999046325684,2.5121966699759164,nan,nan
mnist,topk_softmax_025,8,4,0.21907535195350647,0.9413333333333334,0.9409836110228167,0.18476231520374617,0.25999999046325684,2.5085365374883017,nan,nan
mnist,topk_softmax_025,8,5,0.18585048615932465,0.9518333333333333,0.9514321228948605,0.15054176095873117,0.25999999046325684,2.50099649031957,nan,nan
mnist,topk_softmax_025,8,6,0.16123341023921967,0.9519166666666666,0.951516716716091,0.15348646355172,0.25999999046325684,2.493276908993721,nan,nan
mnist,topk_softmax_025,8,7,0.14516115188598633,0.9609166666666666,0.9604791390155466,0.1245895962541302,0.25999999046325684,2.4826092620690665,nan,nan
mnist,topk_softmax_025,8,8,0.13422821462154388,0.9635,0.9631523122846646,0.11694659603138764,0.25999999046325684,2.4778841783603034,nan,nan
mnist,topk_softmax_025,8,9,0.12025543302297592,0.955,0.954446632374984,0.1438963587085406,0.25999999046325684,2.4698533564805984,nan,nan
mnist,topk_softmax_025,8,10,0.1112922802567482,0.9664166666666667,0.9662512756132051,0.10647256610294183,0.25999999046325684,2.461128388841947,nan,nan
mnist,topk_softmax_025,8,11,0.10275115817785263,0.9659166666666666,0.9656320258062294,0.11105153306076924,0.25999999046325684,2.4522593021392822,nan,nan
mnist,topk_softmax_025,8,12,0.09800847619771957,0.96925,0.9689228734640158,0.09825123753398657,0.25999999046325684,2.4449219952027,nan,nan
mnist,topk_softmax_025,8,13,0.0909772738814354,0.96825,0.9679736806911567,0.10089547637229164,0.25999999046325684,2.4403878897428513,nan,nan
mnist,topk_softmax_025,8,14,0.08454621583223343,0.972,0.971718669968095,0.08919439775248368,0.25999999046325684,2.4410580098629,nan,nan
mnist,topk_softmax_025,8,15,0.08475790172815323,0.9691666666666666,0.9687648202800464,0.09617086655149858,0.25999999046325684,2.4354176123936973,nan,nan
mnist,topk_softmax_025,8,16,0.07490862905979156,0.97325,0.9729885541354267,0.09135807476316889,0.25999999046325684,2.4375210305054984,nan,nan
mnist,topk_softmax_025,8,17,0.07475090771913528,0.9744166666666667,0.9741044905409,0.08636555991445978,0.25999999046325684,2.4335811734199524,nan,nan
mnist,topk_softmax_025,8,18,0.06496098637580872,0.9745,0.9742442579645283,0.08406140950197975,0.25999999046325684,2.433174878358841,nan,nan
mnist,topk_softmax_025,8,19,0.06383822858333588,0.9756666666666667,0.9754565295766341,0.0789318410679698,0.25999999046325684,2.4308929294347763,nan,nan
mnist,topk_softmax_025,8,20,0.06199824437499046,0.9748333333333333,0.9745418923343394,0.08051666244864464,0.25999999046325684,2.424770841995875,nan,nan
mnist,topk_softmax_025,8,21,0.059958312660455704,0.97525,0.9750488500628529,0.08643471403047442,0.25999999046325684,2.423211380839348,nan,nan
mnist,topk_softmax_025,8,22,0.05494391545653343,0.9733333333333334,0.973176184448047,0.08606559503823519,0.25999999046325684,2.422560299436251,nan,nan
mnist,topk_softmax_025,8,23,0.05279715359210968,0.9776666666666667,0.9775481085583781,0.07694531806434195,0.25999999046325684,2.4215875963370004,nan,nan
mnist,topk_softmax_025,8,24,0.05195534974336624,0.9781666666666666,0.9779861269939394,0.07124923806016643,0.25999999046325684,2.4195388009150824,nan,nan
mnist,topk_softmax_025,8,25,0.04607108235359192,0.9788333333333333,0.9785970800195974,0.07108388484145205,0.25999999046325684,2.416290193796158,nan,nan
mnist,topk_softmax_025,8,26,0.04575895518064499,0.9790833333333333,0.9789679864986388,0.06866373137260477,0.25999999046325684,2.4114932914574942,nan,nan
mnist,topk_softmax_025,8,27,0.043373994529247284,0.97725,0.9769999648471643,0.07565621690203746,0.25999999046325684,2.41783174375693,nan,nan
mnist,topk_softmax_025,8,28,0.04215596243739128,0.9755833333333334,0.9753268602674561,0.08155349300553401,0.25999999046325684,2.4116215209166207,nan,nan
mnist,topk_softmax_025,8,29,0.039954133331775665,0.9758333333333333,0.9756190109587392,0.07892956010376413,0.25999999046325684,2.4058330257733664,nan,nan
mnist,topk_softmax_025,9,0,1.545917272567749,0.692,0.6789633232874606,0.8607054402430853,0.25999999046325684,2.5185547868410745,nan,nan
mnist,topk_softmax_025,9,1,0.6416075229644775,0.8596666666666667,0.8574015941351238,0.4252163531879584,0.25999999046325684,2.527540147304535,nan,nan
mnist,topk_softmax_025,9,2,0.3893304169178009,0.8908333333333334,0.8902695701293547,0.3480761746565501,0.25999999046325684,2.5249052991469703,nan,nan
mnist,topk_softmax_025,9,3,0.28778964281082153,0.9303333333333333,0.929931406956689,0.22802316832045713,0.25999999046325684,2.527675062417984,nan,nan
mnist,topk_softmax_025,9,4,0.22608090937137604,0.9361666666666667,0.9365356423337319,0.20444009577234587,0.25999999046325684,2.522986580928167,nan,nan
mnist,topk_softmax_025,9,5,0.19060911238193512,0.9450833333333334,0.9449690126217991,0.17805671381453672,0.25999999046325684,2.520689239104589,nan,nan
mnist,topk_softmax_025,9,6,0.17128731310367584,0.9495,0.9493293541512768,0.15946607664227486,0.25999999046325684,2.5134976456562677,nan,nan
mnist,topk_softmax_025,9,7,0.14787441492080688,0.9591666666666666,0.9591160577998812,0.13003992040952048,0.25999999046325684,2.513765871524811,nan,nan
mnist,topk_softmax_025,9,8,0.13550174236297607,0.9635833333333333,0.9635728504412487,0.11928728533287843,0.25999999046325684,2.508775179584821,nan,nan
mnist,topk_softmax_025,9,9,0.12142839282751083,0.9643333333333334,0.9643278154460182,0.11900970805436373,0.25999999046325684,2.5024327586094537,nan,nan
mnist,topk_softmax_025,9,10,0.1102636381983757,0.9661666666666666,0.9661079656360612,0.1119081573560834,0.25999999046325684,2.5029881497224173,nan,nan
mnist,topk_softmax_025,9,11,0.10404486954212189,0.9655,0.9654488720166012,0.1138967073832949,0.25999999046325684,2.50133770207564,nan,nan
mnist,topk_softmax_025,9,12,0.09678875654935837,0.967,0.9669591868887872,0.107501153058062,0.25999999046325684,2.4999669045209885,nan,nan
mnist,topk_softmax_025,9,13,0.08653534948825836,0.96825,0.9682040667973059,0.10062889847904444,0.25999999046325684,2.496473471323649,nan,nan
mnist,topk_softmax_025,9,14,0.08221299201250076,0.9665833333333333,0.9665484489091026,0.10641734845315416,0.25999999046325684,2.495201160510381,nan,nan
mnist,topk_softmax_025,9,15,0.08036541938781738,0.9693333333333334,0.9693009161702779,0.10037344663093488,0.25999999046325684,2.4946388800938926,nan,nan
mnist,topk_softmax_025,9,16,0.07578454166650772,0.96725,0.9672769264697102,0.10186614189296961,0.25999999046325684,2.4902863999207816,nan,nan
mnist,topk_softmax_025,9,17,0.0677996277809143,0.9731666666666666,0.9731207507980436,0.08971988751242559,0.25999999046325684,2.4900057961543403,nan,nan
mnist,topk_softmax_025,9,18,0.06461017578840256,0.9728333333333333,0.9728355791489813,0.08760202039654057,0.25999999046325684,2.490904211997986,nan,nan
mnist,topk_softmax_025,9,19,0.06063678860664368,0.97325,0.9732488532240288,0.08407584228552878,0.25999999046325684,2.4906060844659805,nan,nan
mnist,topk_softmax_025,9,20,0.058281440287828445,0.9738333333333333,0.9738058557751976,0.08612561350067456,0.25999999046325684,2.489959975083669,nan,nan
mnist,topk_softmax_025,9,21,0.055683113634586334,0.97625,0.9762594163431249,0.07639178462947409,0.25999999046325684,2.4890732963879905,nan,nan
mnist,topk_softmax_025,9,22,0.05807376280426979,0.9731666666666666,0.9731375360649341,0.09008403743306796,0.25999999046325684,2.480294624964396,nan,nan
mnist,topk_softmax_025,9,23,0.04915369302034378,0.9768333333333333,0.9768276865855862,0.07689602579921484,0.25999999046325684,2.478836993376414,nan,nan
mnist,topk_softmax_025,9,24,0.04518952965736389,0.973,0.9730417198079525,0.08868074572334687,0.25999999046325684,2.4826835791269937,nan,nan
mnist,topk_softmax_025,9,25,0.04763070493936539,0.9775,0.977514912067654,0.08167842729017138,0.25999999046325684,2.479085609316826,nan,nan
mnist,topk_softmax_025,9,26,0.04535326734185219,0.9765,0.9765213197674004,0.08610636880621314,0.25999999046325684,2.4801459262768426,nan,nan
mnist,topk_softmax_025,9,27,0.04156562313437462,0.9770833333333333,0.9771166958947376,0.07718072785064578,0.25999999046325684,2.480440934499105,nan,nan
mnist,topk_softmax_025,9,28,0.04075000807642937,0.9780833333333333,0.978080414545963,0.0767113675052921,0.25999999046325684,2.4807415703932443,nan,nan
mnist,topk_softmax_025,9,29,0.03758389130234718,0.97975,0.9797697321658905,0.07133393781259656,0.25999999046325684,2.4778333256642022,nan,nan
mnist,topk_softmax_05,0,0,1.7345298528671265,0.6349166666666667,0.6276984466949167,1.0491551061471303,0.5,3.1815624684095383,nan,nan
mnist,topk_softmax_05,0,1,0.7544496059417725,0.84075,0.8367609280937259,0.48949407786130905,0.5,3.168181742231051,nan,nan
mnist,topk_softmax_05,0,2,0.4203506410121918,0.9006666666666666,0.8995727683126583,0.30720506484309834,0.5,3.1591189056634903,nan,nan
mnist,topk_softmax_05,0,3,0.29428577423095703,0.9258333333333333,0.92488980477094,0.23769276030361652,0.5,3.1477075964212418,nan,nan
mnist,topk_softmax_05,0,4,0.23208507895469666,0.9385,0.937647493172787,0.19745101717611155,0.5,3.1442232380310693,nan,nan
mnist,topk_softmax_05,0,5,0.19167256355285645,0.9476666666666667,0.947247478541769,0.16559020119408766,0.5,3.140710930029551,nan,nan
mnist,topk_softmax_05,0,6,0.16609391570091248,0.95,0.9496520136782312,0.1543539414803187,0.5,3.1353450616200766,nan,nan
mnist,topk_softmax_05,0,7,0.1495903879404068,0.95625,0.9559835276901353,0.13822741123537222,0.5,3.1301093846559525,nan,nan
mnist,topk_softmax_05,0,8,0.13159345090389252,0.9540833333333333,0.9536279752363394,0.14987158961594105,0.5,3.1214105983575187,nan,nan
mnist,topk_softmax_05,0,9,0.12702211737632751,0.9605,0.9602660043244011,0.12467669540395339,0.5,3.1173286388317742,nan,nan
mnist,topk_softmax_05,0,10,0.11032767593860626,0.9648333333333333,0.9645707208127465,0.11716631955156724,0.5,3.1137334257364273,nan,nan
mnist,topk_softmax_05,0,11,0.10128551721572876,0.9669166666666666,0.9667000376824362,0.1082852240651846,0.5,3.114158034324646,nan,nan
mnist,topk_softmax_05,0,12,0.09679681062698364,0.9683333333333334,0.9681091621400251,0.104487719014287,0.5,3.1076630602280297,nan,nan
mnist,topk_softmax_05,0,13,0.09121469408273697,0.96775,0.9675516974833966,0.10725491338719924,0.5,3.1071120699246726,nan,nan
mnist,topk_softmax_05,0,14,0.08424785733222961,0.9681666666666666,0.9678921701342909,0.10621059592813253,0.5,3.1025353322426477,nan,nan
mnist,topk_softmax_05,0,15,0.0806671604514122,0.9724166666666667,0.9722322423672237,0.09028292757769425,0.5,3.0967185348272324,nan,nan
mnist,topk_softmax_05,0,16,0.07464836537837982,0.9706666666666667,0.9704107999386394,0.1004416411742568,0.5,3.0924107233683267,nan,nan
mnist,topk_softmax_05,0,17,0.06806499511003494,0.9713333333333334,0.971223749336402,0.09590050981690486,0.5,3.0979189723730087,nan,nan
mnist,topk_softmax_05,0,18,0.06716203689575195,0.9731666666666666,0.9730004534939786,0.08930089712763827,0.5,3.090918709834417,nan,nan
mnist,topk_softmax_05,0,19,0.06584218144416809,0.9675833333333334,0.9672549319079442,0.10855373026182254,0.5,3.0852384716272354,nan,nan
mnist,topk_softmax_05,0,20,0.061970580369234085,0.9754166666666667,0.9752540395590975,0.08251688303425908,0.5,3.085289532939593,nan,nan
mnist,topk_softmax_05,0,21,0.058405447751283646,0.9744166666666667,0.97420506924579,0.08897828046853344,0.5,3.080433413386345,nan,nan
mnist,topk_softmax_05,0,22,0.05489195138216019,0.9729166666666667,0.9727486156301582,0.09425270495315392,0.5,3.0757615814606347,nan,nan
mnist,topk_softmax_05,0,23,0.05447155237197876,0.9743333333333334,0.9741574935589213,0.08685974621524413,0.5,3.072921102245649,nan,nan
mnist,topk_softmax_05,0,24,0.048763126134872437,0.97525,0.9751419025580098,0.08451289962977171,0.5,3.0729019989569983,nan,nan
mnist,topk_softmax_05,0,25,0.045631565153598785,0.9775,0.9773714564103184,0.079487480999281,0.5,3.0678222874800363,nan,nan
mnist,topk_softmax_05,0,26,0.043920859694480896,0.9766666666666667,0.9765330243643966,0.08760372269898653,0.5,3.0580464005470276,nan,nan
mnist,topk_softmax_05,0,27,0.04167310148477554,0.9780833333333333,0.97795016371568,0.07519508401552837,0.5,3.055680215358734,nan,nan
mnist,topk_softmax_05,0,28,0.037740275263786316,0.9753333333333334,0.975140613098173,0.08295604353770614,0.5,3.0649552841981254,nan,nan
mnist,topk_softmax_05,0,29,0.04310542717576027,0.9768333333333333,0.9766731879448581,0.07515023276209831,0.5,3.051151379942894,nan,nan
mnist,topk_softmax_05,1,0,1.7435142993927002,0.64675,0.6322225559767254,1.0188473016023636,0.5,3.0673594822486243,nan,nan
mnist,topk_softmax_05,1,1,0.7335078120231628,0.8606666666666667,0.8584674329201901,0.43856709947188693,0.5,3.1267857203880944,nan,nan
mnist,topk_softmax_05,1,2,0.42223358154296875,0.90525,0.9040924196028506,0.3062422213455041,0.5,3.132128278414408,nan,nan
mnist,topk_softmax_05,1,3,0.3053334653377533,0.9314166666666667,0.9305471425303597,0.2251699504752954,0.5,3.1394810328880944,nan,nan
mnist,topk_softmax_05,1,4,0.24134469032287598,0.9436666666666667,0.9430083941263451,0.18407796944181123,0.5,3.1275647431612015,nan,nan
mnist,topk_softmax_05,1,5,0.20426353812217712,0.9475833333333333,0.9468787822643625,0.17319582930455604,0.5,3.109373226761818,nan,nan
mnist,topk_softmax_05,1,6,0.18340331315994263,0.9564166666666667,0.955979345078896,0.14207794020573297,0.5,3.1115082651376724,nan,nan
mnist,topk_softmax_05,1,7,0.15407665073871613,0.95925,0.958901705430837,0.13494358863681555,0.5,3.108371396859487,nan,nan
mnist,topk_softmax_05,1,8,0.14402560889720917,0.9588333333333333,0.9585538681893091,0.12935522509117922,0.5,3.0927414844433465,nan,nan
mnist,topk_softmax_05,1,9,0.132975772023201,0.9630833333333333,0.9627841688953772,0.1177825452759862,0.5,3.0870977441469827,nan,nan
mnist,topk_softmax_05,1,10,0.11867254972457886,0.9605833333333333,0.9603487936450271,0.12866289789477983,0.5,3.085183307528496,nan,nan
mnist,topk_softmax_05,1,11,0.11185243725776672,0.9656666666666667,0.9653589963546475,0.11221325894196828,0.5,3.0769388377666473,nan,nan
mnist,topk_softmax_05,1,12,0.09962136298418045,0.96875,0.968480812325792,0.10228242709611853,0.5,3.0802773932615914,nan,nan
mnist,topk_softmax_05,1,13,0.09230184555053711,0.9683333333333334,0.9681252160924295,0.10346933376664917,0.5,3.069136088093122,nan,nan
mnist,topk_softmax_05,1,14,0.08900443464517593,0.9705,0.9702299534819717,0.09738931370278199,0.5,3.0631891638040543,nan,nan
mnist,topk_softmax_05,1,15,0.08489196747541428,0.9694166666666667,0.9690912889373372,0.09556287170077364,0.5,3.060771733522415,nan,nan
mnist,topk_softmax_05,1,16,0.07703140377998352,0.97175,0.9714850805051494,0.09557955355073015,0.5,3.063041682044665,nan,nan
mnist,topk_softmax_05,1,17,0.07639440894126892,0.97175,0.971638231937146,0.09285673219710588,0.5,3.065985848506292,nan,nan
mnist,topk_softmax_05,1,18,0.07152967900037766,0.9731666666666666,0.9729519006797853,0.08726003129656117,0.5,3.0710738946994147,nan,nan
mnist,topk_softmax_05,1,19,0.07206697016954422,0.97225,0.972036468849871,0.09077758093674977,0.5,3.0665343354145684,nan,nan
mnist,topk_softmax_05,1,20,0.0633048415184021,0.9736666666666667,0.9734100131919516,0.08329290306816499,0.5,3.06382218003273,nan,nan
mnist,topk_softmax_05,1,21,0.060196924954652786,0.97575,0.9756311696037777,0.08126619287456076,0.5,3.065419187148412,nan,nan
mnist,topk_softmax_05,1,22,0.061160601675510406,0.9760833333333333,0.9758836593538109,0.0854655501122276,0.5,3.0571413536866507,nan,nan
mnist,topk_softmax_05,1,23,0.05537198856472969,0.9750833333333333,0.9748516870415962,0.08460736259197195,0.5,3.051358312368393,nan,nan
mnist,topk_softmax_05,1,24,0.053430523723363876,0.97525,0.9750390137785491,0.08072502336775263,0.5,3.051823745171229,nan,nan
mnist,topk_softmax_05,1,25,0.055328771471977234,0.9734166666666667,0.9731325722310936,0.08978381597747405,0.5,3.0437846779823303,nan,nan
mnist,topk_softmax_05,1,26,0.047053538262844086,0.978,0.977792456687537,0.07789945066906512,0.5,3.0477011998494468,nan,nan
mnist,topk_softmax_05,1,27,0.045728422701358795,0.9770833333333333,0.9768713638800804,0.07987894226486485,0.5,3.045618380109469,nan,nan
mnist,topk_softmax_05,1,28,0.04967459663748741,0.9771666666666666,0.9769900397111255,0.08085139382941027,0.5,3.0535755455493927,nan,nan
mnist,topk_softmax_05,1,29,0.04427502304315567,0.9775833333333334,0.9773492915507,0.07944941784565647,0.5,3.031053215265274,nan,nan
mnist,topk_softmax_05,2,0,1.6254582405090332,0.6759166666666667,0.6547726697307554,0.9345612352093061,0.5,3.1339356352885566,nan,nan
mnist,topk_softmax_05,2,1,0.6299555897712708,0.87725,0.8743115182158154,0.39194797972838086,0.5,3.1321270863215127,nan,nan
mnist,topk_softmax_05,2,2,0.34506934881210327,0.9213333333333333,0.9202716916597422,0.26145111955702305,0.5,3.146238073706627,nan,nan
mnist,topk_softmax_05,2,3,0.2556130290031433,0.93275,0.9321404232935938,0.21670996646086374,0.5,3.154632086555163,nan,nan
mnist,topk_softmax_05,2,4,0.21216046810150146,0.942,0.9414368508112678,0.19123362439374128,0.5,3.149322787920634,nan,nan
mnist,topk_softmax_05,2,5,0.17836888134479523,0.95025,0.9497052389783882,0.1590416015436252,0.5,3.148621747891108,nan,nan
mnist,topk_softmax_05,2,6,0.15691830217838287,0.9559166666666666,0.9554523694552044,0.14531379224111637,0.5,3.141862134138743,nan,nan
mnist,topk_softmax_05,2,7,0.13929495215415955,0.9576666666666667,0.957324292141192,0.1399524693066875,0.5,3.142904654145241,nan,nan
mnist,topk_softmax_05,2,8,0.12394449859857559,0.9641666666666666,0.9638711021337057,0.11789169007291396,0.5,3.144025146961212,nan,nan
mnist,topk_softmax_05,2,9,0.11529224365949631,0.9615,0.9612513346314596,0.12018552826096614,0.5,3.1288956056038537,nan,nan
mnist,topk_softmax_05,2,10,0.10628111660480499,0.96625,0.9660678428466756,0.11128952757765849,0.5,3.1366413633028665,nan,nan
mnist,topk_softmax_05,2,11,0.09885799884796143,0.9636666666666667,0.9632399662880207,0.11484999054421981,0.5,3.1335980544487634,nan,nan
mnist,topk_softmax_05,2,12,0.09077540785074234,0.9688333333333333,0.9685934229758049,0.10259770695120096,0.5,3.1386778652668,nan,nan
mnist,topk_softmax_05,2,13,0.0859864205121994,0.9691666666666666,0.9687055565084725,0.10331958020105958,0.5,3.1292315870523453,nan,nan
mnist,topk_softmax_05,2,14,0.08022303879261017,0.9715833333333334,0.9712988724096794,0.0904142955938975,0.5,3.125161404410998,nan,nan
mnist,topk_softmax_05,2,15,0.07507214695215225,0.9704166666666667,0.9701366032068334,0.09257114601011078,0.5,3.118574097752571,nan,nan
mnist,topk_softmax_05,2,16,0.06928074359893799,0.9731666666666666,0.9728848949175701,0.08626610537370046,0.5,3.1292794595162072,nan,nan
mnist,topk_softmax_05,2,17,0.06401597708463669,0.9734166666666667,0.973275498350012,0.08762311407675345,0.5,3.122089132666588,nan,nan
mnist,topk_softmax_05,2,18,0.06144162267446518,0.9771666666666666,0.9769234117337252,0.07929099964288373,0.5,3.117730215191841,nan,nan
mnist,topk_softmax_05,2,19,0.05789162963628769,0.977,0.9767656579860097,0.07511157084566851,0.5,3.124612644314766,nan,nan
mnist,topk_softmax_05,2,20,0.05444013699889183,0.9724166666666667,0.9720812782449793,0.09824591300760706,0.5,3.120236103733381,nan,nan
mnist,topk_softmax_05,2,21,0.05329669639468193,0.9741666666666666,0.9739361744234916,0.08405108439425628,0.5,3.110116799672445,nan,nan
mnist,topk_softmax_05,2,22,0.04917284473776817,0.97275,0.9724314915226534,0.08956052487095197,0.5,3.110262095928192,nan,nan
mnist,topk_softmax_05,2,23,0.049149684607982635,0.9779166666666667,0.9777765964010466,0.07674141282526155,0.5,3.122952709595362,nan,nan
mnist,topk_softmax_05,2,24,0.04565014690160751,0.9743333333333334,0.97411292541892,0.08633384372418125,0.5,3.112756376465162,nan,nan
mnist,topk_softmax_05,2,25,0.04649230092763901,0.97725,0.97700418308793,0.07883420097641647,0.5,3.108220641811689,nan,nan
mnist,topk_softmax_05,2,26,0.03960049897432327,0.9756666666666667,0.9754336591728446,0.08038719153652589,0.5,3.1105743050575256,nan,nan
mnist,topk_softmax_05,2,27,0.04397272318601608,0.9720833333333333,0.9717505031062894,0.09608586132526398,0.5,3.1067223151524863,nan,nan
mnist,topk_softmax_05,2,28,0.042576201260089874,0.9789166666666667,0.9786703074837982,0.07477775957280149,0.5,3.1101597398519516,nan,nan
mnist,topk_softmax_05,2,29,0.03705534711480141,0.9779166666666667,0.9776269038391631,0.07698841377471884,0.5,3.1024364084005356,nan,nan
mnist,topk_softmax_05,3,0,1.6711732149124146,0.6605,0.6485073226194548,0.9391011521220207,0.5,3.142933929959933,nan,nan
mnist,topk_softmax_05,3,1,0.6557950377464294,0.8536666666666667,0.8526293863248915,0.44911134739716846,0.5,3.152773236234983,nan,nan
mnist,topk_softmax_05,3,2,0.38267096877098083,0.90775,0.9064886382089883,0.296832491333286,0.5,3.157377233107885,nan,nan
mnist,topk_softmax_05,3,3,0.27924835681915283,0.92425,0.9235209250655263,0.2501427674045165,0.5,3.1545269091924033,nan,nan
mnist,topk_softmax_05,3,4,0.2286059558391571,0.93925,0.9388889416864069,0.19905650429427624,0.5,3.1415681143601737,nan,nan
mnist,topk_softmax_05,3,5,0.19293583929538727,0.947,0.9468095217306469,0.17050351419796547,0.5,3.1461490442355475,nan,nan
mnist,topk_softmax_05,3,6,0.17550723254680634,0.95,0.9498775948163927,0.16140170892079672,0.5,3.149741808573405,nan,nan
mnist,topk_softmax_05,3,7,0.15463434159755707,0.9545833333333333,0.9544929336558183,0.14450528162221113,0.5,3.1446714202562966,nan,nan
mnist,topk_softmax_05,3,8,0.1403656005859375,0.9605833333333333,0.9603831798177078,0.13066138916959366,0.5,3.136715884009997,nan,nan
mnist,topk_softmax_05,3,9,0.1263311803340912,0.9581666666666667,0.9580973905995167,0.1288043111562729,0.5,3.1323879857858024,nan,nan
mnist,topk_softmax_05,3,10,0.11982117593288422,0.9635833333333333,0.963364300375329,0.11701028949270646,0.5,3.123878389596939,nan,nan
mnist,topk_softmax_05,3,11,0.10576718300580978,0.9646666666666667,0.9645341610685874,0.1111400139828523,0.5,3.115247612198194,nan,nan
mnist,topk_softmax_05,3,12,0.0994064137339592,0.9628333333333333,0.9625866811236634,0.1244880488763253,0.5,3.117174302538236,nan,nan
mnist,topk_softmax_05,3,13,0.0918690487742424,0.9683333333333334,0.9681610783810657,0.10953757384171088,0.5,3.1137173920869827,nan,nan
mnist,topk_softmax_05,3,14,0.08770092576742172,0.9686666666666667,0.9686380811814608,0.10031312486777703,0.5,3.1096399476130805,nan,nan
mnist,topk_softmax_05,3,15,0.083071269094944,0.9715833333333334,0.9714235869704874,0.09114693912367026,0.5,3.104539970556895,nan,nan
mnist,topk_softmax_05,3,16,0.07530199736356735,0.9679166666666666,0.9676451908109422,0.10352950884650151,0.5,3.1067297210295997,nan,nan
mnist,topk_softmax_05,3,17,0.07468875497579575,0.9710833333333333,0.971009672813952,0.09712775439644854,0.5,3.0961893498897552,nan,nan
mnist,topk_softmax_05,3,18,0.07020016014575958,0.9699166666666666,0.9696803591610348,0.09740966527412336,0.5,3.098162074883779,nan,nan
mnist,topk_softmax_05,3,19,0.0665009543299675,0.97275,0.9726195269916579,0.08989370598768194,0.5,3.0886308749516806,nan,nan
mnist,topk_softmax_05,3,20,0.0632895901799202,0.97525,0.9751514323393942,0.08182063853989045,0.5,3.0879111339648566,nan,nan
mnist,topk_softmax_05,3,21,0.058492258191108704,0.9754166666666667,0.9752444318367676,0.08156952168792486,0.5,3.0895143498977027,nan,nan
mnist,topk_softmax_05,3,22,0.056342463940382004,0.9744166666666667,0.9743617541476688,0.08873134184007843,0.5,3.0882190267244973,nan,nan
mnist,topk_softmax_05,3,23,0.05724063515663147,0.97575,0.9756122725321795,0.08125537385543187,0.5,3.0785307437181473,nan,nan
mnist,topk_softmax_05,3,24,0.052641551941633224,0.9758333333333333,0.9756394428470305,0.08392454218119383,0.5,3.08328107992808,nan,nan
mnist,topk_softmax_05,3,25,0.050908736884593964,0.9775,0.9773828869586222,0.0790214544783036,0.5,3.0826522509256997,nan,nan
mnist,topk_softmax_05,3,26,0.04734411463141441,0.9770833333333333,0.9769636300303984,0.07894961722195148,0.5,3.073092589775721,nan,nan
mnist,topk_softmax_05,3,27,0.04508562013506889,0.97575,0.9756763463228209,0.08118843147531152,0.5,3.074909637371699,nan,nan
mnist,topk_softmax_05,3,28,0.04367096349596977,0.97475,0.9745629339049453,0.09007628324131171,0.5,3.0785938501358032,nan,nan
mnist,topk_softmax_05,3,29,0.04263259470462799,0.9775,0.9773778287222713,0.08187307852009933,0.5,3.067848707238833,nan,nan
mnist,topk_softmax_05,4,0,1.8719083070755005,0.56825,0.5419225435603079,1.18581256767114,0.5,3.1893601218859353,nan,nan
mnist,topk_softmax_05,4,1,0.7616916298866272,0.8433333333333334,0.841027521581488,0.47591910511255264,0.5,3.1849259535471597,nan,nan
mnist,topk_softmax_05,4,2,0.39906740188598633,0.91,0.9087707298205526,0.2848160962263743,0.5,3.177625000476837,nan,nan
mnist,topk_softmax_05,4,3,0.3025599718093872,0.9300833333333334,0.9295336397392513,0.22170145188768706,0.5,3.160213733712832,nan,nan
mnist,topk_softmax_05,4,4,0.24192968010902405,0.9414166666666667,0.9407972757301977,0.18427666152517,0.5,3.1459050476551056,nan,nan
mnist,topk_softmax_05,4,5,0.20436999201774597,0.9508333333333333,0.950429546647818,0.16037210387488207,0.5,3.141572743654251,nan,nan
mnist,topk_softmax_05,4,6,0.18419957160949707,0.9533333333333334,0.9528915175242307,0.14889333148797354,0.5,3.1280828018983207,nan,nan
mnist,topk_softmax_05,4,7,0.16326598823070526,0.9561666666666667,0.9560448733296767,0.13573589455336332,0.5,3.121669446428617,nan,nan
mnist,topk_softmax_05,4,8,0.15116575360298157,0.9609166666666666,0.9605844048846703,0.12563077422479788,0.5,3.11504232386748,nan,nan
mnist,topk_softmax_05,4,9,0.13404276967048645,0.9673333333333334,0.9670866048430578,0.10422877284387748,0.5,3.108080064256986,nan,nan
mnist,topk_softmax_05,4,10,0.12495773285627365,0.9648333333333333,0.9645971819506902,0.10989703548451264,0.5,3.0998328725496926,nan,nan
mnist,topk_softmax_05,4,11,0.11301415413618088,0.96825,0.9680025021716343,0.09477066155523062,0.5,3.095368633667628,nan,nan
mnist,topk_softmax_05,4,12,0.10420608520507812,0.9686666666666667,0.9684925812331917,0.09428028513987859,0.5,3.085740700364113,nan,nan
mnist,topk_softmax_05,4,13,0.09972693026065826,0.9620833333333333,0.962081605075975,0.11407608756174643,0.5,3.0863831688960395,nan,nan
mnist,topk_softmax_05,4,14,0.09982789307832718,0.9724166666666667,0.9722171389422918,0.08554526433969538,0.5,3.0793515096108117,nan,nan
mnist,topk_softmax_05,4,15,0.08459702879190445,0.9708333333333333,0.970797632833954,0.09075280309965213,0.5,3.078739350040754,nan,nan
mnist,topk_softmax_05,4,16,0.07959894835948944,0.9644166666666667,0.964201808693743,0.10877499543130398,0.5,3.073879912495613,nan,nan
mnist,topk_softmax_05,4,17,0.07528943568468094,0.9748333333333333,0.974631620418965,0.08026880910620093,0.5,3.0704322208960853,nan,nan
mnist,topk_softmax_05,4,18,0.07336021214723587,0.9751666666666666,0.975016999472247,0.078738399160405,0.5,3.069749414920807,nan,nan
mnist,topk_softmax_05,4,19,0.0694451704621315,0.9751666666666666,0.9749652343464212,0.0798636597270767,0.5,3.0601003021001816,nan,nan
mnist,topk_softmax_05,4,20,0.06407279521226883,0.9754166666666667,0.9752611739794341,0.07797462726011872,0.5,3.0620731910069785,nan,nan
mnist,topk_softmax_05,4,21,0.062372077256441116,0.9758333333333333,0.9756685476167309,0.07606449459368984,0.5,3.0552892734607062,nan,nan
mnist,topk_softmax_05,4,22,0.05895672366023064,0.9776666666666667,0.977531927681401,0.07520014404629667,0.5,3.0518607745567956,nan,nan
mnist,topk_softmax_05,4,23,0.0576915368437767,0.9800833333333333,0.9799647561387778,0.0650816912141939,0.5,3.045436809460322,nan,nan
mnist,topk_softmax_05,4,24,0.05271920934319496,0.9734166666666667,0.9730899311343049,0.08513427261884014,0.5,3.0511162132024765,nan,nan
mnist,topk_softmax_05,4,25,0.04979995638132095,0.97875,0.9786108192785752,0.07009974742929141,0.5,3.045899271965027,nan,nan
mnist,topk_softmax_05,4,26,0.04886504262685776,0.9740833333333333,0.9738594570523397,0.08123066710929076,0.5,3.0470168938239417,nan,nan
mnist,topk_softmax_05,4,27,0.04693464934825897,0.976,0.9757748234927852,0.08248330590625604,0.5,3.0450297792752585,nan,nan
mnist,topk_softmax_05,4,28,0.04719943925738335,0.9765833333333334,0.9765292864052786,0.076523557305336,0.5,3.041268467903137,nan,nan
mnist,topk_softmax_05,5,0,1.6582282781600952,0.6778333333333333,0.6614545825391097,0.9428446268041929,0.49996841078003246,3.0304727206627526,nan,nan
mnist,topk_softmax_05,5,1,0.6441638469696045,0.8583333333333333,0.8566941987466269,0.42291010171175003,0.49995279622574645,3.0738002210855484,nan,nan
mnist,topk_softmax_05,5,2,0.39572009444236755,0.90725,0.9057094016026133,0.2974501183877389,0.49999590776860714,3.070485586921374,nan,nan
mnist,topk_softmax_05,5,3,0.2857775390148163,0.9275,0.9264085279395011,0.23194053210318089,0.5,3.072665184736252,nan,nan
mnist,topk_softmax_05,5,4,0.23466932773590088,0.9411666666666667,0.9404804945595007,0.18524279817938805,0.5,3.0913126717011132,nan,nan
mnist,topk_softmax_05,5,5,0.19591966271400452,0.9515,0.9507900722405445,0.16276266115407148,0.5,3.0895007103681564,nan,nan
mnist,topk_softmax_05,5,6,0.1742849051952362,0.9516666666666667,0.9511196691056858,0.15271402367701134,0.5,3.0967675199111304,nan,nan
mnist,topk_softmax_05,5,7,0.16147874295711517,0.9570833333333333,0.9565558930690724,0.13562764382610717,0.5,3.102127969264984,nan,nan
mnist,topk_softmax_05,5,8,0.14542311429977417,0.95975,0.9592361603954218,0.1310772824411591,0.5,3.0962096552054086,nan,nan
mnist,topk_softmax_05,5,9,0.13350477814674377,0.9586666666666667,0.958025833183268,0.13375460232297579,0.5,3.0988367895285287,nan,nan
mnist,topk_softmax_05,5,10,0.12187869101762772,0.9623333333333334,0.9618272728413002,0.12190370541065931,0.5,3.089896470308304,nan,nan
mnist,topk_softmax_05,5,11,0.11643896251916885,0.9634166666666667,0.962921009187921,0.11763895054658254,0.5,3.0942330608765283,nan,nan
mnist,topk_softmax_05,5,12,0.10720396786928177,0.9665,0.9661170594269745,0.10428770460809271,0.5,3.0982759445905685,nan,nan
mnist,topk_softmax_05,5,13,0.10020243376493454,0.9681666666666666,0.9678108876137097,0.10072094869489472,0.5,3.096590210994085,nan,nan
mnist,topk_softmax_05,5,14,0.0923372134566307,0.9721666666666666,0.9718221405230612,0.0890863356180489,0.5,3.0981736381848655,nan,nan
mnist,topk_softmax_05,5,15,0.08735014498233795,0.9711666666666666,0.9707944005011153,0.09448992166047294,0.5,3.095126504699389,nan,nan
mnist,topk_softmax_05,5,16,0.08414483070373535,0.9733333333333334,0.9730575192360185,0.08698575633267562,0.5,3.091577594478925,nan,nan
mnist,topk_softmax_05,5,17,0.07803858816623688,0.9725833333333334,0.9722297417253927,0.08596316802625854,0.5,3.0868446975946426,nan,nan
mnist,topk_softmax_05,5,18,0.07139552384614944,0.9741666666666666,0.9738195261546982,0.08349579262236755,0.5,3.083373472094536,nan,nan
mnist,topk_softmax_05,5,19,0.07221641391515732,0.9719166666666667,0.9715901278752537,0.09207201795652509,0.5,3.0740521053473153,nan,nan
mnist,topk_softmax_05,5,20,0.06779176741838455,0.97275,0.972399986483404,0.08782847179099917,0.5,3.0850720554590225,nan,nan
mnist,topk_softmax_05,5,21,0.06695427745580673,0.9750833333333333,0.974796749817503,0.08209943817928433,0.5,3.0731119513511658,nan,nan
mnist,topk_softmax_05,5,22,0.06310815364122391,0.97525,0.9749950791536408,0.08048766246065497,0.5,3.0856008330980935,nan,nan
mnist,topk_softmax_05,5,23,0.0574318952858448,0.97625,0.9759692097268491,0.08120401832275093,0.5,3.06973967452844,nan,nan
mnist,topk_softmax_05,5,24,0.05624008923768997,0.97425,0.9738989658950322,0.07859624821382265,0.5,3.0711446007092795,nan,nan
mnist,topk_softmax_05,5,25,0.05287936329841614,0.978,0.9777629034763168,0.0723070577563097,0.5,3.0723929405212402,nan,nan
mnist,topk_softmax_05,5,26,0.050863027572631836,0.97625,0.976040327328463,0.0761837405928721,0.5,3.0706363767385483,nan,nan
mnist,topk_softmax_05,5,27,0.05110928788781166,0.97675,0.9765049290549468,0.07415267064546545,0.5,3.0388151556253433,nan,nan
mnist,topk_softmax_05,5,28,0.04954780265688896,0.9783333333333334,0.9780395943272495,0.07095763203687966,0.5,3.0464830150206885,nan,nan
mnist,topk_softmax_05,5,29,0.04510372132062912,0.9796666666666667,0.9794904110971407,0.07089836150407791,0.5,3.047959859172503,nan,nan
mnist,topk_softmax_05,6,0,1.7906438112258911,0.6119166666666667,0.5896289448325562,1.1038170903921127,0.5,3.087974041700363,nan,nan
mnist,topk_softmax_05,6,1,0.7795261144638062,0.8339166666666666,0.83082149448377,0.5237131007015705,0.5,3.042408918341001,nan,nan
mnist,topk_softmax_05,6,2,0.4167954623699188,0.908,0.9072975339682932,0.3049189355224371,0.5,3.0554078817367554,nan,nan
mnist,topk_softmax_05,6,3,0.2930278182029724,0.92325,0.9225902459312124,0.24723024604221186,0.5,3.0575296729803085,nan,nan
mnist,topk_softmax_05,6,4,0.23819784820079803,0.9334166666666667,0.9327510593607753,0.21209215745329857,0.5,3.063698505361875,nan,nan
mnist,topk_softmax_05,6,5,0.20041164755821228,0.9446666666666667,0.9441798138766497,0.17363600929578146,0.5,3.0733542243639627,nan,nan
mnist,topk_softmax_05,6,6,0.1765204668045044,0.9465833333333333,0.9462410026420607,0.16459536676605543,0.5,3.0706021984418235,nan,nan
mnist,topk_softmax_05,6,7,0.15777194499969482,0.9459166666666666,0.945378183738768,0.17371733548740545,0.5,3.0663496553897858,nan,nan
mnist,topk_softmax_05,6,8,0.14114052057266235,0.9590833333333333,0.9586657716944915,0.133705354295671,0.5,3.061763644218445,nan,nan
mnist,topk_softmax_05,6,9,0.12291208654642105,0.9635,0.9632530468801208,0.1156049653266867,0.5,3.0560860435167947,nan,nan
mnist,topk_softmax_05,6,10,0.11566819995641708,0.9625,0.9621509065939758,0.12140175420790911,0.5,3.0515724569559097,nan,nan
mnist,topk_softmax_05,6,11,0.10686084628105164,0.969,0.9687871468340716,0.09899690949047606,0.5,3.0656515707572303,nan,nan
mnist,topk_softmax_05,6,12,0.09963743388652802,0.9675,0.9672124837829259,0.10429301454375188,0.5,3.0523890405893326,nan,nan
mnist,topk_softmax_05,6,13,0.0910441055893898,0.9706666666666667,0.9704183316327055,0.0934384404681623,0.5,3.0490379432837167,nan,nan
mnist,topk_softmax_05,6,14,0.08268670737743378,0.9721666666666666,0.9719672291082887,0.08914159533257286,0.5,3.050209586819013,nan,nan
mnist,topk_softmax_05,6,15,0.07945143431425095,0.97175,0.9715032980129606,0.09149702017505963,0.5,3.059316630164782,nan,nan
mnist,topk_softmax_05,6,16,0.07928426563739777,0.9745833333333334,0.9743320874603555,0.08125131592775385,0.5,3.064006785551707,nan,nan
mnist,topk_softmax_05,6,17,0.06824380159378052,0.9759166666666667,0.9756844402118595,0.07850374033053716,0.5,3.0547791024049125,nan,nan
mnist,topk_softmax_05,6,18,0.0689452514052391,0.9755,0.9752341598492095,0.08014686654011409,0.5,3.05036893983682,nan,nan
mnist,topk_softmax_05,6,19,0.0608564168214798,0.9745,0.974191484844859,0.08745273280267914,0.5,3.0527692437171936,nan,nan
mnist,topk_softmax_05,6,20,0.06084214523434639,0.97625,0.9759843140172201,0.07966359844431281,0.5,3.051351631681124,nan,nan
mnist,topk_softmax_05,6,21,0.05894096568226814,0.9764166666666667,0.9761626973414967,0.07909559287751715,0.5,3.0699456483125687,nan,nan
mnist,topk_softmax_05,6,22,0.054290078580379486,0.9785,0.978280413633365,0.07174265307063858,0.5,3.0479050676027932,nan,nan
mnist,topk_softmax_05,6,23,0.055150680243968964,0.97725,0.9770548963168411,0.07624226932724316,0.5,3.048924977580706,nan,nan
mnist,topk_softmax_05,6,24,0.05151572450995445,0.9775833333333334,0.9773841477281386,0.07753391657024622,0.5,3.037712315718333,nan,nan
mnist,topk_softmax_05,6,25,0.04607580602169037,0.981,0.9808670776532225,0.06691057949016492,0.5,3.0426313479741416,nan,nan
mnist,topk_softmax_05,6,26,0.04776429012417793,0.97775,0.9775509821671315,0.07081929051006834,0.5,3.05112786591053,nan,nan
mnist,topk_softmax_05,6,27,0.04418167471885681,0.97725,0.9770067413394642,0.07785712586094935,0.5,3.0418354521195092,nan,nan
mnist,topk_softmax_05,6,28,0.04245943948626518,0.97925,0.9790520496831496,0.07286861414710681,0.5,3.042265936732292,nan,nan
mnist,topk_softmax_05,6,29,0.04151582717895508,0.9800833333333333,0.9798845584619759,0.07001515462373693,0.5,3.049838120738665,nan,nan
mnist,topk_softmax_05,7,0,1.6822361946105957,0.6534166666666666,0.6448485916204393,0.9809539094567299,0.5,2.998075231909752,nan,nan
mnist,topk_softmax_05,7,1,0.6807339787483215,0.8568333333333333,0.8549762805084313,0.4445922113955021,0.5,3.0807018478711448,nan,nan
mnist,topk_softmax_05,7,2,0.38515758514404297,0.9128333333333334,0.9117357079829272,0.2868544328957796,0.5,3.1011343648036322,nan,nan
mnist,topk_softmax_05,7,3,0.2752586901187897,0.9263333333333333,0.9257777335162996,0.2417343147099018,0.5,3.129199276367823,nan,nan
mnist,topk_softmax_05,7,4,0.22349871695041656,0.9365,0.9358102370865913,0.21079590482016405,0.5,3.1310083468755088,nan,nan
mnist,topk_softmax_05,7,5,0.19455888867378235,0.9441666666666667,0.9437260498741621,0.17681819386780262,0.5,3.126638561487198,nan,nan
mnist,topk_softmax_05,7,6,0.16676431894302368,0.9531666666666667,0.9528852149586189,0.15135725804915032,0.5,3.1221768309672675,nan,nan
mnist,topk_softmax_05,7,7,0.14516380429267883,0.9545833333333333,0.9542922751325307,0.1452048122882843,0.5,3.114347259203593,nan,nan
mnist,topk_softmax_05,7,8,0.12839862704277039,0.9601666666666666,0.9599964013084392,0.1260998264575998,0.5,3.11360232035319,nan,nan
mnist,topk_softmax_05,7,9,0.11997931450605392,0.9578333333333333,0.9576067777726436,0.12913652881979942,0.5,3.107720211148262,nan,nan
mnist,topk_softmax_05,7,10,0.10905001312494278,0.9644166666666667,0.964166653776906,0.11635487495611112,0.5,3.099180981516838,nan,nan
mnist,topk_softmax_05,7,11,0.09946240484714508,0.968,0.967841270897819,0.1055584023706615,0.5,3.0918046981096268,nan,nan
mnist,topk_softmax_05,7,12,0.09092893451452255,0.968,0.9678105343825255,0.10308460208276908,0.5,3.0945507685343423,nan,nan
mnist,topk_softmax_05,7,13,0.08653829991817474,0.9704166666666667,0.9702309007270026,0.09742421967287858,0.5,3.0808916687965393,nan,nan
mnist,topk_softmax_05,7,14,0.07938431203365326,0.9670833333333333,0.9668334880690106,0.10501371898377936,0.5,3.076204498608907,nan,nan
mnist,topk_softmax_05,7,15,0.07764754444360733,0.9710833333333333,0.9708552366447971,0.09276248949269454,0.5,3.0684818675120673,nan,nan
mnist,topk_softmax_05,7,16,0.07395774871110916,0.97275,0.9725688934124591,0.0921787239300708,0.5,3.0748963902393975,nan,nan
mnist,topk_softmax_05,7,17,0.06422120332717896,0.9754166666666667,0.9752414070631108,0.08544743371506532,0.5,3.0756561060746512,nan,nan
mnist,topk_softmax_05,7,18,0.06102297082543373,0.9751666666666666,0.975002815009718,0.08390224352478981,0.5,3.07021331290404,nan,nan
mnist,topk_softmax_05,7,19,0.059005703777074814,0.9755,0.9753799724041203,0.08559785783290863,0.5,3.0607210298379264,nan,nan
mnist,topk_softmax_05,7,20,0.05516558513045311,0.975,0.9748080130000266,0.08537770140295227,0.5,3.06372964878877,nan,nan
mnist,topk_softmax_05,7,21,0.05797877907752991,0.97475,0.9746175083609939,0.0886442285651962,0.5,3.045076767603556,nan,nan
mnist,topk_softmax_05,7,22,0.05195052549242973,0.9751666666666666,0.9750308239923697,0.08995900489389896,0.5,3.044170210758845,nan,nan
mnist,topk_softmax_05,7,23,0.047647882252931595,0.9745,0.9743452372693767,0.09246677486225963,0.5,3.0568752686182656,nan,nan
mnist,topk_softmax_05,7,24,0.04849035665392876,0.9736666666666667,0.9735449683571831,0.09434062987565994,0.5,3.054172992706299,nan,nan
mnist,topk_softmax_05,8,0,1.7179666757583618,0.6846666666666666,0.6779083054686531,0.9404424453775088,0.5,3.192603180805842,nan,nan
mnist,topk_softmax_05,8,1,0.7361816763877869,0.8475833333333334,0.8458300956732726,0.4608966497083505,0.5,3.1674114813407264,nan,nan
mnist,topk_softmax_05,8,2,0.39751899242401123,0.9044166666666666,0.9039212202732934,0.29277054344614345,0.5,3.1515242010354996,nan,nan
mnist,topk_softmax_05,8,3,0.2854054868221283,0.9288333333333333,0.9284267217583692,0.22284159374733767,0.5,3.144320478041967,nan,nan
mnist,topk_softmax_05,8,4,0.2285875678062439,0.9405,0.9403429564795353,0.1873690808812777,0.5,3.140832548340162,nan,nan
mnist,topk_softmax_05,8,5,0.1985459178686142,0.9485,0.9483638682783428,0.16699692917366823,0.5,3.132616952061653,nan,nan
mnist,topk_softmax_05,8,6,0.1680452972650528,0.95075,0.9506745369327444,0.16006267381211123,0.5,3.1370199024677277,nan,nan
mnist,topk_softmax_05,8,7,0.15264737606048584,0.9571666666666667,0.9569053142952697,0.13446258381009102,0.5,3.1249369432528815,nan,nan
mnist,topk_softmax_05,8,8,0.14166580140590668,0.95575,0.9557264964391587,0.13721551218380532,0.5,3.122930367787679,nan,nan
mnist,topk_softmax_05,8,9,0.12976621091365814,0.9614166666666667,0.9612619678001775,0.12302723061293364,0.5,3.1182335962851844,nan,nan
mnist,topk_softmax_05,8,10,0.11463609337806702,0.9634166666666667,0.9630689681742004,0.1151282222320636,0.5,3.1137701521317163,nan,nan
mnist,topk_softmax_05,8,11,0.11083485931158066,0.9641666666666666,0.9637397476776612,0.11713625149180491,0.5,3.107892314592997,nan,nan
mnist,topk_softmax_05,8,12,0.10158436745405197,0.96825,0.9680459255035544,0.10160517506301403,0.5,3.105993390083313,nan,nan
mnist,topk_softmax_05,8,13,0.09486476331949234,0.96675,0.9665644641246722,0.11419308030356963,0.5,3.1044741620620093,nan,nan
mnist,topk_softmax_05,8,14,0.0925235003232956,0.9674166666666667,0.9670431886467812,0.10309044520060222,0.5,3.1036549657583237,nan,nan
mnist,topk_softmax_05,8,15,0.09103302657604218,0.9678333333333333,0.9676320764209351,0.10237154985467593,0.5,3.0943547586599984,nan,nan
mnist,topk_softmax_05,8,16,0.0845874547958374,0.9711666666666666,0.9709265673299058,0.09251888142898679,0.5,3.0974546571572623,nan,nan
mnist,topk_softmax_05,8,17,0.07874855399131775,0.97075,0.9704149836411213,0.09462462769200404,0.5,3.091457342108091,nan,nan
mnist,topk_softmax_05,8,18,0.07416072487831116,0.9743333333333334,0.9740562563641086,0.0865041979899009,0.5,3.0918865700562796,nan,nan
mnist,topk_softmax_05,8,19,0.07115358114242554,0.97625,0.976034255899046,0.07553995586931705,0.5,3.086185668905576,nan,nan
mnist,topk_softmax_05,8,20,0.0726797878742218,0.9730833333333333,0.972711224958745,0.08551591355353594,0.5,3.0886011819044747,nan,nan
mnist,topk_softmax_05,8,21,0.06380360573530197,0.97675,0.9764851126202867,0.07581247451404731,0.5,3.0880176573991776,nan,nan
mnist,topk_softmax_05,8,22,0.05918078124523163,0.97725,0.9770461654893173,0.07639321638271213,0.5,3.0851760605971017,nan,nan
mnist,topk_softmax_05,8,23,0.059170741587877274,0.9780833333333333,0.9779066865095107,0.07335091366743048,0.5,3.080977201461792,nan,nan
mnist,topk_softmax_05,8,24,0.05789009854197502,0.9783333333333334,0.9782100344309257,0.07456485896060865,0.5,3.079143320520719,nan,nan
mnist,topk_softmax_05,8,25,0.05592895299196243,0.9765833333333334,0.9764013968177332,0.07606365003933509,0.5,3.076939051349958,nan,nan
mnist,topk_softmax_05,8,26,0.05235448107123375,0.9778333333333333,0.9777430442011414,0.07421834301203489,0.5,3.0809619277715683,nan,nan
mnist,topk_softmax_05,8,27,0.05220598727464676,0.97725,0.9770133598728774,0.07459471235051751,0.5,3.074471945563952,nan,nan
mnist,topk_softmax_05,8,28,0.04951508343219757,0.97825,0.9781003518781286,0.07089912355877459,0.5,3.067872722943624,nan,nan
mnist,topk_softmax_05,8,29,0.04531528055667877,0.9789166666666667,0.9787237314490861,0.0726022298913449,0.5,3.0711479981740317,nan,nan
mnist,topk_softmax_05,9,0,1.6449792385101318,0.67275,0.6539042182419174,0.9367051447431246,0.5,3.1342622687419257,nan,nan
mnist,topk_softmax_05,9,1,0.7158361077308655,0.8421666666666666,0.8403069691447362,0.4930141580601533,0.5,3.1385409235954285,nan,nan
mnist,topk_softmax_05,9,2,0.4240533411502838,0.9011666666666667,0.9004144342369826,0.31545349458853406,0.5,3.1345035980145135,nan,nan
mnist,topk_softmax_05,9,3,0.2983497381210327,0.9261666666666667,0.9260829171365492,0.2334799269835154,0.5,3.136569986740748,nan,nan
mnist,topk_softmax_05,9,4,0.23820042610168457,0.9418333333333333,0.9416172984580451,0.18938054827352366,0.5,3.131539672613144,nan,nan
mnist,topk_softmax_05,9,5,0.2026243805885315,0.9431666666666667,0.9429424574598784,0.18134419433772564,0.5,3.1342678169409433,nan,nan
mnist,topk_softmax_05,9,6,0.1806868016719818,0.9515,0.9512414253166497,0.16166795417666435,0.5,3.1272364060084024,nan,nan
mnist,topk_softmax_05,9,7,0.15462064743041992,0.95675,0.9566529813829536,0.13632344858100018,0.5,3.1276187896728516,nan,nan
mnist,topk_softmax_05,9,8,0.14374323189258575,0.96025,0.9601130641677689,0.12848492867002884,0.5,3.127330183982849,nan,nan
mnist,topk_softmax_05,9,9,0.13185659050941467,0.96075,0.9606195105142298,0.127793300896883,0.5,3.12675479054451,nan,nan
mnist,topk_softmax_05,9,10,0.12380766123533249,0.9626666666666667,0.962598513549867,0.12221991829574108,0.5,3.1234897126754126,nan,nan
mnist,topk_softmax_05,9,11,0.11109316349029541,0.9666666666666667,0.9666112882963986,0.10940623966356118,0.5,3.124920388062795,nan,nan
mnist,topk_softmax_05,9,12,0.10555848479270935,0.9665833333333333,0.9664612443944153,0.11226780479773879,0.5,3.121150478720665,nan,nan
mnist,topk_softmax_05,9,13,0.09694117307662964,0.9684166666666667,0.9684584053290461,0.10223112193246682,0.5,3.1194825420777,nan,nan
mnist,topk_softmax_05,9,14,0.09130201488733292,0.96425,0.9641115472472934,0.11707849707454443,0.5,3.110079805056254,nan,nan
mnist,topk_softmax_05,9,15,0.08771947771310806,0.9680833333333333,0.9680721737026474,0.10818347055464983,0.5,3.114287719130516,nan,nan
mnist,topk_softmax_05,9,16,0.08218557387590408,0.9714166666666667,0.9713707433314269,0.09677063378815849,0.5,3.1074353456497192,nan,nan
mnist,topk_softmax_05,9,17,0.07637695968151093,0.97175,0.9716635114733008,0.09422517862791817,0.5,3.1090433398882547,nan,nan
mnist,topk_softmax_05,9,18,0.07204362750053406,0.9740833333333333,0.9739925126606759,0.0900938439493378,0.5,3.1043054660161338,nan,nan
mnist,topk_softmax_05,9,19,0.06837711483240128,0.9745,0.9744330956554913,0.08594792538012068,0.5,3.104817991455396,nan,nan
mnist,topk_softmax_05,9,20,0.06262291222810745,0.9746666666666667,0.9746157112447369,0.08687156159430742,0.5,3.1043393909931183,nan,nan
mnist,topk_softmax_05,9,21,0.0602228082716465,0.9725,0.9724254984730678,0.09421727154403925,0.5,3.1000699500242868,nan,nan
mnist,topk_softmax_05,9,22,0.06335371732711792,0.9744166666666667,0.9743402782222959,0.08938699417437117,0.5,3.1003253757953644,nan,nan
mnist,topk_softmax_05,9,23,0.05764159932732582,0.9764166666666667,0.9763400056065714,0.08498981160422166,0.5,3.1017241229613624,nan,nan
mnist,topk_softmax_05,9,24,0.051967374980449677,0.9750833333333333,0.9750691502042306,0.08362928964197636,0.5,3.0980540166298547,nan,nan
mnist,topk_softmax_05,9,25,0.05255351960659027,0.97525,0.9751808671750444,0.08931038528680801,0.5,3.095024590690931,nan,nan
mnist,topk_softmax_05,9,26,0.0491446815431118,0.9741666666666666,0.9740879880900819,0.08974130653465788,0.5,3.0950676699479422,nan,nan
mnist,topk_softmax_05,9,27,0.04340812936425209,0.9775833333333334,0.977576916188017,0.08160221405948202,0.5,3.0928167353073754,nan,nan
mnist,topk_softmax_05,9,28,0.0428336001932621,0.9765,0.9764473284902715,0.0877150643306474,0.5,3.094667265812556,nan,nan
mnist,topk_softmax_05,9,29,0.04314803332090378,0.9786666666666667,0.9786057992565471,0.07829980117579301,0.5,3.0881718893845878,nan,nan
mnist,sparsemax,0,0,1.5068392753601074,0.7576666666666667,0.7512076780393862,0.7451356500387192,0.53546008374542,2.718697381516298,nan,nan
mnist,sparsemax,0,1,0.554578959941864,0.8948333333333334,0.8937857022483987,0.34311727186044055,0.5235107929135362,2.7172885735829673,nan,nan
mnist,sparsemax,0,2,0.3184625208377838,0.92075,0.9199418797318725,0.2542210575193167,0.5067355406160156,2.672806590795517,nan,nan
mnist,sparsemax,0,3,0.24122856557369232,0.9370833333333334,0.9363626205049546,0.1988433226943016,0.5005370636160175,2.6542789141337075,nan,nan
mnist,sparsemax,0,4,0.19477993249893188,0.9505833333333333,0.9500053170020628,0.16355520207434893,0.49734057299792767,2.6571261982123056,nan,nan
mnist,sparsemax,0,5,0.17093756794929504,0.9536666666666667,0.9531894942819745,0.15049903808782497,0.49574845749884844,2.671627568701903,nan,nan
mnist,sparsemax,0,6,0.14409300684928894,0.95625,0.9557732117980497,0.13829572778195143,0.4890267103910446,2.655595195790132,nan,nan
mnist,sparsemax,0,7,0.12113124132156372,0.9605,0.9601364712760014,0.1242823051288724,0.4851672512789567,2.6471478641033173,nan,nan
mnist,sparsemax,0,8,0.11347435414791107,0.9599166666666666,0.9596272247966791,0.13346529441575208,0.4782808618620038,2.622768320143223,nan,nan
mnist,sparsemax,0,9,0.10692993551492691,0.9625833333333333,0.9622384875970378,0.11857178062200546,0.47284069657325745,2.625869025786718,nan,nan
mnist,sparsemax,0,10,0.09529947489500046,0.965,0.9646039991335675,0.11217057642837365,0.46659769614537555,2.602638468146324,nan,nan
mnist,sparsemax,0,11,0.08354182541370392,0.9660833333333333,0.9658607643834605,0.11295532311002414,0.45832605628917616,2.5844304834802947,nan,nan
mnist,sparsemax,0,12,0.08249078691005707,0.96775,0.9674743308477683,0.10681354363138477,0.4610961827759941,2.593534402549267,nan,nan
mnist,sparsemax,0,13,0.0763067901134491,0.97,0.9697154749651571,0.10143857387204964,0.4617739679912726,2.6018311281998954,nan,nan
mnist,sparsemax,0,14,0.07317566871643066,0.9699166666666666,0.9696846930514595,0.10027233278378844,0.457039065969487,2.591053992509842,nan,nan
mnist,sparsemax,0,15,0.06643397361040115,0.9731666666666666,0.9729521147354898,0.09137000267704327,0.4556314495081703,2.6001751671234765,nan,nan
mnist,sparsemax,0,16,0.06375305354595184,0.9731666666666666,0.9729084215235586,0.08998633408918977,0.4502613988394539,2.569671168923378,nan,nan
mnist,sparsemax,0,17,0.058556847274303436,0.972,0.971791277142203,0.09352057504778107,0.4392658428599437,2.5369046702980995,nan,nan
mnist,sparsemax,0,18,0.05316754803061485,0.9741666666666666,0.973985268212545,0.09098640798280637,0.44282197176168364,2.557919209202131,nan,nan
mnist,sparsemax,0,19,0.05359657481312752,0.9745833333333334,0.9743530833121696,0.08820254526411493,0.4325210951889555,2.5391936004161835,nan,nan
mnist,sparsemax,0,20,0.049896515905857086,0.9740833333333333,0.9738432514189329,0.08772984069461624,0.4391910545527935,2.5588971177736917,nan,nan
mnist,sparsemax,0,21,0.04997691139578819,0.97175,0.9715154679201572,0.0956045185836653,0.4294670068969329,2.5235060105721154,nan,nan
mnist,sparsemax,0,22,0.04735836386680603,0.9746666666666667,0.9744764978641822,0.08467023416111867,0.4279180954520901,2.5200846989949546,nan,nan
mnist,sparsemax,0,23,0.04274335503578186,0.9759166666666667,0.9756372674783703,0.08926018963878353,0.42735198605805635,2.5187135015924773,nan,nan
mnist,sparsemax,0,24,0.04090186208486557,0.97225,0.9719672482218368,0.097034856909886,0.4239692687988281,2.5133878936370215,nan,nan
mnist,sparsemax,0,25,0.038627445697784424,0.9774166666666667,0.9771992965136119,0.08374181094889839,0.42594490634898347,2.520381271839142,nan,nan
mnist,sparsemax,0,26,0.03772963583469391,0.97675,0.9765852728635774,0.08459679665975273,0.42117820866405964,2.494357466697693,nan,nan
mnist,sparsemax,0,27,0.03550008684396744,0.977,0.9767281441772603,0.0821946660677592,0.41863563284277916,2.4983988304932914,nan,nan
mnist,sparsemax,0,28,0.03714877367019653,0.9759166666666667,0.9756684120318944,0.0850564759845535,0.41798200861861307,2.4865939368804297,nan,nan
mnist,sparsemax,0,29,0.032835666090250015,0.9755,0.9753287650975994,0.08850863917420308,0.41671515225122374,2.496511553724607,nan,nan
mnist,sparsemax,1,0,1.5607048273086548,0.7390833333333333,0.7324530013304563,0.7947245041529337,0.467285957497855,2.5214340339104333,nan,nan
mnist,sparsemax,1,1,0.5660192370414734,0.8821666666666667,0.8796105027720607,0.3718024380505085,0.4671400462587674,2.534477842350801,nan,nan
mnist,sparsemax,1,2,0.3519265055656433,0.9135,0.9123581598703764,0.270740058273077,0.45398962249358493,2.5165559699138007,nan,nan
mnist,sparsemax,1,3,0.2741326689720154,0.92825,0.9270664038991774,0.22458349665006003,0.445284027295808,2.501951756576697,nan,nan
mnist,sparsemax,1,4,0.2133065164089203,0.9428333333333333,0.9419731485468841,0.18153089874734482,0.4331269320100546,2.4646616925795874,nan,nan
mnist,sparsemax,1,5,0.1849621832370758,0.9524166666666667,0.9519117669887394,0.15521746563414732,0.4253755270813902,2.455897835393747,nan,nan
mnist,sparsemax,1,6,0.15316534042358398,0.9535,0.9529230564763026,0.14944174699485302,0.4165821314478914,2.4457015146811805,nan,nan
mnist,sparsemax,1,7,0.13882781565189362,0.9599166666666666,0.9593972748086739,0.13345113955438137,0.40298344753682613,2.4045687913894653,nan,nan
mnist,sparsemax,1,8,0.12487752735614777,0.9624166666666667,0.961979162009935,0.12150095589458942,0.3915813596298297,2.37348123639822,nan,nan
mnist,sparsemax,1,9,0.11000943183898926,0.9641666666666666,0.9637418389039066,0.11575331849356492,0.3906674024959405,2.3745863561828933,nan,nan
mnist,sparsemax,1,10,0.10225941985845566,0.9645,0.9640490882556305,0.11635839659720659,0.38611848652362823,2.3674808045228324,nan,nan
mnist,sparsemax,1,11,0.09479843080043793,0.9666666666666667,0.9662896755628205,0.11319438663000862,0.3747045739243428,2.335290844241778,nan,nan
mnist,sparsemax,1,12,0.09122781455516815,0.9695,0.9690762568449512,0.10420570196583867,0.37182423658668995,2.3399696399768195,nan,nan
mnist,sparsemax,1,13,0.08440828323364258,0.9703333333333334,0.9700391425645438,0.10250057249019544,0.36790648630509776,2.343087670703729,nan,nan
mnist,sparsemax,1,14,0.07990054041147232,0.9698333333333333,0.9694494783765203,0.10051986916611592,0.3611933756619692,2.3241389095783234,nan,nan
mnist,sparsemax,1,15,0.07860299199819565,0.9690833333333333,0.9687486221077457,0.10410181743403275,0.3539756117388606,2.303076838453611,nan,nan
mnist,sparsemax,1,16,0.07245955616235733,0.9705,0.9701790263286055,0.09672351786866784,0.34575253694007796,2.2778078416983285,nan,nan
mnist,sparsemax,1,17,0.06781225651502609,0.9710833333333333,0.9708141818625518,0.09743085907151301,0.3445700506369273,2.2671700368324914,nan,nan
mnist,sparsemax,1,18,0.06465498358011246,0.9731666666666666,0.9728428771050399,0.09130766630793612,0.33260007357845706,2.246188208460808,nan,nan
mnist,sparsemax,1,19,0.05822788551449776,0.9714166666666667,0.9710969018006915,0.09324739749232928,0.3379044672474265,2.2715098982055983,nan,nan
mnist,sparsemax,1,20,0.054071541875600815,0.97225,0.9719076829513753,0.09537099519123633,0.34515686767796677,2.2994438682993255,nan,nan
mnist,sparsemax,1,21,0.05415409430861473,0.9728333333333333,0.9726397267658495,0.09584344892452161,0.33709424330542487,2.2741574173172316,nan,nan
mnist,sparsemax,1,22,0.051375579088926315,0.9775,0.9772434353252064,0.0795635258158048,0.32364455548425514,2.2492236718535423,nan,nan
mnist,sparsemax,1,23,0.048075880855321884,0.9765833333333334,0.9762964728735953,0.08661787801732619,0.32816159694145125,2.261793283124765,nan,nan
mnist,sparsemax,1,24,0.0457327701151371,0.9760833333333333,0.9759242291038424,0.08783954878648122,0.330636371858418,2.273358936111132,nan,nan
mnist,sparsemax,1,25,0.04792920500040054,0.9750833333333333,0.9747918398421715,0.09599431868021686,0.3223726339638233,2.2454390500982604,nan,nan
mnist,sparsemax,1,26,0.04202147200703621,0.9770833333333333,0.9767906826604641,0.08715638347590964,0.315231357080241,2.21630896627903,nan,nan
mnist,sparsemax,1,27,0.039662089198827744,0.9775833333333334,0.9773475085806916,0.07893806230276823,0.31165517028421164,2.204979792237282,nan,nan
mnist,sparsemax,1,28,0.03956889361143112,0.9754166666666667,0.9751865981605702,0.09381063934415579,0.31246557521323365,2.218483626842499,nan,nan
mnist,sparsemax,1,29,0.042388349771499634,0.9756666666666667,0.9754441977830972,0.08851701129848759,0.30630509927868843,2.212167707582315,nan,nan
mnist,sparsemax,2,0,1.4356484413146973,0.7463333333333333,0.7430835626866779,0.7517307102680206,0.49460244830697775,2.571062025924524,nan,nan
mnist,sparsemax,2,1,0.5087557435035706,0.8903333333333333,0.8886859131071553,0.3514445597926776,0.48932003664473694,2.5852375204364457,nan,nan
mnist,sparsemax,2,2,0.30009129643440247,0.9264166666666667,0.925779719124027,0.23952926881611347,0.48922288573036593,2.6279877300063768,nan,nan
mnist,sparsemax,2,3,0.22654421627521515,0.9391666666666667,0.9387567091737001,0.2016410989065965,0.48068545541415614,2.6010739654302597,nan,nan
mnist,sparsemax,2,4,0.20086272060871124,0.94475,0.9443712232347471,0.17832411577304205,0.486280957236886,2.6283358161648116,nan,nan
mnist,sparsemax,2,5,0.17196011543273926,0.9534166666666667,0.9530070365877229,0.14810408186167479,0.49181304095933837,2.6630602926015854,nan,nan
mnist,sparsemax,2,6,0.14602148532867432,0.9574166666666667,0.9570665028518965,0.13635570804278055,0.48235833272337914,2.6205682530999184,nan,nan
mnist,sparsemax,2,7,0.12783178687095642,0.9579166666666666,0.9577433612268399,0.1329828199620048,0.4814591432611148,2.6230368241667747,nan,nan
mnist,sparsemax,2,8,0.11511866003274918,0.966,0.9657748718700111,0.11127538109819095,0.46996590308845043,2.5935234303275743,nan,nan
mnist,sparsemax,2,9,0.11271963268518448,0.9574166666666667,0.9570351932706739,0.129955661483109,0.4630915895104408,2.565229552487532,nan,nan
mnist,sparsemax,2,10,0.10021334886550903,0.9650833333333333,0.9648057681791442,0.11700104735791683,0.4529619614283244,2.531546011567116,nan,nan
mnist,sparsemax,2,11,0.08939044922590256,0.9679166666666666,0.967627454037556,0.10247919180740912,0.45189652778208256,2.533926467100779,nan,nan
mnist,sparsemax,2,12,0.08266684412956238,0.9695,0.969209772643849,0.0974953322050472,0.4443781279648344,2.496697577337424,nan,nan
mnist,sparsemax,2,13,0.08036099374294281,0.9715,0.9712530447105167,0.0947022611896197,0.445168505422771,2.5160941779613495,nan,nan
mnist,sparsemax,2,14,0.07424937933683395,0.9731666666666666,0.9728582562064853,0.09064511551211278,0.4453957499936223,2.5233232776323953,nan,nan
mnist,sparsemax,2,15,0.06761030107736588,0.9710833333333333,0.970869528610575,0.10016596581165989,0.43783822810898226,2.494253901143869,nan,nan
mnist,sparsemax,2,16,0.06524988263845444,0.9720833333333333,0.9718740865721832,0.0940336468629539,0.43367930594831705,2.492668330669403,nan,nan
mnist,sparsemax,2,17,0.062048766762018204,0.9721666666666666,0.9719627720989397,0.09024071833118796,0.43591758112112683,2.511205886801084,nan,nan
mnist,sparsemax,2,18,0.05711067467927933,0.9769166666666667,0.9767372136246006,0.07677373243495822,0.4319898243993521,2.493390696744124,nan,nan
mnist,sparsemax,2,19,0.05510999634861946,0.9755833333333334,0.9753853729039941,0.08224902115762234,0.42255597716818255,2.473274201154709,nan,nan
mnist,sparsemax,2,20,0.057354703545570374,0.9759166666666667,0.9757435901003483,0.0869089529539148,0.42183824504415196,2.4902656599879265,nan,nan
mnist,sparsemax,2,21,0.05406055971980095,0.9754166666666667,0.9752220946215303,0.08116531876536708,0.4110484054932992,2.4470558936397233,nan,nan
mnist,sparsemax,2,22,0.04913922771811485,0.9768333333333333,0.9766695854756605,0.08004314545542002,0.4126059937601288,2.460449712971846,nan,nan
mnist,sparsemax,2,23,0.04620358720421791,0.97725,0.977096566457654,0.07922491431236267,0.41800292550275725,2.4857822631796203,nan,nan
mnist,sparsemax,2,24,0.04293067380785942,0.97175,0.9715133594067502,0.09504997388770182,0.40646424051374197,2.428709735472997,nan,nan
mnist,sparsemax,2,25,0.04348365217447281,0.9760833333333333,0.9758635639243533,0.08126877481117845,0.40053609758615494,2.4221230869491897,nan,nan
mnist,sparsemax,2,26,0.03673822805285454,0.9776666666666667,0.9775782390144929,0.08138166243831317,0.39906453092892963,2.4071390430132547,nan,nan
mnist,sparsemax,2,27,0.03673291951417923,0.9761666666666666,0.975966856981666,0.08242626208811998,0.392523276930054,2.3809396401047707,nan,nan
mnist,sparsemax,2,28,0.03394110128283501,0.9755,0.9752872926690838,0.09153847210109234,0.3974710749462247,2.412424862384796,nan,nan
mnist,sparsemax,2,29,0.03945162147283554,0.9745,0.9742856701966224,0.09298664176215728,0.3866308468083541,2.3828450789054236,nan,nan
mnist,sparsemax,3,0,1.4502363204956055,0.765,0.7620722860319427,0.6965665146708488,0.5035528385390838,2.615004725754261,nan,nan
mnist,sparsemax,3,1,0.5276271104812622,0.8870833333333333,0.8850012660468323,0.3521876819431782,0.5132806555678447,2.685620665550232,nan,nan
mnist,sparsemax,3,2,0.3219040334224701,0.9254166666666667,0.9247271623370026,0.24088535768290362,0.522233460098505,2.7229978516697884,nan,nan
mnist,sparsemax,3,3,0.243992418050766,0.93475,0.9343897446824354,0.21252455996970335,0.5131709178288778,2.694105086227258,nan,nan
mnist,sparsemax,3,4,0.1973729431629181,0.9440833333333334,0.9438266819065204,0.18101888739814362,0.5057869823649526,2.66290740420421,nan,nan
mnist,sparsemax,3,5,0.17056241631507874,0.9524166666666667,0.952083057268936,0.1504722417642673,0.5005381939311823,2.653385671476523,nan,nan
mnist,sparsemax,3,6,0.1493161916732788,0.9541666666666667,0.9537074281966922,0.15125021493683258,0.4960538226490219,2.6419454688827195,nan,nan
mnist,sparsemax,3,7,0.13800206780433655,0.9625833333333333,0.9623063293351226,0.12891687142352262,0.4929826607306798,2.633341987927755,nan,nan
mnist,sparsemax,3,8,0.12200076133012772,0.96425,0.9639424077964314,0.11659260342518489,0.4921084900076191,2.6266916915774345,nan,nan
mnist,sparsemax,3,9,0.10809461772441864,0.9658333333333333,0.9657079662109161,0.11180161964148283,0.49435584029803675,2.6388746425509453,nan,nan
mnist,sparsemax,3,10,0.10460349172353745,0.9680833333333333,0.9679666962075176,0.10290229739621282,0.4847888620570302,2.596592642366886,nan,nan
mnist,sparsemax,3,11,0.09399986267089844,0.9649166666666666,0.9647517545102477,0.11526181440179546,0.4843282379830877,2.600634589791298,nan,nan
mnist,sparsemax,3,12,0.08852992206811905,0.9709166666666667,0.9707632057393741,0.09965246667464574,0.47777925804257393,2.5940879757205644,nan,nan
mnist,sparsemax,3,13,0.08181574195623398,0.9689166666666666,0.9688276110010138,0.10116277169436216,0.4773399457335472,2.5953651120265326,nan,nan
mnist,sparsemax,3,14,0.07674474269151688,0.9695,0.9694176923140706,0.1030356464907527,0.47280493347595137,2.5720629592736564,nan,nan
mnist,sparsemax,3,15,0.07109904289245605,0.97125,0.9711943499534424,0.09546121582388878,0.47097652964293957,2.566836602985859,nan,nan
mnist,sparsemax,3,16,0.06230200454592705,0.9746666666666667,0.9745119242201401,0.08913734725986917,0.4673978661497434,2.560513913631439,nan,nan
mnist,sparsemax,3,17,0.06306325644254684,0.9743333333333334,0.9742301756129821,0.08723065288116534,0.4585973108187318,2.5338972061872482,nan,nan
mnist,sparsemax,3,18,0.06020846217870712,0.972,0.9719263098886819,0.09700580065449078,0.45253997078786296,2.5164256940285363,nan,nan
mnist,sparsemax,3,19,0.05772801861166954,0.9741666666666666,0.9740371697214482,0.08776876035456856,0.4578354886422555,2.535489042599996,nan,nan
mnist,sparsemax,3,20,0.052086036652326584,0.975,0.9749695112865625,0.0948063787072897,0.4565920690074563,2.534585523108641,nan,nan
mnist,sparsemax,3,21,0.05289202556014061,0.9771666666666666,0.9770519212029264,0.08185507108767827,0.4522209167480469,2.535852196315924,nan,nan
mnist,sparsemax,3,22,0.04644198343157768,0.9760833333333333,0.9759837323355939,0.08396376203745604,0.4498829689497749,2.5304415027300515,nan,nan
mnist,sparsemax,3,23,0.04246446490287781,0.97525,0.9752001127052807,0.08305705307672422,0.44704755892356235,2.5293898383776345,nan,nan
mnist,sparsemax,3,24,0.04514193907380104,0.9760833333333333,0.9759613850743808,0.08612735010683537,0.44210239344586927,2.515321930249532,nan,nan
mnist,sparsemax,3,25,0.042265865951776505,0.9746666666666667,0.974531048622512,0.09351693093776703,0.43983603982875746,2.50006619344155,nan,nan
mnist,sparsemax,3,26,0.04008138179779053,0.9745,0.9743646630717654,0.09546524068961541,0.43412318266928196,2.4753150517741838,nan,nan
mnist,sparsemax,4,0,1.7033131122589111,0.6738333333333333,0.6438308869811584,0.9177142083644867,0.49022974260151386,2.570096403360367,nan,nan
mnist,sparsemax,4,1,0.6648924350738525,0.8764166666666666,0.8748097551046417,0.4022749637564023,0.48754040834804374,2.5900320981939635,nan,nan
mnist,sparsemax,4,2,0.35219722986221313,0.925,0.9241280440409494,0.24891509053607783,0.4840933553253611,2.602329301337401,nan,nan
mnist,sparsemax,4,3,0.2595861554145813,0.9406666666666667,0.9401804939584935,0.19198234689732394,0.48042746757467586,2.600818914671739,nan,nan
mnist,sparsemax,4,4,0.21144385635852814,0.9449166666666666,0.9445563437731523,0.17347326998909315,0.47348434291779995,2.5785954172412553,nan,nan
mnist,sparsemax,4,5,0.1844269335269928,0.95175,0.9513964771573376,0.15433812731256089,0.4703744224583109,2.569751034180323,nan,nan
mnist,sparsemax,4,6,0.16420243680477142,0.95875,0.9583540965535494,0.13261690021802983,0.46924357550839585,2.571792334318161,nan,nan
mnist,sparsemax,4,7,0.14562425017356873,0.9600833333333333,0.9598358243674209,0.1276700912664334,0.456794413117071,2.5285589769482613,nan,nan
mnist,sparsemax,4,8,0.13206949830055237,0.9633333333333334,0.963028389782601,0.12022165674716234,0.4486113575597604,2.5053445671995482,nan,nan
mnist,sparsemax,4,9,0.12367690354585648,0.9666666666666667,0.966369256317925,0.10853854706510901,0.45154770215352374,2.521108749012152,nan,nan
mnist,sparsemax,4,10,0.11215440928936005,0.9666666666666667,0.9663779452206731,0.10523016688724358,0.44795104923347634,2.525256762901942,nan,nan
mnist,sparsemax,4,11,0.10272224247455597,0.96925,0.9690111444306062,0.10241119485969345,0.43031353410333395,2.465134305258592,nan,nan
mnist,sparsemax,4,12,0.09833968430757523,0.9689166666666666,0.9686447004112273,0.10148311483984192,0.43087734933942556,2.4765090892712274,nan,nan
mnist,sparsemax,4,13,0.09543076902627945,0.9704166666666667,0.97024544576708,0.09530341097464164,0.42533107319225866,2.4523902957638106,nan,nan
mnist,sparsemax,4,14,0.08514311909675598,0.9704166666666667,0.97014176610408,0.09738328633829951,0.4247806792457898,2.4518806288639703,nan,nan
mnist,sparsemax,4,15,0.08081202208995819,0.97275,0.9724927447704161,0.0909227083126704,0.4160949432601531,2.4229339361190796,nan,nan
mnist,sparsemax,4,16,0.07550374418497086,0.9694166666666667,0.9690916296693235,0.10503597045317292,0.4053311049938202,2.385047716399034,nan,nan
mnist,sparsemax,4,17,0.07592058181762695,0.9739166666666667,0.9737001515609807,0.0863546955709656,0.4061960047110915,2.381173590819041,nan,nan
mnist,sparsemax,4,18,0.06745338439941406,0.9749166666666667,0.9747000201865861,0.0831618335408469,0.4008565526455641,2.377590703467528,nan,nan
mnist,sparsemax,4,19,0.06692999601364136,0.9748333333333333,0.9745952644509623,0.08454702515155077,0.3915085696304838,2.321601077914238,nan,nan
mnist,sparsemax,4,20,0.06414519250392914,0.9745833333333334,0.9744863196412169,0.08512033553173144,0.3925976837053895,2.3482083131869635,nan,nan
mnist,sparsemax,4,21,0.063871830701828,0.97575,0.9754511874953591,0.0825221420576175,0.39083141554147005,2.3379338681697845,nan,nan
mnist,sparsemax,4,22,0.057133521884679794,0.97675,0.9765564731761172,0.07919978971282642,0.38820698639998835,2.334571567674478,nan,nan
mnist,sparsemax,4,23,0.053467221558094025,0.9754166666666667,0.975239276511535,0.08241808802510302,0.37711400755991537,2.3108560318748155,nan,nan
mnist,sparsemax,4,24,0.05112605169415474,0.9771666666666666,0.9769573659408071,0.0794863784685731,0.37530013142774504,2.3040320724248886,nan,nan
mnist,sparsemax,4,25,0.04900558292865753,0.9754166666666667,0.975318665724736,0.08217508190621932,0.3644964067886273,2.2731241708000502,nan,nan
mnist,sparsemax,4,26,0.04327446222305298,0.9773333333333334,0.9771660560367523,0.08265024710757037,0.37377487930158776,2.305287833015124,nan,nan
mnist,sparsemax,4,27,0.04628341645002365,0.9778333333333333,0.9776314405815452,0.08490202443984647,0.3707650750875473,2.3017298529545465,nan,nan
mnist,sparsemax,4,28,0.04158107936382294,0.9769166666666667,0.9767051498920436,0.08461371102991204,0.36477132327854633,2.277767558892568,nan,nan
mnist,sparsemax,4,29,0.04423074796795845,0.978,0.9778809964140652,0.08156321058049798,0.3674191397925218,2.2820786088705063,nan,nan
mnist,sparsemax,5,0,1.4528355598449707,0.7636666666666667,0.7558947352283043,0.6995614022016525,0.48703541327267885,2.5472335666418076,nan,nan
mnist,sparsemax,5,1,0.5251550078392029,0.9005833333333333,0.8989776567606865,0.3225405023743709,0.4938534252966444,2.6194428404172263,nan,nan
mnist,sparsemax,5,2,0.31881245970726013,0.9246666666666666,0.9235316670937012,0.23889083601534367,0.48298281617462635,2.599021236101786,nan,nan
mnist,sparsemax,5,3,0.2427673637866974,0.9378333333333333,0.9370885711975723,0.19815270509570837,0.4768377626314759,2.597465254366398,nan,nan
mnist,sparsemax,5,4,0.2022646814584732,0.9448333333333333,0.9439800013696719,0.1787885141869386,0.4649886715536316,2.5526270965735116,nan,nan
mnist,sparsemax,5,5,0.1690758317708969,0.9545833333333333,0.9539166133238617,0.1506373801579078,0.4624366744731863,2.546051678558191,nan,nan
mnist,sparsemax,5,6,0.15126001834869385,0.9598333333333333,0.9593877097200553,0.1345046910767754,0.4586807827775677,2.544370631376902,nan,nan
mnist,sparsemax,5,7,0.1347760558128357,0.9603333333333334,0.9599366958527222,0.1289946964631478,0.4493556000913183,2.5181439047058425,nan,nan
mnist,sparsemax,5,8,0.12192270159721375,0.9649166666666666,0.9645217733791801,0.11237092595547438,0.4405353336284558,2.4896537934740386,nan,nan
mnist,sparsemax,5,9,0.11428557336330414,0.9634166666666667,0.9629493044368698,0.12076121351371209,0.43439286046971876,2.4745991304516792,nan,nan
mnist,sparsemax,5,10,0.10302845388650894,0.967,0.9666246734721579,0.11076845383892457,0.4233931551376979,2.4469319383303323,nan,nan
mnist,sparsemax,5,11,0.09225068986415863,0.969,0.9685562882216331,0.10474866209551692,0.4157444791247447,2.43047134578228,nan,nan
mnist,sparsemax,5,12,0.09271340072154999,0.9714166666666667,0.9711738532661436,0.09756526863202453,0.41350685836126405,2.4378791029254594,nan,nan
mnist,sparsemax,5,13,0.08435317128896713,0.96875,0.9684460259176477,0.10646167645851771,0.4013021131977439,2.401063541571299,nan,nan
mnist,sparsemax,5,14,0.07566924393177032,0.9706666666666667,0.9702440975255795,0.0998996792671581,0.4071162886296709,2.4295982594291368,nan,nan
mnist,sparsemax,5,15,0.07432470470666885,0.97025,0.9698510166039727,0.10351407729710142,0.4036049482723077,2.4186775758862495,nan,nan
mnist,sparsemax,5,16,0.07241467386484146,0.9701666666666666,0.9697849078722012,0.09028288970390956,0.3961713444441557,2.402014583349228,nan,nan
mnist,sparsemax,5,17,0.06429429352283478,0.97225,0.9719761613406417,0.09278685801352064,0.3958845625941952,2.403203897178173,nan,nan
mnist,sparsemax,5,18,0.06333010643720627,0.9738333333333333,0.9735458734122847,0.08848701665798824,0.387003256008029,2.3830352822939553,nan,nan
mnist,sparsemax,5,19,0.05624925717711449,0.97425,0.973972469980904,0.09256092909102638,0.3798434728135665,2.3638588786125183,nan,nan
mnist,sparsemax,5,20,0.05535775423049927,0.9693333333333334,0.9690535444685142,0.1013486113709708,0.3785361380626758,2.3623732899626098,nan,nan
mnist,sparsemax,5,21,0.055774249136447906,0.9745833333333334,0.9743016527084098,0.09009788961460193,0.37600194104015827,2.356295737127463,nan,nan
mnist,sparsemax,5,22,0.0515955351293087,0.97125,0.9708913331652711,0.10285244137048721,0.36612877529114485,2.324436026314894,nan,nan
mnist,sparsemax,5,23,0.048229146748781204,0.9761666666666666,0.9759340805513677,0.08931917821367581,0.36950414068996906,2.339082181453705,nan,nan
mnist,sparsemax,5,24,0.045922789722681046,0.976,0.9757532192905115,0.08696998717884223,0.36548324426015216,2.3171068727970123,nan,nan
mnist,sparsemax,5,25,0.04230346158146858,0.9765,0.9762193428054063,0.08761469818030794,0.3647018059467276,2.3331982915600142,nan,nan
mnist,sparsemax,5,26,0.043943267315626144,0.9754166666666667,0.9751292248202403,0.09094350195179383,0.352904614371558,2.305471897125244,nan,nan
mnist,sparsemax,5,27,0.03850065544247627,0.97625,0.9760317580391874,0.08767866777877013,0.35522409559537965,2.3057525058587394,nan,nan
mnist,sparsemax,5,28,0.03982663154602051,0.978,0.9777619312191324,0.08621262246742845,0.36122609054048854,2.335259777804216,nan,nan
mnist,sparsemax,5,29,0.03750673308968544,0.9763333333333334,0.9760925552698767,0.08087971853092313,0.35243733661870164,2.3153293703993163,nan,nan
mnist,sparsemax,6,0,1.5156593322753906,0.7286666666666667,0.7150607947776633,0.7905941034356753,0.4860575549925367,2.5062340448300042,nan,nan
mnist,sparsemax,6,1,0.5842955112457275,0.8604166666666667,0.8586105747875058,0.4358467298249404,0.512946244639655,2.6886742562055588,nan,nan
mnist,sparsemax,6,2,0.3469536304473877,0.9156666666666666,0.914890028385303,0.27239699102938175,0.5050844385599097,2.6435120031237602,nan,nan
mnist,sparsemax,6,3,0.2599548399448395,0.92475,0.9239954480451751,0.24019917038579783,0.4995374645416935,2.622070367137591,nan,nan
mnist,sparsemax,6,4,0.21695451438426971,0.9373333333333334,0.9368229009976533,0.19384906937678656,0.49087511468678713,2.596357710659504,nan,nan
mnist,sparsemax,6,5,0.17840196192264557,0.9395833333333333,0.9389761733130249,0.18979819181064764,0.47915369613717,2.5528677155574164,nan,nan
mnist,sparsemax,6,6,0.15939953923225403,0.9515,0.9510637382653242,0.15439452603459358,0.46888219627241295,2.547250546514988,nan,nan
mnist,sparsemax,6,7,0.14231367409229279,0.9560833333333333,0.9558304454323358,0.140438258027037,0.4630223174269001,2.5184505258997283,nan,nan
mnist,sparsemax,6,8,0.13000421226024628,0.9561666666666667,0.9558422244879956,0.13610777538269758,0.44818289422740537,2.4821828777591386,nan,nan
mnist,sparsemax,6,9,0.1178472489118576,0.9606666666666667,0.9603843086553437,0.13229214400053024,0.43799764569848776,2.458411385615667,nan,nan
mnist,sparsemax,6,10,0.11697350442409515,0.9658333333333333,0.9655676688414324,0.1084251447270314,0.4191415697957079,2.4015232225259147,nan,nan
mnist,sparsemax,6,11,0.10173758864402771,0.96425,0.964004786636307,0.1127922007193168,0.4163176134849588,2.3998212069272995,nan,nan
mnist,sparsemax,6,12,0.09434188157320023,0.96475,0.9643971641655804,0.11789226873467366,0.4060143151630958,2.3577378491560617,nan,nan
mnist,sparsemax,6,13,0.08568832278251648,0.9653333333333334,0.9651032062475261,0.11010352227215965,0.4063875814899802,2.3731377720832825,nan,nan
mnist,sparsemax,6,14,0.08137751370668411,0.9669166666666666,0.9666441474000139,0.1073199799284339,0.40263656868288916,2.3523470362027488,nan,nan
mnist,sparsemax,6,15,0.07560493797063828,0.968,0.9676384307970711,0.10240760631859303,0.4074294014523427,2.3897968009114265,nan,nan
mnist,sparsemax,6,16,0.07577493041753769,0.9685,0.9681984164494499,0.10124890335525076,0.39971721700082224,2.362488994995753,nan,nan
mnist,sparsemax,6,17,0.07091008126735687,0.9710833333333333,0.9708256397957268,0.09443269344046712,0.3903735280036926,2.3559060841798782,nan,nan
mnist,sparsemax,6,18,0.06420983374118805,0.97025,0.9699810053356683,0.09440775976205866,0.38015856004009646,2.3124981274207435,nan,nan
mnist,sparsemax,6,19,0.06045667454600334,0.9718333333333333,0.9715987582874366,0.09311429737135768,0.37318946824719507,2.3039466440677643,nan,nan
mnist,sparsemax,6,20,0.05539447441697121,0.9721666666666666,0.9719055009120637,0.09573706875865658,0.37082635269810754,2.301009215414524,nan,nan
mnist,sparsemax,6,21,0.05499929562211037,0.9735,0.9732637150040526,0.08690807456150651,0.3628405624379714,2.2632636403044066,nan,nan
mnist,sparsemax,6,22,0.05141085758805275,0.9713333333333334,0.9710576390024827,0.09730994173636039,0.356443768988053,2.2369015415509543,nan,nan
mnist,sparsemax,6,23,0.05065639317035675,0.9736666666666667,0.9734427244255045,0.08476324798539281,0.3493995138754447,2.22395750383536,nan,nan
mnist,sparsemax,6,24,0.050414618104696274,0.974,0.9737490485241909,0.0872073598826925,0.34530958129713935,2.191344698270162,nan,nan
mnist,sparsemax,6,25,0.04616479203104973,0.9745833333333334,0.9743521840483416,0.08261467035238941,0.3452584727977713,2.2075431495904922,nan,nan
mnist,sparsemax,6,26,0.044034503400325775,0.9738333333333333,0.9735957958944323,0.08956743280092876,0.35021720609317225,2.2272274692853293,nan,nan
mnist,sparsemax,6,27,0.041970714926719666,0.9735,0.9732154837090071,0.08889951013649504,0.3384175008783738,2.194237013657888,nan,nan
mnist,sparsemax,6,28,0.04025599732995033,0.97425,0.9739708236033092,0.08767312346026301,0.332290795010825,2.173447129627069,nan,nan
mnist,sparsemax,6,29,0.04032272472977638,0.9754166666666667,0.9751590257951112,0.08765691006556153,0.33030386734753847,2.1590213775634766,nan,nan
mnist,sparsemax,7,0,1.4727574586868286,0.7551666666666667,0.7471809342653613,0.7275423953930537,0.49161171074956656,2.5135923847556114,nan,nan
mnist,sparsemax,7,1,0.47792351245880127,0.9026666666666666,0.9015746591029774,0.3149929145971934,0.4879531826203068,2.55708389232556,nan,nan
mnist,sparsemax,7,2,0.295474112033844,0.9245833333333333,0.9239439888839872,0.23966425471007824,0.4649748072649042,2.452911096314589,nan,nan
mnist,sparsemax,7,3,0.22129102051258087,0.9375,0.936893315840536,0.200263403976957,0.45659531466662884,2.4398854995767274,nan,nan
mnist,sparsemax,7,4,0.18765254318714142,0.9441666666666667,0.9436889055798989,0.18534832944472632,0.45532430708408356,2.455223485827446,nan,nan
mnist,sparsemax,7,5,0.16289618611335754,0.9485833333333333,0.9482534643429246,0.17077429282168546,0.44953437832494575,2.4371901899576187,nan,nan
mnist,sparsemax,7,6,0.15044254064559937,0.95125,0.9508930118857126,0.1521793119609356,0.44144024793058634,2.4120120157798133,nan,nan
mnist,sparsemax,7,7,0.13165566325187683,0.9579166666666666,0.9575246964650297,0.13244398031383753,0.43245723471045494,2.3919153213500977,nan,nan
mnist,sparsemax,7,8,0.11620117723941803,0.9628333333333333,0.9625158815181075,0.12628223343441883,0.4165494740009308,2.3539306024710336,nan,nan
mnist,sparsemax,7,9,0.10937528312206268,0.96275,0.9624822158137745,0.11989840383951862,0.40364105192323524,2.3217713038126626,nan,nan
mnist,sparsemax,7,10,0.10377942770719528,0.9610833333333333,0.960896252770976,0.12115145816157262,0.40581064329793054,2.327346404393514,nan,nan
mnist,sparsemax,7,11,0.09666790813207626,0.9650833333333333,0.9648113256276739,0.11263599976276358,0.39673305954784155,2.3255117212732634,nan,nan
mnist,sparsemax,7,12,0.088257797062397,0.9680833333333333,0.9677589905359463,0.11235466863339146,0.3974920744076371,2.3098215212424598,nan,nan
mnist,sparsemax,7,13,0.0857604369521141,0.96875,0.9685428334233555,0.1010621163683633,0.3864407191673915,2.284244696299235,nan,nan
mnist,sparsemax,7,14,0.07761934399604797,0.9684166666666667,0.9681603569717087,0.10488828209539254,0.3839789194365342,2.280876432855924,nan,nan
mnist,sparsemax,7,15,0.07400994002819061,0.9704166666666667,0.9701440451276623,0.10014690458774567,0.3741882626588146,2.280812387665113,nan,nan
mnist,sparsemax,7,16,0.07087971270084381,0.9693333333333334,0.9691580402622149,0.10141541808843613,0.38095402903854847,2.288886415461699,nan,nan
mnist,sparsemax,7,17,0.0634138286113739,0.9726666666666667,0.9724856131438127,0.08739541036387284,0.3765073191995422,2.27947910875082,nan,nan
mnist,sparsemax,7,18,0.06241980195045471,0.9719166666666667,0.9716676096005866,0.09936631362264355,0.37719478240857524,2.2868974208831787,nan,nan
mnist,sparsemax,7,19,0.056027282029390335,0.9725,0.9723091803881664,0.09491055319085717,0.35356255372365314,2.217759614189466,nan,nan
mnist,sparsemax,7,20,0.05448807403445244,0.9715,0.9712853925605651,0.09664894578357537,0.35816753935068846,2.233863487839699,nan,nan
mnist,sparsemax,7,21,0.05312646925449371,0.9696666666666667,0.9694205567986509,0.1009220212387542,0.3484911248087883,2.212180900077025,nan,nan
mnist,sparsemax,7,22,0.04964675009250641,0.9724166666666667,0.9721933175169799,0.09616022044792771,0.3457817994058132,2.2010865534345307,nan,nan
mnist,sparsemax,8,0,1.5087039470672607,0.7309166666666667,0.7264308139056249,0.7999067331353823,0.5019013189400235,2.6520648623506227,nan,nan
mnist,sparsemax,8,1,0.5859400629997253,0.88525,0.8847487545011857,0.3690910091002782,0.48142367756615084,2.603457527856032,nan,nan
mnist,sparsemax,8,2,0.34975939989089966,0.9136666666666666,0.912465466445868,0.27177480918665725,0.4678716082125902,2.5834058076143265,nan,nan
mnist,sparsemax,8,3,0.24902908504009247,0.9360833333333334,0.93542444078647,0.204763471459349,0.44926722813397646,2.532857581973076,nan,nan
mnist,sparsemax,8,4,0.2045661211013794,0.9420833333333334,0.94150980982197,0.1826186484346787,0.4430631871024768,2.5241118197639785,nan,nan
mnist,sparsemax,8,5,0.17811153829097748,0.9524166666666667,0.9521224914349539,0.15563849918544292,0.43444635967413586,2.505931608378887,nan,nan
mnist,sparsemax,8,6,0.1549207866191864,0.9544166666666667,0.954046223606176,0.14828898447255293,0.41455210528026026,2.454625072578589,nan,nan
mnist,sparsemax,8,7,0.13828721642494202,0.96125,0.9610566282855089,0.12552010299017033,0.4151557969550292,2.449374849597613,nan,nan
mnist,sparsemax,8,8,0.12573464214801788,0.9595833333333333,0.9593278137384027,0.12280189587424199,0.40870212235798437,2.446196029583613,nan,nan
mnist,sparsemax,8,9,0.11271333694458008,0.9678333333333333,0.9675331117395787,0.10677136791249116,0.404139488004148,2.426814096669356,nan,nan
mnist,sparsemax,8,10,0.10011394321918488,0.9678333333333333,0.9674850742644955,0.10443139138321082,0.4001020009939869,2.423617529372374,nan,nan
mnist,sparsemax,8,11,0.09628386795520782,0.96675,0.9663086062224571,0.10530889686197042,0.3889661754171054,2.389024702211221,nan,nan
mnist,sparsemax,8,12,0.09193762391805649,0.9704166666666667,0.9701122020414396,0.09080583850542705,0.39277666124204796,2.4113355726003647,nan,nan
mnist,sparsemax,8,13,0.0837785005569458,0.9724166666666667,0.9721012824199512,0.08854767850910623,0.3746733016644915,2.349940369526545,nan,nan
mnist,sparsemax,8,14,0.08561293035745621,0.97175,0.9713985969094674,0.09120605171968539,0.3717140443623066,2.344834620753924,nan,nan
mnist,sparsemax,8,15,0.07589476555585861,0.9746666666666667,0.9743613940406787,0.0811663530766964,0.3648622063919902,2.3336544955770173,nan,nan
mnist,sparsemax,8,16,0.06966402381658554,0.9688333333333333,0.9686745254527394,0.1026623382543524,0.3698755220199625,2.3333374510208764,nan,nan
mnist,sparsemax,8,17,0.06447082757949829,0.9741666666666666,0.973809713994535,0.08579462626948953,0.3728198738147815,2.357822000980377,nan,nan
mnist,sparsemax,8,18,0.06400251388549805,0.97575,0.9755161557259433,0.0797307058237493,0.3708872279773156,2.3579421937465668,nan,nan
mnist,sparsemax,8,19,0.06150616332888603,0.9776666666666667,0.9774262118621266,0.07747324711332719,0.3668298755461971,2.3493293474117913,nan,nan
mnist,sparsemax,8,20,0.05918749049305916,0.9756666666666667,0.9754513477075015,0.08308101383348306,0.359944570188721,2.3140068675080934,nan,nan
mnist,sparsemax,8,21,0.05441778153181076,0.978,0.9777305914161503,0.07291379462306698,0.36161240718017024,2.3203379486997924,nan,nan
mnist,sparsemax,8,22,0.05128830298781395,0.97275,0.9722951400639779,0.09214076912030578,0.35340981123348075,2.2987998525301614,nan,nan
mnist,sparsemax,8,23,0.05045682564377785,0.9773333333333334,0.9770654397561888,0.08122711380322774,0.3499549701809883,2.2735773200790086,nan,nan
mnist,sparsemax,8,24,0.04871339723467827,0.9770833333333333,0.9768127922118719,0.07589224896704157,0.3505010847002268,2.288466416299343,nan,nan
mnist,sparsemax,8,25,0.04413001984357834,0.97775,0.9774229848818331,0.0750772263854742,0.359851598739624,2.321414068341255,nan,nan
mnist,sparsemax,8,26,0.045830875635147095,0.9768333333333333,0.9766530484021896,0.07668318614984553,0.3506694907943408,2.299388498067856,nan,nan
mnist,sparsemax,9,0,1.441873550415039,0.72725,0.7151406018211081,0.7558883974949518,0.5074006871630748,2.64239734907945,nan,nan
mnist,sparsemax,9,1,0.5973742008209229,0.8811666666666667,0.8799326512319918,0.3740473948419094,0.4925454016774893,2.647401452064514,nan,nan
mnist,sparsemax,9,2,0.3647459149360657,0.9149166666666667,0.9147937704399624,0.27278837251166504,0.48351786099374294,2.6485699663559594,nan,nan
mnist,sparsemax,9,3,0.2669103145599365,0.9336666666666666,0.933598330988009,0.2117660908649365,0.4689276947950323,2.6018694788217545,nan,nan
mnist,sparsemax,9,4,0.2145756185054779,0.9470833333333334,0.9469768812303707,0.17026255652308464,0.4545464764038722,2.58624504506588,nan,nan
mnist,sparsemax,9,5,0.18680822849273682,0.9505,0.9503660143384586,0.1563602757329742,0.44721599016338587,2.572346885999044,nan,nan
mnist,sparsemax,9,6,0.1578088104724884,0.9528333333333333,0.95257694508401,0.1479359238098065,0.43282725506772596,2.5338907142480216,nan,nan
mnist,sparsemax,9,7,0.13813485205173492,0.9604166666666667,0.9602767560135339,0.13140123585859934,0.4345125475277503,2.543346849580606,nan,nan
mnist,sparsemax,9,8,0.13251282274723053,0.9646666666666667,0.9645930764396073,0.11855603723476331,0.42269418730090064,2.511762820184231,nan,nan
mnist,sparsemax,9,9,0.11595979332923889,0.9624166666666667,0.9623319292717282,0.1205280947809418,0.4128230959177017,2.4743701393405595,nan,nan
mnist,sparsemax,9,10,0.10952982306480408,0.9669166666666666,0.9668243792714802,0.10847836763908465,0.40653593714038533,2.450909584760666,nan,nan
mnist,sparsemax,9,11,0.09689334779977798,0.9670833333333333,0.9669727324196629,0.1060626747397085,0.40190586106230813,2.43926952034235,nan,nan
mnist,sparsemax,9,12,0.09373538941144943,0.9685,0.968425752135223,0.10766657534986734,0.39134777678797644,2.414820152024428,nan,nan
mnist,sparsemax,9,13,0.08629019558429718,0.9680833333333333,0.9680608504295549,0.09954349137842655,0.38544672292967636,2.3909989347060523,nan,nan
mnist,sparsemax,9,14,0.0825783759355545,0.97125,0.9711950832526339,0.09269045293331146,0.3753862992549936,2.3642904783288636,nan,nan
mnist,sparsemax,9,15,0.07809668034315109,0.9691666666666666,0.9691449110857157,0.09939610430349906,0.3733340833956997,2.366788816948732,nan,nan
mnist,sparsemax,9,16,0.07385330647230148,0.97225,0.9722224355620526,0.08870196808129549,0.366371663287282,2.3509825691580772,nan,nan
mnist,sparsemax,9,17,0.06446518748998642,0.9719166666666667,0.971861415856444,0.09832016456251343,0.3646477706109484,2.3407838493585587,nan,nan
mnist,sparsemax,9,18,0.06727731972932816,0.97175,0.9716910192943902,0.09326247964054346,0.35722022131085396,2.3222919926047325,nan,nan
mnist,sparsemax,9,19,0.05915796384215355,0.9751666666666666,0.975170674373423,0.08412701605508725,0.35994248899320763,2.3337507247924805,nan,nan
mnist,sparsemax,9,20,0.054013822227716446,0.9770833333333333,0.9770586634154794,0.08530819416046143,0.3573074384282033,2.339343133072058,nan,nan
mnist,sparsemax,9,21,0.05476869270205498,0.9735,0.9734279992094022,0.08800134823347132,0.35458783991634846,2.327957888444265,nan,nan
mnist,sparsemax,9,22,0.0505027249455452,0.9718333333333333,0.9717556126891266,0.1003062641248107,0.33805988170206547,2.276507832109928,nan,nan
mnist,sparsemax,9,23,0.05102771148085594,0.9744166666666667,0.9743756123186248,0.08992388114954035,0.3376432405784726,2.276293004552523,nan,nan
mnist,sparsemax,9,24,0.04625977575778961,0.97725,0.9772429957792166,0.08510053406159084,0.3350599380210042,2.283348264793555,nan,nan
mnist,sparsemax,9,25,0.04540255665779114,0.97325,0.9732143344927913,0.09807550193121035,0.33734638647486764,2.296119918425878,nan,nan
mnist,sparsemax,9,26,0.04373890534043312,0.9771666666666666,0.9771677653990318,0.08363653331374128,0.3325419273848335,2.2757924050092697,nan,nan
mnist,sparsemax,9,27,0.03962714597582817,0.9764166666666667,0.9763994403490734,0.08857986439640324,0.3352953400462866,2.289468509455522,nan,nan
mnist,sparsemax,9,28,0.04126480594277382,0.97625,0.976223537812206,0.08950322214514017,0.32337474046895903,2.2428832600514093,nan,nan
mnist,sparsemax,9,29,0.04105278477072716,0.97875,0.9787553354029195,0.07913712908824284,0.3233859563867251,2.2478936910629272,nan,nan
mnist,entmax15,0,0,1.617059350013733,0.675,0.6610614858779317,0.917414220670859,0.8286318940420946,3.3206778119007745,nan,nan
mnist,entmax15,0,1,0.6325491666793823,0.8804166666666666,0.8785346863181115,0.37373582646250725,0.8334873579442501,3.3343698531389236,nan,nan
mnist,entmax15,0,2,0.340067595243454,0.9274166666666667,0.9266122409093736,0.24173068503538767,0.8135906793177128,3.273305296897888,nan,nan
mnist,entmax15,0,3,0.2435227632522583,0.9414166666666667,0.940760068401849,0.19758600338051716,0.8042852034171423,3.2317025860150657,nan,nan
mnist,entmax15,0,4,0.19960249960422516,0.9454166666666667,0.9448606777966866,0.1726731670399507,0.7961003345747789,3.2018187791109085,nan,nan
mnist,entmax15,0,5,0.16757647693157196,0.9490833333333333,0.9486313996102236,0.16966880299150944,0.7921326073507468,3.1848374803860984,nan,nan
mnist,entmax15,0,6,0.1505691409111023,0.9575833333333333,0.9573129093656586,0.1473673883204659,0.7827782407402992,3.153893858194351,nan,nan
mnist,entmax15,0,7,0.1336107701063156,0.9626666666666667,0.9624390437251502,0.1271189982071519,0.7766422467927138,3.125367522239685,nan,nan
mnist,entmax15,0,8,0.12119170278310776,0.9543333333333334,0.9541443084019507,0.15151622239500284,0.7742075547575951,3.1134036580721536,nan,nan
mnist,entmax15,0,9,0.11678775399923325,0.961,0.9606977823609275,0.12834911979734898,0.7710165989895662,3.1024962762991586,nan,nan
mnist,entmax15,0,10,0.10977137833833694,0.9634166666666667,0.9631209880081446,0.11686256434768438,0.7772508971393108,3.1053857058286667,nan,nan
mnist,entmax15,0,11,0.09954001009464264,0.9648333333333333,0.9646425606824804,0.11811445948357384,0.7657358013093472,3.066196988026301,nan,nan
mnist,entmax15,0,12,0.09291338175535202,0.9630833333333333,0.9629148844472054,0.12205858683834474,0.758182222644488,3.0545600404342017,nan,nan
mnist,entmax15,0,13,0.08900603652000427,0.9678333333333333,0.9677028603008845,0.10722534808640678,0.7619937832156817,3.057495062549909,nan,nan
mnist,entmax15,0,14,0.08132289350032806,0.9691666666666666,0.9689606825592847,0.10892682895064354,0.7565209542711576,3.0212742934624353,nan,nan
mnist,entmax15,0,15,0.08366446197032928,0.96825,0.9680119395398732,0.10827833429599802,0.7576798995335897,3.0096892565488815,nan,nan
mnist,entmax15,0,16,0.07568788528442383,0.9710833333333333,0.9708170142934343,0.09694094676524401,0.75104562814037,3.003774960835775,nan,nan
mnist,entmax15,0,17,0.07295943051576614,0.9693333333333334,0.969132878794678,0.10318220034241676,0.7453015930950642,2.968119422594706,nan,nan
mnist,entmax15,0,18,0.06809499859809875,0.97175,0.9715854449529685,0.09747032433127363,0.7438181328276793,2.981460854411125,nan,nan
mnist,entmax15,0,19,0.06282941997051239,0.9709166666666667,0.9707089432769103,0.10476733061174552,0.7339613077541193,2.9511668235063553,nan,nan
mnist,entmax15,0,20,0.06114993616938591,0.9705833333333334,0.9703440909400862,0.10807435323173802,0.7180802909036478,2.915399208664894,nan,nan
mnist,entmax15,0,21,0.06014431267976761,0.9731666666666666,0.972947669097376,0.09692091634497046,0.7235820939143499,2.920605793595314,nan,nan
mnist,entmax15,0,22,0.05551885440945625,0.97375,0.9735643591673631,0.09131844900548458,0.7166116610169411,2.900121122598648,nan,nan
mnist,entmax15,0,23,0.05028187856078148,0.9733333333333334,0.9731348805543357,0.09688559857507546,0.7165545063714186,2.8877600332101188,nan,nan
mnist,entmax15,0,24,0.05079882964491844,0.9731666666666666,0.9729803416290256,0.10125172960882385,0.7170191581050555,2.8761318822701774,nan,nan
mnist,entmax15,0,25,0.05028568208217621,0.9748333333333333,0.9746876539740426,0.0924638065819939,0.7090159220000108,2.8574217508236566,nan,nan
mnist,entmax15,0,26,0.04482397809624672,0.97475,0.9745275022738286,0.09474478599925835,0.7001803976794084,2.8413027425607047,nan,nan
mnist,entmax15,0,27,0.045212745666503906,0.9708333333333333,0.9706200078118407,0.10812701331451535,0.7051028062899908,2.851377710700035,nan,nan
mnist,entmax15,0,28,0.04228159785270691,0.9719166666666667,0.9716670850552591,0.10395136848092079,0.7049685704211394,2.8495227694511414,nan,nan
mnist,entmax15,0,29,0.0407271534204483,0.9740833333333333,0.9738672260509927,0.09235603269189596,0.6979729694624742,2.8205152302980423,nan,nan
mnist,entmax15,1,0,1.6911160945892334,0.6464166666666666,0.6262378909854605,1.0013690267999966,0.6976822633296251,3.002666319410006,nan,nan
mnist,entmax15,1,1,0.6918287873268127,0.8731666666666666,0.8713087001711853,0.40085265412926674,0.7540942281484604,3.1529642095168433,nan,nan
mnist,entmax15,1,2,0.3888757526874542,0.9075833333333333,0.9067133542018077,0.2939773201942444,0.7815403727193674,3.20121139784654,nan,nan
mnist,entmax15,1,3,0.2915891706943512,0.9324166666666667,0.9316514172170838,0.2155428547412157,0.7727800818781058,3.1809250563383102,nan,nan
mnist,entmax15,1,4,0.23647968471050262,0.9390833333333334,0.9381518650574803,0.19461991637945175,0.7705247849225998,3.166621764500936,nan,nan
mnist,entmax15,1,5,0.20731326937675476,0.95,0.9495061036577936,0.16428515128791332,0.7600929625332355,3.151691978176435,nan,nan
mnist,entmax15,1,6,0.18584254384040833,0.9535833333333333,0.9531094598918373,0.1519820550456643,0.7551114993790785,3.124192143479983,nan,nan
mnist,entmax15,1,7,0.15985149145126343,0.956,0.955813570974507,0.142874243358771,0.7646229080855846,3.136798838774363,nan,nan
mnist,entmax15,1,8,0.1441197395324707,0.9614166666666667,0.9610091580352591,0.12395762124409278,0.7621520571410656,3.128639817237854,nan,nan
mnist,entmax15,1,9,0.13351809978485107,0.9640833333333333,0.9637923753622808,0.11782984963307779,0.7529129708806673,3.1024230271577835,nan,nan
mnist,entmax15,1,10,0.12150532752275467,0.966,0.965550328491892,0.11285436991602182,0.7559554974238077,3.1074883739153543,nan,nan
mnist,entmax15,1,11,0.11105094850063324,0.96525,0.9649319305283759,0.11545458622276783,0.7517471474905809,3.08858056863149,nan,nan
mnist,entmax15,1,12,0.10244878381490707,0.9684166666666667,0.968070372619519,0.10499916722377141,0.750656072050333,3.0902528762817383,nan,nan
mnist,entmax15,1,13,0.10031984001398087,0.9729166666666667,0.972741549501569,0.09453958986947934,0.7512567167480787,3.082010035713514,nan,nan
mnist,entmax15,1,14,0.09170342981815338,0.9721666666666666,0.9718740601073816,0.0930019758331279,0.751456850518783,3.0761938095092773,nan,nan
mnist,entmax15,1,15,0.08388310670852661,0.9751666666666666,0.9749499399056442,0.0850539025850594,0.7483292321364085,3.0702947278817496,nan,nan
mnist,entmax15,1,16,0.07930520176887512,0.9765,0.9762887072613209,0.07963440769041578,0.7480593807995319,3.071263333161672,nan,nan
mnist,entmax15,1,17,0.07564528286457062,0.977,0.9768553699731092,0.07888906169682741,0.7456757947802544,3.059145594636599,nan,nan
mnist,entmax15,1,18,0.07107079774141312,0.9735833333333334,0.9733719993893846,0.08594042637074988,0.7357211137811343,3.0229897250731788,nan,nan
mnist,entmax15,1,19,0.06695210188627243,0.9749166666666667,0.9747720193775417,0.0831181826069951,0.7350218184292316,3.0192091912031174,nan,nan
mnist,entmax15,1,20,0.06349331140518188,0.9753333333333334,0.9751164909378855,0.08241775104155143,0.7350246583422025,3.018403564890226,nan,nan
mnist,entmax15,1,21,0.060081273317337036,0.9775,0.9773959745993478,0.07754998638605078,0.7287486307322979,2.9985297173261642,nan,nan
mnist,entmax15,1,22,0.06004508212208748,0.977,0.9768392114149259,0.07949867735927303,0.7237278670072556,2.9837543268998465,nan,nan
mnist,entmax15,1,23,0.05583944916725159,0.9790833333333333,0.9788704981654985,0.0725627561720709,0.7297604282697042,3.001746028661728,nan,nan
mnist,entmax15,1,24,0.05403786525130272,0.9756666666666667,0.9754702670213986,0.0770156526317199,0.726249136030674,2.9928736090660095,nan,nan
mnist,entmax15,1,25,0.05027337744832039,0.9768333333333333,0.976616314726798,0.07855903621142109,0.7324290387332439,3.0006858557462692,nan,nan
mnist,entmax15,1,26,0.04923887923359871,0.9793333333333333,0.979118933512597,0.0709817089761297,0.7309005806843439,2.9922042538722358,nan,nan
mnist,entmax15,1,27,0.047041378915309906,0.97875,0.978516244644213,0.0731270012135307,0.7272140843172868,2.9776817113161087,nan,nan
mnist,entmax15,1,28,0.05010417848825455,0.97675,0.9765040033868522,0.07793402547637622,0.729510959237814,2.9848722368478775,nan,nan
mnist,entmax15,1,29,0.04679135978221893,0.9784166666666667,0.9782393953122372,0.07386228861287236,0.7386566946903864,2.997539455691973,nan,nan
mnist,entmax15,2,0,1.5819841623306274,0.70275,0.6955322737172651,0.865893118083477,0.7460412786652645,3.0657734721899033,nan,nan
mnist,entmax15,2,1,0.6227474212646484,0.8678333333333333,0.866200034557177,0.4151021142800649,0.8215099933246771,3.260028531153997,nan,nan
mnist,entmax15,2,2,0.35123807191848755,0.9223333333333333,0.9213242145661666,0.24839657296737036,0.837029617279768,3.314708565672239,nan,nan
mnist,entmax15,2,3,0.2601799964904785,0.935,0.934089591354625,0.2069332804530859,0.8314049281179905,3.3027350852886834,nan,nan
mnist,entmax15,2,4,0.2086097151041031,0.942,0.9412659934277704,0.17561474721878767,0.8422016377250353,3.317899525165558,nan,nan
mnist,entmax15,2,5,0.1787635087966919,0.9514166666666667,0.9509277361989765,0.14822081631670395,0.831586379557848,3.2863512486219406,nan,nan
mnist,entmax15,2,6,0.15945804119110107,0.9555,0.954881973338661,0.14016862430920204,0.8162068215509256,3.238540997107824,nan,nan
mnist,entmax15,2,7,0.14529985189437866,0.9571666666666667,0.9569845923269125,0.13576173906524977,0.8316501975059509,3.2668173611164093,nan,nan
mnist,entmax15,2,8,0.12636499106884003,0.96125,0.9608982683728609,0.11845140686879556,0.8258649495740732,3.250854363044103,nan,nan
mnist,entmax15,2,9,0.12496118247509003,0.9599166666666666,0.9597874834895752,0.12592169797668853,0.8201007644335429,3.2339304139216742,nan,nan
mnist,entmax15,2,10,0.11198493093252182,0.958,0.9575116650509516,0.12841901804010072,0.8199668029944102,3.224293033281962,nan,nan
mnist,entmax15,2,11,0.10159125179052353,0.9655833333333333,0.96507274320034,0.11333050718531013,0.8216836253801981,3.2085827390352883,nan,nan
mnist,entmax15,2,12,0.09662260860204697,0.9665833333333333,0.9661110949147591,0.10398727934807539,0.8111293564240137,3.183517570296923,nan,nan
mnist,entmax15,2,13,0.08976706862449646,0.9654166666666667,0.9650754946431539,0.11176330440988143,0.8168935477733612,3.186723763744036,nan,nan
mnist,entmax15,2,14,0.08750517666339874,0.97025,0.9700125983614448,0.09471701721971233,0.8191942895452181,3.1940772334734597,nan,nan
mnist,entmax15,2,15,0.07948003709316254,0.9668333333333333,0.9665855385703157,0.10845792479813099,0.8236327953636646,3.1914909134308496,nan,nan
mnist,entmax15,2,16,0.0721096619963646,0.9714166666666667,0.9710811855831671,0.08964053572465976,0.8205711071689924,3.1892553915580115,nan,nan
mnist,entmax15,2,17,0.07222572714090347,0.972,0.9717322494989103,0.09148227516561747,0.8174057863652706,3.1700003345807395,nan,nan
mnist,entmax15,2,18,0.06563229858875275,0.9735833333333334,0.9733102692911635,0.0823195124976337,0.8117635374267896,3.1560715287923813,nan,nan
mnist,entmax15,2,19,0.06296446919441223,0.9734166666666667,0.9731290693086831,0.08707733514408271,0.8049403776725134,3.140680273373922,nan,nan
mnist,entmax15,2,20,0.06343433260917664,0.97325,0.9730096446353658,0.08972894710799058,0.7993781504531702,3.115082025527954,nan,nan
mnist,entmax15,2,21,0.05930742621421814,0.9709166666666667,0.9706792831223752,0.0929792217599849,0.7930944884816805,3.10585984090964,nan,nan
mnist,entmax15,2,22,0.05520050227642059,0.9731666666666666,0.9728776363543981,0.08772459207102656,0.7929785810410976,3.0956059445937476,nan,nan
mnist,entmax15,2,23,0.05345294997096062,0.9723333333333334,0.9721795462616258,0.08896103501319885,0.7894919651250044,3.0909725775321326,nan,nan
mnist,entmax15,3,0,1.5629149675369263,0.7299166666666667,0.7252388895170515,0.791535273194313,0.8456367564698061,3.3283177514870963,nan,nan
mnist,entmax15,3,1,0.607896089553833,0.861,0.858910746623679,0.4381914623081684,0.871398039162159,3.393800844748815,nan,nan
mnist,entmax15,3,2,0.40137484669685364,0.9050833333333334,0.9041405025498402,0.31125632921854657,0.8726049674053987,3.4041839142640433,nan,nan
mnist,entmax15,3,3,0.3166484236717224,0.9114166666666667,0.9104415715161416,0.28508722223341465,0.8656180612742901,3.3628631035486856,nan,nan
mnist,entmax15,3,4,0.2613470256328583,0.92925,0.9287444755531762,0.2222567858795325,0.8627363468209902,3.343282083670298,nan,nan
mnist,entmax15,3,5,0.22173480689525604,0.9413333333333334,0.9410008507725298,0.18736182091136774,0.8547272073725859,3.317075232664744,nan,nan
mnist,entmax15,3,6,0.19556204974651337,0.9355,0.9351657039835827,0.2045574076473713,0.841626505057017,3.286639710267385,nan,nan
mnist,entmax15,3,7,0.1734592318534851,0.9496666666666667,0.9495082586927911,0.16217126324772835,0.8337133737901846,3.264771337310473,nan,nan
mnist,entmax15,3,8,0.1581794172525406,0.95775,0.957555905330327,0.13755443412810564,0.8389841790000597,3.266240735848745,nan,nan
mnist,entmax15,3,9,0.1445457488298416,0.9573333333333334,0.957125239691894,0.1361429477110505,0.8346228214601675,3.2532367457946143,nan,nan
mnist,entmax15,3,10,0.13841405510902405,0.96075,0.960614042775774,0.12857692254086336,0.8246117383241653,3.227382148305575,nan,nan
mnist,entmax15,3,11,0.12468293309211731,0.9575833333333333,0.9574643464106865,0.13577845320105553,0.815024716158708,3.208754991491636,nan,nan
mnist,entmax15,3,12,0.11550037562847137,0.9618333333333333,0.9615935624654434,0.12051657618333896,0.8296287295718988,3.2308215349912643,nan,nan
mnist,entmax15,3,13,0.1107245609164238,0.9668333333333333,0.9666432150849722,0.10767128722121318,0.8229394716521105,3.2159927984078727,nan,nan
mnist,entmax15,3,14,0.10517404228448868,0.96425,0.96411103802954,0.11724068938444059,0.8197240270674229,3.215006704131762,nan,nan
mnist,entmax15,3,15,0.0975743755698204,0.9666666666666667,0.966487354068746,0.11177458955595891,0.8116271297136942,3.190331533551216,nan,nan
mnist,entmax15,3,16,0.09051784127950668,0.968,0.9678443365050706,0.10598087683320045,0.8211393107970556,3.2109971394141517,nan,nan
mnist,entmax15,3,17,0.08859401941299438,0.96975,0.9696784087559471,0.09868186339735985,0.8284555251399676,3.2161603768666587,nan,nan
mnist,entmax15,3,18,0.08254750818014145,0.9715,0.971371332441235,0.09120940137654543,0.8143207306663195,3.167368064324061,nan,nan
mnist,entmax15,3,19,0.07642976939678192,0.9715833333333334,0.9714504779533983,0.09504767848799626,0.8062322859962782,3.1517966041962304,nan,nan
mnist,entmax15,3,20,0.07400268316268921,0.9720833333333333,0.9720506322756044,0.09220740059390664,0.8103220450381438,3.1684681276480355,nan,nan
mnist,entmax15,3,21,0.07131583988666534,0.9705833333333334,0.9705349684085647,0.09480330999940634,0.8062102422118187,3.1479773769776025,nan,nan
mnist,entmax15,3,22,0.06898059695959091,0.9739166666666667,0.9738585194007584,0.08751806849613786,0.8024937535325686,3.142338737845421,nan,nan
mnist,entmax15,3,23,0.06315343081951141,0.9735833333333334,0.9735151788687061,0.08784667992343505,0.8024364473919073,3.1351262827714286,nan,nan
mnist,entmax15,3,24,0.061289746314287186,0.9735833333333334,0.9734925576336124,0.08959606134643157,0.8018193704386553,3.1290109207232795,nan,nan
mnist,entmax15,3,25,0.05723654851317406,0.9761666666666666,0.9760706007556934,0.08121226370955507,0.8044148969153563,3.1438909471035004,nan,nan
mnist,entmax15,3,26,0.055845823138952255,0.9759166666666667,0.9758568742783073,0.08051652771731217,0.7953739029665788,3.117303192615509,nan,nan
mnist,entmax15,3,27,0.05558722838759422,0.9750833333333333,0.9750707203543424,0.08216409493858616,0.7996717852850755,3.1215907484292984,nan,nan
mnist,entmax15,3,28,0.05585741251707077,0.9750833333333333,0.9749924760767552,0.08579746913164854,0.7888549206157526,3.083917831381162,nan,nan
mnist,entmax15,3,29,0.04882030189037323,0.9724166666666667,0.9722538073641124,0.09521652773643534,0.7831532756487528,3.0742145776748657,nan,nan
mnist,entmax15,4,0,1.8040841817855835,0.5833333333333334,0.5483745681551679,1.180402879913648,0.819056628892819,3.2095990578333535,nan,nan
mnist,entmax15,4,1,0.7649864554405212,0.8545,0.8512351479425684,0.4629085163275401,0.8572457494835058,3.3724553833405175,nan,nan
mnist,entmax15,4,2,0.3937585651874542,0.9173333333333333,0.9166523213107155,0.2611160383870204,0.8345239783326784,3.34139775733153,nan,nan
mnist,entmax15,4,3,0.276533842086792,0.93775,0.9369815104183538,0.19857686758041382,0.827604296306769,3.316336760918299,nan,nan
mnist,entmax15,4,4,0.2209566980600357,0.9420833333333334,0.9413682568006528,0.18100492966671786,0.8355705564220747,3.332670678695043,nan,nan
mnist,entmax15,4,5,0.19010135531425476,0.9519166666666666,0.9514720029339827,0.1579968761652708,0.8194737570981184,3.281592607498169,nan,nan
mnist,entmax15,4,6,0.17012330889701843,0.9551666666666667,0.9546792639403165,0.1458989524592956,0.8281228207051754,3.294840713342031,nan,nan
mnist,entmax15,4,7,0.14967718720436096,0.95375,0.9535295885816335,0.15260979905724525,0.8269338794052601,3.286003698905309,nan,nan
mnist,entmax15,4,8,0.1389244794845581,0.9615833333333333,0.9613758436246542,0.12690239244451126,0.8275433108210564,3.280495300889015,nan,nan
mnist,entmax15,4,9,0.12710316479206085,0.9626666666666667,0.9623982193760663,0.11974935078372557,0.8214523730178674,3.267431686321894,nan,nan
mnist,entmax15,4,10,0.11804913729429245,0.9651666666666666,0.9649605657672572,0.1097924883166949,0.8300328714152178,3.27757162352403,nan,nan
mnist,entmax15,4,11,0.11353665590286255,0.9659166666666666,0.9656662320847273,0.11358493380248547,0.8222134858369827,3.2520450204610825,nan,nan
mnist,entmax15,4,12,0.10227390378713608,0.9686666666666667,0.9684686374009536,0.10293381412823994,0.8090514205396175,3.22357676923275,nan,nan
mnist,entmax15,4,13,0.09960192441940308,0.9694166666666667,0.9692316103228006,0.10327399335801601,0.8060751656691233,3.2001385539770126,nan,nan
mnist,entmax15,4,14,0.09648147225379944,0.9706666666666667,0.9705300038400028,0.09919417913382252,0.8186789564788342,3.2263087729612985,nan,nan
mnist,entmax15,4,15,0.08756273239850998,0.9708333333333333,0.9706356016711932,0.0984124569222331,0.8123876911898454,3.206628680229187,nan,nan
mnist,entmax15,4,16,0.08229928463697433,0.9689166666666666,0.9687719002921433,0.09733406268060207,0.8156437128782272,3.215731218457222,nan,nan
mnist,entmax15,4,17,0.07742908596992493,0.9736666666666667,0.9734810205147364,0.09056133885557453,0.8068146631121635,3.1948359509309134,nan,nan
mnist,entmax15,4,18,0.07599546015262604,0.9726666666666667,0.9724943968908926,0.08738916320726275,0.8069809402028719,3.187250425418218,nan,nan
mnist,entmax15,4,19,0.07084145396947861,0.9738333333333333,0.9736880300608313,0.08744672158112128,0.7908504046499729,3.1534920930862427,nan,nan
mnist,entmax15,4,20,0.06725053489208221,0.9725,0.9723135540745081,0.0912702763453126,0.8065351086358229,3.1803276588519416,nan,nan
mnist,entmax15,4,21,0.0649217963218689,0.977,0.9768599934499835,0.08175520567844312,0.7998983251551787,3.163014685114225,nan,nan
mnist,entmax15,4,22,0.06081344559788704,0.97525,0.9750911283394444,0.08744752950345476,0.7922487854957581,3.135162110129992,nan,nan
mnist,entmax15,4,23,0.05937153473496437,0.974,0.973778361845636,0.08842870453372598,0.7844515107572079,3.111418510476748,nan,nan
mnist,entmax15,4,24,0.05610082671046257,0.9771666666666666,0.9770410142573299,0.08158478730668624,0.7950510010123253,3.1463296512762704,nan,nan
mnist,entmax15,4,25,0.053221240639686584,0.9756666666666667,0.97556804169325,0.08094368906070788,0.7784931361675262,3.1024124175310135,nan,nan
mnist,entmax15,4,26,0.04908040538430214,0.9763333333333334,0.9761214907186317,0.0825247250807782,0.7826377985378107,3.114851176738739,nan,nan
mnist,entmax15,4,27,0.04925341159105301,0.9765,0.976277168621721,0.08355845945576827,0.7849292568862438,3.100186680754026,nan,nan
mnist,entmax15,4,28,0.0476544126868248,0.9750833333333333,0.974947347558853,0.09076165656248729,0.7739787052075068,3.0919471432765326,nan,nan
mnist,entmax15,4,29,0.04682791978120804,0.97725,0.9771323436139827,0.08268609642982483,0.7676194595793883,3.0721637507279715,nan,nan
mnist,entmax15,5,0,1.5611857175827026,0.75225,0.7451730414911555,0.7671181286374728,0.7522321989138921,3.1309936741987863,nan,nan
mnist,entmax15,5,1,0.5572630763053894,0.8815833333333334,0.879328055184924,0.37492960691452026,0.8081957946221033,3.271608496705691,nan,nan
mnist,entmax15,5,2,0.3644544184207916,0.9136666666666666,0.9116589254815836,0.2747583786646525,0.8352680491904417,3.307671681046486,nan,nan
mnist,entmax15,5,3,0.2868017852306366,0.929,0.9277941166711523,0.22755956463515759,0.8338445040086905,3.3017998884121575,nan,nan
mnist,entmax15,5,4,0.23645974695682526,0.9403333333333334,0.9394670463244662,0.18757617752999067,0.8189040298263232,3.2670110215743384,nan,nan
mnist,entmax15,5,5,0.20189931988716125,0.94525,0.9444691412832535,0.17106002507110438,0.8186486773192883,3.2544664293527603,nan,nan
mnist,entmax15,5,6,0.18594391644001007,0.9525,0.9517986862817844,0.1511893713225921,0.8237214585145315,3.268406296769778,nan,nan
mnist,entmax15,5,7,0.16108542680740356,0.9561666666666667,0.9555264008722413,0.14173035975545645,0.811031237244606,3.245589221517245,nan,nan
mnist,entmax15,5,8,0.14623567461967468,0.9598333333333333,0.9592971186983469,0.12962350404510894,0.8132928013801575,3.2571336030960083,nan,nan
mnist,entmax15,5,9,0.13711661100387573,0.9603333333333334,0.9597516024284148,0.12947728422780833,0.8081688036521276,3.237831393877665,nan,nan
mnist,entmax15,5,10,0.12933537364006042,0.9623333333333334,0.9617899807900473,0.11858564025412004,0.8068608716130257,3.243502269188563,nan,nan
mnist,entmax15,5,11,0.11726319044828415,0.964,0.9634820694330172,0.11883738388617833,0.8040147498250008,3.2329090336958566,nan,nan
mnist,entmax15,5,12,0.11037252843379974,0.965,0.9646269091526266,0.1116304484506448,0.8033131038149198,3.2291791637738547,nan,nan
mnist,entmax15,5,13,0.10456068813800812,0.9693333333333334,0.9689677226819431,0.09804649977013469,0.812038650115331,3.246626158555349,nan,nan
mnist,entmax15,5,14,0.09823892265558243,0.9718333333333333,0.971566956927339,0.09240325695524614,0.8076943966249625,3.2411464899778366,nan,nan
mnist,entmax15,5,15,0.09121815115213394,0.9718333333333333,0.9715745850906895,0.0925975499364237,0.8109157246847948,3.2439271410306296,nan,nan
mnist,entmax15,5,16,0.08792538195848465,0.9708333333333333,0.9704665041870495,0.09373177976037066,0.8033152781426907,3.2255347271760306,nan,nan
mnist,entmax15,5,17,0.08345203101634979,0.97125,0.9709174685451629,0.09237705450505018,0.8038087027768294,3.2251623570919037,nan,nan
mnist,entmax15,5,18,0.0762212947010994,0.9740833333333333,0.9738342190671162,0.08244310117637117,0.8031842112541199,3.22537769873937,nan,nan
mnist,entmax15,5,19,0.07500404119491577,0.9748333333333333,0.9745827022812963,0.08189482785140474,0.8039841949939728,3.2247463713089624,nan,nan
mnist,entmax15,5,20,0.07249077409505844,0.9720833333333333,0.9717653108106648,0.09377025657643874,0.8011592999100685,3.2095672488212585,nan,nan
mnist,entmax15,5,21,0.06528277695178986,0.9728333333333333,0.9724908699497666,0.08821100664014618,0.801477370162805,3.2066029061873755,nan,nan
mnist,entmax15,5,22,0.06341329216957092,0.9743333333333334,0.9740466836897863,0.08364824671298265,0.7954171697298685,3.1943390717109046,nan,nan
mnist,entmax15,5,23,0.05966934561729431,0.9740833333333333,0.9738380305541016,0.08311951020732522,0.7919956396023432,3.1839125752449036,nan,nan
mnist,entmax15,5,24,0.05779140442609787,0.9745,0.9742263995546796,0.08880845946259797,0.7779006684819857,3.150359630584717,nan,nan
mnist,entmax15,6,0,1.620701551437378,0.6983333333333334,0.6743811499944203,0.8991014758745829,0.7606338076293468,3.0676790177822113,nan,nan
mnist,entmax15,6,1,0.6656301617622375,0.84875,0.8465211773250981,0.47578125322858494,0.8065015462537607,3.2126029630502067,nan,nan
mnist,entmax15,6,2,0.4180220663547516,0.8941666666666667,0.8928212049919966,0.33208350961407024,0.7869579854110876,3.1719267517328262,nan,nan
mnist,entmax15,6,3,0.30835413932800293,0.9100833333333334,0.909125443255987,0.2785145907352368,0.8125684795280298,3.254188761115074,nan,nan
mnist,entmax15,6,4,0.2508756220340729,0.931,0.9300461187855575,0.210670984039704,0.8197239227592945,3.2804539104302726,nan,nan
mnist,entmax15,6,5,0.21622103452682495,0.9333333333333333,0.9327943981983682,0.202713285262386,0.8222621070841948,3.27084190150102,nan,nan
mnist,entmax15,6,6,0.19053180515766144,0.944,0.9434276555271726,0.17030935858686766,0.8243991099298,3.2657837917407355,nan,nan
mnist,entmax15,6,7,0.1686089187860489,0.9486666666666667,0.9483599026311259,0.16291770121703544,0.8214019648730755,3.259674777587255,nan,nan
mnist,entmax15,6,8,0.15624786913394928,0.9519166666666666,0.9515705336402845,0.14573955908417702,0.8228049129247665,3.2544201711813607,nan,nan
mnist,entmax15,6,9,0.1386217325925827,0.9601666666666666,0.9597904760161748,0.12490646044413249,0.8194326348602772,3.2409938126802444,nan,nan
mnist,entmax15,6,10,0.12753009796142578,0.9586666666666667,0.9583442577873524,0.12553403029839197,0.8025868708888689,3.197464962800344,nan,nan
mnist,entmax15,6,11,0.11798252910375595,0.96225,0.9619918957210734,0.11836786102503538,0.8083566824595133,3.2111739963293076,nan,nan
mnist,entmax15,6,12,0.10862137377262115,0.9628333333333333,0.9625021870862709,0.11764239706099033,0.7936847706635793,3.178702235221863,nan,nan
mnist,entmax15,6,13,0.10350601375102997,0.9664166666666667,0.9661809311106133,0.10455929984649022,0.7968064174056053,3.1786125848690667,nan,nan
mnist,entmax15,6,14,0.0934189110994339,0.9668333333333333,0.9666149353072623,0.10702622557679813,0.796066340059042,3.177740385135015,nan,nan
mnist,entmax15,6,15,0.08936764299869537,0.969,0.9687208399346849,0.10153035105516513,0.7922464460134506,3.1703129609425864,nan,nan
mnist,entmax15,6,16,0.09021007269620895,0.9706666666666667,0.9703569345602796,0.09586032821486394,0.789968258390824,3.1547111670176187,nan,nan
mnist,entmax15,6,17,0.08226220309734344,0.9688333333333333,0.9685362739140724,0.09978580536941688,0.7776857130229473,3.1204795837402344,nan,nan
mnist,entmax15,6,18,0.07543857395648956,0.9715,0.9712332126752651,0.093177178564171,0.7710474530855814,3.1042264302571616,nan,nan
mnist,entmax15,6,19,0.07620229572057724,0.9708333333333333,0.9705587146812196,0.09091004030779004,0.7768638220926126,3.1177254815896354,nan,nan
mnist,entmax15,6,20,0.06856609880924225,0.9706666666666667,0.9704184555783748,0.09704394110788901,0.767106885711352,3.087488830089569,nan,nan
mnist,entmax15,6,21,0.06795675307512283,0.9699166666666666,0.9695946773198901,0.09664656904836495,0.7619176680843035,3.0727964440981546,nan,nan
mnist,entmax15,6,22,0.06367906183004379,0.9726666666666667,0.9724852496388492,0.08913708695520957,0.764080664763848,3.0730132907629013,nan,nan
mnist,entmax15,6,23,0.06187062710523605,0.97,0.9698226568498323,0.09620460060735543,0.7591039513548216,3.049946516752243,nan,nan
mnist,entmax15,6,24,0.06059231609106064,0.9745833333333334,0.9743440285017527,0.08315823273733258,0.7523877869049708,3.0465261340141296,nan,nan
mnist,entmax15,6,25,0.05618584156036377,0.9725,0.972268859860679,0.0886921463534236,0.7553644975026449,3.0607802073160806,nan,nan
mnist,entmax15,6,26,0.053527120500802994,0.9734166666666667,0.9732536969145409,0.08846643830959995,0.7548775325218836,3.053381328781446,nan,nan
mnist,entmax15,6,27,0.05242810770869255,0.9735833333333334,0.9733266753668692,0.0841176831163466,0.7422677365442117,3.0184573183457055,nan,nan
mnist,entmax15,6,28,0.0474504716694355,0.976,0.9757661684127308,0.08269134055202206,0.7463454976677895,3.0334539810816445,nan,nan
mnist,entmax15,6,29,0.04885861650109291,0.9758333333333333,0.9756593013947239,0.08071987718964617,0.7423320213953654,3.0161651372909546,nan,nan
mnist,entmax15,7,0,1.5760504007339478,0.7389166666666667,0.7264083025697786,0.7924684310952822,0.7710950262844563,3.079652950167656,nan,nan
mnist,entmax15,7,1,0.5871297121047974,0.8679166666666667,0.8658260984553783,0.4228655869762103,0.8096061709026495,3.1777368684609733,nan,nan
mnist,entmax15,7,2,0.3792206943035126,0.907,0.9061551740717502,0.2976719817767541,0.8079964158435663,3.177760382493337,nan,nan
mnist,entmax15,7,3,0.2806336283683777,0.9190833333333334,0.9188462622995385,0.2537434690942367,0.8218824056287607,3.227235143383344,nan,nan
mnist,entmax15,7,4,0.23110707104206085,0.9303333333333333,0.9296861941802401,0.22023412150641283,0.8035404992600282,3.1561584174633026,nan,nan
mnist,entmax15,7,5,0.1959386169910431,0.9445833333333333,0.9440949523008648,0.17955206303546825,0.8264000924925009,3.210372398296992,nan,nan
mnist,entmax15,7,6,0.1724434196949005,0.9496666666666667,0.9493438582592895,0.15750990621745586,0.833452278127273,3.2246883859237037,nan,nan
mnist,entmax15,7,7,0.15509666502475739,0.9531666666666667,0.9528661930494902,0.1497441210473577,0.8135278187692165,3.16800427933534,nan,nan
mnist,entmax15,7,8,0.13700468838214874,0.9551666666666667,0.9548077757591175,0.14245744484166303,0.8192018854121367,3.1774104485909143,nan,nan
mnist,entmax15,7,9,0.12965860962867737,0.9569166666666666,0.956626944686327,0.1347524073595802,0.8234639080862204,3.1862101753552756,nan,nan
mnist,entmax15,7,10,0.11888625472784042,0.9585,0.9582392829891637,0.1348915109410882,0.8078903257846832,3.1350952833890915,nan,nan
mnist,entmax15,7,11,0.11035677045583725,0.96275,0.962457826789937,0.12447415354351203,0.793853759765625,3.0869317203760147,nan,nan
mnist,entmax15,7,12,0.10006091743707657,0.9630833333333333,0.9627887765838576,0.12145883155365785,0.7960722210506598,3.097370818257332,nan,nan
mnist,entmax15,7,13,0.0983629822731018,0.9635833333333333,0.9634288116051195,0.12274858976403873,0.7926276251673698,3.077908198038737,nan,nan
mnist,entmax15,7,14,0.08883310854434967,0.9675,0.9672780833064017,0.11660848961522181,0.7878850984076659,3.063063606619835,nan,nan
mnist,entmax15,7,15,0.08198023587465286,0.9678333333333333,0.9676148944026268,0.10989696097870667,0.7885507084429264,3.0580198814471564,nan,nan
mnist,entmax15,7,16,0.08210087567567825,0.9681666666666666,0.9679578768471078,0.10729341674596071,0.7879278597732385,3.058914358417193,nan,nan
mnist,entmax15,7,17,0.07473467290401459,0.9681666666666666,0.9680314184618286,0.10891891286397974,0.7823745695253214,3.047008847196897,nan,nan
mnist,entmax15,7,18,0.0716070607304573,0.9708333333333333,0.9706608290714023,0.10398031460742156,0.7685562968254089,3.009325459599495,nan,nan
mnist,entmax15,7,19,0.06787803769111633,0.9694166666666667,0.9692239693741118,0.10757013053322832,0.774932703624169,3.0263263285160065,nan,nan
mnist,entmax15,7,20,0.06340887397527695,0.9666666666666667,0.9665389734737915,0.11964657219747703,0.756623682876428,2.979381188750267,nan,nan
mnist,entmax15,7,21,0.06623262166976929,0.9708333333333333,0.9706138760108821,0.1027304814197123,0.7671427950263023,3.011386896173159,nan,nan
mnist,entmax15,7,22,0.05829503387212753,0.9706666666666667,0.9705594638894637,0.10471947584301233,0.7660314738750458,3.0001568645238876,nan,nan
mnist,entmax15,7,23,0.05602477118372917,0.9716666666666667,0.971589575158853,0.10571454558521509,0.7641970353821913,3.0020996083815894,nan,nan
mnist,entmax15,7,24,0.05736686661839485,0.97025,0.9701764053949816,0.10447983940442403,0.7497299363215765,2.947472502787908,nan,nan
mnist,entmax15,7,25,0.05188357084989548,0.9743333333333334,0.97428021986955,0.096819331869483,0.7590149864554405,2.9805279622475305,nan,nan
mnist,entmax15,7,26,0.04759776592254639,0.9701666666666666,0.9699963503909913,0.10665308032184839,0.7464345954358578,2.947570045789083,nan,nan
mnist,entmax15,7,27,0.04740075021982193,0.9728333333333333,0.9726852807596504,0.10234685366352399,0.7463270959754785,2.941326970855395,nan,nan
mnist,entmax15,7,28,0.0472487136721611,0.9736666666666667,0.9735432534545321,0.09626307835181554,0.7307914706567923,2.901352728406588,nan,nan
mnist,entmax15,7,29,0.043183334171772,0.97075,0.9706564080805083,0.10562228489046295,0.7267836816608906,2.8852042704820633,nan,nan
mnist,entmax15,8,0,1.6306400299072266,0.68675,0.6715020414764629,0.9000943700472513,0.8739848857124647,3.385714292526245,nan,nan
mnist,entmax15,8,1,0.6605560183525085,0.8539166666666667,0.8504774600352409,0.44129785150289536,0.8810467422008514,3.4081321905056634,nan,nan
mnist,entmax15,8,2,0.40272805094718933,0.901,0.8994725740807528,0.3194605049987634,0.8795616142451763,3.3758092125256858,nan,nan
mnist,entmax15,8,3,0.29529333114624023,0.9238333333333333,0.9231826457293687,0.2326684600363175,0.8724699678520361,3.3593619813521705,nan,nan
mnist,entmax15,8,4,0.236918643116951,0.9365,0.9356764062183167,0.20240511807302633,0.8532235572735468,3.293116718530655,nan,nan
mnist,entmax15,8,5,0.21671611070632935,0.9430833333333334,0.9427090340195061,0.17374454935391745,0.8506428872545561,3.272693559527397,nan,nan
mnist,entmax15,8,6,0.18087615072727203,0.9418333333333333,0.9416413580367429,0.18398026066521803,0.8487932880719503,3.270890305439631,nan,nan
mnist,entmax15,8,7,0.1677083671092987,0.9530833333333333,0.9527461721685728,0.1465373101333777,0.8519529029726982,3.2682304779688516,nan,nan
mnist,entmax15,8,8,0.14855079352855682,0.9540833333333333,0.953813717493356,0.15122984908521175,0.8524624221026897,3.280463924010595,nan,nan
mnist,entmax15,8,9,0.138337641954422,0.9586666666666667,0.9583645779259771,0.13006226842602095,0.8455816271404425,3.2354007065296173,nan,nan
mnist,entmax15,8,10,0.12810683250427246,0.9601666666666666,0.9596637876153469,0.12755638919770718,0.8514463504155477,3.24834136168162,nan,nan
mnist,entmax15,8,11,0.11886130273342133,0.9654166666666667,0.9649897272707703,0.11887379083782434,0.8480123666425546,3.2371897598107657,nan,nan
mnist,entmax15,8,12,0.11109916865825653,0.9665833333333333,0.9662529514103199,0.10748964206626017,0.844896100461483,3.21854534248511,nan,nan
mnist,entmax15,8,13,0.10274696350097656,0.968,0.9676776759148188,0.10830195806920528,0.8435238202412924,3.2157373478015265,nan,nan
mnist,entmax15,8,14,0.0950699970126152,0.9693333333333334,0.9690000495796447,0.09802396673088272,0.8486647208531698,3.2114755560954413,nan,nan
mnist,entmax15,8,15,0.08997713029384613,0.9703333333333334,0.9699751185027796,0.09899198512236278,0.8424971364438534,3.1836748868227005,nan,nan
mnist,entmax15,8,16,0.08453210443258286,0.971,0.970842067411669,0.09159032581374049,0.8392703446249167,3.1890193770329156,nan,nan
mnist,entmax15,8,17,0.08214716613292694,0.971,0.970669317374619,0.09362665781130393,0.8395860766371092,3.165269841750463,nan,nan
mnist,entmax15,8,18,0.07672332972288132,0.9705833333333334,0.9701271496029991,0.09853567245105903,0.8342549614608288,3.156319578488668,nan,nan
mnist,entmax15,8,19,0.07299459725618362,0.9725,0.972252305226115,0.09213715077688296,0.8383065685629845,3.162288248538971,nan,nan
mnist,entmax15,8,20,0.0688348338007927,0.9728333333333333,0.9725296500627749,0.08614780443410079,0.831490021198988,3.15824988981088,nan,nan
mnist,entmax15,8,21,0.06612928956747055,0.9755,0.9751535559815159,0.08234393612171213,0.8219356723129749,3.120204359292984,nan,nan
mnist,entmax15,8,22,0.06323681026697159,0.9738333333333333,0.9736267317545998,0.08190341774995129,0.8281163945794106,3.1339484651883445,nan,nan
mnist,entmax15,8,23,0.059666965156793594,0.9765,0.9762848881663906,0.08174072050799926,0.8160412535071373,3.095030019680659,nan,nan
mnist,entmax15,8,24,0.05574944615364075,0.97525,0.9750172084433799,0.07812132049972813,0.8223278423150381,3.115487610300382,nan,nan
mnist,entmax15,8,25,0.05212143063545227,0.9765833333333334,0.9762857817954025,0.07827239080021779,0.8128934390842915,3.0813496758540473,nan,nan
mnist,entmax15,8,26,0.05503569543361664,0.9725833333333334,0.9722295107708145,0.09436398992935817,0.8031553973754247,3.0522333731253943,nan,nan
mnist,entmax15,8,27,0.05267177149653435,0.976,0.9758200371537926,0.08131232966358463,0.7939820811152458,3.034893343846003,nan,nan
mnist,entmax15,8,28,0.0447261817753315,0.9783333333333334,0.9781267366963746,0.07498471159487963,0.8025053180754185,3.0573607136805854,nan,nan
mnist,entmax15,8,29,0.048830851912498474,0.9763333333333334,0.976006044859527,0.08117563463747501,0.7988912289341291,3.0472242385149,nan,nan
mnist,entmax15,9,0,1.5174939632415771,0.67975,0.6690005760544919,0.8828561355670294,0.8091354705393314,3.210188160339991,nan,nan
mnist,entmax15,9,1,0.6793594360351562,0.8618333333333333,0.8606953122685577,0.43908315648635227,0.8279234344760577,3.3084464569886527,nan,nan
mnist,entmax15,9,2,0.4148884117603302,0.8985833333333333,0.8977691222218841,0.3276854020853837,0.8312520335117976,3.3058385103940964,nan,nan
mnist,entmax15,9,3,0.30463480949401855,0.92125,0.9208193287316325,0.2588205070545276,0.8394158457716306,3.3183696816364923,nan,nan
mnist,entmax15,9,4,0.24935701489448547,0.9366666666666666,0.9365271014660232,0.2046125984440247,0.8385223944981893,3.3100262631972632,nan,nan
mnist,entmax15,9,5,0.207445427775383,0.94775,0.9475972966214046,0.17065600492060184,0.8251445976396402,3.289855087796847,nan,nan
mnist,entmax15,9,6,0.18512530624866486,0.9450833333333334,0.9449204677788587,0.1714972285553813,0.8361829010148843,3.300642654299736,nan,nan
mnist,entmax15,9,7,0.16132310032844543,0.9566666666666667,0.9565948106147767,0.14259465349217257,0.8356338267525037,3.2973886827627816,nan,nan
mnist,entmax15,9,8,0.14347676932811737,0.9540833333333333,0.9540979092868771,0.14556687294195095,0.8434019734462103,3.2932035475969315,nan,nan
mnist,entmax15,9,9,0.1366635113954544,0.961,0.9610411884099246,0.12977490201592445,0.8472793139517307,3.30112586915493,nan,nan
mnist,entmax15,9,10,0.12375170737504959,0.96525,0.9652483407006383,0.11476619572689135,0.8339269496500492,3.2655435850222907,nan,nan
mnist,entmax15,9,11,0.11516829580068588,0.96525,0.9652753164766887,0.10697609341392915,0.8400887822111448,3.2704745084047318,nan,nan
mnist,entmax15,9,12,0.10669182240962982,0.9684166666666667,0.9683540287860308,0.10533204426368077,0.8384551368653774,3.26494969924291,nan,nan
mnist,entmax15,9,13,0.10044284164905548,0.9693333333333334,0.9693577932043687,0.09526117285713553,0.8478739062945048,3.3042244066794715,nan,nan
mnist,entmax15,9,14,0.09421984106302261,0.96925,0.9691997522124163,0.09984063465769093,0.8393485608200232,3.270236442486445,nan,nan
mnist,entmax15,9,15,0.09365377575159073,0.9714166666666667,0.9714023660540111,0.09280305868014693,0.8461385232706865,3.289669319987297,nan,nan
mnist,entmax15,9,16,0.08644081652164459,0.9728333333333333,0.9728560309629402,0.08894885859141748,0.8466657524307569,3.291888043284416,nan,nan
mnist,entmax15,9,17,0.07742716372013092,0.9724166666666667,0.9723650198856454,0.08903383882716298,0.8444915153086185,3.2701785067717233,nan,nan
mnist,entmax15,9,18,0.07394758611917496,0.9745833333333334,0.9746054259693882,0.0833404129371047,0.8510505706071854,3.298998390634855,nan,nan
mnist,entmax15,9,19,0.06872697919607162,0.9725,0.972501427928459,0.0885629962819318,0.8430655834575495,3.271697143713633,nan,nan
mnist,entmax15,9,20,0.06690271198749542,0.9758333333333333,0.9757794113975071,0.08313624452178676,0.8465296191473802,3.287720263004303,nan,nan
mnist,entmax15,9,21,0.0622822605073452,0.97475,0.9747496365578083,0.07871886047845085,0.8428744946916898,3.2685977717240653,nan,nan
mnist,entmax15,9,22,0.061227429658174515,0.9748333333333333,0.9748119763744502,0.08348809756959479,0.8451488502323627,3.2680671364068985,nan,nan
mnist,entmax15,9,23,0.05710186809301376,0.9773333333333334,0.977311468119162,0.07678216990704338,0.850615290304025,3.2813115318616233,nan,nan
mnist,entmax15,9,24,0.05976533517241478,0.9760833333333333,0.9760529814683979,0.07688945881091058,0.8427654318511486,3.259621391693751,nan,nan
mnist,entmax15,9,25,0.0510978177189827,0.97675,0.9767453870633922,0.0790948240707318,0.8291178916891416,3.2312001436948776,nan,nan
mnist,entmax15,9,26,0.04907579347491264,0.9753333333333334,0.9752946874832766,0.07856211516385277,0.834718202551206,3.234921708703041,nan,nan
mnist,entmax15,9,27,0.0489385761320591,0.9773333333333334,0.9773365690763398,0.07791780889965594,0.8242943957448006,3.2133939613898597,nan,nan
mnist,entmax15,9,28,0.05012549087405205,0.9760833333333333,0.9760627953142278,0.07777235408624013,0.8270197113355001,3.1978504409392676,nan,nan
mnist,headwise_adaptive_entmax,0,0,1.6166527271270752,0.6768333333333333,0.6630887000635114,0.9149428953727087,0.8258400559425354,3.3155205895503364,1.5053883790969849,0.0028873952687717974
mnist,headwise_adaptive_entmax,0,1,0.6309482455253601,0.88125,0.8793861676083765,0.3729153076807658,0.8317171322802702,3.3310857862234116,1.5066624879837036,0.006562838330864906
mnist,headwise_adaptive_entmax,0,2,0.33948904275894165,0.9275833333333333,0.926759014894343,0.24041538313031197,0.8142365552484989,3.272809386253357,1.506498396396637,0.007102092495188117
mnist,headwise_adaptive_entmax,0,3,0.2431611567735672,0.9411666666666667,0.9405266078410962,0.1970694667349259,0.8075268020232519,3.232894857724508,1.506389081478119,0.008081305073574185
mnist,headwise_adaptive_entmax,0,4,0.1992252767086029,0.9455833333333333,0.9450097065580098,0.17213348299264908,0.7987873194118341,3.20036344230175,1.5069348812103271,0.00894732098095119
mnist,headwise_adaptive_entmax,0,5,0.16695548593997955,0.9484166666666667,0.9479393002599469,0.16947492336233458,0.7949906239906946,3.1855324308077493,1.5070727467536926,0.009206128306686878
mnist,headwise_adaptive_entmax,0,6,0.15021005272865295,0.9576666666666667,0.9574080750119845,0.1452044571439425,0.785431748876969,3.1525868475437164,1.5076289176940918,0.00953269051387906
mnist,headwise_adaptive_entmax,0,7,0.13305343687534332,0.9623333333333334,0.9621023139261284,0.12714573151121536,0.7767058635751406,3.1204486986001334,1.5085050463676453,0.009660744573920965
mnist,headwise_adaptive_entmax,0,8,0.12054439634084702,0.9545833333333333,0.9543800622260011,0.15032659998784462,0.7743507921695709,3.107837269703547,1.5091229677200317,0.010227418038994074
mnist,headwise_adaptive_entmax,0,9,0.11622169613838196,0.961,0.960693235202927,0.12796235922724009,0.7688709460198879,3.092869291702906,1.5100018382072449,0.010456162970513105
mnist,headwise_adaptive_entmax,0,10,0.1088913232088089,0.9641666666666666,0.9638885563462587,0.11628557400157054,0.7743471910556158,3.0962195744117103,1.51077139377594,0.011004784610122442
mnist,headwise_adaptive_entmax,0,11,0.09899455308914185,0.96475,0.9645474063139888,0.11828396376222372,0.7607898575564226,3.0533819248278937,1.511343538761139,0.010801980271935463
mnist,headwise_adaptive_entmax,0,12,0.09212696552276611,0.9623333333333334,0.9621753236908195,0.1242154377202193,0.754764170696338,3.0451952069997787,1.5114704966545105,0.011410119477659464
mnist,headwise_adaptive_entmax,0,13,0.0884937271475792,0.968,0.9678658832441023,0.10648905237515767,0.7579110537966093,3.047609011332194,1.512124240398407,0.011596406809985638
mnist,headwise_adaptive_entmax,0,14,0.08059193193912506,0.9696666666666667,0.9694664916878297,0.108096562170734,0.7511457341412703,3.0086569438378015,1.5125848054885864,0.01222557807341218
mnist,headwise_adaptive_entmax,0,15,0.08297960460186005,0.96875,0.9685174414161482,0.10748217751582463,0.7502211220562458,2.993493835131327,1.5133297443389893,0.012627799529582262
mnist,headwise_adaptive_entmax,0,16,0.07486095279455185,0.9711666666666666,0.9708690530043057,0.09802469223116834,0.7441580556333065,2.987895260254542,1.5137773752212524,0.012939687352627516
mnist,headwise_adaptive_entmax,0,17,0.0723487064242363,0.9699166666666666,0.9696889781352889,0.10260762833058834,0.7374681681394577,2.9509250968694687,1.5144293904304504,0.013394373934715986
mnist,headwise_adaptive_entmax,0,18,0.06739969551563263,0.9721666666666666,0.9719971826620419,0.09634678267563383,0.7373180364569029,2.970968325932821,1.5145914554595947,0.013414574787020683
mnist,headwise_adaptive_entmax,0,19,0.062255218625068665,0.971,0.9707990119017827,0.10616547397027414,0.72481544688344,2.936095247666041,1.5152114033699036,0.013953609392046928
mnist,headwise_adaptive_entmax,0,20,0.06002829223871231,0.9715833333333334,0.9713464875364917,0.10753088273728888,0.71085333203276,2.9027804931004844,1.5154511332511902,0.014610320795327425
mnist,headwise_adaptive_entmax,0,21,0.05919838324189186,0.9714166666666667,0.9711953653721224,0.0993873708260556,0.7154403713842233,2.902657146255175,1.5159505605697632,0.015050157438963652
mnist,headwise_adaptive_entmax,0,22,0.05456433817744255,0.974,0.9738095795972553,0.09165874759977062,0.7090303202470144,2.882678066690763,1.5158412456512451,0.015134254936128855
mnist,headwise_adaptive_entmax,0,23,0.049698375165462494,0.97375,0.9735717997401065,0.09622684322918455,0.7059638040761153,2.86480421324571,1.5162389278411865,0.015922571998089552
mnist,headwise_adaptive_entmax,0,24,0.049781426787376404,0.9733333333333334,0.9731598642675922,0.10166883391017716,0.7047165421148142,2.8574571907520294,1.5161900520324707,0.015853555873036385
mnist,headwise_adaptive_entmax,0,25,0.048254840075969696,0.9750833333333333,0.9749207173766843,0.09341461583971977,0.7000472197930018,2.8465552975734076,1.515871822834015,0.01605566032230854
mnist,headwise_adaptive_entmax,0,26,0.043836209923028946,0.97525,0.9750252205693096,0.09545114915817976,0.693875772257646,2.83154089252154,1.5161603093147278,0.01625381549820304
mnist,headwise_adaptive_entmax,0,27,0.043466683477163315,0.97175,0.9715731033765037,0.10556492845838268,0.7008975806335608,2.8491900662581124,1.5160847902297974,0.016825780738145113
mnist,headwise_adaptive_entmax,0,28,0.04223572090268135,0.9711666666666666,0.9708680584237033,0.10708985415597756,0.7023213853438696,2.848104014992714,1.5159249305725098,0.017032973002642393
mnist,headwise_adaptive_entmax,0,29,0.040066905319690704,0.97375,0.9735389376882543,0.09363774598265688,0.6940720950563749,2.8131329913934073,1.5163399577140808,0.01707920664921403
mnist,headwise_adaptive_entmax,1,0,1.6907557249069214,0.6481666666666667,0.6280969250892541,0.9988980789979299,0.6966372076421976,3.0031718661387763,1.5045120120048523,0.0030658976174890995
mnist,headwise_adaptive_entmax,1,1,0.6903862953186035,0.87425,0.8725573196034799,0.39874012147386867,0.7532434227565924,3.1541881163915,1.504767656326294,0.0037522590719163418
mnist,headwise_adaptive_entmax,1,2,0.388484388589859,0.9083333333333333,0.9074700212802403,0.2924113795161247,0.7809055509666601,3.201391493280729,1.5049899220466614,0.003118332359008491
mnist,headwise_adaptive_entmax,1,3,0.29084649682044983,0.9326666666666666,0.9319222247148178,0.21520543470978737,0.7718433476984501,3.178971682985624,1.5055118203163147,0.003412246354855597
mnist,headwise_adaptive_entmax,1,4,0.23598822951316833,0.9398333333333333,0.9389161511067299,0.19220270651082197,0.7692143432796001,3.1639013091723123,1.5058234930038452,0.0032003672095015645
mnist,headwise_adaptive_entmax,1,5,0.2057258039712906,0.9495833333333333,0.9490864426650452,0.16405622102320194,0.7598302426437537,3.150848259528478,1.5062342882156372,0.0035051003796979785
mnist,headwise_adaptive_entmax,1,6,0.18476830422878265,0.9534166666666667,0.9529524376293999,0.15178265422582626,0.7539963324864706,3.1238091637690864,1.5064836740493774,0.0034207103308290243
mnist,headwise_adaptive_entmax,1,7,0.1585792601108551,0.9569166666666666,0.9566695033960775,0.13908578051875034,0.7631273791193962,3.134023810426394,1.5065929293632507,0.0038103878032416105
mnist,headwise_adaptive_entmax,1,8,0.14286260306835175,0.9618333333333333,0.9614393061773312,0.12417263413468997,0.7615914394458135,3.1270956844091415,1.5069798827171326,0.004187892540358007
mnist,headwise_adaptive_entmax,1,9,0.1323075294494629,0.9651666666666666,0.9648673020325264,0.11688489746302366,0.7535369967420896,3.1037381291389465,1.507309377193451,0.003953952807933092
mnist,headwise_adaptive_entmax,1,10,0.12101679295301437,0.9663333333333334,0.9659105897498556,0.11224285699427128,0.7556701836486658,3.1069777458906174,1.5077518224716187,0.004454311798326671
mnist,headwise_adaptive_entmax,1,11,0.11000984907150269,0.96575,0.9654294724150448,0.11524894740432501,0.7510825569430987,3.0871067394812903,1.5081252455711365,0.004986343556083739
mnist,headwise_adaptive_entmax,1,12,0.10198517888784409,0.9678333333333333,0.9674839288577154,0.10582477288941543,0.7484869919717312,3.087103471159935,1.5084538459777832,0.0049064235063269734
mnist,headwise_adaptive_entmax,1,13,0.09907297790050507,0.9721666666666666,0.9719845730063724,0.09433826291933656,0.7481351705888907,3.0747528821229935,1.50876122713089,0.005513187265023589
mnist,headwise_adaptive_entmax,1,14,0.0915488675236702,0.9715,0.9712226320202431,0.09399980058272679,0.7495244778692722,3.0721314748128257,1.5093395113945007,0.006272575119510293
mnist,headwise_adaptive_entmax,1,15,0.08380700647830963,0.9750833333333333,0.9748770870207502,0.0853820126503706,0.7446872889995575,3.0628578762213388,1.5099003911018372,0.006274571642279625
mnist,headwise_adaptive_entmax,1,16,0.07833514362573624,0.97625,0.9760373933114345,0.08042933186516166,0.7442000744243463,3.0622190634409585,1.5099137425422668,0.006666650762781501
mnist,headwise_adaptive_entmax,1,17,0.0753958523273468,0.9766666666666667,0.9765260117955142,0.07860845606774092,0.742927223443985,3.0535467515389123,1.5100265145301819,0.006874581566080451
mnist,headwise_adaptive_entmax,1,18,0.07035870850086212,0.9741666666666666,0.973926927956805,0.08506412105634809,0.7332168308397135,3.018691728512446,1.5103448629379272,0.006936638383194804
mnist,headwise_adaptive_entmax,1,19,0.06709448248147964,0.9750833333333333,0.9749376148716804,0.08245262177661061,0.7330087957282861,3.0147937536239624,1.5105367302894592,0.00689973752014339
mnist,headwise_adaptive_entmax,1,20,0.06305303424596786,0.9764166666666667,0.9761941814251074,0.07987819612026215,0.733959011733532,3.018058111270269,1.5110734701156616,0.007332139881327748
mnist,headwise_adaptive_entmax,1,21,0.05969404801726341,0.97725,0.9771304980580139,0.07781363759810726,0.7266647157569727,2.9942956815163293,1.5112437009811401,0.007491980213671923
mnist,headwise_adaptive_entmax,1,22,0.060076985508203506,0.9760833333333333,0.9759062516896891,0.08051363766814272,0.7197623662650585,2.9735139111677804,1.5112938284873962,0.0080400500446558
mnist,headwise_adaptive_entmax,1,23,0.055797357112169266,0.9801666666666666,0.9799682059051328,0.07099517993628979,0.7270872493584951,2.992979735136032,1.5112547874450684,0.007862611906602979
mnist,headwise_adaptive_entmax,1,24,0.05359748378396034,0.9765,0.9762913644157587,0.07740245922468603,0.7254629333813986,2.9893553952376046,1.5113462209701538,0.008218139875680208
mnist,headwise_adaptive_entmax,1,25,0.051210418343544006,0.9761666666666666,0.9759314697320172,0.0798500026576221,0.7312671716014544,2.996556912859281,1.5115514397621155,0.008266937220469117
mnist,headwise_adaptive_entmax,1,26,0.04905731603503227,0.9793333333333333,0.9791638422630315,0.07124874740839005,0.7317091934382915,2.993764360745748,1.5113986730575562,0.008242616662755609
mnist,headwise_adaptive_entmax,1,27,0.04715146869421005,0.9798333333333333,0.9796060284283602,0.07186287098253767,0.7253214853505293,2.9718173245588937,1.511172592639923,0.008669366128742695
mnist,headwise_adaptive_entmax,1,28,0.05051878094673157,0.9769166666666667,0.9766910334473813,0.07734803156927228,0.729715071618557,2.983690708875656,1.51127690076828,0.008626167895272374
mnist,headwise_adaptive_entmax,2,0,1.5814521312713623,0.7018333333333333,0.6945920790365863,0.8674593344330788,0.7455050485829512,3.063435638944308,1.5038646459579468,0.003725568880327046
mnist,headwise_adaptive_entmax,2,1,0.6222407221794128,0.86825,0.8666728480946867,0.4127153865993023,0.8216792456805706,3.2590286135673523,1.505888044834137,0.0042975026881322265
mnist,headwise_adaptive_entmax,2,2,0.35026058554649353,0.9230833333333334,0.9220808014946927,0.2481399184713761,0.8367029391229153,3.310762733221054,1.5066311955451965,0.0055609699338674545
mnist,headwise_adaptive_entmax,2,3,0.2594902515411377,0.9345833333333333,0.9336983467191906,0.20608934139211973,0.8308704731365045,3.297244901458422,1.5075740814208984,0.006008769501931965
mnist,headwise_adaptive_entmax,2,4,0.208643838763237,0.94275,0.942031839120208,0.1741393826281031,0.841563863058885,3.3122676759958267,1.507912039756775,0.006644662469625473
mnist,headwise_adaptive_entmax,2,5,0.17862838506698608,0.9514166666666667,0.9509767258378895,0.14953936357051134,0.8299958407878876,3.278933400909106,1.5084145069122314,0.0068370262160897255
mnist,headwise_adaptive_entmax,2,6,0.1595575362443924,0.9551666666666667,0.9545361178338136,0.14005270196745792,0.8134796197215716,3.226418892542521,1.5088602304458618,0.007289473433047533
mnist,headwise_adaptive_entmax,2,7,0.1452217698097229,0.9568333333333333,0.9566873808661203,0.13681344439586005,0.8266508392989635,3.251021131873131,1.5092036724090576,0.007679325994104147
mnist,headwise_adaptive_entmax,2,8,0.12607672810554504,0.9610833333333333,0.9607221145855629,0.11816380048791568,0.821382767210404,3.236302216847738,1.5093646049499512,0.008020590525120497
mnist,headwise_adaptive_entmax,2,9,0.12435737252235413,0.9599166666666666,0.9597328608155529,0.12508009653538465,0.8154786502321562,3.2187687307596207,1.5097887516021729,0.008042421191930771
mnist,headwise_adaptive_entmax,2,10,0.11175401508808136,0.9581666666666667,0.9577398861630801,0.12757947916785875,0.8144402255614599,3.2068536976973214,1.5100113153457642,0.008319940185174346
mnist,headwise_adaptive_entmax,2,11,0.10150262713432312,0.96475,0.9641914909583059,0.11572674211735527,0.8151696510612965,3.1876011788845062,1.510008156299591,0.008866553427651525
mnist,headwise_adaptive_entmax,2,12,0.09600219875574112,0.9661666666666666,0.9657012842272994,0.10430299273381631,0.8068154454231262,3.1675523271163306,1.5099098682403564,0.008988278452306986
mnist,headwise_adaptive_entmax,2,13,0.08871939778327942,0.966,0.9656539576303492,0.11157240873823564,0.8113964026172956,3.1694922000169754,1.510240375995636,0.009083263343200088
mnist,headwise_adaptive_entmax,2,14,0.0873330757021904,0.9706666666666667,0.9704205711069347,0.09499824714536469,0.8139963882664839,3.1755815794070563,1.5106056928634644,0.009378564544022083
mnist,headwise_adaptive_entmax,2,15,0.07885466516017914,0.96725,0.9670287966930722,0.10643918393179774,0.818063865105311,3.174482216437658,1.510697603225708,0.009558934718370438
mnist,headwise_adaptive_entmax,2,16,0.07155326008796692,0.9716666666666667,0.9713824437553196,0.08975897589698434,0.8160053864121437,3.175948311885198,1.5109533071517944,0.010019867680966854
mnist,headwise_adaptive_entmax,2,17,0.07252314686775208,0.9723333333333334,0.972109110733858,0.09002935001626611,0.8101861166457335,3.144263744354248,1.511025071144104,0.009911378845572472
mnist,headwise_adaptive_entmax,2,18,0.06618056446313858,0.9740833333333333,0.9738231700340553,0.08113604520137112,0.8066221301754316,3.135034372409185,1.5111759305000305,0.01031199237331748
mnist,headwise_adaptive_entmax,2,19,0.06220584362745285,0.9728333333333333,0.972553960976142,0.08794124533111851,0.7998775889476141,3.1213279714186988,1.5111064910888672,0.010383345652371645
mnist,headwise_adaptive_entmax,2,20,0.06403139233589172,0.9726666666666667,0.9724220088846481,0.09137574878210823,0.7932775293787321,3.0929898669322333,1.5111289620399475,0.010804562829434872
mnist,headwise_adaptive_entmax,2,21,0.05925741419196129,0.9706666666666667,0.9704176336220541,0.09530446352437139,0.7850670839349428,3.0783062974611917,1.5112618803977966,0.010684230830520391
mnist,headwise_adaptive_entmax,2,22,0.05576705187559128,0.9739166666666667,0.9736273474969211,0.0871063710656017,0.7846841750045618,3.0704161475102105,1.5113791823387146,0.010965104680508375
mnist,headwise_adaptive_entmax,2,23,0.052053213119506836,0.9730833333333333,0.9728564139286092,0.08512907226880391,0.7828752162555853,3.0711987962325416,1.5114209055900574,0.011112016160041094
mnist,headwise_adaptive_entmax,3,0,1.5628377199172974,0.72875,0.7234082282294951,0.7937919870018959,0.8402167831858,3.3173451125621796,1.5045839548110962,0.0026014349423348904
mnist,headwise_adaptive_entmax,3,1,0.6104266047477722,0.86475,0.8634009355734275,0.42403751735885936,0.8701464583476385,3.389856224258741,1.5053455829620361,0.0024893003283068538
mnist,headwise_adaptive_entmax,3,2,0.4017021656036377,0.8994166666666666,0.8981645745126379,0.3235490930577119,0.8679803510506948,3.393112232287725,1.50679349899292,0.0035244636237621307
mnist,headwise_adaptive_entmax,3,3,0.31545910239219666,0.91125,0.9102564927613448,0.28794865496456623,0.8601240962743759,3.3515000542004905,1.5080538988113403,0.004499942762777209
mnist,headwise_adaptive_entmax,3,4,0.26026463508605957,0.9291666666666667,0.9286796303647229,0.22131159839530787,0.8556704819202423,3.3307838141918182,1.5089075565338135,0.005052500288002193
mnist,headwise_adaptive_entmax,3,5,0.22157694399356842,0.94125,0.940897258554482,0.18615587117771307,0.8464222388962904,3.303707107901573,1.5092892050743103,0.005432973732240498
mnist,headwise_adaptive_entmax,3,6,0.195113867521286,0.9340833333333334,0.933788965164896,0.20636678983767828,0.8315326857070128,3.271606241663297,1.5095750093460083,0.0057517054956406355
mnist,headwise_adaptive_entmax,3,7,0.17297254502773285,0.9500833333333333,0.9499223922412042,0.16081349986294904,0.822284385561943,3.2461080849170685,1.509800374507904,0.006058715516701341
mnist,headwise_adaptive_entmax,3,8,0.15784429013729095,0.9575833333333333,0.9573725419854752,0.13737467428048453,0.8286230713129044,3.250280807415644,1.5103131532669067,0.0056298659183084965
mnist,headwise_adaptive_entmax,3,9,0.14335833489894867,0.9579166666666666,0.9577147340486702,0.1351188306386272,0.8219624112049738,3.233960583806038,1.510608971118927,0.00581323669757694
mnist,headwise_adaptive_entmax,3,10,0.13788364827632904,0.9608333333333333,0.9606839585469833,0.12653689893583456,0.812878088404735,3.209008445342382,1.510724127292633,0.005830600392073393
mnist,headwise_adaptive_entmax,3,11,0.12457416951656342,0.9579166666666666,0.9578258728417565,0.13324749718109766,0.8049137182533741,3.1933038979768753,1.5109349489212036,0.005796721437945962
mnist,headwise_adaptive_entmax,3,12,0.11511856317520142,0.9631666666666666,0.9629593424745746,0.11918892152607441,0.8228572023411592,3.2220883866151175,1.5109953880310059,0.0055205856915563345
mnist,headwise_adaptive_entmax,3,13,0.1094156801700592,0.9665,0.96632729183052,0.10771676587561767,0.8157194157441457,3.205999736984571,1.5113484859466553,0.005572654656134546
mnist,headwise_adaptive_entmax,3,14,0.10541364550590515,0.9645,0.9643765311065458,0.11721381948639949,0.8094247480233511,3.1989329010248184,1.5114600658416748,0.005891446257010102
mnist,headwise_adaptive_entmax,3,15,0.09735913574695587,0.9675833333333334,0.9674246125793605,0.10916320312147339,0.8007152477900187,3.1750852217276893,1.512036144733429,0.005967921810224652
mnist,headwise_adaptive_entmax,3,16,0.08964889496564865,0.9684166666666667,0.9682551627622795,0.10510744620114565,0.8122072480618954,3.197672814130783,1.5119463205337524,0.005739076063036919
mnist,headwise_adaptive_entmax,3,17,0.08919237554073334,0.9701666666666666,0.9701138264545704,0.09985591486717264,0.8201487498978773,3.204384202758471,1.5121131539344788,0.005994191858917475
mnist,headwise_adaptive_entmax,3,18,0.08255840837955475,0.9714166666666667,0.9712873730593211,0.0932741219488283,0.8084157270689806,3.161375120282173,1.5119452476501465,0.005910058738663793
mnist,headwise_adaptive_entmax,3,19,0.07572341710329056,0.9713333333333334,0.9712226270490797,0.09475401462987065,0.7991926918427149,3.1453228692213693,1.512191653251648,0.0057497823145240545
mnist,headwise_adaptive_entmax,3,20,0.07317346334457397,0.9719166666666667,0.9718857136768578,0.09193075184399883,0.8035634358723959,3.163155729571978,1.5122525095939636,0.0060172968078404665
mnist,headwise_adaptive_entmax,3,21,0.07149285078048706,0.9713333333333334,0.9712736449488949,0.09389178827404976,0.7970997753242651,3.13751183450222,1.5125555992126465,0.006120083853602409
mnist,headwise_adaptive_entmax,3,22,0.06827247887849808,0.97375,0.9736935711335111,0.08847145720695455,0.7950452094276746,3.1348909586668015,1.5127217173576355,0.00657218461856246
mnist,headwise_adaptive_entmax,3,23,0.06262361258268356,0.973,0.9729027503527587,0.08971431975563367,0.7955289160211881,3.132217382391294,1.5128012299537659,0.006860395660623908
mnist,headwise_adaptive_entmax,3,24,0.06109294295310974,0.9740833333333333,0.9739715226893055,0.09206182447572549,0.7958292911450068,3.1236755649248757,1.5127108693122864,0.006760239601135254
mnist,headwise_adaptive_entmax,3,25,0.056933216750621796,0.9754166666666667,0.9753404751519803,0.0821105499441425,0.7987252933283647,3.1386946539084115,1.5125146508216858,0.006751140579581261
mnist,headwise_adaptive_entmax,3,26,0.057790182530879974,0.9755,0.9754474432768884,0.08033864914129178,0.7878712875147661,3.103527923425039,1.5125385522842407,0.006988805020228028
mnist,headwise_adaptive_entmax,3,27,0.055376600474119186,0.9743333333333334,0.9742771736009688,0.08532949956133962,0.7891804737349352,3.1003076483805976,1.5124474167823792,0.00688816187903285
mnist,headwise_adaptive_entmax,3,28,0.053705811500549316,0.97675,0.9766631183265921,0.08010332426056266,0.7795836615065733,3.0688334504763284,1.512446403503418,0.007129826350137591
mnist,headwise_adaptive_entmax,3,29,0.04852891340851784,0.97325,0.973084196151207,0.09370715636759996,0.7785607737799486,3.0697364807128906,1.5124664306640625,0.007059780182316899
mnist,headwise_adaptive_entmax,4,0,1.803714394569397,0.5835,0.5481867362370483,1.1808506200710933,0.8175775073468685,3.207454189658165,1.502709686756134,0.0028384000761434436
mnist,headwise_adaptive_entmax,4,1,0.7658387422561646,0.8534166666666667,0.8504246227323666,0.470719529936711,0.8574311894675096,3.3720067342122397,1.502963125705719,0.004714750684797764
mnist,headwise_adaptive_entmax,4,2,0.3942120671272278,0.9164166666666667,0.9158334908220379,0.2675186296304067,0.8335569587846597,3.336556995908419,1.5029518008232117,0.004518428584560752
mnist,headwise_adaptive_entmax,4,3,0.275868684053421,0.9374166666666667,0.936633181230788,0.19969345380862555,0.8326845380167166,3.325187847018242,1.5028877258300781,0.00498015689663589
mnist,headwise_adaptive_entmax,4,4,0.22094127535820007,0.94275,0.9420887439534275,0.17905199651916823,0.8409192847708861,3.3429725766181946,1.5027568936347961,0.006096926983445883
mnist,headwise_adaptive_entmax,4,5,0.18970197439193726,0.9510833333333333,0.9506284694112759,0.15974474077423415,0.8255353818337122,3.291645959019661,1.502982258796692,0.006705207051709294
mnist,headwise_adaptive_entmax,4,6,0.17058610916137695,0.9545,0.9540421361617536,0.14694170684864125,0.8339924812316895,3.3038863937060037,1.5030344128608704,0.007236769422888756
mnist,headwise_adaptive_entmax,4,7,0.14935238659381866,0.9535833333333333,0.9533465335338397,0.1490707602351904,0.8341278942922751,3.297801151871681,1.5031903982162476,0.007575000869110227
mnist,headwise_adaptive_entmax,4,8,0.13882248103618622,0.9623333333333334,0.9620906492709654,0.12528247758746147,0.8336754726866881,3.286567454536756,1.5033215284347534,0.00796442967839539
mnist,headwise_adaptive_entmax,4,9,0.1271490603685379,0.9640833333333333,0.9638586332528296,0.11826606933027506,0.8309568588932356,3.281070197621981,1.5034416317939758,0.00821720203384757
mnist,headwise_adaptive_entmax,4,10,0.11871232092380524,0.9659166666666666,0.9657031742536262,0.10978709099193414,0.8350245766341686,3.284936413168907,1.5032334923744202,0.008560309186577797
mnist,headwise_adaptive_entmax,4,11,0.11212725937366486,0.96775,0.9675319890342537,0.11061414393285911,0.8281105073789755,3.260236327846845,1.5033597946166992,0.009218438062816858
mnist,headwise_adaptive_entmax,4,12,0.10246741026639938,0.9694166666666667,0.9692333969945492,0.10345020253832142,0.8148168884217739,3.2285043547550836,1.5034343004226685,0.009322774596512318
mnist,headwise_adaptive_entmax,4,13,0.100687675178051,0.9695,0.9693240660209442,0.10501912763963143,0.8143896696468195,3.2062675654888153,1.5035171508789062,0.009563699830323458
mnist,headwise_adaptive_entmax,4,14,0.09536752104759216,0.9695833333333334,0.9694209729357816,0.09901731088757515,0.824154444038868,3.2279860377311707,1.5035030841827393,0.010014927480369806
mnist,headwise_adaptive_entmax,4,15,0.08661515265703201,0.97175,0.9716008932061024,0.09621278553580244,0.8171401793758074,3.206420178214709,1.5037264823913574,0.010716233402490616
mnist,headwise_adaptive_entmax,4,16,0.08151812106370926,0.9699166666666666,0.9697630762381643,0.09833299384141962,0.8208141438663006,3.217888981103897,1.503654956817627,0.010824636090546846
mnist,headwise_adaptive_entmax,4,17,0.07624668627977371,0.974,0.9738457696861758,0.08969762859245141,0.8113676172991594,3.1925111413002014,1.504228115081787,0.011264634318649769
mnist,headwise_adaptive_entmax,4,18,0.07576064020395279,0.97225,0.9720854339454288,0.08849063950280349,0.8118119997282823,3.1850109895070395,1.504329800605774,0.011358462274074554
mnist,headwise_adaptive_entmax,4,19,0.06993481516838074,0.9745,0.9743716114316132,0.08645562501624227,0.8003721311688423,3.156233032544454,1.5041754245758057,0.011551834177225828
mnist,headwise_adaptive_entmax,4,20,0.06761039048433304,0.972,0.9718363419386679,0.09425404000406463,0.812557385613521,3.179479420185089,1.5037999153137207,0.011744021903723478
mnist,headwise_adaptive_entmax,4,21,0.06424544751644135,0.97775,0.9776105062951232,0.08183321480949719,0.8037711977958679,3.1548794507980347,1.5039562582969666,0.011829912196844816
mnist,headwise_adaptive_entmax,4,22,0.05898381024599075,0.9756666666666667,0.9755153571043536,0.08420122989142935,0.7994996706644694,3.1355740974346795,1.5039295554161072,0.012224430218338966
mnist,headwise_adaptive_entmax,4,23,0.05878594517707825,0.9745833333333334,0.9743587920918717,0.08714102705319722,0.7940987125039101,3.1165071924527488,1.5044029355049133,0.012673710938543081
mnist,headwise_adaptive_entmax,4,24,0.05469956994056702,0.97775,0.977620879261463,0.08039887544388573,0.8069730351368586,3.154331957300504,1.5041733980178833,0.012687596026808023
mnist,headwise_adaptive_entmax,4,25,0.05408105626702309,0.9753333333333334,0.9752025415296718,0.08458649056653182,0.786700806270043,3.100597098469734,1.5043437480926514,0.012774288654327393
mnist,headwise_adaptive_entmax,4,26,0.048621766269207,0.9753333333333334,0.9751528047167017,0.0859530617793401,0.7914751432836056,3.121244435509046,1.5044129490852356,0.012895279563963413
mnist,headwise_adaptive_entmax,5,0,1.5611836910247803,0.752,0.7449454276208836,0.7657180353999138,0.748369195808967,3.1246869961420694,1.505071997642517,0.004621079890057445
mnist,headwise_adaptive_entmax,5,1,0.5568740963935852,0.8815833333333334,0.8793155212557041,0.3742263267437617,0.8059547419349352,3.269637018442154,1.5055128931999207,0.004294176236726344
mnist,headwise_adaptive_entmax,5,2,0.36416706442832947,0.9136666666666666,0.9116883489762232,0.27523101431628066,0.8330801129341125,3.3035437812407813,1.5054011940956116,0.004419912816956639
mnist,headwise_adaptive_entmax,5,3,0.28696444630622864,0.92875,0.9274978350133317,0.22887265930573145,0.8328690826892853,3.300413817167282,1.5054188966751099,0.005039629177190363
mnist,headwise_adaptive_entmax,5,4,0.23544304072856903,0.9395833333333333,0.9386948505921477,0.19062120808909336,0.8197342356046041,3.2689734349648156,1.5061227083206177,0.005727971321903169
mnist,headwise_adaptive_entmax,5,5,0.20208463072776794,0.9444166666666667,0.9436245028095922,0.17124671302735806,0.8166656742493311,3.2504273504018784,1.506437063217163,0.0066499506356194615
mnist,headwise_adaptive_entmax,5,6,0.18592801690101624,0.9515833333333333,0.9508501221614711,0.15223921369761229,0.8250064812600613,3.2690922071536384,1.5067803263664246,0.007976510794833302
mnist,headwise_adaptive_entmax,5,7,0.1612803190946579,0.9554166666666667,0.9547436937338654,0.1426055384799838,0.8135371121267477,3.247818191846212,1.5070697665214539,0.008170244400389493
mnist,headwise_adaptive_entmax,5,8,0.14572662115097046,0.9591666666666666,0.9586084554598158,0.12946692481637,0.8141445256769657,3.2578087200721106,1.5072737336158752,0.009040937176905572
mnist,headwise_adaptive_entmax,5,9,0.13682232797145844,0.9600833333333333,0.9594871302182272,0.13036075482765833,0.8109117050965627,3.2405758996804557,1.5068206787109375,0.008648343267850578
mnist,headwise_adaptive_entmax,5,10,0.12880444526672363,0.9623333333333334,0.9617836929279872,0.11793366074562073,0.8095141711334387,3.2449690649906793,1.5070018768310547,0.008919286192394793
mnist,headwise_adaptive_entmax,5,11,0.11689753830432892,0.963,0.9624211790485937,0.12019692547619343,0.8055843822658062,3.232768644889196,1.5072686672210693,0.009790091426111758
mnist,headwise_adaptive_entmax,5,12,0.10940713435411453,0.9660833333333333,0.9657645734831635,0.1089392735933264,0.8071461680034796,3.2332285990317664,1.5071767568588257,0.009798969374969602
mnist,headwise_adaptive_entmax,5,13,0.10387340188026428,0.9701666666666666,0.9698174620637827,0.09751575036595266,0.8164016666511694,3.2527191738287606,1.5069592595100403,0.00950667925644666
mnist,headwise_adaptive_entmax,5,14,0.09768582135438919,0.9720833333333333,0.9718246470146712,0.09206014188627402,0.8108246847987175,3.244029069940249,1.5071969032287598,0.009712291997857392
mnist,headwise_adaptive_entmax,5,15,0.09071087837219238,0.972,0.9717202188374394,0.09123902752374609,0.8135957978665829,3.2449813336133957,1.5070971846580505,0.009692108840681612
mnist,headwise_adaptive_entmax,5,16,0.08730243891477585,0.97175,0.9714079042782411,0.09374342796703179,0.8053566738963127,3.224029690027237,1.5073074698448181,0.01023517141584307
mnist,headwise_adaptive_entmax,5,17,0.08329656720161438,0.9713333333333334,0.9709953117874457,0.09400261240079999,0.8059726059436798,3.2243703603744507,1.5074114799499512,0.010188920423388481
mnist,headwise_adaptive_entmax,5,18,0.07640375941991806,0.9744166666666667,0.9741809614853907,0.08235263358801603,0.8086326581736406,3.230202794075012,1.507577359676361,0.010325198760256171
mnist,headwise_adaptive_entmax,5,19,0.07501057535409927,0.974,0.9737601906964587,0.08306201578428347,0.8068307029704253,3.225417365630468,1.5074849128723145,0.010273612744640559
mnist,headwise_adaptive_entmax,5,20,0.07203871756792068,0.9724166666666667,0.9720876976010924,0.0934649355088671,0.8059651913742224,3.2130363434553146,1.5076294541358948,0.010688277136068791
mnist,headwise_adaptive_entmax,5,21,0.0654064416885376,0.9720833333333333,0.9717335139031821,0.09136051125824451,0.804985623806715,3.207726369301478,1.5077687501907349,0.010569363832473755
mnist,headwise_adaptive_entmax,5,22,0.06374559551477432,0.9741666666666666,0.9739058999890811,0.08193184218058984,0.7991526201367378,3.195753132303556,1.5080516338348389,0.010772632900625467
mnist,headwise_adaptive_entmax,5,23,0.06022893264889717,0.9743333333333334,0.9741011845419869,0.08183910387257735,0.7974580489099026,3.1875629325707755,1.5075989365577698,0.010474715731106699
mnist,headwise_adaptive_entmax,6,0,1.6203442811965942,0.7003333333333334,0.6767832771162924,0.895658366382122,0.7567967201272646,3.062817171216011,1.5033873915672302,0.001889758394099772
mnist,headwise_adaptive_entmax,6,1,0.664354681968689,0.8474166666666667,0.8451438942545269,0.4774668936928113,0.8051261020203432,3.211733957131704,1.5034140348434448,0.0023773026769049466
mnist,headwise_adaptive_entmax,6,2,0.41804710030555725,0.89525,0.8939562354074742,0.3316086356838544,0.7863357029855251,3.1713930318752923,1.5036826133728027,0.0035363216302357614
mnist,headwise_adaptive_entmax,6,3,0.3077617883682251,0.9098333333333334,0.9089388933329016,0.27730136302610237,0.8109114480515321,3.2541090101003647,1.504435956478119,0.0038347856607288122
mnist,headwise_adaptive_entmax,6,4,0.2500886917114258,0.9311666666666667,0.9302302988290657,0.21134491513172785,0.8184196837246418,3.2807080149650574,1.5048725008964539,0.004348218091763556
mnist,headwise_adaptive_entmax,6,5,0.21598567068576813,0.9339166666666666,0.9333886092710951,0.20174669660627842,0.8199369286497434,3.269891619682312,1.5054675936698914,0.005225856904871762
mnist,headwise_adaptive_entmax,6,6,0.1904725730419159,0.94325,0.9426989728157599,0.1707959802200397,0.8206110323468844,3.2617173145214715,1.5060181617736816,0.005608216859400272
mnist,headwise_adaptive_entmax,6,7,0.16897627711296082,0.9484166666666667,0.948109314274828,0.16349994918952385,0.8152274067203203,3.249786148468653,1.5064347982406616,0.006060080835595727
mnist,headwise_adaptive_entmax,6,8,0.15662746131420135,0.9529166666666666,0.95256307186781,0.14550221400956312,0.8185615700980028,3.249707673986753,1.5068286657333374,0.00686547823715955
mnist,headwise_adaptive_entmax,6,9,0.13894608616828918,0.96025,0.9599084086913969,0.12446937213341396,0.8141578361392021,3.234219714999199,1.5072582960128784,0.0069345959927886724
mnist,headwise_adaptive_entmax,6,10,0.12846264243125916,0.9586666666666667,0.9583476155054654,0.12666173558682203,0.7960454796751341,3.1898025423288345,1.5077868700027466,0.007402549381367862
mnist,headwise_adaptive_entmax,6,11,0.11789387464523315,0.9625,0.962243289044838,0.11875477433204651,0.8014980343480905,3.2020414570967355,1.5079894065856934,0.007775619626045227
mnist,headwise_adaptive_entmax,6,12,0.10842403024435043,0.9625,0.9621763837949233,0.11826751877864201,0.788052398711443,3.1739123264948526,1.5083876252174377,0.0078021318186074495
mnist,headwise_adaptive_entmax,6,13,0.10329628735780716,0.96625,0.9660169514079737,0.10525886124620835,0.7885817562540373,3.1684051702419915,1.5086908340454102,0.008165165781974792
mnist,headwise_adaptive_entmax,6,14,0.09365539997816086,0.9655833333333333,0.9653698732437095,0.10998562754442294,0.7869642314811548,3.1636953751246133,1.509131371974945,0.008277027402073145
mnist,headwise_adaptive_entmax,6,15,0.08916261047124863,0.9689166666666666,0.9686354167097424,0.10220660765965779,0.7833773170908293,3.160866598288218,1.5091278553009033,0.008263254072517157
mnist,headwise_adaptive_entmax,6,16,0.09036771953105927,0.9698333333333333,0.9695273485675096,0.09711750224232674,0.7811632106701533,3.1461794674396515,1.5094658136367798,0.008332444122061133
mnist,headwise_adaptive_entmax,6,17,0.08109615743160248,0.96875,0.9684443519026,0.0981481452472508,0.7671262050668398,3.1077539722124734,1.5099135041236877,0.00876587349921465
mnist,headwise_adaptive_entmax,6,18,0.07568607479333878,0.972,0.971763492347133,0.09254647884517908,0.7599092858533064,3.0933520446221032,1.509948968887329,0.008728018496185541
mnist,headwise_adaptive_entmax,6,19,0.07553604245185852,0.971,0.9707391066322565,0.08996201818808913,0.7675810505946478,3.1051584978898368,1.510187029838562,0.008991906535811722
mnist,headwise_adaptive_entmax,6,20,0.0693923607468605,0.9696666666666667,0.9693962581621669,0.09825994291653235,0.7556160700817903,3.0693600326776505,1.5105654001235962,0.00911501341033727
mnist,headwise_adaptive_entmax,6,21,0.06765277683734894,0.9700833333333333,0.9697360786851718,0.09641610799978177,0.7531675025820732,3.0619956105947495,1.5107553005218506,0.009185761213302612
mnist,headwise_adaptive_entmax,6,22,0.06358271092176437,0.9721666666666666,0.9720014153632258,0.08956914348527789,0.75320632259051,3.0584654857714972,1.5109096765518188,0.009480961132794619
mnist,headwise_adaptive_entmax,6,23,0.06262506544589996,0.9706666666666667,0.9704672865483787,0.09328939703603585,0.7484468643863996,3.0367086231708527,1.5112407803535461,0.00961873959749937
mnist,headwise_adaptive_entmax,6,24,0.060093436390161514,0.9751666666666666,0.9749376188612338,0.08304999473815163,0.7417944793899854,3.031019479036331,1.5116060376167297,0.00978148530703038
mnist,headwise_adaptive_entmax,6,25,0.05684236064553261,0.9718333333333333,0.971635993575876,0.09234079904854298,0.741956620166699,3.0383416761954627,1.5119171142578125,0.010276867542415857
mnist,headwise_adaptive_entmax,6,26,0.05330519750714302,0.9736666666666667,0.9735004169791031,0.08798400576536854,0.7464583131174246,3.0436899413665137,1.51207834482193,0.010059851221740246
mnist,headwise_adaptive_entmax,6,27,0.0529281422495842,0.9731666666666666,0.972923889449824,0.08561997891714175,0.7290333757797877,2.9983084350824356,1.5122711062431335,0.010103909764438868
mnist,headwise_adaptive_entmax,6,28,0.04878459870815277,0.9760833333333333,0.9758505833278968,0.08436699211597443,0.7370305260022482,3.0235086182753244,1.5122472047805786,0.010174137772992253
mnist,headwise_adaptive_entmax,6,29,0.04845540598034859,0.9756666666666667,0.9754755949694367,0.08090766969447334,0.7299940064549446,2.9921161035696664,1.512561857700348,0.010459810844622552
mnist,headwise_adaptive_entmax,7,0,1.5758503675460815,0.7391666666666666,0.7264676910268327,0.7933067455887794,0.7653379117449125,3.0694803049167,1.5057578086853027,0.002893752185627818
mnist,headwise_adaptive_entmax,7,1,0.5850850939750671,0.86775,0.8656505843840072,0.4208216331899166,0.8049484863877296,3.168573717276255,1.5066732168197632,0.004124661674723029
mnist,headwise_adaptive_entmax,7,2,0.3783591091632843,0.9086666666666666,0.9079687592728476,0.29477376366655034,0.8091695606708527,3.1789302825927734,1.5078311562538147,0.0052851197542622685
mnist,headwise_adaptive_entmax,7,3,0.28049901127815247,0.9166666666666666,0.916503265421613,0.26272357317308587,0.8191218860447407,3.2230786035458245,1.5083614587783813,0.006023545050993562
mnist,headwise_adaptive_entmax,7,4,0.23665176331996918,0.9295,0.928914318268531,0.22276953049004078,0.8001231923699379,3.1428589721520743,1.5091221928596497,0.006522491807118058
mnist,headwise_adaptive_entmax,7,5,0.1982606053352356,0.94425,0.943712902520361,0.18013426195830107,0.8164164200425148,3.1809576551119485,1.509857952594757,0.007317609852179885
mnist,headwise_adaptive_entmax,7,6,0.17271913588047028,0.9506666666666667,0.9503180409681239,0.1561254058033228,0.8229186671475569,3.193304111560186,1.510236382484436,0.007709887810051441
mnist,headwise_adaptive_entmax,7,7,0.154799222946167,0.9520833333333333,0.9518404926848707,0.15294839007159075,0.8128933236002922,3.1604693681001663,1.5103482007980347,0.007961931871250272
mnist,headwise_adaptive_entmax,7,8,0.13740059733390808,0.95575,0.955364060962794,0.14228237637629113,0.8160464751223723,3.1667013814051947,1.510798692703247,0.008166898274794221
mnist,headwise_adaptive_entmax,7,9,0.13070091605186462,0.9579166666666666,0.9576356542993967,0.13429407496005297,0.81769452119867,3.166450555125872,1.511307418346405,0.008739362703636289
mnist,headwise_adaptive_entmax,7,10,0.11991319060325623,0.9588333333333333,0.9585874594652827,0.13530725395927826,0.8046898916363716,3.125546857714653,1.512019395828247,0.008941044798120856
mnist,headwise_adaptive_entmax,7,11,0.11236663907766342,0.9626666666666667,0.9624067410661397,0.12285123982777198,0.7847164447108904,3.061470180749893,1.5123978853225708,0.008982283063232899
mnist,headwise_adaptive_entmax,7,12,0.10009896010160446,0.9620833333333333,0.9618209155015821,0.12285545157889526,0.787976668526729,3.074792688091596,1.5125418901443481,0.009066832019016147
mnist,headwise_adaptive_entmax,7,13,0.09880854934453964,0.96275,0.9626179793719147,0.1226374317581455,0.7863067711393038,3.061165973544121,1.512866735458374,0.008966546040028334
mnist,headwise_adaptive_entmax,7,14,0.08834068477153778,0.9674166666666667,0.9672094095357796,0.11601727828383446,0.7780916032691797,3.0373795926570892,1.5128999948501587,0.009024981642141938
mnist,headwise_adaptive_entmax,7,15,0.08380381017923355,0.9679166666666666,0.9676954745961851,0.11124247560898463,0.7730274597803751,3.0146208157142005,1.513233482837677,0.009224405977874994
mnist,headwise_adaptive_entmax,7,16,0.08297953009605408,0.96775,0.9676225798407634,0.10617527831345797,0.7786318846046925,3.0245008319616318,1.5134127140045166,0.009339793119579554
mnist,headwise_adaptive_entmax,7,17,0.07661152631044388,0.9680833333333333,0.9679318058155157,0.10758400103077292,0.7734135699768862,3.006621763110161,1.5134896039962769,0.009501151507720351
mnist,headwise_adaptive_entmax,7,18,0.07244322448968887,0.9706666666666667,0.9705138864346272,0.10557991933698456,0.7602507869402567,2.9723328997691474,1.5134423971176147,0.009531149873510003
mnist,headwise_adaptive_entmax,7,19,0.0688018873333931,0.9705833333333334,0.9704350195818316,0.10918362842251857,0.7690783577660719,2.9941462179025016,1.5133516192436218,0.009190747048705816
mnist,headwise_adaptive_entmax,7,20,0.06543351709842682,0.9674166666666667,0.9672998600363473,0.11333620393027861,0.7633184678852558,2.982575699687004,1.5131906270980835,0.00936859124340117
mnist,headwise_adaptive_entmax,7,21,0.06587136536836624,0.9701666666666666,0.9700040354768614,0.10186159781490763,0.7520297927161058,2.947817633549372,1.5134479999542236,0.009360865224152803
mnist,headwise_adaptive_entmax,7,22,0.060275815427303314,0.9695,0.9693707811473911,0.10712398154040177,0.756336593379577,2.9495816330115,1.5137214064598083,0.009503672830760479
mnist,headwise_adaptive_entmax,7,23,0.05689738318324089,0.9705833333333334,0.9704759858149042,0.10608007324238618,0.754718283812205,2.9550360441207886,1.5135294795036316,0.00982577633112669
mnist,headwise_adaptive_entmax,8,0,1.63046133518219,0.6871666666666667,0.6716355132422082,0.9001269514362017,0.871904768049717,3.3830416947603226,1.5041048526763916,0.0027195693692192435
mnist,headwise_adaptive_entmax,8,1,0.6601580381393433,0.8544166666666667,0.8508491205807763,0.44121622915069264,0.8812168476482233,3.4097253580888114,1.5034692287445068,0.0037835153052583337
mnist,headwise_adaptive_entmax,8,2,0.40221095085144043,0.89925,0.8976564769088503,0.3219407374660174,0.8806767401595911,3.3787704010804496,1.5035902261734009,0.005012343288399279
mnist,headwise_adaptive_entmax,8,3,0.29483070969581604,0.9241666666666667,0.9235354171680571,0.23298329363266626,0.8728099428117275,3.362401237090429,1.5041009187698364,0.005662387819029391
mnist,headwise_adaptive_entmax,8,4,0.23699267208576202,0.9365,0.9356715245996987,0.20284689341982207,0.8527463637292385,3.291046380996704,1.5047453045845032,0.006080567138269544
mnist,headwise_adaptive_entmax,8,5,0.2162788212299347,0.9421666666666667,0.9418061420577029,0.17373226955533028,0.8507090508937836,3.2744180162747702,1.5055460333824158,0.0062817452708259225
mnist,headwise_adaptive_entmax,8,6,0.18141086399555206,0.9416666666666667,0.9414678559978796,0.1847326842447122,0.8466433609525362,3.266038010517756,1.5061014890670776,0.0063422496896237135
mnist,headwise_adaptive_entmax,8,7,0.16778071224689484,0.953,0.952654125568624,0.14600100678702196,0.8496451353033384,3.2623193711042404,1.5069148540496826,0.006622871849685907
mnist,headwise_adaptive_entmax,8,8,0.14946110546588898,0.9538333333333333,0.9535612492351297,0.15055761331071457,0.8494039836029211,3.27475768327713,1.5074642300605774,0.006594187812879682
mnist,headwise_adaptive_entmax,8,9,0.13839325308799744,0.9584166666666667,0.9581076877688238,0.13114626767734686,0.8420900528629621,3.22793581088384,1.508337140083313,0.006455445196479559
mnist,headwise_adaptive_entmax,8,10,0.12879234552383423,0.9608333333333333,0.9603378128200944,0.12933910358697176,0.8476979248225689,3.239385426044464,1.508925199508667,0.006579170702025294
mnist,headwise_adaptive_entmax,8,11,0.11898235231637955,0.9635833333333333,0.9631568749745245,0.12239527733375628,0.8419899294773737,3.222004329164823,1.509811520576477,0.006617882056161761
mnist,headwise_adaptive_entmax,8,12,0.11220245808362961,0.9663333333333334,0.9659343549400911,0.10809756039331357,0.8395891214410464,3.2060354351997375,1.5102497339248657,0.006641265004873276
mnist,headwise_adaptive_entmax,8,13,0.10313963145017624,0.9675,0.967137779714934,0.1084520739192764,0.837133506933848,3.203721359372139,1.5104951858520508,0.0069595566019415855
mnist,headwise_adaptive_entmax,8,14,0.09584803134202957,0.9703333333333334,0.9700451160450246,0.0980367458735903,0.8428495054443678,3.1979955037434897,1.5107945799827576,0.0070206772070378065
mnist,headwise_adaptive_entmax,8,15,0.08957897126674652,0.97075,0.9704307016129737,0.09944824455305934,0.8368895587821802,3.168887108564377,1.5112556219100952,0.0071729570627212524
mnist,headwise_adaptive_entmax,8,16,0.08466874808073044,0.9715,0.9713481892882612,0.09143121633678675,0.8331481218338013,3.1699392596880593,1.5117613673210144,0.0076657969038933516
mnist,headwise_adaptive_entmax,8,17,0.0819430723786354,0.9719166666666667,0.9716016589231777,0.09391143033280969,0.8326968265076479,3.1493424524863562,1.5123725533485413,0.007779920008033514
mnist,headwise_adaptive_entmax,8,18,0.07638398557901382,0.9695833333333334,0.9691239908452285,0.10101867125680049,0.8266533513863882,3.1378426750501,1.512706458568573,0.007828139001503587
mnist,headwise_adaptive_entmax,8,19,0.0728532150387764,0.97175,0.9715078903213105,0.09436197998002172,0.8322850974897543,3.149004469315211,1.5129978656768799,0.007615351816639304
mnist,headwise_adaptive_entmax,8,20,0.06827141344547272,0.97375,0.9734516956205537,0.0842114039696753,0.8258772244056066,3.1389429618914924,1.5131977200508118,0.007878641597926617
mnist,headwise_adaptive_entmax,8,21,0.06552828848361969,0.97475,0.9744173941683842,0.0860063023865223,0.8139370655020078,3.0971062779426575,1.5139716863632202,0.008095474913716316
mnist,headwise_adaptive_entmax,8,22,0.0630434975028038,0.9748333333333333,0.9746307327624688,0.0825201488720874,0.8220135358472666,3.119459311167399,1.5141128301620483,0.008570786798372865
mnist,headwise_adaptive_entmax,8,23,0.059068530797958374,0.9764166666666667,0.9761967512056872,0.08090631089483698,0.806422216196855,3.06719242533048,1.514544129371643,0.008479414507746696
mnist,headwise_adaptive_entmax,8,24,0.05628075823187828,0.9758333333333333,0.9756152624521388,0.07606964511796832,0.8113847002387047,3.0869839787483215,1.5147777795791626,0.008525215554982424
mnist,headwise_adaptive_entmax,8,25,0.05207175388932228,0.9763333333333334,0.9760634651022884,0.08047037959719698,0.8038536906242371,3.063128491242727,1.5150504112243652,0.008140885038301349
mnist,headwise_adaptive_entmax,8,26,0.05475201830267906,0.9740833333333333,0.9736419243658998,0.09190581475074093,0.7918066419661045,3.028088609377543,1.515373945236206,0.008648296352475882
mnist,headwise_adaptive_entmax,8,27,0.051584482192993164,0.9763333333333334,0.976141778926011,0.08249456140523155,0.7815912775695324,3.0075873533884683,1.5152761936187744,0.009205014444887638
mnist,headwise_adaptive_entmax,8,28,0.044737767428159714,0.9774166666666667,0.9771773886959421,0.07648225640878081,0.793169072518746,3.0387626538674035,1.5155299305915833,0.009564181789755821
mnist,headwise_adaptive_entmax,8,29,0.047942083328962326,0.97625,0.9759394854109475,0.08000008373831709,0.788682047277689,3.026640529433886,1.5157828330993652,0.009986798278987408
mnist,headwise_adaptive_entmax,9,0,1.5174921751022339,0.6789166666666666,0.6681863296749713,0.8832721710205078,0.8065533215800921,3.206038465102514,1.5039505362510681,0.001856200979091227
mnist,headwise_adaptive_entmax,9,1,0.6790971755981445,0.8611666666666666,0.8599701672997272,0.439413254459699,0.8255949479838213,3.3027812093496323,1.5041645765304565,0.0026542386622168124
mnist,headwise_adaptive_entmax,9,2,0.4144853949546814,0.89925,0.8984373444345343,0.3281760762135188,0.8301570365826288,3.3025987247625985,1.5047036409378052,0.0034868789953179657
mnist,headwise_adaptive_entmax,9,3,0.30474889278411865,0.9205833333333333,0.9201316175645923,0.2582517235229413,0.8393485980729262,3.3157614022493362,1.5046111941337585,0.004131508350837976
mnist,headwise_adaptive_entmax,9,4,0.24932201206684113,0.937,0.9368472221008558,0.20358377074201903,0.8401382006704807,3.3090838442246118,1.5047048926353455,0.004962447972502559
mnist,headwise_adaptive_entmax,9,5,0.20724384486675262,0.9478333333333333,0.9476800818264397,0.17028802850594124,0.8272776777545611,3.2870786984761557,1.5048195123672485,0.005942797404713929
mnist,headwise_adaptive_entmax,9,6,0.18534106016159058,0.9461666666666667,0.9459981371959645,0.16955400661875805,0.8384223058819771,3.298882325490316,1.5049800872802734,0.006555324885994196
mnist,headwise_adaptive_entmax,9,7,0.1610158234834671,0.9570833333333333,0.9570169111016128,0.14179335565616688,0.836937832335631,3.2923862040042877,1.5051860809326172,0.007333043904509395
mnist,headwise_adaptive_entmax,9,8,0.14323623478412628,0.9544166666666667,0.9544175611226873,0.14505916026731333,0.844263224552075,3.2866910298665366,1.5056520700454712,0.008087812107987702
mnist,headwise_adaptive_entmax,9,9,0.13637207448482513,0.9615833333333333,0.9616371341440889,0.12861819347987571,0.8490687757730484,3.3006016612052917,1.5056713819503784,0.008189279469661415
mnist,headwise_adaptive_entmax,9,10,0.12289027869701385,0.965,0.9650090543809469,0.11569788741568725,0.8370626494288445,3.266231099764506,1.5059859156608582,0.008831517887301743
mnist,headwise_adaptive_entmax,9,11,0.11473920196294785,0.96575,0.9657783685142031,0.10668982658535242,0.8436709058781465,3.272127330303192,1.5060240626335144,0.009107476333156228
mnist,headwise_adaptive_entmax,9,12,0.10654138028621674,0.969,0.9689285669494574,0.10655828658491373,0.8410617026189963,3.2633980363607407,1.506360948085785,0.00939393078442663
mnist,headwise_adaptive_entmax,9,13,0.10021361708641052,0.9698333333333333,0.969857084942489,0.09520613464216392,0.8501782628397146,3.306559130549431,1.5062935948371887,0.009563286788761616
mnist,headwise_adaptive_entmax,9,14,0.09350288659334183,0.9690833333333333,0.9690499632482844,0.09996036564310391,0.8399784689148267,3.2655947357416153,1.506624460220337,0.010162707534618676
mnist,headwise_adaptive_entmax,9,15,0.09348712116479874,0.9710833333333333,0.9710783968274651,0.09324889536947012,0.8479565667609373,3.287487670779228,1.5068477988243103,0.010107290232554078
mnist,headwise_adaptive_entmax,9,16,0.0863785594701767,0.9723333333333334,0.9723727724881781,0.09197054291144013,0.849137562016646,3.288022980093956,1.506638765335083,0.010259514092467725
mnist,headwise_adaptive_entmax,9,17,0.07773652672767639,0.972,0.9719559177014417,0.08965950443719824,0.8481064861019453,3.2694949259360633,1.5067182779312134,0.010129842907190323
mnist,headwise_adaptive_entmax,9,18,0.0732080340385437,0.9744166666666667,0.9744079952629672,0.08370819486056764,0.8538363153735796,3.300764645139376,1.5071762204170227,0.01036082417704165
mnist,headwise_adaptive_entmax,9,19,0.06772489845752716,0.9724166666666667,0.9724169117181398,0.08899331744760275,0.847151093184948,3.2724716862042746,1.5072672367095947,0.010610164375975728
mnist,headwise_adaptive_entmax,9,20,0.06668603420257568,0.975,0.9749459520598369,0.08351925543198983,0.8501217340429624,3.2865394006172814,1.507284164428711,0.010861393064260483
mnist,headwise_adaptive_entmax,9,21,0.062040142714977264,0.9758333333333333,0.9758459823034421,0.07891671545803547,0.8451185636222363,3.262613981962204,1.507387399673462,0.010911870514973998
mnist,headwise_adaptive_entmax,9,22,0.061143189668655396,0.9723333333333334,0.972373353635203,0.09014644365136822,0.8486985315879186,3.2662797470887504,1.5075317025184631,0.011017445242032409
mnist,headwise_adaptive_entmax,9,23,0.05770567059516907,0.976,0.9759679802882394,0.07802310803284247,0.8519242405891418,3.271938810745875,1.5077394247055054,0.011148712830618024
mnist,headwise_adaptive_entmax,9,24,0.06026656925678253,0.9749166666666667,0.9749086330782978,0.08000313102578123,0.8471156544983387,3.2589260389407477,1.5077205896377563,0.011412584921345115
mnist,headwise_adaptive_entmax,9,25,0.05055834352970123,0.9766666666666667,0.9766735444984296,0.0799674258256952,0.8350954229633013,3.2295287201801934,1.507813036441803,0.011421249248087406
mnist,headwise_adaptive_entmax,9,26,0.04906534403562546,0.9769166666666667,0.9768797701839615,0.07837036236499746,0.8424010326464971,3.240037977695465,1.5075764656066895,0.01137526798993349
mnist,headwise_adaptive_entmax,9,27,0.04713082313537598,0.976,0.976004232863995,0.08018379813681047,0.8310519655545553,3.215114653110504,1.5075085163116455,0.011361478129401803
mnist,headwise_adaptive_entmax,9,28,0.0482533760368824,0.9778333333333333,0.9778228214929051,0.07545528607442975,0.8307626085976759,3.197643960515658,1.5076016187667847,0.011754023609682918
mnist,headwise_adaptive_entmax,9,29,0.045597612857818604,0.97875,0.9787247404658121,0.07527426537126303,0.8347847908735275,3.2146379550298056,1.5072930455207825,0.011520203901454806
fashion_mnist,softmax,0,0,1.5261679887771606,0.6501666666666667,0.628254942289701,0.9143902709086736,0.9999724191923937,3.787149414420128,nan,nan
fashion_mnist,softmax,0,1,0.776202380657196,0.7784166666666666,0.7764467761123925,0.6234138086438179,0.9999991791943709,3.7723783751328788,nan,nan
fashion_mnist,softmax,0,2,0.6182072758674622,0.7943333333333333,0.7904700419326801,0.5559105575084686,0.9999993542830149,3.7621051718791327,nan,nan
fashion_mnist,softmax,0,3,0.549875020980835,0.8135833333333333,0.808811573386326,0.5024079531431198,0.9999999577800432,3.747273171941439,nan,nan
fashion_mnist,softmax,0,4,0.5184237957000732,0.8235833333333333,0.8201976291383091,0.4749263785779476,0.9999997019767761,3.7304342786471048,nan,nan
fashion_mnist,softmax,0,5,0.48989492654800415,0.8284166666666667,0.8237905305091273,0.46512652933597565,1.0,3.7172347654898963,nan,nan
fashion_mnist,softmax,0,6,0.47192659974098206,0.8349166666666666,0.8317260667721733,0.43709136669834453,1.0,3.706495776772499,nan,nan
fashion_mnist,softmax,0,7,0.4517333209514618,0.8340833333333333,0.8310477915668416,0.4467768656710784,1.0,3.695810839533806,nan,nan
fashion_mnist,softmax,0,8,0.43515220284461975,0.84575,0.8412825067376598,0.41445254037777585,1.0,3.685858517885208,nan,nan
fashion_mnist,softmax,0,9,0.4212346374988556,0.8494166666666667,0.8425472731162202,0.4055840236445268,1.0,3.6879587123791375,nan,nan
fashion_mnist,softmax,0,10,0.4063960015773773,0.8550833333333333,0.852978344730537,0.3952797104914983,1.0,3.6710267116626105,nan,nan
fashion_mnist,softmax,0,11,0.40089207887649536,0.8616666666666667,0.8583946353788452,0.3764472094674905,0.9999999850988388,3.6567266086737313,nan,nan
fashion_mnist,softmax,0,12,0.38626670837402344,0.8581666666666666,0.8560114546276584,0.3801882155239582,0.9999999043842157,3.6553408106168113,nan,nan
fashion_mnist,softmax,0,13,0.37915873527526855,0.863,0.8615490683082537,0.37024934341510135,0.9999998932083448,3.640947073698044,nan,nan
fashion_mnist,softmax,0,14,0.37193983793258667,0.8525,0.8522311318536389,0.3903222555915515,0.9999998894830545,3.625742490092913,nan,nan
fashion_mnist,softmax,0,15,0.36447790265083313,0.8635,0.8594358265129228,0.36507469415664673,0.9999999528129896,3.613003929456075,nan,nan
fashion_mnist,softmax,0,16,0.3528769910335541,0.8679166666666667,0.8679795444700055,0.356379397213459,0.9999987284342448,3.610499714811643,nan,nan
fashion_mnist,softmax,0,17,0.34518033266067505,0.87125,0.8709358016163812,0.34740685299038887,0.9999998981753985,3.5996100256840386,nan,nan
fashion_mnist,softmax,0,18,0.34398767352104187,0.8705,0.8696780405309067,0.34381136670708656,0.9999970570206642,3.6048687398433685,nan,nan
fashion_mnist,softmax,0,19,0.3370155990123749,0.8705833333333334,0.8669909353034713,0.34095337614417076,0.999998806665341,3.6003516415754953,nan,nan
fashion_mnist,softmax,0,20,0.3301498293876648,0.8721666666666666,0.8717797474105522,0.33829114586114883,0.9999986886978149,3.5996338725090027,nan,nan
fashion_mnist,softmax,0,21,0.3240421414375305,0.87575,0.8742547264081072,0.3288615110019843,0.9999995504816374,3.5981458872556686,nan,nan
fashion_mnist,softmax,0,22,0.32171162962913513,0.8728333333333333,0.8677317981543695,0.33508484562238056,0.9999988588194052,3.5906474739313126,nan,nan
fashion_mnist,softmax,0,23,0.31714120507240295,0.8725,0.87212415899521,0.33194946373502415,0.9999969154596329,3.5828461796045303,nan,nan
fashion_mnist,softmax,0,24,0.31783315539360046,0.8805,0.8793496294389971,0.3180428606768449,0.9999983583887418,3.572330797712008,nan,nan
fashion_mnist,softmax,0,25,0.30662813782691956,0.8801666666666667,0.8796815170878294,0.3149045730630557,0.9999975338578224,3.5709829131762185,nan,nan
fashion_mnist,softmax,0,26,0.30538704991340637,0.8745833333333334,0.8749227753115948,0.3363938741385937,0.9999953719476858,3.562688042720159,nan,nan
fashion_mnist,softmax,0,27,0.30102163553237915,0.882,0.8809061051073277,0.3128095952173074,0.9999932311475277,3.5578450212876,nan,nan
fashion_mnist,softmax,0,28,0.29598063230514526,0.8848333333333334,0.8825183581166639,0.3172728195786476,0.9999949696163336,3.563965861996015,nan,nan
fashion_mnist,softmax,0,29,0.2935689389705658,0.8803333333333333,0.8783659012914636,0.31548064822951954,0.999993854512771,3.5525481700897217,nan,nan
fashion_mnist,softmax,1,0,1.6284377574920654,0.5861666666666666,0.55998864375513,1.0660901268323262,1.0,3.7809596906105676,nan,nan
fashion_mnist,softmax,1,1,0.8389907479286194,0.7478333333333333,0.7378223322918439,0.6798270816604296,1.0,3.73064923286438,nan,nan
fashion_mnist,softmax,1,2,0.617977499961853,0.7876666666666666,0.7814936966151865,0.5871263196070989,1.0,3.69713948170344,nan,nan
fashion_mnist,softmax,1,3,0.5464751124382019,0.8189166666666666,0.8150234788224134,0.49698703611890477,1.0,3.6752981543540955,nan,nan
fashion_mnist,softmax,1,4,0.5067999958992004,0.8235833333333333,0.8207777211108773,0.4776920999089877,1.0,3.6617355396350226,nan,nan
fashion_mnist,softmax,1,5,0.47821131348609924,0.83425,0.8304790082376179,0.4617936424911022,1.0,3.6527704944213233,nan,nan
fashion_mnist,softmax,1,6,0.4538770914077759,0.84225,0.8410797660695621,0.43454888711373013,1.0,3.645017067591349,nan,nan
fashion_mnist,softmax,1,7,0.4432123303413391,0.8391666666666666,0.836220740913296,0.4287159939606984,0.999999980131785,3.638664106527964,nan,nan
fashion_mnist,softmax,1,8,0.4209827482700348,0.8373333333333334,0.8357971629326746,0.44219011316696805,0.9999999354283015,3.625314066807429,nan,nan
fashion_mnist,softmax,1,9,0.41357266902923584,0.8485,0.8437088457129898,0.4041336129109065,0.9999994027117888,3.616184006134669,nan,nan
fashion_mnist,softmax,1,10,0.40451520681381226,0.845,0.8441153557140593,0.407675426453352,0.9999991618096828,3.614475597937902,nan,nan
fashion_mnist,softmax,1,11,0.3892812430858612,0.8519166666666667,0.8511792571594796,0.39213887353738147,0.9999985098838806,3.6071557899316153,nan,nan
fashion_mnist,softmax,1,12,0.38075700402259827,0.8550833333333333,0.853474994916591,0.38083093737562496,0.9999981808165709,3.598876421650251,nan,nan
fashion_mnist,softmax,1,13,0.3707503080368042,0.86175,0.8599594963347,0.3705546247462432,0.9999965441723665,3.6009893665711084,nan,nan
fashion_mnist,softmax,1,14,0.36246928572654724,0.863,0.8613170230789862,0.3672802833219369,0.9999917956689993,3.593209077914556,nan,nan
fashion_mnist,softmax,1,15,0.35606980323791504,0.86675,0.8647559022141806,0.3671109142402808,0.9999821173648039,3.582885945836703,nan,nan
fashion_mnist,softmax,1,16,0.3489614725112915,0.8635833333333334,0.8633990465566825,0.36607418581843376,0.9999834100405375,3.585409184296926,nan,nan
fashion_mnist,softmax,1,17,0.3434075117111206,0.86425,0.8610826544174411,0.3584437941511472,0.999982263892889,3.5853475282589593,nan,nan
fashion_mnist,softmax,1,18,0.3352172374725342,0.86925,0.8668761342257808,0.3552130622168382,0.9999637405077616,3.565542529026667,nan,nan
fashion_mnist,softmax,1,19,0.3326261043548584,0.86875,0.8675859250000926,0.360324880729119,0.9999622715016206,3.564463804165522,nan,nan
fashion_mnist,softmax,1,20,0.325032114982605,0.8721666666666666,0.8711725428527538,0.34564606969555217,0.9999609341224035,3.561701402068138,nan,nan
fashion_mnist,softmax,1,21,0.31615084409713745,0.8723333333333333,0.8702740949642147,0.3382534558574359,0.9999732213715712,3.566032295425733,nan,nan
fashion_mnist,softmax,1,22,0.3135981261730194,0.8764166666666666,0.8745067172751124,0.3396969710787137,0.9999747363229593,3.5604326079289117,nan,nan
fashion_mnist,softmax,1,23,0.3092930018901825,0.8755833333333334,0.8743754352384565,0.3404785543680191,0.999971479177475,3.5648286640644073,nan,nan
fashion_mnist,softmax,1,24,0.30564022064208984,0.87875,0.8775849302364032,0.3309236255784829,0.9999773080150286,3.5570450325806937,nan,nan
fashion_mnist,softmax,1,25,0.3004721403121948,0.87925,0.8777992100586236,0.330132099489371,0.9999528179566065,3.546120196580887,nan,nan
fashion_mnist,softmax,1,26,0.29803919792175293,0.87625,0.8744466172098638,0.33782559757431346,0.9999641353885332,3.5388375520706177,nan,nan
fashion_mnist,softmax,1,27,0.283291757106781,0.8820833333333333,0.8810084099470641,0.3244618276755015,0.9999668374657631,3.5517627745866776,nan,nan
fashion_mnist,softmax,1,28,0.28890272974967957,0.8776666666666667,0.8761909313512293,0.3301912446816762,0.9999564103782177,3.546536311507225,nan,nan
fashion_mnist,softmax,1,29,0.2850511372089386,0.8795833333333334,0.8792525983783385,0.323479109754165,0.9999319836497307,3.533301368355751,nan,nan
fashion_mnist,softmax,2,0,1.5178210735321045,0.64025,0.6121757956620186,0.9360508347551028,0.9999870955944061,3.8224402169386544,nan,nan
fashion_mnist,softmax,2,1,0.7861246466636658,0.775,0.7714303361963981,0.632643481095632,0.9999968223273754,3.8026890804370246,nan,nan
fashion_mnist,softmax,2,2,0.6101869940757751,0.79575,0.7918227947078375,0.5671890626351038,0.9999934906760851,3.7692129661639533,nan,nan
fashion_mnist,softmax,2,3,0.5391179323196411,0.80975,0.8066128388503222,0.5172784874836603,0.9999940420190493,3.7471542358398438,nan,nan
fashion_mnist,softmax,2,4,0.5001271963119507,0.8306666666666667,0.8290229734330609,0.4790473108490308,0.9999905029932658,3.7235907266537347,nan,nan
fashion_mnist,softmax,2,5,0.46792930364608765,0.83675,0.8360737389949616,0.44936221465468407,0.9999908730387688,3.7336087971925735,nan,nan
fashion_mnist,softmax,2,6,0.44541218876838684,0.842,0.8405938156560948,0.43044155091047287,0.9999938954909643,3.7319821069637933,nan,nan
fashion_mnist,softmax,2,7,0.42715010046958923,0.8505,0.8501729421694966,0.41538293783863384,0.999995693564415,3.727738916873932,nan,nan
fashion_mnist,softmax,2,8,0.41483816504478455,0.8495833333333334,0.8466103109215986,0.40737774098912877,0.999993068476518,3.717637067039808,nan,nan
fashion_mnist,softmax,2,9,0.40277302265167236,0.8540833333333333,0.8551802487092734,0.4033418893814087,0.9999922960996628,3.701313649614652,nan,nan
fashion_mnist,softmax,2,10,0.3916504383087158,0.8614166666666667,0.8610813892745922,0.3797636454304059,0.9999863021075726,3.7038677682479224,nan,nan
fashion_mnist,softmax,2,11,0.38407689332962036,0.8610833333333333,0.8603379047498512,0.38189638778567314,0.9999932112793127,3.695087785522143,nan,nan
fashion_mnist,softmax,2,12,0.37125658988952637,0.86325,0.8631439103839016,0.3785962574183941,0.9999945300320784,3.6876469353834787,nan,nan
fashion_mnist,softmax,2,13,0.362990140914917,0.8689166666666667,0.8684340864318104,0.35880736261606216,0.9999971116582552,3.6819063623746238,nan,nan
fashion_mnist,softmax,2,14,0.35428860783576965,0.86975,0.8677775128061669,0.35658715416987735,0.9999977014958858,3.6756768276294074,nan,nan
fashion_mnist,softmax,2,15,0.34838420152664185,0.8708333333333333,0.8694492498800157,0.34870246052742004,0.9999975363413492,3.669865017135938,nan,nan
fashion_mnist,softmax,2,16,0.3404585123062134,0.8661666666666666,0.8654852598951773,0.3649419844150543,0.999996729195118,3.654356266061465,nan,nan
fashion_mnist,softmax,2,17,0.33312228322029114,0.8745,0.8740460901370637,0.3412901349365711,0.9999944865703583,3.6407108257214227,nan,nan
fashion_mnist,softmax,2,18,0.32951781153678894,0.875,0.8753419419193795,0.33621930579344433,0.9999994970858097,3.6411100725332894,nan,nan
fashion_mnist,softmax,2,19,0.32297876477241516,0.8751666666666666,0.8757760912957085,0.33665143450101215,0.9999975003302097,3.6295296251773834,nan,nan
fashion_mnist,softmax,2,20,0.31743723154067993,0.8784166666666666,0.8789350343361713,0.3269804206987222,0.9999989345669746,3.628045216202736,nan,nan
fashion_mnist,softmax,2,21,0.3170953691005707,0.8775,0.8780676909422075,0.32710763936241466,0.9999978467822075,3.6116074373324714,nan,nan
fashion_mnist,softmax,2,22,0.30625662207603455,0.8785833333333334,0.8788018251121553,0.3215500960747401,0.9999981721242269,3.6129345446825027,nan,nan
fashion_mnist,softmax,2,23,0.3058418035507202,0.8766666666666667,0.8755010997265895,0.33423662806550664,0.9999973426262537,3.597020914157232,nan,nan
fashion_mnist,softmax,2,24,0.3013390302658081,0.8793333333333333,0.8783057342445068,0.33185724541544914,0.99999642247955,3.605565369129181,nan,nan
fashion_mnist,softmax,2,25,0.29524821043014526,0.8826666666666667,0.8831203566060395,0.3218557375172774,0.9999953980247179,3.5837787091732025,nan,nan
fashion_mnist,softmax,2,26,0.2997762858867645,0.8826666666666667,0.8827590088919735,0.3199203784267108,0.9999917981525263,3.5806709776322045,nan,nan
fashion_mnist,softmax,2,27,0.2885299026966095,0.8850833333333333,0.8847114322993835,0.31040214995543164,0.9999921644727389,3.584521566828092,nan,nan
fashion_mnist,softmax,2,28,0.2835284173488617,0.87975,0.8803719184667902,0.3204671988884608,0.9999921582639217,3.580331121881803,nan,nan
fashion_mnist,softmax,2,29,0.28211405873298645,0.8896666666666667,0.8903781464431841,0.30774549519022304,0.9999910940726598,3.58936474720637,nan,nan
fashion_mnist,softmax,3,0,1.5884144306182861,0.633,0.6224403767389276,0.9688271606961886,1.0,3.781638408700625,nan,nan
fashion_mnist,softmax,3,1,0.8245996236801147,0.75025,0.7464132914407277,0.6882672905921936,1.0,3.774687190850576,nan,nan
fashion_mnist,softmax,3,2,0.627282440662384,0.7906666666666666,0.7880458957204967,0.5652184436718622,1.0,3.744572867949804,nan,nan
fashion_mnist,softmax,3,3,0.5551619529724121,0.80425,0.8022695419355085,0.5272391786177953,1.0,3.7120264718929925,nan,nan
fashion_mnist,softmax,3,4,0.5149208903312683,0.81275,0.8123771054606899,0.5107102195421854,0.9999999950329462,3.6870285967985788,nan,nan
fashion_mnist,softmax,3,5,0.48481857776641846,0.828,0.8267837531508571,0.4719400256872177,0.9999999950329462,3.6723279803991318,nan,nan
fashion_mnist,softmax,3,6,0.46062448620796204,0.8288333333333333,0.8270877490738817,0.455649770796299,0.9999999950329462,3.663337657848994,nan,nan
fashion_mnist,softmax,3,7,0.4417344629764557,0.8351666666666666,0.8321455063516263,0.4413573071360588,1.0,3.661034181714058,nan,nan
fashion_mnist,softmax,3,8,0.4307621419429779,0.8440833333333333,0.8421838773173901,0.4233787419895331,0.9999999913076559,3.6540361493825912,nan,nan
fashion_mnist,softmax,3,9,0.41812482476234436,0.8445833333333334,0.8416869672332339,0.415155661602815,0.9999999205271403,3.6537709484497705,nan,nan
fashion_mnist,softmax,3,10,0.4098122715950012,0.8443333333333334,0.841332784543449,0.4193273149430752,0.9999995343387127,3.642553443710009,nan,nan
fashion_mnist,softmax,3,11,0.397506445646286,0.8485,0.8481386491752743,0.40387381116549176,0.9999992748101553,3.632068455219269,nan,nan
fashion_mnist,softmax,3,12,0.3874422609806061,0.853,0.8520891879435176,0.39734449113408726,0.9999988799293836,3.6156622767448425,nan,nan
fashion_mnist,softmax,3,13,0.3790375292301178,0.8585833333333334,0.8540797950773144,0.388812097410361,0.9999971265594164,3.6100139816602073,nan,nan
fashion_mnist,softmax,3,14,0.37040507793426514,0.8595833333333334,0.8566292779762261,0.3841064050793648,0.9999972482522329,3.6031017204125724,nan,nan
fashion_mnist,softmax,3,15,0.3639070987701416,0.85875,0.8585344117932745,0.3812175629039605,0.9999981125195821,3.5995789915323257,nan,nan
fashion_mnist,softmax,3,16,0.36014291644096375,0.865,0.8633917943517396,0.36661621928215027,0.9999947845935822,3.582766721645991,nan,nan
fashion_mnist,softmax,3,17,0.35130634903907776,0.86175,0.8587472198665009,0.37461312611897785,0.9999919186035792,3.574517528216044,nan,nan
fashion_mnist,softmax,3,18,0.3418310880661011,0.8664166666666666,0.8648674528373522,0.35966391613086063,0.9999949025611082,3.5582299480835595,nan,nan
fashion_mnist,softmax,3,19,0.33799293637275696,0.8703333333333333,0.8694152197160401,0.35773518184820813,0.9999924935400486,3.552731225887934,nan,nan
fashion_mnist,softmax,3,20,0.33255621790885925,0.86825,0.8673311512806295,0.35949617624282837,0.999990434696277,3.551910385489464,nan,nan
fashion_mnist,softmax,3,21,0.3324630856513977,0.8708333333333333,0.870957835119677,0.35443459327022236,0.9999860264360905,3.536482652028402,nan,nan
fashion_mnist,softmax,3,22,0.32550257444381714,0.8718333333333333,0.8713845014052222,0.3444993843634923,0.9999889296789964,3.538387527068456,nan,nan
fashion_mnist,softmax,3,23,0.32425951957702637,0.8703333333333333,0.8701173646658612,0.34625209867954254,0.9999748530487219,3.5236082673072815,nan,nan
fashion_mnist,softmax,3,24,0.31449633836746216,0.8758333333333334,0.8755358558911492,0.33725960676868755,0.9999772335092226,3.528488208850225,nan,nan
fashion_mnist,softmax,3,25,0.31020331382751465,0.8730833333333333,0.8722968390769428,0.3461344713966052,0.9999609850347042,3.5051726400852203,nan,nan
fashion_mnist,softmax,3,26,0.3100266754627228,0.8785,0.8764841196213224,0.33660885443290073,0.9999608596165975,3.513899803161621,nan,nan
fashion_mnist,softmax,3,27,0.3060806691646576,0.8759166666666667,0.8756885508468788,0.3336985545853774,0.999949224293232,3.5007155388593674,nan,nan
fashion_mnist,softmax,3,28,0.30639204382896423,0.87475,0.8719325306153072,0.3431548575560252,0.9999457324544588,3.4902501702308655,nan,nan
fashion_mnist,softmax,3,29,0.30190208554267883,0.8744166666666666,0.8752334610991024,0.3361593745648861,0.9999192369480928,3.490071768561999,nan,nan
fashion_mnist,softmax,4,0,1.5465871095657349,0.63,0.6030212962803114,0.9566920573512713,0.9999969005584717,3.8368245462576547,nan,nan
fashion_mnist,softmax,4,1,0.8151577115058899,0.7550833333333333,0.7486497371325515,0.6602707852919897,0.9999998124937216,3.8240638375282288,nan,nan
fashion_mnist,softmax,4,2,0.6241008043289185,0.8038333333333333,0.8019163215694665,0.5572279331584772,0.9999999242524306,3.7868432452281318,nan,nan
fashion_mnist,softmax,4,3,0.5440478920936584,0.8149166666666666,0.8129238210603743,0.5078893639147282,1.0,3.7683198302984238,nan,nan
fashion_mnist,softmax,4,4,0.5099325180053711,0.8264166666666667,0.8225346580107009,0.47845828036467236,1.0,3.7621728678544364,nan,nan
fashion_mnist,softmax,4,5,0.48124971985816956,0.8289166666666666,0.8248004288732542,0.4616675203045209,1.0,3.7550294597943625,nan,nan
fashion_mnist,softmax,4,6,0.46172991394996643,0.8370833333333333,0.8335092028192067,0.4397543544570605,1.0,3.7593906621138253,nan,nan
fashion_mnist,softmax,4,7,0.4448651075363159,0.8365833333333333,0.8346619539320083,0.4550226094822089,1.0,3.7409709244966507,nan,nan
fashion_mnist,softmax,4,8,0.43263936042785645,0.8449166666666666,0.8456687814688738,0.42300714924931526,1.0,3.7273976802825928,nan,nan
fashion_mnist,softmax,4,9,0.41740208864212036,0.839,0.8380421523931949,0.4301351172228654,1.0,3.7153572142124176,nan,nan
fashion_mnist,softmax,4,10,0.40298184752464294,0.8514166666666667,0.8503364143332843,0.4020952607194583,1.0,3.705639516313871,nan,nan
fashion_mnist,softmax,4,11,0.3946458697319031,0.8508333333333333,0.848822283883148,0.40663332243760425,1.0,3.6960856318473816,nan,nan
fashion_mnist,softmax,4,12,0.3857600688934326,0.86,0.8581133497627004,0.38526905328035355,1.0,3.6871800472338996,nan,nan
fashion_mnist,softmax,4,13,0.38064077496528625,0.863,0.8612567312948223,0.3752213269472122,1.0,3.6763271540403366,nan,nan
fashion_mnist,softmax,4,14,0.3693274259567261,0.8636666666666667,0.8626855962910129,0.3660370061794917,1.0,3.6586980621019998,nan,nan
fashion_mnist,softmax,4,15,0.36496907472610474,0.8604166666666667,0.8588722505171613,0.375616413851579,1.0,3.653205618262291,nan,nan
fashion_mnist,softmax,4,16,0.35659560561180115,0.8618333333333333,0.859561602352304,0.3773461903134982,1.0,3.6564699908097587,nan,nan
fashion_mnist,softmax,4,17,0.35196566581726074,0.86525,0.8631985811743647,0.3631886951625347,1.0,3.631886377930641,nan,nan
fashion_mnist,softmax,4,18,0.3443326950073242,0.8680833333333333,0.8655201746749525,0.3564361482858658,1.0,3.626748392979304,nan,nan
fashion_mnist,softmax,4,19,0.340769499540329,0.8685,0.8673275127258642,0.3550930730998516,1.0,3.6008494595686593,nan,nan
fashion_mnist,softmax,4,20,0.3341962397098541,0.8695,0.8706760781210205,0.35682540262738865,0.9999999950329462,3.6044019907712936,nan,nan
fashion_mnist,softmax,4,21,0.32675060629844666,0.8705,0.8690906223314055,0.353064543257157,0.9999999950329462,3.5823135723670325,nan,nan
fashion_mnist,softmax,4,22,0.33039048314094543,0.8721666666666666,0.8704803874761462,0.34930229807893437,0.9999999950329462,3.5848169922828674,nan,nan
fashion_mnist,softmax,4,23,0.3207955062389374,0.87375,0.8729715418274997,0.34637432048718136,0.9999999900658926,3.566488722960154,nan,nan
fashion_mnist,softmax,4,24,0.3148518204689026,0.8699166666666667,0.8690985640528289,0.35308986778060597,0.9999999329447746,3.5619523574908576,nan,nan
fashion_mnist,softmax,4,25,0.31403154134750366,0.8753333333333333,0.8738981789189093,0.34045341486732167,0.9999998894830545,3.5600586334864297,nan,nan
fashion_mnist,softmax,4,26,0.3073626756668091,0.8749166666666667,0.8738083371036043,0.3378904350101948,0.9999996138115724,3.5643505354722342,nan,nan
fashion_mnist,softmax,4,27,0.3043263852596283,0.875,0.8734631387438345,0.33131977294882137,0.9999997764825821,3.5558790812889733,nan,nan
fashion_mnist,softmax,4,28,0.3058371841907501,0.8736666666666667,0.8732936200341532,0.3456585792203744,0.999999130765597,3.5511543601751328,nan,nan
fashion_mnist,softmax,4,29,0.29512813687324524,0.8785833333333334,0.8775682509136905,0.32698654755949974,0.9999990475674471,3.5389899810155234,nan,nan
fashion_mnist,softmax,5,0,1.4550037384033203,0.69,0.6840875452085646,0.8691377292076746,1.0,3.7501734445492425,nan,nan
fashion_mnist,softmax,5,1,0.7429365515708923,0.7679166666666667,0.7567066707220265,0.6311821912725767,1.0,3.7591442912817,nan,nan
fashion_mnist,softmax,5,2,0.5934119820594788,0.8026666666666666,0.799055638862289,0.5488267292579015,1.0,3.7589515348275504,nan,nan
fashion_mnist,softmax,5,3,0.5402960181236267,0.8019166666666667,0.7922086785476896,0.5356013377507528,1.0,3.763435021042824,nan,nan
fashion_mnist,softmax,5,4,0.5021525025367737,0.823,0.8210948655383472,0.47766800224781036,1.0,3.7457161396741867,nan,nan
fashion_mnist,softmax,5,5,0.47546008229255676,0.83325,0.8303091979205142,0.45656251658995944,1.0,3.7203890631596246,nan,nan
fashion_mnist,softmax,5,6,0.45636048913002014,0.8299166666666666,0.8249312478580173,0.46523766592144966,1.0,3.7037180413802466,nan,nan
fashion_mnist,softmax,5,7,0.43531760573387146,0.84175,0.8394721663126676,0.42029563213388127,1.0,3.689838096499443,nan,nan
fashion_mnist,softmax,5,8,0.4141186475753784,0.8454166666666667,0.8413607153620916,0.4105488061904907,0.9999999950329462,3.676875854531924,nan,nan
fashion_mnist,softmax,5,9,0.401982843875885,0.8531666666666666,0.8516268174564369,0.39902422701319057,1.0,3.6669966727495193,nan,nan
fashion_mnist,softmax,5,10,0.3916711211204529,0.8425833333333334,0.8381765887183821,0.41621768722931546,0.9999999130765597,3.655680308739344,nan,nan
fashion_mnist,softmax,5,11,0.38693371415138245,0.8536666666666667,0.8497938957501038,0.384811623642842,0.9999996672074,3.646184206008911,nan,nan
fashion_mnist,softmax,5,12,0.3748176395893097,0.8569166666666667,0.8560200618766869,0.3795753940939903,0.9999957221249739,3.639110783735911,nan,nan
fashion_mnist,softmax,5,13,0.36530545353889465,0.8593333333333333,0.8584168436417301,0.3722655562063058,0.9999873265624046,3.6228790283203125,nan,nan
fashion_mnist,softmax,5,14,0.3599168062210083,0.8586666666666667,0.8543750857769126,0.37610602875550586,0.9999911983807882,3.612501546740532,nan,nan
fashion_mnist,softmax,5,15,0.3551654815673828,0.8581666666666666,0.8535014584634439,0.3770134064058463,0.9999879772464434,3.6157985627651215,nan,nan
fashion_mnist,softmax,5,16,0.3426244854927063,0.8675,0.8646603157521005,0.35769668345650035,0.9999699592590332,3.603617380062739,nan,nan
fashion_mnist,softmax,5,17,0.33831915259361267,0.8671666666666666,0.8650339573453873,0.35804836203654605,0.9999484991033872,3.5950743158658347,nan,nan
fashion_mnist,softmax,5,18,0.33567366003990173,0.8655,0.8632041984081663,0.3572894372045994,0.9999597532053789,3.5860149562358856,nan,nan
fashion_mnist,softmax,5,19,0.32977721095085144,0.8675,0.8666962067412338,0.3490044300754865,0.9998903386294842,3.5711151361465454,nan,nan
fashion_mnist,softmax,5,20,0.32327327132225037,0.8768333333333334,0.8760494817681573,0.34020812809467316,0.999896710117658,3.565756012996038,nan,nan
fashion_mnist,softmax,5,21,0.31967246532440186,0.8706666666666667,0.868405207992099,0.3403472291926543,0.9998691976070404,3.5572317192951837,nan,nan
fashion_mnist,softmax,5,22,0.31355756521224976,0.87,0.8677053148507905,0.34359434122840565,0.999811386068662,3.556494062145551,nan,nan
fashion_mnist,softmax,5,23,0.3115062117576599,0.8740833333333333,0.8710021630075839,0.3405788416663806,0.9997117804984251,3.538338507215182,nan,nan
fashion_mnist,softmax,5,24,0.3099615275859833,0.87525,0.8748226451981571,0.335884265601635,0.9997182426353296,3.545253942410151,nan,nan
fashion_mnist,softmax,5,25,0.3060842454433441,0.8770833333333333,0.8742633756557426,0.33032387122511864,0.9996478470663229,3.53402208785216,nan,nan
fashion_mnist,softmax,5,26,0.3006693422794342,0.8714166666666666,0.8676274458353438,0.3430962947507699,0.999715102215608,3.5271401156981788,nan,nan
fashion_mnist,softmax,5,27,0.29907506704330444,0.8789166666666667,0.8785041721605442,0.32223454490303993,0.9996051577230295,3.529850790898005,nan,nan
fashion_mnist,softmax,5,28,0.2895520031452179,0.8781666666666667,0.8780503285542268,0.32947497194012004,0.9996315737565359,3.535258745153745,nan,nan
fashion_mnist,softmax,5,29,0.29142478108406067,0.8780833333333333,0.8770430831677736,0.31958614848554134,0.9996008661886057,3.5208530724048615,nan,nan
fashion_mnist,softmax,6,0,1.5796407461166382,0.62325,0.6078481448542801,0.9676913047830263,0.9999999950329462,3.7425548334916434,nan,nan
fashion_mnist,softmax,6,1,0.7776733040809631,0.7605,0.7545893058094852,0.6513686204950014,1.0,3.7328930497169495,nan,nan
fashion_mnist,softmax,6,2,0.605312705039978,0.794,0.7923673452351715,0.5634863587717215,0.9999968359867731,3.7383679697910943,nan,nan
fashion_mnist,softmax,6,3,0.5403028726577759,0.803,0.8033585136868862,0.5324076662460963,0.999998206893603,3.7379097094138465,nan,nan
fashion_mnist,softmax,6,4,0.5018649101257324,0.8201666666666667,0.8180797513840558,0.5000234631200632,0.9999997379879156,3.7265646557013192,nan,nan
fashion_mnist,softmax,6,5,0.47445639967918396,0.8318333333333333,0.8304672831456127,0.4615809867779414,0.9999999726812044,3.728230804204941,nan,nan
fashion_mnist,softmax,6,6,0.45027998089790344,0.8410833333333333,0.8377349841502859,0.44487261523803073,0.9999999764064947,3.7135672171910605,nan,nan
fashion_mnist,softmax,6,7,0.4339556396007538,0.8444166666666667,0.8437267158247762,0.4313446419934432,1.0,3.708164855837822,nan,nan
fashion_mnist,softmax,6,8,0.41855838894844055,0.854,0.8522172694919561,0.4092905695239703,0.9999999850988388,3.696430116891861,nan,nan
fashion_mnist,softmax,6,9,0.40186676383018494,0.856,0.8538446723858076,0.40771380066871643,0.999999980131785,3.686904733379682,nan,nan
fashion_mnist,softmax,6,10,0.393535852432251,0.8565833333333334,0.8554653732459739,0.39893663798769313,1.0,3.6748725275198617,nan,nan
fashion_mnist,softmax,6,11,0.3875406086444855,0.85925,0.8556705231327456,0.38865871851642925,1.0,3.671600788831711,nan,nan
fashion_mnist,softmax,6,12,0.36954590678215027,0.8650833333333333,0.8630619462438011,0.37502211704850197,1.0,3.6604750802119574,nan,nan
fashion_mnist,softmax,6,13,0.3691605031490326,0.8671666666666666,0.8650391392099012,0.37640146166086197,1.0,3.6516431868076324,nan,nan
fashion_mnist,softmax,6,14,0.3541799783706665,0.8705,0.8705597451742983,0.3616691405574481,1.0,3.644538934032122,nan,nan
fashion_mnist,softmax,6,15,0.35206782817840576,0.8705833333333334,0.8707248178208531,0.3582879441479842,0.9999999950329462,3.638169119755427,nan,nan
fashion_mnist,softmax,6,16,0.34143897891044617,0.874,0.87275063897972,0.35684918239712715,0.9999999913076559,3.6396104792753854,nan,nan
fashion_mnist,softmax,6,17,0.33710116147994995,0.878,0.8775080784273694,0.34306290249029797,0.9999999776482582,3.6326274375120797,nan,nan
fashion_mnist,softmax,6,18,0.33146554231643677,0.8736666666666667,0.8719532955127136,0.34568041811386746,0.9999999913076559,3.6212186366319656,nan,nan
fashion_mnist,softmax,6,19,0.32730573415756226,0.8785833333333334,0.8786788964221344,0.33743778119484585,0.9999998547136784,3.6095023949941,nan,nan
fashion_mnist,softmax,6,20,0.3205907940864563,0.8789166666666667,0.8779162789698486,0.3404669091105461,0.9999997541308403,3.5926731576522193,nan,nan
fashion_mnist,softmax,6,21,0.3147682249546051,0.88075,0.8794670466330203,0.3352656252682209,0.9999995157122612,3.5977876434723535,nan,nan
fashion_mnist,softmax,6,22,0.31041818857192993,0.8821666666666667,0.8821672941074903,0.3318327876428763,0.9999987954894701,3.59252459804217,nan,nan
fashion_mnist,softmax,6,23,0.3075464069843292,0.8791666666666667,0.8791359537570687,0.3324766829609871,0.9999993443489075,3.5918684899806976,nan,nan
fashion_mnist,softmax,6,24,0.3053531348705292,0.8835,0.8833410365243777,0.32845936343073845,0.9999966025352478,3.571713993946711,nan,nan
fashion_mnist,softmax,6,25,0.2987440526485443,0.8775,0.8756282394609955,0.33960162103176117,0.9999988861382008,3.563691889246305,nan,nan
fashion_mnist,softmax,6,26,0.2958953380584717,0.8795833333333334,0.8800654814162578,0.3270487996439139,0.9999969763060411,3.5686175326506295,nan,nan
fashion_mnist,softmax,6,27,0.2945149838924408,0.8830833333333333,0.8822097031995387,0.33189913133780163,0.9999910021821657,3.5582894533872604,nan,nan
fashion_mnist,softmax,6,28,0.2831893861293793,0.8804166666666666,0.88100570807326,0.33150188500682515,0.9999934136867523,3.5679480880498886,nan,nan
fashion_mnist,softmax,6,29,0.28528234362602234,0.8831666666666667,0.8829146659784604,0.3166215618451436,0.9999893233180046,3.556860640645027,nan,nan
fashion_mnist,softmax,7,0,1.5840137004852295,0.6091666666666666,0.5982308824479178,0.9687077800432841,1.0,3.783453385035197,nan,nan
fashion_mnist,softmax,7,1,0.8072643280029297,0.7569166666666667,0.7497952316560124,0.6582692861557007,1.0,3.7804821679989495,nan,nan
fashion_mnist,softmax,7,2,0.6364362239837646,0.7986666666666666,0.7947410864210454,0.550752026339372,1.0,3.742440323034922,nan,nan
fashion_mnist,softmax,7,3,0.5668679475784302,0.806,0.8024212059024032,0.5233504697680473,1.0,3.7387542178233466,nan,nan
fashion_mnist,softmax,7,4,0.5186662077903748,0.8160833333333334,0.810329754126415,0.49991994599501294,1.0,3.731950968503952,nan,nan
fashion_mnist,softmax,7,5,0.48899441957473755,0.828,0.8270448097847096,0.4651481881737709,1.0,3.721632093191147,nan,nan
fashion_mnist,softmax,7,6,0.4658065736293793,0.83125,0.8278234819512006,0.45432040219505626,1.0,3.7012718468904495,nan,nan
fashion_mnist,softmax,7,7,0.44046351313591003,0.8374166666666667,0.8346009102172219,0.430320384601752,1.0,3.686865881085396,nan,nan
fashion_mnist,softmax,7,8,0.42615121603012085,0.8483333333333334,0.8476383248701979,0.4116715081036091,1.0,3.672928969065348,nan,nan
fashion_mnist,softmax,7,9,0.41169121861457825,0.8429166666666666,0.8407994641829599,0.41361352801322937,1.0,3.6660264283418655,nan,nan
fashion_mnist,softmax,7,10,0.40065282583236694,0.8538333333333333,0.8528333621008747,0.38609450062115985,1.0,3.6612357000509896,nan,nan
fashion_mnist,softmax,7,11,0.3898499011993408,0.8565833333333334,0.8571657642769004,0.3810927780965964,1.0,3.6546204338471093,nan,nan
fashion_mnist,softmax,7,12,0.3787228465080261,0.8565833333333334,0.8548115699359361,0.383120180418094,1.0,3.6515234857797623,nan,nan
fashion_mnist,softmax,7,13,0.3709773123264313,0.861,0.8600259327713348,0.37009598935643834,1.0,3.646585057179133,nan,nan
fashion_mnist,softmax,7,14,0.36715903878211975,0.8639166666666667,0.8633036913821378,0.36895951131979626,1.0,3.6403124928474426,nan,nan
fashion_mnist,softmax,7,15,0.35821112990379333,0.8624166666666667,0.8616682979754297,0.3647720528145631,1.0,3.6424206693967185,nan,nan
fashion_mnist,softmax,7,16,0.353135347366333,0.8641666666666666,0.8645536612713519,0.3599008234838645,1.0,3.6368145594994226,nan,nan
fashion_mnist,softmax,7,17,0.3430919051170349,0.8726666666666667,0.8725870600462988,0.3425754929582278,1.0,3.630168850223223,nan,nan
fashion_mnist,softmax,7,18,0.3406057059764862,0.8638333333333333,0.8624121569698557,0.3631122174362342,1.0,3.6266135623057685,nan,nan
fashion_mnist,softmax,7,19,0.3432082533836365,0.8721666666666666,0.8712589060363536,0.34025443717837334,1.0,3.621858606735865,nan,nan
fashion_mnist,softmax,7,20,0.3386574387550354,0.8710833333333333,0.8690962470145058,0.34300116697947186,1.0,3.621516595284144,nan,nan
fashion_mnist,softmax,7,21,0.32409828901290894,0.8746666666666667,0.8746861683183292,0.33769097924232483,1.0,3.6176731636126838,nan,nan
fashion_mnist,softmax,7,22,0.31908443570137024,0.87375,0.8744532198667108,0.3380559831857681,1.0,3.6068113148212433,nan,nan
fashion_mnist,softmax,7,23,0.3208313286304474,0.8778333333333334,0.8784980401857053,0.3250213861465454,1.0,3.6034525086482367,nan,nan
fashion_mnist,softmax,7,24,0.3163009583950043,0.8760833333333333,0.8755871484660822,0.3328702350457509,1.0,3.59670061369737,nan,nan
fashion_mnist,softmax,7,25,0.3130195736885071,0.8738333333333334,0.8715718641810076,0.3336215844998757,1.0,3.6005217929681144,nan,nan
fashion_mnist,softmax,7,26,0.31014689803123474,0.8716666666666667,0.8663566736730273,0.35561345641811687,0.999999962747097,3.5845173001289368,nan,nan
fashion_mnist,softmax,7,27,0.3086469769477844,0.876,0.8759438213748508,0.3326647567252318,0.9999999950329462,3.579390342036883,nan,nan
fashion_mnist,softmax,7,28,0.2994917631149292,0.8813333333333333,0.8809550046079397,0.3211118665834268,0.9999999950329462,3.5934103578329086,nan,nan
fashion_mnist,softmax,7,29,0.2979573607444763,0.8806666666666667,0.8807716817958076,0.32292963812748593,0.9999999664723873,3.5796642154455185,nan,nan
fashion_mnist,softmax,8,0,1.5241893529891968,0.6520833333333333,0.646451248176003,0.9526168977220854,1.0,3.826206545035044,nan,nan
fashion_mnist,softmax,8,1,0.8313121199607849,0.7525833333333334,0.7465309496273813,0.6858470886945724,0.9999994287888209,3.7950187971194587,nan,nan
fashion_mnist,softmax,8,2,0.6368317604064941,0.789,0.7887626075783635,0.5783628448843956,0.9999989867210388,3.747563526034355,nan,nan
fashion_mnist,softmax,8,3,0.5586196780204773,0.8035833333333333,0.8033216832404783,0.5365401804447174,0.9999977213641008,3.7281548529863358,nan,nan
fashion_mnist,softmax,8,4,0.5123975872993469,0.8226666666666667,0.8218733944681567,0.4830140670140584,0.9999997913837433,3.7077100972334542,nan,nan
fashion_mnist,softmax,8,5,0.4801444411277771,0.8316666666666667,0.83229597471838,0.4577628932893276,0.9999987048407396,3.6945451200008392,nan,nan
fashion_mnist,softmax,8,6,0.45005884766578674,0.8379166666666666,0.8351689410963477,0.4492878479262193,0.9999984254439672,3.675113340218862,nan,nan
fashion_mnist,softmax,8,7,0.4354832172393799,0.8443333333333334,0.8441005661504404,0.4305089861154556,0.9999990897874037,3.657314876715342,nan,nan
fashion_mnist,softmax,8,8,0.41556593775749207,0.8495,0.8494869331378696,0.4175008287032445,0.9999999118347963,3.642602806289991,nan,nan
fashion_mnist,softmax,8,9,0.4037226736545563,0.8523333333333334,0.8527443595362494,0.41020508979757625,0.9999998000760874,3.640423903862635,nan,nan
fashion_mnist,softmax,8,10,0.3910802900791168,0.85525,0.8567490463234492,0.3961218098799388,0.9999980342884859,3.622053017218908,nan,nan
fashion_mnist,softmax,8,11,0.3818128705024719,0.8551666666666666,0.8554224002853005,0.3974360873301824,0.999999942878882,3.6252304365237555,nan,nan
fashion_mnist,softmax,8,12,0.3745308220386505,0.86475,0.866137257767911,0.37300772592425346,0.9999999615053335,3.612491821249326,nan,nan
fashion_mnist,softmax,8,13,0.3648412823677063,0.8629166666666667,0.8641658551619082,0.37657029802600545,0.9999999105930328,3.6065605531136193,nan,nan
fashion_mnist,softmax,8,14,0.3571252226829529,0.8611666666666666,0.8615347186670489,0.38026762505372363,0.9999996398886045,3.577553485830625,nan,nan
fashion_mnist,softmax,8,15,0.35221341252326965,0.8630833333333333,0.8649951399606639,0.37794237583875656,0.9999994759758314,3.5690938184658685,nan,nan
fashion_mnist,softmax,8,16,0.3479345142841339,0.8650833333333333,0.8658438800465209,0.3655092194676399,0.9999996225039164,3.5708179275194802,nan,nan
fashion_mnist,softmax,8,17,0.33849042654037476,0.8715833333333334,0.8709380919032059,0.3624436172346274,0.9999986787637075,3.5631037453810372,nan,nan
fashion_mnist,softmax,8,18,0.3324891924858093,0.8714166666666666,0.8722963991670802,0.35165123517314595,0.9999991208314896,3.5530749609073005,nan,nan
fashion_mnist,softmax,8,19,0.3290649354457855,0.8714166666666666,0.871222516918454,0.3632451718052228,0.9999987296760082,3.5509729832410812,nan,nan
fashion_mnist,softmax,8,20,0.3251428008079529,0.8735833333333334,0.8729533919624,0.34939801196257275,0.9999982478717963,3.5389389942089715,nan,nan
fashion_mnist,softmax,8,21,0.3183465301990509,0.8703333333333333,0.8700018300925768,0.35033387194077176,0.9999988526105881,3.5359755555788674,nan,nan
fashion_mnist,softmax,8,22,0.3132311999797821,0.8785833333333334,0.8795106287728061,0.3382732570171356,0.9999985533456007,3.518055498600006,nan,nan
fashion_mnist,softmax,8,23,0.3103494346141815,0.8761666666666666,0.8753264213580337,0.34589168181022006,0.9999985521038374,3.518689955274264,nan,nan
fashion_mnist,softmax,8,24,0.307381808757782,0.8769166666666667,0.8760990254857848,0.34109873076279956,0.999997736265262,3.518414169549942,nan,nan
fashion_mnist,softmax,8,25,0.3048897087574005,0.878,0.8788788267366534,0.3328852206468582,0.999997440725565,3.5032713959614434,nan,nan
fashion_mnist,softmax,8,26,0.30402839183807373,0.8805,0.8820033387292417,0.3240814618766308,0.999997598429521,3.500181953112284,nan,nan
fashion_mnist,softmax,8,27,0.2918906807899475,0.8775,0.8793366538190736,0.33622056369980174,0.9999975003302097,3.5015000303586326,nan,nan
fashion_mnist,softmax,8,28,0.2956165373325348,0.8815833333333334,0.8821311746417374,0.32525982707738876,0.9999966087440649,3.4806763033072152,nan,nan
fashion_mnist,softmax,8,29,0.290677547454834,0.8763333333333333,0.8769289180175963,0.3380991866191228,0.9999957829713821,3.4747922668854394,nan,nan
fashion_mnist,softmax,9,0,1.5072474479675293,0.6406666666666667,0.6305655524434246,0.9693237269918124,0.9999872793753942,3.789532189567884,nan,nan
fashion_mnist,softmax,9,1,0.8427645564079285,0.7278333333333333,0.7213748442662509,0.7084682260950407,0.9999985160926977,3.762110556165377,nan,nan
fashion_mnist,softmax,9,2,0.6546368598937988,0.8014166666666667,0.7996811197696958,0.5448698811233044,0.9999956600368023,3.731770952542623,nan,nan
fashion_mnist,softmax,9,3,0.5575202107429504,0.81675,0.8177062335418501,0.49908413365483284,0.9999925382435322,3.7087684174378714,nan,nan
fashion_mnist,softmax,9,4,0.5074735283851624,0.8231666666666667,0.8232600111940502,0.4801717350880305,0.9999868981540203,3.6925990879535675,nan,nan
fashion_mnist,softmax,9,5,0.47969719767570496,0.8355,0.8337157724472899,0.44429287562767666,0.9999961319069067,3.697966123620669,nan,nan
fashion_mnist,softmax,9,6,0.4649944305419922,0.8424166666666667,0.8409938441829444,0.42724079887072247,0.9999946976701418,3.690633863210678,nan,nan
fashion_mnist,softmax,9,7,0.4368744194507599,0.836,0.8360492815032565,0.449971800049146,0.9999913647770882,3.6838400463263192,nan,nan
fashion_mnist,softmax,9,8,0.42430344223976135,0.8518333333333333,0.8478334846446947,0.4013561469813188,0.9999975574513277,3.6885425051053367,nan,nan
fashion_mnist,softmax,9,9,0.4102942645549774,0.85575,0.8549828838979888,0.38315223654111225,0.9999992698431015,3.6889466643333435,nan,nan
fashion_mnist,softmax,9,10,0.4015130400657654,0.8580833333333333,0.8576762898324853,0.37928687656919163,0.9999990686774254,3.675346781810125,nan,nan
fashion_mnist,softmax,9,11,0.38259613513946533,0.8574166666666667,0.8567764853617137,0.3751121511061986,0.9999995306134224,3.6717288394769034,nan,nan
fashion_mnist,softmax,9,12,0.38105136156082153,0.8624166666666667,0.8612651865693073,0.36391949901978177,0.9999977300564448,3.672779008746147,nan,nan
fashion_mnist,softmax,9,13,0.364946186542511,0.8571666666666666,0.8542249722417218,0.38326698169112206,0.9999990512927374,3.6688801993926368,nan,nan
fashion_mnist,softmax,9,14,0.3688194155693054,0.8668333333333333,0.8651794243599762,0.35790517181158066,0.9999999950329462,3.6602391451597214,nan,nan
fashion_mnist,softmax,9,15,0.36083289980888367,0.8683333333333333,0.8684981116140612,0.3463955633342266,1.0,3.653010924657186,nan,nan
fashion_mnist,softmax,9,16,0.34619200229644775,0.8708333333333333,0.8705567693747731,0.3380100963016351,1.0,3.6531917303800583,nan,nan
fashion_mnist,softmax,9,17,0.3424457609653473,0.86875,0.8674642833880425,0.34355295697848004,1.0,3.6421269526084266,nan,nan
fashion_mnist,softmax,9,18,0.3399049937725067,0.8724166666666666,0.873468847470906,0.3313252416749795,0.9999999950329462,3.6260571579138436,nan,nan
fashion_mnist,softmax,9,19,0.33403122425079346,0.874,0.872247590774756,0.338499349852403,0.9999998857577642,3.624969571828842,nan,nan
fashion_mnist,softmax,9,20,0.3261180818080902,0.8754166666666666,0.8752613244538875,0.3288172384103139,0.9999996249874433,3.615288441379865,nan,nan
fashion_mnist,softmax,9,21,0.3204440474510193,0.8739166666666667,0.874447349083456,0.32662685836354893,0.9999997826913992,3.5977088113625846,nan,nan
fashion_mnist,softmax,9,22,0.3163594603538513,0.8754166666666666,0.8756193008732929,0.32518411117295426,0.9999999478459358,3.609203040599823,nan,nan
fashion_mnist,softmax,9,23,0.3120678663253784,0.8755,0.8769722838426033,0.32303067731360596,0.9999999043842157,3.5952440400918326,nan,nan
fashion_mnist,softmax,9,24,0.30725210905075073,0.8843333333333333,0.8833931889050388,0.30556214104096097,0.9999999056259791,3.5922315220038095,nan,nan
fashion_mnist,softmax,9,25,0.30321988463401794,0.8804166666666666,0.8795367244745688,0.3113375287503004,0.9999998112519582,3.581365923086802,nan,nan
fashion_mnist,softmax,9,26,0.29708632826805115,0.8809166666666667,0.8803017892130022,0.31590144895017147,0.9999996994932493,3.5784383416175842,nan,nan
fashion_mnist,softmax,9,27,0.2979103624820709,0.88625,0.8858596108935333,0.3043352731813987,0.9999998062849045,3.580206831296285,nan,nan
fashion_mnist,softmax,9,28,0.2909926772117615,0.87725,0.8761166969880311,0.32132435714205104,0.9999997839331627,3.5701462974150977,nan,nan
fashion_mnist,softmax,9,29,0.28962913155555725,0.8813333333333333,0.880704377143575,0.3060213352243106,0.9999997367461523,3.565499742825826,nan,nan
fashion_mnist,topk_softmax_0125,0,0,1.254146933555603,0.7515,0.7406568466361496,0.6698724130789439,0.14000000059604645,1.9355076054732006,nan,nan
fashion_mnist,topk_softmax_0125,0,1,0.6006794571876526,0.81475,0.8144010827196709,0.5118601682285467,0.14000000059604645,1.9285813172658284,nan,nan
fashion_mnist,topk_softmax_0125,0,2,0.4975293278694153,0.8295833333333333,0.8258099769929348,0.46958578502138454,0.14000000059604645,1.9200159087777138,nan,nan
fashion_mnist,topk_softmax_0125,0,3,0.4472518563270569,0.8444166666666667,0.8400928301868882,0.42000924174984294,0.14000000059604645,1.9109987219174702,nan,nan
fashion_mnist,topk_softmax_0125,0,4,0.41422826051712036,0.8470833333333333,0.844561503182695,0.3972071520984173,0.14000000059604645,1.9062055150667827,nan,nan
fashion_mnist,topk_softmax_0125,0,5,0.3903217613697052,0.8611666666666666,0.86038316607913,0.36923233419656754,0.14000000059604645,1.8998756284515064,nan,nan
fashion_mnist,topk_softmax_0125,0,6,0.374269038438797,0.8646666666666667,0.8650330600874364,0.3635169602930546,0.14000000059604645,1.8909388780593872,nan,nan
fashion_mnist,topk_softmax_0125,0,7,0.36011332273483276,0.8715,0.8691359315450843,0.34514835352698964,0.14000000059604645,1.886340061823527,nan,nan
fashion_mnist,topk_softmax_0125,0,8,0.34428465366363525,0.8749166666666667,0.8738662234784753,0.3350436749557654,0.14000000059604645,1.8818311840295792,nan,nan
fashion_mnist,topk_softmax_0125,0,9,0.33674368262290955,0.8750833333333333,0.872198138528196,0.33224499598145485,0.14000000059604645,1.8818390766779582,nan,nan
fashion_mnist,topk_softmax_0125,0,10,0.3236388564109802,0.8744166666666666,0.8726705146134952,0.3393172373374303,0.14000000059604645,1.8707532634337742,nan,nan
fashion_mnist,topk_softmax_0125,0,11,0.32209548354148865,0.87775,0.8746512809766699,0.3272209179898103,0.14000000059604645,1.8719995642701786,nan,nan
fashion_mnist,topk_softmax_0125,0,12,0.3137112557888031,0.8763333333333333,0.8749509955046919,0.3220625917116801,0.14000000059604645,1.870771845181783,nan,nan
fashion_mnist,topk_softmax_0125,0,13,0.30681127309799194,0.8809166666666667,0.8791067311193836,0.32211941356460255,0.14000000059604645,1.8673048491279285,nan,nan
fashion_mnist,topk_softmax_0125,0,14,0.3001726269721985,0.8721666666666666,0.8724690818574745,0.3376820497214794,0.14000000059604645,1.866656777759393,nan,nan
fashion_mnist,topk_softmax_0125,0,15,0.2928103804588318,0.885,0.883179569304923,0.31073517476518947,0.14000000059604645,1.863049807647864,nan,nan
fashion_mnist,topk_softmax_0125,0,16,0.2829495668411255,0.8839166666666667,0.8833257674619646,0.3136428880194823,0.14000000059604645,1.8613247623046238,nan,nan
fashion_mnist,topk_softmax_0125,0,17,0.2802615761756897,0.88425,0.8842170469567773,0.30611204355955124,0.14000000059604645,1.8589695170521736,nan,nan
fashion_mnist,topk_softmax_0125,0,18,0.278461217880249,0.88875,0.887620289772857,0.29928908000389737,0.14000000059604645,1.8534507627288501,nan,nan
fashion_mnist,topk_softmax_0125,0,19,0.2732384204864502,0.8834166666666666,0.8811848896549668,0.31341344739000004,0.14000000059604645,1.8514899015426636,nan,nan
fashion_mnist,topk_softmax_0125,0,20,0.26865115761756897,0.8833333333333333,0.8842731189542736,0.3113267906010151,0.14000000059604645,1.8500762209296227,nan,nan
fashion_mnist,topk_softmax_0125,0,21,0.25912925601005554,0.8921666666666667,0.8905736573614164,0.3004583455622196,0.14000000059604645,1.8485936149954796,nan,nan
fashion_mnist,topk_softmax_0125,0,22,0.2628811001777649,0.89025,0.888202921045032,0.29871361205975216,0.14000000059604645,1.845459980269273,nan,nan
fashion_mnist,topk_softmax_0125,0,23,0.25307103991508484,0.88675,0.8848947201259992,0.3119862762590249,0.14000000059604645,1.8441602314511936,nan,nan
fashion_mnist,topk_softmax_0125,0,24,0.24808736145496368,0.89075,0.8892291457375379,0.2976135735710462,0.14000000059604645,1.8407242968678474,nan,nan
fashion_mnist,topk_softmax_0125,0,25,0.24343855679035187,0.8856666666666667,0.8855957705672404,0.31114438238243264,0.14000000059604645,1.839907631278038,nan,nan
fashion_mnist,topk_softmax_0125,0,26,0.24172165989875793,0.8866666666666667,0.88734840436972,0.31407396122813225,0.14000000059604645,1.8333864981929462,nan,nan
fashion_mnist,topk_softmax_0125,1,0,1.2618422508239746,0.7698333333333334,0.7615301502802886,0.6372595578432083,0.14000000059604645,1.930814929306507,nan,nan
fashion_mnist,topk_softmax_0125,1,1,0.5856190919876099,0.8183333333333334,0.8170586580931017,0.5096425513426462,0.14000000059604645,1.9193337907393773,nan,nan
fashion_mnist,topk_softmax_0125,1,2,0.49521440267562866,0.8351666666666666,0.8324381488148059,0.45386846736073494,0.14000000059604645,1.9027289748191833,nan,nan
fashion_mnist,topk_softmax_0125,1,3,0.45661357045173645,0.8418333333333333,0.8382000418616208,0.43196865419546765,0.14000000059604645,1.896838513513406,nan,nan
fashion_mnist,topk_softmax_0125,1,4,0.42259958386421204,0.84825,0.8443648657795689,0.4156137729684512,0.14000000059604645,1.8896320189038913,nan,nan
fashion_mnist,topk_softmax_0125,1,5,0.4026883542537689,0.8485,0.8461719343917382,0.413571760058403,0.14000000059604645,1.8842624425888062,nan,nan
fashion_mnist,topk_softmax_0125,1,6,0.38625651597976685,0.85975,0.8578250224773122,0.38330526774128276,0.14000000059604645,1.8791160881519318,nan,nan
fashion_mnist,topk_softmax_0125,1,7,0.3716803789138794,0.8656666666666667,0.8632142094270323,0.36628154044349986,0.14000000059604645,1.8709874749183655,nan,nan
fashion_mnist,topk_softmax_0125,1,8,0.3535006046295166,0.8659166666666667,0.8653359343431353,0.370279220243295,0.14000000059604645,1.866185116271178,nan,nan
fashion_mnist,topk_softmax_0125,1,9,0.34853851795196533,0.8610833333333333,0.8563595415653638,0.3735789346198241,0.14000000059604645,1.8599869385361671,nan,nan
fashion_mnist,topk_softmax_0125,1,10,0.3382808566093445,0.8633333333333333,0.8611568674976746,0.3784843633572261,0.14000000059604645,1.8583726957440376,nan,nan
fashion_mnist,topk_softmax_0125,1,11,0.33021384477615356,0.8633333333333333,0.8631908230075265,0.36777494599421817,0.14000000059604645,1.85108083486557,nan,nan
fashion_mnist,topk_softmax_0125,1,12,0.3248366415500641,0.8696666666666667,0.8695449941670489,0.35599332054456073,0.14000000059604645,1.8489569450418155,nan,nan
fashion_mnist,topk_softmax_0125,1,13,0.3146120011806488,0.8719166666666667,0.87005984766188,0.3557271746297677,0.14000000059604645,1.843160440524419,nan,nan
fashion_mnist,topk_softmax_0125,1,14,0.3075273633003235,0.8759166666666667,0.8745473462960455,0.34256606673200923,0.14000000059604645,1.8492886126041412,nan,nan
fashion_mnist,topk_softmax_0125,1,15,0.30003538727760315,0.8765,0.8754591084130853,0.33798084532221156,0.14000000059604645,1.850041041771571,nan,nan
fashion_mnist,topk_softmax_0125,1,16,0.2971403896808624,0.87475,0.8746371615695505,0.3467066362500191,0.14000000059604645,1.8512155065933864,nan,nan
fashion_mnist,topk_softmax_0125,1,17,0.2905471622943878,0.8766666666666667,0.8751430362315886,0.3374316841363907,0.14000000059604645,1.846328171590964,nan,nan
fashion_mnist,topk_softmax_0125,1,18,0.2861999571323395,0.8793333333333333,0.8782144509274079,0.3347490889330705,0.14000000059604645,1.8395117844144504,nan,nan
fashion_mnist,topk_softmax_0125,1,19,0.27949830889701843,0.86725,0.8671183236397881,0.3560946211218834,0.14000000059604645,1.8460459286967914,nan,nan
fashion_mnist,topk_softmax_0125,1,20,0.2759971618652344,0.8806666666666667,0.8789785081183865,0.3315780671934287,0.14000000059604645,1.8404665663838387,nan,nan
fashion_mnist,topk_softmax_0125,1,21,0.26865261793136597,0.8800833333333333,0.8775068840015026,0.3281177890797456,0.14000000059604645,1.838928687075774,nan,nan
fashion_mnist,topk_softmax_0125,1,22,0.2664058208465576,0.8820833333333333,0.8808886929000236,0.3215092693765958,0.14000000059604645,1.8455231711268425,nan,nan
fashion_mnist,topk_softmax_0125,1,23,0.26514244079589844,0.8800833333333333,0.8800186124850956,0.3249005066851775,0.14000000059604645,1.8356809218724568,nan,nan
fashion_mnist,topk_softmax_0125,1,24,0.25665482878685,0.88325,0.8823781397349331,0.325697382291158,0.14000000059604645,1.8328610584139824,nan,nan
fashion_mnist,topk_softmax_0125,1,25,0.25404852628707886,0.8849166666666667,0.8839189515037049,0.3263838787873586,0.14000000059604645,1.8334273844957352,nan,nan
fashion_mnist,topk_softmax_0125,1,26,0.2506752908229828,0.88275,0.8815647509306379,0.3250135729710261,0.14000000059604645,1.8314740185936291,nan,nan
fashion_mnist,topk_softmax_0125,1,27,0.24362632632255554,0.88425,0.8826690368272239,0.3245022011299928,0.14000000059604645,1.835192856689294,nan,nan
fashion_mnist,topk_softmax_0125,1,28,0.2408151477575302,0.8835,0.8823926402663268,0.32222874586780864,0.14000000059604645,1.8349201877911885,nan,nan
fashion_mnist,topk_softmax_0125,1,29,0.2431330531835556,0.88325,0.8825364450599162,0.32708193485935527,0.14000000059604645,1.8296588982144992,nan,nan
fashion_mnist,topk_softmax_0125,2,0,1.2568897008895874,0.75825,0.750602612747826,0.6539255554477373,0.14000000059604645,1.9188311199347179,nan,nan
fashion_mnist,topk_softmax_0125,2,1,0.5706104636192322,0.8213333333333334,0.8208860128923232,0.49149685353040695,0.14000000059604645,1.9112055003643036,nan,nan
fashion_mnist,topk_softmax_0125,2,2,0.4789765477180481,0.8479166666666667,0.8456744073782246,0.4276140381892522,0.14000000059604645,1.9109320690234501,nan,nan
fashion_mnist,topk_softmax_0125,2,3,0.430703729391098,0.8499166666666667,0.8457390509564109,0.41961625466744107,0.14000000059604645,1.9072633634010951,nan,nan
fashion_mnist,topk_softmax_0125,2,4,0.40124255418777466,0.852,0.8471769561453311,0.40171465650200844,0.14000000059604645,1.9095224315921466,nan,nan
fashion_mnist,topk_softmax_0125,2,5,0.3829527795314789,0.8644166666666667,0.8630427276230346,0.36775848145286244,0.14000000059604645,1.9075775196154912,nan,nan
fashion_mnist,topk_softmax_0125,2,6,0.3664886951446533,0.8614166666666667,0.8595946416094382,0.37966467440128326,0.14000000059604645,1.9031553988655407,nan,nan
fashion_mnist,topk_softmax_0125,2,7,0.3556385338306427,0.8733333333333333,0.8736074045250861,0.3524040604631106,0.14000000059604645,1.8979032809535663,nan,nan
fashion_mnist,topk_softmax_0125,2,8,0.3425183594226837,0.87475,0.8731455710060253,0.3470853877564271,0.14000000059604645,1.8971550986170769,nan,nan
fashion_mnist,topk_softmax_0125,2,9,0.33537063002586365,0.874,0.8742432758851144,0.33806849519411725,0.14000000059604645,1.8900784502426784,nan,nan
fashion_mnist,topk_softmax_0125,2,10,0.3251068592071533,0.8759166666666667,0.8758525194922097,0.33527853215734166,0.14000000059604645,1.8842898135383923,nan,nan
fashion_mnist,topk_softmax_0125,2,11,0.31974783539772034,0.8798333333333334,0.8788682864170099,0.33263328423102695,0.14000000059604645,1.8813156659404437,nan,nan
fashion_mnist,topk_softmax_0125,2,12,0.3104779124259949,0.8805833333333334,0.8804762357227215,0.3264075716336568,0.14000000059604645,1.880586398144563,nan,nan
fashion_mnist,topk_softmax_0125,2,13,0.30301687121391296,0.88025,0.8797241277489871,0.3266225891808669,0.14000000059604645,1.877500797311465,nan,nan
fashion_mnist,topk_softmax_0125,2,14,0.29875287413597107,0.877,0.874624945840344,0.33109105254213017,0.14000000059604645,1.8743088692426682,nan,nan
fashion_mnist,topk_softmax_0125,2,15,0.2959660291671753,0.8825,0.8808228031605342,0.32433050125837326,0.14000000059604645,1.8731441274285316,nan,nan
fashion_mnist,topk_softmax_0125,2,16,0.28711992502212524,0.8830833333333333,0.8827909067141532,0.31724384675423306,0.14000000059604645,1.8677618751923244,nan,nan
fashion_mnist,topk_softmax_0125,2,17,0.28361693024635315,0.8824166666666666,0.8823117180026623,0.3215986800690492,0.14000000059604645,1.8635196909308434,nan,nan
fashion_mnist,topk_softmax_0125,2,18,0.27586331963539124,0.8856666666666667,0.8860808593039502,0.3210628740489483,0.14000000059604645,1.857580731312434,nan,nan
fashion_mnist,topk_softmax_0125,2,19,0.2702045440673828,0.8839166666666667,0.8842443322301106,0.3158404293159644,0.14000000059604645,1.8560230409105618,nan,nan
fashion_mnist,topk_softmax_0125,2,20,0.26898249983787537,0.8836666666666667,0.8836656436654247,0.3207731172442436,0.14000000059604645,1.8545719782511394,nan,nan
fashion_mnist,topk_softmax_0125,2,21,0.2626843750476837,0.8845833333333334,0.8845793529145037,0.3171980641782284,0.14000000059604645,1.8527077237764995,nan,nan
fashion_mnist,topk_softmax_0125,2,22,0.2576626241207123,0.8840833333333333,0.8834292777754653,0.3189319695035617,0.14000000059604645,1.8503238558769226,nan,nan
fashion_mnist,topk_softmax_0125,2,23,0.2550523281097412,0.8863333333333333,0.8854276591035598,0.3169577990969022,0.14000000059604645,1.847312147418658,nan,nan
fashion_mnist,topk_softmax_0125,2,24,0.24752987921237946,0.88875,0.889104808555159,0.31361300746599835,0.14000000059604645,1.8444026832779248,nan,nan
fashion_mnist,topk_softmax_0125,2,25,0.24644428491592407,0.887,0.886774373468589,0.31299421687920886,0.14000000059604645,1.8414844895402591,nan,nan
fashion_mnist,topk_softmax_0125,2,26,0.24608337879180908,0.8851666666666667,0.8845696963602958,0.315690694997708,0.14000000059604645,1.841296225786209,nan,nan
fashion_mnist,topk_softmax_0125,2,27,0.23817239701747894,0.8839166666666667,0.8831106150846748,0.3239566994210084,0.14000000059604645,1.8346388811866443,nan,nan
fashion_mnist,topk_softmax_0125,2,28,0.2345701903104782,0.8884166666666666,0.8890980149755313,0.3121907189488411,0.14000000059604645,1.8358906929691632,nan,nan
fashion_mnist,topk_softmax_0125,2,29,0.22748175263404846,0.8884166666666666,0.8890904840854752,0.31713657453656197,0.14000000059604645,1.8342334950963657,nan,nan
fashion_mnist,topk_softmax_0125,3,0,1.252503514289856,0.7453333333333333,0.7387734690315071,0.6784509122371674,0.14000000059604645,1.9270640512307484,nan,nan
fashion_mnist,topk_softmax_0125,3,1,0.5914309620857239,0.8145,0.8131022550120026,0.5056137206653754,0.14000000059604645,1.9181792711218197,nan,nan
fashion_mnist,topk_softmax_0125,3,2,0.484253853559494,0.8294166666666667,0.8278993971353013,0.4705555886030197,0.14000000059604645,1.9173885807394981,nan,nan
fashion_mnist,topk_softmax_0125,3,3,0.4499448537826538,0.8410833333333333,0.8398620776090029,0.42863668749729794,0.14000000059604645,1.912335952123006,nan,nan
fashion_mnist,topk_softmax_0125,3,4,0.4213285446166992,0.8508333333333333,0.8490360557555388,0.41052963708837825,0.14000000059604645,1.9046456540624301,nan,nan
fashion_mnist,topk_softmax_0125,3,5,0.39795422554016113,0.8526666666666667,0.8523277391310058,0.40187526990969974,0.14000000059604645,1.8979579905668895,nan,nan
fashion_mnist,topk_softmax_0125,3,6,0.3815456032752991,0.8558333333333333,0.8549560656632955,0.39235815530021984,0.14000000059604645,1.886763388911883,nan,nan
fashion_mnist,topk_softmax_0125,3,7,0.3659400939941406,0.8596666666666667,0.8570044644813123,0.37415003155668575,0.14000000059604645,1.8835264543692272,nan,nan
fashion_mnist,topk_softmax_0125,3,8,0.3536469042301178,0.8616666666666667,0.8595590221737422,0.3713572807610035,0.14000000059604645,1.8767198299368222,nan,nan
fashion_mnist,topk_softmax_0125,3,9,0.3448373079299927,0.8638333333333333,0.86421836380161,0.3659600081543128,0.14000000059604645,1.87177441517512,nan,nan
fashion_mnist,topk_softmax_0125,3,10,0.3390007019042969,0.8675833333333334,0.866210976643831,0.35730453083912533,0.14000000059604645,1.8637944733103116,nan,nan
fashion_mnist,topk_softmax_0125,3,11,0.3287900984287262,0.8688333333333333,0.8666725238087885,0.3538719254235427,0.14000000059604645,1.8659994279344876,nan,nan
fashion_mnist,topk_softmax_0125,3,12,0.3257918953895569,0.87025,0.8692267505769864,0.3493902049958706,0.14000000059604645,1.8564000899593036,nan,nan
fashion_mnist,topk_softmax_0125,3,13,0.3137817978858948,0.8660833333333333,0.8621768412451865,0.3545956462621689,0.14000000059604645,1.8526717722415924,nan,nan
fashion_mnist,topk_softmax_0125,3,14,0.3076525330543518,0.8721666666666666,0.8697653021333668,0.348282165825367,0.14000000059604645,1.8510498280326526,nan,nan
fashion_mnist,topk_softmax_0125,3,15,0.30029845237731934,0.874,0.8725592898593766,0.33955583969751996,0.14000000059604645,1.852223741511504,nan,nan
fashion_mnist,topk_softmax_0125,3,16,0.29584527015686035,0.8739166666666667,0.8737014224293524,0.3390810117125511,0.14000000059604645,1.8511451954642932,nan,nan
fashion_mnist,topk_softmax_0125,3,17,0.2905729115009308,0.8766666666666667,0.8744632403636621,0.331267524510622,0.14000000059604645,1.842693954706192,nan,nan
fashion_mnist,topk_softmax_0125,3,18,0.28409650921821594,0.8750833333333333,0.8754887464320156,0.34060470138986904,0.13999999656031528,1.8423797190189362,nan,nan
fashion_mnist,topk_softmax_0125,3,19,0.2811143696308136,0.8751666666666666,0.8757699960995871,0.3343069689969222,0.13999999656031528,1.8362788259983063,nan,nan
fashion_mnist,topk_softmax_0125,3,20,0.2755776047706604,0.8796666666666667,0.8791906954771246,0.3255680638055007,0.1399999801069498,1.829981195429961,nan,nan
fashion_mnist,topk_softmax_0125,3,21,0.2702888548374176,0.8803333333333333,0.8789613357668721,0.32222551852464676,0.13999998414268097,1.8295636922121048,nan,nan
fashion_mnist,topk_softmax_0125,3,22,0.26651230454444885,0.8824166666666666,0.8818918544278027,0.3239801935851574,0.1399999720354875,1.8289240822196007,nan,nan
fashion_mnist,topk_softmax_0125,3,23,0.2666040360927582,0.87725,0.8763912171965824,0.3422880445917447,0.1399999475106597,1.8279249345262845,nan,nan
fashion_mnist,topk_softmax_0125,3,24,0.2567867934703827,0.8831666666666667,0.8826671751729238,0.317882979909579,0.13999997607121864,1.8239446207880974,nan,nan
fashion_mnist,topk_softmax_0125,3,25,0.2534971833229065,0.8776666666666667,0.8776851190704299,0.32906168202559155,0.13999983730415502,1.8219608863194783,nan,nan
fashion_mnist,topk_softmax_0125,3,26,0.24995166063308716,0.8810833333333333,0.8808486409915328,0.3231731864313285,0.13999986617515484,1.8209183017412822,nan,nan
fashion_mnist,topk_softmax_0125,3,27,0.2440863400697708,0.8835,0.8819048528286052,0.32344019909699756,0.13999991895010075,1.8208248888452847,nan,nan
fashion_mnist,topk_softmax_0125,3,28,0.24558377265930176,0.8830833333333333,0.8823622105148239,0.3275340807934602,0.13999982550740242,1.811869611342748,nan,nan
fashion_mnist,topk_softmax_0125,3,29,0.2412484735250473,0.87875,0.879035267358703,0.3277394746740659,0.13999969512224197,1.8109416986505191,nan,nan
fashion_mnist,topk_softmax_0125,4,0,1.281261682510376,0.7489166666666667,0.7358692357884834,0.6667857840657234,0.14000000059604645,1.937975453833739,nan,nan
fashion_mnist,topk_softmax_0125,4,1,0.6021111607551575,0.8146666666666667,0.813037806492163,0.5147690710922083,0.14000000059604645,1.9288687358299892,nan,nan
fashion_mnist,topk_softmax_0125,4,2,0.5124080181121826,0.8288333333333333,0.8275730511049504,0.4722495737175147,0.14000000059604645,1.9234667395551999,nan,nan
fashion_mnist,topk_softmax_0125,4,3,0.4706943929195404,0.8416666666666667,0.8398640702585425,0.43406438330809277,0.14000000059604645,1.9224308008948963,nan,nan
fashion_mnist,topk_softmax_0125,4,4,0.4387814402580261,0.8493333333333334,0.8485080548167117,0.4166351767877738,0.14000000059604645,1.9128743211428325,nan,nan
fashion_mnist,topk_softmax_0125,4,5,0.4136505126953125,0.8556666666666667,0.8541034596394187,0.3947722253700097,0.14000000059604645,1.907258744041125,nan,nan
fashion_mnist,topk_softmax_0125,4,6,0.39665403962135315,0.8560833333333333,0.8528745029960415,0.39467382927735645,0.14000000059604645,1.8987304319938023,nan,nan
fashion_mnist,topk_softmax_0125,4,7,0.38220450282096863,0.866,0.8652637000507271,0.3760938383638859,0.14000000059604645,1.8948009784022968,nan,nan
fashion_mnist,topk_softmax_0125,4,8,0.37266895174980164,0.8606666666666667,0.8604180614316087,0.3802926304439704,0.14000000059604645,1.884546806414922,nan,nan
fashion_mnist,topk_softmax_0125,4,9,0.3558250963687897,0.8699166666666667,0.870180933291512,0.36582687372962636,0.14000000059604645,1.8813322558999062,nan,nan
fashion_mnist,topk_softmax_0125,4,10,0.3427073657512665,0.863,0.8607802458981986,0.3625837129851182,0.14000000059604645,1.8752576435605686,nan,nan
fashion_mnist,topk_softmax_0125,4,11,0.3333672285079956,0.867,0.865910391775788,0.3695542464653651,0.14000000059604645,1.8713246261080105,nan,nan
fashion_mnist,topk_softmax_0125,4,12,0.3281410038471222,0.873,0.8712438432869737,0.345549280444781,0.14000000059604645,1.866310862203439,nan,nan
fashion_mnist,topk_softmax_0125,4,13,0.31951871514320374,0.87625,0.8741078840690794,0.34322794030110043,0.14000000059604645,1.8642591784397762,nan,nan
fashion_mnist,topk_softmax_0125,4,14,0.3144954741001129,0.873,0.8715774457432215,0.345656082034111,0.14000000059604645,1.8612639978528023,nan,nan
fashion_mnist,topk_softmax_0125,4,15,0.30785149335861206,0.8779166666666667,0.8767008555745729,0.33718662584821385,0.14000000059604645,1.8561047936479251,nan,nan
fashion_mnist,topk_softmax_0125,4,16,0.29874151945114136,0.87975,0.8779055441116255,0.3300572695831458,0.14000000059604645,1.851975793639819,nan,nan
fashion_mnist,topk_softmax_0125,4,17,0.29311519861221313,0.8774166666666666,0.8762965318142963,0.32823050891359645,0.14000000059604645,1.8508076642950375,nan,nan
fashion_mnist,topk_softmax_0125,4,18,0.28510037064552307,0.87925,0.8788255212295674,0.33643650511900586,0.14000000059604645,1.8395013883709908,nan,nan
fashion_mnist,topk_softmax_0125,4,19,0.2807678282260895,0.88125,0.8806377689659719,0.3296037030716737,0.14000000059604645,1.8473673736055691,nan,nan
fashion_mnist,topk_softmax_0125,4,20,0.27942317724227905,0.8803333333333333,0.8811252737106499,0.3322279180089633,0.14000000059604645,1.838559478521347,nan,nan
fashion_mnist,topk_softmax_0125,4,21,0.2700783908367157,0.8811666666666667,0.8802862998872195,0.3261576828857263,0.14000000059604645,1.8357238918542862,nan,nan
fashion_mnist,topk_softmax_0125,4,22,0.26828449964523315,0.8880833333333333,0.8872323193608921,0.3162890287737052,0.14000000059604645,1.8339734648664792,nan,nan
fashion_mnist,topk_softmax_0125,4,23,0.26433783769607544,0.8833333333333333,0.882789347981117,0.3218455898265044,0.14000000059604645,1.8224251543482144,nan,nan
fashion_mnist,topk_softmax_0125,4,24,0.2584112286567688,0.8841666666666667,0.8830294354743083,0.3291273092230161,0.14000000059604645,1.826713206867377,nan,nan
fashion_mnist,topk_softmax_0125,4,25,0.256100594997406,0.8843333333333333,0.8828439097884152,0.31942012906074524,0.14000000059604645,1.8245155314604442,nan,nan
fashion_mnist,topk_softmax_0125,4,26,0.25041064620018005,0.8843333333333333,0.8824763312972943,0.32903629913926125,0.14000000059604645,1.8243000954389572,nan,nan
fashion_mnist,topk_softmax_0125,4,27,0.2456863969564438,0.8845833333333334,0.8837276780473818,0.3227011635899544,0.14000000059604645,1.8205648163954418,nan,nan
fashion_mnist,topk_softmax_0125,5,0,1.2481114864349365,0.7638333333333334,0.7593540076277848,0.6519963170091311,0.14000000059604645,1.9350150674581528,nan,nan
fashion_mnist,topk_softmax_0125,5,1,0.5770952701568604,0.816,0.8131955459874213,0.5017947740852833,0.14000000059604645,1.9063320731123288,nan,nan
fashion_mnist,topk_softmax_0125,5,2,0.4903564751148224,0.8239166666666666,0.8240508854597459,0.4812189464767774,0.14000000059604645,1.8817295730113983,nan,nan
fashion_mnist,topk_softmax_0125,5,3,0.4561846852302551,0.8268333333333333,0.8153377976395921,0.476665614793698,0.14000000059604645,1.8666883061329524,nan,nan
fashion_mnist,topk_softmax_0125,5,4,0.4230738878250122,0.84625,0.8439012785147003,0.41372748961051303,0.14000000059604645,1.8499316597978275,nan,nan
fashion_mnist,topk_softmax_0125,5,5,0.40090325474739075,0.8495,0.8456811806301922,0.40553243706623715,0.14000000059604645,1.848229058086872,nan,nan
fashion_mnist,topk_softmax_0125,5,6,0.3853307068347931,0.8504166666666667,0.8470680693227702,0.3914153104027112,0.14000000059604645,1.8427139793833096,nan,nan
fashion_mnist,topk_softmax_0125,5,7,0.36972370743751526,0.86125,0.8592874502303856,0.3697177395224571,0.14000000059604645,1.8359902948141098,nan,nan
fashion_mnist,topk_softmax_0125,5,8,0.3583017885684967,0.85875,0.8548241189991185,0.3794651987651984,0.14000000059604645,1.8261361594001453,nan,nan
fashion_mnist,topk_softmax_0125,5,9,0.3489137589931488,0.8676666666666667,0.8670524247443833,0.3590826590855916,0.14000000059604645,1.8292359039187431,nan,nan
fashion_mnist,topk_softmax_0125,5,10,0.3341479003429413,0.8665,0.8638859058843021,0.35871753096580505,0.14000000059604645,1.8269981816411018,nan,nan
fashion_mnist,topk_softmax_0125,5,11,0.3299562335014343,0.8649166666666667,0.861404280990581,0.35815104221304256,0.14000000059604645,1.822062112390995,nan,nan
fashion_mnist,topk_softmax_0125,5,12,0.32328903675079346,0.8720833333333333,0.8707142681308733,0.3372451973458131,0.14000000059604645,1.8226445317268372,nan,nan
fashion_mnist,topk_softmax_0125,5,13,0.3146687150001526,0.8711666666666666,0.8709359718789557,0.3437497280538082,0.14000000059604645,1.8249779790639877,nan,nan
fashion_mnist,topk_softmax_0125,5,14,0.30704465508461,0.87175,0.8673630127072898,0.34504203498363495,0.14000000059604645,1.8223218992352486,nan,nan
fashion_mnist,topk_softmax_0125,5,15,0.3023832440376282,0.8758333333333334,0.8733003001229346,0.3383498589197795,0.14000000059604645,1.8236138770977657,nan,nan
fashion_mnist,topk_softmax_0125,5,16,0.2931278944015503,0.8768333333333334,0.8742136225729352,0.33118591954310733,0.14000000059604645,1.8235013733307521,nan,nan
fashion_mnist,topk_softmax_0125,5,17,0.29093363881111145,0.87425,0.8739638854743687,0.3376048654317856,0.14000000059604645,1.8281852876146634,nan,nan
fashion_mnist,topk_softmax_0125,5,18,0.28848570585250854,0.8785833333333334,0.8773502506425542,0.3263597997526328,0.14000000059604645,1.8241946970423062,nan,nan
fashion_mnist,topk_softmax_0125,5,19,0.27986106276512146,0.879,0.876475001346398,0.3324827738106251,0.14000000059604645,1.8223815858364105,nan,nan
fashion_mnist,topk_softmax_0125,5,20,0.27462127804756165,0.8798333333333334,0.8793394002316752,0.3291727875669797,0.14000000059604645,1.8183540577689807,nan,nan
fashion_mnist,topk_softmax_0125,5,21,0.2691078782081604,0.8803333333333333,0.8791012759979354,0.3315443719426791,0.14000000059604645,1.8172219544649124,nan,nan
fashion_mnist,topk_softmax_0125,5,22,0.26717913150787354,0.87875,0.8770076595894715,0.33036885286370915,0.14000000059604645,1.8176972816387813,nan,nan
fashion_mnist,topk_softmax_0125,5,23,0.2631393074989319,0.87875,0.8753461120607762,0.3450418983896573,0.14000000059604645,1.8119329313437145,nan,nan
fashion_mnist,topk_softmax_0125,5,24,0.26468825340270996,0.882,0.8813593347579791,0.32370079432924587,0.14000000059604645,1.810558259487152,nan,nan
fashion_mnist,topk_softmax_0125,5,25,0.2573555111885071,0.87925,0.8774477010150461,0.3292919335265954,0.14000000059604645,1.810947246849537,nan,nan
fashion_mnist,topk_softmax_0125,5,26,0.2533837556838989,0.8820833333333333,0.8791094721601812,0.33194173127412796,0.14000000059604645,1.7983110348383586,nan,nan
fashion_mnist,topk_softmax_0125,5,27,0.24822433292865753,0.8838333333333334,0.8829279668168766,0.3172477347155412,0.14000000059604645,1.8013968244194984,nan,nan
fashion_mnist,topk_softmax_0125,5,28,0.24202512204647064,0.8854166666666666,0.8849500810740819,0.32190198078751564,0.14000000059604645,1.8068705673019092,nan,nan
fashion_mnist,topk_softmax_0125,5,29,0.24022048711776733,0.8790833333333333,0.8791848742792123,0.3458014875650406,0.14000000059604645,1.8062014877796173,nan,nan
fashion_mnist,topk_softmax_0125,6,0,1.316225290298462,0.7446666666666667,0.7358674027587411,0.6801065256198248,0.14000000059604645,1.925032968322436,nan,nan
fashion_mnist,topk_softmax_0125,6,1,0.5768314599990845,0.8185,0.8155490609520945,0.49722982322176296,0.14000000059604645,1.9242538486917813,nan,nan
fashion_mnist,topk_softmax_0125,6,2,0.48078933358192444,0.8390833333333333,0.838354897068718,0.4462591956059138,0.14000000059604645,1.9046139220396678,nan,nan
fashion_mnist,topk_softmax_0125,6,3,0.4348945617675781,0.8471666666666666,0.8471031758123717,0.41662566487987834,0.14000000059604645,1.8946339786052704,nan,nan
fashion_mnist,topk_softmax_0125,6,4,0.40157514810562134,0.85525,0.8531084371032407,0.39573774114251137,0.14000000059604645,1.8890071387092273,nan,nan
fashion_mnist,topk_softmax_0125,6,5,0.38524505496025085,0.85675,0.8540614597633687,0.39817975958188373,0.14000000059604645,1.878793718914191,nan,nan
fashion_mnist,topk_softmax_0125,6,6,0.36308369040489197,0.8660833333333333,0.8663819170284158,0.3697749984761079,0.14000000059604645,1.8743125225106876,nan,nan
fashion_mnist,topk_softmax_0125,6,7,0.3492599129676819,0.8731666666666666,0.872944524899378,0.35102607558170956,0.14000000059604645,1.8739587664604187,nan,nan
fashion_mnist,topk_softmax_0125,6,8,0.33774611353874207,0.8711666666666666,0.8704497530249162,0.35690195113420486,0.14000000059604645,1.8772422075271606,nan,nan
fashion_mnist,topk_softmax_0125,6,9,0.3292215168476105,0.87775,0.8761129829379974,0.34360037619868916,0.14000000059604645,1.8704762036601703,nan,nan
fashion_mnist,topk_softmax_0125,6,10,0.3201158344745636,0.8800833333333333,0.8795128228683223,0.3291364399095376,0.14000000059604645,1.8706566542387009,nan,nan
fashion_mnist,topk_softmax_0125,6,11,0.3153952658176422,0.8789166666666667,0.8774614428179692,0.33258330697814625,0.14000000059604645,1.8706628382205963,nan,nan
fashion_mnist,topk_softmax_0125,6,12,0.30863845348358154,0.87225,0.8724847183912419,0.3582036482791106,0.14000000059604645,1.8622385164101918,nan,nan
fashion_mnist,topk_softmax_0125,6,13,0.3055633008480072,0.8801666666666667,0.8789411578827352,0.33516903469959897,0.14000000059604645,1.8623890404899914,nan,nan
fashion_mnist,topk_softmax_0125,6,14,0.2965030372142792,0.8805833333333334,0.880293296679319,0.33445680265625316,0.14000000059604645,1.8589135532577832,nan,nan
fashion_mnist,topk_softmax_0125,6,15,0.2917044460773468,0.88125,0.8821413423737539,0.3191464766860008,0.14000000059604645,1.8544206817944844,nan,nan
fashion_mnist,topk_softmax_0125,6,16,0.28294771909713745,0.8830833333333333,0.8835210146574294,0.329768272737662,0.14000000059604645,1.8569091707468033,nan,nan
fashion_mnist,topk_softmax_0125,6,17,0.2770584225654602,0.8845833333333334,0.883635446813377,0.3221964252491792,0.14000000059604645,1.849152443309625,nan,nan
fashion_mnist,topk_softmax_0125,6,18,0.2680378556251526,0.8793333333333333,0.8768458634379963,0.33554891496896744,0.14000000059604645,1.848913033803304,nan,nan
fashion_mnist,topk_softmax_0125,6,19,0.26892879605293274,0.8839166666666667,0.8839275464483729,0.3142504661033551,0.14000000059604645,1.845428670446078,nan,nan
fashion_mnist,topk_softmax_0125,6,20,0.2651717960834503,0.881,0.8791161697516475,0.32636688898007077,0.14000000059604645,1.846081907550494,nan,nan
fashion_mnist,topk_softmax_0125,6,21,0.2594805359840393,0.8848333333333334,0.8843593360722084,0.3154766329874595,0.14000000059604645,1.8386877700686455,nan,nan
fashion_mnist,topk_softmax_0125,6,22,0.255130797624588,0.8843333333333333,0.8842642105573232,0.31920203814903897,0.14000000059604645,1.836162765820821,nan,nan
fashion_mnist,topk_softmax_0125,6,23,0.2521381676197052,0.88575,0.8851021778917856,0.3141893421610196,0.14000000059604645,1.829179897904396,nan,nan
fashion_mnist,topk_softmax_0125,6,24,0.24832673370838165,0.8848333333333334,0.8848324464696639,0.31959617386261624,0.14000000059604645,1.830624597767989,nan,nan
fashion_mnist,topk_softmax_0125,6,25,0.24323341250419617,0.88625,0.8850029994574043,0.3226418197154999,0.14000000059604645,1.8241416414578755,nan,nan
fashion_mnist,topk_softmax_0125,6,26,0.23899446427822113,0.885,0.8845626010769744,0.3193538102010886,0.14000000059604645,1.8224071313937504,nan,nan
fashion_mnist,topk_softmax_0125,6,27,0.2366064488887787,0.8885,0.8874887815592777,0.31845062350233394,0.14000000059604645,1.819604183236758,nan,nan
fashion_mnist,topk_softmax_0125,6,28,0.23199477791786194,0.888,0.8888847153710927,0.3174409506221612,0.14000000059604645,1.8202284375826518,nan,nan
fashion_mnist,topk_softmax_0125,6,29,0.2264566719532013,0.8875,0.8868354174434975,0.32571368167797726,0.14000000059604645,1.8196789796153705,nan,nan
fashion_mnist,topk_softmax_0125,7,0,1.3591572046279907,0.7520833333333333,0.749904203905907,0.6981460005044937,0.14000000059604645,1.9394029378890991,nan,nan
fashion_mnist,topk_softmax_0125,7,1,0.5971322059631348,0.8148333333333333,0.8139826426722875,0.499050822108984,0.14000000059604645,1.924348848561446,nan,nan
fashion_mnist,topk_softmax_0125,7,2,0.4862898290157318,0.8298333333333333,0.8263607931178736,0.4635518155992031,0.14000000059604645,1.9123476793368657,nan,nan
fashion_mnist,topk_softmax_0125,7,3,0.45123186707496643,0.8494166666666667,0.8465936126223277,0.4145977000395457,0.14000000059604645,1.895742118358612,nan,nan
fashion_mnist,topk_softmax_0125,7,4,0.415989488363266,0.8515,0.850252563557184,0.39844119797150296,0.14000000059604645,1.8923932512601216,nan,nan
fashion_mnist,topk_softmax_0125,7,5,0.38883066177368164,0.8551666666666666,0.8537589024293373,0.3870336612065633,0.14000000059604645,1.892002212504546,nan,nan
fashion_mnist,topk_softmax_0125,7,6,0.3727789521217346,0.8505,0.8480859441592659,0.40070347984631854,0.14000000059604645,1.8873886441191037,nan,nan
fashion_mnist,topk_softmax_0125,7,7,0.35867053270339966,0.8598333333333333,0.8602540843895315,0.3785376201073329,0.14000000059604645,1.8857173124949138,nan,nan
fashion_mnist,topk_softmax_0125,7,8,0.3443964719772339,0.8685,0.8678308832642048,0.3542874592045943,0.14000000059604645,1.8838243260979652,nan,nan
fashion_mnist,topk_softmax_0125,7,9,0.3364225924015045,0.8651666666666666,0.8642192909865389,0.3762171578903993,0.14000000059604645,1.8783326720197995,nan,nan
fashion_mnist,topk_softmax_0125,7,10,0.3320421278476715,0.87175,0.8700584133591127,0.34732769678036374,0.14000000059604645,1.8721972579757373,nan,nan
fashion_mnist,topk_softmax_0125,7,11,0.32413193583488464,0.8736666666666667,0.8735206067388928,0.34394705668091774,0.14000000059604645,1.8760647202531497,nan,nan
fashion_mnist,topk_softmax_0125,7,12,0.3101706802845001,0.8696666666666667,0.8663141143482,0.35122627144058544,0.14000000059604645,1.8641333108146985,nan,nan
fashion_mnist,topk_softmax_0125,7,13,0.30567076802253723,0.8735833333333334,0.8717552282565958,0.33570638050635654,0.14000000059604645,1.8616953492164612,nan,nan
fashion_mnist,topk_softmax_0125,7,14,0.2978818118572235,0.8799166666666667,0.8788929806298329,0.32859205082058907,0.14000000059604645,1.862678848206997,nan,nan
fashion_mnist,topk_softmax_0125,7,15,0.28890183568000793,0.8741666666666666,0.8733534392341928,0.34367499748865765,0.14000000059604645,1.8549671744306881,nan,nan
fashion_mnist,topk_softmax_0125,7,16,0.28725290298461914,0.8771666666666667,0.8771034774014821,0.33080563073356944,0.14000000059604645,1.855021856725216,nan,nan
fashion_mnist,topk_softmax_0125,7,17,0.27831023931503296,0.8769166666666667,0.8770419272598599,0.32777488107482594,0.14000000059604645,1.8506103282173474,nan,nan
fashion_mnist,topk_softmax_0125,7,18,0.27613624930381775,0.8751666666666666,0.8732274131878055,0.3463318273425102,0.14000000059604645,1.845683532456557,nan,nan
fashion_mnist,topk_softmax_0125,7,19,0.27444368600845337,0.878,0.8770684037817702,0.3299999547501405,0.14000000059604645,1.846524953842163,nan,nan
fashion_mnist,topk_softmax_0125,8,0,1.2834824323654175,0.7296666666666667,0.7220319797241472,0.7165903548399607,0.14000000059604645,1.9379719545443852,nan,nan
fashion_mnist,topk_softmax_0125,8,1,0.6079978942871094,0.8054166666666667,0.8064585326069638,0.5487447964648405,0.14000000059604645,1.9266364102562268,nan,nan
fashion_mnist,topk_softmax_0125,8,2,0.5021857023239136,0.8283333333333334,0.828954851559035,0.4779847078025341,0.14000000059604645,1.9152959361672401,nan,nan
fashion_mnist,topk_softmax_0125,8,3,0.4605862498283386,0.83975,0.8396689661788068,0.4394862453142802,0.14000000059604645,1.896802303691705,nan,nan
fashion_mnist,topk_softmax_0125,8,4,0.42812421917915344,0.8474166666666667,0.8472983999625863,0.4296114258468151,0.14000000059604645,1.887642080585162,nan,nan
fashion_mnist,topk_softmax_0125,8,5,0.4081352949142456,0.8523333333333334,0.8527720592311118,0.4076790226002534,0.14000000059604645,1.8857875565687816,nan,nan
fashion_mnist,topk_softmax_0125,8,6,0.38918164372444153,0.8563333333333333,0.8542087069788667,0.4019149529437224,0.14000000059604645,1.8810010502735774,nan,nan
fashion_mnist,topk_softmax_0125,8,7,0.3730385899543762,0.857,0.8557812967213312,0.3927609200278918,0.14000000059604645,1.8827787414193153,nan,nan
fashion_mnist,topk_softmax_0125,8,8,0.36034730076789856,0.8649166666666667,0.864506846511994,0.3731603262325128,0.14000000059604645,1.8790645028154056,nan,nan
fashion_mnist,topk_softmax_0125,8,9,0.3529757261276245,0.86575,0.8663819553921988,0.369268286973238,0.14000000059604645,1.875818595290184,nan,nan
fashion_mnist,topk_softmax_0125,8,10,0.34018751978874207,0.8668333333333333,0.8680072415626766,0.3602464000384013,0.14000000059604645,1.8722768152753513,nan,nan
fashion_mnist,topk_softmax_0125,8,11,0.3355022668838501,0.8716666666666667,0.8722294307081647,0.3579393116136392,0.14000000059604645,1.8720218365391095,nan,nan
fashion_mnist,topk_softmax_0125,8,12,0.32507428526878357,0.8745833333333334,0.8748710810953971,0.34852334856987,0.14000000059604645,1.87124814838171,nan,nan
fashion_mnist,topk_softmax_0125,8,13,0.32047197222709656,0.8751666666666666,0.8759078499624092,0.3444238752126694,0.14000000059604645,1.8708207408587139,nan,nan
fashion_mnist,topk_softmax_0125,8,14,0.31572425365448,0.8730833333333333,0.8733793834460508,0.3450211410721143,0.14000000059604645,1.866635059316953,nan,nan
fashion_mnist,topk_softmax_0125,8,15,0.30915361642837524,0.8713333333333333,0.8729423806085181,0.346827403952678,0.14000000059604645,1.8697208538651466,nan,nan
fashion_mnist,topk_softmax_0125,8,16,0.30301791429519653,0.879,0.8794622916734953,0.33769395388662815,0.14000000059604645,1.869240979353587,nan,nan
fashion_mnist,topk_softmax_0125,8,17,0.2928193211555481,0.8793333333333333,0.8796872959955374,0.33194580177466076,0.14000000059604645,1.8682484303911526,nan,nan
fashion_mnist,topk_softmax_0125,8,18,0.28991183638572693,0.877,0.877917868671487,0.34056565165519714,0.14000000059604645,1.8665367737412453,nan,nan
fashion_mnist,topk_softmax_0125,8,19,0.2837141752243042,0.8829166666666667,0.883683943006854,0.3275287834306558,0.14000000059604645,1.8632367253303528,nan,nan
fashion_mnist,topk_softmax_0125,8,20,0.2794380486011505,0.8804166666666666,0.8812229922601261,0.33064373955130577,0.14000000059604645,1.8582158014178276,nan,nan
fashion_mnist,topk_softmax_0125,8,21,0.27259156107902527,0.87875,0.8794615476986678,0.33842027994493645,0.14000000059604645,1.855673424899578,nan,nan
fashion_mnist,topk_softmax_0125,8,22,0.27463269233703613,0.8741666666666666,0.8751484495916821,0.3349374011158943,0.14000000059604645,1.855748822291692,nan,nan
fashion_mnist,topk_softmax_0125,8,23,0.26732251048088074,0.8853333333333333,0.8863769379197535,0.3207707504431407,0.14000000059604645,1.8518756330013275,nan,nan
fashion_mnist,topk_softmax_0125,8,24,0.2660014033317566,0.8813333333333333,0.8817236753230848,0.33022191872199375,0.14000000059604645,1.8536510119835536,nan,nan
fashion_mnist,topk_softmax_0125,8,25,0.261063814163208,0.88725,0.8877050901181784,0.3194706290960312,0.14000000059604645,1.8519692222277324,nan,nan
fashion_mnist,topk_softmax_0125,8,26,0.25499090552330017,0.8808333333333334,0.8824885129699005,0.333146611849467,0.14000000059604645,1.8504901627699535,nan,nan
fashion_mnist,topk_softmax_0125,8,27,0.25621145963668823,0.88075,0.882357119372098,0.3305388962229093,0.14000000059604645,1.8471466501553853,nan,nan
fashion_mnist,topk_softmax_0125,8,28,0.25006455183029175,0.8840833333333333,0.8856389860195414,0.32210693632562953,0.14000000059604645,1.846787268916766,nan,nan
fashion_mnist,topk_softmax_0125,8,29,0.24536044895648956,0.8865,0.8875969405604807,0.32033411661783856,0.14000000059604645,1.8462001085281372,nan,nan
fashion_mnist,topk_softmax_0125,9,0,1.2359814643859863,0.7479166666666667,0.7458180900262181,0.6775028730432192,0.14000000059604645,1.9348425020774205,nan,nan
fashion_mnist,topk_softmax_0125,9,1,0.5922559499740601,0.8161666666666667,0.8168928241263466,0.5063721351325512,0.14000000059604645,1.9250284383694332,nan,nan
fashion_mnist,topk_softmax_0125,9,2,0.49634039402008057,0.8373333333333334,0.8359096006945492,0.44333580508828163,0.14000000059604645,1.9210657253861427,nan,nan
fashion_mnist,topk_softmax_0125,9,3,0.4562615156173706,0.8409166666666666,0.8405430611173527,0.4350366269548734,0.14000000059604645,1.9189169506231945,nan,nan
fashion_mnist,topk_softmax_0125,9,4,0.42586734890937805,0.85125,0.8521793463332985,0.4071055551369985,0.14000000059604645,1.9154352073868115,nan,nan
fashion_mnist,topk_softmax_0125,9,5,0.40708690881729126,0.8601666666666666,0.8589538644862962,0.38169504329562187,0.14000000059604645,1.9119751801093419,nan,nan
fashion_mnist,topk_softmax_0125,9,6,0.39010143280029297,0.8595,0.8589934370298483,0.37867533788084984,0.14000000059604645,1.9075873444477718,nan,nan
fashion_mnist,topk_softmax_0125,9,7,0.3727959096431732,0.863,0.8627010996641715,0.37028147901097935,0.14000000059604645,1.9027133683363597,nan,nan
fashion_mnist,topk_softmax_0125,9,8,0.3625255227088928,0.8629166666666667,0.8596495435675381,0.3762727789580822,0.14000000059604645,1.9006901507576306,nan,nan
fashion_mnist,topk_softmax_0125,9,9,0.35383954644203186,0.869,0.867421672229964,0.35068560515840846,0.14000000059604645,1.8974738319714863,nan,nan
fashion_mnist,topk_softmax_0125,9,10,0.3445829749107361,0.8704166666666666,0.8705730703020997,0.34938492625951767,0.14000000059604645,1.8953131238619487,nan,nan
fashion_mnist,topk_softmax_0125,9,11,0.33449703454971313,0.8709166666666667,0.87105414575982,0.35390570759773254,0.14000000059604645,1.8927012458443642,nan,nan
fashion_mnist,topk_softmax_0125,9,12,0.32586193084716797,0.87125,0.8704846532508572,0.34922872111201286,0.14000000059604645,1.8898938596248627,nan,nan
fashion_mnist,topk_softmax_0125,9,13,0.31876686215400696,0.8778333333333334,0.8769520417681592,0.33291105180978775,0.14000000059604645,1.8879800314704578,nan,nan
fashion_mnist,topk_softmax_0125,9,14,0.31803831458091736,0.876,0.8764758585423067,0.34135760615269345,0.14000000059604645,1.8839814936121304,nan,nan
fashion_mnist,topk_softmax_0125,9,15,0.31099840998649597,0.8785833333333334,0.8777536152818518,0.3331487389902274,0.14000000059604645,1.8797212466597557,nan,nan
fashion_mnist,topk_softmax_0125,9,16,0.2995161712169647,0.8818333333333334,0.8811668661215254,0.32785364364584285,0.14000000059604645,1.8759792124231656,nan,nan
fashion_mnist,topk_softmax_0125,9,17,0.2978927493095398,0.87575,0.8758031877519679,0.33799441158771515,0.14000000059604645,1.8736327265699704,nan,nan
fashion_mnist,topk_softmax_0125,9,18,0.2910460829734802,0.8789166666666667,0.8793923772966385,0.3403063441316287,0.14000000059604645,1.8749065051476161,nan,nan
fashion_mnist,topk_softmax_0125,9,19,0.28646010160446167,0.8869166666666667,0.8859680776532656,0.3170345065494378,0.14000000059604645,1.872023882965247,nan,nan
fashion_mnist,topk_softmax_0125,9,20,0.2787010371685028,0.8805833333333334,0.881014859082106,0.32728560144702595,0.14000000059604645,1.871180109679699,nan,nan
fashion_mnist,topk_softmax_0125,9,21,0.27445900440216064,0.8819166666666667,0.8819845594447179,0.3241340530415376,0.14000000059604645,1.869561493396759,nan,nan
fashion_mnist,topk_softmax_0125,9,22,0.26821479201316833,0.8873333333333333,0.8877979592972187,0.31940165472527343,0.14000000059604645,1.8672896027565002,nan,nan
fashion_mnist,topk_softmax_0125,9,23,0.26669013500213623,0.88375,0.8844289247144917,0.31737783178687096,0.14000000059604645,1.8687238618731499,nan,nan
fashion_mnist,topk_softmax_0125,9,24,0.26697617769241333,0.8816666666666667,0.8803492860301614,0.32139301983018714,0.14000000059604645,1.8612850084900856,nan,nan
fashion_mnist,topk_softmax_0125,9,25,0.26197078824043274,0.8880833333333333,0.8869049810195351,0.31344267912209034,0.14000000059604645,1.8583053449789684,nan,nan
fashion_mnist,topk_softmax_0125,9,26,0.25549235939979553,0.8871666666666667,0.8862657955902815,0.31106919546922046,0.14000000059604645,1.8588292946418126,nan,nan
fashion_mnist,topk_softmax_0125,9,27,0.25023138523101807,0.8878333333333334,0.8876653578554305,0.3122951140006383,0.14000000059604645,1.8570243666569393,nan,nan
fashion_mnist,topk_softmax_0125,9,28,0.24651871621608734,0.8850833333333333,0.8837679220262948,0.3211122378706932,0.14000000059604645,1.8588796680172284,nan,nan
fashion_mnist,topk_softmax_0125,9,29,0.244264155626297,0.885,0.8854566009726869,0.3134741199513276,0.14000000059604645,1.8610134571790695,nan,nan
fashion_mnist,topk_softmax_025,0,0,1.2988660335540771,0.71575,0.7002189514358057,0.7405994633833567,0.25999999046325684,2.551774248480797,nan,nan
fashion_mnist,topk_softmax_025,0,1,0.6387115716934204,0.8041666666666667,0.8064798504575326,0.5385588780045509,0.25999999046325684,2.5386301477750144,nan,nan
fashion_mnist,topk_softmax_025,0,2,0.5201166868209839,0.81775,0.8128172419595027,0.499160581578811,0.25999999046325684,2.530938376983007,nan,nan
fashion_mnist,topk_softmax_025,0,3,0.46380552649497986,0.8401666666666666,0.8361445674276451,0.42781611035267514,0.25999999046325684,2.5293200314044952,nan,nan
fashion_mnist,topk_softmax_025,0,4,0.43148377537727356,0.8500833333333333,0.8478902882757848,0.40842490270733833,0.25999999046325684,2.5246955305337906,nan,nan
fashion_mnist,topk_softmax_025,0,5,0.4060143232345581,0.858,0.8575136613517162,0.38592980553706485,0.25999999046325684,2.5177235503991446,nan,nan
fashion_mnist,topk_softmax_025,0,6,0.3896414339542389,0.862,0.8608750079443082,0.3755105162660281,0.25999999046325684,2.50711157421271,nan,nan
fashion_mnist,topk_softmax_025,0,7,0.3758000135421753,0.8691666666666666,0.8679377868227778,0.3555392734706402,0.25999999046325684,2.502212484677633,nan,nan
fashion_mnist,topk_softmax_025,0,8,0.36233410239219666,0.8620833333333333,0.8562130498052282,0.36888348683714867,0.25999999046325684,2.4961413890123367,nan,nan
fashion_mnist,topk_softmax_025,0,9,0.3528671860694885,0.8736666666666667,0.8710135253175293,0.34220341841379803,0.25999996190269786,2.4919194976488748,nan,nan
fashion_mnist,topk_softmax_025,0,10,0.33744877576828003,0.87625,0.8741815455736857,0.3368262027700742,0.2599999252706766,2.489783932765325,nan,nan
fashion_mnist,topk_softmax_025,0,11,0.3348178267478943,0.8686666666666667,0.8662379419574737,0.349014550447464,0.2599999171992143,2.488854005932808,nan,nan
fashion_mnist,topk_softmax_025,0,12,0.3277472257614136,0.87825,0.8774739715464743,0.3311517449716727,0.25999988863865536,2.4838449954986572,nan,nan
fashion_mnist,topk_softmax_025,0,13,0.31835734844207764,0.8794166666666666,0.8785958615397111,0.32968877504269284,0.25999989298482734,2.4810016403595605,nan,nan
fashion_mnist,topk_softmax_025,0,14,0.3139965236186981,0.8770833333333333,0.8762580216509299,0.326270700742801,0.25999988491336506,2.4802710761626563,nan,nan
fashion_mnist,topk_softmax_025,0,15,0.30853164196014404,0.879,0.875632776541245,0.32789729287226993,0.25999988118807477,2.4772186875343323,nan,nan
fashion_mnist,topk_softmax_025,0,16,0.3027878701686859,0.8825833333333334,0.8805886849162847,0.31252958873907727,0.25999989298482734,2.477842683593432,nan,nan
fashion_mnist,topk_softmax_025,0,17,0.29620659351348877,0.8816666666666667,0.8819768259765013,0.3154083813230197,0.2599998489022255,2.476227114597956,nan,nan
fashion_mnist,topk_softmax_025,0,18,0.29376521706581116,0.88375,0.8815609677719454,0.31085682784517604,0.2599997924019893,2.4682720402876535,nan,nan
fashion_mnist,topk_softmax_025,0,19,0.28729483485221863,0.8831666666666667,0.880942064608984,0.31315870210528374,0.25999982096254826,2.468681881825129,nan,nan
fashion_mnist,topk_softmax_025,0,20,0.2817792594432831,0.8790833333333333,0.8801165628662462,0.32545315350095433,0.25999976384143036,2.467795898516973,nan,nan
fashion_mnist,topk_softmax_025,0,21,0.2781873643398285,0.8838333333333334,0.882441563902597,0.3102670709292094,0.2599996862312158,2.4632827192544937,nan,nan
fashion_mnist,topk_softmax_025,0,22,0.2763849198818207,0.8831666666666667,0.8798682360845259,0.3183089668552081,0.2599996452530225,2.45455194513003,nan,nan
fashion_mnist,topk_softmax_025,0,23,0.27034956216812134,0.8866666666666667,0.8865247781386861,0.30590453495581943,0.2599997508029143,2.454547166824341,nan,nan
fashion_mnist,topk_softmax_025,0,24,0.26557740569114685,0.8845,0.8833124906786207,0.3052082372208436,0.259999734039108,2.452200159430504,nan,nan
fashion_mnist,topk_softmax_025,0,25,0.2615561783313751,0.8803333333333333,0.8796092406865492,0.3235039748251438,0.2599997265885274,2.450380434592565,nan,nan
fashion_mnist,topk_softmax_025,0,26,0.26036855578422546,0.8834166666666666,0.8836400628695266,0.3161258188386758,0.2599994981040557,2.444910784562429,nan,nan
fashion_mnist,topk_softmax_025,0,27,0.25603431463241577,0.8870833333333333,0.8851754334946067,0.3092012715836366,0.25999955212076503,2.4447444677352905,nan,nan
fashion_mnist,topk_softmax_025,0,28,0.2480238527059555,0.8871666666666667,0.8856709162585682,0.32148176928361255,0.2599995266646147,2.4338398377100625,nan,nan
fashion_mnist,topk_softmax_025,0,29,0.2504693567752838,0.8911666666666667,0.8899786488787796,0.3018528049190839,0.25999956391751766,2.4367808053890863,nan,nan
fashion_mnist,topk_softmax_025,1,0,1.347029209136963,0.7465,0.7327539381944727,0.6807376220822334,0.25999999046325684,2.533533290028572,nan,nan
fashion_mnist,topk_softmax_025,1,1,0.6236026287078857,0.8103333333333333,0.8054710566382924,0.5234615306059519,0.25999999046325684,2.531370535492897,nan,nan
fashion_mnist,topk_softmax_025,1,2,0.5274753570556641,0.82225,0.8164396609240174,0.4799114080766837,0.25999999046325684,2.52738057076931,nan,nan
fashion_mnist,topk_softmax_025,1,3,0.48692649602890015,0.8333333333333334,0.8306865313636645,0.4546637361248334,0.25999999046325684,2.5222577303647995,nan,nan
fashion_mnist,topk_softmax_025,1,4,0.4560294449329376,0.8420833333333333,0.8390604584411783,0.42944178481896716,0.25999999046325684,2.5114744901657104,nan,nan
fashion_mnist,topk_softmax_025,1,5,0.4340323805809021,0.8354166666666667,0.8329500951832897,0.44576258460680646,0.25999999046325684,2.4995527217785516,nan,nan
fashion_mnist,topk_softmax_025,1,6,0.4151645004749298,0.8480833333333333,0.845834791851711,0.40430833275119465,0.25999999046325684,2.496917724609375,nan,nan
fashion_mnist,topk_softmax_025,1,7,0.3956063389778137,0.8549166666666667,0.8533701756987295,0.3897574357688427,0.25999999046325684,2.4963476012150445,nan,nan
fashion_mnist,topk_softmax_025,1,8,0.3839474022388458,0.8535,0.8521332221171439,0.38861458127697307,0.25999999046325684,2.4843644003073373,nan,nan
fashion_mnist,topk_softmax_025,1,9,0.3777301609516144,0.8554166666666667,0.848737624440416,0.38478541746735573,0.25999999046325684,2.47426375746727,nan,nan
fashion_mnist,topk_softmax_025,1,10,0.36228281259536743,0.8585833333333334,0.8579400410887809,0.3750476377705733,0.25999999046325684,2.4659428844849267,nan,nan
fashion_mnist,topk_softmax_025,1,11,0.3530907928943634,0.8669166666666667,0.8659274203111756,0.35603495314717293,0.25999999046325684,2.4613997588555017,nan,nan
fashion_mnist,topk_softmax_025,1,12,0.3457111418247223,0.865,0.8628476625305679,0.36723652357856434,0.25999999046325684,2.4554438292980194,nan,nan
fashion_mnist,topk_softmax_025,1,13,0.3353119492530823,0.8705,0.8697378618572038,0.35242510711153346,0.25999999046325684,2.446464175979296,nan,nan
fashion_mnist,topk_softmax_025,1,14,0.3276137709617615,0.8711666666666666,0.8698017015430441,0.34228381762901944,0.25999999046325684,2.451498106122017,nan,nan
fashion_mnist,topk_softmax_025,1,15,0.3211439251899719,0.8741666666666666,0.871977426942593,0.3428003328541915,0.25999999046325684,2.4414793898661933,nan,nan
fashion_mnist,topk_softmax_025,1,16,0.31813085079193115,0.873,0.8730020896391562,0.34200499455134076,0.25999999046325684,2.4378791401783624,nan,nan
fashion_mnist,topk_softmax_025,1,17,0.3080805540084839,0.8759166666666667,0.8747180256353998,0.3326900278528531,0.2599999823917945,2.428859700759252,nan,nan
fashion_mnist,topk_softmax_025,1,18,0.30294305086135864,0.8731666666666666,0.871604703192397,0.33781564980745316,0.25999996686975163,2.4296874155600867,nan,nan
fashion_mnist,topk_softmax_025,1,19,0.3003475069999695,0.8681666666666666,0.8675507922290058,0.34628139312068623,0.25999995817740756,2.4241039951642356,nan,nan
fashion_mnist,topk_softmax_025,1,20,0.2897598445415497,0.8794166666666666,0.8787525473853466,0.3279174466927846,0.259999946380655,2.4191602170467377,nan,nan
fashion_mnist,topk_softmax_025,1,21,0.287158340215683,0.877,0.8732686546499103,0.33354488636056584,0.25999993830919266,2.4252799898386,nan,nan
fashion_mnist,topk_softmax_025,1,22,0.28390631079673767,0.8778333333333334,0.8770266476301926,0.32730868210395175,0.25999988925953704,2.420299674073855,nan,nan
fashion_mnist,topk_softmax_025,1,23,0.2802412211894989,0.8844166666666666,0.8838311292836908,0.32053594042857486,0.25999984579781693,2.410962531963984,nan,nan
fashion_mnist,topk_softmax_025,1,24,0.2723592221736908,0.8805,0.8792829009358079,0.3234444285432498,0.2599998650451501,2.40920390188694,nan,nan
fashion_mnist,topk_softmax_025,1,25,0.2689630687236786,0.8849166666666667,0.8836452032263427,0.31799844776590663,0.2599998041987419,2.408061921596527,nan,nan
fashion_mnist,topk_softmax_025,1,26,0.26570674777030945,0.8855,0.8847482321222966,0.3168720317383607,0.25999975576996803,2.4071504970391593,nan,nan
fashion_mnist,topk_softmax_025,1,27,0.2577260434627533,0.8835833333333334,0.8829522776863937,0.32304082065820694,0.2599996707091729,2.406986246506373,nan,nan
fashion_mnist,topk_softmax_025,1,28,0.25535234808921814,0.886,0.885192380868447,0.3151315649350484,0.2599995471537113,2.4035288393497467,nan,nan
fashion_mnist,topk_softmax_025,1,29,0.257868230342865,0.8834166666666666,0.8827427874395006,0.3240849549571673,0.2599994620929162,2.402193566163381,nan,nan
fashion_mnist,topk_softmax_025,2,0,1.3210369348526,0.7193333333333334,0.7126611564261693,0.7453768973549207,0.25999999046325684,2.5429488668839135,nan,nan
fashion_mnist,topk_softmax_025,2,1,0.6121817827224731,0.8076666666666666,0.8056981388588854,0.5335876693328222,0.25999999046325684,2.5346693893273673,nan,nan
fashion_mnist,topk_softmax_025,2,2,0.5093615055084229,0.8366666666666667,0.8352480742688446,0.45637745782732964,0.25999999046325684,2.5222863852977753,nan,nan
fashion_mnist,topk_softmax_025,2,3,0.45819374918937683,0.8394166666666667,0.8378094619361388,0.43329746276140213,0.25999999046325684,2.5202478071053824,nan,nan
fashion_mnist,topk_softmax_025,2,4,0.43370476365089417,0.8390833333333333,0.8341623788381174,0.4399830376108487,0.25999999046325684,2.5083648463090262,nan,nan
fashion_mnist,topk_softmax_025,2,5,0.41435033082962036,0.8556666666666667,0.8545592593282105,0.4002247229218483,0.25999999046325684,2.499744266271591,nan,nan
fashion_mnist,topk_softmax_025,2,6,0.39495259523391724,0.86025,0.8587029126156441,0.38883010173837346,0.25999999046325684,2.48884650071462,nan,nan
fashion_mnist,topk_softmax_025,2,7,0.37974733114242554,0.86,0.8602295384259205,0.38057312990228337,0.25999999046325684,2.4858148048321405,nan,nan
fashion_mnist,topk_softmax_025,2,8,0.36955350637435913,0.8663333333333333,0.8653573759055163,0.3644555484255155,0.25999999046325684,2.4772394796212516,nan,nan
fashion_mnist,topk_softmax_025,2,9,0.3617061674594879,0.8706666666666667,0.8713159091609046,0.35666834687193233,0.25999999046325684,2.4678331315517426,nan,nan
fashion_mnist,topk_softmax_025,2,10,0.3498571217060089,0.8725,0.8718229990523104,0.34491902341445285,0.25999999046325684,2.4541921069224677,nan,nan
fashion_mnist,topk_softmax_025,2,11,0.34020131826400757,0.8734166666666666,0.8727634023794686,0.34814100215832394,0.25999999046325684,2.4481087724367776,nan,nan
fashion_mnist,topk_softmax_025,2,12,0.32976600527763367,0.8695,0.8677116258146411,0.35320263852675754,0.25999999046325684,2.449818566441536,nan,nan
fashion_mnist,topk_softmax_025,2,13,0.32592952251434326,0.8710833333333333,0.8694687567463262,0.34780484562118846,0.25999999046325684,2.4376612106959024,nan,nan
fashion_mnist,topk_softmax_025,2,14,0.3159569799900055,0.8755,0.8743999909284319,0.3323674437900384,0.25999999046325684,2.4376075118780136,nan,nan
fashion_mnist,topk_softmax_025,2,15,0.3112502694129944,0.8765,0.8744420521761631,0.33514387533068657,0.25999999046325684,2.43156989912192,nan,nan
fashion_mnist,topk_softmax_025,2,16,0.3034821152687073,0.8784166666666666,0.8781934160830442,0.32645759731531143,0.25999999046325684,2.4356893996397653,nan,nan
fashion_mnist,topk_softmax_025,2,17,0.30476969480514526,0.8814166666666666,0.8815781088602991,0.3274783616264661,0.25999999046325684,2.4207789103190103,nan,nan
fashion_mnist,topk_softmax_025,2,18,0.2930741608142853,0.88275,0.8837950069618552,0.32104353606700897,0.25999999046325684,2.4207021296024323,nan,nan
fashion_mnist,topk_softmax_025,2,19,0.2881179749965668,0.8854166666666666,0.8853468328281545,0.31414610395828885,0.25999999046325684,2.424831052621206,nan,nan
fashion_mnist,topk_softmax_025,2,20,0.28129568696022034,0.8814166666666666,0.8816593575800751,0.3273254781961441,0.25999999046325684,2.413009822368622,nan,nan
fashion_mnist,topk_softmax_025,2,21,0.2834942042827606,0.8865,0.8857198856009312,0.3096040425201257,0.25999999046325684,2.406060586373011,nan,nan
fashion_mnist,topk_softmax_025,2,22,0.2746959924697876,0.8883333333333333,0.8875972623198141,0.31517121692498523,0.25999999046325684,2.403384412328402,nan,nan
fashion_mnist,topk_softmax_025,2,23,0.2707076072692871,0.8856666666666667,0.8848230937224908,0.3145033059020837,0.25999999046325684,2.402140587568283,nan,nan
fashion_mnist,topk_softmax_025,2,24,0.2696898281574249,0.8834166666666666,0.8832322010669469,0.3184868395328522,0.25999999046325684,2.40059657394886,nan,nan
fashion_mnist,topk_softmax_025,2,25,0.2629207372665405,0.8881666666666667,0.8882470154932026,0.3114834676186244,0.25999999046325684,2.399337872862816,nan,nan
fashion_mnist,topk_softmax_025,2,26,0.2602505683898926,0.886,0.8861666804464967,0.3060190590719382,0.25999999046325684,2.385718489686648,nan,nan
fashion_mnist,topk_softmax_025,2,27,0.25710538029670715,0.88775,0.8868243340755535,0.3082335311919451,0.25999999046325684,2.3853136052687964,nan,nan
fashion_mnist,topk_softmax_025,3,0,1.2907699346542358,0.7430833333333333,0.732339108404187,0.7043135166168213,0.25999999046325684,2.5429997543493905,nan,nan
fashion_mnist,topk_softmax_025,3,1,0.6047486662864685,0.8075,0.8069338663087897,0.5415344710151354,0.25999999046325684,2.5331617643435798,nan,nan
fashion_mnist,topk_softmax_025,3,2,0.5036954879760742,0.8245833333333333,0.8240052775429947,0.4783618909617265,0.25999999046325684,2.526166925827662,nan,nan
fashion_mnist,topk_softmax_025,3,3,0.46090981364250183,0.8364166666666667,0.8360082006195068,0.4480471995969613,0.25999999046325684,2.5112794240315757,nan,nan
fashion_mnist,topk_softmax_025,3,4,0.43249598145484924,0.8430833333333333,0.8422670278993817,0.4252418130636215,0.25999999046325684,2.5047956655422845,nan,nan
fashion_mnist,topk_softmax_025,3,5,0.4104379117488861,0.8430833333333333,0.8419868957349603,0.4331258659561475,0.25999999046325684,2.5010843873023987,nan,nan
fashion_mnist,topk_softmax_025,3,6,0.39539220929145813,0.85475,0.8543613841824692,0.39888500918944675,0.25999999046325684,2.5057068367799125,nan,nan
fashion_mnist,topk_softmax_025,3,7,0.3760347068309784,0.8485,0.8462235175020123,0.4056006980439027,0.25999999046325684,2.494180137912432,nan,nan
fashion_mnist,topk_softmax_025,3,8,0.3677305281162262,0.8601666666666666,0.8596636040365496,0.38103728741407394,0.25999999046325684,2.4969485302766166,nan,nan
fashion_mnist,topk_softmax_025,3,9,0.35422924160957336,0.86325,0.8620718725933255,0.37234575177232426,0.25999999046325684,2.4935207118590674,nan,nan
fashion_mnist,topk_softmax_025,3,10,0.3546404540538788,0.8615833333333334,0.8584395670496775,0.37176984300216037,0.25999999046325684,2.4871300409237542,nan,nan
fashion_mnist,topk_softmax_025,3,11,0.3408302366733551,0.8659166666666667,0.863088524527847,0.3654562185208003,0.25999999046325684,2.4802375187476478,nan,nan
fashion_mnist,topk_softmax_025,3,12,0.33413949608802795,0.8679166666666667,0.8659864056092982,0.3555103975037734,0.25999999046325684,2.4774895707766214,nan,nan
fashion_mnist,topk_softmax_025,3,13,0.32196399569511414,0.86875,0.8648926086944829,0.3590831682085991,0.25999999046325684,2.472812389334043,nan,nan
fashion_mnist,topk_softmax_025,3,14,0.3186914324760437,0.8714166666666666,0.8695685200628672,0.34735384459296864,0.25999999046325684,2.4673310766617456,nan,nan
fashion_mnist,topk_softmax_025,3,15,0.30839410424232483,0.8724166666666666,0.8724232917106246,0.34334899485111237,0.25999999046325684,2.4656216551860175,nan,nan
fashion_mnist,topk_softmax_025,3,16,0.3047953248023987,0.875,0.8741547439994155,0.33960873261094093,0.25999999046325684,2.463193337122599,nan,nan
fashion_mnist,topk_softmax_025,3,17,0.29585564136505127,0.8745833333333334,0.8719061948367883,0.34889781723419827,0.25999999046325684,2.4601507584253945,nan,nan
fashion_mnist,topk_softmax_025,3,18,0.2935715615749359,0.87525,0.874541110074236,0.33530863001942635,0.25999999046325684,2.4535603572924933,nan,nan
fashion_mnist,topk_softmax_025,3,19,0.28330063819885254,0.86675,0.8672429730937947,0.3595438761015733,0.25999999046325684,2.462826818227768,nan,nan
fashion_mnist,topk_softmax_025,3,20,0.28048262000083923,0.8765,0.8753965150265532,0.3309061912198861,0.25999999046325684,2.455539589126905,nan,nan
fashion_mnist,topk_softmax_025,3,21,0.27390819787979126,0.8795833333333334,0.8787916717753885,0.32676029081145924,0.25999999046325684,2.4519094973802567,nan,nan
fashion_mnist,topk_softmax_025,3,22,0.2724178433418274,0.88,0.879717094839015,0.33213310316205025,0.25999999046325684,2.450267175833384,nan,nan
fashion_mnist,topk_softmax_025,3,23,0.26777184009552,0.8799166666666667,0.8786570607559083,0.3279516411324342,0.25999999046325684,2.4464126924673715,nan,nan
fashion_mnist,topk_softmax_025,3,24,0.25972941517829895,0.882,0.8808635492277416,0.33412886038422585,0.25999999046325684,2.447455277045568,nan,nan
fashion_mnist,topk_softmax_025,3,25,0.25808632373809814,0.8815833333333334,0.8811731041580598,0.32983187834421795,0.25999999046325684,2.4421705355246863,nan,nan
fashion_mnist,topk_softmax_025,3,26,0.2532384693622589,0.8801666666666667,0.8801651166563371,0.33235703222453594,0.25999999046325684,2.4350993434588113,nan,nan
fashion_mnist,topk_softmax_025,3,27,0.25093504786491394,0.8796666666666667,0.8790115683220703,0.32982134943207103,0.25999999046325684,2.439015810688337,nan,nan
fashion_mnist,topk_softmax_025,3,28,0.24768494069576263,0.88125,0.87936848290188,0.32383131856719655,0.25999999046325684,2.4343425830205283,nan,nan
fashion_mnist,topk_softmax_025,3,29,0.24376365542411804,0.8829166666666667,0.8827027387827415,0.32251816739638645,0.25999999046325684,2.4264160990715027,nan,nan
fashion_mnist,topk_softmax_025,4,0,1.3399795293807983,0.74025,0.7305420409580468,0.685752215484778,0.25999999046325684,2.551133175690969,nan,nan
fashion_mnist,topk_softmax_025,4,1,0.6070778965950012,0.823,0.8202037886746767,0.49591250096758205,0.25999999046325684,2.5408104012409845,nan,nan
fashion_mnist,topk_softmax_025,4,2,0.5117974877357483,0.83225,0.8302720283213944,0.46484117582440376,0.25999999046325684,2.5266718367735543,nan,nan
fashion_mnist,topk_softmax_025,4,3,0.47177553176879883,0.845,0.8441526837551686,0.4284661387403806,0.25999999046325684,2.517697731653849,nan,nan
fashion_mnist,topk_softmax_025,4,4,0.44122740626335144,0.8456666666666667,0.8440176011603345,0.4211680591106415,0.25999999046325684,2.513479550679525,nan,nan
fashion_mnist,topk_softmax_025,4,5,0.4164327383041382,0.8565833333333334,0.8535007542714744,0.39413898314038914,0.25999999046325684,2.5052363127470016,nan,nan
fashion_mnist,topk_softmax_025,4,6,0.4059585630893707,0.8556666666666667,0.8537630241528046,0.39131972069541615,0.25999999046325684,2.497789606451988,nan,nan
fashion_mnist,topk_softmax_025,4,7,0.3832692801952362,0.8568333333333333,0.8545049829174248,0.39012043302257854,0.25999999046325684,2.4912352760632834,nan,nan
fashion_mnist,topk_softmax_025,4,8,0.37393829226493835,0.8685833333333334,0.8682599482524317,0.36177076275149983,0.25999999046325684,2.49626695116361,nan,nan
fashion_mnist,topk_softmax_025,4,9,0.3620869517326355,0.8619166666666667,0.86189966771152,0.3849472217261791,0.25999999046325684,2.492903838555018,nan,nan
fashion_mnist,topk_softmax_025,4,10,0.34954795241355896,0.8695833333333334,0.8685702468139386,0.3557800141473611,0.25999999046325684,2.483385513226191,nan,nan
fashion_mnist,topk_softmax_025,4,11,0.33774909377098083,0.8735,0.8723886379761918,0.3503347920874755,0.25999999046325684,2.473385160168012,nan,nan
fashion_mnist,topk_softmax_025,4,12,0.33221113681793213,0.871,0.8686354234272091,0.34159180149435997,0.25999999046325684,2.4632279127836227,nan,nan
fashion_mnist,topk_softmax_025,4,13,0.3250013291835785,0.8734166666666666,0.8711510025589566,0.340887817243735,0.25999999046325684,2.459654077887535,nan,nan
fashion_mnist,topk_softmax_025,4,14,0.3207464814186096,0.877,0.8750660953352322,0.3369820937514305,0.25999999046325684,2.4510521988073983,nan,nan
fashion_mnist,topk_softmax_025,4,15,0.31111976504325867,0.8781666666666667,0.8769587528969337,0.32997534424066544,0.25999999046325684,2.4502296994129815,nan,nan
fashion_mnist,topk_softmax_025,4,16,0.30830875039100647,0.8774166666666666,0.8765214639427177,0.33282853042085964,0.25999999046325684,2.438021942973137,nan,nan
fashion_mnist,topk_softmax_025,4,17,0.30286675691604614,0.8798333333333334,0.8789139737949881,0.3232948035001755,0.2599999823917945,2.4346547375122705,nan,nan
fashion_mnist,topk_softmax_025,4,18,0.29360082745552063,0.8806666666666667,0.8787360610643228,0.32581346357862156,0.25999999046325684,2.431836783885956,nan,nan
fashion_mnist,topk_softmax_025,4,19,0.29350465536117554,0.8759166666666667,0.8734167094736842,0.32577448586622876,0.25999997432033223,2.4252905746301017,nan,nan
fashion_mnist,topk_softmax_025,4,20,0.28512999415397644,0.88075,0.8809534479166912,0.3333960014084975,0.2599999780456225,2.421232427159945,nan,nan
fashion_mnist,topk_softmax_025,4,21,0.28244009613990784,0.8825833333333334,0.8812428852768479,0.32077396164337796,0.2599999501059453,2.424552554885546,nan,nan
fashion_mnist,topk_softmax_025,4,22,0.2771002948284149,0.8855833333333333,0.8847543972355633,0.31153727509081364,0.25999987311661243,2.4180012543996177,nan,nan
fashion_mnist,topk_softmax_025,4,23,0.2719700038433075,0.8818333333333334,0.880989925921012,0.32134270419677097,0.2599993981420994,2.4133358548084893,nan,nan
fashion_mnist,topk_softmax_025,4,24,0.27197715640068054,0.8803333333333333,0.8793097856159283,0.3265611690779527,0.2599995117634535,2.4085416297117868,nan,nan
fashion_mnist,topk_softmax_025,4,25,0.2656763195991516,0.8850833333333333,0.8845006561592234,0.3153178070982297,0.259997953971227,2.408429577946663,nan,nan
fashion_mnist,topk_softmax_025,4,26,0.26388123631477356,0.884,0.8836022568519054,0.32559626549482346,0.2599978471795718,2.406343698501587,nan,nan
fashion_mnist,topk_softmax_025,4,27,0.25862523913383484,0.88425,0.8834263995402848,0.3166629585127036,0.2599975063155095,2.4031415432691574,nan,nan
fashion_mnist,topk_softmax_025,5,0,1.3071924448013306,0.7331666666666666,0.7251732781825391,0.7221963927149773,0.25999999046325684,2.538310984770457,nan,nan
fashion_mnist,topk_softmax_025,5,1,0.6188912987709045,0.8083333333333333,0.8021186225597182,0.5254073478281498,0.25999999046325684,2.520023077726364,nan,nan
fashion_mnist,topk_softmax_025,5,2,0.5047388672828674,0.8260833333333333,0.827189406608429,0.49133557577927905,0.25999999046325684,2.5118458370367684,nan,nan
fashion_mnist,topk_softmax_025,5,3,0.4720429480075836,0.831,0.8244077980613863,0.46364348009228706,0.25999999046325684,2.4937210579713187,nan,nan
fashion_mnist,topk_softmax_025,5,4,0.4335782825946808,0.8441666666666666,0.8405294216401579,0.4243112566570441,0.25999999046325684,2.493448957800865,nan,nan
fashion_mnist,topk_softmax_025,5,5,0.4123144745826721,0.8516666666666667,0.8481033713947064,0.4084069989621639,0.25999999046325684,2.4864832758903503,nan,nan
fashion_mnist,topk_softmax_025,5,6,0.3962939381599426,0.8479166666666667,0.8439083222120674,0.40559765075643855,0.25999999046325684,2.491062397758166,nan,nan
fashion_mnist,topk_softmax_025,5,7,0.38535529375076294,0.8560833333333333,0.8542691596214025,0.3887029103934765,0.25999999046325684,2.48433348039786,nan,nan
fashion_mnist,topk_softmax_025,5,8,0.3688991069793701,0.8565,0.8523962262749532,0.38529857248067856,0.25999999046325684,2.4762047678232193,nan,nan
fashion_mnist,topk_softmax_025,5,9,0.359574556350708,0.8606666666666667,0.8584461717115979,0.3735669031739235,0.25999999046325684,2.4669136305650077,nan,nan
fashion_mnist,topk_softmax_025,5,10,0.3503146469593048,0.86225,0.8598282340644362,0.3650129313270251,0.25999999046325684,2.4647343158721924,nan,nan
fashion_mnist,topk_softmax_025,5,11,0.33894360065460205,0.8685,0.865483832640118,0.3569052455325921,0.25999999046325684,2.4560179909070334,nan,nan
fashion_mnist,topk_softmax_025,5,12,0.3321818709373474,0.867,0.864858805913695,0.3655812554061413,0.25999999046325684,2.438700959086418,nan,nan
fashion_mnist,topk_softmax_025,5,13,0.3237568438053131,0.8668333333333333,0.8669350308236023,0.35587448502580327,0.25999999046325684,2.4336662540833154,nan,nan
fashion_mnist,topk_softmax_025,5,14,0.3180224597454071,0.8750833333333333,0.8723916046849766,0.34629247958461445,0.25999999046325684,2.4228648046652475,nan,nan
fashion_mnist,topk_softmax_025,5,15,0.3121238648891449,0.8728333333333333,0.8702267928752532,0.341523714363575,0.25999999046325684,2.4205995003382363,nan,nan
fashion_mnist,topk_softmax_025,5,16,0.298647940158844,0.873,0.8695174517122467,0.33732210968931514,0.25999999046325684,2.4205989837646484,nan,nan
fashion_mnist,topk_softmax_025,5,17,0.29694393277168274,0.87775,0.8760901202557427,0.3367056908706824,0.25999999046325684,2.4107305258512497,nan,nan
fashion_mnist,topk_softmax_025,5,18,0.29609495401382446,0.8775833333333334,0.8750994663842565,0.3295911103487015,0.25999999046325684,2.408917581041654,nan,nan
fashion_mnist,topk_softmax_025,5,19,0.2891148328781128,0.8799166666666667,0.8782853987890379,0.326219259450833,0.25999999046325684,2.394666532675425,nan,nan
fashion_mnist,topk_softmax_025,5,20,0.28186923265457153,0.8815833333333334,0.8796200087851236,0.32166431347529095,0.25999999046325684,2.3925378620624542,nan,nan
fashion_mnist,topk_softmax_025,5,21,0.27864131331443787,0.8808333333333334,0.8794177830880494,0.3288373226920764,0.25999999046325684,2.3849566529194512,nan,nan
fashion_mnist,topk_softmax_025,5,22,0.273684561252594,0.8784166666666666,0.8757350076148146,0.33037717019518215,0.25999999046325684,2.3854475369056067,nan,nan
fashion_mnist,topk_softmax_025,5,23,0.2710893750190735,0.883,0.8794764981662567,0.3174704623719056,0.25999999046325684,2.3734739472468696,nan,nan
fashion_mnist,topk_softmax_025,5,24,0.2695907652378082,0.8805,0.8798976119970574,0.32685916498303413,0.25999997432033223,2.3731376777092614,nan,nan
fashion_mnist,topk_softmax_025,5,25,0.26275748014450073,0.87975,0.8776342115909742,0.3265874000887076,0.25999997432033223,2.3664829234282174,nan,nan
fashion_mnist,topk_softmax_025,5,26,0.2583809494972229,0.8829166666666667,0.879320916511966,0.32208868612845737,0.25999996190269786,2.3613891998926797,nan,nan
fashion_mnist,topk_softmax_025,5,27,0.2538692057132721,0.8831666666666667,0.8811833221326137,0.31945577388008434,0.2599999699741602,2.3532367795705795,nan,nan
fashion_mnist,topk_softmax_025,5,28,0.2493346780538559,0.8896666666666667,0.8889177861972655,0.31013066445787746,0.259999946380655,2.3532831172148385,nan,nan
fashion_mnist,topk_softmax_025,5,29,0.24769499897956848,0.8829166666666667,0.881423886110432,0.3204794339835644,0.25999995445211727,2.351139704386393,nan,nan
fashion_mnist,topk_softmax_025,6,0,1.359764814376831,0.7368333333333333,0.7340398644632453,0.7111535519361496,0.25999999046325684,2.531271611650785,nan,nan
fashion_mnist,topk_softmax_025,6,1,0.6223233342170715,0.8005833333333333,0.8006709758656335,0.5567049533128738,0.25999999046325684,2.5051199942827225,nan,nan
fashion_mnist,topk_softmax_025,6,2,0.5244585871696472,0.8195833333333333,0.8178017140085695,0.5000262893736362,0.25999999046325684,2.4982374757528305,nan,nan
fashion_mnist,topk_softmax_025,6,3,0.4789385497570038,0.8314166666666667,0.8300747690695719,0.4703169104953607,0.25999999046325684,2.488233278195063,nan,nan
fashion_mnist,topk_softmax_025,6,4,0.44712111353874207,0.8375,0.8360416061748641,0.44546696667869884,0.25999999046325684,2.475918725132942,nan,nan
fashion_mnist,topk_softmax_025,6,5,0.42812567949295044,0.8430833333333333,0.8423711495822822,0.43607937172055244,0.25999999046325684,2.47605761885643,nan,nan
fashion_mnist,topk_softmax_025,6,6,0.3984867036342621,0.84975,0.8486912120952699,0.41853563115000725,0.25999999046325684,2.4666134168704352,nan,nan
fashion_mnist,topk_softmax_025,6,7,0.38791704177856445,0.8595,0.8582287776614782,0.3831751433511575,0.25999999046325684,2.459076409538587,nan,nan
fashion_mnist,topk_softmax_025,6,8,0.3695685565471649,0.8644166666666667,0.8637794919273709,0.37439026683568954,0.25999999046325684,2.449308638771375,nan,nan
fashion_mnist,topk_softmax_025,6,9,0.3642325699329376,0.8684166666666666,0.8672581089039179,0.3661415179570516,0.25999999046325684,2.4307200411955514,nan,nan
fashion_mnist,topk_softmax_025,6,10,0.344793438911438,0.8703333333333333,0.8686909592215578,0.36289041861891747,0.25999999046325684,2.425429657101631,nan,nan
fashion_mnist,topk_softmax_025,6,11,0.34050315618515015,0.8708333333333333,0.8706203373788375,0.35538341229160625,0.25999999046325684,2.4205105056365332,nan,nan
fashion_mnist,topk_softmax_025,6,12,0.33174294233322144,0.8683333333333333,0.8694865501765087,0.36812008172273636,0.25999999046325684,2.4212691138188043,nan,nan
fashion_mnist,topk_softmax_025,6,13,0.32471656799316406,0.87175,0.8696047774415618,0.3586413748562336,0.25999999046325684,2.4141685316960015,nan,nan
fashion_mnist,topk_softmax_025,6,14,0.31539371609687805,0.8775833333333334,0.8767643078653146,0.3393937833607197,0.25999999046325684,2.4120476643244424,nan,nan
fashion_mnist,topk_softmax_025,6,15,0.31634896993637085,0.8728333333333333,0.8736818496085113,0.3494589105248451,0.25999999046325684,2.3979025930166245,nan,nan
fashion_mnist,topk_softmax_025,6,16,0.301273912191391,0.8781666666666667,0.877427182273402,0.3338780999183655,0.25999999046325684,2.4041458467642465,nan,nan
fashion_mnist,topk_softmax_025,6,17,0.2970743477344513,0.8819166666666667,0.8803490096097566,0.3312079074482123,0.25999999046325684,2.404298320412636,nan,nan
fashion_mnist,topk_softmax_025,6,18,0.2913316786289215,0.8750833333333333,0.8733135634269089,0.3466324682037036,0.25999999046325684,2.3917536785205207,nan,nan
fashion_mnist,topk_softmax_025,6,19,0.2876574993133545,0.8835833333333334,0.882640517481595,0.3246179570754369,0.25999999046325684,2.3902254849672318,nan,nan
fashion_mnist,topk_softmax_025,6,20,0.2827845811843872,0.8728333333333333,0.8705048143898118,0.3536381969849269,0.25999999046325684,2.3833362062772117,nan,nan
fashion_mnist,topk_softmax_025,6,21,0.28037410974502563,0.8766666666666667,0.8757296874735341,0.3391205097238223,0.25999999046325684,2.391796052455902,nan,nan
fashion_mnist,topk_softmax_025,6,22,0.2703875005245209,0.8841666666666667,0.8844995655072372,0.3267064206302166,0.25999999046325684,2.392643059293429,nan,nan
fashion_mnist,topk_softmax_025,6,23,0.26948830485343933,0.8845833333333334,0.8855709942612565,0.3237784653902054,0.25999999046325684,2.3827651689449945,nan,nan
fashion_mnist,topk_softmax_025,6,24,0.2644927203655243,0.8878333333333334,0.8875653138865849,0.3248383415242036,0.25999999046325684,2.3813950568437576,nan,nan
fashion_mnist,topk_softmax_025,6,25,0.2533039152622223,0.8864166666666666,0.8856973354977551,0.32514557366569835,0.25999999046325684,2.377183516820272,nan,nan
fashion_mnist,topk_softmax_025,6,26,0.2562416195869446,0.8793333333333333,0.8794380222915754,0.33606485029061633,0.25999999046325684,2.3849849651257196,nan,nan
fashion_mnist,topk_softmax_025,6,27,0.2512757182121277,0.8863333333333333,0.8843561998458249,0.32871507356564206,0.25999999046325684,2.387165461977323,nan,nan
fashion_mnist,topk_softmax_025,6,28,0.249718576669693,0.88175,0.882452649409273,0.3396240559717019,0.25999999046325684,2.3826086471478143,nan,nan
fashion_mnist,topk_softmax_025,6,29,0.24240617454051971,0.88775,0.8865101522611731,0.3240697930256526,0.25999999046325684,2.3780563126007714,nan,nan
fashion_mnist,topk_softmax_025,7,0,1.362804651260376,0.6999166666666666,0.6972515962653024,0.7795729537804922,0.25999999046325684,2.5561812917391458,nan,nan
fashion_mnist,topk_softmax_025,7,1,0.6499767303466797,0.8061666666666667,0.8045335450769736,0.5340734918912252,0.25999999046325684,2.5344364841779075,nan,nan
fashion_mnist,topk_softmax_025,7,2,0.5230216383934021,0.8225833333333333,0.8176469456639112,0.4855450391769409,0.25999999046325684,2.5197862486044564,nan,nan
fashion_mnist,topk_softmax_025,7,3,0.47052958607673645,0.8448333333333333,0.8416136504332512,0.4303777975340684,0.25999999046325684,2.5014810065428414,nan,nan
fashion_mnist,topk_softmax_025,7,4,0.4357360601425171,0.8455833333333334,0.8382658751220781,0.42465081562598544,0.25999999046325684,2.484843055407206,nan,nan
fashion_mnist,topk_softmax_025,7,5,0.40954211354255676,0.8529166666666667,0.8520459055488063,0.403303657968839,0.25999999046325684,2.4743229299783707,nan,nan
fashion_mnist,topk_softmax_025,7,6,0.39458027482032776,0.85675,0.8538395687444073,0.38936664909124374,0.25999999046325684,2.4637558609247208,nan,nan
fashion_mnist,topk_softmax_025,7,7,0.3759728670120239,0.85625,0.8541763552130515,0.37818361073732376,0.25999999046325684,2.4521810710430145,nan,nan
fashion_mnist,topk_softmax_025,7,8,0.36083894968032837,0.8616666666666667,0.8605727244012016,0.3691786415874958,0.25999999046325684,2.4539105594158173,nan,nan
fashion_mnist,topk_softmax_025,7,9,0.3574916124343872,0.8679166666666667,0.8663466247967706,0.3590378848214944,0.25999999046325684,2.44476026793321,nan,nan
fashion_mnist,topk_softmax_025,7,10,0.3418736755847931,0.8659166666666667,0.8648453963716992,0.36085451766848564,0.25999999046325684,2.4417410641908646,nan,nan
fashion_mnist,topk_softmax_025,7,11,0.33504682779312134,0.87025,0.8699729083948722,0.3496935913960139,0.25999999046325684,2.442064642906189,nan,nan
fashion_mnist,topk_softmax_025,7,12,0.32832229137420654,0.876,0.8733270807022141,0.34243465463320416,0.25999999046325684,2.4474067141612372,nan,nan
fashion_mnist,topk_softmax_025,7,13,0.31729426980018616,0.8749166666666667,0.8732381812500384,0.34059279536207515,0.25999999046325684,2.435951828956604,nan,nan
fashion_mnist,topk_softmax_025,7,14,0.31209003925323486,0.87325,0.8726609753495644,0.33576958750685054,0.25999999046325684,2.436251868804296,nan,nan
fashion_mnist,topk_softmax_025,7,15,0.30593517422676086,0.87825,0.8772700808792809,0.3275546741982301,0.25999999046325684,2.430190955599149,nan,nan
fashion_mnist,topk_softmax_025,7,16,0.3055685758590698,0.8740833333333333,0.8743770470969807,0.33679693813125294,0.25999999046325684,2.4207624346017838,nan,nan
fashion_mnist,topk_softmax_025,7,17,0.29195305705070496,0.8790833333333333,0.8792113028283316,0.3320499397814274,0.25999999046325684,2.4142435590426126,nan,nan
fashion_mnist,topk_softmax_025,7,18,0.28915777802467346,0.87825,0.8762166786340438,0.3270286147793134,0.25999999046325684,2.4245294481515884,nan,nan
fashion_mnist,topk_softmax_025,7,19,0.2908919155597687,0.8779166666666667,0.8784423118634278,0.32232007881005603,0.25999999046325684,2.4141241858402886,nan,nan
fashion_mnist,topk_softmax_025,7,20,0.2814781367778778,0.8805833333333334,0.8790170211575028,0.3249936563273271,0.25999999046325684,2.4111917863289514,nan,nan
fashion_mnist,topk_softmax_025,7,21,0.2765781283378601,0.8840833333333333,0.8839057271145323,0.3115442668398221,0.25999999046325684,2.4124849438667297,nan,nan
fashion_mnist,topk_softmax_025,7,22,0.2704141139984131,0.88075,0.8810197577430747,0.33062109847863513,0.25999999046325684,2.405052368839582,nan,nan
fashion_mnist,topk_softmax_025,7,23,0.271456241607666,0.88425,0.8837440189065446,0.3102577043076356,0.25999999046325684,2.404557481408119,nan,nan
fashion_mnist,topk_softmax_025,7,24,0.26686763763427734,0.8816666666666667,0.882097569304376,0.31345559656620026,0.25999999046325684,2.3974511375029883,nan,nan
fashion_mnist,topk_softmax_025,7,25,0.26411938667297363,0.8839166666666667,0.8829721641211682,0.3174385378758113,0.25999999046325684,2.396823287010193,nan,nan
fashion_mnist,topk_softmax_025,7,26,0.2592446208000183,0.882,0.879258934519604,0.3207000518838565,0.25999999046325684,2.402903060118357,nan,nan
fashion_mnist,topk_softmax_025,7,27,0.2512780427932739,0.8784166666666666,0.8778679072748712,0.317448940128088,0.25999999046325684,2.4014232009649277,nan,nan
fashion_mnist,topk_softmax_025,7,28,0.24969737231731415,0.8870833333333333,0.8872225644845855,0.30660153677066165,0.25999999046325684,2.396526644627253,nan,nan
fashion_mnist,topk_softmax_025,7,29,0.24549145996570587,0.887,0.8870064696803894,0.30675578986605007,0.25999999046325684,2.3908952275911965,nan,nan
fashion_mnist,topk_softmax_025,8,0,1.3317583799362183,0.7125,0.704394111788188,0.7483078166842461,0.25999999046325684,2.544863149523735,nan,nan
fashion_mnist,topk_softmax_025,8,1,0.6531766057014465,0.7905,0.7896099823712353,0.5888414507110914,0.25999999046325684,2.5151770313580832,nan,nan
fashion_mnist,topk_softmax_025,8,2,0.5178993940353394,0.8281666666666667,0.8283672605341194,0.47621216997504234,0.25999999046325684,2.500451073050499,nan,nan
fashion_mnist,topk_softmax_025,8,3,0.47410809993743896,0.8368333333333333,0.8362743198220037,0.4465944208204746,0.25999999046325684,2.488605404893557,nan,nan
fashion_mnist,topk_softmax_025,8,4,0.44209402799606323,0.8439166666666666,0.842053928584632,0.44406846662362415,0.25999999046325684,2.479335591197014,nan,nan
fashion_mnist,topk_softmax_025,8,5,0.4171599745750427,0.8491666666666666,0.8480811844328722,0.419952355325222,0.25999999046325684,2.469021826982498,nan,nan
fashion_mnist,topk_softmax_025,8,6,0.3966219425201416,0.8555,0.8556810244926858,0.4083237225810687,0.25999999046325684,2.4675073077281318,nan,nan
fashion_mnist,topk_softmax_025,8,7,0.38148096203804016,0.85375,0.853868076296828,0.3986995629966259,0.25999999046325684,2.4647389849027,nan,nan
fashion_mnist,topk_softmax_025,8,8,0.3709213137626648,0.8611666666666666,0.8606612632815551,0.38790574048956233,0.25999999046325684,2.463950385649999,nan,nan
fashion_mnist,topk_softmax_025,8,9,0.35909736156463623,0.866,0.8666974481423131,0.36890746156374615,0.25999999046325684,2.4545057515303292,nan,nan
fashion_mnist,topk_softmax_025,8,10,0.34813275933265686,0.8649166666666667,0.8663268710249794,0.3656405694782734,0.25999999046325684,2.448317125439644,nan,nan
fashion_mnist,topk_softmax_025,8,11,0.3427651822566986,0.8728333333333333,0.8729833841155601,0.3574914758404096,0.25999999046325684,2.4455765783786774,nan,nan
fashion_mnist,topk_softmax_025,8,12,0.3344722092151642,0.8721666666666666,0.8726946759595033,0.3587486756344636,0.25999999046325684,2.4422967781623206,nan,nan
fashion_mnist,topk_softmax_025,8,13,0.32913050055503845,0.8725,0.8719702556710949,0.3614632934331894,0.25999999046325684,2.4357233246167502,nan,nan
fashion_mnist,topk_softmax_025,8,14,0.32172778248786926,0.8728333333333333,0.8741075145212456,0.3544866032898426,0.25999999046325684,2.4321800023317337,nan,nan
fashion_mnist,topk_softmax_025,8,15,0.3146202266216278,0.8740833333333333,0.8752661842835943,0.3453219135602315,0.25999999046325684,2.426831528544426,nan,nan
fashion_mnist,topk_softmax_025,8,16,0.3118509352207184,0.8786666666666667,0.8791787581323256,0.3379024962584178,0.25999999046325684,2.4231801877419152,nan,nan
fashion_mnist,topk_softmax_025,8,17,0.3001898527145386,0.87875,0.8786956290097073,0.3329591763516267,0.25999999046325684,2.421331137418747,nan,nan
fashion_mnist,topk_softmax_025,8,18,0.29560115933418274,0.87925,0.8794930878065983,0.3355061387022336,0.25999999046325684,2.4234920839468637,nan,nan
fashion_mnist,topk_softmax_025,8,19,0.28916415572166443,0.8751666666666666,0.8757760137480496,0.35523486882448196,0.25999999046325684,2.4125890930493674,nan,nan
fashion_mnist,topk_softmax_025,8,20,0.28782418370246887,0.87925,0.8791362425043555,0.3368862047791481,0.25999999046325684,2.413851350545883,nan,nan
fashion_mnist,topk_softmax_025,8,21,0.28317925333976746,0.8785833333333334,0.8786327264396473,0.33710479115446407,0.25999999046325684,2.4090746690829596,nan,nan
fashion_mnist,topk_softmax_025,8,22,0.27946001291275024,0.8794166666666666,0.8801411794258813,0.33017166579763096,0.2599999823917945,2.3996879855791726,nan,nan
fashion_mnist,topk_softmax_025,8,23,0.2752824127674103,0.8851666666666667,0.885416558069798,0.32420693151652813,0.25999999046325684,2.4032023499409356,nan,nan
fashion_mnist,topk_softmax_025,8,24,0.27167192101478577,0.8843333333333333,0.8844750612497512,0.3294856883585453,0.2599999780456225,2.4034984906514487,nan,nan
fashion_mnist,topk_softmax_025,8,25,0.2700473666191101,0.8850833333333333,0.8854142639731108,0.32389381776253384,0.25999999046325684,2.3983249018589654,nan,nan
fashion_mnist,topk_softmax_025,8,26,0.2677295207977295,0.8861666666666667,0.8870071667426673,0.31984593098362285,0.25999999046325684,2.396070013443629,nan,nan
fashion_mnist,topk_softmax_025,8,27,0.2628290057182312,0.883,0.8847977162463344,0.3323219840725263,0.25999999046325684,2.3999398400386176,nan,nan
fashion_mnist,topk_softmax_025,8,28,0.2622736990451813,0.8861666666666667,0.8867410193998048,0.3237691670656204,0.25999999046325684,2.391455998023351,nan,nan
fashion_mnist,topk_softmax_025,8,29,0.2569742500782013,0.8856666666666667,0.8864615478330367,0.32293259476621944,0.25999999046325684,2.3908877074718475,nan,nan
fashion_mnist,topk_softmax_025,9,0,1.3300570249557495,0.72875,0.7206418948124311,0.7341390401124954,0.25999999046325684,2.545693650841713,nan,nan
fashion_mnist,topk_softmax_025,9,1,0.6481180191040039,0.7948333333333333,0.7932100592293669,0.5540045499801636,0.25999999046325684,2.522262379527092,nan,nan
fashion_mnist,topk_softmax_025,9,2,0.528497576713562,0.83075,0.8296608931724986,0.46873004113634426,0.25999999046325684,2.520337944229444,nan,nan
fashion_mnist,topk_softmax_025,9,3,0.478196918964386,0.8385833333333333,0.8387870747564421,0.44013819595177966,0.25999999046325684,2.5135574638843536,nan,nan
fashion_mnist,topk_softmax_025,9,4,0.43963754177093506,0.8415833333333333,0.8395665162149477,0.4253130319217841,0.25999999046325684,2.5001293420791626,nan,nan
fashion_mnist,topk_softmax_025,9,5,0.4175156056880951,0.8515833333333334,0.8494452288151692,0.40214209506909054,0.25999999046325684,2.4980532129605613,nan,nan
fashion_mnist,topk_softmax_025,9,6,0.40424230694770813,0.851,0.8520782165997345,0.3975251590212186,0.25999999046325684,2.48311048746109,nan,nan
fashion_mnist,topk_softmax_025,9,7,0.38745278120040894,0.8524166666666667,0.8523373603118454,0.3892817050218582,0.25999999046325684,2.4785981128613153,nan,nan
fashion_mnist,topk_softmax_025,9,8,0.3684805929660797,0.8648333333333333,0.8605230570868356,0.3788677416741848,0.25999999046325684,2.4842137644688287,nan,nan
fashion_mnist,topk_softmax_025,9,9,0.358525812625885,0.867,0.8672344682574076,0.35575056324402493,0.25999999046325684,2.4825840294361115,nan,nan
fashion_mnist,topk_softmax_025,9,10,0.3548049032688141,0.8675833333333334,0.8675154837805055,0.35951659455895424,0.25999999046325684,2.4758931348721185,nan,nan
fashion_mnist,topk_softmax_025,9,11,0.34401607513427734,0.8710833333333333,0.8693075896966336,0.3490471454958121,0.25999999046325684,2.4627316991488137,nan,nan
fashion_mnist,topk_softmax_025,9,12,0.3349294662475586,0.8749166666666667,0.8737311736829063,0.33877962330977124,0.25999999046325684,2.4628151108821235,nan,nan
fashion_mnist,topk_softmax_025,9,13,0.32549771666526794,0.8784166666666666,0.8775854988950652,0.332223375638326,0.25999999046325684,2.458148936430613,nan,nan
fashion_mnist,topk_softmax_025,9,14,0.31997448205947876,0.8766666666666667,0.875029770906767,0.33436507917940617,0.25999999046325684,2.457181637485822,nan,nan
fashion_mnist,topk_softmax_025,9,15,0.31578922271728516,0.88075,0.8790395756449211,0.3269190701345603,0.25999999046325684,2.4482207794984183,nan,nan
fashion_mnist,topk_softmax_025,9,16,0.3065638840198517,0.8781666666666667,0.8783983950850489,0.33556147043903667,0.25999999046325684,2.4363074700037637,nan,nan
fashion_mnist,topk_softmax_025,9,17,0.30219927430152893,0.8796666666666667,0.8791242487215776,0.32668423528472584,0.25999999046325684,2.438943093021711,nan,nan
fashion_mnist,topk_softmax_025,9,18,0.30112120509147644,0.8868333333333334,0.8868595048201471,0.3193717983861764,0.25999999046325684,2.4321690102418265,nan,nan
fashion_mnist,topk_softmax_025,9,19,0.29358404874801636,0.884,0.8835090188000059,0.32251375168561935,0.25999999046325684,2.4284642885128656,nan,nan
fashion_mnist,topk_softmax_025,9,20,0.28604912757873535,0.88575,0.8860506564278168,0.31532178819179535,0.25999999046325684,2.42519640425841,nan,nan
fashion_mnist,topk_softmax_025,9,21,0.281849205493927,0.8805833333333334,0.8811230332835276,0.32319630682468414,0.25999999046325684,2.417748053868612,nan,nan
fashion_mnist,topk_softmax_025,9,22,0.2757934331893921,0.8843333333333333,0.8856298529009183,0.32071102286378544,0.25999999046325684,2.423643638690313,nan,nan
fashion_mnist,topk_softmax_025,9,23,0.273671418428421,0.8878333333333334,0.8878106549162907,0.3116641187419494,0.25999999046325684,2.4238778054714203,nan,nan
fashion_mnist,topk_softmax_025,9,24,0.2714258134365082,0.8884166666666666,0.8871976026268917,0.31028213414053124,0.25999999046325684,2.4114215870698295,nan,nan
fashion_mnist,topk_softmax_025,9,25,0.26558756828308105,0.8846666666666667,0.8829131860087495,0.31564628953735036,0.25999999046325684,2.409244234363238,nan,nan
fashion_mnist,topk_softmax_025,9,26,0.2596740126609802,0.8875,0.8867138023154901,0.318869532396396,0.25999999046325684,2.4005176474650702,nan,nan
fashion_mnist,topk_softmax_025,9,27,0.25809332728385925,0.8878333333333334,0.887530088980659,0.3111858336875836,0.25999999046325684,2.404778982202212,nan,nan
fashion_mnist,topk_softmax_025,9,28,0.2531079649925232,0.8883333333333333,0.8879415247249618,0.30854852745930356,0.25999999046325684,2.406306356191635,nan,nan
fashion_mnist,topk_softmax_025,9,29,0.24863705039024353,0.8804166666666666,0.8808106428973966,0.32980390017231304,0.25999999046325684,2.3947285562753677,nan,nan
fashion_mnist,topk_softmax_05,0,0,1.3546326160430908,0.717,0.6985487131652157,0.7559504508972168,0.5,3.1789930959542594,nan,nan
fashion_mnist,topk_softmax_05,0,1,0.6784431338310242,0.785,0.7821375667205496,0.6002752408385277,0.5,3.1595154404640198,nan,nan
fashion_mnist,topk_softmax_05,0,2,0.5705983638763428,0.8195833333333333,0.8166243507849291,0.5050502767165502,0.5,3.148557648062706,nan,nan
fashion_mnist,topk_softmax_05,0,3,0.5082553029060364,0.8255833333333333,0.8226080940358669,0.4692594123383363,0.5,3.151903967062632,nan,nan
fashion_mnist,topk_softmax_05,0,4,0.476663202047348,0.8379166666666666,0.8364683133191064,0.433796513825655,0.5,3.1490622758865356,nan,nan
fashion_mnist,topk_softmax_05,0,5,0.4473646581172943,0.844,0.8431000441442874,0.4185270604987939,0.5,3.1403421560923257,nan,nan
fashion_mnist,topk_softmax_05,0,6,0.43155553936958313,0.8505,0.8474172141237604,0.4008169261117776,0.5,3.1287960012753806,nan,nan
fashion_mnist,topk_softmax_05,0,7,0.41352689266204834,0.85825,0.8568874740399618,0.38311552877227467,0.5,3.1215892483790717,nan,nan
fashion_mnist,topk_softmax_05,0,8,0.39568084478378296,0.8601666666666666,0.8573216102796838,0.37770593787233037,0.5,3.1089105010032654,nan,nan
fashion_mnist,topk_softmax_05,0,9,0.38362306356430054,0.8649166666666667,0.8613142176166251,0.35852649062871933,0.4999989488472541,3.0971606771151223,nan,nan
fashion_mnist,topk_softmax_05,0,10,0.36961162090301514,0.868,0.8662333215899528,0.3582230731844902,0.4999674844245116,3.0872765630483627,nan,nan
fashion_mnist,topk_softmax_05,0,11,0.3610617220401764,0.8608333333333333,0.856704474688667,0.3656126596033573,0.49987339104215306,3.0784212400515876,nan,nan
fashion_mnist,topk_softmax_05,0,12,0.35895541310310364,0.8671666666666666,0.8665956194742863,0.3497357616821925,0.4997427873313427,3.067634642124176,nan,nan
fashion_mnist,topk_softmax_05,0,13,0.3504849076271057,0.87325,0.8720684354053105,0.34156090145309764,0.4996935799717903,3.0532160699367523,nan,nan
fashion_mnist,topk_softmax_05,0,14,0.3353725075721741,0.8719166666666667,0.8712087438200322,0.34045006583134335,0.49952480134864646,3.0496766020854316,nan,nan
fashion_mnist,topk_softmax_05,0,15,0.32973042130470276,0.87575,0.8723912977896473,0.3355436561008294,0.4994969169298808,3.050306205948194,nan,nan
fashion_mnist,topk_softmax_05,0,16,0.32370445132255554,0.8730833333333333,0.8730740526069246,0.334372129291296,0.49944312249620754,3.0390058706204095,nan,nan
fashion_mnist,topk_softmax_05,0,17,0.3164433240890503,0.8785833333333334,0.878572524468438,0.3308115117251873,0.4993813621501128,3.0342006385326385,nan,nan
fashion_mnist,topk_softmax_05,0,18,0.31775963306427,0.8804166666666666,0.8793544466654122,0.3248348571360111,0.4994108409931262,3.0274843275547028,nan,nan
fashion_mnist,topk_softmax_05,0,19,0.30699580907821655,0.8828333333333334,0.8808453163152221,0.31318241109450656,0.4993805103003979,3.025830383102099,nan,nan
fashion_mnist,topk_softmax_05,0,20,0.3057532012462616,0.8799166666666667,0.8783487768125617,0.32590895518660545,0.49933224233488244,3.0219975064198175,nan,nan
fashion_mnist,topk_softmax_05,0,21,0.29726314544677734,0.88525,0.883782466292734,0.3048191952208678,0.4992402500162522,3.0134285589059195,nan,nan
fashion_mnist,topk_softmax_05,0,22,0.2966631352901459,0.8846666666666667,0.8823612002500884,0.3099293385942777,0.4993428234010935,3.00331183274587,nan,nan
fashion_mnist,topk_softmax_05,0,23,0.28980782628059387,0.8800833333333333,0.8797465328727844,0.3154144585132599,0.49924379338820773,3.0034986237684884,nan,nan
fashion_mnist,topk_softmax_05,0,24,0.28397998213768005,0.8860833333333333,0.88432857894244,0.30141566942135495,0.4992762760569652,3.001222218076388,nan,nan
fashion_mnist,topk_softmax_05,0,25,0.28351256251335144,0.88175,0.8809092015186231,0.3123758099973202,0.49925241867701214,2.9982450753450394,nan,nan
fashion_mnist,topk_softmax_05,0,26,0.27802106738090515,0.8814166666666666,0.8817972649448054,0.3249139164884885,0.49920396755139035,2.983570083975792,nan,nan
fashion_mnist,topk_softmax_05,0,27,0.2740163505077362,0.8891666666666667,0.888421284007672,0.29345625701049965,0.49916829479237396,2.9825562139352164,nan,nan
fashion_mnist,topk_softmax_05,0,28,0.2711063325405121,0.8858333333333334,0.8836048829296944,0.3046064966668685,0.49917930612961453,2.966610054175059,nan,nan
fashion_mnist,topk_softmax_05,0,29,0.268766850233078,0.8854166666666666,0.8839069765599408,0.3053329922258854,0.4992340312649806,2.96183447043101,nan,nan
fashion_mnist,topk_softmax_05,1,0,1.4205387830734253,0.7164166666666667,0.7012453354157153,0.7743353645006815,0.5,3.1813649982213974,nan,nan
fashion_mnist,topk_softmax_05,1,1,0.6738511919975281,0.7955833333333333,0.7911652070038657,0.5610058568418026,0.5,3.13615682721138,nan,nan
fashion_mnist,topk_softmax_05,1,2,0.5381394028663635,0.814,0.8098134384283892,0.5126494305829207,0.5,3.1478144923845925,nan,nan
fashion_mnist,topk_softmax_05,1,3,0.4834144115447998,0.8365833333333333,0.8339520206783101,0.44741009796659154,0.5,3.14441379904747,nan,nan
fashion_mnist,topk_softmax_05,1,4,0.45277637243270874,0.8450833333333333,0.8413260522430186,0.427416102339824,0.5,3.1369320104519525,nan,nan
fashion_mnist,topk_softmax_05,1,5,0.4259459972381592,0.8469166666666667,0.840929779480223,0.4281595014035702,0.5,3.127097487449646,nan,nan
fashion_mnist,topk_softmax_05,1,6,0.40571466088294983,0.852,0.8519273808923102,0.4006271113952001,0.49999999565382797,3.1153169920047126,nan,nan
fashion_mnist,topk_softmax_05,1,7,0.3929024338722229,0.8573333333333333,0.8548235790167329,0.3902418638269107,0.4999993834644556,3.0992933064699173,nan,nan
fashion_mnist,topk_softmax_05,1,8,0.3745201528072357,0.8655833333333334,0.8640300083895557,0.36665697147448856,0.49999821993211907,3.100502739350001,nan,nan
fashion_mnist,topk_softmax_05,1,9,0.364057332277298,0.8608333333333333,0.8558699181498788,0.3706194832921028,0.4999872998644908,3.087570697069168,nan,nan
fashion_mnist,topk_softmax_05,1,10,0.3571453094482422,0.8686666666666667,0.8672726601619608,0.3549293378988902,0.4999648202210665,3.0753140250841775,nan,nan
fashion_mnist,topk_softmax_05,1,11,0.3472529351711273,0.86625,0.8657943158252699,0.35688188051184017,0.49995604529976845,3.0666801234086356,nan,nan
fashion_mnist,topk_softmax_05,1,12,0.34255874156951904,0.8685833333333334,0.8675897980473947,0.35447466125090915,0.49995699773232144,3.0508922884861627,nan,nan
fashion_mnist,topk_softmax_05,1,13,0.33392441272735596,0.8740833333333333,0.8738177053467424,0.34332183624307316,0.4999412130564451,3.0511551102002463,nan,nan
fashion_mnist,topk_softmax_05,1,14,0.32741907238960266,0.8759166666666667,0.874128988041796,0.333479364713033,0.4999354090541601,3.0421046366294227,nan,nan
fashion_mnist,topk_softmax_05,1,15,0.3199555575847626,0.8753333333333333,0.8739991786041396,0.33649638046820957,0.49991813239951927,3.0399920592705407,nan,nan
fashion_mnist,topk_softmax_05,1,16,0.3146803379058838,0.8800833333333333,0.8799182651233972,0.32229150210817653,0.4999487952639659,3.0340682566165924,nan,nan
fashion_mnist,topk_softmax_05,1,17,0.3073757290840149,0.87475,0.8726935683722031,0.3414732478559017,0.4999402320633332,3.026368851463,nan,nan
fashion_mnist,topk_softmax_05,1,18,0.3041725754737854,0.8864166666666666,0.8853626091498145,0.31005419169863063,0.4999509062618017,3.0297851165135703,nan,nan
fashion_mnist,topk_softmax_05,1,19,0.2973391115665436,0.8831666666666667,0.8826367362494842,0.3165048857529958,0.49994120622674626,3.0264589538176856,nan,nan
fashion_mnist,topk_softmax_05,1,20,0.2922508120536804,0.8860833333333333,0.8847098953538406,0.3101867275933425,0.49994464591145515,3.0168749888738,nan,nan
fashion_mnist,topk_softmax_05,1,21,0.2860969603061676,0.8829166666666667,0.880767625188339,0.31171348008016747,0.4999333030233781,3.007611925403277,nan,nan
fashion_mnist,topk_softmax_05,1,22,0.28315967321395874,0.885,0.8835000680388946,0.31201989265779656,0.4999711600442727,3.0154516150554023,nan,nan
fashion_mnist,topk_softmax_05,1,23,0.28089475631713867,0.88725,0.8868490599797443,0.3055915888398886,0.4999560161183278,3.0063613802194595,nan,nan
fashion_mnist,topk_softmax_05,1,24,0.2743472158908844,0.8905,0.8892391834100323,0.3019665392736594,0.4999418221414089,3.0016777714093528,nan,nan
fashion_mnist,topk_softmax_05,1,25,0.26790058612823486,0.8915833333333333,0.8907377869397939,0.2993626942237218,0.4999497023721536,2.9906692802906036,nan,nan
fashion_mnist,topk_softmax_05,1,26,0.26896393299102783,0.8895,0.8881479863891262,0.3074030162145694,0.49995610925058526,2.9952356616655984,nan,nan
fashion_mnist,topk_softmax_05,1,27,0.2590504288673401,0.8889166666666667,0.8871680933941427,0.3042769531408946,0.49995280988514423,2.9947366217772164,nan,nan
fashion_mnist,topk_softmax_05,1,28,0.2613159716129303,0.8909166666666667,0.890022962093511,0.302454374730587,0.4999516786386569,2.985158463319143,nan,nan
fashion_mnist,topk_softmax_05,1,29,0.2594822645187378,0.8895833333333333,0.8884560966009551,0.3031080750127633,0.499943816413482,2.978240186969439,nan,nan
fashion_mnist,topk_softmax_05,2,0,1.420461893081665,0.669,0.6591361626219988,0.8666147018472353,0.5,3.1864294012387595,nan,nan
fashion_mnist,topk_softmax_05,2,1,0.7176904678344727,0.792,0.788438655046949,0.5754960452516874,0.5,3.169696261485418,nan,nan
fashion_mnist,topk_softmax_05,2,2,0.569553017616272,0.8235833333333333,0.8219321206551615,0.4960076039036115,0.5,3.159170617659887,nan,nan
fashion_mnist,topk_softmax_05,2,3,0.4957045614719391,0.8311666666666667,0.8292381213424365,0.4663137284417947,0.5,3.1632786095142365,nan,nan
fashion_mnist,topk_softmax_05,2,4,0.46398189663887024,0.8359166666666666,0.8309594417634381,0.4533211092154185,0.5,3.15574020644029,nan,nan
fashion_mnist,topk_softmax_05,2,5,0.43633386492729187,0.8505833333333334,0.8501659242574846,0.41426119208335876,0.5,3.155485063791275,nan,nan
fashion_mnist,topk_softmax_05,2,6,0.41523104906082153,0.8514166666666667,0.8492819196723886,0.4115680580337842,0.5,3.149316425124804,nan,nan
fashion_mnist,topk_softmax_05,2,7,0.3994145095348358,0.8626666666666667,0.8625528985821805,0.3823344161113103,0.5,3.143953651189804,nan,nan
fashion_mnist,topk_softmax_05,2,8,0.3873889744281769,0.8634166666666667,0.8628851595250143,0.37880124648412067,0.5,3.1415041983127594,nan,nan
fashion_mnist,topk_softmax_05,2,9,0.3816615343093872,0.8645,0.8650653282990219,0.3757171134154002,0.5,3.1318348795175552,nan,nan
fashion_mnist,topk_softmax_05,2,10,0.3661922514438629,0.8695833333333334,0.8697530987016847,0.36348216235637665,0.5,3.1372288713852563,nan,nan
fashion_mnist,topk_softmax_05,2,11,0.36243316531181335,0.8686666666666667,0.8682962181452154,0.3667556457221508,0.5,3.127419576048851,nan,nan
fashion_mnist,topk_softmax_05,2,12,0.34737706184387207,0.8666666666666667,0.8654036370726772,0.36789750928680104,0.5,3.1333463291327157,nan,nan
fashion_mnist,topk_softmax_05,2,13,0.33825257420539856,0.8715,0.8704504602476586,0.35435234506924945,0.5,3.129845475157102,nan,nan
fashion_mnist,topk_softmax_05,2,14,0.33455032110214233,0.8681666666666666,0.8652776701255233,0.3588712823887666,0.5,3.129106506705284,nan,nan
fashion_mnist,topk_softmax_05,2,15,0.330910861492157,0.87075,0.8686139500977769,0.3478214330971241,0.5,3.1217328707377114,nan,nan
fashion_mnist,topk_softmax_05,2,16,0.3226866126060486,0.8734166666666666,0.873551540747625,0.35198566193381947,0.5,3.1203237424294152,nan,nan
fashion_mnist,topk_softmax_05,2,17,0.3217824101448059,0.8784166666666666,0.8780985215367936,0.33812637875477475,0.5,3.1121117770671844,nan,nan
fashion_mnist,topk_softmax_05,2,18,0.3096162676811218,0.8795833333333334,0.8795243341457564,0.32955073441068333,0.5,3.105091621478399,nan,nan
fashion_mnist,topk_softmax_05,2,19,0.30674150586128235,0.8776666666666667,0.8770484697124885,0.3403322945038478,0.5,3.098832910259565,nan,nan
fashion_mnist,topk_softmax_05,2,20,0.30066221952438354,0.8783333333333333,0.8789504499438758,0.3270939402282238,0.5,3.096094017227491,nan,nan
fashion_mnist,topk_softmax_05,2,21,0.29800674319267273,0.88325,0.8831344334979875,0.3194193368156751,0.5,3.0990491807460785,nan,nan
fashion_mnist,topk_softmax_05,2,22,0.29324352741241455,0.8801666666666667,0.8794973848692397,0.33246133600672084,0.5,3.094403252005577,nan,nan
fashion_mnist,topk_softmax_05,2,23,0.289064884185791,0.88075,0.879237782598404,0.3229156235853831,0.5,3.084792306025823,nan,nan
fashion_mnist,topk_softmax_05,2,24,0.2844690978527069,0.8773333333333333,0.8777926286103369,0.33344008152683574,0.5,3.0815810511509576,nan,nan
fashion_mnist,topk_softmax_05,2,25,0.2810084819793701,0.8885833333333333,0.8889352556838425,0.3143627593914668,0.5,3.0846194674571357,nan,nan
fashion_mnist,topk_softmax_05,2,26,0.2826763093471527,0.88575,0.8859710075227017,0.3188087617357572,0.5,3.0766538133223853,nan,nan
fashion_mnist,topk_softmax_05,2,27,0.2716219127178192,0.8883333333333333,0.8882296031666523,0.31161149963736534,0.5,3.0755947132905326,nan,nan
fashion_mnist,topk_softmax_05,2,28,0.2684277296066284,0.8835833333333334,0.8843984252694639,0.31644245982170105,0.5,3.066833972930908,nan,nan
fashion_mnist,topk_softmax_05,2,29,0.26370248198509216,0.8878333333333334,0.8882841898707339,0.3107783595720927,0.5,3.0616422096888223,nan,nan
fashion_mnist,topk_softmax_05,3,0,1.416190266609192,0.691,0.6855093799440903,0.827111691236496,0.5,3.2035815368096032,nan,nan
fashion_mnist,topk_softmax_05,3,1,0.7078807950019836,0.7766666666666666,0.7730087483469796,0.6111547201871872,0.5,3.1657868921756744,nan,nan
fashion_mnist,topk_softmax_05,3,2,0.5663726925849915,0.8110833333333334,0.8096281440676012,0.5152439375718435,0.5,3.1459128856658936,nan,nan
fashion_mnist,topk_softmax_05,3,3,0.49653497338294983,0.835,0.8336176564552659,0.45791756237546605,0.5,3.135367438197136,nan,nan
fashion_mnist,topk_softmax_05,3,4,0.45642855763435364,0.84175,0.8366721677393076,0.4351051722963651,0.5,3.1181039164463678,nan,nan
fashion_mnist,topk_softmax_05,3,5,0.4334668219089508,0.8455,0.8464695862407217,0.42175544301668805,0.5,3.091893454392751,nan,nan
fashion_mnist,topk_softmax_05,3,6,0.40823817253112793,0.8556666666666667,0.8553646661866374,0.3993273141483466,0.5,3.098428120215734,nan,nan
fashion_mnist,topk_softmax_05,3,7,0.3902638554573059,0.845,0.8394738304664813,0.4148707327743371,0.5,3.0883127748966217,nan,nan
fashion_mnist,topk_softmax_05,3,8,0.38531383872032166,0.8596666666666667,0.8587870612684176,0.3813500801722209,0.5,3.0789315501848855,nan,nan
fashion_mnist,topk_softmax_05,3,9,0.3750360310077667,0.8614166666666667,0.8589815102961357,0.3710881459216277,0.5,3.066051388780276,nan,nan
fashion_mnist,topk_softmax_05,3,10,0.36397114396095276,0.8665833333333334,0.8649998463221265,0.3650272600352764,0.5,3.055282180507978,nan,nan
fashion_mnist,topk_softmax_05,3,11,0.3540496230125427,0.8628333333333333,0.8599887325999154,0.3769809740285079,0.5,3.0574851632118225,nan,nan
fashion_mnist,topk_softmax_05,3,12,0.346480131149292,0.86975,0.869486821698494,0.3572947072486083,0.5,3.0472021798292794,nan,nan
fashion_mnist,topk_softmax_05,3,13,0.33532586693763733,0.8651666666666666,0.8614688420964655,0.36423449714978534,0.5,3.035373017191887,nan,nan
fashion_mnist,topk_softmax_05,3,14,0.33137720823287964,0.8689166666666667,0.8662591480399815,0.35407762105266255,0.49999997951090336,3.0253254075845084,nan,nan
fashion_mnist,topk_softmax_05,3,15,0.32652029395103455,0.87575,0.8750634121300571,0.3421044560770194,0.4999999503294627,3.024880031744639,nan,nan
fashion_mnist,topk_softmax_05,3,16,0.3176405131816864,0.8760833333333333,0.874945957497923,0.3420376057426135,0.5,3.0184428840875626,nan,nan
fashion_mnist,topk_softmax_05,3,17,0.3129565119743347,0.8776666666666667,0.8749772893167329,0.3401991364856561,0.5,3.0189916789531708,nan,nan
fashion_mnist,topk_softmax_05,3,18,0.30497777462005615,0.87875,0.8776790441681183,0.335409477353096,0.5,3.024692267179489,nan,nan
fashion_mnist,topk_softmax_05,3,19,0.3051097095012665,0.8768333333333334,0.8769583740266256,0.3405626279612382,0.5,3.0070888102054596,nan,nan
fashion_mnist,topk_softmax_05,3,20,0.29826587438583374,0.8799166666666667,0.8785906367078178,0.3331448696553707,0.5,3.000940357645353,nan,nan
fashion_mnist,topk_softmax_05,3,21,0.295424222946167,0.8765,0.8756949120719891,0.33877772216995555,0.5,2.987150693933169,nan,nan
fashion_mnist,topk_softmax_05,3,22,0.28951093554496765,0.8840833333333333,0.8833919051661997,0.3250522625943025,0.5,2.9917999853690467,nan,nan
fashion_mnist,topk_softmax_05,3,23,0.28384244441986084,0.884,0.8827626013029052,0.32669897998372716,0.5,2.9973526199658713,nan,nan
fashion_mnist,topk_softmax_05,3,24,0.27711790800094604,0.8836666666666667,0.8818336240646838,0.32601194456219673,0.5,2.9950029999017715,nan,nan
fashion_mnist,topk_softmax_05,3,25,0.27292752265930176,0.882,0.8814771889036921,0.32590414956212044,0.5,2.980006451408068,nan,nan
fashion_mnist,topk_softmax_05,3,26,0.26810920238494873,0.8844166666666666,0.8830841795605633,0.3281604548295339,0.5,2.972881202896436,nan,nan
fashion_mnist,topk_softmax_05,3,27,0.26960307359695435,0.8839166666666667,0.8835195955369379,0.31600016603867215,0.5,2.9788635025421777,nan,nan
fashion_mnist,topk_softmax_05,3,28,0.2658008635044098,0.8840833333333333,0.8824045584175362,0.3194936898847421,0.5,2.955911179383596,nan,nan
fashion_mnist,topk_softmax_05,3,29,0.2604765295982361,0.88075,0.8814817390309984,0.3237592938045661,0.5,2.957532897591591,nan,nan
fashion_mnist,topk_softmax_05,4,0,1.4007956981658936,0.6904166666666667,0.686103951182376,0.8302558089296023,0.5,3.197250927488009,nan,nan
fashion_mnist,topk_softmax_05,4,1,0.6985247731208801,0.77925,0.7778408892055022,0.5897336428364118,0.5,3.1699540118376413,nan,nan
fashion_mnist,topk_softmax_05,4,2,0.5710874795913696,0.8109166666666666,0.8073122888722007,0.5107899904251099,0.5,3.150340343515078,nan,nan
fashion_mnist,topk_softmax_05,4,3,0.5100498199462891,0.82575,0.8198473790491987,0.4732173904776573,0.5,3.1385608166456223,nan,nan
fashion_mnist,topk_softmax_05,4,4,0.4743320941925049,0.8406666666666667,0.8387315837479903,0.4324967662493388,0.5,3.123829503854116,nan,nan
fashion_mnist,topk_softmax_05,4,5,0.4451342523097992,0.8423333333333334,0.8392923201376135,0.4259742150704066,0.5,3.113478203614553,nan,nan
fashion_mnist,topk_softmax_05,4,6,0.42427074909210205,0.8490833333333333,0.8467289604213025,0.41024835656086606,0.5,3.098281199733416,nan,nan
fashion_mnist,topk_softmax_05,4,7,0.4105595350265503,0.8535,0.8518433812194216,0.3963190068801244,0.5,3.0988487005233765,nan,nan
fashion_mnist,topk_softmax_05,4,8,0.3947111666202545,0.8581666666666666,0.8587704961022464,0.3899388288458188,0.5,3.092230429251989,nan,nan
fashion_mnist,topk_softmax_05,4,9,0.3864938020706177,0.8560833333333333,0.854652211079703,0.3962174703677495,0.5,3.0809945116440454,nan,nan
fashion_mnist,topk_softmax_05,4,10,0.3763025999069214,0.8598333333333333,0.8567424407202756,0.38064441829919815,0.5,3.0751013855139413,nan,nan
fashion_mnist,topk_softmax_05,4,11,0.36643460392951965,0.8598333333333333,0.8585167117062804,0.39006492123007774,0.5,3.071048393845558,nan,nan
fashion_mnist,topk_softmax_05,4,12,0.35802575945854187,0.8665,0.8638622002602009,0.36393272255857784,0.5,3.0710904399553933,nan,nan
fashion_mnist,topk_softmax_05,4,13,0.3503675162792206,0.8739166666666667,0.8723976926309135,0.35461149737238884,0.5,3.0642447074254355,nan,nan
fashion_mnist,topk_softmax_05,4,14,0.3483055531978607,0.87475,0.8728624883811896,0.3519522299369176,0.4999999466041724,3.0529689689477286,nan,nan
fashion_mnist,topk_softmax_05,4,15,0.3345198333263397,0.872,0.8706463496887846,0.3535100805262725,0.4999996231247981,3.045884350935618,nan,nan
fashion_mnist,topk_softmax_05,4,16,0.32766711711883545,0.8678333333333333,0.8655961855876143,0.3620571978390217,0.49999803739289445,3.046280970176061,nan,nan
fashion_mnist,topk_softmax_05,4,17,0.3235088288784027,0.8729166666666667,0.8715317312510539,0.34042318041125935,0.4999994120250146,3.0433269838492074,nan,nan
fashion_mnist,topk_softmax_05,4,18,0.31540438532829285,0.8724166666666666,0.8710666090040726,0.34982191150387126,0.49999820068478584,3.038407107194265,nan,nan
fashion_mnist,topk_softmax_05,4,19,0.31283506751060486,0.8729166666666667,0.8718564315810402,0.33944185078144073,0.4999987644453843,3.0270323157310486,nan,nan
fashion_mnist,topk_softmax_05,5,0,1.3282005786895752,0.7209166666666667,0.7155781622042762,0.7621666366855303,0.5,3.1664992024501166,nan,nan
fashion_mnist,topk_softmax_05,5,1,0.6615281701087952,0.794,0.7844941231967641,0.5595720298588276,0.5,3.153875415523847,nan,nan
fashion_mnist,topk_softmax_05,5,2,0.5379620790481567,0.8161666666666667,0.8158414379822329,0.5052279730637869,0.5,3.1441381176312766,nan,nan
fashion_mnist,topk_softmax_05,5,3,0.4867306351661682,0.8255833333333333,0.8207133655116149,0.4716430182258288,0.5,3.1391625851392746,nan,nan
fashion_mnist,topk_softmax_05,5,4,0.44937217235565186,0.844,0.8427183775686263,0.4250443900624911,0.5,3.1261897136767707,nan,nan
fashion_mnist,topk_softmax_05,5,5,0.4214055836200714,0.8491666666666666,0.847909761345151,0.4051719817022483,0.5,3.120157912373543,nan,nan
fashion_mnist,topk_softmax_05,5,6,0.40379607677459717,0.85125,0.8482905700463335,0.39740167806545895,0.5,3.1148068557182946,nan,nan
fashion_mnist,topk_softmax_05,5,7,0.3873477876186371,0.8555833333333334,0.8542342355100596,0.38828906665245694,0.5,3.1089950452248254,nan,nan
fashion_mnist,topk_softmax_05,5,8,0.37499770522117615,0.86075,0.855640580497868,0.37953314557671547,0.5,3.102091317375501,nan,nan
fashion_mnist,topk_softmax_05,5,9,0.3627966046333313,0.8593333333333333,0.857622728599958,0.37807753309607506,0.5,3.096518407265345,nan,nan
fashion_mnist,topk_softmax_05,5,10,0.35477620363235474,0.8629166666666667,0.8590721688083545,0.36789965877930325,0.4999999590218067,3.0838707188765206,nan,nan
fashion_mnist,topk_softmax_05,5,11,0.3469531536102295,0.866,0.862260071927569,0.35833442707856494,0.4999834739913543,3.0741377671559653,nan,nan
fashion_mnist,topk_softmax_05,5,12,0.3415951728820801,0.866,0.863377201702888,0.35704727470874786,0.4999755055954059,3.066683918237686,nan,nan
fashion_mnist,topk_softmax_05,5,13,0.33158791065216064,0.8683333333333333,0.8672109700407649,0.3545631443460782,0.49991256805757683,3.0666218449672065,nan,nan
fashion_mnist,topk_softmax_05,5,14,0.32687950134277344,0.8723333333333333,0.867890341367507,0.34667709097266197,0.4998857316871484,3.0600347171227136,nan,nan
fashion_mnist,topk_softmax_05,5,15,0.32198670506477356,0.86925,0.8660579701751864,0.3511636530359586,0.49970263553162414,3.0549961626529694,nan,nan
fashion_mnist,topk_softmax_05,5,16,0.3140403926372528,0.8726666666666667,0.8707848242918488,0.3451390328506629,0.4995574373751879,3.048456917206446,nan,nan
fashion_mnist,topk_softmax_05,5,17,0.3050103485584259,0.8730833333333333,0.8723244302589791,0.33817033593853313,0.4994467372695605,3.0441523591677346,nan,nan
fashion_mnist,topk_softmax_05,5,18,0.30499890446662903,0.8748333333333334,0.8731370227770618,0.33334869643052417,0.49933692067861557,3.040215556820234,nan,nan
fashion_mnist,topk_softmax_05,5,19,0.29918622970581055,0.8753333333333333,0.8738961346167023,0.33826908593376476,0.4991440723339717,3.026092310746511,nan,nan
fashion_mnist,topk_softmax_05,5,20,0.29510077834129333,0.8845833333333334,0.8835340501703335,0.3223286171754201,0.498853071903189,3.0229130387306213,nan,nan
fashion_mnist,topk_softmax_05,5,21,0.28938406705856323,0.878,0.8764974384914719,0.33863936613003415,0.4989367953191201,3.0246392836173377,nan,nan
fashion_mnist,topk_softmax_05,5,22,0.2895791530609131,0.87775,0.874897772417327,0.3263800808538993,0.49880662312110263,3.015122796098391,nan,nan
fashion_mnist,topk_softmax_05,5,23,0.2832581400871277,0.8783333333333333,0.8756033300669042,0.33559074128667515,0.49863273091614246,3.008528764049212,nan,nan
fashion_mnist,topk_softmax_05,5,24,0.27927106618881226,0.8819166666666667,0.8811239019991902,0.32092244923114777,0.4985992716004451,3.0064296076695123,nan,nan
fashion_mnist,topk_softmax_05,5,25,0.2778581380844116,0.88525,0.8827177700580673,0.3152657561004162,0.4986254790176948,3.0104401260614395,nan,nan
fashion_mnist,topk_softmax_05,5,26,0.27011677622795105,0.8828333333333334,0.8803896535319382,0.31651640435059863,0.4984500550975402,2.9978506664435067,nan,nan
fashion_mnist,topk_softmax_05,5,27,0.2661246955394745,0.88375,0.8833742247743723,0.317387618124485,0.49847147800028324,2.9917061924934387,nan,nan
fashion_mnist,topk_softmax_05,5,28,0.2612946033477783,0.885,0.8843746149705565,0.3133586173256238,0.4983787437280019,2.9956633895635605,nan,nan
fashion_mnist,topk_softmax_05,5,29,0.26233118772506714,0.8840833333333333,0.884138435813998,0.3202467958132426,0.49822781297067803,2.9848173558712006,nan,nan
fashion_mnist,topk_softmax_05,6,0,1.4152950048446655,0.7036666666666667,0.6952769219802122,0.7858347942431768,0.5,3.1816056420405707,nan,nan
fashion_mnist,topk_softmax_05,6,1,0.6857731342315674,0.7880833333333334,0.7866693566132571,0.5802054579059283,0.5,3.1159323006868362,nan,nan
fashion_mnist,topk_softmax_05,6,2,0.5476381182670593,0.8133333333333334,0.8107824321446451,0.519126278658708,0.5,3.1026289065678916,nan,nan
fashion_mnist,topk_softmax_05,6,3,0.5032891631126404,0.8213333333333334,0.8213582285378017,0.4921199083328247,0.5,3.102027639746666,nan,nan
fashion_mnist,topk_softmax_05,6,4,0.47294193506240845,0.833,0.8318622534338168,0.4603700414299965,0.4999996218830347,3.09661536415418,nan,nan
fashion_mnist,topk_softmax_05,6,5,0.44189801812171936,0.8334166666666667,0.8311497231622937,0.45586489513516426,0.4999998211860657,3.0878018041451774,nan,nan
fashion_mnist,topk_softmax_05,6,6,0.4167284667491913,0.84425,0.8432761044181479,0.42354538664221764,0.5,3.088727821906408,nan,nan
fashion_mnist,topk_softmax_05,6,7,0.3980393409729004,0.8535,0.8538818956616534,0.4009425602853298,0.5,3.067318876584371,nan,nan
fashion_mnist,topk_softmax_05,6,8,0.3887733221054077,0.85325,0.8510301223968326,0.4050147272646427,0.5,3.074049085378647,nan,nan
fashion_mnist,topk_softmax_05,6,9,0.3759011924266815,0.8594166666666667,0.8573198779761746,0.38867464661598206,0.5,3.0483307391405106,nan,nan
fashion_mnist,topk_softmax_05,6,10,0.3642882704734802,0.8654166666666666,0.8646937335551483,0.3755793372790019,0.5,3.03591081003348,nan,nan
fashion_mnist,topk_softmax_05,6,11,0.3587821424007416,0.8648333333333333,0.8628571422785865,0.37148668244481087,0.49999998696148396,3.0355845292409263,nan,nan
fashion_mnist,topk_softmax_05,6,12,0.344702810049057,0.86875,0.8678617219906105,0.3626806164781253,0.5,3.018969789147377,nan,nan
fashion_mnist,topk_softmax_05,6,13,0.33806538581848145,0.8638333333333333,0.8619591546920387,0.3698611669242382,0.499999991307656,3.007225568095843,nan,nan
fashion_mnist,topk_softmax_05,6,14,0.33266618847846985,0.8733333333333333,0.8723055163732447,0.35392028590043384,0.5,3.0011758555968604,nan,nan
fashion_mnist,topk_softmax_05,6,15,0.32688167691230774,0.8719166666666667,0.8727108624740477,0.3506518391271432,0.5,2.992958292365074,nan,nan
fashion_mnist,topk_softmax_05,6,16,0.31657612323760986,0.8780833333333333,0.8777805799799168,0.34569185102979344,0.49999999565382797,2.9813288698593774,nan,nan
fashion_mnist,topk_softmax_05,6,17,0.31091105937957764,0.8788333333333334,0.8778966249101808,0.3379046395421028,0.5,2.9717099020878472,nan,nan
fashion_mnist,topk_softmax_05,6,18,0.3043228089809418,0.8754166666666666,0.8737587063417719,0.3503929761548837,0.5,2.9710191190242767,nan,nan
fashion_mnist,topk_softmax_05,6,19,0.3030686378479004,0.8813333333333333,0.8803886993191383,0.32854216918349266,0.5,2.9487238625685372,nan,nan
fashion_mnist,topk_softmax_05,6,20,0.29536616802215576,0.8809166666666667,0.8802591047847892,0.3354416564106941,0.49999999565382797,2.956797162691752,nan,nan
fashion_mnist,topk_softmax_05,6,21,0.29827582836151123,0.879,0.8784998748355081,0.3373364905516307,0.4999999826153119,2.9434358328580856,nan,nan
fashion_mnist,topk_softmax_05,6,22,0.28911855816841125,0.8751666666666666,0.8757741075801209,0.34952054048577946,0.49999999565382797,2.9439085920651755,nan,nan
fashion_mnist,topk_softmax_05,6,23,0.290753573179245,0.8845,0.8842109353451478,0.3218599855899811,0.5,2.929414212703705,nan,nan
fashion_mnist,topk_softmax_05,6,24,0.2824779450893402,0.8805833333333334,0.8804012664438379,0.32953860610723495,0.49999998323619366,2.922450378537178,nan,nan
fashion_mnist,topk_softmax_05,6,25,0.27530962228775024,0.8840833333333333,0.8825216129582992,0.3231930211186409,0.5,2.9331939121087394,nan,nan
fashion_mnist,topk_softmax_05,6,26,0.2756543457508087,0.8826666666666667,0.8828844116287776,0.3261392377316952,0.49999997454384965,2.9253286768992743,nan,nan
fashion_mnist,topk_softmax_05,6,27,0.27066370844841003,0.8868333333333334,0.8858752299415485,0.312666359047095,0.4999999826153119,2.928458030025164,nan,nan
fashion_mnist,topk_softmax_05,6,28,0.2677138149738312,0.8843333333333333,0.8851890282421673,0.3218135287364324,0.4999999615053336,2.915101339419683,nan,nan
fashion_mnist,topk_softmax_05,6,29,0.2620508670806885,0.8894166666666666,0.8889525405048355,0.32011112694938976,0.4999999621262153,2.914600044488907,nan,nan
fashion_mnist,topk_softmax_05,7,0,1.412289023399353,0.6863333333333334,0.6792724858962403,0.8473561853170395,0.5,3.195347413420677,nan,nan
fashion_mnist,topk_softmax_05,7,1,0.7194174528121948,0.78,0.7723258186323402,0.6027318512399992,0.5,3.154551461338997,nan,nan
fashion_mnist,topk_softmax_05,7,2,0.5687928795814514,0.8113333333333334,0.8084561938529085,0.5159585239986578,0.5,3.1437128831942878,nan,nan
fashion_mnist,topk_softmax_05,7,3,0.513805627822876,0.8243333333333334,0.8206602159293702,0.47252732142806053,0.5,3.112014263868332,nan,nan
fashion_mnist,topk_softmax_05,7,4,0.4727848768234253,0.8355,0.8311025575985596,0.44784221798181534,0.5,3.113548750678698,nan,nan
fashion_mnist,topk_softmax_05,7,5,0.443477988243103,0.8445833333333334,0.8404986564591586,0.4233955380817254,0.5,3.0944377879301705,nan,nan
fashion_mnist,topk_softmax_05,7,6,0.4245145916938782,0.8488333333333333,0.8455578100245831,0.41182686761021614,0.5,3.073292369643847,nan,nan
fashion_mnist,topk_softmax_05,7,7,0.40779754519462585,0.8569166666666667,0.8555429673629888,0.3917905315756798,0.5,3.0675632059574127,nan,nan
fashion_mnist,topk_softmax_05,7,8,0.39222779870033264,0.8551666666666666,0.8542371546800543,0.39843106642365456,0.5,3.062340890367826,nan,nan
fashion_mnist,topk_softmax_05,7,9,0.3770734369754791,0.8626666666666667,0.8598229061590166,0.3715883952875932,0.5,3.0586933344602585,nan,nan
fashion_mnist,topk_softmax_05,7,10,0.3667975068092346,0.8635,0.8629705467807719,0.36633165056506795,0.5,3.0517456928888955,nan,nan
fashion_mnist,topk_softmax_05,7,11,0.35693562030792236,0.8631666666666666,0.8626416560286977,0.3623652669290702,0.5,3.0505015403032303,nan,nan
fashion_mnist,topk_softmax_05,7,12,0.35150668025016785,0.866,0.8633090032929154,0.35903707270820934,0.5,3.0503273755311966,nan,nan
fashion_mnist,topk_softmax_05,7,13,0.3446272611618042,0.8688333333333333,0.8684420633527902,0.35078457991282147,0.5,3.036626716454824,nan,nan
fashion_mnist,topk_softmax_05,7,14,0.33202677965164185,0.8736666666666667,0.8726685822860187,0.33811389033993083,0.5,3.039577603340149,nan,nan
fashion_mnist,topk_softmax_05,7,15,0.32743483781814575,0.8688333333333333,0.867790834059603,0.35383989413579303,0.5,3.04430498679479,nan,nan
fashion_mnist,topk_softmax_05,7,16,0.32312971353530884,0.87275,0.8730460475122923,0.34220438574751216,0.5,3.045759921272596,nan,nan
fashion_mnist,topk_softmax_05,7,17,0.31922242045402527,0.8773333333333333,0.8775830019864805,0.33241509397824603,0.5,3.0434261858463287,nan,nan
fashion_mnist,topk_softmax_05,7,18,0.3138063848018646,0.8758333333333334,0.873898498359995,0.3343576354285081,0.5,3.042145406206449,nan,nan
fashion_mnist,topk_softmax_05,7,19,0.3078343868255615,0.8769166666666667,0.8765898912081305,0.3329792519410451,0.5,3.0357522120078406,nan,nan
fashion_mnist,topk_softmax_05,7,20,0.30333104729652405,0.87975,0.8788340520130233,0.3261222429573536,0.5,3.0374748210112252,nan,nan
fashion_mnist,topk_softmax_05,7,21,0.2951784133911133,0.8791666666666667,0.879844622903126,0.32938365265727043,0.5,3.023104930917422,nan,nan
fashion_mnist,topk_softmax_05,7,22,0.2935161590576172,0.881,0.8813565480416997,0.3220952774087588,0.5,3.025547464688619,nan,nan
fashion_mnist,topk_softmax_05,7,23,0.29059505462646484,0.8794166666666666,0.8786440516611982,0.32383303220073384,0.5,3.01720463236173,nan,nan
fashion_mnist,topk_softmax_05,7,24,0.28660646080970764,0.883,0.8819598468175138,0.3162816899518172,0.5,3.011914481719335,nan,nan
fashion_mnist,topk_softmax_05,7,25,0.28236937522888184,0.88375,0.8835928514289151,0.3150673247873783,0.5,3.0157975802818933,nan,nan
fashion_mnist,topk_softmax_05,7,26,0.27882060408592224,0.8828333333333334,0.8808052296149267,0.32445116341114044,0.5,3.002714082598686,nan,nan
fashion_mnist,topk_softmax_05,7,27,0.27298209071159363,0.8836666666666667,0.8840179373596747,0.31605250512560207,0.5,2.9929388761520386,nan,nan
fashion_mnist,topk_softmax_05,7,28,0.2649482190608978,0.8825,0.8829186176236448,0.3192303963005543,0.5,2.9932175278663635,nan,nan
fashion_mnist,topk_softmax_05,7,29,0.2690407633781433,0.8878333333333334,0.8877577308018605,0.306435947616895,0.5,2.982601150870323,nan,nan
fashion_mnist,topk_softmax_05,8,0,1.4155168533325195,0.6903333333333334,0.6752475335903806,0.848866601785024,0.5,3.183064495523771,nan,nan
fashion_mnist,topk_softmax_05,8,1,0.7028104066848755,0.7826666666666666,0.7782900109283986,0.6040905291835467,0.5,3.129315043489138,nan,nan
fashion_mnist,topk_softmax_05,8,2,0.5599063634872437,0.80775,0.8064394115782685,0.5282284580171108,0.5,3.091745083530744,nan,nan
fashion_mnist,topk_softmax_05,8,3,0.5107223987579346,0.8246666666666667,0.8216927194497842,0.48992985114455223,0.5,3.0741840998331704,nan,nan
fashion_mnist,topk_softmax_05,8,4,0.4803619682788849,0.8373333333333334,0.8353074806679508,0.45082401608427364,0.5,3.075158506631851,nan,nan
fashion_mnist,topk_softmax_05,8,5,0.4554896950721741,0.8386666666666667,0.8390583623157003,0.4459725109239419,0.5,3.0735859870910645,nan,nan
fashion_mnist,topk_softmax_05,8,6,0.43339037895202637,0.84425,0.844343520670221,0.42556209738055867,0.5,3.0789684305588403,nan,nan
fashion_mnist,topk_softmax_05,8,7,0.40545332431793213,0.85125,0.8502811182119219,0.40557494138677913,0.5,3.084369366367658,nan,nan
fashion_mnist,topk_softmax_05,8,8,0.39338091015815735,0.8636666666666667,0.8637222742540267,0.38035279760758084,0.5,3.089048147201538,nan,nan
fashion_mnist,topk_softmax_05,8,9,0.3792102038860321,0.86225,0.8630500552194764,0.3802737941344579,0.5,3.0762022187312446,nan,nan
fashion_mnist,topk_softmax_05,8,10,0.3714931309223175,0.85975,0.8614763199073618,0.37996795773506165,0.5,3.0728742132584252,nan,nan
fashion_mnist,topk_softmax_05,8,11,0.3601166903972626,0.8653333333333333,0.8657380318821344,0.366278063505888,0.5,3.0709851731856666,nan,nan
fashion_mnist,topk_softmax_05,8,12,0.3516109883785248,0.871,0.8718175748566326,0.35280020410815877,0.5,3.065440128246943,nan,nan
fashion_mnist,topk_softmax_05,8,13,0.3502527177333832,0.8714166666666666,0.8718799076475102,0.35562194511294365,0.5,3.051778887708982,nan,nan
fashion_mnist,topk_softmax_05,8,14,0.3397335410118103,0.87125,0.8722292790840884,0.3542068960765998,0.5,3.04921355843544,nan,nan
fashion_mnist,topk_softmax_05,8,15,0.3340389132499695,0.874,0.8756283510826899,0.35057615612943965,0.5,3.044812565048536,nan,nan
fashion_mnist,topk_softmax_05,8,16,0.3275369703769684,0.8730833333333333,0.8739304869527226,0.34579404691855115,0.5,3.0312206397453942,nan,nan
fashion_mnist,topk_softmax_05,8,17,0.3201625943183899,0.87625,0.8756201975179074,0.3515196889638901,0.5,3.0264976074298224,nan,nan
fashion_mnist,topk_softmax_05,8,18,0.31260210275650024,0.8746666666666667,0.87622376066565,0.3407784514129162,0.5,3.023766189813614,nan,nan
fashion_mnist,topk_softmax_05,8,19,0.3083256781101227,0.8778333333333334,0.8787522197107908,0.33394473294417065,0.5,3.0166061222553253,nan,nan
fashion_mnist,topk_softmax_05,8,20,0.3081435561180115,0.875,0.8739394462824809,0.3436838674048583,0.5,3.0181298504273095,nan,nan
fashion_mnist,topk_softmax_05,8,21,0.3020915687084198,0.8791666666666667,0.8797058229377452,0.32851631691058475,0.5,3.013873130083084,nan,nan
fashion_mnist,topk_softmax_05,8,22,0.29541486501693726,0.8783333333333333,0.8792525925784119,0.33117728928724927,0.5,3.010554393132528,nan,nan
fashion_mnist,topk_softmax_05,8,23,0.28957539796829224,0.88375,0.8840820658923676,0.3233878742903471,0.5,3.0133685022592545,nan,nan
fashion_mnist,topk_softmax_05,8,24,0.28795313835144043,0.8823333333333333,0.8811198593067651,0.3307735174894333,0.5,3.001793220639229,nan,nan
fashion_mnist,topk_softmax_05,8,25,0.2866494655609131,0.88375,0.8839520107727064,0.31999988357226056,0.5,2.999202777942022,nan,nan
fashion_mnist,topk_softmax_05,8,26,0.27816593647003174,0.88925,0.8899920236128729,0.3175872825086117,0.5,3.004273091753324,nan,nan
fashion_mnist,topk_softmax_05,8,27,0.2743835151195526,0.8881666666666667,0.889692715171455,0.32007565287252265,0.5,3.0004938741525016,nan,nan
fashion_mnist,topk_softmax_05,8,28,0.2710171043872833,0.8828333333333334,0.8841886233820595,0.3137076658507188,0.5,2.9935846080382666,nan,nan
fashion_mnist,topk_softmax_05,8,29,0.26615414023399353,0.8875833333333333,0.8882349965076693,0.3177949960033099,0.5,2.991592655579249,nan,nan
fashion_mnist,topk_softmax_05,9,0,1.3821301460266113,0.71725,0.7128691284562698,0.7851895714799563,0.5,3.193236286441485,nan,nan
fashion_mnist,topk_softmax_05,9,1,0.6912083625793457,0.7965833333333333,0.7924320484284069,0.5627099225918452,0.5,3.18285308778286,nan,nan
fashion_mnist,topk_softmax_05,9,2,0.5701311826705933,0.8123333333333334,0.808864154522505,0.506587989628315,0.5,3.1688407957553864,nan,nan
fashion_mnist,topk_softmax_05,9,3,0.5244957208633423,0.8225833333333333,0.8240680657638453,0.4805089309811592,0.5,3.16030224164327,nan,nan
fashion_mnist,topk_softmax_05,9,4,0.48600536584854126,0.83775,0.837240949082573,0.44590600207448006,0.5,3.149335657556852,nan,nan
fashion_mnist,topk_softmax_05,9,5,0.46364498138427734,0.8449166666666666,0.8426956296120632,0.4265419964989026,0.5,3.1406923780838647,nan,nan
fashion_mnist,topk_softmax_05,9,6,0.441661536693573,0.8475,0.8457450363085691,0.40995753680666286,0.5,3.132800981402397,nan,nan
fashion_mnist,topk_softmax_05,9,7,0.42066097259521484,0.8493333333333334,0.8483309282772608,0.4085872173309326,0.5,3.1242752969264984,nan,nan
fashion_mnist,topk_softmax_05,9,8,0.40315791964530945,0.8524166666666667,0.8469351195946769,0.40409572174151737,0.5,3.122909739613533,nan,nan
fashion_mnist,topk_softmax_05,9,9,0.3922165632247925,0.8609166666666667,0.8583814144558103,0.3723929151892662,0.5,3.1143944561481476,nan,nan
fashion_mnist,topk_softmax_05,9,10,0.38491666316986084,0.86,0.859259311003324,0.37570447102189064,0.5,3.1108671575784683,nan,nan
fashion_mnist,topk_softmax_05,9,11,0.37487372756004333,0.8585833333333334,0.8587928533577589,0.36966971556345624,0.5,3.0999198853969574,nan,nan
fashion_mnist,topk_softmax_05,9,12,0.3621082901954651,0.8649166666666667,0.8637242141842039,0.3626981129248937,0.5,3.1077272097269693,nan,nan
fashion_mnist,topk_softmax_05,9,13,0.3559010922908783,0.8690833333333333,0.8687092178958948,0.34691596279541653,0.5,3.097148393591245,nan,nan
fashion_mnist,topk_softmax_05,9,14,0.3524400293827057,0.8689166666666667,0.868247789525423,0.3532528815170129,0.5,3.0990961839755378,nan,nan
fashion_mnist,topk_softmax_05,9,15,0.3415597081184387,0.8736666666666667,0.8726385500124811,0.3379138795038064,0.5,3.0918263693650565,nan,nan
fashion_mnist,topk_softmax_05,9,16,0.33485570549964905,0.8719166666666667,0.8720208534769934,0.34099961320559186,0.5,3.085517560442289,nan,nan
fashion_mnist,topk_softmax_05,9,17,0.32737597823143005,0.8771666666666667,0.8767245133579331,0.33284391835331917,0.5,3.078565830985705,nan,nan
fashion_mnist,topk_softmax_05,9,18,0.32493993639945984,0.8773333333333333,0.8770385231246148,0.3277001443008582,0.5,3.073162466287613,nan,nan
fashion_mnist,topk_softmax_05,9,19,0.31641098856925964,0.87975,0.8787164043256908,0.3227274529635906,0.5,3.072831377387047,nan,nan
fashion_mnist,topk_softmax_05,9,20,0.3125929534435272,0.8798333333333334,0.8795474354669229,0.3190964348614216,0.5,3.0702437261740365,nan,nan
fashion_mnist,topk_softmax_05,9,21,0.30567467212677,0.8750833333333333,0.8748835832775935,0.3257557998100917,0.5,3.0622941752274833,nan,nan
fashion_mnist,topk_softmax_05,9,22,0.30175089836120605,0.8788333333333334,0.8800120424774656,0.31826090936859447,0.5,3.0486038674910865,nan,nan
fashion_mnist,topk_softmax_05,9,23,0.29707902669906616,0.882,0.8821081158851621,0.3072530794888735,0.5,3.038503184914589,nan,nan
fashion_mnist,topk_softmax_05,9,24,0.29301220178604126,0.88575,0.8851569145898788,0.3141332380473614,0.5,3.042260060707728,nan,nan
fashion_mnist,topk_softmax_05,9,25,0.2856957018375397,0.8833333333333333,0.8822612279197333,0.31365992811818916,0.5,3.0401564737161,nan,nan
fashion_mnist,topk_softmax_05,9,26,0.2833542227745056,0.88475,0.8840158344463923,0.3135673658301433,0.5,3.024867817759514,nan,nan
fashion_mnist,topk_softmax_05,9,27,0.27690979838371277,0.885,0.8855599468086777,0.3069546017795801,0.5,3.028492917617162,nan,nan
fashion_mnist,topk_softmax_05,9,28,0.27519798278808594,0.88375,0.8821593180099399,0.3120147759715716,0.5,3.027737110853195,nan,nan
fashion_mnist,topk_softmax_05,9,29,0.27021464705467224,0.8851666666666667,0.8851031374338529,0.30977093428373337,0.5,3.0209317952394485,nan,nan
fashion_mnist,sparsemax,0,0,1.2578773498535156,0.7535,0.7469070188459495,0.6744990820686022,0.4559857463464141,2.6425006265441575,nan,nan
fashion_mnist,sparsemax,0,1,0.6129276156425476,0.8133333333333334,0.8106705319081715,0.5181805665294329,0.425367225582401,2.572441078722477,nan,nan
fashion_mnist,sparsemax,0,2,0.5251710414886475,0.8295833333333333,0.826019298083156,0.47815705587466556,0.4104784643277526,2.5428327520688376,nan,nan
fashion_mnist,sparsemax,0,3,0.4746408462524414,0.8395,0.8356554769234531,0.43295572822292644,0.3997452675054471,2.5061050231258073,nan,nan
fashion_mnist,sparsemax,0,4,0.44311875104904175,0.8496666666666667,0.8478056249242776,0.41089986513058346,0.39201455749571323,2.4869305193424225,nan,nan
fashion_mnist,sparsemax,0,5,0.4181027114391327,0.8504166666666667,0.8464366089546838,0.40759224568804103,0.3817059950282176,2.4446835294365883,nan,nan
fashion_mnist,sparsemax,0,6,0.40222978591918945,0.8609166666666667,0.8582859558954714,0.37486734117070836,0.3731131025900443,2.416545016070207,nan,nan
fashion_mnist,sparsemax,0,7,0.38502180576324463,0.8643333333333333,0.8627029182960253,0.3661979486544927,0.3659871065368255,2.3971449583768845,nan,nan
fashion_mnist,sparsemax,0,8,0.37183162569999695,0.8649166666666667,0.8608153806281565,0.36461423461635906,0.3669410602500041,2.4022787859042487,nan,nan
fashion_mnist,sparsemax,0,9,0.36161187291145325,0.8701666666666666,0.8681681741698759,0.3465034229060014,0.3597544028113286,2.3810054833690324,nan,nan
fashion_mnist,sparsemax,0,10,0.35262617468833923,0.8774166666666666,0.8752955709877881,0.3373442105948925,0.3501034692550699,2.3507581601540246,nan,nan
fashion_mnist,sparsemax,0,11,0.3431580066680908,0.87275,0.8696767627233715,0.3395453368624051,0.3499511834233999,2.3623285988966622,nan,nan
fashion_mnist,sparsemax,0,12,0.3372056782245636,0.8773333333333333,0.8763206696462491,0.33414602776368457,0.3474235460162163,2.350158303976059,nan,nan
fashion_mnist,sparsemax,0,13,0.32793128490448,0.87925,0.8770081144868188,0.32802598426739377,0.3429887794579069,2.337971712152163,nan,nan
fashion_mnist,sparsemax,0,14,0.3180750906467438,0.8789166666666667,0.8781630827684903,0.3293522074818611,0.34236717379341525,2.3417512799302735,nan,nan
fashion_mnist,sparsemax,0,15,0.3147536814212799,0.87875,0.8750960295171814,0.32902415096759796,0.33507303552081186,2.3132370536526046,nan,nan
fashion_mnist,sparsemax,0,16,0.3056553602218628,0.8781666666666667,0.8778980373988958,0.3214421048760414,0.3366969485456745,2.325169213116169,nan,nan
fashion_mnist,sparsemax,0,17,0.29614365100860596,0.8809166666666667,0.8806805425404939,0.32201526686549187,0.32963423275699216,2.287984386086464,nan,nan
fashion_mnist,sparsemax,0,18,0.29844930768013,0.8850833333333333,0.8813349256038648,0.32053570076823235,0.3301578676328063,2.3076313535372415,nan,nan
fashion_mnist,sparsemax,0,19,0.2864234447479248,0.8878333333333334,0.8869963479744827,0.3022081144154072,0.32343300183614093,2.2803390150268874,nan,nan
fashion_mnist,sparsemax,0,20,0.2874792814254761,0.88325,0.8835682878753733,0.3205892741680145,0.3213917923470338,2.2750201572974524,nan,nan
fashion_mnist,sparsemax,0,21,0.27871036529541016,0.8844166666666666,0.8837111910566829,0.3082285573085149,0.31906672722349566,2.2658968145648637,nan,nan
fashion_mnist,sparsemax,0,22,0.28132864832878113,0.8853333333333333,0.8831269047213721,0.3111887214084466,0.3188343858346343,2.273792877793312,nan,nan
fashion_mnist,sparsemax,0,23,0.26767057180404663,0.8910833333333333,0.8909337254927273,0.3093026615679264,0.3133884286507964,2.2569537113110223,nan,nan
fashion_mnist,sparsemax,0,24,0.26246368885040283,0.89025,0.8894251515759471,0.3047374499340852,0.3152017571652929,2.259807787835598,nan,nan
fashion_mnist,sparsemax,0,25,0.2601233124732971,0.8878333333333334,0.8879547292640408,0.30626370509465534,0.31054275079319876,2.2489717230200768,nan,nan
fashion_mnist,sparsemax,0,26,0.25848057866096497,0.8855,0.8854929561706563,0.3146237110098203,0.3069190150126815,2.245492691795031,nan,nan
fashion_mnist,sparsemax,0,27,0.25449293851852417,0.89,0.8895331915546791,0.302204642444849,0.3090998226155837,2.244051955640316,nan,nan
fashion_mnist,sparsemax,0,28,0.2521396577358246,0.8915,0.8901812295692174,0.3013085437317689,0.30504673812538385,2.2346166570981345,nan,nan
fashion_mnist,sparsemax,0,29,0.24795998632907867,0.89175,0.8898010262181766,0.3052232253054778,0.3029972945029537,2.2253943383693695,nan,nan
fashion_mnist,sparsemax,1,0,1.2779669761657715,0.7591666666666667,0.7475050015469897,0.651212270061175,0.40218376647681,2.488254725933075,nan,nan
fashion_mnist,sparsemax,1,1,0.6016282439231873,0.8161666666666667,0.811227306256115,0.5117863938212395,0.3870135750621557,2.4558588539560637,nan,nan
fashion_mnist,sparsemax,1,2,0.5172087550163269,0.82675,0.821943248914617,0.479449396332105,0.3767582392320037,2.4334454039732614,nan,nan
fashion_mnist,sparsemax,1,3,0.4680479168891907,0.8378333333333333,0.8368046527087397,0.4388355078796546,0.3695794229085247,2.409032923479875,nan,nan
fashion_mnist,sparsemax,1,4,0.4413663148880005,0.8371666666666666,0.8337050467257129,0.43412870292862255,0.3636814756318927,2.401733291645845,nan,nan
fashion_mnist,sparsemax,1,5,0.42007431387901306,0.8484166666666667,0.8436351382284364,0.4162985322376092,0.3569441409781575,2.3905250082413354,nan,nan
fashion_mnist,sparsemax,1,6,0.40230339765548706,0.84975,0.8478156859169799,0.40077616398533183,0.35335670473674935,2.3917135695616403,nan,nan
fashion_mnist,sparsemax,1,7,0.3850876986980438,0.8543333333333333,0.8535859995226588,0.3909278263648351,0.34620985978593427,2.3762861788272858,nan,nan
fashion_mnist,sparsemax,1,8,0.3757786750793457,0.8560833333333333,0.8552792890706508,0.3848981360594432,0.3388087966789802,2.3558107192317643,nan,nan
fashion_mnist,sparsemax,1,9,0.3660222291946411,0.86425,0.8604646558611228,0.37403345853090286,0.337476944240431,2.3544471859931946,nan,nan
fashion_mnist,sparsemax,1,10,0.3553958535194397,0.8678333333333333,0.8672957977745834,0.35974952826897305,0.334039269015193,2.3476014335950217,nan,nan
fashion_mnist,sparsemax,1,11,0.3467593491077423,0.86875,0.8674829308757351,0.3625275368491809,0.3260743285839756,2.3264827877283096,nan,nan
fashion_mnist,sparsemax,1,12,0.33797815442085266,0.8715833333333334,0.8709428625948721,0.3514801152050495,0.3279100864504774,2.3199432070056596,nan,nan
fashion_mnist,sparsemax,1,13,0.33327817916870117,0.872,0.8702765405779227,0.3547494945426782,0.3209728865573804,2.3007834355036416,nan,nan
fashion_mnist,sparsemax,1,14,0.32195183634757996,0.877,0.8752801833065789,0.34286567692955333,0.3244463689625263,2.32027896742026,nan,nan
fashion_mnist,sparsemax,1,15,0.3178679049015045,0.873,0.8695909236390958,0.34376896048585576,0.3197734532877803,2.2997964918613434,nan,nan
fashion_mnist,sparsemax,1,16,0.3143705427646637,0.8704166666666666,0.8719246018721307,0.3471672435601552,0.3156095740074913,2.2848871996005378,nan,nan
fashion_mnist,sparsemax,1,17,0.3121093213558197,0.87375,0.8709359970648283,0.3464285048345725,0.31778437985728186,2.2814915056029954,nan,nan
fashion_mnist,sparsemax,1,18,0.3061278462409973,0.8798333333333334,0.8783123410148406,0.3403286449611187,0.3089490743974845,2.262819158534209,nan,nan
fashion_mnist,sparsemax,1,19,0.3005662262439728,0.871,0.8705963575623775,0.3631025229891141,0.3031717883422971,2.234588878850142,nan,nan
fashion_mnist,sparsemax,1,20,0.2959202527999878,0.8790833333333333,0.8769451090415785,0.33042413741350174,0.3035612537836035,2.2488052199284234,nan,nan
fashion_mnist,sparsemax,1,21,0.2859513759613037,0.8840833333333333,0.8821294342327229,0.32350332910815877,0.3003797320028146,2.233499859770139,nan,nan
fashion_mnist,sparsemax,1,22,0.2813490927219391,0.8796666666666667,0.8777802562106622,0.33383922403057414,0.2955417800694704,2.2149601380030313,nan,nan
fashion_mnist,sparsemax,1,23,0.28275102376937866,0.88225,0.8813621117889594,0.3232226607700189,0.2934547796224554,2.213797931869825,nan,nan
fashion_mnist,sparsemax,1,24,0.27594950795173645,0.8738333333333334,0.8717803284017686,0.34663515786329907,0.29048949604233104,2.198417325814565,nan,nan
fashion_mnist,sparsemax,1,25,0.2705402970314026,0.8855833333333333,0.8835523187921656,0.31768888731797534,0.28790220028410357,2.1822996512055397,nan,nan
fashion_mnist,sparsemax,1,26,0.2648060619831085,0.88325,0.8806396832823851,0.32724448417623836,0.28745138210554916,2.1762939170002937,nan,nan
fashion_mnist,sparsemax,1,27,0.2593550682067871,0.8876666666666667,0.8865025428574336,0.3223026717702548,0.28301722804705304,2.1699500307440758,nan,nan
fashion_mnist,sparsemax,1,28,0.25798478722572327,0.882,0.8807179669233971,0.32370058943827945,0.28487504242608946,2.17728461821874,nan,nan
fashion_mnist,sparsemax,1,29,0.2573978304862976,0.8855833333333333,0.8844324731174102,0.3169334965447585,0.27902809499452513,2.15233746667703,nan,nan
fashion_mnist,sparsemax,2,0,1.2011858224868774,0.7739166666666667,0.7698012632945719,0.632038339972496,0.45107589320590097,2.5676434511939683,nan,nan
fashion_mnist,sparsemax,2,1,0.5850606560707092,0.8101666666666667,0.8058312515220493,0.528891671448946,0.43389988349129754,2.569473057985306,nan,nan
fashion_mnist,sparsemax,2,2,0.5068274140357971,0.83275,0.8303609649326151,0.47184161345163983,0.4225263698026538,2.52961482355992,nan,nan
fashion_mnist,sparsemax,2,3,0.46841636300086975,0.8378333333333333,0.8357975360131091,0.4506085167328517,0.4129898560543855,2.506524962683519,nan,nan
fashion_mnist,sparsemax,2,4,0.4461873471736908,0.8464166666666667,0.8423574565864536,0.43200793986519176,0.4003499789784352,2.4698351124922433,nan,nan
fashion_mnist,sparsemax,2,5,0.4197205901145935,0.855,0.8529210051326631,0.4032900743186474,0.39561741550763446,2.4664483095208802,nan,nan
fashion_mnist,sparsemax,2,6,0.404340922832489,0.8498333333333333,0.8477677649363301,0.41159240528941154,0.38020882724473876,2.4216559479633966,nan,nan
fashion_mnist,sparsemax,2,7,0.3867122530937195,0.8590833333333333,0.8591357019454631,0.3876604860027631,0.3686443008482456,2.411321739355723,nan,nan
fashion_mnist,sparsemax,2,8,0.3743596374988556,0.86425,0.8628534652856941,0.3718975707888603,0.35936532945682603,2.3786356821656227,nan,nan
fashion_mnist,sparsemax,2,9,0.37240874767303467,0.8635833333333334,0.8648076752775561,0.36926165595650673,0.35790932675202686,2.3911549746990204,nan,nan
fashion_mnist,sparsemax,2,10,0.35397017002105713,0.8578333333333333,0.8562758436037299,0.3792841446896394,0.34808753710240126,2.351476915180683,nan,nan
fashion_mnist,sparsemax,2,11,0.3526206314563751,0.8695833333333334,0.8705572003585209,0.3533194363117218,0.34035916564365226,2.3274605001012483,nan,nan
fashion_mnist,sparsemax,2,12,0.3395799696445465,0.8666666666666667,0.8657273509866951,0.36521268263459206,0.33612637035548687,2.3104181960225105,nan,nan
fashion_mnist,sparsemax,2,13,0.3354645073413849,0.87675,0.876973255605491,0.3360808193683624,0.33209974070390064,2.306255022684733,nan,nan
fashion_mnist,sparsemax,2,14,0.32435038685798645,0.8759166666666667,0.8738415395305112,0.33475643148024875,0.3248612799992164,2.2778803358475366,nan,nan
fashion_mnist,sparsemax,2,15,0.3210985064506531,0.8785,0.8774452970505775,0.3316599018871784,0.3249159374584754,2.2854703391591706,nan,nan
fashion_mnist,sparsemax,2,16,0.31433340907096863,0.8821666666666667,0.8824285092747381,0.3232114215691884,0.3264992941791813,2.293915065626303,nan,nan
fashion_mnist,sparsemax,2,17,0.30694568157196045,0.8798333333333334,0.8782187641782983,0.3298073324064414,0.3180330715452631,2.2630490213632584,nan,nan
fashion_mnist,sparsemax,2,18,0.3010316789150238,0.8816666666666667,0.881724841657922,0.3224093367656072,0.3164772841458519,2.2641991848746934,nan,nan
fashion_mnist,sparsemax,2,19,0.29348525404930115,0.8846666666666667,0.88453665541173,0.3172725612918536,0.31667295346657437,2.276599906384945,nan,nan
fashion_mnist,sparsemax,2,20,0.2894505262374878,0.8839166666666667,0.8838057269385861,0.32049980759620667,0.315878978309532,2.2715474317471185,nan,nan
fashion_mnist,sparsemax,2,21,0.2886033058166504,0.8864166666666666,0.8867019371958731,0.3144630305469036,0.31463707610964775,2.2595045790076256,nan,nan
fashion_mnist,sparsemax,2,22,0.28154313564300537,0.8845,0.8842222160648427,0.31248412902156514,0.30868085535864037,2.249410298963388,nan,nan
fashion_mnist,sparsemax,2,23,0.2810642123222351,0.88475,0.8834650455476043,0.31274648010730743,0.30444824788719416,2.225303148229917,nan,nan
fashion_mnist,sparsemax,2,24,0.27424150705337524,0.88325,0.8819793161729562,0.3196282597879569,0.3020622261489431,2.225306955476602,nan,nan
fashion_mnist,sparsemax,2,25,0.270732581615448,0.8875,0.886329937091976,0.3080359349648158,0.29961820350339013,2.2164687340458236,nan,nan
fashion_mnist,sparsemax,2,26,0.2683120667934418,0.885,0.8842806912573768,0.3158514878402154,0.2971862821529309,2.203631510337194,nan,nan
fashion_mnist,sparsemax,2,27,0.26512813568115234,0.8846666666666667,0.883274686557854,0.3142577037215233,0.29765360460927087,2.208793173233668,nan,nan
fashion_mnist,sparsemax,2,28,0.2617809474468231,0.8860833333333333,0.8866785539541923,0.310898723701636,0.2911535430078705,2.1922949478030205,nan,nan
fashion_mnist,sparsemax,2,29,0.254180908203125,0.8888333333333334,0.8888632795633884,0.305276529242595,0.29020827015240985,2.1858451291918755,nan,nan
fashion_mnist,sparsemax,3,0,1.2691270112991333,0.73,0.7197202558029454,0.7132392177979151,0.4525371917213003,2.631958022713661,nan,nan
fashion_mnist,sparsemax,3,1,0.6191604733467102,0.8011666666666667,0.7982470578312774,0.5530699975788593,0.43618353890875977,2.5697927474975586,nan,nan
fashion_mnist,sparsemax,3,2,0.5183519124984741,0.827,0.824916338181159,0.48467906937003136,0.4267520805199941,2.549160604675611,nan,nan
fashion_mnist,sparsemax,3,3,0.4727315604686737,0.8335,0.831569300089549,0.4653789848089218,0.41905316648383933,2.5241053700447083,nan,nan
fashion_mnist,sparsemax,3,4,0.4498470723628998,0.8455833333333334,0.8446879493071628,0.430991068482399,0.41167686879634857,2.4983508214354515,nan,nan
fashion_mnist,sparsemax,3,5,0.4236947298049927,0.85,0.8492858413620915,0.4201138826707999,0.41393272299319506,2.503142533202966,nan,nan
fashion_mnist,sparsemax,3,6,0.4054499566555023,0.8511666666666666,0.8485297539910033,0.4080326209465663,0.408549215644598,2.4911158606410027,nan,nan
fashion_mnist,sparsemax,3,7,0.38566696643829346,0.8500833333333333,0.8467976965790838,0.4016123227775097,0.40398198924958706,2.475415788590908,nan,nan
fashion_mnist,sparsemax,3,8,0.3809434175491333,0.8649166666666667,0.8633903304138096,0.37444878990451497,0.3963900472347935,2.458671323955059,nan,nan
fashion_mnist,sparsemax,3,9,0.3613801896572113,0.86175,0.8620024333118883,0.37230473135908443,0.38873975320408743,2.432378033796946,nan,nan
fashion_mnist,sparsemax,3,10,0.3572305142879486,0.8639166666666667,0.8618675104940324,0.3689337223768234,0.38688797410577536,2.423449811836084,nan,nan
fashion_mnist,sparsemax,3,11,0.34614139795303345,0.8631666666666666,0.8609874069254634,0.3718660809099674,0.38328701847543317,2.422226411600908,nan,nan
fashion_mnist,sparsemax,3,12,0.3409246504306793,0.8660833333333333,0.8657196515204584,0.36537424350778264,0.3794050508489211,2.413107710580031,nan,nan
fashion_mnist,sparsemax,3,13,0.32967591285705566,0.87,0.8655576764791855,0.3525036424398422,0.37461269677927095,2.3978361561894417,nan,nan
fashion_mnist,sparsemax,3,14,0.3222463130950928,0.8728333333333333,0.868859202599427,0.3504815027117729,0.37234262594332296,2.395825780928135,nan,nan
fashion_mnist,sparsemax,3,15,0.31143563985824585,0.8775,0.8771749791474065,0.3410174523790677,0.366031462016205,2.375135642786821,nan,nan
fashion_mnist,sparsemax,3,16,0.30691927671432495,0.87,0.8702457571288758,0.3506464163462321,0.3595223433027665,2.3582750260829926,nan,nan
fashion_mnist,sparsemax,3,17,0.3026612102985382,0.8795,0.8772788190636861,0.33261947830518085,0.35694734038164216,2.3532123044133186,nan,nan
fashion_mnist,sparsemax,3,18,0.2962467670440674,0.8828333333333334,0.8820644664789216,0.32605226213733357,0.35509229482462007,2.354567311704159,nan,nan
fashion_mnist,sparsemax,3,19,0.2890811562538147,0.8766666666666667,0.8771006486377425,0.33238743990659714,0.35225739050656557,2.3426195830106735,nan,nan
fashion_mnist,sparsemax,3,20,0.28821736574172974,0.88225,0.8812427489672092,0.32895854239662486,0.34384484495967627,2.3231589694817862,nan,nan
fashion_mnist,sparsemax,3,21,0.28245657682418823,0.8816666666666667,0.8804590105829313,0.3290693523983161,0.3458730795731147,2.3347143679857254,nan,nan
fashion_mnist,sparsemax,3,22,0.27469244599342346,0.8759166666666667,0.8753790358166592,0.34293968478838605,0.33924991947909194,2.3101137628157935,nan,nan
fashion_mnist,sparsemax,3,23,0.2754117548465729,0.87775,0.8765124947297128,0.33514221633474034,0.3390723367532094,2.304193335274855,nan,nan
fashion_mnist,sparsemax,4,0,1.2816251516342163,0.7455,0.7419359464683997,0.6937288865447044,0.4593388317152858,2.6374782944718995,nan,nan
fashion_mnist,sparsemax,4,1,0.6232070922851562,0.8075,0.8049350854941295,0.5214086957275867,0.4282867672542731,2.532251812517643,nan,nan
fashion_mnist,sparsemax,4,2,0.5137159824371338,0.8203333333333334,0.8207107829380285,0.49244091908137005,0.40653311647474766,2.485769398510456,nan,nan
fashion_mnist,sparsemax,4,3,0.4667867422103882,0.84025,0.8380157939859096,0.4368118631343047,0.3928340207785368,2.4476172998547554,nan,nan
fashion_mnist,sparsemax,4,4,0.44322481751441956,0.85025,0.8474645242543748,0.41502700994412106,0.39003477804362774,2.4298112566272416,nan,nan
fashion_mnist,sparsemax,4,5,0.4158003330230713,0.84875,0.8469179746053813,0.41602589190006256,0.3817686075344682,2.4211564734578133,nan,nan
fashion_mnist,sparsemax,4,6,0.40172258019447327,0.8563333333333333,0.8533025535110761,0.39541113873322803,0.36628033810605604,2.3676097616553307,nan,nan
fashion_mnist,sparsemax,4,7,0.38715845346450806,0.8615,0.8599555115963898,0.3815855545302232,0.35877422864238423,2.3498208870490394,nan,nan
fashion_mnist,sparsemax,4,8,0.37533849477767944,0.8613333333333333,0.8615724453653689,0.3841769906381766,0.3573260937506954,2.346140851577123,nan,nan
fashion_mnist,sparsemax,4,9,0.3633410632610321,0.85975,0.8598221483131067,0.38931689659754437,0.3516263139123718,2.3376009638110795,nan,nan
fashion_mnist,sparsemax,4,10,0.3536864221096039,0.8620833333333333,0.8600546790129814,0.38033046449224156,0.35127748424808186,2.3337344576915107,nan,nan
fashion_mnist,sparsemax,4,11,0.3457927107810974,0.8644166666666667,0.8624261318191853,0.3686244475344817,0.3480661396558086,2.3329415693879128,nan,nan
fashion_mnist,sparsemax,4,12,0.34300029277801514,0.8689166666666667,0.868124152279764,0.35449433078368503,0.34168387080232304,2.3082175850868225,nan,nan
fashion_mnist,sparsemax,4,13,0.3313082456588745,0.8763333333333333,0.874259112391799,0.3430587910115719,0.3406423448274533,2.3185510089000068,nan,nan
fashion_mnist,sparsemax,4,14,0.32080453634262085,0.8740833333333333,0.8729589180977293,0.345867034047842,0.33421143268545467,2.2938402766982713,nan,nan
fashion_mnist,sparsemax,4,15,0.3169806897640228,0.87825,0.8772462712971881,0.33912395561734837,0.33252248261123896,2.3021507635712624,nan,nan
fashion_mnist,sparsemax,4,16,0.3136836290359497,0.8771666666666667,0.875962344735974,0.3391708719233672,0.330374753413101,2.2999302521348,nan,nan
fashion_mnist,sparsemax,4,17,0.3046492338180542,0.879,0.8773776277695106,0.3299519730110963,0.3291005582238237,2.299447017411391,nan,nan
fashion_mnist,sparsemax,4,18,0.29852887988090515,0.8786666666666667,0.8760070445809396,0.33642443642020226,0.3287526151786248,2.302265557150046,nan,nan
fashion_mnist,sparsemax,4,19,0.29467374086380005,0.87725,0.8756809804841635,0.333609772225221,0.32431224019577104,2.295611930390199,nan,nan
fashion_mnist,sparsemax,4,20,0.2907794415950775,0.8794166666666666,0.8792626181577259,0.334663766125838,0.32213945997258026,2.289591540892919,nan,nan
fashion_mnist,sparsemax,4,21,0.2840874195098877,0.8795833333333334,0.8794838857921023,0.32917270809412,0.3198057220627864,2.28659401088953,nan,nan
fashion_mnist,sparsemax,4,22,0.2815839648246765,0.8836666666666667,0.8816148405674294,0.323924008756876,0.3144055549055338,2.271292023360729,nan,nan
fashion_mnist,sparsemax,4,23,0.2776133120059967,0.8821666666666667,0.8808323872799724,0.3224724406997363,0.3150918542717894,2.2775600825746856,nan,nan
fashion_mnist,sparsemax,4,24,0.2712656557559967,0.8796666666666667,0.878848653664029,0.33241717020670575,0.3143100095912814,2.282270923256874,nan,nan
fashion_mnist,sparsemax,4,25,0.2720651626586914,0.8845833333333334,0.8842062299821583,0.31641602143645287,0.312397498326997,2.2734406615297,nan,nan
fashion_mnist,sparsemax,4,26,0.26109078526496887,0.8818333333333334,0.8813957003786838,0.3241620796422164,0.3077252482374509,2.2629876857002578,nan,nan
fashion_mnist,sparsemax,4,27,0.25891566276550293,0.8849166666666667,0.8836636939881363,0.31611081833640736,0.3051092547054092,2.255288856724898,nan,nan
fashion_mnist,sparsemax,4,28,0.25428125262260437,0.88375,0.8822905338277394,0.3369091997543971,0.301525682831804,2.242582954466343,nan,nan
fashion_mnist,sparsemax,4,29,0.2540212571620941,0.8860833333333333,0.8852596360151528,0.3141243625432253,0.3002619069690506,2.233594881991545,nan,nan
fashion_mnist,sparsemax,5,0,1.187984824180603,0.7810833333333334,0.7757052277008686,0.6209734330574671,0.40325447854896385,2.5311882173021636,nan,nan
fashion_mnist,sparsemax,5,1,0.5731844902038574,0.817,0.8105294630542191,0.5032858413954576,0.3925133543089032,2.5078315188487372,nan,nan
fashion_mnist,sparsemax,5,2,0.48788097500801086,0.8334166666666667,0.8312737859156268,0.45997073749701184,0.37943909006814164,2.4604265118638673,nan,nan
fashion_mnist,sparsemax,5,3,0.4580872058868408,0.8398333333333333,0.8345449626495341,0.43361713861425716,0.3678959372142951,2.419879804054896,nan,nan
fashion_mnist,sparsemax,5,4,0.4315706491470337,0.84575,0.8428084519749632,0.41456299647688866,0.3541813405851523,2.3816252102454505,nan,nan
fashion_mnist,sparsemax,5,5,0.4083629250526428,0.85125,0.849195569132678,0.4020853874584039,0.351245582724611,2.3614548767606416,nan,nan
fashion_mnist,sparsemax,5,6,0.3968577980995178,0.8545,0.8527754026188603,0.39235469574729603,0.34414409939199686,2.3417926828066506,nan,nan
fashion_mnist,sparsemax,5,7,0.37886926531791687,0.8616666666666667,0.8599509922129386,0.37165555482109386,0.3418531793480118,2.3537385538220406,nan,nan
fashion_mnist,sparsemax,5,8,0.366252601146698,0.8539166666666667,0.846856744488979,0.39264344175656635,0.3432367655138175,2.3595955769220986,nan,nan
fashion_mnist,sparsemax,5,9,0.3608822524547577,0.8645,0.8626196432774677,0.36363542328278226,0.33613795693963766,2.3296023358901343,nan,nan
fashion_mnist,sparsemax,5,10,0.34754180908203125,0.8676666666666667,0.862939458113909,0.3558781022826831,0.3332098722457886,2.319308208922545,nan,nan
fashion_mnist,sparsemax,5,11,0.34015733003616333,0.872,0.8692569246769265,0.3501078287760417,0.33172008115798235,2.323478877544403,nan,nan
fashion_mnist,sparsemax,5,12,0.3327173888683319,0.8718333333333333,0.8702774023758852,0.3442014033595721,0.32646759661535424,2.3028914084037146,nan,nan
fashion_mnist,sparsemax,5,13,0.32482248544692993,0.8708333333333333,0.8702439902409264,0.34935499479373294,0.32321486963580054,2.294726848602295,nan,nan
fashion_mnist,sparsemax,5,14,0.32084354758262634,0.8739166666666667,0.8701736755553,0.3465932210286458,0.31816025357693434,2.271130621433258,nan,nan
fashion_mnist,sparsemax,5,15,0.314831018447876,0.8710833333333333,0.8697893130970542,0.34690914303064346,0.31768056998650235,2.277136631309986,nan,nan
fashion_mnist,sparsemax,5,16,0.3083435893058777,0.87175,0.869620030430873,0.34165384992957115,0.31441135828693706,2.2508538266023,nan,nan
fashion_mnist,sparsemax,5,17,0.3013550639152527,0.875,0.8753752589192713,0.3420242282251517,0.31145299567530554,2.2445305908719697,nan,nan
fashion_mnist,sparsemax,5,18,0.29875704646110535,0.8775833333333334,0.8766079856175792,0.3353470042347908,0.31066470717390376,2.2487834046284356,nan,nan
fashion_mnist,sparsemax,5,19,0.2904893457889557,0.8784166666666666,0.8770453621358024,0.3261494127412637,0.30803195262948674,2.2405075430870056,nan,nan
fashion_mnist,sparsemax,5,20,0.285782128572464,0.878,0.8771416624337954,0.33863956729571026,0.3034174827237924,2.2172886207699776,nan,nan
fashion_mnist,sparsemax,5,21,0.28142422437667847,0.8805833333333334,0.8791471879372817,0.3258701612552007,0.30197663387904566,2.2153919587532678,nan,nan
fashion_mnist,sparsemax,5,22,0.2858470678329468,0.8754166666666666,0.8728236245720506,0.3324119175473849,0.29773757979273796,2.204016993443171,nan,nan
fashion_mnist,sparsemax,5,23,0.28167879581451416,0.8751666666666666,0.8707963817555578,0.34333916877706844,0.295955334790051,2.193861280878385,nan,nan
fashion_mnist,sparsemax,5,24,0.2744382917881012,0.88075,0.8790262146644873,0.32155778879920643,0.29676721058785915,2.19934352238973,nan,nan
fashion_mnist,sparsemax,5,25,0.27171728014945984,0.88225,0.8808005893123738,0.3253456229964892,0.29468199362357456,2.189625456929207,nan,nan
fashion_mnist,sparsemax,5,26,0.26422742009162903,0.8818333333333334,0.8795301970072181,0.32988982896010083,0.2929060248037179,2.1852223177750907,nan,nan
fashion_mnist,sparsemax,5,27,0.2625965178012848,0.8798333333333334,0.8773988008834668,0.3332866181929906,0.2929252665489912,2.1897795548041663,nan,nan
fashion_mnist,sparsemax,5,28,0.2624669373035431,0.8799166666666667,0.8794249227178375,0.32280487443010014,0.2914581308141351,2.1903672764698663,nan,nan
fashion_mnist,sparsemax,5,29,0.25678491592407227,0.8765,0.8761003018256288,0.3307274505496025,0.2897093230858445,2.1768144220113754,nan,nan
fashion_mnist,sparsemax,6,0,1.2913762331008911,0.7074166666666667,0.6995930914509298,0.7682269910971323,0.4049329614887635,2.497933859626452,nan,nan
fashion_mnist,sparsemax,6,1,0.6548405885696411,0.79125,0.7908943321267985,0.5675169676542282,0.3716886155307293,2.409630892177423,nan,nan
fashion_mnist,sparsemax,6,2,0.54803866147995,0.81025,0.8079043968552394,0.5224184542894363,0.3575190333649516,2.3665676936507225,nan,nan
fashion_mnist,sparsemax,6,3,0.4906546175479889,0.833,0.8332839020437433,0.46039430300394696,0.3511778072764476,2.3602634941538176,nan,nan
fashion_mnist,sparsemax,6,4,0.4501454532146454,0.8468333333333333,0.8463797112528939,0.4412700893978278,0.35285298246890306,2.3571343421936035,nan,nan
fashion_mnist,sparsemax,6,5,0.4257454574108124,0.8383333333333334,0.8369104865823737,0.4424349082012971,0.3379314038902521,2.319820707043012,nan,nan
fashion_mnist,sparsemax,6,6,0.40741172432899475,0.8536666666666667,0.8519366458035312,0.4052826687693596,0.33893289665381116,2.3212942903240523,nan,nan
fashion_mnist,sparsemax,6,7,0.3894507586956024,0.8551666666666666,0.8541000708088831,0.40126583849390346,0.33697474903116625,2.3344115118185678,nan,nan
fashion_mnist,sparsemax,6,8,0.37820082902908325,0.8565833333333334,0.854292029029575,0.3959575816988945,0.3277834691107273,2.291240781545639,nan,nan
fashion_mnist,sparsemax,6,9,0.3701339364051819,0.8646666666666667,0.862729048742082,0.37739743043979007,0.32597318353752297,2.299935440222422,nan,nan
fashion_mnist,sparsemax,6,10,0.35505375266075134,0.8634166666666667,0.8606204068709074,0.3733183468381564,0.33063088171184063,2.3162838146090508,nan,nan
fashion_mnist,sparsemax,6,11,0.3507119417190552,0.8694166666666666,0.8669427853050007,0.3597407564520836,0.32519419211894274,2.314937892059485,nan,nan
fashion_mnist,sparsemax,6,12,0.34081876277923584,0.8691666666666666,0.8698378648114067,0.3628093972802162,0.32279256482919055,2.2960012579957643,nan,nan
fashion_mnist,sparsemax,6,13,0.33608680963516235,0.8683333333333333,0.8668379552796365,0.3660895936191082,0.3170031163220604,2.2860505655407906,nan,nan
fashion_mnist,sparsemax,6,14,0.32950472831726074,0.86825,0.8677817601076689,0.3687322835127513,0.31339322372029227,2.269968792796135,nan,nan
fashion_mnist,sparsemax,6,15,0.32813897728919983,0.8773333333333333,0.8763107971327745,0.34198330342769623,0.3100998584801952,2.2618166506290436,nan,nan
fashion_mnist,sparsemax,6,16,0.31182602047920227,0.87375,0.8732135188339003,0.3508031902213891,0.30828004827102023,2.2671868950128555,nan,nan
fashion_mnist,sparsemax,6,17,0.3060605823993683,0.8765833333333334,0.8749339485985195,0.3424527881046136,0.30726052541285753,2.265754925707976,nan,nan
fashion_mnist,sparsemax,6,18,0.3019028902053833,0.87325,0.8713319431084215,0.34216460833946866,0.3042099339266618,2.250166488190492,nan,nan
fashion_mnist,sparsemax,6,19,0.30454644560813904,0.8785,0.876999978105524,0.3345589029292266,0.2971752251808842,2.219445437192917,nan,nan
fashion_mnist,sparsemax,6,20,0.29797786474227905,0.8779166666666667,0.8759338234803897,0.34051833922664326,0.2964985438932975,2.2196266800165176,nan,nan
fashion_mnist,sparsemax,6,21,0.29012179374694824,0.8749166666666667,0.8743094342280715,0.3407419410844644,0.2941755975286166,2.223436782757441,nan,nan
fashion_mnist,sparsemax,6,22,0.28619691729545593,0.8786666666666667,0.878477026945452,0.33812957753737766,0.2972051581988732,2.224016604324182,nan,nan
fashion_mnist,sparsemax,6,23,0.281444251537323,0.87725,0.8779894555775719,0.3396514505147934,0.2852197966227929,2.174058400094509,nan,nan
fashion_mnist,sparsemax,6,24,0.2765626311302185,0.8815833333333334,0.8802802889223876,0.3292088483770688,0.2872683433815837,2.1863329584399858,nan,nan
fashion_mnist,sparsemax,6,25,0.2707345485687256,0.8809166666666667,0.8798877210400686,0.327625323086977,0.28430749227603275,2.1826184516151748,nan,nan
fashion_mnist,sparsemax,6,26,0.2684010863304138,0.8749166666666667,0.8742238387064567,0.34235985949635506,0.2834802574167649,2.173514187335968,nan,nan
fashion_mnist,sparsemax,6,27,0.26641422510147095,0.8855,0.8843255644317294,0.32290099437038106,0.280648694994549,2.1626236339410148,nan,nan
fashion_mnist,sparsemax,6,28,0.25971242785453796,0.8864166666666666,0.8869904601478886,0.3218822181224823,0.28353396368523437,2.176655021806558,nan,nan
fashion_mnist,sparsemax,6,29,0.2592698633670807,0.8858333333333334,0.8843772341012146,0.31451316177845,0.2783561597267787,2.147306320567926,nan,nan
fashion_mnist,sparsemax,7,0,1.2985219955444336,0.7503333333333333,0.7457390796691734,0.6941627636551857,0.44245703238993883,2.5848912919561067,nan,nan
fashion_mnist,sparsemax,7,1,0.6026695370674133,0.8106666666666666,0.8090032195364497,0.5204474404454231,0.4151655100286007,2.519253060221672,nan,nan
fashion_mnist,sparsemax,7,2,0.5034162998199463,0.8235833333333333,0.821131250586296,0.47457407290736836,0.39643272509177524,2.4799989834427834,nan,nan
fashion_mnist,sparsemax,7,3,0.46437445282936096,0.8345833333333333,0.8320103820048251,0.4553200068573157,0.3759048155819376,2.434153772890568,nan,nan
fashion_mnist,sparsemax,7,4,0.43787094950675964,0.8439166666666666,0.8422558433821828,0.41444672147432965,0.36751851874093217,2.4254549021522203,nan,nan
fashion_mnist,sparsemax,7,5,0.4101729691028595,0.8513333333333334,0.849782417943288,0.39823134367664653,0.3657302747791012,2.407346044977506,nan,nan
fashion_mnist,sparsemax,7,6,0.3975479304790497,0.8539166666666667,0.850632069040212,0.3940393614272277,0.35442905376354855,2.3799774845441184,nan,nan
fashion_mnist,sparsemax,7,7,0.38298338651657104,0.85475,0.853213442906345,0.3851194195449352,0.35047910052041215,2.37429129332304,nan,nan
fashion_mnist,sparsemax,7,8,0.3734032213687897,0.8643333333333333,0.8640464128951656,0.3654611346622308,0.34283420133093995,2.359361278514067,nan,nan
fashion_mnist,sparsemax,7,9,0.3618394136428833,0.864,0.8629882504281742,0.36931965003410977,0.33685310153911513,2.3393018369873366,nan,nan
fashion_mnist,sparsemax,7,10,0.3512882888317108,0.8629166666666667,0.8632412438915666,0.36789631595214206,0.332387731410563,2.321451803048452,nan,nan
fashion_mnist,sparsemax,7,11,0.34153035283088684,0.86925,0.8694224152661084,0.356616319467624,0.32845245643208426,2.3118331730365753,nan,nan
fashion_mnist,sparsemax,7,12,0.33398857712745667,0.8676666666666667,0.864894593067158,0.35291115070382756,0.3232132149860263,2.302361940344175,nan,nan
fashion_mnist,sparsemax,7,13,0.3270709216594696,0.8725833333333334,0.8705910285589787,0.3447893063227336,0.3190490311632554,2.2839914759000144,nan,nan
fashion_mnist,sparsemax,7,14,0.31910717487335205,0.87625,0.8755409024952252,0.3301675617694855,0.3128943759948015,2.263991636534532,nan,nan
fashion_mnist,sparsemax,7,15,0.3129814863204956,0.8780833333333333,0.8770839099979305,0.32926376288135845,0.318727164529264,2.299617864191532,nan,nan
fashion_mnist,sparsemax,7,16,0.30702415108680725,0.8803333333333333,0.8798334819533634,0.3238048565884431,0.31280523631721735,2.2694529245297113,nan,nan
fashion_mnist,sparsemax,7,17,0.30156293511390686,0.8816666666666667,0.8822316127780215,0.31973590701818466,0.30967727676033974,2.257741088668505,nan,nan
fashion_mnist,sparsemax,7,18,0.29640498757362366,0.8751666666666666,0.872211133168564,0.34187185764312744,0.3018993999188145,2.2387395898501077,nan,nan
fashion_mnist,sparsemax,7,19,0.2939302623271942,0.8801666666666667,0.8802894007035507,0.3258894346654415,0.2989512911687295,2.22440255433321,nan,nan
fashion_mnist,sparsemax,7,20,0.28912100195884705,0.87425,0.8716075348983668,0.3328977922598521,0.29809616195658845,2.2186730578541756,nan,nan
fashion_mnist,sparsemax,7,21,0.2800869345664978,0.8823333333333333,0.8823788173251416,0.3162063645819823,0.2915965511153142,2.195749059319496,nan,nan
fashion_mnist,sparsemax,7,22,0.2754495441913605,0.882,0.8815763557767425,0.323605015873909,0.2885874394948284,2.1792500764131546,nan,nan
fashion_mnist,sparsemax,7,23,0.2717570662498474,0.8879166666666667,0.887517653451242,0.3077248837798834,0.29032066743820906,2.196739179392656,nan,nan
fashion_mnist,sparsemax,7,24,0.26673322916030884,0.8883333333333333,0.8882088581225643,0.30674527026712894,0.2887946516275406,2.1920034661889076,nan,nan
fashion_mnist,sparsemax,7,25,0.26405367255210876,0.88275,0.8816031075607297,0.32746312643090886,0.28648560121655464,2.1830632711450257,nan,nan
fashion_mnist,sparsemax,7,26,0.26324227452278137,0.8836666666666667,0.8807819565159608,0.319384856770436,0.2827884592115879,2.1673509031534195,nan,nan
fashion_mnist,sparsemax,7,27,0.2567110061645508,0.8840833333333333,0.8839214822206802,0.3199857572714488,0.2835164886588852,2.1733601465821266,nan,nan
fashion_mnist,sparsemax,7,28,0.25170397758483887,0.8884166666666666,0.8883335508112733,0.31477243329087895,0.282050837452213,2.1647826060652733,nan,nan
fashion_mnist,sparsemax,7,29,0.24992860853672028,0.886,0.8846990914795514,0.31232261285185814,0.2779463442663352,2.153019485374292,nan,nan
fashion_mnist,sparsemax,8,0,1.3416364192962646,0.7490833333333333,0.7454072956819233,0.7091134364406267,0.4206520561128855,2.6409130096435547,nan,nan
fashion_mnist,sparsemax,8,1,0.6291443109512329,0.80975,0.8069940814233532,0.5372315446535746,0.3802288180838029,2.491578608751297,nan,nan
fashion_mnist,sparsemax,8,2,0.5169005393981934,0.8176666666666667,0.8158493412502759,0.5128222045799097,0.3661390421912074,2.465484604239464,nan,nan
fashion_mnist,sparsemax,8,3,0.47610756754875183,0.8225833333333333,0.8209422612142966,0.4903782879312833,0.34485661207387847,2.3837286457419395,nan,nan
fashion_mnist,sparsemax,8,4,0.44409608840942383,0.8406666666666667,0.8396034239007364,0.43276388570666313,0.3456668856864174,2.3790988425413766,nan,nan
fashion_mnist,sparsemax,8,5,0.4275379776954651,0.84175,0.8423757821529275,0.4295445730288823,0.3285515522584319,2.320172145962715,nan,nan
fashion_mnist,sparsemax,8,6,0.40447843074798584,0.8541666666666666,0.8530869133902328,0.3985259346663952,0.3220330098023017,2.2940914357701936,nan,nan
fashion_mnist,sparsemax,8,7,0.3904573321342468,0.8576666666666667,0.8562489695497824,0.39162970582644147,0.31463773796955746,2.2734603757659593,nan,nan
fashion_mnist,sparsemax,8,8,0.37897437810897827,0.8565,0.8551775554792451,0.39410531769196194,0.30867091783632833,2.2636136561632156,nan,nan
fashion_mnist,sparsemax,8,9,0.37362754344940186,0.8595,0.8585643554864429,0.3868289925158024,0.3055700271700819,2.2486907616257668,nan,nan
fashion_mnist,sparsemax,8,10,0.3620021641254425,0.8666666666666667,0.8684877776009111,0.3667238640288512,0.30015589483082294,2.236070873836676,nan,nan
fashion_mnist,sparsemax,8,11,0.3486464321613312,0.8693333333333333,0.8689128440198954,0.3558320539693038,0.3021205486729741,2.24982230613629,nan,nan
fashion_mnist,sparsemax,8,12,0.3413490056991577,0.8739166666666667,0.8752495481499469,0.34618030364314717,0.29519384757926065,2.2184128959973655,nan,nan
fashion_mnist,sparsemax,8,13,0.33541059494018555,0.87425,0.8745963126971352,0.35076310609777767,0.2951603022714456,2.224251543482145,nan,nan
fashion_mnist,sparsemax,8,14,0.3299865424633026,0.87125,0.872557984782928,0.3430591436723868,0.29493063657234114,2.2301525647441545,nan,nan
fashion_mnist,sparsemax,8,15,0.32003968954086304,0.8694166666666666,0.8714374570473961,0.34852543597420055,0.2908643294746677,2.2053904930750527,nan,nan
fashion_mnist,sparsemax,8,16,0.31572896242141724,0.8790833333333333,0.8785751846835208,0.33690740292270976,0.288798863068223,2.2112619330485663,nan,nan
fashion_mnist,sparsemax,8,17,0.307201087474823,0.8815833333333334,0.8813398891495344,0.3348046764731407,0.28324735071510077,2.1901841213305793,nan,nan
fashion_mnist,sparsemax,8,18,0.30381882190704346,0.8805,0.8812333503580794,0.32643118624885875,0.2845752900466323,2.1993741914629936,nan,nan
fashion_mnist,sparsemax,8,19,0.29609915614128113,0.8828333333333334,0.8835312454680677,0.32696489865581196,0.2845405613382657,2.1941322535276413,nan,nan
fashion_mnist,sparsemax,8,20,0.29191866517066956,0.8794166666666666,0.8789765371579193,0.32889660944541294,0.28266484166185063,2.184618391096592,nan,nan
fashion_mnist,sparsemax,8,21,0.2853800356388092,0.8798333333333334,0.8794440064903075,0.3284864015877247,0.2794887786731124,2.170797107120355,nan,nan
fashion_mnist,sparsemax,8,22,0.28293395042419434,0.8725833333333334,0.8740297644061468,0.3435099770625432,0.2775540119037032,2.161781832575798,nan,nan
fashion_mnist,sparsemax,8,23,0.27553263306617737,0.8864166666666666,0.8865305945172592,0.3189244170983632,0.2781834062188864,2.1718810920914016,nan,nan
fashion_mnist,sparsemax,8,24,0.2768855392932892,0.8843333333333333,0.8845290798889431,0.3180514834821224,0.2796414115776618,2.1793778563539186,nan,nan
fashion_mnist,sparsemax,8,25,0.2698153257369995,0.8885,0.8894828744616088,0.31279077877600986,0.27638897734383744,2.1620588824152946,nan,nan
fashion_mnist,sparsemax,8,26,0.2670396566390991,0.8863333333333333,0.8876543621912785,0.3150847579042117,0.27396296554555494,2.1571565916140876,nan,nan
fashion_mnist,sparsemax,8,27,0.26163724064826965,0.881,0.882732175305318,0.32465442021687824,0.2744627765690287,2.156434287627538,nan,nan
fashion_mnist,sparsemax,8,28,0.25919926166534424,0.88675,0.8875684482664228,0.315567792703708,0.26825059050073224,2.1311930442849794,nan,nan
fashion_mnist,sparsemax,8,29,0.2532672882080078,0.8833333333333333,0.8839111136899354,0.3240229773024718,0.26832258980721235,2.1352780933181443,nan,nan
fashion_mnist,sparsemax,9,0,1.285893440246582,0.7475833333333334,0.7403743470217302,0.7216062769293785,0.43193206035842496,2.5928509483734765,nan,nan
fashion_mnist,sparsemax,9,1,0.6473634839057922,0.8080833333333334,0.8066609718067973,0.5252511178453764,0.40289043355733156,2.535387290020784,nan,nan
fashion_mnist,sparsemax,9,2,0.532690703868866,0.8250833333333333,0.8226476918929553,0.4764450589815776,0.386492559996744,2.494025538365046,nan,nan
fashion_mnist,sparsemax,9,3,0.49525347352027893,0.8401666666666666,0.8390344840727609,0.4389556633929412,0.37763985184331733,2.484908806780974,nan,nan
fashion_mnist,sparsemax,9,4,0.45555412769317627,0.8441666666666666,0.844864428520976,0.4263766445219517,0.37851322659601766,2.4728644862771034,nan,nan
fashion_mnist,sparsemax,9,5,0.43197154998779297,0.8479166666666667,0.8483299185639682,0.41471539437770844,0.3736538238202532,2.445122018456459,nan,nan
fashion_mnist,sparsemax,9,6,0.4174383282661438,0.8533333333333334,0.8523462072255554,0.3977535491188367,0.3662706638375918,2.4422167415420213,nan,nan
fashion_mnist,sparsemax,9,7,0.399697870016098,0.8531666666666666,0.85335836482192,0.3884742086132367,0.3642146872977416,2.4294749349355698,nan,nan
fashion_mnist,sparsemax,9,8,0.38360995054244995,0.8568333333333333,0.854111258948589,0.39170896261930466,0.3599252471079429,2.4286989445487657,nan,nan
fashion_mnist,sparsemax,9,9,0.37089651823043823,0.8655,0.8627157260630156,0.365066805233558,0.3607869250699878,2.4302133321762085,nan,nan
fashion_mnist,sparsemax,9,10,0.36104583740234375,0.8666666666666667,0.8674021281140449,0.36426550646622974,0.35464546860506135,2.4122880697250366,nan,nan
fashion_mnist,sparsemax,9,11,0.3475797474384308,0.8721666666666666,0.8716787168992349,0.34941031659642857,0.3485932427768906,2.388130801419417,nan,nan
fashion_mnist,sparsemax,9,12,0.33993256092071533,0.8698333333333333,0.8680665853957257,0.35810992245872814,0.35091592837125063,2.40084478755792,nan,nan
fashion_mnist,sparsemax,9,13,0.331930547952652,0.87575,0.8753164260747607,0.33539220690727234,0.34664404671639204,2.384443923830986,nan,nan
fashion_mnist,sparsemax,9,14,0.32192540168762207,0.8665833333333334,0.8654914672930312,0.36368586371342343,0.3473776876926422,2.3927663589517274,nan,nan
fashion_mnist,sparsemax,9,15,0.3226492702960968,0.8771666666666667,0.8751592846947103,0.334891926497221,0.3402879349887371,2.3724637776613235,nan,nan
fashion_mnist,sparsemax,9,16,0.307966411113739,0.8761666666666666,0.8760958902611555,0.32935897012551624,0.33838577413310605,2.3737006386121116,nan,nan
fashion_mnist,sparsemax,9,17,0.30700570344924927,0.8754166666666666,0.8746103153520215,0.3328548384209474,0.3347611700495084,2.3554616446296373,nan,nan
fashion_mnist,sparsemax,9,18,0.30753353238105774,0.877,0.8771153206386998,0.32724524786074954,0.33296560185650986,2.3487306038538613,nan,nan
fashion_mnist,sparsemax,9,19,0.2970605194568634,0.87625,0.8757621487181619,0.32853366310397786,0.32595845373968285,2.3207478672266006,nan,nan
fashion_mnist,sparsemax,9,20,0.29015105962753296,0.8810833333333333,0.8807674443058262,0.3224120947221915,0.3271909657244881,2.3346050108472505,nan,nan
fashion_mnist,sparsemax,9,21,0.28415918350219727,0.882,0.8803529471254006,0.3204448049267133,0.3238335959613323,2.3281646072864532,nan,nan
fashion_mnist,sparsemax,9,22,0.280451238155365,0.8809166666666667,0.8820518669254312,0.31516028692324954,0.3253020675232013,2.3266140346725783,nan,nan
fashion_mnist,sparsemax,9,23,0.27552804350852966,0.8805,0.8806873132448338,0.31483793010314304,0.3218329958617687,2.3198628251751265,nan,nan
fashion_mnist,sparsemax,9,24,0.2721569538116455,0.8843333333333333,0.8841272327010821,0.3104743721584479,0.31577458543082076,2.301915076871713,nan,nan
fashion_mnist,sparsemax,9,25,0.26630181074142456,0.8846666666666667,0.8846414698162868,0.3108707442879677,0.316626968793571,2.31209933757782,nan,nan
fashion_mnist,sparsemax,9,26,0.26099324226379395,0.8870833333333333,0.8857296766273297,0.31448844199379283,0.31687961984425783,2.3007907370726266,nan,nan
fashion_mnist,sparsemax,9,27,0.26066529750823975,0.8823333333333333,0.8820909075215537,0.3171439648916324,0.3137410742541154,2.2876758128404617,nan,nan
fashion_mnist,sparsemax,9,28,0.25545695424079895,0.8838333333333334,0.8825476519485411,0.3159355763345957,0.31038290324310464,2.273818333943685,nan,nan
fashion_mnist,sparsemax,9,29,0.25353533029556274,0.89025,0.8900704954553896,0.3085767887532711,0.3079919091736277,2.274068790177504,nan,nan
fashion_mnist,entmax15,0,0,1.3457856178283691,0.7093333333333334,0.6984109494629906,0.7780846332510313,0.7769721063474814,3.2224495013554892,nan,nan
fashion_mnist,entmax15,0,1,0.6887925863265991,0.791,0.7867049086708058,0.5762064618368944,0.7490244756142298,3.149656668305397,nan,nan
fashion_mnist,entmax15,0,2,0.5665244460105896,0.8145833333333333,0.8117318978414672,0.5055997036397457,0.7480843390027682,3.1488830546538034,nan,nan
fashion_mnist,entmax15,0,3,0.513062596321106,0.82175,0.81597244344529,0.47942059983809787,0.7383350841701031,3.1217585057020187,nan,nan
fashion_mnist,entmax15,0,4,0.4826063811779022,0.8349166666666666,0.8319446378746139,0.4481174672643344,0.7239467514057955,3.086378405491511,nan,nan
fashion_mnist,entmax15,0,5,0.4558243751525879,0.8400833333333333,0.8359733335209526,0.43666017179687816,0.7259170363346735,3.085896079738935,nan,nan
fashion_mnist,entmax15,0,6,0.43882688879966736,0.847,0.842602766492077,0.4195062778890133,0.7250320526460806,3.0846579869588218,nan,nan
fashion_mnist,entmax15,0,7,0.4281747043132782,0.85075,0.8474099409165611,0.3960049773255984,0.7007386560241381,3.0216243912776313,nan,nan
fashion_mnist,entmax15,0,8,0.4118736982345581,0.8534166666666667,0.8513914687263524,0.39351554587483406,0.6948502945403258,3.0119992991288504,nan,nan
fashion_mnist,entmax15,0,9,0.40288040041923523,0.8559166666666667,0.8543813556484029,0.3841775804758072,0.7002804055809975,3.0130475908517838,nan,nan
fashion_mnist,entmax15,0,10,0.3872050642967224,0.8553333333333333,0.8529640404517961,0.380422451843818,0.7084877441326777,3.0328993995984397,nan,nan
fashion_mnist,entmax15,0,11,0.3792852759361267,0.862,0.8578767429033073,0.3701280802488327,0.700308815886577,3.013079290588697,nan,nan
fashion_mnist,entmax15,0,12,0.3708309233188629,0.8633333333333333,0.8611563862298578,0.3692600056529045,0.6960377668341001,3.008065993587176,nan,nan
fashion_mnist,entmax15,0,13,0.3636332154273987,0.8663333333333333,0.8647434643956894,0.34948986520369846,0.6872278402249018,2.9814176162083945,nan,nan
fashion_mnist,entmax15,0,14,0.35711514949798584,0.86575,0.8646191869075087,0.3494265836973985,0.6771770504613718,2.960570350289345,nan,nan
fashion_mnist,entmax15,0,15,0.34730732440948486,0.8721666666666666,0.8699765317017334,0.3460671218732993,0.6825586830576261,2.9647375692923865,nan,nan
fashion_mnist,entmax15,0,16,0.3378804922103882,0.8766666666666667,0.8758410638144797,0.3311482531328996,0.6740455937882265,2.950258498390516,nan,nan
fashion_mnist,entmax15,0,17,0.3338385820388794,0.87225,0.8726025276333583,0.33874501039584476,0.6714129683872064,2.9386603782574334,nan,nan
fashion_mnist,entmax15,0,18,0.33041462302207947,0.8748333333333334,0.8717307906961496,0.3299989973505338,0.6662725172936916,2.927669728795687,nan,nan
fashion_mnist,entmax15,0,19,0.3223358392715454,0.87475,0.8718537183226293,0.3310007167359193,0.66886289169391,2.9246577471494675,nan,nan
fashion_mnist,entmax15,0,20,0.31501591205596924,0.8768333333333334,0.8769610011417969,0.3281100206077099,0.660309965411822,2.9140704572200775,nan,nan
fashion_mnist,entmax15,0,21,0.310057133436203,0.8766666666666667,0.8745513866403398,0.33162228018045425,0.6561030273636183,2.902454490462939,nan,nan
fashion_mnist,entmax15,0,22,0.30937162041664124,0.8829166666666667,0.8802512125652822,0.32084549715121585,0.6538009829819202,2.8972067882617316,nan,nan
fashion_mnist,entmax15,0,23,0.30056318640708923,0.8756666666666667,0.8759638426621418,0.3299315385520458,0.6489443331956863,2.883671929438909,nan,nan
fashion_mnist,entmax15,0,24,0.29705268144607544,0.8815,0.8796480213590536,0.3182783251007398,0.647075059513251,2.87255796790123,nan,nan
fashion_mnist,entmax15,0,25,0.29040974378585815,0.8798333333333334,0.8791670741564079,0.3241236408551534,0.6481439607838789,2.8848392218351364,nan,nan
fashion_mnist,entmax15,0,26,0.2864728271961212,0.8814166666666666,0.8804522418754944,0.31862839435537654,0.6428973513344923,2.8702960908412933,nan,nan
fashion_mnist,entmax15,0,27,0.28146234154701233,0.88675,0.8854837472667141,0.3065480552613735,0.6445934971173605,2.876507823665937,nan,nan
fashion_mnist,entmax15,0,28,0.2782978117465973,0.8865833333333333,0.8839521125702763,0.3107904717326164,0.642896598825852,2.8670738339424133,nan,nan
fashion_mnist,entmax15,0,29,0.27421334385871887,0.8851666666666667,0.8831857943784543,0.31163710231582326,0.6364164600769678,2.8437819530566535,nan,nan
fashion_mnist,entmax15,1,0,1.3323249816894531,0.7443333333333333,0.7356296473630843,0.7037486061453819,0.7660221035281817,3.1709779302279153,nan,nan
fashion_mnist,entmax15,1,1,0.6317124366760254,0.8055,0.8016184312741782,0.5327255167067051,0.7642400351663431,3.199422170718511,nan,nan
fashion_mnist,entmax15,1,2,0.5380176901817322,0.81775,0.8137805113915902,0.4958731320997079,0.7557365683217844,3.1780471404393515,nan,nan
fashion_mnist,entmax15,1,3,0.49439287185668945,0.8335833333333333,0.8308500713026371,0.4509805093208949,0.7471203779180845,3.1565027187267938,nan,nan
fashion_mnist,entmax15,1,4,0.46133169531822205,0.8395,0.8353834978618231,0.4323895797133446,0.7385711135963599,3.1195232570171356,nan,nan
fashion_mnist,entmax15,1,5,0.44273707270622253,0.8428333333333333,0.838207886310458,0.42679861063758534,0.7172246041397253,3.0655582696199417,nan,nan
fashion_mnist,entmax15,1,6,0.4242516756057739,0.8453333333333334,0.8426097327150218,0.41436438883344334,0.6899948455393314,2.9984730978806815,nan,nan
fashion_mnist,entmax15,1,7,0.4040679335594177,0.8473333333333334,0.8448429496608079,0.41258663808306056,0.6945746925969919,2.987743392586708,nan,nan
fashion_mnist,entmax15,1,8,0.39081597328186035,0.85125,0.8483462444639189,0.40005095427234966,0.6815282901128134,2.957532122731209,nan,nan
fashion_mnist,entmax15,1,9,0.3893972635269165,0.8586666666666667,0.8557670039590496,0.383013295630614,0.671968457599481,2.935506120324135,nan,nan
fashion_mnist,entmax15,1,10,0.37317198514938354,0.86075,0.8590618942134116,0.37892818326751393,0.6556791327893734,2.9021748205025992,nan,nan
fashion_mnist,entmax15,1,11,0.3621937930583954,0.8594166666666667,0.8578723938175299,0.37576088433464366,0.6498148789008459,2.875788301229477,nan,nan
fashion_mnist,entmax15,1,12,0.35718539357185364,0.86075,0.8605521547444536,0.3762096241116524,0.6375356776018938,2.838290194670359,nan,nan
fashion_mnist,entmax15,1,13,0.34479984641075134,0.8668333333333333,0.8651585769823825,0.3608953816195329,0.6318363348642985,2.8241936018069587,nan,nan
fashion_mnist,entmax15,1,14,0.3364774286746979,0.8678333333333333,0.8656149585959538,0.35679973165194195,0.6251374185085297,2.805886372923851,nan,nan
fashion_mnist,entmax15,1,15,0.3343955874443054,0.86575,0.8626368142868388,0.3660374730825424,0.6217097205420336,2.808621977766355,nan,nan
fashion_mnist,entmax15,1,16,0.32754403352737427,0.8689166666666667,0.869505238074144,0.36099955812096596,0.6162210932622353,2.782299836476644,nan,nan
fashion_mnist,entmax15,1,17,0.32412999868392944,0.8705,0.868657059581422,0.3518255924185117,0.6070458541313807,2.7627609074115753,nan,nan
fashion_mnist,entmax15,1,18,0.3167329728603363,0.875,0.8728028812237,0.34135491649309796,0.6049631498754025,2.7533377011617026,nan,nan
fashion_mnist,entmax15,1,19,0.3129006028175354,0.8658333333333333,0.8656997266973683,0.3652578790982564,0.5978657646725575,2.718475878238678,nan,nan
fashion_mnist,entmax15,1,20,0.30821576714515686,0.87625,0.8732333922161966,0.33971688399712247,0.5939535927027464,2.712089096506437,nan,nan
fashion_mnist,entmax15,1,21,0.2982078790664673,0.87475,0.8720953550500955,0.3370964514712493,0.5935469387720028,2.7062025417884192,nan,nan
fashion_mnist,entmax15,1,22,0.2966080904006958,0.8805,0.879195128615898,0.3367421627044678,0.5958792908738056,2.7147328754266105,nan,nan
fashion_mnist,entmax15,1,23,0.29637381434440613,0.8784166666666666,0.8775933231864403,0.33402742197116214,0.5918574742972851,2.696104794740677,nan,nan
fashion_mnist,entmax15,1,24,0.2878526747226715,0.8796666666666667,0.8777886707610156,0.33382996047536534,0.590536997343103,2.686186989148458,nan,nan
fashion_mnist,entmax15,1,25,0.28811338543891907,0.8791666666666667,0.8765022069629695,0.33535770575205487,0.5856725921233495,2.674150933821996,nan,nan
fashion_mnist,entmax15,1,26,0.2818552553653717,0.8795833333333334,0.878330118273217,0.3353656890491645,0.5854580762485663,2.68260724345843,nan,nan
fashion_mnist,entmax15,1,27,0.2713010907173157,0.8824166666666666,0.8805802664158812,0.33012354870637256,0.5820149326076111,2.6678023785352707,nan,nan
fashion_mnist,entmax15,1,28,0.2731282711029053,0.8775833333333334,0.8758695230129045,0.3312404043972492,0.5832121825466553,2.673893312613169,nan,nan
fashion_mnist,entmax15,1,29,0.2701736092567444,0.8826666666666667,0.8818921567479568,0.3285961200793584,0.5800561681389809,2.6724725564320884,nan,nan
fashion_mnist,entmax15,2,0,1.2932016849517822,0.7495,0.7443971929993848,0.6942715843518575,0.7630889577170213,3.2085997064908347,nan,nan
fashion_mnist,entmax15,2,1,0.6339595317840576,0.7979166666666667,0.7944898034140825,0.5512771892050902,0.7494541841248671,3.1817911763985953,nan,nan
fashion_mnist,entmax15,2,2,0.5418816804885864,0.826,0.8242606602878837,0.4758223394552867,0.7277261180182298,3.142096757888794,nan,nan
fashion_mnist,entmax15,2,3,0.49234846234321594,0.835,0.8341990533596327,0.44981182366609573,0.7229252693553766,3.1111342261234918,nan,nan
fashion_mnist,entmax15,2,4,0.45721641182899475,0.8336666666666667,0.8279659589744,0.4541344965497653,0.7058308087289333,3.0624211629231772,nan,nan
fashion_mnist,entmax15,2,5,0.4416715204715729,0.8438333333333333,0.8421416124306258,0.42700118695696193,0.69075816248854,3.0183268189430237,nan,nan
fashion_mnist,entmax15,2,6,0.42174801230430603,0.84325,0.8410102097689716,0.4292496206859748,0.6886805184185505,3.00330742696921,nan,nan
fashion_mnist,entmax15,2,7,0.4034483730792999,0.85075,0.8507013620438,0.4188433066010475,0.6703559507926306,2.949941873550415,nan,nan
fashion_mnist,entmax15,2,8,0.38809502124786377,0.8596666666666667,0.8589822368287819,0.38033469393849373,0.6659358963370323,2.9299856474002204,nan,nan
fashion_mnist,entmax15,2,9,0.37913990020751953,0.8610833333333333,0.8619077714440591,0.3757626401881377,0.6624594759196043,2.9140261908372245,nan,nan
fashion_mnist,entmax15,2,10,0.3663862943649292,0.8655833333333334,0.8647438107711845,0.36713403711716336,0.665805616726478,2.918554519613584,nan,nan
fashion_mnist,entmax15,2,11,0.3613457679748535,0.866,0.8654448960634531,0.3648051011065642,0.6447642228255669,2.8698334842920303,nan,nan
fashion_mnist,entmax15,2,12,0.3495955169200897,0.864,0.8638566729645791,0.37065014367302257,0.6518870082994302,2.8737071255842843,nan,nan
fashion_mnist,entmax15,2,13,0.34370696544647217,0.8711666666666666,0.8692203608748823,0.3501754179596901,0.6524490273247162,2.874160493413607,nan,nan
fashion_mnist,entmax15,2,14,0.3395073115825653,0.8683333333333333,0.8651967045242976,0.3543258036176364,0.6496665092806021,2.867060348391533,nan,nan
fashion_mnist,entmax15,2,15,0.3324225842952728,0.87325,0.8719475482203363,0.3488845576842626,0.640261405458053,2.840833311279615,nan,nan
fashion_mnist,entmax15,2,16,0.3223537504673004,0.8704166666666666,0.8698931436985484,0.3545795679092407,0.6297046082715193,2.813146874308586,nan,nan
fashion_mnist,entmax15,2,17,0.3180863857269287,0.8755,0.8739748063189798,0.3381635881960392,0.628014711663127,2.801181177298228,nan,nan
fashion_mnist,entmax15,2,18,0.31017231941223145,0.8781666666666667,0.8794727732616329,0.33380916714668274,0.6247331152359644,2.7992573926846185,nan,nan
fashion_mnist,entmax15,2,19,0.30512455105781555,0.8794166666666666,0.8792451783328424,0.3299444255729516,0.61999553317825,2.782888188958168,nan,nan
fashion_mnist,entmax15,2,20,0.2992340624332428,0.8813333333333333,0.8812842796248456,0.32165421172976494,0.6227845208098491,2.7789229353268943,nan,nan
fashion_mnist,entmax15,2,21,0.29672670364379883,0.8779166666666667,0.8782540915396542,0.32807434101899463,0.6172570164004961,2.7679855773846307,nan,nan
fashion_mnist,entmax15,2,22,0.29050979018211365,0.8795,0.8789593796664235,0.32205069561799365,0.615573829660813,2.7724226812521615,nan,nan
fashion_mnist,entmax15,2,23,0.2851226329803467,0.8810833333333333,0.87992337035869,0.3262955496708552,0.6090669259428978,2.7439775516589484,nan,nan
fashion_mnist,entmax15,2,24,0.28432130813598633,0.8825833333333334,0.8813017065308607,0.32073891287048656,0.6029377430677414,2.7252890715996423,nan,nan
fashion_mnist,entmax15,2,25,0.27944809198379517,0.8855,0.8854981912197056,0.3115803152322769,0.6104244391123453,2.748974025249481,nan,nan
fashion_mnist,entmax15,2,26,0.2787913382053375,0.885,0.8850051392330233,0.3160652009149392,0.5969302405913671,2.7053668946027756,nan,nan
fashion_mnist,entmax15,2,27,0.27090513706207275,0.882,0.8805253237184232,0.32544121767083806,0.6056367214769125,2.7259169022242227,nan,nan
fashion_mnist,entmax15,2,28,0.26876160502433777,0.8843333333333333,0.8852543646582853,0.31765451406439144,0.5960512347519398,2.713350996375084,nan,nan
fashion_mnist,entmax15,2,29,0.26508423686027527,0.88725,0.8876011609603696,0.30720563729604083,0.5939275162915388,2.701657623052597,nan,nan
fashion_mnist,entmax15,3,0,1.3749463558197021,0.7135833333333333,0.7069642517894856,0.7776426275571188,0.7136407469709715,3.137044832110405,nan,nan
fashion_mnist,entmax15,3,1,0.6590074896812439,0.784,0.7787242577696205,0.5877465605735779,0.6883022586504618,3.061582624912262,nan,nan
fashion_mnist,entmax15,3,2,0.5498048067092896,0.8036666666666666,0.8000781194964006,0.5285242733856043,0.6692267395555973,3.010331561168035,nan,nan
fashion_mnist,entmax15,3,3,0.49175024032592773,0.82375,0.8176437655329419,0.47759189705053967,0.6531207971274853,2.959361717104912,nan,nan
fashion_mnist,entmax15,3,4,0.4590032398700714,0.834,0.8340702160979461,0.4577576046188672,0.6552639318009218,2.9436297665039697,nan,nan
fashion_mnist,entmax15,3,5,0.42842209339141846,0.8388333333333333,0.8390865696664493,0.43494219208757084,0.6416464261710644,2.911696637670199,nan,nan
fashion_mnist,entmax15,3,6,0.41576051712036133,0.8453333333333334,0.8429734712456476,0.4239172252515952,0.6281856298446655,2.87772802511851,nan,nan
fashion_mnist,entmax15,3,7,0.39675378799438477,0.8525,0.8498258664011298,0.40454475457469624,0.6216465793550014,2.855359514554342,nan,nan
fashion_mnist,entmax15,3,8,0.39050576090812683,0.8558333333333333,0.8546386326392936,0.3918997993071874,0.6106906794011593,2.827440788348516,nan,nan
fashion_mnist,entmax15,3,9,0.37685948610305786,0.8576666666666667,0.8564937008104335,0.3899531215429306,0.6079392929871877,2.815813089410464,nan,nan
fashion_mnist,entmax15,3,10,0.3708953857421875,0.86125,0.8572582153226485,0.3849034296969573,0.6042980818698803,2.8023792753616967,nan,nan
fashion_mnist,entmax15,3,11,0.3604463040828705,0.864,0.8618294619248882,0.3710850588977337,0.5940481641640266,2.7773637920618057,nan,nan
fashion_mnist,entmax15,3,12,0.3522326648235321,0.8659166666666667,0.8653311319227761,0.36727631588776904,0.5884948695699374,2.762720281879107,nan,nan
fashion_mnist,entmax15,3,13,0.34453970193862915,0.8615,0.8567914833390062,0.3721955207486947,0.5912911097208658,2.7705595145622888,nan,nan
fashion_mnist,entmax15,3,14,0.33964866399765015,0.8675833333333334,0.8665060273393212,0.3621314826110999,0.5817474350333214,2.738966246445974,nan,nan
fashion_mnist,entmax15,3,15,0.3373667895793915,0.8661666666666666,0.864970192403901,0.3671079178651174,0.5918924038608869,2.755775367220243,nan,nan
fashion_mnist,entmax15,3,16,0.33140742778778076,0.8723333333333333,0.871331844885096,0.3485667010148366,0.5792777842531601,2.7228155185778937,nan,nan
fashion_mnist,entmax15,3,17,0.3213907480239868,0.8749166666666667,0.8726787977137853,0.3461357168853283,0.5734956339001656,2.7137275685866675,nan,nan
fashion_mnist,entmax15,3,18,0.31646132469177246,0.8756666666666667,0.8748586072380237,0.34406260897715885,0.5698246688892444,2.695733611782392,nan,nan
fashion_mnist,entmax15,3,19,0.3121538460254669,0.874,0.8733340549014923,0.34515584632754326,0.5782147478312254,2.7138097087542215,nan,nan
fashion_mnist,entmax15,3,20,0.3085029125213623,0.8736666666666667,0.8731532285001695,0.3477095315853755,0.5662301660825809,2.6861445705095925,nan,nan
fashion_mnist,entmax15,3,21,0.30700773000717163,0.8761666666666666,0.8750401083563564,0.34142513821522397,0.5677919499576092,2.684779574473699,nan,nan
fashion_mnist,entmax15,3,22,0.30004972219467163,0.8705833333333334,0.8706862062512071,0.3473923442264398,0.5674938559532166,2.6787050118048987,nan,nan
fashion_mnist,entmax15,3,23,0.29544180631637573,0.8781666666666667,0.8780668538298361,0.3355548282464345,0.5660236403346062,2.6759773393472037,nan,nan
fashion_mnist,entmax15,3,24,0.29032573103904724,0.88225,0.8808077237902348,0.3244357580939929,0.5670578007896742,2.6685412377119064,nan,nan
fashion_mnist,entmax15,3,25,0.2846015393733978,0.88325,0.882731489347889,0.3284534153838952,0.5609044265002012,2.659802203377088,nan,nan
fashion_mnist,entmax15,3,26,0.2798483669757843,0.8834166666666666,0.8832100822255651,0.32454703375697136,0.5570184228320917,2.650943939884504,nan,nan
fashion_mnist,entmax15,3,27,0.2765577435493469,0.8836666666666667,0.8829622623715311,0.3197281248867512,0.5543099747349819,2.6445343842109046,nan,nan
fashion_mnist,entmax15,3,28,0.27612608671188354,0.883,0.8820722803907906,0.322758740435044,0.5549237430095673,2.6438313325246177,nan,nan
fashion_mnist,entmax15,3,29,0.27266383171081543,0.8834166666666666,0.8836688539617482,0.3210027019182841,0.5556082048763832,2.6385136594374976,nan,nan
fashion_mnist,entmax15,4,0,1.3571770191192627,0.723,0.7206249162339605,0.7548115402460098,0.8048594693342844,3.2826410432656608,nan,nan
fashion_mnist,entmax15,4,1,0.6749328374862671,0.7984166666666667,0.7932544550646206,0.5649503295620283,0.7747151131431261,3.175789495309194,nan,nan
fashion_mnist,entmax15,4,2,0.559216320514679,0.8111666666666667,0.8078594118813152,0.5145778035124143,0.7847641905148824,3.1891780545314155,nan,nan
fashion_mnist,entmax15,4,3,0.5055896043777466,0.8285,0.8257256540776223,0.47042587275306386,0.7736234006782373,3.1593784987926483,nan,nan
fashion_mnist,entmax15,4,4,0.47483620047569275,0.8385833333333333,0.8345404386610642,0.4422104184826215,0.7546404227614403,3.1267034659783044,nan,nan
fashion_mnist,entmax15,4,5,0.44774100184440613,0.8448333333333333,0.8417437711374394,0.42128539085388184,0.74772280951341,3.1164840360482535,nan,nan
fashion_mnist,entmax15,4,6,0.43169116973876953,0.8388333333333333,0.8334840804361375,0.42713262885808945,0.7392963853975137,3.0918419659137726,nan,nan
fashion_mnist,entmax15,4,7,0.4109228551387787,0.85375,0.8511261671469009,0.4016463669637839,0.7284414507448673,3.0769424935181937,nan,nan
fashion_mnist,entmax15,4,8,0.40216687321662903,0.85325,0.852251743166233,0.4006892889738083,0.7290504239499569,3.0678692907094955,nan,nan
fashion_mnist,entmax15,4,9,0.38843676447868347,0.8589166666666667,0.8581171026473381,0.3837298092742761,0.7256255149841309,3.063693637649218,nan,nan
fashion_mnist,entmax15,4,10,0.3760640025138855,0.8525833333333334,0.8516074478952046,0.39375240604082745,0.7107126588622729,3.031008243560791,nan,nan
fashion_mnist,entmax15,4,11,0.3657664656639099,0.8580833333333333,0.854473853024859,0.387019794434309,0.7185375491778055,3.0438573161760965,nan,nan
fashion_mnist,entmax15,4,12,0.3605051636695862,0.8660833333333333,0.8648763721491136,0.36666802565256756,0.7040941802163919,3.011034851272901,nan,nan
fashion_mnist,entmax15,4,13,0.35268110036849976,0.866,0.8631735696569439,0.36173253133893013,0.6994764606157938,2.992349535226822,nan,nan
fashion_mnist,entmax15,4,14,0.3443587124347687,0.8698333333333333,0.8679759637904961,0.3586131806174914,0.6959840506315231,2.9909706165393195,nan,nan
fashion_mnist,entmax15,4,15,0.3358437120914459,0.872,0.8700368567467753,0.3469627896944682,0.6906673399110635,2.9648434072732925,nan,nan
fashion_mnist,entmax15,4,16,0.32974469661712646,0.875,0.8747384496607765,0.34113868574301404,0.684136588126421,2.9595368752876916,nan,nan
fashion_mnist,entmax15,4,17,0.3252633810043335,0.87575,0.8737871642959683,0.33572499578197795,0.6830121415356795,2.956699406107267,nan,nan
fashion_mnist,entmax15,4,18,0.31724879145622253,0.8703333333333333,0.8681273558446501,0.35216495394706726,0.6772579575578371,2.935776467124621,nan,nan
fashion_mnist,entmax15,4,19,0.3127472698688507,0.87725,0.8759546905280864,0.333201731244723,0.6656803209334612,2.9053548723459244,nan,nan
fashion_mnist,entmax15,4,20,0.30925026535987854,0.87375,0.8734723380711756,0.3441983436544736,0.6643393406023582,2.8880975991487503,nan,nan
fashion_mnist,entmax15,4,21,0.30381086468696594,0.8758333333333334,0.8747609355006274,0.3335127905011177,0.6540955075373253,2.8728266755739846,nan,nan
fashion_mnist,entmax15,4,22,0.29884833097457886,0.8835833333333334,0.8822796898467677,0.32071878015995026,0.6505894387761751,2.8645511269569397,nan,nan
fashion_mnist,entmax15,4,23,0.2909794747829437,0.8809166666666667,0.8793687864094354,0.3208917900919914,0.6461641608426968,2.8531407862901688,nan,nan
fashion_mnist,entmax15,4,24,0.28696659207344055,0.8836666666666667,0.8831967439406,0.3210272428890069,0.6398854137708744,2.8321880102157593,nan,nan
fashion_mnist,entmax15,4,25,0.28717344999313354,0.8856666666666667,0.8838931943045786,0.3170522389312585,0.6359456423670053,2.8199611554543176,nan,nan
fashion_mnist,entmax15,4,26,0.2767454981803894,0.8849166666666667,0.8845138774133954,0.31646661336223286,0.6325828631718954,2.8078316897153854,nan,nan
fashion_mnist,entmax15,4,27,0.2765693664550781,0.8869166666666667,0.8857847921658536,0.30997000883022946,0.628673089047273,2.805112585425377,nan,nan
fashion_mnist,entmax15,4,28,0.27193889021873474,0.8804166666666666,0.8798798872462752,0.3259538734952609,0.6199968152989944,2.789923772215843,nan,nan
fashion_mnist,entmax15,4,29,0.2632156014442444,0.885,0.883999730127704,0.3194490062693755,0.6224181273331245,2.7901639391978583,nan,nan
fashion_mnist,entmax15,5,0,1.3085126876831055,0.74125,0.740094741884638,0.7130643352866173,0.726397592574358,3.172309949994087,nan,nan
fashion_mnist,entmax15,5,1,0.6413846611976624,0.7959166666666667,0.7889619421475706,0.558770219484965,0.6864472962915897,3.08692034582297,nan,nan
fashion_mnist,entmax15,5,2,0.5367518663406372,0.8116666666666666,0.8062563154442712,0.5094019907216231,0.6897019123037657,3.0655830055475235,nan,nan
fashion_mnist,entmax15,5,3,0.4957377016544342,0.8235,0.8183830922869065,0.47591867049535114,0.6889868776003519,3.021477992335955,nan,nan
fashion_mnist,entmax15,5,4,0.46553534269332886,0.8313333333333334,0.8299148853956959,0.45298363889257115,0.6849573142826557,3.0022774934768677,nan,nan
fashion_mnist,entmax15,5,5,0.44529446959495544,0.8351666666666666,0.8308045374430726,0.4449246823787689,0.6717229920128981,2.9557713170846305,nan,nan
fashion_mnist,entmax15,5,6,0.42535609006881714,0.8394166666666667,0.8350243776358903,0.42260359848539036,0.6604095088938872,2.9179482062657676,nan,nan
fashion_mnist,entmax15,5,7,0.40257760882377625,0.8515833333333334,0.8511930624348422,0.39960503205657005,0.6511660354832808,2.890677551428477,nan,nan
fashion_mnist,entmax15,5,8,0.3906058669090271,0.8564166666666667,0.8529264965863519,0.3910021272798379,0.639204223950704,2.8456755628188453,nan,nan
fashion_mnist,entmax15,5,9,0.38052091002464294,0.85775,0.8558850234094757,0.3926740686098735,0.6287970170378685,2.8138597458601,nan,nan
fashion_mnist,entmax15,5,10,0.37049373984336853,0.8539166666666667,0.8527000687827198,0.3925233880678813,0.6264275225500265,2.7962453116973243,nan,nan
fashion_mnist,entmax15,5,11,0.3636113703250885,0.8545833333333334,0.8502841013487833,0.3895563992361228,0.6161038068433603,2.770533715685209,nan,nan
fashion_mnist,entmax15,5,12,0.35615602135658264,0.8645,0.8627003029024024,0.3673851639032364,0.597069383909305,2.7150143732627234,nan,nan
fashion_mnist,entmax15,5,13,0.34500154852867126,0.8609166666666667,0.8590257540383824,0.36709608510136604,0.5941594118873278,2.706315735975901,nan,nan
fashion_mnist,entmax15,5,14,0.33879560232162476,0.8685,0.8663867226997051,0.3579571396112442,0.5883858483284712,2.6936211436986923,nan,nan
fashion_mnist,entmax15,5,15,0.33335646986961365,0.8686666666666667,0.8659585570041791,0.3628117193778356,0.5800255934397379,2.6705590138832727,nan,nan
fashion_mnist,entmax15,5,16,0.3237428665161133,0.8711666666666666,0.8693435685715102,0.3554760354260604,0.5744627745201191,2.6455245663722358,nan,nan
fashion_mnist,entmax15,5,17,0.3192649781703949,0.8699166666666667,0.8688400481289117,0.3587174601852894,0.5790625754743814,2.663596987724304,nan,nan
fashion_mnist,entmax15,5,18,0.31519705057144165,0.873,0.8708378313986733,0.3446061710516612,0.5691746156662703,2.635441059867541,nan,nan
fashion_mnist,entmax15,5,19,0.3061954081058502,0.8756666666666667,0.8741581837489166,0.34833940987785655,0.556507691120108,2.5966791609923043,nan,nan
fashion_mnist,entmax15,5,20,0.30457624793052673,0.8750833333333333,0.874611694017748,0.3419392021993796,0.5546418031056722,2.6016165216763816,nan,nan
fashion_mnist,entmax15,5,21,0.29475492238998413,0.8786666666666667,0.8768220180280565,0.33556993181506795,0.5502652501066526,2.588914692401886,nan,nan
fashion_mnist,entmax15,5,22,0.2926192879676819,0.87775,0.8756841016249324,0.3322487138211727,0.5420525738348564,2.567283203204473,nan,nan
fashion_mnist,entmax15,5,23,0.287466436624527,0.8765,0.8740390169232987,0.34614330405990285,0.544491338233153,2.5719116628170013,nan,nan
fashion_mnist,entmax15,5,24,0.28618401288986206,0.87475,0.8753316121744188,0.3347840930024783,0.5410653272022804,2.559779698650042,nan,nan
fashion_mnist,entmax15,5,25,0.27787065505981445,0.8753333333333333,0.8725074484824893,0.33992477009693783,0.5435018589099249,2.574258248011271,nan,nan
fashion_mnist,entmax15,5,26,0.2732327878475189,0.8765,0.8739629180688357,0.3491574575503667,0.5352675803005695,2.5457077622413635,nan,nan
fashion_mnist,entmax15,6,0,1.3734763860702515,0.722,0.7149225492337183,0.7690287033716837,0.7059930115938187,3.0397457281748452,nan,nan
fashion_mnist,entmax15,6,1,0.6590984463691711,0.7908333333333334,0.7865179124022805,0.5693851659695307,0.6418096447984377,2.9235862294832864,nan,nan
fashion_mnist,entmax15,6,2,0.5468267798423767,0.8144166666666667,0.815113891537868,0.5255431892971197,0.6250883117318153,2.8863116999467215,nan,nan
fashion_mnist,entmax15,6,3,0.49427035450935364,0.8196666666666667,0.8194595289622582,0.497387816508611,0.6453135882814726,2.931402161717415,nan,nan
fashion_mnist,entmax15,6,4,0.4643383026123047,0.8309166666666666,0.8304311157156732,0.4628567136824131,0.637026097625494,2.8922788302103677,nan,nan
fashion_mnist,entmax15,6,5,0.44105616211891174,0.8399166666666666,0.8376981959092463,0.4481637428204219,0.6341037054856619,2.879247178634008,nan,nan
fashion_mnist,entmax15,6,6,0.4160551428794861,0.8428333333333333,0.841113100943746,0.4408803656697273,0.6211918480694294,2.832785591483116,nan,nan
fashion_mnist,entmax15,6,7,0.40482717752456665,0.8526666666666667,0.8533722684431175,0.40951574345429737,0.6228946819901466,2.8421547959248223,nan,nan
fashion_mnist,entmax15,6,8,0.3912201523780823,0.8564166666666667,0.8562333052472241,0.3947676035265128,0.620558675378561,2.822618822256724,nan,nan
fashion_mnist,entmax15,6,9,0.3769061863422394,0.859,0.8580115250458853,0.3903348632156849,0.6119844553371271,2.807905818025271,nan,nan
fashion_mnist,entmax15,6,10,0.3653465807437897,0.8604166666666667,0.8578036750557274,0.38139524310827255,0.6092169334491094,2.788023208578428,nan,nan
fashion_mnist,entmax15,6,11,0.35592395067214966,0.8646666666666667,0.8637473752293132,0.37122439593076706,0.6069207278390726,2.785326302051544,nan,nan
fashion_mnist,entmax15,6,12,0.3475314974784851,0.8645,0.863599640212445,0.36610281094908714,0.5962797241906325,2.7509279996156693,nan,nan
fashion_mnist,entmax15,6,13,0.338434100151062,0.8698333333333333,0.8681389683169345,0.3616415970027447,0.5878677560637394,2.724914943178495,nan,nan
fashion_mnist,entmax15,6,14,0.3329887092113495,0.8676666666666667,0.8661172318215519,0.36568253363172215,0.5870899378011624,2.7186344414949417,nan,nan
fashion_mnist,entmax15,6,15,0.3246192932128906,0.8698333333333333,0.8696973855198669,0.3487240597605705,0.5918651986867189,2.729927202065786,nan,nan
fashion_mnist,entmax15,6,16,0.317111998796463,0.874,0.8740962967222423,0.3446378434697787,0.586770216623942,2.7176992843548455,nan,nan
fashion_mnist,entmax15,6,17,0.31285566091537476,0.8764166666666666,0.8763228534807466,0.3444252436359723,0.5749721750617027,2.6794465283552804,nan,nan
fashion_mnist,entmax15,6,18,0.30628469586372375,0.8694166666666666,0.8682679423768386,0.3568645256261031,0.5722867430498203,2.6661601463953652,nan,nan
fashion_mnist,entmax15,6,19,0.3052248954772949,0.8775,0.876644253097654,0.3382387285431226,0.5620986968278885,2.6320396115382514,nan,nan
fashion_mnist,entmax15,6,20,0.30020129680633545,0.8775833333333334,0.8755348770262321,0.3390011178950469,0.5586460065096617,2.6195504118998847,nan,nan
fashion_mnist,entmax15,6,21,0.29243168234825134,0.8791666666666667,0.8793037950198672,0.33351240679621696,0.554602887481451,2.6039007703463235,nan,nan
fashion_mnist,entmax15,6,22,0.28693002462387085,0.8785833333333334,0.8769109104849871,0.336136382073164,0.5479536068936189,2.598311111330986,nan,nan
fashion_mnist,entmax15,6,23,0.28669530153274536,0.8778333333333334,0.8778185941002723,0.32914776851733524,0.5474933168540398,2.596269359191259,nan,nan
fashion_mnist,entmax15,6,24,0.2828151285648346,0.8804166666666666,0.8799359247873151,0.32714363808433217,0.5431367854277293,2.5713442862033844,nan,nan
fashion_mnist,entmax15,6,25,0.2749340236186981,0.8819166666666667,0.8806158336294209,0.3196311754484971,0.5552826461692651,2.6114646196365356,nan,nan
fashion_mnist,entmax15,6,26,0.2708437740802765,0.8819166666666667,0.8816102392338496,0.33066575974226,0.5401864349842072,2.5724259664614997,nan,nan
fashion_mnist,entmax15,6,27,0.27254873514175415,0.8831666666666667,0.8812150909069147,0.3229009186228116,0.5414543015261492,2.5808127522468567,nan,nan
fashion_mnist,entmax15,6,28,0.2614700198173523,0.88175,0.8830070306829529,0.32256555060545605,0.533658633629481,2.554137205084165,nan,nan
fashion_mnist,entmax15,6,29,0.26098209619522095,0.8841666666666667,0.8829662572970026,0.3271538180609544,0.5226386412978172,2.5261379927396774,nan,nan
fashion_mnist,entmax15,7,0,1.4390243291854858,0.69975,0.6915637284378027,0.8039335831999779,0.7685197020570437,3.191744183500608,nan,nan
fashion_mnist,entmax15,7,1,0.6683986186981201,0.7984166666666667,0.7926284362203744,0.5579508654773235,0.7329920219878355,3.1111482928196588,nan,nan
fashion_mnist,entmax15,7,2,0.5443824529647827,0.8120833333333334,0.8066849245402288,0.5125780540208021,0.7248085215687752,3.0744418452183404,nan,nan
fashion_mnist,entmax15,7,3,0.4944404661655426,0.8311666666666667,0.8261191207705154,0.4647386098901431,0.7198025311032931,3.0658608873685202,nan,nan
fashion_mnist,entmax15,7,4,0.45788487792015076,0.8453333333333334,0.842181331247161,0.42841653898358345,0.7198569687704245,3.078568145632744,nan,nan
fashion_mnist,entmax15,7,5,0.43367525935173035,0.84575,0.8433615184333154,0.416878620783488,0.7147433534264565,3.0599313974380493,nan,nan
fashion_mnist,entmax15,7,6,0.4182996153831482,0.8524166666666667,0.8497403300641494,0.39946981767813367,0.7057355431218942,3.045004372795423,nan,nan
fashion_mnist,entmax15,7,7,0.405462384223938,0.8558333333333333,0.8556775854780934,0.38601002221306163,0.6952918084959189,3.022116094827652,nan,nan
fashion_mnist,entmax15,7,8,0.38787150382995605,0.8586666666666667,0.8580480922374726,0.37875815480947495,0.6967040300369263,3.012533038854599,nan,nan
fashion_mnist,entmax15,7,9,0.3779318630695343,0.8639166666666667,0.8627322725080451,0.3642584520081679,0.6879322888950506,2.9957980861266456,nan,nan
fashion_mnist,entmax15,7,10,0.3667331635951996,0.8649166666666667,0.864271379229686,0.36084439357121784,0.673023714373509,2.9734917730093002,nan,nan
fashion_mnist,entmax15,7,11,0.35751962661743164,0.8679166666666667,0.8669196328392752,0.35658877591292065,0.6746848734716574,2.9572763790686927,nan,nan
fashion_mnist,entmax15,7,12,0.3475530445575714,0.8711666666666666,0.870238769798684,0.3486962455014388,0.6713377286990484,2.947599192460378,nan,nan
fashion_mnist,entmax15,7,13,0.34168684482574463,0.87075,0.8685984675218343,0.34892309332887333,0.6648584865033627,2.9205812017122903,nan,nan
fashion_mnist,entmax15,7,14,0.3294495940208435,0.8691666666666666,0.8680695642934229,0.34597178424398106,0.6565478183329105,2.8984264880418777,nan,nan
fashion_mnist,entmax15,7,15,0.3233153522014618,0.87775,0.8769144658179278,0.33252635846535367,0.6579317972064018,2.893473267555237,nan,nan
fashion_mnist,entmax15,7,16,0.3186134994029999,0.8774166666666666,0.8767851032153289,0.32928436001141864,0.643258864680926,2.8495731204748154,nan,nan
fashion_mnist,entmax15,7,17,0.31298506259918213,0.87575,0.8759861273241913,0.3383200305203597,0.6450440610448519,2.8550776690244675,nan,nan
fashion_mnist,entmax15,7,18,0.3080390989780426,0.8731666666666666,0.8689556955103696,0.3424619237581889,0.6424716170877218,2.852972408135732,nan,nan
fashion_mnist,entmax15,7,19,0.30499568581581116,0.875,0.8739767430891044,0.3285700132449468,0.636105906839172,2.829131171107292,nan,nan
fashion_mnist,entmax15,7,20,0.30044126510620117,0.877,0.8750492564492445,0.333694198479255,0.6349213433762392,2.82474377254645,nan,nan
fashion_mnist,entmax15,8,0,1.354932427406311,0.7198333333333333,0.7136654630858057,0.765218252936999,0.7841347344219685,3.250199099381765,nan,nan
fashion_mnist,entmax15,8,1,0.6601581573486328,0.8033333333333333,0.8039191346042986,0.5549615224202474,0.761256809035937,3.197653313477834,nan,nan
fashion_mnist,entmax15,8,2,0.5482925772666931,0.8154166666666667,0.8142574635574183,0.5153650778035322,0.7334351353347301,3.141746833920479,nan,nan
fashion_mnist,entmax15,8,3,0.5084505677223206,0.8261666666666667,0.8254490115760555,0.4813453480601311,0.7484506803254286,3.1471449931462607,nan,nan
fashion_mnist,entmax15,8,4,0.46884551644325256,0.8375833333333333,0.8364095663019719,0.4609764168659846,0.7480010315775871,3.1379277358452478,nan,nan
fashion_mnist,entmax15,8,5,0.44640570878982544,0.8323333333333334,0.8311967481128925,0.4536176609496276,0.7290724205474058,3.085178181529045,nan,nan
fashion_mnist,entmax15,8,6,0.4292996823787689,0.8475,0.8462994885900261,0.41523268694678944,0.7265450110038122,3.0537886867920556,nan,nan
fashion_mnist,entmax15,8,7,0.4066232740879059,0.8440833333333333,0.8437199983777836,0.42620397234956425,0.718942458430926,3.0427505671977997,nan,nan
fashion_mnist,entmax15,8,8,0.3917276859283447,0.8565,0.8562098523023638,0.3987682561079661,0.7077627678712209,3.003529340028763,nan,nan
fashion_mnist,entmax15,8,9,0.3873646855354309,0.8558333333333333,0.8556520530089375,0.4038892686367035,0.6988170593976974,2.9798967937628427,nan,nan
fashion_mnist,entmax15,8,10,0.37526950240135193,0.8583333333333333,0.8591667957608584,0.38511353855331737,0.6967295110225677,2.960654139518738,nan,nan
fashion_mnist,entmax15,8,11,0.36450210213661194,0.864,0.8643860132854273,0.37386486306786537,0.6898950710892677,2.9404366860787072,nan,nan
fashion_mnist,entmax15,8,12,0.35601159930229187,0.8680833333333333,0.8684296109742146,0.3635895438492298,0.6798719291885694,2.925570527712504,nan,nan
fashion_mnist,entmax15,8,13,0.3499580919742584,0.8676666666666667,0.8680624973075185,0.37240876257419586,0.6766933711866537,2.909398843844732,nan,nan
fashion_mnist,entmax15,8,14,0.3470231294631958,0.8678333333333333,0.8686593894547773,0.35865871608257294,0.6542934266229471,2.847834050655365,nan,nan
fashion_mnist,entmax15,8,15,0.3385298252105713,0.8655833333333334,0.8669664608287204,0.36238403369983035,0.6537281436224779,2.8460956861575446,nan,nan
fashion_mnist,entmax15,8,16,0.32782915234565735,0.87425,0.874677747190803,0.35170575231313705,0.6489755883812904,2.8280477672815323,nan,nan
fashion_mnist,entmax15,8,17,0.32540538907051086,0.8705,0.869541556943474,0.36251677945256233,0.6302634763220946,2.7815867215394974,nan,nan
fashion_mnist,entmax15,8,18,0.3190494477748871,0.8744166666666666,0.8748502179260143,0.3441305247445901,0.6316176193455855,2.7857679426670074,nan,nan
fashion_mnist,entmax15,8,19,0.3089570701122284,0.877,0.8777138146494098,0.3353598080575466,0.6264722943305969,2.78598623474439,nan,nan
fashion_mnist,entmax15,8,20,0.30631783604621887,0.8764166666666666,0.8762215752241836,0.339299904803435,0.6170905927817026,2.7560724715391793,nan,nan
fashion_mnist,entmax15,8,21,0.30689430236816406,0.87375,0.8730391299954038,0.3457327534755071,0.6202206884821256,2.766213928659757,nan,nan
fashion_mnist,entmax15,8,22,0.2980676293373108,0.87775,0.877884860002764,0.33837758128841716,0.6036240197718143,2.7247164299090705,nan,nan
fashion_mnist,entmax15,8,23,0.29247456789016724,0.8785833333333334,0.8794241154671749,0.3335409127175808,0.6002825150887171,2.71232237915198,nan,nan
fashion_mnist,entmax15,8,24,0.29149705171585083,0.8774166666666666,0.877715354744349,0.34110987807313603,0.5995326054592928,2.7139823834101358,nan,nan
fashion_mnist,entmax15,8,25,0.2857554256916046,0.8765,0.87660782516921,0.33536884437004727,0.5920762854317824,2.6911421765883765,nan,nan
fashion_mnist,entmax15,8,26,0.2857791781425476,0.8799166666666667,0.8812193389747616,0.32814813281099003,0.5910039444764456,2.6926571826140084,nan,nan
fashion_mnist,entmax15,8,27,0.27781251072883606,0.8779166666666667,0.8795202053338272,0.338771549363931,0.5987391869227091,2.7103591660658517,nan,nan
fashion_mnist,entmax15,8,28,0.2756615877151489,0.8870833333333333,0.8877581749228541,0.32049880052606267,0.5865002411107222,2.6796919256448746,nan,nan
fashion_mnist,entmax15,8,29,0.2714272737503052,0.8811666666666667,0.8817388710041408,0.33402913187940914,0.5899363333980242,2.702113385001818,nan,nan
fashion_mnist,entmax15,9,0,1.3483901023864746,0.7075,0.7049013998735061,0.8069030418992043,0.8715108099083105,3.394859259327253,nan,nan
fashion_mnist,entmax15,9,1,0.7164745330810547,0.79275,0.7909054551990605,0.5676326105991999,0.8348337312539419,3.322292019923528,nan,nan
fashion_mnist,entmax15,9,2,0.5665425658226013,0.8126666666666666,0.8109044297104356,0.4959302904705207,0.8139605534573396,3.3018500407536826,nan,nan
fashion_mnist,entmax15,9,3,0.5132492184638977,0.8271666666666667,0.8266723397041694,0.46753821273644763,0.7894340765972933,3.256021425127983,nan,nan
fashion_mnist,entmax15,9,4,0.4688671827316284,0.8294166666666667,0.8271718625654632,0.45277300477027893,0.7650819731255373,3.2137261231740317,nan,nan
fashion_mnist,entmax15,9,5,0.44171708822250366,0.8458333333333333,0.845282854457408,0.41462279483675957,0.7405724277098974,3.161068022251129,nan,nan
fashion_mnist,entmax15,9,6,0.42705103754997253,0.8479166666666667,0.8464784686311517,0.41198354338606197,0.7172240714232127,3.112534428636233,nan,nan
fashion_mnist,entmax15,9,7,0.4075324833393097,0.8466666666666667,0.8453544347454771,0.4099278971552849,0.7210150696337223,3.1178762118021646,nan,nan
fashion_mnist,entmax15,9,8,0.39739611744880676,0.852,0.8500641825776782,0.4014508401354154,0.7051129130025705,3.083372563123703,nan,nan
fashion_mnist,entmax15,9,9,0.38049232959747314,0.8625833333333334,0.861154598068562,0.3639149305721124,0.7038121471802393,3.0855918675661087,nan,nan
fashion_mnist,entmax15,9,10,0.36870524287223816,0.8668333333333333,0.866618461642308,0.35791893551747006,0.6939599091808001,3.06011700630188,nan,nan
fashion_mnist,entmax15,9,11,0.36173510551452637,0.8639166666666667,0.8637147828355329,0.3608118494351705,0.6915829082330068,3.0544783622026443,nan,nan
fashion_mnist,entmax15,9,12,0.35478001832962036,0.8625833333333334,0.8610754518537,0.36783217266201973,0.6834828530748686,3.0223321865002313,nan,nan
fashion_mnist,entmax15,9,13,0.34622496366500854,0.8713333333333333,0.8702400889581376,0.3477661746243636,0.6834713357190291,3.022616187731425,nan,nan
fashion_mnist,entmax15,9,14,0.3459652364253998,0.8715833333333334,0.8708281676200039,0.34154417738318443,0.6736484033366045,2.9982495854298272,nan,nan
fashion_mnist,entmax15,9,15,0.33384978771209717,0.8758333333333334,0.8744347551876912,0.3309381064027548,0.6782194351156553,3.004949708779653,nan,nan
fashion_mnist,entmax15,9,16,0.32677116990089417,0.8770833333333333,0.876694497959547,0.32870956137776375,0.672205368677775,2.9978939344485602,nan,nan
fashion_mnist,entmax15,9,17,0.31926873326301575,0.879,0.8782311768491498,0.32487536718448,0.6616843131681284,2.970652232567469,nan,nan
fashion_mnist,entmax15,9,18,0.31748759746551514,0.8770833333333333,0.8769608474465327,0.33607008556524914,0.6682041846215725,2.9731620997190475,nan,nan
fashion_mnist,entmax15,9,19,0.3130204379558563,0.8824166666666666,0.8810873455705265,0.3231736309826374,0.6617555816968282,2.951843520005544,nan,nan
fashion_mnist,entmax15,9,20,0.30844420194625854,0.88275,0.8826013403519278,0.32080911472439766,0.6566808174053828,2.940923343102137,nan,nan
fashion_mnist,entmax15,9,21,0.3017800450325012,0.8794166666666666,0.8790755320781944,0.3192427276323239,0.6488903897504011,2.9189322690169015,nan,nan
fashion_mnist,entmax15,9,22,0.29524898529052734,0.88425,0.8842690099987935,0.3188276806225379,0.652046891550223,2.930471792817116,nan,nan
fashion_mnist,entmax15,9,23,0.29274892807006836,0.8800833333333333,0.8800528859065547,0.31699472044905025,0.6482113935053349,2.91403666138649,nan,nan
fashion_mnist,entmax15,9,24,0.2892504930496216,0.883,0.8827014579592578,0.32002836652100086,0.6515799177189668,2.9182382921377816,nan,nan
fashion_mnist,entmax15,9,25,0.2835961580276489,0.8816666666666667,0.8809440186294113,0.3173378004382054,0.6487080343067646,2.913901920119921,nan,nan
fashion_mnist,entmax15,9,26,0.2811290919780731,0.8819166666666667,0.8813142119474338,0.3173065533240636,0.6450136490166187,2.899199669559797,nan,nan
fashion_mnist,entmax15,9,27,0.27643659710884094,0.8836666666666667,0.8834941869031759,0.317679629350702,0.6403835167487463,2.879185378551483,nan,nan
fashion_mnist,headwise_adaptive_entmax,0,0,1.3453423976898193,0.709,0.6983759973802539,0.7785399705171585,0.7713951344291369,3.2141029685735703,1.5031527280807495,0.0039395695785060525
fashion_mnist,headwise_adaptive_entmax,0,1,0.6888434886932373,0.7906666666666666,0.7863406301153919,0.5750251611073812,0.7444473616778851,3.1425048957268396,1.5034589767456055,0.0033313167514279485
fashion_mnist,headwise_adaptive_entmax,0,2,0.5658863186836243,0.8151666666666667,0.8123055858304109,0.5063692927360535,0.7449764435489973,3.1427707821130753,1.5038288831710815,0.0036913789808750153
fashion_mnist,headwise_adaptive_entmax,0,3,0.5131208896636963,0.822,0.8161141228557309,0.47776205092668533,0.7353573627769947,3.1182450552781424,1.5040523409843445,0.0050952499732375145
fashion_mnist,headwise_adaptive_entmax,0,4,0.482855886220932,0.8335833333333333,0.8303046522209533,0.448160320520401,0.7242225085695585,3.0877913484970727,1.504200041294098,0.005992630030959845
fashion_mnist,headwise_adaptive_entmax,0,5,0.4548156261444092,0.8401666666666666,0.8361437383241185,0.4363199472427368,0.7231738455593586,3.0797118097543716,1.503989577293396,0.007559030316770077
fashion_mnist,headwise_adaptive_entmax,0,6,0.4393535256385803,0.8481666666666666,0.8440456664428039,0.41893547276655835,0.7228094227612019,3.0809088548024497,1.504236102104187,0.008243900956586003
fashion_mnist,headwise_adaptive_entmax,0,7,0.4283757507801056,0.8505,0.8471157944702897,0.39668286715944606,0.7009228567282358,3.0207472890615463,1.5042744874954224,0.009376796195283532
fashion_mnist,headwise_adaptive_entmax,0,8,0.41101428866386414,0.8534166666666667,0.8517239438803073,0.39486148084203404,0.6953777944048246,3.009337996443113,1.504131555557251,0.010209667263552547
fashion_mnist,headwise_adaptive_entmax,0,9,0.4029604494571686,0.8563333333333333,0.8547847683288088,0.3847824198504289,0.7010769794384638,3.010983114441236,1.504008173942566,0.010791396955028176
fashion_mnist,headwise_adaptive_entmax,0,10,0.3859485387802124,0.8564166666666667,0.8542232725266601,0.3787408197919528,0.7089223911364874,3.029747595389684,1.5040611028671265,0.010973071213811636
fashion_mnist,headwise_adaptive_entmax,0,11,0.37824463844299316,0.8605,0.8565402399459618,0.3706243857741356,0.702179778367281,3.0120707054932914,1.5040255784988403,0.01122468151152134
fashion_mnist,headwise_adaptive_entmax,0,12,0.37070515751838684,0.8636666666666667,0.8615787924286364,0.36761853223045665,0.6971687997380892,3.004538580775261,1.5038453340530396,0.011745010036975145
fashion_mnist,headwise_adaptive_entmax,0,13,0.36354076862335205,0.867,0.8653127540760096,0.3491100271542867,0.6888379951318105,2.980069875717163,1.5043300986289978,0.011968230828642845
fashion_mnist,headwise_adaptive_entmax,0,14,0.3564282953739166,0.8659166666666667,0.8649586522844762,0.3495873622596264,0.6791606731712818,2.958756744861603,1.504185676574707,0.011758080683648586
fashion_mnist,headwise_adaptive_entmax,0,15,0.3475746214389801,0.8711666666666666,0.8691759194042662,0.3468411738673846,0.6848980387051901,2.964521755774816,1.5041154623031616,0.011740938294678926
fashion_mnist,headwise_adaptive_entmax,0,16,0.3373027741909027,0.8766666666666667,0.8757327825860836,0.3321849852800369,0.6776427912215391,2.955646609266599,1.5041277408599854,0.011939061339944601
fashion_mnist,headwise_adaptive_entmax,0,17,0.3323315382003784,0.8733333333333333,0.873694809723563,0.33880840117732686,0.6759686047832171,2.9460349529981613,1.5038756132125854,0.012519197072833776
fashion_mnist,headwise_adaptive_entmax,0,18,0.3288109302520752,0.875,0.8719293342601983,0.3313137851655483,0.6720949026445547,2.9384813457727432,1.5038669109344482,0.012502740137279034
fashion_mnist,headwise_adaptive_entmax,0,19,0.32252660393714905,0.8729166666666667,0.8701532674022451,0.3355049043893814,0.6744074573119482,2.9317182997862496,1.503653645515442,0.012360709719359875
fashion_mnist,headwise_adaptive_entmax,0,20,0.3150055408477783,0.8750833333333333,0.8752284382303163,0.32956431806087494,0.6653116556505362,2.9201968957980475,1.5037182569503784,0.012517833150923252
fashion_mnist,headwise_adaptive_entmax,0,21,0.31013497710227966,0.8751666666666666,0.8725163098997857,0.33373072122534114,0.6617377189298471,2.907524431745211,1.503357470035553,0.012616146355867386
fashion_mnist,headwise_adaptive_entmax,1,0,1.3324228525161743,0.7438333333333333,0.7358682053433613,0.7039771427710851,0.7607861210902532,3.1616826305786767,1.5048937797546387,0.0034479512833058834
fashion_mnist,headwise_adaptive_entmax,1,1,0.6320992708206177,0.80475,0.8010162951055755,0.533258032053709,0.7610386324425539,3.194711243112882,1.5039863586425781,0.004389297449961305
fashion_mnist,headwise_adaptive_entmax,1,2,0.5382804870605469,0.8185833333333333,0.8144978394136144,0.4956417841215928,0.7548334946235021,3.1774839659531913,1.5035834908485413,0.005397590808570385
fashion_mnist,headwise_adaptive_entmax,1,3,0.4941999316215515,0.833,0.8301698507151374,0.4505878823498885,0.7463786192238331,3.158355022470156,1.5031821727752686,0.0056436811573803425
fashion_mnist,headwise_adaptive_entmax,1,4,0.46119627356529236,0.84025,0.8359501206898283,0.4317809194326401,0.7385855366786321,3.1230340152978897,1.5033591985702515,0.0064522987231612206
fashion_mnist,headwise_adaptive_entmax,1,5,0.443066269159317,0.8440833333333333,0.8395119326570747,0.4239330254495144,0.7149072823425134,3.06395431359609,1.5037779808044434,0.007088743150234222
fashion_mnist,headwise_adaptive_entmax,1,6,0.4241674542427063,0.8455,0.8428298428514672,0.41356636087099713,0.6899240898589293,3.000884731610616,1.5033568143844604,0.007416938431560993
fashion_mnist,headwise_adaptive_entmax,1,7,0.4040462374687195,0.8484166666666667,0.845906400595009,0.41074462980031967,0.6933189729849497,2.991683845718702,1.5032557845115662,0.0074121542274951935
fashion_mnist,headwise_adaptive_entmax,1,8,0.3902375400066376,0.85125,0.8483119564120012,0.400794368237257,0.6818983281652132,2.9630378584067025,1.5033957958221436,0.007791935233399272
fashion_mnist,headwise_adaptive_entmax,1,9,0.38984137773513794,0.8586666666666667,0.8556846028318251,0.383175790309906,0.6726269461214542,2.9452869445085526,1.5037426352500916,0.008715115487575531
fashion_mnist,headwise_adaptive_entmax,1,10,0.37241512537002563,0.8605,0.8587728572674214,0.37720806524157524,0.6570849977433681,2.9114581793546677,1.5034703016281128,0.009028463158756495
fashion_mnist,headwise_adaptive_entmax,1,11,0.3622622787952423,0.8609166666666667,0.859107173020678,0.3740437912444274,0.6545389480888844,2.8917786528666816,1.5029768347740173,0.008984325919300318
fashion_mnist,headwise_adaptive_entmax,1,12,0.35711485147476196,0.8610833333333333,0.8606269792433269,0.3789569064974785,0.6390536179145178,2.846182554960251,1.5030193328857422,0.009856407530605793
fashion_mnist,headwise_adaptive_entmax,1,13,0.3445506989955902,0.8664166666666666,0.8645281182174802,0.3604741469025612,0.632732056081295,2.8284261723359427,1.502854347229004,0.009840829763561487
fashion_mnist,headwise_adaptive_entmax,1,14,0.33619898557662964,0.8685833333333334,0.8666016159546259,0.35520533472299576,0.6265541861454645,2.8108716209729514,1.502586543560028,0.010069245006889105
fashion_mnist,headwise_adaptive_entmax,1,15,0.3336440324783325,0.86625,0.8629849526584215,0.3643137713273366,0.6237671474615732,2.812031423052152,1.5017035007476807,0.010557726956903934
fashion_mnist,headwise_adaptive_entmax,1,16,0.3262012004852295,0.87075,0.871184277158042,0.36044664184252423,0.6200895619889101,2.7905097703138986,1.501230776309967,0.010421352926641703
fashion_mnist,headwise_adaptive_entmax,1,17,0.3227545917034149,0.8725,0.8708303256029056,0.34953125814596814,0.6125386022031307,2.773328512907028,1.5009442567825317,0.01085873506963253
fashion_mnist,headwise_adaptive_entmax,1,18,0.31650882959365845,0.8761666666666666,0.8738001075746121,0.34267717972397804,0.61229682341218,2.768482595682144,1.500567078590393,0.010739371180534363
fashion_mnist,headwise_adaptive_entmax,1,19,0.31253162026405334,0.8655833333333334,0.8655281765682739,0.3656838821868102,0.6047981406251589,2.7334749499956765,1.5004020929336548,0.010409087408334017
fashion_mnist,headwise_adaptive_entmax,1,20,0.30704936385154724,0.87575,0.8728977705750791,0.3382279525200526,0.6044586723049482,2.7304331958293915,1.499818205833435,0.010988679714500904
fashion_mnist,headwise_adaptive_entmax,1,21,0.2978641986846924,0.87625,0.8735918238565414,0.33749229833483696,0.6026188818116983,2.723578006029129,1.4992045164108276,0.01178977033123374
fashion_mnist,headwise_adaptive_entmax,1,22,0.29608607292175293,0.8800833333333333,0.8787328799051,0.336481927583615,0.6054952368140221,2.738859777649244,1.4985862970352173,0.012142939027398825
fashion_mnist,headwise_adaptive_entmax,1,23,0.296480268239975,0.8801666666666667,0.8792282035329064,0.3321727092067401,0.5992668432494005,2.7059245904286704,1.498384952545166,0.012363970279693604
fashion_mnist,headwise_adaptive_entmax,1,24,0.28558674454689026,0.8790833333333333,0.8774963527164117,0.33466505259275436,0.6003621543447176,2.703496351838112,1.4979009628295898,0.01221919758245349
fashion_mnist,headwise_adaptive_entmax,1,25,0.28561583161354065,0.87925,0.8768245735370306,0.33014847214023274,0.5974179431796074,2.692514027158419,1.4979930520057678,0.012292962055653334
fashion_mnist,headwise_adaptive_entmax,1,26,0.2805245518684387,0.8806666666666667,0.879364736827388,0.3324274780849616,0.604035310447216,2.718313162525495,1.4972895383834839,0.011629193089902401
fashion_mnist,headwise_adaptive_entmax,1,27,0.2700395882129669,0.8841666666666667,0.8823870222652517,0.32739684854944545,0.5945483408868313,2.6890971263249717,1.4975011944770813,0.011889341287314892
fashion_mnist,headwise_adaptive_entmax,1,28,0.2724740505218506,0.8788333333333334,0.8774351126456649,0.32786480089028675,0.594026921937863,2.688544988632202,1.4974526762962341,0.011632034555077553
fashion_mnist,headwise_adaptive_entmax,1,29,0.26936033368110657,0.8855833333333333,0.8847145788415899,0.3264037159581979,0.5899192194143931,2.689583738644918,1.4976567029953003,0.012431063689291477
fashion_mnist,headwise_adaptive_entmax,2,0,1.2926220893859863,0.7500833333333333,0.745051172333793,0.6927606289585432,0.7590380559364954,3.2033678690592446,1.5042821168899536,0.0043878082651644945
fashion_mnist,headwise_adaptive_entmax,2,1,0.6329435706138611,0.7980833333333334,0.7947365706603702,0.550067126750946,0.7465696906050047,3.1786395957072577,1.5041371583938599,0.005088870646432042
fashion_mnist,headwise_adaptive_entmax,2,2,0.541260302066803,0.8269166666666666,0.8253294615006664,0.4748942069709301,0.7241282016038895,3.1378826399644217,1.5043894052505493,0.005513791227713227
fashion_mnist,headwise_adaptive_entmax,2,3,0.49183449149131775,0.83625,0.8354766889721619,0.4484214795132478,0.7185351426402727,3.1067447861035666,1.5045026540756226,0.005600301781669259
fashion_mnist,headwise_adaptive_entmax,2,4,0.4565142095088959,0.8345,0.8289546511465563,0.4526257986823718,0.7022472557922205,3.0588475167751312,1.5047657489776611,0.0060478923842310905
fashion_mnist,headwise_adaptive_entmax,2,5,0.44082847237586975,0.8425,0.8406874097197656,0.4269697504738967,0.6868456192314625,3.012664963801702,1.5052891969680786,0.006708298809826374
fashion_mnist,headwise_adaptive_entmax,2,6,0.42158830165863037,0.8444166666666667,0.8423084677315013,0.4286491709450881,0.6843319969872633,2.9974628488222756,1.5055736303329468,0.006827586563304067
fashion_mnist,headwise_adaptive_entmax,2,7,0.4031228721141815,0.85125,0.851137632906064,0.41633474330107373,0.6678020246326923,2.945518419146538,1.5054460167884827,0.006779825780540705
fashion_mnist,headwise_adaptive_entmax,2,8,0.3880137801170349,0.86075,0.8601335194562558,0.37910905107855797,0.6638556228329738,2.9255574544270835,1.5057952404022217,0.0066908474545925856
fashion_mnist,headwise_adaptive_entmax,2,9,0.37860390543937683,0.8618333333333333,0.8625703252962961,0.3746028629442056,0.660094220812122,2.9116482535998025,1.5056716203689575,0.006804085103794932
fashion_mnist,headwise_adaptive_entmax,2,10,0.3653598129749298,0.8686666666666667,0.8679136863898084,0.3594931674500306,0.6644016007582346,2.9141981403032937,1.5055437088012695,0.006881737150251865
fashion_mnist,headwise_adaptive_entmax,2,11,0.3582530915737152,0.8669166666666667,0.8663081258965388,0.3636097138126691,0.644149133314689,2.8703916569550834,1.5056997537612915,0.0059835200663656
fashion_mnist,headwise_adaptive_entmax,2,12,0.34892985224723816,0.86525,0.8653206903425193,0.36283011361956596,0.6509256064891815,2.8723347087701163,1.5052231550216675,0.006101385690271854
fashion_mnist,headwise_adaptive_entmax,2,13,0.3424789607524872,0.8720833333333333,0.8703152083007127,0.3449534426132838,0.652118943631649,2.873329515258471,1.5050480961799622,0.006690760143101215
fashion_mnist,headwise_adaptive_entmax,2,14,0.337776780128479,0.86875,0.8657161459219607,0.3504229833682378,0.6531710792332888,2.878457635641098,1.5047937631607056,0.00657249428331852
fashion_mnist,headwise_adaptive_entmax,2,15,0.32925114035606384,0.8750833333333333,0.87329369990258,0.3431638528903325,0.6450259654472271,2.852905720472336,1.5043753385543823,0.006132771726697683
fashion_mnist,headwise_adaptive_entmax,2,16,0.32155144214630127,0.8715,0.8706402143751634,0.3466239819924037,0.6393319728473822,2.8335667848587036,1.5043245553970337,0.006284269271418452
fashion_mnist,headwise_adaptive_entmax,2,17,0.3159339427947998,0.8755833333333334,0.8741954980043289,0.33892614021897316,0.6349769861747822,2.8180181880791983,1.50402170419693,0.006302600493654609
fashion_mnist,headwise_adaptive_entmax,2,18,0.30932748317718506,0.8770833333333333,0.8785923104562713,0.3335540369153023,0.6329400750497977,2.8192206422487893,1.5036247372627258,0.006319101899862289
fashion_mnist,headwise_adaptive_entmax,2,19,0.304548978805542,0.8793333333333333,0.879095395300817,0.32892297208309174,0.6294886146982511,2.8050353080034256,1.503402292728424,0.006166437873616815
fashion_mnist,headwise_adaptive_entmax,2,20,0.29782313108444214,0.88275,0.8825491134705601,0.31920378158489865,0.6313879421601692,2.797897686560949,1.5027965307235718,0.005882024299353361
fashion_mnist,headwise_adaptive_entmax,2,21,0.2960036098957062,0.8805833333333334,0.8806871962550687,0.32532283415397006,0.6261762858678898,2.789269834756851,1.5028663277626038,0.006207709666341543
fashion_mnist,headwise_adaptive_entmax,2,22,0.2886098325252533,0.88225,0.8815412793535039,0.31966332097848255,0.626251332461834,2.796379784742991,1.5024825930595398,0.006396473152562976
fashion_mnist,headwise_adaptive_entmax,2,23,0.2847975194454193,0.883,0.8818343102133742,0.32257796451449394,0.6216171228637298,2.774605174859365,1.501764714717865,0.0071395214181393385
fashion_mnist,headwise_adaptive_entmax,2,24,0.282785028219223,0.8819166666666667,0.8803892289104223,0.3163088783621788,0.6182156056165695,2.759797399242719,1.50153648853302,0.007479750784114003
fashion_mnist,headwise_adaptive_entmax,2,25,0.27789798378944397,0.889,0.8892047244241503,0.3070298085610072,0.6216576763739189,2.7715703745683036,1.501428484916687,0.007599069736897945
fashion_mnist,headwise_adaptive_entmax,2,26,0.27870509028434753,0.8861666666666667,0.8864364741604087,0.3156173626581828,0.6154582264522711,2.7470489889383316,1.5012102723121643,0.0073151185642927885
fashion_mnist,headwise_adaptive_entmax,2,27,0.27037087082862854,0.88325,0.8815727454479484,0.3231638049085935,0.61977036545674,2.754300887386004,1.5011022090911865,0.008077161386609077
fashion_mnist,headwise_adaptive_entmax,2,28,0.2675260007381439,0.88475,0.8855043162529841,0.31556199739376706,0.6135583917299906,2.7460379153490067,1.5001973509788513,0.00816673249937594
fashion_mnist,headwise_adaptive_entmax,2,29,0.2639208436012268,0.8871666666666667,0.8877987335252172,0.31187572951118153,0.6073034629225731,2.7301498850186667,1.499921977519989,0.008568630320951343
fashion_mnist,headwise_adaptive_entmax,3,0,1.3735402822494507,0.7133333333333334,0.7067592093511454,0.7759463936090469,0.7079148317376772,3.1293652107318244,1.5055981278419495,0.0038243881426751614
fashion_mnist,headwise_adaptive_entmax,3,1,0.6579570174217224,0.7848333333333334,0.7795910091298703,0.5864063402016958,0.6824742791553339,3.0523099452257156,1.506735920906067,0.004539714311249554
fashion_mnist,headwise_adaptive_entmax,3,2,0.5490986108779907,0.8060833333333334,0.8029232320328997,0.5261561137934526,0.662308719009161,2.9995658894379935,1.5073602199554443,0.004720847704447806
fashion_mnist,headwise_adaptive_entmax,3,3,0.49162790179252625,0.8234166666666667,0.8171230618040196,0.481164646645387,0.6464683103064696,2.946859429279963,1.5074901580810547,0.005191251519136131
fashion_mnist,headwise_adaptive_entmax,3,4,0.45939651131629944,0.8329166666666666,0.8328161238230006,0.45879364758729935,0.6464458853006363,2.930719127257665,1.5075345635414124,0.005466690752655268
fashion_mnist,headwise_adaptive_entmax,3,5,0.4280204176902771,0.8403333333333334,0.840505863769358,0.432288924853007,0.6347286539773146,2.9009125928084054,1.5071744918823242,0.005416381522081792
fashion_mnist,headwise_adaptive_entmax,3,6,0.4140837788581848,0.8456666666666667,0.843137934453619,0.42320166528224945,0.6205720889071623,2.8656573792298636,1.5069602727890015,0.005853090435266495
fashion_mnist,headwise_adaptive_entmax,3,7,0.3969402611255646,0.8524166666666667,0.8497712632194986,0.4047498380144437,0.6150498439868292,2.8468960225582123,1.5067963600158691,0.005886579863727093
fashion_mnist,headwise_adaptive_entmax,3,8,0.38967177271842957,0.85675,0.8554072731726368,0.39003607630729675,0.6071459352970123,2.8256770074367523,1.5065236687660217,0.0056466234382241964
fashion_mnist,headwise_adaptive_entmax,3,9,0.3765332102775574,0.8575,0.8564240826430757,0.39001090948780376,0.6057512840876976,2.817652573188146,1.5061997175216675,0.005813299445435405
fashion_mnist,headwise_adaptive_entmax,3,10,0.3699473738670349,0.8638333333333333,0.8605262251287915,0.37890562787652016,0.6004421034206947,2.798228989044825,1.506001889705658,0.006123995641246438
fashion_mnist,headwise_adaptive_entmax,3,11,0.3589002192020416,0.8636666666666667,0.861712850951555,0.3710288380583127,0.5902905936042467,2.773698622981707,1.5053943395614624,0.006090544862672687
fashion_mnist,headwise_adaptive_entmax,3,12,0.3517356812953949,0.8653333333333333,0.8646793668632007,0.3652346022427082,0.58764205314219,2.7669644405444465,1.5051460266113281,0.00653200875967741
fashion_mnist,headwise_adaptive_entmax,3,13,0.3440706729888916,0.8616666666666667,0.8565019922593724,0.37290700028340024,0.5925179049372673,2.7767977813879647,1.5043249130249023,0.006569541525095701
fashion_mnist,headwise_adaptive_entmax,3,14,0.33939191699028015,0.86625,0.8654153301275093,0.3649430212875207,0.5835378766059875,2.7452884366114936,1.5038833618164062,0.006866538431495428
fashion_mnist,headwise_adaptive_entmax,3,15,0.33571693301200867,0.8678333333333333,0.8672852087554628,0.36638884618878365,0.5935295553257068,2.760939061641693,1.5031592845916748,0.007256828714162111
fashion_mnist,headwise_adaptive_entmax,3,16,0.32971665263175964,0.87175,0.8706227272500044,0.3455396468440692,0.5839247703552246,2.7387370566527047,1.5024771094322205,0.007099446374922991
fashion_mnist,headwise_adaptive_entmax,3,17,0.32052233815193176,0.8753333333333333,0.8726273333514891,0.34646453335881233,0.580170476809144,2.7340083569288254,1.5023576021194458,0.00719718262553215
fashion_mnist,headwise_adaptive_entmax,3,18,0.31554844975471497,0.8749166666666667,0.8740022232501549,0.342647735029459,0.578664610783259,2.7204243342081704,1.5017919540405273,0.007482151268050075
fashion_mnist,headwise_adaptive_entmax,3,19,0.31376007199287415,0.8745,0.8737451786017424,0.34528457497557,0.5849321018904448,2.7332371522982917,1.5013880133628845,0.00805027224123478
fashion_mnist,headwise_adaptive_entmax,3,20,0.30826014280319214,0.875,0.8745657253775121,0.344377763569355,0.5749587199340264,2.711034963528315,1.501242995262146,0.008854773826897144
fashion_mnist,headwise_adaptive_entmax,3,21,0.30649232864379883,0.8749166666666667,0.8736625530957877,0.3440469714502494,0.5747697049130996,2.706533928712209,1.5007048845291138,0.009051020257174969
fashion_mnist,headwise_adaptive_entmax,3,22,0.2996254563331604,0.8735833333333334,0.87398572804743,0.34666836510101956,0.5747752071668705,2.698267017801603,1.5003823637962341,0.009127129800617695
fashion_mnist,headwise_adaptive_entmax,4,0,1.3572019338607788,0.7211666666666666,0.7184727826769296,0.7562358602881432,0.8027634235719839,3.279640962680181,1.502755880355835,0.0015277806378435344
fashion_mnist,headwise_adaptive_entmax,4,1,0.6750794649124146,0.7973333333333333,0.7921781844482797,0.5669421628117561,0.773977305740118,3.1765534977118173,1.502933382987976,0.0018344858544878662
fashion_mnist,headwise_adaptive_entmax,4,2,0.5589694380760193,0.8116666666666666,0.808493192010768,0.5118680484592915,0.7836824158827463,3.1896253675222397,1.5030674934387207,0.0022019550087861717
fashion_mnist,headwise_adaptive_entmax,4,3,0.5055805444717407,0.8274166666666667,0.8246561402984396,0.4705258334676425,0.769702710211277,3.1557995676994324,1.5034193992614746,0.0026022668462246656
fashion_mnist,headwise_adaptive_entmax,4,4,0.47617703676223755,0.8386666666666667,0.8345106813656009,0.4437260453899701,0.7515036823848883,3.1254197309414544,1.503808856010437,0.002836999308783561
fashion_mnist,headwise_adaptive_entmax,4,5,0.44785940647125244,0.8436666666666667,0.8408487965036423,0.42197619130214054,0.7423926740884781,3.110494221250216,1.5041300654411316,0.003534244140610099
fashion_mnist,headwise_adaptive_entmax,4,6,0.43113085627555847,0.8375833333333333,0.832563614857251,0.4292966735859712,0.7353544843693575,3.085165490706762,1.5041238069534302,0.0037534369621425867
fashion_mnist,headwise_adaptive_entmax,4,7,0.41134870052337646,0.8541666666666666,0.8512697139819281,0.40017414713899296,0.7252787388861179,3.0732728193203607,1.5043108463287354,0.004014492500573397
fashion_mnist,headwise_adaptive_entmax,4,8,0.4018080234527588,0.8523333333333334,0.8513601117338213,0.40147286156813305,0.7231769946714243,3.0636418163776398,1.5045363903045654,0.00489969237241894
fashion_mnist,headwise_adaptive_entmax,4,9,0.38843733072280884,0.8588333333333333,0.8580868567995925,0.38287343208988506,0.7227660864591599,3.0631649692853293,1.5045595169067383,0.00544094032375142
fashion_mnist,headwise_adaptive_entmax,4,10,0.3750467300415039,0.85375,0.8530048154363683,0.39201870808998746,0.7047259000440439,3.0243709782759347,1.5047804713249207,0.005774920457042754
fashion_mnist,headwise_adaptive_entmax,4,11,0.3655875623226166,0.8585,0.8550565059514301,0.3853999363879363,0.7114746570587158,3.0325038184722266,1.5048781633377075,0.0063340216292999685
fashion_mnist,headwise_adaptive_entmax,4,12,0.35963204503059387,0.8643333333333333,0.863115392165148,0.3688600907723109,0.6937644754846891,2.9942756245533624,1.5051533579826355,0.007119494664948434
fashion_mnist,headwise_adaptive_entmax,4,13,0.35253462195396423,0.86575,0.8627082552066557,0.36209848895668983,0.6931387285391489,2.983983556429545,1.5054040551185608,0.00822903064545244
fashion_mnist,headwise_adaptive_entmax,4,14,0.34366169571876526,0.8683333333333333,0.8664463900780408,0.35857908179362613,0.6870454885065556,2.977174147963524,1.5056179761886597,0.00859684869647026
fashion_mnist,headwise_adaptive_entmax,4,15,0.3354303240776062,0.8723333333333333,0.870371716247913,0.3493461546798547,0.683769249667724,2.9559619277715683,1.5055816769599915,0.009070866217371076
fashion_mnist,headwise_adaptive_entmax,4,16,0.32858002185821533,0.873,0.8726084091389172,0.34567607194185257,0.6763169492284457,2.945262903968493,1.5056666731834412,0.00933558150427416
fashion_mnist,headwise_adaptive_entmax,4,17,0.3247584104537964,0.87775,0.8759213881896155,0.3348508874575297,0.6750227535764376,2.9372753451267877,1.50569486618042,0.009921346849296242
fashion_mnist,headwise_adaptive_entmax,4,18,0.31647974252700806,0.87025,0.8680811567148933,0.3505362706879775,0.6717874780297279,2.92354450126489,1.5055077075958252,0.010154061601497233
fashion_mnist,headwise_adaptive_entmax,4,19,0.31159403920173645,0.87675,0.8752793733005918,0.33311188345154125,0.6619240542252859,2.8972804794708886,1.5052345991134644,0.010287970013450831
fashion_mnist,headwise_adaptive_entmax,4,20,0.30788931250572205,0.875,0.8747933588472122,0.3416498936712742,0.6637014045069615,2.8862933665513992,1.5048127174377441,0.010223940713331103
fashion_mnist,headwise_adaptive_entmax,4,21,0.30181676149368286,0.87625,0.8750016318487092,0.33121904358267784,0.659129956116279,2.881104747454325,1.504454255104065,0.010471198125742376
fashion_mnist,headwise_adaptive_entmax,4,22,0.29881051182746887,0.8828333333333334,0.8815570359732392,0.32103417813777924,0.6523421754439672,2.865123843153318,1.504630208015442,0.010804271209053695
fashion_mnist,headwise_adaptive_entmax,4,23,0.2905094623565674,0.8829166666666667,0.8817225509222819,0.31994278853138286,0.6511163252095381,2.8570660948753357,1.5047951936721802,0.011628208914771676
fashion_mnist,headwise_adaptive_entmax,4,24,0.2861274480819702,0.8823333333333333,0.8818675686128273,0.32470352451006573,0.6440468151122332,2.835892582933108,1.5043781399726868,0.011462826980277896
fashion_mnist,headwise_adaptive_entmax,4,25,0.28474342823028564,0.8873333333333333,0.8855297406730344,0.3167618401348591,0.6424312752981981,2.8288994332154593,1.5040704011917114,0.012157674646005034
fashion_mnist,headwise_adaptive_entmax,4,26,0.2749828100204468,0.8859166666666667,0.8854715098800179,0.31573656387627125,0.640079086025556,2.820167491833369,1.5040206909179688,0.012693120166659355
fashion_mnist,headwise_adaptive_entmax,4,27,0.2759839594364166,0.8856666666666667,0.8845513208478286,0.31123536825180054,0.6383265207211176,2.8195692598819733,1.5041441917419434,0.013123053358867764
fashion_mnist,headwise_adaptive_entmax,4,28,0.27014973759651184,0.88125,0.8805142571413004,0.324566005418698,0.6320216792325178,2.8112353086471558,1.503700077533722,0.013251199619844556
fashion_mnist,headwise_adaptive_entmax,4,29,0.2622702419757843,0.8853333333333333,0.8844704308489757,0.31975555047392845,0.6343329797188441,2.8080802808205285,1.5034268498420715,0.013427337631583214
fashion_mnist,headwise_adaptive_entmax,5,0,1.3081698417663574,0.7423333333333333,0.7410648823384689,0.7117374514540037,0.7211988903582096,3.165367384751638,1.5044686794281006,0.003193536540493369
fashion_mnist,headwise_adaptive_entmax,5,1,0.6407074332237244,0.7965833333333333,0.7893354074429894,0.5598310256997744,0.6825746099154154,3.0810714066028595,1.5053679943084717,0.0034472730476409197
fashion_mnist,headwise_adaptive_entmax,5,2,0.5361275672912598,0.81125,0.8059737332044644,0.5087245491643747,0.6857497120896975,3.060249999165535,1.5060248374938965,0.0036112057277932763
fashion_mnist,headwise_adaptive_entmax,5,3,0.49601641297340393,0.8225833333333333,0.817245927569384,0.47551339740554494,0.6830633791784445,3.0128263334433236,1.5063066482543945,0.003417970845475793
fashion_mnist,headwise_adaptive_entmax,5,4,0.46517500281333923,0.8310833333333333,0.8295637785876778,0.45309584587812424,0.6798915217320124,2.9938461780548096,1.5066680312156677,0.002976159390527755
fashion_mnist,headwise_adaptive_entmax,5,5,0.4452117681503296,0.835,0.8304736437148277,0.4446562739710013,0.6633933906753858,2.9363451649745307,1.5069034099578857,0.0024781966349110007
fashion_mnist,headwise_adaptive_entmax,5,6,0.42521780729293823,0.84025,0.835658180825926,0.4234200529754162,0.6513163360456625,2.899112010995547,1.5070005655288696,0.002784950949717313
fashion_mnist,headwise_adaptive_entmax,5,7,0.4020165205001831,0.8510833333333333,0.851119712370157,0.40331729501485825,0.643331923832496,2.8763031413157782,1.50735342502594,0.00249037315370515
fashion_mnist,headwise_adaptive_entmax,5,8,0.38999322056770325,0.8565,0.8534874318564926,0.3898797233899434,0.6269211210310459,2.8215513775746026,1.5078990459442139,0.0022698621032759547
fashion_mnist,headwise_adaptive_entmax,5,9,0.3792163133621216,0.8568333333333333,0.8552223472591459,0.3923581466078758,0.6209879169861475,2.803047557671865,1.5082728862762451,0.0022058539325371385
fashion_mnist,headwise_adaptive_entmax,5,10,0.3694581389427185,0.8566666666666667,0.8555347411959975,0.38659582783778507,0.6226000959674517,2.7963710129261017,1.5086222887039185,0.002014358527958393
fashion_mnist,headwise_adaptive_entmax,5,11,0.36196109652519226,0.8555,0.8520751783363615,0.3887403979897499,0.6059280360738436,2.758132661382357,1.5091039538383484,0.0021762113901786506
fashion_mnist,headwise_adaptive_entmax,5,12,0.3542994260787964,0.865,0.8635917109821009,0.36464771380027133,0.5883209233482679,2.7063978562752404,1.5098400712013245,0.002280435641296208
fashion_mnist,headwise_adaptive_entmax,5,13,0.34192895889282227,0.86225,0.8604448527940491,0.3650222321351369,0.5867761162420114,2.7011435429255166,1.5098785161972046,0.0026956232613883913
fashion_mnist,headwise_adaptive_entmax,5,14,0.3371795117855072,0.8665833333333334,0.8645090569208698,0.3572094788153966,0.5782429861525694,2.6831388721863427,1.509955108165741,0.003447061753831804
fashion_mnist,headwise_adaptive_entmax,5,15,0.33292943239212036,0.868,0.8652646388456977,0.3614875040948391,0.5669019191215435,2.6502344061930976,1.510644793510437,0.0036730156862176955
fashion_mnist,headwise_adaptive_entmax,5,16,0.32313278317451477,0.872,0.8702664064350414,0.35426493361592293,0.570131607974569,2.6516162902116776,1.5103580355644226,0.004375424119643867
fashion_mnist,headwise_adaptive_entmax,5,17,0.31786105036735535,0.8695833333333334,0.8687006524506004,0.35863148296872777,0.574102538327376,2.6673419872919717,1.5105518102645874,0.00481823890004307
fashion_mnist,headwise_adaptive_entmax,5,18,0.31404903531074524,0.8725833333333334,0.8706812263901982,0.34448234364390373,0.5602618232369423,2.6268930633862815,1.5108386278152466,0.005473274388350546
fashion_mnist,headwise_adaptive_entmax,5,19,0.3063477575778961,0.8761666666666666,0.8744500190870363,0.349651279548804,0.5445177834481001,2.581060300270716,1.511288821697235,0.005899276933632791
fashion_mnist,headwise_adaptive_entmax,5,20,0.3052856922149658,0.8753333333333333,0.8746377310186835,0.34143366540471715,0.541024769966801,2.573634306589762,1.5116091966629028,0.006177549134008586
fashion_mnist,headwise_adaptive_entmax,5,21,0.2944198548793793,0.8771666666666667,0.8755581601700311,0.33841606602072716,0.5398129864285389,2.574662923812866,1.5117118954658508,0.006570019293576479
fashion_mnist,headwise_adaptive_entmax,5,22,0.2927689254283905,0.8769166666666667,0.8746269485233247,0.3323012466231982,0.5312149344633023,2.552374949057897,1.511833131313324,0.006697074277326465
fashion_mnist,headwise_adaptive_entmax,5,23,0.2869369387626648,0.8745,0.8717557056262992,0.3447315941254298,0.5350423039247593,2.563056692481041,1.5119851231575012,0.007042325916700065
fashion_mnist,headwise_adaptive_entmax,5,24,0.2859261929988861,0.8714166666666666,0.8720633343836586,0.34039166445533436,0.5267304244140784,2.5394045958916345,1.5121122002601624,0.007591133820824325
fashion_mnist,headwise_adaptive_entmax,5,25,0.2792107164859772,0.8768333333333334,0.8744140518746608,0.33921949317057926,0.5268372427672148,2.5481208662192025,1.5124359130859375,0.007273888913914561
fashion_mnist,headwise_adaptive_entmax,5,26,0.2746228575706482,0.8789166666666667,0.8767299990804341,0.3402070018152396,0.5241434965282679,2.535873055458069,1.5125486850738525,0.008176602772437036
fashion_mnist,headwise_adaptive_entmax,5,27,0.27654051780700684,0.8794166666666666,0.8786920759425751,0.3274393988152345,0.5244787068416675,2.5418332616488137,1.5124322772026062,0.008537832647562027
fashion_mnist,headwise_adaptive_entmax,5,28,0.26658424735069275,0.8786666666666667,0.8792335252590237,0.3323603409032027,0.5197551672657331,2.528196473916372,1.5130285620689392,0.008350697113201022
fashion_mnist,headwise_adaptive_entmax,5,29,0.2636912167072296,0.8799166666666667,0.879692294902326,0.3284520208835602,0.5204173295448223,2.5373434523741403,1.513635277748108,0.008622565772384405
fashion_mnist,headwise_adaptive_entmax,6,0,1.3745360374450684,0.721,0.7147505959003161,0.7750668451189995,0.7012837628523508,3.0335949709018073,1.5040500164031982,0.0037633085157722235
fashion_mnist,headwise_adaptive_entmax,6,1,0.6598509550094604,0.7934166666666667,0.7902049488834506,0.5627749338746071,0.6413281820714474,2.926211650172869,1.5044680833816528,0.004195405635982752
fashion_mnist,headwise_adaptive_entmax,6,2,0.5464918613433838,0.8113333333333334,0.8114763694606573,0.527694313476483,0.6267767231911421,2.8805943677822747,1.5045453310012817,0.0038601619889959693
fashion_mnist,headwise_adaptive_entmax,6,3,0.491815984249115,0.8225,0.8229725231154786,0.49249841769536334,0.645569040129582,2.9286353836456933,1.5051140785217285,0.003851328161545098
fashion_mnist,headwise_adaptive_entmax,6,4,0.4602093994617462,0.8329166666666666,0.8330533819891051,0.46234137068192166,0.633938247958819,2.8832899928092957,1.5052186250686646,0.0037227581487968564
fashion_mnist,headwise_adaptive_entmax,6,5,0.4384405016899109,0.8421666666666666,0.8414517361710242,0.4369436800479889,0.6356944280366102,2.879706377784411,1.5054947137832642,0.0032663551392033696
fashion_mnist,headwise_adaptive_entmax,6,6,0.4109621047973633,0.8453333333333334,0.84212992542117,0.4258897763987382,0.628559327373902,2.85915773610274,1.5057004690170288,0.003236347925849259
fashion_mnist,headwise_adaptive_entmax,6,7,0.3999086618423462,0.8545833333333334,0.8551606736727264,0.40476910521586734,0.62568407629927,2.8563745518525443,1.505907952785492,0.0031875385902822018
fashion_mnist,headwise_adaptive_entmax,6,8,0.38783779740333557,0.8574166666666667,0.8565298197148428,0.39127732440829277,0.6175458133220673,2.8223645637432733,1.506067156791687,0.0023531437618657947
fashion_mnist,headwise_adaptive_entmax,6,9,0.3736763596534729,0.86275,0.8615581521047563,0.38564837351441383,0.6140419480701288,2.8198683808247247,1.5065101385116577,0.002695441944524646
fashion_mnist,headwise_adaptive_entmax,6,10,0.364226758480072,0.8585833333333334,0.8560979076522239,0.38267488901813823,0.6063501859704653,2.7868134528398514,1.5066208839416504,0.0026974923675879836
fashion_mnist,headwise_adaptive_entmax,6,11,0.3557629883289337,0.8671666666666666,0.8665546181927176,0.3631840373078982,0.6075420826673508,2.7897969583670297,1.5066137313842773,0.002544281422160566
fashion_mnist,headwise_adaptive_entmax,6,12,0.3456120789051056,0.8615833333333334,0.8605473892184271,0.3722069648404916,0.6035569328814745,2.7728960067033768,1.5067274570465088,0.0024303269456140697
fashion_mnist,headwise_adaptive_entmax,6,13,0.34028851985931396,0.8691666666666666,0.8673793986243767,0.360204075773557,0.5980911000321308,2.753156006336212,1.507074236869812,0.0028370547806844115
fashion_mnist,headwise_adaptive_entmax,6,14,0.336431622505188,0.8695,0.8680217682994822,0.362252755711476,0.5975025730828444,2.7490725169579187,1.5072596669197083,0.003099091351032257
fashion_mnist,headwise_adaptive_entmax,6,15,0.32702818512916565,0.873,0.8718356030220955,0.3417210727930069,0.5887423884123564,2.7204262018203735,1.5074391961097717,0.0031504607759416103
fashion_mnist,headwise_adaptive_entmax,6,16,0.3195938169956207,0.8725833333333334,0.8723924017548846,0.3531458129485448,0.5876867634554704,2.7135156293710074,1.5077815651893616,0.003166580921970308
fashion_mnist,headwise_adaptive_entmax,6,17,0.31537115573883057,0.877,0.8763038735105908,0.3397858813405037,0.5740516614168882,2.677847529451052,1.5078686475753784,0.003690834389999509
fashion_mnist,headwise_adaptive_entmax,6,18,0.30871647596359253,0.8715,0.8704028686273604,0.3505275870362918,0.565802821268638,2.6464279741048813,1.5081821084022522,0.004059221071656793
fashion_mnist,headwise_adaptive_entmax,6,19,0.3049952983856201,0.8781666666666667,0.8765251584452283,0.3371039604147275,0.5654304133107265,2.6512760122617087,1.5085186958312988,0.004325191956013441
fashion_mnist,headwise_adaptive_entmax,6,20,0.30049389600753784,0.87625,0.8740006981282,0.3476209342479706,0.5620329038550457,2.638351241747538,1.5088229179382324,0.004985603038221598
fashion_mnist,headwise_adaptive_entmax,6,21,0.29253101348876953,0.8801666666666667,0.8802623997115336,0.3280307538807392,0.5590354961653551,2.62305781741937,1.5091946125030518,0.005134593055117875
fashion_mnist,headwise_adaptive_entmax,6,22,0.2875742018222809,0.8810833333333333,0.8800447332462193,0.33181672915816307,0.5560557426263889,2.6210884849230447,1.5091058015823364,0.0052029050420969725
fashion_mnist,headwise_adaptive_entmax,6,23,0.28935348987579346,0.8829166666666667,0.8833649069088837,0.32775573680798215,0.5513294960061709,2.6096604516108832,1.5094552636146545,0.005093614803627133
fashion_mnist,headwise_adaptive_entmax,6,24,0.28425371646881104,0.8810833333333333,0.8810047252639203,0.3267013033231099,0.5457091722637415,2.5863168934981027,1.509740948677063,0.005533873685635626
fashion_mnist,headwise_adaptive_entmax,6,25,0.2797846496105194,0.8813333333333333,0.8793393404382845,0.32899104927976924,0.5459196927646796,2.5861357549826303,1.5096976161003113,0.005680874455720186
fashion_mnist,headwise_adaptive_entmax,6,26,0.272735595703125,0.8814166666666666,0.8816074927711341,0.331706665456295,0.5465158807734648,2.589279438058535,1.5097051858901978,0.005722008063457906
fashion_mnist,headwise_adaptive_entmax,6,27,0.2729962170124054,0.8824166666666666,0.8805628553347553,0.3294401814540227,0.5487826056778431,2.5922527561585107,1.5097476243972778,0.006113088922575116
fashion_mnist,headwise_adaptive_entmax,6,28,0.2619529664516449,0.88425,0.8851473704730738,0.3253300040960312,0.5434348514924446,2.57846108575662,1.5094886422157288,0.0061044900212436914
fashion_mnist,headwise_adaptive_entmax,6,29,0.26037299633026123,0.8839166666666667,0.8832621169107225,0.32325907175739604,0.5315003568927447,2.546116719643275,1.509590744972229,0.006360881961882114
fashion_mnist,headwise_adaptive_entmax,7,0,1.4389386177062988,0.6995,0.691213661790017,0.8038410395383835,0.7640443208316962,3.1854856312274933,1.5030958652496338,0.0022746355971321464
fashion_mnist,headwise_adaptive_entmax,7,1,0.6680938005447388,0.79775,0.7919661238095688,0.5590903411308924,0.7293952740728855,3.1068131923675537,1.5036333799362183,0.004145482671447098
fashion_mnist,headwise_adaptive_entmax,7,2,0.5443782806396484,0.8125833333333333,0.8070566727728465,0.5128200923403105,0.7233549319207668,3.0728868345419564,1.5032803416252136,0.00501586589962244
fashion_mnist,headwise_adaptive_entmax,7,3,0.49420279264450073,0.83125,0.8261982801028678,0.4647684842348099,0.7205173236628374,3.068656176328659,1.5030784606933594,0.005108361365273595
fashion_mnist,headwise_adaptive_entmax,7,4,0.457772821187973,0.8454166666666667,0.8423126528398088,0.42830701917409897,0.7217110631366571,3.08253838121891,1.5028437376022339,0.005463568260893226
fashion_mnist,headwise_adaptive_entmax,7,5,0.43341124057769775,0.8461666666666666,0.8437683202173117,0.4169247622291247,0.7173208321134249,3.065486724177996,1.5028567910194397,0.005697270156815648
fashion_mnist,headwise_adaptive_entmax,7,6,0.4180963933467865,0.8530833333333333,0.8505231383196555,0.399867657572031,0.7092404017845789,3.0526049782832465,1.5029515027999878,0.005547114880755544
fashion_mnist,headwise_adaptive_entmax,7,7,0.4054432213306427,0.856,0.8557068878763312,0.3848074662188689,0.6981219165027142,3.0292401959498725,1.5030893683433533,0.005832524737343192
fashion_mnist,headwise_adaptive_entmax,7,8,0.3874959945678711,0.8596666666666667,0.8590060986795376,0.37801330784956616,0.699532816807429,3.0189642359813056,1.5032320022583008,0.006011957069858909
fashion_mnist,headwise_adaptive_entmax,7,9,0.37758010625839233,0.86475,0.8635873692827964,0.3639577850699425,0.6904193858305613,3.0011575122674308,1.5032219886779785,0.006382489576935768
fashion_mnist,headwise_adaptive_entmax,7,10,0.3663825988769531,0.8646666666666667,0.8640951210261084,0.3600402846932411,0.6753067014118036,2.9781882911920547,1.5034558176994324,0.006444221595302224
fashion_mnist,headwise_adaptive_entmax,7,11,0.3573445677757263,0.86775,0.8668639650661412,0.35558004925648373,0.676727561901013,2.961608668168386,1.5036033391952515,0.006661364110186696
fashion_mnist,headwise_adaptive_entmax,7,12,0.34723109006881714,0.8716666666666667,0.8709247788019967,0.3490518716474374,0.6731348683436712,2.9491300036509833,1.503634750843048,0.007019456243142486
fashion_mnist,headwise_adaptive_entmax,7,13,0.3415774405002594,0.8706666666666667,0.8685379776475068,0.34887610251704854,0.6665020373960336,2.9213910351196923,1.5037988424301147,0.007274299161508679
fashion_mnist,headwise_adaptive_entmax,7,14,0.3290891647338867,0.86925,0.8681809889244428,0.3450288201371829,0.6588492045799891,2.904104525844256,1.5037456154823303,0.007371681742370129
fashion_mnist,headwise_adaptive_entmax,7,15,0.32339563965797424,0.87775,0.8768303285219667,0.33322463805476826,0.6613985250393549,2.8981108367443085,1.5035253763198853,0.007400689413771033
fashion_mnist,headwise_adaptive_entmax,7,16,0.3185785412788391,0.87875,0.8780149799143908,0.32923650244871777,0.6469395533204079,2.8569362511237464,1.5035219192504883,0.007722757523879409
fashion_mnist,headwise_adaptive_entmax,7,17,0.31264355778694153,0.8751666666666666,0.8754025724937694,0.3373187246421973,0.6480900098880132,2.8582124412059784,1.5035671591758728,0.0075230528600513935
fashion_mnist,headwise_adaptive_entmax,7,18,0.3079233169555664,0.8734166666666666,0.8694340833010834,0.3416232330103715,0.6477313389380773,2.8630482157071433,1.503662347793579,0.007544525200501084
fashion_mnist,headwise_adaptive_entmax,7,19,0.30409353971481323,0.87625,0.8751922589373977,0.3284759062031905,0.6387841279308001,2.834375580151876,1.5037766695022583,0.007743150927126408
fashion_mnist,headwise_adaptive_entmax,7,20,0.299948126077652,0.876,0.8740345435069834,0.3341056704521179,0.6382914558053017,2.8303214659293494,1.5039058327674866,0.007655404508113861
fashion_mnist,headwise_adaptive_entmax,7,21,0.2899557650089264,0.8736666666666667,0.8739315408768835,0.3358769901096821,0.6190155812849601,2.784985894958178,1.5042142271995544,0.007770397234708071
fashion_mnist,headwise_adaptive_entmax,8,0,1.3554768562316895,0.71925,0.7130189453125979,0.7684572587410609,0.778672207146883,3.2419501692056656,1.5036748051643372,0.0023761108168400824
fashion_mnist,headwise_adaptive_entmax,8,1,0.660271942615509,0.80475,0.8052448770115597,0.553147591650486,0.7537276347478231,3.184657037258148,1.5044085383415222,0.003594130161218345
fashion_mnist,headwise_adaptive_entmax,8,2,0.5480389595031738,0.8149166666666666,0.8138224882737483,0.5177939869463444,0.7250302446385225,3.126137137413025,1.5049453973770142,0.005664520896971226
fashion_mnist,headwise_adaptive_entmax,8,3,0.5088950991630554,0.8256666666666667,0.8248796382901459,0.48359398419658345,0.7427043952047825,3.1361261755228043,1.504876971244812,0.0068899637553840876
fashion_mnist,headwise_adaptive_entmax,8,4,0.4688197374343872,0.8366666666666667,0.8354580045046207,0.4624244049191475,0.7416143628458182,3.1262675722440085,1.5047176480293274,0.008196810260415077
fashion_mnist,headwise_adaptive_entmax,8,5,0.4460763931274414,0.8345,0.8332682883419557,0.45152153943975765,0.7247339002788067,3.0753899961709976,1.5048279166221619,0.009355795104056597
fashion_mnist,headwise_adaptive_entmax,8,6,0.4284805357456207,0.8481666666666666,0.8468738500326027,0.41530441492795944,0.7223127993444601,3.0451410114765167,1.5050835013389587,0.010534047149121761
fashion_mnist,headwise_adaptive_entmax,8,7,0.4063345193862915,0.8435833333333334,0.8432521049629618,0.4246391790608565,0.714590442677339,3.0355241149663925,1.505126416683197,0.011608995497226715
fashion_mnist,headwise_adaptive_entmax,8,8,0.391545832157135,0.8569166666666667,0.8565513484642928,0.3963476133843263,0.7032294869422913,2.997600590189298,1.5054637789726257,0.012684513349086046
fashion_mnist,headwise_adaptive_entmax,8,9,0.3864482045173645,0.8555833333333334,0.8555142661777164,0.40608277668555576,0.6928990023831526,2.973467712601026,1.5058262944221497,0.01326308073475957
fashion_mnist,headwise_adaptive_entmax,8,10,0.3750265836715698,0.858,0.8587876024529381,0.38397644584377605,0.6896982789039612,2.9499805718660355,1.5063689947128296,0.01394216064363718
fashion_mnist,headwise_adaptive_entmax,8,11,0.3636137545108795,0.86375,0.8642027008517879,0.37236743544538814,0.6844991048177084,2.934838756918907,1.5066398978233337,0.014708513393998146
fashion_mnist,headwise_adaptive_entmax,8,12,0.3554971516132355,0.8675,0.867853717403386,0.3630741449693839,0.6724467724561691,2.9143329014380774,1.5067729949951172,0.014974023681133986
fashion_mnist,headwise_adaptive_entmax,8,13,0.3493323028087616,0.8674166666666666,0.8676417742975483,0.37310659016172093,0.6697364673018456,2.9020616710186005,1.5069068670272827,0.015485023148357868
fashion_mnist,headwise_adaptive_entmax,8,14,0.34672433137893677,0.8675833333333334,0.8684652051158006,0.3581468351185322,0.6483924351632595,2.8439337412516275,1.506966233253479,0.016024510841816664
fashion_mnist,headwise_adaptive_entmax,8,15,0.33736729621887207,0.8650833333333333,0.866293144863383,0.36193323135375977,0.6445360953609148,2.8343837211529412,1.5071760416030884,0.015697315335273743
fashion_mnist,headwise_adaptive_entmax,8,16,0.3262161910533905,0.87525,0.875563431850679,0.3542819283902645,0.6433422764142355,2.8255227456490197,1.5069363117218018,0.015916533768177032
fashion_mnist,headwise_adaptive_entmax,8,17,0.3253355622291565,0.8705,0.8693083559894921,0.3640287443995476,0.6253073960542679,2.7844354261954627,1.5072540044784546,0.01641266793012619
fashion_mnist,headwise_adaptive_entmax,8,18,0.3176123797893524,0.8753333333333333,0.8754911170087913,0.34402697160840034,0.6259761999050776,2.7853540430466333,1.5071149468421936,0.016360455192625523
fashion_mnist,headwise_adaptive_entmax,8,19,0.3083559274673462,0.87625,0.8769976583147301,0.33607833832502365,0.6201243760685126,2.777105689048767,1.5072476863861084,0.016725885216146708
fashion_mnist,headwise_adaptive_entmax,8,20,0.3054450452327728,0.87575,0.8753724458617798,0.34129954998691875,0.607920719931523,2.7411638100941977,1.507602035999298,0.016733061522245407
fashion_mnist,headwise_adaptive_entmax,8,21,0.30535897612571716,0.875,0.8743005155531044,0.3449714904030164,0.6135833722849687,2.7553425480922065,1.5075881481170654,0.016624349169433117
fashion_mnist,headwise_adaptive_entmax,8,22,0.29599738121032715,0.87775,0.8780184457338676,0.33858474095662433,0.5986914361516634,2.729186703761419,1.508400559425354,0.017155413515865803
fashion_mnist,headwise_adaptive_entmax,8,23,0.291679322719574,0.87875,0.8795434667126149,0.33420583605766296,0.5916904136538506,2.7015707890192666,1.5085211396217346,0.0175363109447062
fashion_mnist,headwise_adaptive_entmax,8,24,0.2902863323688507,0.8753333333333333,0.8756481740031619,0.3442683095733325,0.5940208571652571,2.7097800026337304,1.508953869342804,0.017652593553066254
fashion_mnist,headwise_adaptive_entmax,8,25,0.28419122099876404,0.8776666666666667,0.8778134257803917,0.33541329577565193,0.5857148990035057,2.688427150249481,1.5089709758758545,0.01782167935743928
fashion_mnist,headwise_adaptive_entmax,8,26,0.2843640446662903,0.8805,0.881897325884912,0.32827358817060787,0.5854646600782871,2.6868875920772552,1.509427547454834,0.018155675381422043
fashion_mnist,headwise_adaptive_entmax,8,27,0.27515023946762085,0.8781666666666667,0.8799469379040319,0.33892205854256946,0.5884146839380264,2.697828953464826,1.5098975896835327,0.018312098924070597
fashion_mnist,headwise_adaptive_entmax,8,28,0.27591896057128906,0.8844166666666666,0.8851964615637968,0.3223310026029746,0.5781944307188193,2.6739896486202874,1.5105400681495667,0.01935299066826701
fashion_mnist,headwise_adaptive_entmax,8,29,0.2702440917491913,0.8803333333333333,0.8809199408794637,0.33644136413931847,0.5813218615949154,2.6890324652194977,1.5104418396949768,0.01973749417811632
fashion_mnist,headwise_adaptive_entmax,9,0,1.3482860326766968,0.7083333333333334,0.7059724407853094,0.8063671787579855,0.8700387900074323,3.3924061954021454,1.5017768144607544,0.0025665697176009417
fashion_mnist,headwise_adaptive_entmax,9,1,0.7167487144470215,0.7909166666666667,0.7890007040755014,0.5713450709978739,0.8330487546821436,3.320155610640844,1.5040700435638428,0.005489556584507227
fashion_mnist,headwise_adaptive_entmax,9,2,0.5657371878623962,0.812,0.8101135794630029,0.4983755188683669,0.808714127788941,3.2946424235900245,1.5050272941589355,0.0064045453909784555
fashion_mnist,headwise_adaptive_entmax,9,3,0.5134968161582947,0.82525,0.824385542217342,0.4680723349253337,0.7846907352407774,3.2496372759342194,1.5056419372558594,0.007471657358109951
fashion_mnist,headwise_adaptive_entmax,9,4,0.46926063299179077,0.8308333333333333,0.8284481843160496,0.4519701960186164,0.7616910835107168,3.2034476896127067,1.505758821964264,0.00835026940330863
fashion_mnist,headwise_adaptive_entmax,9,5,0.4424247741699219,0.8469166666666667,0.846578845597295,0.41418345645070076,0.7361276323596636,3.1541664004325867,1.5060535073280334,0.008678389713168144
fashion_mnist,headwise_adaptive_entmax,9,6,0.4275874197483063,0.8475,0.8460765703305368,0.4133935694893201,0.7159233453373114,3.1083721617857614,1.5062833428382874,0.009394118096679449
fashion_mnist,headwise_adaptive_entmax,9,7,0.40634921193122864,0.8471666666666666,0.845796746650185,0.407426414390405,0.7159689602752527,3.103708972533544,1.5063669085502625,0.009963386692106724
fashion_mnist,headwise_adaptive_entmax,9,8,0.39660224318504333,0.8505833333333334,0.8486478380492777,0.3943262882530689,0.700158899029096,3.0736746788024902,1.5067036747932434,0.010500136762857437
fashion_mnist,headwise_adaptive_entmax,9,9,0.38054466247558594,0.864,0.8620855273230535,0.3617159475882848,0.7001373829940954,3.0783651769161224,1.5066366791725159,0.010698205325752497
fashion_mnist,headwise_adaptive_entmax,9,10,0.3693646788597107,0.86625,0.865934289872965,0.35969971120357513,0.6895137839019299,3.050363684693972,1.5063689351081848,0.011295960284769535
fashion_mnist,headwise_adaptive_entmax,9,11,0.3602529466152191,0.86575,0.8658055777337834,0.36071691537896794,0.6874548544486364,3.0468800564606986,1.5064422488212585,0.011788718868046999
fashion_mnist,headwise_adaptive_entmax,9,12,0.35477182269096375,0.862,0.8605559265342311,0.36580157404144603,0.6802709264059862,3.016867379347483,1.5064725279808044,0.012610391713678837
fashion_mnist,headwise_adaptive_entmax,9,13,0.3463175594806671,0.8685,0.8675938863289927,0.3512926809489727,0.6775007136166096,3.007257396976153,1.5065481662750244,0.013522028923034668
fashion_mnist,headwise_adaptive_entmax,9,14,0.34307247400283813,0.8743333333333333,0.8740330881486791,0.34115517263611156,0.6700483821332455,2.995308135946592,1.5066568851470947,0.014347599353641272
fashion_mnist,headwise_adaptive_entmax,9,15,0.33230507373809814,0.87375,0.8721079913408468,0.33338181488215923,0.6746348217129707,2.996447811524073,1.506425380706787,0.014856697525829077
fashion_mnist,headwise_adaptive_entmax,9,16,0.3247413635253906,0.879,0.8788181740221848,0.3293968203167121,0.6693754456937313,2.9896089831988015,1.5064918398857117,0.01531311310827732
fashion_mnist,headwise_adaptive_entmax,9,17,0.3179636299610138,0.8790833333333333,0.8780901811347025,0.32614073405663174,0.6641868278384209,2.97626331448555,1.5061070919036865,0.015699794050306082
fashion_mnist,headwise_adaptive_entmax,9,18,0.3174900710582733,0.878,0.8777220584322845,0.33448926856120426,0.6674476924041907,2.9699732859929404,1.5059162974357605,0.01631316775456071
fashion_mnist,headwise_adaptive_entmax,9,19,0.3108534812927246,0.8789166666666667,0.8776695447338971,0.3266069870442152,0.6576580703258514,2.9444321741660437,1.5060728788375854,0.017077927477657795
fashion_mnist,headwise_adaptive_entmax,9,20,0.3073326051235199,0.8824166666666666,0.8821285647276614,0.3226397472123305,0.653642771144708,2.9343603402376175,1.5063191056251526,0.01776026515290141
fashion_mnist,headwise_adaptive_entmax,9,21,0.3001497685909271,0.87975,0.879839605603294,0.3201440678288539,0.6492601707577705,2.916016101837158,1.5063424110412598,0.01839192258194089
fashion_mnist,headwise_adaptive_entmax,9,22,0.29379862546920776,0.8845833333333334,0.8844622387309453,0.31586785552402336,0.6531543048719565,2.92579851547877,1.5061246156692505,0.018434935249388218
fashion_mnist,headwise_adaptive_entmax,9,23,0.2907573878765106,0.8809166666666667,0.8811483699958101,0.32101695984601974,0.6486893569429716,2.9134912689526877,1.5060608386993408,0.01904822699725628
fashion_mnist,headwise_adaptive_entmax,9,24,0.28900712728500366,0.88325,0.8832504482117673,0.32134204792479676,0.6517271300156912,2.9148286829392114,1.5059365630149841,0.019498226698487997
fashion_mnist,headwise_adaptive_entmax,9,25,0.28338316082954407,0.8799166666666667,0.8790562586865868,0.3205336593091488,0.6474824013809363,2.9069819301366806,1.5059701800346375,0.01988505804911256
fashion_mnist,headwise_adaptive_entmax,9,26,0.2773676812648773,0.8826666666666667,0.8821067718484382,0.31390238118668395,0.6417254420618216,2.8887124210596085,1.5058375597000122,0.02012718701735139
fashion_mnist,headwise_adaptive_entmax,9,27,0.2742052972316742,0.8825,0.8824113753327574,0.31996130260328454,0.6442276388406754,2.8913080046574273,1.5054961442947388,0.020515189040452242
kmnist,softmax,0,0,2.0642731189727783,0.43983333333333335,0.43328774421782823,1.5680523465077083,1.0,3.813604474067688,nan,nan
kmnist,softmax,0,1,1.2311841249465942,0.70425,0.7025867224385085,0.9199438318610191,1.0,3.8002667874097824,nan,nan
kmnist,softmax,0,2,0.8710588812828064,0.7639166666666667,0.7638896683956082,0.7220547671119372,1.0,3.7809846848249435,nan,nan
kmnist,softmax,0,3,0.7027860283851624,0.8065833333333333,0.8066374220516211,0.5985163673758507,1.0,3.7640916109085083,nan,nan
kmnist,softmax,0,4,0.5908911228179932,0.8388333333333333,0.8395180861849149,0.49400797858834267,1.0,3.7410371601581573,nan,nan
kmnist,softmax,0,5,0.5145767331123352,0.8475833333333334,0.848287239243094,0.4754374387363593,1.0,3.728581299384435,nan,nan
kmnist,softmax,0,6,0.4557126760482788,0.8698333333333333,0.8700752317193221,0.4103221135834853,1.0,3.7108758638302484,nan,nan
kmnist,softmax,0,7,0.4024277329444885,0.8883333333333333,0.8884684251372386,0.3410097596546014,1.0,3.7034812271595,nan,nan
kmnist,softmax,0,8,0.37324967980384827,0.90075,0.9010194134984569,0.31106240302324295,1.0,3.6909202933311462,nan,nan
kmnist,softmax,0,9,0.3359552025794983,0.9038333333333334,0.9040168461256199,0.29187902125219506,1.0,3.6843475848436356,nan,nan
kmnist,softmax,0,10,0.31782397627830505,0.9126666666666666,0.9128759814809682,0.2622270950426658,1.0,3.678972840309143,nan,nan
kmnist,softmax,0,11,0.28996989130973816,0.91575,0.9162023248112405,0.2574211073418458,0.9999999317030112,3.6708904008070626,nan,nan
kmnist,softmax,0,12,0.2701987624168396,0.9228333333333333,0.9231945545393383,0.2386883720755577,0.9999998783071836,3.661590894063314,nan,nan
kmnist,softmax,0,13,0.2508776783943176,0.9236666666666666,0.9237767227197475,0.23112919057408968,0.9999979076286157,3.6553018192450204,nan,nan
kmnist,softmax,0,14,0.2490808367729187,0.9205,0.9209934209082584,0.24426030553877354,0.9999953409036001,3.6401770313580832,nan,nan
kmnist,softmax,0,15,0.22713445127010345,0.9313333333333333,0.9317006581480239,0.2146603949368,0.9999880331257979,3.635786925752958,nan,nan
kmnist,softmax,0,16,0.2149822860956192,0.9381666666666667,0.9382597914083968,0.19013885967433453,0.9999754490951697,3.6254185140132904,nan,nan
kmnist,softmax,0,17,0.2024340033531189,0.93925,0.9396139764496081,0.1902765017002821,0.9999815685053667,3.627023051182429,nan,nan
kmnist,softmax,0,18,0.19586244225502014,0.94025,0.9405195031754013,0.1850058405349652,0.999959277609984,3.6124770740667977,nan,nan
kmnist,softmax,0,19,0.18777871131896973,0.94375,0.9438586228064381,0.17240823122362295,0.9999615475535393,3.609870413939158,nan,nan
kmnist,softmax,0,20,0.17500849068164825,0.9434166666666667,0.9435819540294099,0.1799449659883976,0.9999217589696249,3.600308100382487,nan,nan
kmnist,softmax,0,21,0.16427646577358246,0.9450833333333334,0.9450288655028546,0.17378143593668938,0.9999485835433006,3.6096858928600946,nan,nan
kmnist,softmax,0,22,0.15712569653987885,0.9521666666666667,0.9521742068676634,0.15459313181539378,0.9999404698610306,3.598088895281156,nan,nan
kmnist,softmax,0,23,0.15066155791282654,0.9545833333333333,0.9545819944702872,0.1472375305990378,0.9999093959728876,3.590741122762362,nan,nan
kmnist,softmax,0,24,0.1488318145275116,0.951,0.9511163213472014,0.1518183583393693,0.9999296528597673,3.585886518160502,nan,nan
kmnist,softmax,0,25,0.1398964673280716,0.9515833333333333,0.9516605156911373,0.14785250866164765,0.999870295325915,3.580305059750875,nan,nan
kmnist,softmax,0,26,0.13562315702438354,0.9508333333333333,0.9508727725551165,0.1530007878318429,0.999857651690642,3.5745713214079538,nan,nan
kmnist,softmax,0,27,0.13245829939842224,0.9555833333333333,0.9556632365600833,0.14141655837496123,0.9998831003904343,3.571256309747696,nan,nan
kmnist,softmax,0,28,0.12785448133945465,0.9538333333333333,0.9538826847540534,0.14231853062907854,0.9998693006734053,3.5701182832320533,nan,nan
kmnist,softmax,0,29,0.11843893676996231,0.9560833333333333,0.9560909576623354,0.13590719675024351,0.999824270606041,3.568828543027242,nan,nan
kmnist,softmax,1,0,2.026531934738159,0.5126666666666667,0.5087565287942337,1.4153329481681187,1.0,3.7495820373296738,nan,nan
kmnist,softmax,1,1,1.1978884935379028,0.6904166666666667,0.689833232535466,0.9173364788293839,1.0,3.7876046299934387,nan,nan
kmnist,softmax,1,2,0.8654984831809998,0.7809166666666667,0.7832418352544229,0.690366747478644,1.0,3.7892318218946457,nan,nan
kmnist,softmax,1,3,0.6875879764556885,0.8225,0.8224404907328944,0.5556994912525018,1.0,3.774093836545944,nan,nan
kmnist,softmax,1,4,0.601296067237854,0.8405,0.8411488921022698,0.49805890023708344,1.0,3.7605494360129037,nan,nan
kmnist,softmax,1,5,0.5283775329589844,0.8546666666666667,0.8557483542031317,0.4504844844341278,1.0,3.749915192524592,nan,nan
kmnist,softmax,1,6,0.4745444655418396,0.86575,0.8672400823026815,0.4184502015511195,1.0,3.744735613465309,nan,nan
kmnist,softmax,1,7,0.4438479244709015,0.8815,0.8820054142329049,0.3701350937287013,1.0,3.737651750445366,nan,nan
kmnist,softmax,1,8,0.4062575697898865,0.8889166666666667,0.8890749344540417,0.34290392075975734,1.0,3.727961336572965,nan,nan
kmnist,softmax,1,9,0.3738701343536377,0.8975,0.8975272949288572,0.3105269962300857,1.0,3.7244113435347876,nan,nan
kmnist,softmax,1,10,0.34501680731773376,0.9061666666666667,0.9068681692970622,0.2924542135248582,1.0,3.720410386721293,nan,nan
kmnist,softmax,1,11,0.32716554403305054,0.9065,0.9071314742760613,0.29554490248362225,1.0,3.7169821113348007,nan,nan
kmnist,softmax,1,12,0.315080463886261,0.9119166666666667,0.9121598858600042,0.267238204057018,0.9999999900658926,3.7079056849082312,nan,nan
kmnist,softmax,1,13,0.2901516854763031,0.9209166666666667,0.9209205735961525,0.24782957136631012,0.9999999950329462,3.704196741183599,nan,nan
kmnist,softmax,1,14,0.27508169412612915,0.9199166666666667,0.9201655994021538,0.2468007771919171,0.9999999341865381,3.694635440905889,nan,nan
kmnist,softmax,1,15,0.26146942377090454,0.92975,0.9297201821826343,0.22185836546123028,0.9999998956918716,3.6898897538582482,nan,nan
kmnist,softmax,1,16,0.2510981857776642,0.9226666666666666,0.9228288052173159,0.23637190212806067,0.9999999900658926,3.689826106031736,nan,nan
kmnist,softmax,1,17,0.2353430986404419,0.9305833333333333,0.9304533682333224,0.21273924286166826,0.9999999950329462,3.6874544570843377,nan,nan
kmnist,softmax,1,18,0.23226651549339294,0.9270833333333334,0.9270131423572046,0.2287161642064651,0.9999999950329462,3.6848944226900735,nan,nan
kmnist,softmax,1,19,0.21938501298427582,0.9368333333333333,0.93684434164854,0.19846786186099052,0.9999999900658926,3.6776773432890573,nan,nan
kmnist,softmax,1,20,0.2097499817609787,0.9385,0.9387066647527517,0.18703108094632626,0.9999998857577642,3.6713054279486337,nan,nan
kmnist,softmax,1,21,0.20108944177627563,0.9375833333333333,0.9376557490112797,0.19856396658966938,0.9999999950329462,3.668074309825897,nan,nan
kmnist,softmax,1,22,0.19188718497753143,0.9438333333333333,0.9438749327250712,0.17203889166315398,0.9999999850988388,3.665112937490145,nan,nan
kmnist,softmax,1,23,0.184940904378891,0.9433333333333334,0.9433703162667413,0.17616703423360983,0.9999999552965164,3.6584637264410653,nan,nan
kmnist,softmax,1,24,0.1765478551387787,0.9466666666666667,0.9466180087228475,0.16941893162826696,0.9999999950329462,3.659266342719396,nan,nan
kmnist,softmax,1,25,0.17361558973789215,0.9435833333333333,0.9436411886444274,0.1831160644069314,0.9999999726812044,3.655760943889618,nan,nan
kmnist,softmax,1,26,0.16848358511924744,0.939,0.9391195345992076,0.18655347855140766,0.9999999776482582,3.6495982110500336,nan,nan
kmnist,softmax,1,27,0.16191329061985016,0.9464166666666667,0.9464554142963071,0.17036101718743643,0.9999997541308403,3.645597924788793,nan,nan
kmnist,softmax,1,28,0.16072238981723785,0.95,0.9499156677569651,0.15998901457836232,0.9999999950329462,3.6410024662812552,nan,nan
kmnist,softmax,1,29,0.14770999550819397,0.9509166666666666,0.9510090498793289,0.15653395156065622,0.9999999292194843,3.6325228164593377,nan,nan
kmnist,softmax,2,0,2.084073543548584,0.499,0.4989542419368986,1.4840256422758102,0.9999997640649477,3.7234607438246408,nan,nan
kmnist,softmax,2,1,1.176134467124939,0.6666666666666666,0.6695258080528943,1.0062815869847934,1.0,3.720586652557055,nan,nan
kmnist,softmax,2,2,0.824940025806427,0.78025,0.7820398327148486,0.6841056992610296,1.0,3.735667089621226,nan,nan
kmnist,softmax,2,3,0.6651645302772522,0.8190833333333334,0.8208341745076124,0.5678564334909121,1.0,3.715706209341685,nan,nan
kmnist,softmax,2,4,0.5643877387046814,0.8478333333333333,0.8488488656920549,0.48166482150554657,1.0,3.7060924669106803,nan,nan
kmnist,softmax,2,5,0.5013455748558044,0.8636666666666667,0.8641675720122473,0.4379487733046214,1.0,3.69648410876592,nan,nan
kmnist,softmax,2,6,0.446145236492157,0.8830833333333333,0.8839870876743143,0.3799396666387717,1.0,3.7020741552114487,nan,nan
kmnist,softmax,2,7,0.39230236411094666,0.8938333333333334,0.894168796050459,0.3402901937564214,1.0,3.696956912676493,nan,nan
kmnist,softmax,2,8,0.3665701150894165,0.9034166666666666,0.903628903200936,0.32035335650046665,1.0,3.692206064860026,nan,nan
kmnist,softmax,2,9,0.3307703137397766,0.9068333333333334,0.9070676985354489,0.2961489887287219,1.0,3.6961990694204965,nan,nan
kmnist,softmax,2,10,0.30474382638931274,0.9151666666666667,0.915457546229143,0.27470199825863045,1.0,3.6916145334641137,nan,nan
kmnist,softmax,2,11,0.28379881381988525,0.9169166666666667,0.917411842947869,0.26624361239373684,1.0,3.689078832666079,nan,nan
kmnist,softmax,2,12,0.2708304226398468,0.9206666666666666,0.9210863413222242,0.2538982058564822,1.0,3.6861248314380646,nan,nan
kmnist,softmax,2,13,0.2501046061515808,0.9268333333333333,0.9270149457788743,0.23512891121208668,1.0,3.681610941886902,nan,nan
kmnist,softmax,2,14,0.23919792473316193,0.9245833333333333,0.925143446594139,0.2402847750733296,0.9999999950329462,3.6817643294731774,nan,nan
kmnist,softmax,2,15,0.23021045327186584,0.93,0.9304848132170671,0.22374803386628628,0.9999999900658926,3.679438670476278,nan,nan
kmnist,softmax,2,16,0.21797730028629303,0.93075,0.9308619442926453,0.22217888136704764,0.9999999850988388,3.67644664645195,nan,nan
kmnist,softmax,2,17,0.19954384863376617,0.9404166666666667,0.9406441084201719,0.19133585381011167,0.9999999850988388,3.679135486483574,nan,nan
kmnist,softmax,2,18,0.18733516335487366,0.9375,0.9378365865846101,0.20088058027128378,0.9999999664723873,3.6722945123910904,nan,nan
kmnist,softmax,2,19,0.18178178369998932,0.9429166666666666,0.9432376219683511,0.1888426337391138,0.9999999006589254,3.673677538832029,nan,nan
kmnist,softmax,2,20,0.1747799515724182,0.93975,0.9400523926394916,0.19091112414995828,0.9999999292194843,3.6733932544787726,nan,nan
kmnist,softmax,2,21,0.16485477983951569,0.941,0.9411104337929226,0.18903236029048762,0.9999998907248179,3.672255650162697,nan,nan
kmnist,softmax,2,22,0.16357694566249847,0.948,0.9481954409271951,0.16739976250876984,0.9999997516473135,3.6692751298348107,nan,nan
kmnist,softmax,2,23,0.1481763869524002,0.9459166666666666,0.9461406624391138,0.1737935720011592,0.9999998683730761,3.6713290065526962,nan,nan
kmnist,softmax,2,24,0.14680035412311554,0.9523333333333334,0.9525203440859655,0.1594825011367599,0.9999998646477858,3.665527949730555,nan,nan
kmnist,softmax,2,25,0.13356180489063263,0.9524166666666667,0.9525711886569705,0.16172111872583628,0.9999998311201731,3.6620890299479165,nan,nan
kmnist,softmax,2,26,0.1351034939289093,0.9498333333333333,0.9498396906077291,0.16364681969086328,0.9999993816018105,3.657451411088308,nan,nan
kmnist,softmax,2,27,0.1320125311613083,0.9518333333333333,0.9520092877602627,0.15723384357988834,0.9999991245567799,3.65735824406147,nan,nan
kmnist,softmax,2,28,0.12613630294799805,0.9529166666666666,0.953024162978857,0.15499234509964785,0.9999989631275336,3.655907173951467,nan,nan
kmnist,softmax,2,29,0.12266232073307037,0.9585833333333333,0.9587361432646093,0.14638153774042925,0.9999974543849627,3.65114297469457,nan,nan
kmnist,softmax,3,0,2.0418074131011963,0.5070833333333333,0.5046074085273824,1.4522612591584523,1.0,3.806664531429609,nan,nan
kmnist,softmax,3,1,1.221343755722046,0.6415833333333333,0.6365535571176866,1.1021882941325505,1.0,3.7901044686635337,nan,nan
kmnist,softmax,3,2,0.8503627181053162,0.7780833333333333,0.7796514674290905,0.6803723325332006,1.0,3.77985047797362,nan,nan
kmnist,softmax,3,3,0.661398708820343,0.8151666666666667,0.816542906949041,0.5756486542522907,1.0,3.773287812868754,nan,nan
kmnist,softmax,3,4,0.5708850026130676,0.8503333333333334,0.8503919067157477,0.47671782225370407,1.0,3.7654393861691156,nan,nan
kmnist,softmax,3,5,0.5086203813552856,0.8525833333333334,0.8519743779179028,0.4604484364390373,1.0,3.7617653707663217,nan,nan
kmnist,softmax,3,6,0.4579830765724182,0.8815833333333334,0.8816989387980158,0.381102471301953,1.0,3.757221748431524,nan,nan
kmnist,softmax,3,7,0.41533970832824707,0.8903333333333333,0.8900630661379019,0.35667171825965244,1.0,3.754398465156555,nan,nan
kmnist,softmax,3,8,0.376707524061203,0.8960833333333333,0.8967423306986746,0.33417731647690135,1.0,3.7485400587320328,nan,nan
kmnist,softmax,3,9,0.341684490442276,0.9028333333333334,0.9030736305817154,0.31003425518671673,1.0,3.7436178425947824,nan,nan
kmnist,softmax,3,10,0.3240828812122345,0.9065833333333333,0.9068465719841792,0.29145446171363193,1.0,3.736450508236885,nan,nan
kmnist,softmax,3,11,0.29631397128105164,0.918,0.9182545342605895,0.27049989625811577,1.0,3.729598581790924,nan,nan
kmnist,softmax,3,12,0.2759239971637726,0.9236666666666666,0.9235136939864319,0.2393732126802206,1.0,3.7261956532796225,nan,nan
kmnist,softmax,3,13,0.26306113600730896,0.9271666666666667,0.9271990732125021,0.23271989760299525,1.0,3.7209516763687134,nan,nan
kmnist,softmax,3,14,0.24746185541152954,0.9310833333333334,0.9311882114804109,0.2227810031423966,1.0,3.7146256119012833,nan,nan
kmnist,softmax,3,15,0.23017553985118866,0.9368333333333333,0.9367927124856653,0.20659633229176202,1.0,3.715361565351486,nan,nan
kmnist,softmax,3,16,0.21597403287887573,0.93575,0.9356734180961463,0.2067512503514687,1.0,3.70645180841287,nan,nan
kmnist,softmax,3,17,0.20923633873462677,0.9395,0.9395420840741918,0.1944535051782926,1.0,3.7036685148874917,nan,nan
kmnist,softmax,3,18,0.19847404956817627,0.9398333333333333,0.9398092863932115,0.191583547120293,1.0,3.6977866888046265,nan,nan
kmnist,softmax,3,19,0.18759314715862274,0.93525,0.9353702075042281,0.20569353674848875,1.0,3.692916308840116,nan,nan
kmnist,softmax,3,20,0.1839020997285843,0.945,0.9449477627650952,0.1845720342049996,1.0,3.6864434679349265,nan,nan
kmnist,softmax,3,21,0.17248721420764923,0.94525,0.9452328509119191,0.17759050304690996,1.0,3.689123660326004,nan,nan
kmnist,softmax,3,22,0.16261473298072815,0.9459166666666666,0.9458465356089241,0.1771650705486536,1.0,3.6838067173957825,nan,nan
kmnist,softmax,3,23,0.15630745887756348,0.9538333333333333,0.9537739844049412,0.15829546873768172,1.0,3.6828754047552743,nan,nan
kmnist,softmax,3,24,0.1488540917634964,0.9528333333333333,0.9528719863702065,0.1585177487383286,1.0,3.681600679953893,nan,nan
kmnist,softmax,3,25,0.14685313403606415,0.9511666666666667,0.9512699523929594,0.16117008961737156,1.0,3.674803758660952,nan,nan
kmnist,softmax,3,26,0.14400386810302734,0.9521666666666667,0.952133790162882,0.16262389036516348,1.0,3.671276400486628,nan,nan
kmnist,softmax,3,27,0.13563795387744904,0.9573333333333334,0.9573746988202985,0.1488063003246983,1.0,3.669206658999125,nan,nan
kmnist,softmax,3,28,0.12796801328659058,0.9563333333333334,0.9562732816634142,0.14989218953996897,1.0,3.673676833510399,nan,nan
kmnist,softmax,3,29,0.1299804449081421,0.9498333333333333,0.9498403857113635,0.16829752239088216,1.0,3.6614907334248223,nan,nan
kmnist,softmax,4,0,2.0702733993530273,0.4325833333333333,0.4178176173663977,1.5769530534744263,0.9999259399871031,3.8122939268747964,nan,nan
kmnist,softmax,4,1,1.2079124450683594,0.7123333333333334,0.7164782888933333,0.885721338291963,1.0,3.7743317236502967,nan,nan
kmnist,softmax,4,2,0.8309658765792847,0.7904166666666667,0.790373879612297,0.6603454177578291,1.0,3.762070248524348,nan,nan
kmnist,softmax,4,3,0.654996931552887,0.8035833333333333,0.8045646448394226,0.5968486654261748,1.0,3.75298244257768,nan,nan
kmnist,softmax,4,4,0.5696806907653809,0.8508333333333333,0.8505469660651197,0.4671181912223498,1.0,3.740316907564799,nan,nan
kmnist,softmax,4,5,0.5082148313522339,0.8523333333333334,0.8530713500153952,0.44922944406668347,1.0,3.7324476639429727,nan,nan
kmnist,softmax,4,6,0.4606569707393646,0.8771666666666667,0.8773609382531221,0.3835451789200306,1.0,3.7279826502005258,nan,nan
kmnist,softmax,4,7,0.41296201944351196,0.88225,0.8826943704144574,0.36553898081183434,1.0,3.7198846538861594,nan,nan
kmnist,softmax,4,8,0.3858683109283447,0.8958333333333334,0.8959917836074286,0.3295142638186614,1.0,3.7147751251856485,nan,nan
kmnist,softmax,4,9,0.36132892966270447,0.8946666666666667,0.8950099755868154,0.31983789429068565,1.0,3.707003970940908,nan,nan
kmnist,softmax,4,10,0.3301244378089905,0.8940833333333333,0.894325541717875,0.322831134001414,1.0,3.703119079271952,nan,nan
kmnist,softmax,4,11,0.31378254294395447,0.9166666666666666,0.916573992524247,0.2627523398647706,0.9999999950329462,3.6972076694170632,nan,nan
kmnist,softmax,4,12,0.2901095747947693,0.9175833333333333,0.9174935613290561,0.25477378567059833,0.9999999664723873,3.6898637960354486,nan,nan
kmnist,softmax,4,13,0.27133792638778687,0.9228333333333333,0.9230075489313597,0.23880991153419018,0.9999998994171619,3.6874542186657586,nan,nan
kmnist,softmax,4,14,0.25689697265625,0.9244166666666667,0.9240759087799081,0.2350736390799284,0.9999996920426687,3.6843826274077096,nan,nan
kmnist,softmax,4,15,0.24669480323791504,0.9309166666666666,0.9308128074692114,0.22569751739501953,0.9999997404714426,3.6824034601449966,nan,nan
kmnist,softmax,4,16,0.22622178494930267,0.9301666666666667,0.9299182862295986,0.22468980153401694,0.9999996908009052,3.681190331776937,nan,nan
kmnist,softmax,4,17,0.22122228145599365,0.9335,0.9334244089555961,0.20638612347344557,0.9999996821085612,3.6794432252645493,nan,nan
kmnist,softmax,4,18,0.20598360896110535,0.9424166666666667,0.942283889665644,0.18540414112309614,0.9999996870756149,3.6745272825161615,nan,nan
kmnist,softmax,4,19,0.19606833159923553,0.9405833333333333,0.9405990557197834,0.1850341260433197,0.9999997491637865,3.676404446363449,nan,nan
kmnist,softmax,4,20,0.18792080879211426,0.9435833333333333,0.943447691954673,0.18173227459192276,0.9999990661938986,3.6675185511509576,nan,nan
kmnist,softmax,4,21,0.18849727511405945,0.938,0.9377766144537139,0.2032906971871853,0.9999995504816374,3.6669671734174094,nan,nan
kmnist,softmax,4,22,0.17443305253982544,0.9461666666666667,0.9462444595734697,0.16896022452662388,0.9999991854031881,3.6647120863199234,nan,nan
kmnist,softmax,4,23,0.16837765276432037,0.948,0.9478874733097605,0.16166351176798344,0.9999986415108045,3.6585931529601416,nan,nan
kmnist,softmax,4,24,0.15802714228630066,0.951,0.9508784318755523,0.15880761854350567,0.9999991108973821,3.6534623155991235,nan,nan
kmnist,softmax,4,25,0.15132033824920654,0.9503333333333334,0.9503982527104015,0.15655842827012142,0.9999993368983269,3.6526567935943604,nan,nan
kmnist,softmax,4,26,0.1458275467157364,0.95075,0.9507204132595423,0.15607892690847316,0.9999982342123985,3.650265191992124,nan,nan
kmnist,softmax,4,27,0.14928974211215973,0.949,0.9489164047271977,0.15948991477489471,0.9999962175885836,3.636487146218618,nan,nan
kmnist,softmax,4,28,0.13498763740062714,0.9573333333333334,0.9572318581648895,0.13775308585415283,0.9999991320073605,3.641061022877693,nan,nan
kmnist,softmax,4,29,0.13301882147789001,0.958,0.9579111210867248,0.13535665875921646,0.9999984055757523,3.6431886504093804,nan,nan
kmnist,softmax,5,0,1.96779203414917,0.5496666666666666,0.5450647006410868,1.3439344217379887,1.0,3.787101080020269,nan,nan
kmnist,softmax,5,1,1.1172558069229126,0.7235,0.7192985491007636,0.8559987569848696,1.0,3.7921672413746514,nan,nan
kmnist,softmax,5,2,0.842269241809845,0.7781666666666667,0.7775662678420054,0.692164863149325,1.0,3.790570651491483,nan,nan
kmnist,softmax,5,3,0.667992353439331,0.8150833333333334,0.8133921081141751,0.5798681428035101,1.0,3.777873973051707,nan,nan
kmnist,softmax,5,4,0.5578818917274475,0.8498333333333333,0.8506819951474908,0.47547222425540286,1.0,3.7662247121334076,nan,nan
kmnist,softmax,5,5,0.49557626247406006,0.85975,0.8595893078785546,0.4294718901316325,1.0,3.7568273345629373,nan,nan
kmnist,softmax,5,6,0.4324067533016205,0.8821666666666667,0.8818833690454613,0.37035037701328594,1.0,3.749335438013077,nan,nan
kmnist,softmax,5,7,0.39631837606430054,0.89125,0.8912204823790635,0.35019376998146373,1.0,3.7364248236020408,nan,nan
kmnist,softmax,5,8,0.36650896072387695,0.8953333333333333,0.8951390575850955,0.32936568185687065,1.0,3.7229555944601693,nan,nan
kmnist,softmax,5,9,0.3419979512691498,0.9078333333333334,0.9073949910901746,0.2957433294504881,1.0,3.7119083056847253,nan,nan
kmnist,softmax,5,10,0.3192656636238098,0.90125,0.9009028361326734,0.30336880808075267,1.0,3.7042923072973886,nan,nan
kmnist,softmax,5,11,0.30085819959640503,0.9195833333333333,0.9194703896717342,0.2578408109645049,1.0,3.6985211869080863,nan,nan
kmnist,softmax,5,12,0.2815110981464386,0.9206666666666666,0.9204011788066669,0.2579346379886071,1.0,3.6890492737293243,nan,nan
kmnist,softmax,5,13,0.26567503809928894,0.9259166666666667,0.9257564258101674,0.2413376575956742,1.0,3.6845994691054025,nan,nan
kmnist,softmax,5,14,0.24832454323768616,0.93125,0.9309758717994658,0.22230047235886255,1.0,3.6788143614927926,nan,nan
kmnist,softmax,5,15,0.22945311665534973,0.9363333333333334,0.936113932836523,0.20833277391890684,0.9999999900658926,3.6677695711453757,nan,nan
kmnist,softmax,5,16,0.22840143740177155,0.9375,0.9371393599637912,0.19819473413129648,0.9999999813735485,3.6645383834838867,nan,nan
kmnist,softmax,5,17,0.21518926322460175,0.9370833333333334,0.9367964269056763,0.19911490504940352,0.9999999850988388,3.65629576643308,nan,nan
kmnist,softmax,5,18,0.20349788665771484,0.935,0.9348586504874034,0.21368258446455002,0.9999998820324739,3.6465901037057242,nan,nan
kmnist,softmax,5,19,0.19717295467853546,0.942,0.9418260048905747,0.19057196006178856,0.9999997727572918,3.6457580576340356,nan,nan
kmnist,softmax,5,20,0.18567857146263123,0.9405,0.9400906456392857,0.19505863015850386,0.9999994312723478,3.6395556330680847,nan,nan
kmnist,softmax,5,21,0.18315590918064117,0.9471666666666667,0.9469390517242596,0.1779145672917366,0.999999954054753,3.63585501909256,nan,nan
kmnist,softmax,5,22,0.17389389872550964,0.9464166666666667,0.9462671831640905,0.17056360530356565,0.9999998584389687,3.628213216861089,nan,nan
kmnist,softmax,5,23,0.16864068806171417,0.9436666666666667,0.943334663424874,0.17682711717983088,0.9999999329447746,3.6313492407401404,nan,nan
kmnist,softmax,5,24,0.16380056738853455,0.95125,0.9510181215108535,0.16095569171011448,0.9999998807907104,3.6270106732845306,nan,nan
kmnist,softmax,5,25,0.1538028120994568,0.952,0.9517144248850016,0.15657586666444936,0.9999998385707537,3.6208138465881348,nan,nan
kmnist,softmax,5,26,0.1486300230026245,0.9560833333333333,0.9559535493353829,0.14941052005936703,0.9999998720983664,3.6194182535012565,nan,nan
kmnist,softmax,5,27,0.14268387854099274,0.9515833333333333,0.9513453622548133,0.1552364562327663,0.9999997913837433,3.616096571087837,nan,nan
kmnist,softmax,5,28,0.13918615877628326,0.9538333333333333,0.953658199999442,0.15191609195123115,0.9999998981753985,3.6092169483502707,nan,nan
kmnist,softmax,5,29,0.13677841424942017,0.9479166666666666,0.9476549643350498,0.17184272843102613,0.9999994362394015,3.595381180445353,nan,nan
kmnist,softmax,6,0,2.02944016456604,0.4563333333333333,0.4448773267584921,1.533258284131686,1.0,3.7836502343416214,nan,nan
kmnist,softmax,6,1,1.1665934324264526,0.691,0.6913849686578618,0.9428094526131948,1.0,3.8075645714998245,nan,nan
kmnist,softmax,6,2,0.8061763644218445,0.7826666666666666,0.7833129711305103,0.6620078459382057,1.0,3.8111015409231186,nan,nan
kmnist,softmax,6,3,0.6543306708335876,0.8208333333333333,0.8225245399127503,0.5607604136069616,1.0,3.8033442149559655,nan,nan
kmnist,softmax,6,4,0.5698006749153137,0.8419166666666666,0.8431587865347743,0.48648592829704285,1.0,3.7971672664086022,nan,nan
kmnist,softmax,6,5,0.4982340931892395,0.8650833333333333,0.8648958579710749,0.4212602948149045,1.0,3.7902787377436957,nan,nan
kmnist,softmax,6,6,0.45107197761535645,0.8634166666666667,0.8648558883406414,0.41427890459696454,1.0,3.782630374034246,nan,nan
kmnist,softmax,6,7,0.40552186965942383,0.8875,0.8880287996264243,0.3456699438393116,1.0,3.7742294122775397,nan,nan
kmnist,softmax,6,8,0.365082710981369,0.8925,0.8931167779787417,0.33206019053856534,1.0,3.7680785258611045,nan,nan
kmnist,softmax,6,9,0.3358009457588196,0.90325,0.903012901104322,0.29924186939994496,1.0,3.7577341248591742,nan,nan
kmnist,softmax,6,10,0.3157063126564026,0.9164166666666667,0.9167151731671263,0.2618693392723799,1.0,3.7458505580822625,nan,nan
kmnist,softmax,6,11,0.2840498089790344,0.91425,0.9145385611978943,0.266103641440471,1.0,3.7359465012947717,nan,nan
kmnist,softmax,6,12,0.2625468075275421,0.9239166666666667,0.9241109116012275,0.24274761912723383,1.0,3.727339426676432,nan,nan
kmnist,softmax,6,13,0.2498360425233841,0.9275833333333333,0.9278490683973235,0.2226004544645548,1.0,3.714332843820254,nan,nan
kmnist,softmax,6,14,0.22811359167099,0.92775,0.9278846402479859,0.22464404565592608,1.0,3.7063090006510415,nan,nan
kmnist,softmax,6,15,0.21855896711349487,0.9355833333333333,0.9356578194401493,0.20083773881196976,1.0,3.6992989828189216,nan,nan
kmnist,softmax,6,16,0.20206578075885773,0.9404166666666667,0.9406735098247762,0.18696932991345724,1.0,3.6908129702011743,nan,nan
kmnist,softmax,6,17,0.1949315071105957,0.9415,0.9416188676896649,0.18385086891551813,1.0,3.6813172151645026,nan,nan
kmnist,softmax,6,18,0.17954765260219574,0.94825,0.9482519766555454,0.1650422541424632,1.0,3.670772155125936,nan,nan
kmnist,softmax,6,19,0.17591015994548798,0.9459166666666666,0.9461840613258259,0.17310046094159284,1.0,3.669299910465876,nan,nan
kmnist,softmax,6,20,0.16242262721061707,0.94675,0.9468561473964744,0.17131787103911242,1.0,3.6638333400090537,nan,nan
kmnist,softmax,6,21,0.15519307553768158,0.9539166666666666,0.9541097765556199,0.14968232500056425,1.0,3.661368802189827,nan,nan
kmnist,softmax,6,22,0.152230903506279,0.9519166666666666,0.9521253728790097,0.1552905055383841,1.0,3.6451765348513923,nan,nan
kmnist,softmax,6,23,0.1411374807357788,0.9563333333333334,0.9564149851198609,0.14143753703683615,1.0,3.6361697713534036,nan,nan
kmnist,softmax,6,24,0.136201411485672,0.9561666666666667,0.9562099007818772,0.14076488030453524,1.0,3.641207908590635,nan,nan
kmnist,softmax,6,25,0.12604057788848877,0.9571666666666667,0.9572894561858586,0.1448502466082573,1.0,3.6340967466433844,nan,nan
kmnist,softmax,6,26,0.12361183017492294,0.9548333333333333,0.9548103700105761,0.1477216612547636,1.0,3.637555112441381,nan,nan
kmnist,softmax,6,27,0.12145362794399261,0.9589166666666666,0.9589673782667025,0.1361639785269896,1.0,3.6314163357019424,nan,nan
kmnist,softmax,6,28,0.11811303347349167,0.957,0.9571018180139067,0.14530390407890081,1.0,3.630001117785772,nan,nan
kmnist,softmax,6,29,0.1152949333190918,0.9626666666666667,0.9627240650842852,0.12579284297923246,1.0,3.6207776268323264,nan,nan
kmnist,softmax,7,0,2.0802323818206787,0.44358333333333333,0.4436790308880023,1.5638386656840642,0.9999787112077078,3.6401276936133704,nan,nan
kmnist,softmax,7,1,1.3036733865737915,0.6618333333333334,0.6637997234626118,1.0123759259780247,1.0,3.6893771241108575,nan,nan
kmnist,softmax,7,2,0.8807880878448486,0.7703333333333333,0.7709832087128621,0.7009622852007548,1.0,3.69419098397096,nan,nan
kmnist,softmax,7,3,0.6801341772079468,0.8219166666666666,0.8229661197096203,0.5517442213992277,1.0,3.6900142580270767,nan,nan
kmnist,softmax,7,4,0.5699635744094849,0.8486666666666667,0.8492063034291725,0.4748095745841662,1.0,3.689108356833458,nan,nan
kmnist,softmax,7,5,0.4932684898376465,0.8498333333333333,0.8515170321185028,0.46519235521554947,1.0,3.680746912956238,nan,nan
kmnist,softmax,7,6,0.4541958272457123,0.8634166666666667,0.8646007949941508,0.4247034043073654,1.0,3.665535127123197,nan,nan
kmnist,softmax,7,7,0.40859541296958923,0.8825833333333334,0.8829791761864609,0.3629291082421939,1.0,3.6665652443965278,nan,nan
kmnist,softmax,7,8,0.37313318252563477,0.8945,0.8954368290594811,0.3372144897778829,0.9999999950329462,3.6606129705905914,nan,nan
kmnist,softmax,7,9,0.34429633617401123,0.9,0.9005065657045229,0.31299127638339996,0.9999997764825821,3.6532922238111496,nan,nan
kmnist,softmax,7,10,0.32685771584510803,0.9025,0.9030229561325663,0.30196996840337914,0.9999996063609918,3.6482122391462326,nan,nan
kmnist,softmax,7,11,0.3078072667121887,0.9079166666666667,0.9084719741847804,0.2848132625222206,0.999998215585947,3.6461956848700843,nan,nan
kmnist,softmax,7,12,0.2851744592189789,0.9149166666666667,0.9156665453178592,0.27334501470128697,0.9999965739746889,3.6438664346933365,nan,nan
kmnist,softmax,7,13,0.265196830034256,0.9208333333333333,0.9213104424486257,0.25279099742571515,0.9999889396131039,3.63950522740682,nan,nan
kmnist,softmax,7,14,0.2573279142379761,0.9225833333333333,0.9226767664205908,0.240084499741594,0.9999780828754107,3.635121817390124,nan,nan
kmnist,softmax,7,15,0.2436404675245285,0.9303333333333333,0.9304991054618311,0.22202269360423088,0.9999744072556496,3.6283526519934335,nan,nan
kmnist,softmax,7,16,0.23206192255020142,0.9298333333333333,0.9301303287770567,0.2188232739766439,0.9999766908586025,3.6282987743616104,nan,nan
kmnist,softmax,7,17,0.21556109189987183,0.931,0.9312099493920961,0.2166122750689586,0.9999671950936317,3.625103230277697,nan,nan
kmnist,softmax,7,18,0.2054223120212555,0.9335833333333333,0.9337698872653597,0.2096480124940475,0.9999525547027588,3.6203597535689673,nan,nan
kmnist,softmax,7,19,0.1967259794473648,0.9408333333333333,0.9410726277163676,0.19201946444809437,0.9999454232553641,3.61729042728742,nan,nan
kmnist,softmax,7,20,0.19222143292427063,0.9385,0.9386373770203338,0.19626400185128054,0.9999474274615446,3.613540773590406,nan,nan
kmnist,softmax,7,21,0.18021129071712494,0.9430833333333334,0.943383559943656,0.18538925300041834,0.9999542459845543,3.6128591696421304,nan,nan
kmnist,softmax,7,22,0.17842082679271698,0.9446666666666667,0.9449728786704934,0.17892032551268736,0.9999270824094614,3.613333677252134,nan,nan
kmnist,softmax,7,23,0.16693751513957977,0.93975,0.940000765409948,0.1878047330925862,0.9999455747505029,3.608717436591784,nan,nan
kmnist,softmax,7,24,0.16182081401348114,0.9436666666666667,0.9438375154501844,0.1762582870821158,0.9999565407633781,3.6080042173465094,nan,nan
kmnist,softmax,7,25,0.15820764005184174,0.9414166666666667,0.941892824909497,0.18470200585822263,0.9999535928169886,3.6039369304974875,nan,nan
kmnist,softmax,7,26,0.1541632115840912,0.9475,0.9478054547252048,0.17098866092662016,0.9999593632916609,3.602441594004631,nan,nan
kmnist,softmax,7,27,0.144709974527359,0.9501666666666667,0.950394534247309,0.16374022296319404,0.999943288664023,3.598642811179161,nan,nan
kmnist,softmax,7,28,0.13718627393245697,0.9515833333333333,0.9518234663657354,0.16257404008259377,0.9999040315548579,3.5877673675616584,nan,nan
kmnist,softmax,7,29,0.13129928708076477,0.952,0.9524405871390884,0.1582239968702197,0.9999398378034433,3.593809942404429,nan,nan
kmnist,softmax,8,0,2.0344269275665283,0.48191666666666666,0.4727308621673628,1.4547478755315144,1.0,3.832208439707756,nan,nan
kmnist,softmax,8,1,1.205439805984497,0.6833333333333333,0.6817030954707346,0.9634317581852277,1.0,3.8260113845268884,nan,nan
kmnist,softmax,8,2,0.897269606590271,0.75175,0.7480556903108521,0.7649448066949844,1.0,3.8061469048261642,nan,nan
kmnist,softmax,8,3,0.7160277366638184,0.8048333333333333,0.8035750824647806,0.6051553189754486,1.0,3.793727234005928,nan,nan
kmnist,softmax,8,4,0.6204444169998169,0.8204166666666667,0.8218695327872583,0.5506289241214594,1.0,3.785666902860006,nan,nan
kmnist,softmax,8,5,0.5488452315330505,0.8498333333333333,0.8489735339315917,0.46713778004050255,1.0,3.779522349437078,nan,nan
kmnist,softmax,8,6,0.4895821809768677,0.8601666666666666,0.8607520770608748,0.4333836908141772,1.0,3.7715079536040625,nan,nan
kmnist,softmax,8,7,0.4613082706928253,0.8710833333333333,0.871752249756009,0.39817023028930026,1.0,3.761864388982455,nan,nan
kmnist,softmax,8,8,0.41692569851875305,0.8879166666666667,0.8875303761473134,0.3563605211675167,1.0,3.7517614165941873,nan,nan
kmnist,softmax,8,9,0.3785141706466675,0.8989166666666667,0.8987334611429292,0.3154847187300523,1.0,3.7497911155223846,nan,nan
kmnist,softmax,8,10,0.3487248420715332,0.8915,0.8910394915791577,0.3337676537533601,1.0,3.7419400413831077,nan,nan
kmnist,softmax,8,11,0.3310936689376831,0.9069166666666667,0.9063021073893482,0.2983301791052024,1.0,3.7409739047288895,nan,nan
kmnist,softmax,8,12,0.3168630599975586,0.9129166666666667,0.9126845871621299,0.27186194496850175,1.0,3.7336685160795846,nan,nan
kmnist,softmax,8,13,0.29087570309638977,0.9120833333333334,0.9123716476191894,0.2746534403413534,1.0,3.7300468534231186,nan,nan
kmnist,softmax,8,14,0.27423593401908875,0.923,0.9229415061083042,0.2434134849657615,1.0,3.7206572542587915,nan,nan
kmnist,softmax,8,15,0.2610165476799011,0.9241666666666667,0.9242939309980223,0.23539401466647783,1.0,3.714260379473368,nan,nan
kmnist,softmax,8,16,0.241871178150177,0.932,0.9317436839755666,0.21812374889850616,1.0,3.7093697985013327,nan,nan
kmnist,softmax,8,17,0.2343272715806961,0.9339166666666666,0.9338519956506381,0.21159724704921246,1.0,3.7022813310225806,nan,nan
kmnist,softmax,8,18,0.22449159622192383,0.9345,0.9342006979278615,0.21184885501861572,1.0,3.6942974030971527,nan,nan
kmnist,softmax,8,19,0.20697307586669922,0.9324166666666667,0.9321907431420756,0.2139016129076481,1.0,3.6889092922210693,nan,nan
kmnist,softmax,8,20,0.19439852237701416,0.9365833333333333,0.9362601303452396,0.2022888163725535,1.0,3.6873048593600593,nan,nan
kmnist,softmax,8,21,0.19420373439788818,0.9355833333333333,0.9354040922262892,0.20815993224581084,1.0,3.681217387318611,nan,nan
kmnist,softmax,8,22,0.1765398383140564,0.9420833333333334,0.9418122113047662,0.18788130643467107,1.0,3.6701424717903137,nan,nan
kmnist,softmax,8,23,0.17392247915267944,0.9448333333333333,0.9444557604171179,0.17333745521803698,1.0,3.664178103208542,nan,nan
kmnist,softmax,8,24,0.16452649235725403,0.9471666666666667,0.9469903473215346,0.17153365910053253,1.0,3.66033140818278,nan,nan
kmnist,softmax,8,25,0.16180060803890228,0.9475833333333333,0.9473532657566798,0.1685775692264239,1.0,3.6491463035345078,nan,nan
kmnist,softmax,8,26,0.14988179504871368,0.9535833333333333,0.953417010446645,0.1542967250570655,1.0,3.6473065863053002,nan,nan
kmnist,softmax,8,27,0.1416298896074295,0.9525833333333333,0.952326692159367,0.15987897043426832,0.9999999950329462,3.6421556224425635,nan,nan
kmnist,softmax,8,28,0.13799333572387695,0.9548333333333333,0.954605395228182,0.14894409695019326,0.9999999950329462,3.6384004404147468,nan,nan
kmnist,softmax,8,29,0.12936298549175262,0.9516666666666667,0.9515574970576688,0.1560232751071453,0.9999999950329462,3.6352350463469825,nan,nan
kmnist,softmax,9,0,2.0609493255615234,0.46541666666666665,0.4594358579296737,1.540108174085617,0.9999914926787218,3.7069874008496604,nan,nan
kmnist,softmax,9,1,1.2669696807861328,0.6969166666666666,0.6983974597355873,0.9546382576227188,1.0,3.775256022810936,nan,nan
kmnist,softmax,9,2,0.9126968383789062,0.7454166666666666,0.7476094808783613,0.7840869501233101,1.0,3.7691367268562317,nan,nan
kmnist,softmax,9,3,0.735099196434021,0.8034166666666667,0.8067736778915675,0.6144365246097246,1.0,3.754595100879669,nan,nan
kmnist,softmax,9,4,0.5934525728225708,0.8374166666666667,0.8384156666386382,0.5071433472136656,1.0,3.7430584778388343,nan,nan
kmnist,softmax,9,5,0.5176792144775391,0.8555833333333334,0.856538749553837,0.44390858088930446,1.0,3.737919678290685,nan,nan
kmnist,softmax,9,6,0.4512723386287689,0.8705,0.8704984883924778,0.4105569471915563,1.0,3.738226428627968,nan,nan
kmnist,softmax,9,7,0.41064712405204773,0.8889166666666667,0.8893524878533391,0.35414739201466244,1.0,3.7312748531500497,nan,nan
kmnist,softmax,9,8,0.3757120370864868,0.893,0.8939763900186453,0.33636458466450375,0.999999980131785,3.721928363045057,nan,nan
kmnist,softmax,9,9,0.34848564863204956,0.8891666666666667,0.8896010937796233,0.348893163104852,0.999999400228262,3.7163960138956704,nan,nan
kmnist,softmax,9,10,0.31799590587615967,0.90275,0.9028404570585116,0.3053656704723835,0.9999986117084821,3.7105382829904556,nan,nan
kmnist,softmax,9,11,0.3058468699455261,0.9125833333333333,0.9124769053459907,0.2800968661904335,0.9999959394335747,3.7035414427518845,nan,nan
kmnist,softmax,9,12,0.2856117784976959,0.915,0.9154702914582306,0.2622359885523717,0.9999884590506554,3.6976251353820166,nan,nan
kmnist,softmax,9,13,0.2672196626663208,0.9251666666666667,0.9257055495861733,0.23659934041400751,0.9999908258517584,3.694989413022995,nan,nan
kmnist,softmax,9,14,0.2401193231344223,0.9274166666666667,0.9278377869132288,0.22709250325957933,0.9999920713404814,3.6949553241332374,nan,nan
kmnist,softmax,9,15,0.23125481605529785,0.9275,0.9278786456949035,0.22651684346298376,0.9999944182733694,3.6928842266400657,nan,nan
kmnist,softmax,9,16,0.22006209194660187,0.9363333333333334,0.936592310886191,0.1990232796718677,0.9999935527642568,3.6846684167782464,nan,nan
kmnist,softmax,9,17,0.21147234737873077,0.9319166666666666,0.932087133108562,0.21480004427333674,0.9999946815272173,3.6804741521676383,nan,nan
kmnist,softmax,9,18,0.20199641585350037,0.9415833333333333,0.9417368158534728,0.18380487710237503,0.9999927456180254,3.67867041627566,nan,nan
kmnist,softmax,9,19,0.1872105449438095,0.9400833333333334,0.9403342799859618,0.19490150175988674,0.9999903564651808,3.6762768526872,nan,nan
kmnist,softmax,9,20,0.18206551671028137,0.9453333333333334,0.9456758185313794,0.1684007573251923,0.999987838168939,3.669801006714503,nan,nan
kmnist,softmax,9,21,0.1689722239971161,0.94425,0.9445965434679586,0.17981526255607605,0.9999913635353247,3.6699403723080954,nan,nan
kmnist,softmax,9,22,0.163246288895607,0.9416666666666667,0.9418537529797837,0.17512217350304127,0.9999898336827755,3.6661301106214523,nan,nan
kmnist,softmax,9,23,0.15780779719352722,0.9485,0.9487223167170156,0.15847189569224915,0.9999925531446934,3.6618015815814338,nan,nan
kmnist,softmax,9,24,0.15375766158103943,0.95125,0.9514627779064782,0.153456493280828,0.9999898498257002,3.6602698465188346,nan,nan
kmnist,softmax,9,25,0.14429736137390137,0.9521666666666667,0.9523070026396698,0.15070007120569548,0.999996580183506,3.659587949514389,nan,nan
kmnist,softmax,9,26,0.139076367020607,0.955,0.9552981369461474,0.1403707585607966,0.9999908419946829,3.655467763543129,nan,nan
kmnist,softmax,9,27,0.1331956535577774,0.95675,0.9568068590519729,0.13776535323510566,0.9999892773727576,3.64828659594059,nan,nan
kmnist,softmax,9,28,0.13211514055728912,0.9528333333333333,0.9529141875684516,0.15092770910511413,0.9999930101136366,3.6481449703375497,nan,nan
kmnist,softmax,9,29,0.12236528098583221,0.9575,0.9576177818034249,0.13578634367634854,0.9999950975179672,3.6479288240273795,nan,nan
kmnist,topk_softmax_0125,0,0,1.664850115776062,0.6645,0.6668027963018999,1.0331985329588254,0.14000000059604645,1.938788965344429,nan,nan
kmnist,topk_softmax_0125,0,1,0.8059884309768677,0.8104166666666667,0.810296147833266,0.599080853164196,0.14000000059604645,1.9338011567791302,nan,nan
kmnist,topk_softmax_0125,0,2,0.5448674559593201,0.8569166666666667,0.8556187615060997,0.45994148403406143,0.14000000059604645,1.928856112062931,nan,nan
kmnist,topk_softmax_0125,0,3,0.43388596177101135,0.87275,0.872257299858753,0.3969224604467551,0.14000000059604645,1.918686382472515,nan,nan
kmnist,topk_softmax_0125,0,4,0.36482271552085876,0.8948333333333334,0.8948523618870586,0.32996910189588863,0.14000000059604645,1.9077734028299649,nan,nan
kmnist,topk_softmax_0125,0,5,0.31919994950294495,0.9066666666666666,0.9070855608286905,0.29711499251425266,0.14000000059604645,1.8935735026995342,nan,nan
kmnist,topk_softmax_0125,0,6,0.2770266830921173,0.9155,0.915775971590444,0.26801809047659236,0.14000000059604645,1.88332087546587,nan,nan
kmnist,topk_softmax_0125,0,7,0.2585586607456207,0.919,0.9192211753154561,0.24982754016915956,0.14000000059604645,1.8755180463194847,nan,nan
kmnist,topk_softmax_0125,0,8,0.23341837525367737,0.9285833333333333,0.9288998874565584,0.22254146945973238,0.14000000059604645,1.8703288709123929,nan,nan
kmnist,topk_softmax_0125,0,9,0.21089142560958862,0.9325833333333333,0.9328033311202933,0.21290733541051546,0.14000000059604645,1.8647491832574208,nan,nan
kmnist,topk_softmax_0125,0,10,0.1945258378982544,0.9335833333333333,0.9339171911162627,0.20620602555572987,0.14000000059604645,1.8651405572891235,nan,nan
kmnist,topk_softmax_0125,0,11,0.18618160486221313,0.9405,0.9406687324029106,0.18867198874553046,0.14000000059604645,1.8582471658786137,nan,nan
kmnist,topk_softmax_0125,0,12,0.16903218626976013,0.9404166666666667,0.9404692423047983,0.18546338068942228,0.14000000059604645,1.855062834918499,nan,nan
kmnist,topk_softmax_0125,0,13,0.15995389223098755,0.94175,0.9418991475085015,0.18778341077268124,0.14000000059604645,1.853130780160427,nan,nan
kmnist,topk_softmax_0125,0,14,0.15120775997638702,0.9431666666666667,0.9434127294269328,0.17647864017635584,0.14000000059604645,1.8515104378263156,nan,nan
kmnist,topk_softmax_0125,0,15,0.1402822583913803,0.9481666666666667,0.9482250940202672,0.16651148100694022,0.14000000059604645,1.852821869154771,nan,nan
kmnist,topk_softmax_0125,0,16,0.1341562569141388,0.9455,0.9456285425370698,0.17477294523268938,0.14000000059604645,1.8535698801279068,nan,nan
kmnist,topk_softmax_0125,0,17,0.1239769384264946,0.9446666666666667,0.944779880789733,0.1774874118467172,0.14000000059604645,1.8475058550635974,nan,nan
kmnist,topk_softmax_0125,0,18,0.1204230934381485,0.9514166666666667,0.9515280529066986,0.15944730614622435,0.14000000059604645,1.847764288385709,nan,nan
kmnist,topk_softmax_0125,0,19,0.11085943877696991,0.9513333333333334,0.9514406768820631,0.15766733139753342,0.14000000059604645,1.8493289574980736,nan,nan
kmnist,topk_softmax_0125,0,20,0.10751724243164062,0.9533333333333334,0.9533602367732239,0.15078962221741676,0.14000000059604645,1.8460778966546059,nan,nan
kmnist,topk_softmax_0125,0,21,0.10011863708496094,0.9555833333333333,0.955642442499377,0.14949229856332144,0.14000000059604645,1.844431442519029,nan,nan
kmnist,topk_softmax_0125,0,22,0.0984870195388794,0.9524166666666667,0.9524166050833541,0.1506627897421519,0.14000000059604645,1.8419727732737858,nan,nan
kmnist,topk_softmax_0125,0,23,0.09312956035137177,0.95175,0.9518604120883843,0.15624206016461054,0.14000000059604645,1.8428576712807019,nan,nan
kmnist,topk_softmax_0125,0,24,0.09079544246196747,0.9545833333333333,0.9546379035502264,0.14752078956613937,0.14000000059604645,1.8410452008247375,nan,nan
kmnist,topk_softmax_0125,0,25,0.08759364485740662,0.9553333333333334,0.9553218740142493,0.14876800309866667,0.14000000059604645,1.8395521988471348,nan,nan
kmnist,topk_softmax_0125,0,26,0.08067770302295685,0.9546666666666667,0.9547429998926473,0.14644294107953706,0.14000000059604645,1.8397489661971729,nan,nan
kmnist,topk_softmax_0125,1,0,1.6516087055206299,0.6576666666666666,0.6572482827253829,1.0401321326692898,0.14000000059604645,1.9400298371911049,nan,nan
kmnist,topk_softmax_0125,1,1,0.8552385568618774,0.7973333333333333,0.7963339600800551,0.6335934946934382,0.14000000059604645,1.9334944536288579,nan,nan
kmnist,topk_softmax_0125,1,2,0.6220047473907471,0.834,0.8347243907936612,0.5211715884506702,0.14000000059604645,1.9275830412904422,nan,nan
kmnist,topk_softmax_0125,1,3,0.5100409388542175,0.8743333333333333,0.8746551233619213,0.4041176624596119,0.14000000059604645,1.9172738666335742,nan,nan
kmnist,topk_softmax_0125,1,4,0.4292430877685547,0.8899166666666667,0.8904614092016978,0.3509542631606261,0.14000000059604645,1.907580944399039,nan,nan
kmnist,topk_softmax_0125,1,5,0.37187692523002625,0.89175,0.8920619765732676,0.334089486549298,0.14000000059604645,1.9053826530774434,nan,nan
kmnist,topk_softmax_0125,1,6,0.3289467394351959,0.9064166666666666,0.9069561788240488,0.29378327168524265,0.14000000059604645,1.904375543196996,nan,nan
kmnist,topk_softmax_0125,1,7,0.29357337951660156,0.913,0.9132793819397902,0.2674378690620263,0.14000000059604645,1.9018848737080891,nan,nan
kmnist,topk_softmax_0125,1,8,0.2718780040740967,0.9223333333333333,0.9227582631214704,0.24412542581558228,0.14000000059604645,1.9022691249847412,nan,nan
kmnist,topk_softmax_0125,1,9,0.25401571393013,0.9265833333333333,0.9266462407038623,0.23446915112435818,0.14000000059604645,1.8985748986403148,nan,nan
kmnist,topk_softmax_0125,1,10,0.23036763072013855,0.9316666666666666,0.9319092227883903,0.21442911525567374,0.14000000059604645,1.8979952211181323,nan,nan
kmnist,topk_softmax_0125,1,11,0.2158556580543518,0.9268333333333333,0.9268914691799841,0.22574107038478056,0.14000000059604645,1.895473522444566,nan,nan
kmnist,topk_softmax_0125,1,12,0.20366309583187103,0.9369166666666666,0.937155737492466,0.19497661044200262,0.14000000059604645,1.8948483243584633,nan,nan
kmnist,topk_softmax_0125,1,13,0.19028711318969727,0.9345833333333333,0.9346568995509623,0.1982597162326177,0.14000000059604645,1.8937816694378853,nan,nan
kmnist,topk_softmax_0125,1,14,0.18274347484111786,0.9416666666666667,0.9419683107136507,0.1832010926057895,0.14000000059604645,1.8935150628288586,nan,nan
kmnist,topk_softmax_0125,1,15,0.16448840498924255,0.94275,0.9428445968429994,0.182323740174373,0.14000000059604645,1.8927775025367737,nan,nan
kmnist,topk_softmax_0125,1,16,0.15643730759620667,0.9449166666666666,0.9450094919310299,0.174169618015488,0.14000000059604645,1.8927696992953618,nan,nan
kmnist,topk_softmax_0125,1,17,0.14954951405525208,0.9480833333333333,0.9481728414476406,0.16431576665490866,0.14000000059604645,1.8926156510909398,nan,nan
kmnist,topk_softmax_0125,1,18,0.14118552207946777,0.94625,0.9462661990763642,0.17140146189679703,0.14000000059604645,1.8924602443973224,nan,nan
kmnist,topk_softmax_0125,1,19,0.13470835983753204,0.9503333333333334,0.9504595081690723,0.15598832598576942,0.14000000059604645,1.8913448229432106,nan,nan
kmnist,topk_softmax_0125,1,20,0.13266627490520477,0.9515,0.9515921206492559,0.15775545748571554,0.14000000059604645,1.890555831293265,nan,nan
kmnist,topk_softmax_0125,1,21,0.12037651240825653,0.94775,0.94801790476321,0.17211771259705225,0.14000000059604645,1.8883436943093936,nan,nan
kmnist,topk_softmax_0125,1,22,0.1186002641916275,0.9549166666666666,0.9551037743591853,0.14712197737147412,0.14000000059604645,1.8865621462464333,nan,nan
kmnist,topk_softmax_0125,1,23,0.10725806653499603,0.9555,0.9556202293559931,0.15025202712665,0.14000000059604645,1.887629213432471,nan,nan
kmnist,topk_softmax_0125,1,24,0.10151118785142899,0.95375,0.9538190896112673,0.157524968807896,0.14000000059604645,1.8858178754647572,nan,nan
kmnist,topk_softmax_0125,1,25,0.10001839697360992,0.9529166666666666,0.9531007404254307,0.1516266530379653,0.14000000059604645,1.8863036657373111,nan,nan
kmnist,topk_softmax_0125,1,26,0.09660420566797256,0.9549166666666666,0.9550034296133261,0.15389077303310236,0.14000000059604645,1.8844640577832859,nan,nan
kmnist,topk_softmax_0125,1,27,0.09016822278499603,0.95575,0.9559002070840942,0.14757072553038597,0.14000000059604645,1.8854146500428517,nan,nan
kmnist,topk_softmax_0125,1,28,0.08713684231042862,0.9518333333333333,0.9518508285072456,0.15495265120019516,0.14000000059604645,1.8833134174346924,nan,nan
kmnist,topk_softmax_0125,1,29,0.08853762596845627,0.9523333333333334,0.9525241028897888,0.16598083482434353,0.14000000059604645,1.8801199992497761,nan,nan
kmnist,topk_softmax_0125,2,0,1.7498735189437866,0.6306666666666667,0.6344084963454788,1.1309643884499867,0.14000000059604645,1.9354772915442784,nan,nan
kmnist,topk_softmax_0125,2,1,0.8839001655578613,0.7895833333333333,0.7907460293654892,0.6645201221108437,0.14000000059604645,1.9300899803638458,nan,nan
kmnist,topk_softmax_0125,2,2,0.5923530459403992,0.8439166666666666,0.8436940740025015,0.49713212127486867,0.14000000059604645,1.921669768790404,nan,nan
kmnist,topk_softmax_0125,2,3,0.4807429015636444,0.8704166666666666,0.8696199179816817,0.4137843648592631,0.14000000059604645,1.9191109240055084,nan,nan
kmnist,topk_softmax_0125,2,4,0.3953734338283539,0.8964166666666666,0.896940237529062,0.3426726721227169,0.14000000059604645,1.9143425275882084,nan,nan
kmnist,topk_softmax_0125,2,5,0.34186938405036926,0.9025833333333333,0.9027330933723656,0.31395721683899563,0.14000000059604645,1.9135547131299973,nan,nan
kmnist,topk_softmax_0125,2,6,0.30583977699279785,0.9115833333333333,0.9123102228306976,0.2840496475497882,0.14000000059604645,1.9083362519741058,nan,nan
kmnist,topk_softmax_0125,2,7,0.27387186884880066,0.9169166666666667,0.9171250332666141,0.2626836442699035,0.14000000059604645,1.9086066409945488,nan,nan
kmnist,topk_softmax_0125,2,8,0.24742890894412994,0.92275,0.9230428901660443,0.2472794180115064,0.14000000059604645,1.9056541944543521,nan,nan
kmnist,topk_softmax_0125,2,9,0.2316037118434906,0.9301666666666667,0.93043310254404,0.23301298916339874,0.14000000059604645,1.9043199395140011,nan,nan
kmnist,topk_softmax_0125,2,10,0.20923766493797302,0.9250833333333334,0.9253433455990585,0.24182344848910967,0.14000000059604645,1.9025646472970645,nan,nan
kmnist,topk_softmax_0125,2,11,0.1981656402349472,0.9288333333333333,0.9292683697373505,0.23787582914034525,0.14000000059604645,1.9020625824729602,nan,nan
kmnist,topk_softmax_0125,2,12,0.18752720952033997,0.935,0.9353315844927851,0.2165792671342691,0.14000000059604645,1.8982285757859547,nan,nan
kmnist,topk_softmax_0125,2,13,0.17348353564739227,0.9351666666666667,0.9353535528410726,0.21511544225116572,0.14000000059604645,1.8967397039135296,nan,nan
kmnist,topk_softmax_0125,2,14,0.16414953768253326,0.9371666666666667,0.9375446362224065,0.2009185589849949,0.14000000059604645,1.8949272061387699,nan,nan
kmnist,topk_softmax_0125,2,15,0.1543268859386444,0.94375,0.9439125023726678,0.19050123915076256,0.14000000059604645,1.892616979777813,nan,nan
kmnist,topk_softmax_0125,2,16,0.15178458392620087,0.9408333333333333,0.9409044961531796,0.1984977995355924,0.14000000059604645,1.888946068783601,nan,nan
kmnist,topk_softmax_0125,2,17,0.13743916153907776,0.9454166666666667,0.9456466760462361,0.1809602336337169,0.14000000059604645,1.8857939740022023,nan,nan
kmnist,topk_softmax_0125,2,18,0.13220566511154175,0.945,0.9452815344661005,0.19074026184777418,0.14000000059604645,1.8868876273433368,nan,nan
kmnist,topk_softmax_0125,2,19,0.12446659803390503,0.946,0.9461301650031867,0.1822331783672174,0.14000000059604645,1.8824269374211628,nan,nan
kmnist,topk_softmax_0125,2,20,0.12119223922491074,0.95,0.9502649195794453,0.17410113848745823,0.14000000059604645,1.884692947069804,nan,nan
kmnist,topk_softmax_0125,2,21,0.11474689096212387,0.95125,0.9514341220967308,0.1680194791406393,0.14000000059604645,1.8829535593589146,nan,nan
kmnist,topk_softmax_0125,2,22,0.11093559116125107,0.9483333333333334,0.9486729272774168,0.17864737814913192,0.14000000059604645,1.8810772349437077,nan,nan
kmnist,topk_softmax_0125,2,23,0.10459190607070923,0.9501666666666667,0.9502506878324717,0.17958880153795084,0.14000000059604645,1.8803175364931424,nan,nan
kmnist,topk_softmax_0125,2,24,0.10064367204904556,0.9529166666666666,0.9530786959348884,0.1678074641774098,0.14000000059604645,1.8784674753745396,nan,nan
kmnist,topk_softmax_0125,2,25,0.09602779895067215,0.95375,0.9538769453838182,0.162601408859094,0.14000000059604645,1.875493049621582,nan,nan
kmnist,topk_softmax_0125,2,26,0.09024494886398315,0.951,0.95102218301456,0.17387891126175722,0.14000000059604645,1.875325046479702,nan,nan
kmnist,topk_softmax_0125,2,27,0.09023475646972656,0.9529166666666666,0.9530388330057938,0.1702107156937321,0.14000000059604645,1.8713449488083522,nan,nan
kmnist,topk_softmax_0125,2,28,0.08284050971269608,0.9504166666666667,0.9506077619529621,0.17616840141514936,0.14000000059604645,1.8724032839139302,nan,nan
kmnist,topk_softmax_0125,2,29,0.08083315938711166,0.9515833333333333,0.9517544227531488,0.17517589995016655,0.14000000059604645,1.8667380834619205,nan,nan
kmnist,topk_softmax_0125,3,0,1.6914942264556885,0.6436666666666667,0.6418321464186494,1.0793343236049016,0.14000000059604645,1.9407137433687847,nan,nan
kmnist,topk_softmax_0125,3,1,0.8642645478248596,0.78325,0.7824038992358036,0.6799731651941935,0.14000000059604645,1.9336362853646278,nan,nan
kmnist,topk_softmax_0125,3,2,0.6250284314155579,0.8291666666666667,0.8286918880999604,0.5317232944071293,0.14000000059604645,1.9324824909369152,nan,nan
kmnist,topk_softmax_0125,3,3,0.5074723958969116,0.85675,0.8569221408378633,0.45590655878186226,0.14000000059604645,1.932203543682893,nan,nan
kmnist,topk_softmax_0125,3,4,0.4332149922847748,0.8803333333333333,0.8803712251231749,0.38125783825914067,0.14000000059604645,1.930033470193545,nan,nan
kmnist,topk_softmax_0125,3,5,0.3816140592098236,0.892,0.8916643700168174,0.34479453414678574,0.14000000059604645,1.930704914033413,nan,nan
kmnist,topk_softmax_0125,3,6,0.3361954987049103,0.9043333333333333,0.9046388066859532,0.3108556717634201,0.14000000059604645,1.9288057163357735,nan,nan
kmnist,topk_softmax_0125,3,7,0.30650344491004944,0.8965,0.8967241839815066,0.3187631710122029,0.14000000059604645,1.9281628007690113,nan,nan
kmnist,topk_softmax_0125,3,8,0.2768086791038513,0.9173333333333333,0.9173359383402427,0.265280161673824,0.14000000059604645,1.9264019553860028,nan,nan
kmnist,topk_softmax_0125,3,9,0.25132322311401367,0.9166666666666666,0.916244281975452,0.2686421778053045,0.14000000059604645,1.9259487017989159,nan,nan
kmnist,topk_softmax_0125,3,10,0.2352980673313141,0.9244166666666667,0.9243428226062518,0.24344670213758945,0.14000000059604645,1.9225702335437138,nan,nan
kmnist,topk_softmax_0125,3,11,0.2227112054824829,0.93425,0.9341133895245664,0.2185679835577806,0.14000000059604645,1.9208204572399457,nan,nan
kmnist,topk_softmax_0125,3,12,0.20446863770484924,0.9328333333333333,0.9327642078748275,0.21769027349849543,0.14000000059604645,1.9204081321756046,nan,nan
kmnist,topk_softmax_0125,3,13,0.1931091845035553,0.9385833333333333,0.9386591328179165,0.2067400043209394,0.14000000059604645,1.9191640143593152,nan,nan
kmnist,topk_softmax_0125,3,14,0.1795971542596817,0.9374166666666667,0.9373484589980594,0.19813710854699215,0.14000000059604645,1.9195072948932648,nan,nan
kmnist,topk_softmax_0125,3,15,0.17410728335380554,0.9460833333333334,0.9460186077695152,0.18229859756926695,0.14000000059604645,1.916904479265213,nan,nan
kmnist,topk_softmax_0125,3,16,0.1590404510498047,0.9485,0.9483756945845547,0.17589630000293255,0.14000000059604645,1.9167312855521839,nan,nan
kmnist,topk_softmax_0125,3,17,0.14775632321834564,0.9496666666666667,0.949616391368683,0.16980664121607938,0.14000000059604645,1.915285627047221,nan,nan
kmnist,topk_softmax_0125,3,18,0.14260680973529816,0.9438333333333333,0.9438674498920021,0.1859015499552091,0.14000000059604645,1.9136544466018677,nan,nan
kmnist,topk_softmax_0125,3,19,0.1340121030807495,0.9530833333333333,0.9530694055651082,0.15851226976762214,0.14000000059604645,1.9145262464880943,nan,nan
kmnist,topk_softmax_0125,3,20,0.12801304459571838,0.9518333333333333,0.951757419618587,0.16080933871368566,0.14000000059604645,1.9130128373702366,nan,nan
kmnist,topk_softmax_0125,3,21,0.11872290074825287,0.952,0.9519317629736088,0.15694324051340422,0.14000000059604645,1.9126591384410858,nan,nan
kmnist,topk_softmax_0125,3,22,0.11405814439058304,0.9533333333333334,0.9533414475981962,0.16003656573593616,0.14000000059604645,1.9098193794488907,nan,nan
kmnist,topk_softmax_0125,3,23,0.11577596515417099,0.9565833333333333,0.9566029217599951,0.14849238439152637,0.14000000059604645,1.9108390559752781,nan,nan
kmnist,topk_softmax_0125,3,24,0.11208149045705795,0.9490833333333333,0.9490530628846401,0.1670546717941761,0.14000000059604645,1.9104715585708618,nan,nan
kmnist,topk_softmax_0125,3,25,0.10800842940807343,0.9545,0.95445115029554,0.15090802870690823,0.14000000059604645,1.9080495238304138,nan,nan
kmnist,topk_softmax_0125,3,26,0.09885065257549286,0.9563333333333334,0.9562612013570186,0.14289397280663252,0.14000000059604645,1.908256250123183,nan,nan
kmnist,topk_softmax_0125,3,27,0.09435494244098663,0.9549166666666666,0.9548539693655279,0.1533725361029307,0.14000000059604645,1.9073126489917438,nan,nan
kmnist,topk_softmax_0125,3,28,0.09241833537817001,0.9585,0.9584754430669102,0.1443718227868279,0.14000000059604645,1.9071930795907974,nan,nan
kmnist,topk_softmax_0125,3,29,0.08741524815559387,0.9575,0.9575015420192763,0.14998532397051653,0.14000000059604645,1.9067901844779651,nan,nan
kmnist,topk_softmax_0125,4,0,1.7327070236206055,0.6481666666666667,0.6427288664108755,1.0632988288998604,0.14000000059604645,1.9401419535279274,nan,nan
kmnist,topk_softmax_0125,4,1,0.8994131684303284,0.7616666666666667,0.7639526724418791,0.7261963710188866,0.14000000059604645,1.9390106598536174,nan,nan
kmnist,topk_softmax_0125,4,2,0.6832671165466309,0.8134166666666667,0.8116436282452121,0.577853744228681,0.14000000059604645,1.9366277282436688,nan,nan
kmnist,topk_softmax_0125,4,3,0.5525217056274414,0.8486666666666667,0.8488904872885883,0.47146529828508693,0.14000000059604645,1.931031768520673,nan,nan
kmnist,topk_softmax_0125,4,4,0.4578390121459961,0.8703333333333333,0.8705695483508153,0.4039740152657032,0.14000000059604645,1.918905961016814,nan,nan
kmnist,topk_softmax_0125,4,5,0.39768481254577637,0.8900833333333333,0.8897413815509143,0.34675801545381546,0.14000000059604645,1.9096550519267719,nan,nan
kmnist,topk_softmax_0125,4,6,0.34611380100250244,0.9069166666666667,0.9066715413709959,0.30185848101973534,0.14000000059604645,1.897467111547788,nan,nan
kmnist,topk_softmax_0125,4,7,0.3082771897315979,0.9101666666666667,0.9101621441798651,0.28108489513397217,0.14000000059604645,1.8920791919032733,nan,nan
kmnist,topk_softmax_0125,4,8,0.2761399745941162,0.9180833333333334,0.9180017819118038,0.2564469613134861,0.14000000059604645,1.8895662998159726,nan,nan
kmnist,topk_softmax_0125,4,9,0.2612001597881317,0.9280833333333334,0.9279020078141402,0.23477599397301674,0.14000000059604645,1.8852427080273628,nan,nan
kmnist,topk_softmax_0125,4,10,0.23686449229717255,0.9239166666666667,0.9238587557436084,0.23663618601858616,0.14000000059604645,1.8779539068539937,nan,nan
kmnist,topk_softmax_0125,4,11,0.22060535848140717,0.9309166666666666,0.930948459523734,0.22397147864103317,0.14000000059604645,1.8776881967981656,nan,nan
kmnist,topk_softmax_0125,4,12,0.20743434131145477,0.9379166666666666,0.937815478477545,0.19601675619681677,0.14000000059604645,1.8727552617589633,nan,nan
kmnist,topk_softmax_0125,4,13,0.19289079308509827,0.9403333333333334,0.9402492688477141,0.18981326868136725,0.14000000059604645,1.8715696185827255,nan,nan
kmnist,topk_softmax_0125,4,14,0.1819656640291214,0.94475,0.9445478554037248,0.1783057659243544,0.14000000059604645,1.8686695744593937,nan,nan
kmnist,topk_softmax_0125,4,15,0.17581060528755188,0.9444166666666667,0.9444189693229534,0.1813663818563024,0.14000000059604645,1.8662759413321812,nan,nan
kmnist,topk_softmax_0125,4,16,0.16285774111747742,0.9438333333333333,0.9437541837420333,0.18278016584614912,0.14000000059604645,1.862697867055734,nan,nan
kmnist,topk_softmax_0125,4,17,0.15260766446590424,0.9455,0.9454224493693031,0.179135468788445,0.14000000059604645,1.8646895612279575,nan,nan
kmnist,topk_softmax_0125,4,18,0.14694181084632874,0.9464166666666667,0.9463064106371005,0.17208369231472412,0.14000000059604645,1.8610951999823253,nan,nan
kmnist,topk_softmax_0125,4,19,0.1384592056274414,0.94825,0.9481865428640563,0.1770322478065888,0.14000000059604645,1.8644931316375732,nan,nan
kmnist,topk_softmax_0125,4,20,0.13256967067718506,0.9520833333333333,0.9519372064726499,0.1601162999868393,0.14000000059604645,1.8647031858563423,nan,nan
kmnist,topk_softmax_0125,4,21,0.12696810066699982,0.9503333333333334,0.9501723783375479,0.17152217340966067,0.14000000059604645,1.8619744554162025,nan,nan
kmnist,topk_softmax_0125,4,22,0.11848784983158112,0.9483333333333334,0.9482056436786197,0.17123164546986422,0.14000000059604645,1.8623404974738758,nan,nan
kmnist,topk_softmax_0125,4,23,0.11754503101110458,0.9520833333333333,0.9520525077628827,0.1584570618967215,0.14000000059604645,1.8636588056882222,nan,nan
kmnist,topk_softmax_0125,4,24,0.10964613407850266,0.95225,0.9521611814751884,0.15651964272061983,0.14000000059604645,1.8561007504661877,nan,nan
kmnist,topk_softmax_0125,4,25,0.10400412976741791,0.9501666666666667,0.9500629160126277,0.17524496093392372,0.14000000059604645,1.8619027733802795,nan,nan
kmnist,topk_softmax_0125,4,26,0.10330862551927567,0.9556666666666667,0.9555798447991167,0.15174539418270191,0.14000000059604645,1.8549706960717838,nan,nan
kmnist,topk_softmax_0125,4,27,0.10207988321781158,0.9583333333333334,0.9582399969926213,0.14803719272216162,0.14000000059604645,1.8609074925382931,nan,nan
kmnist,topk_softmax_0125,4,28,0.09876134246587753,0.9565833333333333,0.9565395343025911,0.15023033041507006,0.14000000059604645,1.85466035703818,nan,nan
kmnist,topk_softmax_0125,4,29,0.09210661053657532,0.95425,0.9541330784600468,0.1560568551843365,0.14000000059604645,1.8549716273943584,nan,nan
kmnist,topk_softmax_0125,5,0,1.6948916912078857,0.666,0.6643415940261403,1.0141747047503789,0.14000000059604645,1.9396403233210247,nan,nan
kmnist,topk_softmax_0125,5,1,0.814825713634491,0.7925833333333333,0.7924118108650509,0.650486225883166,0.14000000059604645,1.931653859714667,nan,nan
kmnist,topk_softmax_0125,5,2,0.5924976468086243,0.849,0.8484469639979404,0.46787141760190326,0.14000000059604645,1.9311891073981922,nan,nan
kmnist,topk_softmax_0125,5,3,0.47577768564224243,0.8695,0.8686882736564533,0.41104955971241,0.14000000059604645,1.9288228526711464,nan,nan
kmnist,topk_softmax_0125,5,4,0.4073236882686615,0.8848333333333334,0.8848865129534197,0.36986133580406505,0.14000000059604645,1.9281550149122875,nan,nan
kmnist,topk_softmax_0125,5,5,0.36594775319099426,0.9016666666666666,0.9012089689479126,0.31420276314020157,0.14000000059604645,1.9249241948127747,nan,nan
kmnist,topk_softmax_0125,5,6,0.33007997274398804,0.9005,0.9001227916476513,0.3107827727993329,0.14000000059604645,1.922220766544342,nan,nan
kmnist,topk_softmax_0125,5,7,0.29986488819122314,0.9126666666666666,0.9128520521374133,0.28215840210517246,0.14000000059604645,1.9174501796563466,nan,nan
kmnist,topk_softmax_0125,5,8,0.2807987332344055,0.9215833333333333,0.92137280832927,0.2559736166149378,0.14000000059604645,1.9160132283965747,nan,nan
kmnist,topk_softmax_0125,5,9,0.2688487470149994,0.9231666666666667,0.9230551562565324,0.24781006947159767,0.14000000059604645,1.9100704019268353,nan,nan
kmnist,topk_softmax_0125,5,10,0.23447640240192413,0.933,0.9327959652234231,0.21881120651960373,0.14000000059604645,1.9098737264672916,nan,nan
kmnist,topk_softmax_0125,5,11,0.22323822975158691,0.9258333333333333,0.9258159547775276,0.23513546337683996,0.14000000059604645,1.9061960180600483,nan,nan
kmnist,topk_softmax_0125,5,12,0.20771683752536774,0.937,0.9368730893468904,0.2045192215591669,0.14000000059604645,1.9069381679097812,nan,nan
kmnist,topk_softmax_0125,5,13,0.19752685725688934,0.93975,0.9395408228952972,0.2043003967652718,0.14000000059604645,1.9075474366545677,nan,nan
kmnist,topk_softmax_0125,5,14,0.1825493723154068,0.9388333333333333,0.9385991754883388,0.20168727481116852,0.14000000059604645,1.906431570649147,nan,nan
kmnist,topk_softmax_0125,5,15,0.17679820954799652,0.9411666666666667,0.9410752660399698,0.19085659148792425,0.14000000059604645,1.9025997867186863,nan,nan
kmnist,topk_softmax_0125,5,16,0.16663236916065216,0.9453333333333334,0.9451518667802535,0.1780376990015308,0.14000000059604645,1.9036301722129185,nan,nan
kmnist,topk_softmax_0125,5,17,0.1603296846151352,0.9494166666666667,0.9492699459215144,0.16993706238766512,0.14000000059604645,1.9015471761425335,nan,nan
kmnist,topk_softmax_0125,5,18,0.1493997722864151,0.9441666666666667,0.9438766382240026,0.18267040513455868,0.14000000059604645,1.9008662452300389,nan,nan
kmnist,topk_softmax_0125,5,19,0.1446363776922226,0.9485833333333333,0.9484441251970648,0.16694738964239755,0.14000000059604645,1.8993969783186913,nan,nan
kmnist,topk_softmax_0125,5,20,0.1337527632713318,0.95025,0.9500106407924551,0.17169903622319302,0.14000000059604645,1.898176280160745,nan,nan
kmnist,topk_softmax_0125,5,21,0.1327844262123108,0.95125,0.9510399755360079,0.1635018720601996,0.14000000059604645,1.896594447394212,nan,nan
kmnist,topk_softmax_0125,5,22,0.12360898405313492,0.9513333333333334,0.9512008522246245,0.16240014446278414,0.14000000059604645,1.8930486713846524,nan,nan
kmnist,topk_softmax_0125,5,23,0.11852262914180756,0.9496666666666667,0.9495208455109765,0.17495813065518936,0.14000000059604645,1.894201988975207,nan,nan
kmnist,topk_softmax_0125,5,24,0.11662600189447403,0.9545,0.9542993244355437,0.15625093504786491,0.14000000059604645,1.8922342136502266,nan,nan
kmnist,topk_softmax_0125,5,25,0.11038368940353394,0.9541666666666667,0.9540223055705968,0.157989040017128,0.14000000059604645,1.8918125877777736,nan,nan
kmnist,topk_softmax_0125,5,26,0.10478631407022476,0.9558333333333333,0.9557784654487687,0.15060913935303688,0.14000000059604645,1.8908573538064957,nan,nan
kmnist,topk_softmax_0125,5,27,0.10140543431043625,0.9525,0.9523605374740398,0.16498869936913252,0.14000000059604645,1.8887508014837902,nan,nan
kmnist,topk_softmax_0125,5,28,0.10000982135534286,0.9525,0.9523282819174304,0.16166324013223252,0.14000000059604645,1.8882772102952003,nan,nan
kmnist,topk_softmax_0125,5,29,0.09440319240093231,0.957,0.9568302783699372,0.15763543980817,0.14000000059604645,1.886407953997453,nan,nan
kmnist,topk_softmax_0125,6,0,1.7352932691574097,0.6435833333333333,0.6445805783199526,1.091256779929002,0.14000000059604645,1.940167136490345,nan,nan
kmnist,topk_softmax_0125,6,1,0.8667320609092712,0.7754166666666666,0.7748218620857343,0.6935871616005898,0.14000000059604645,1.9318736046552658,nan,nan
kmnist,topk_softmax_0125,6,2,0.5937650203704834,0.8325833333333333,0.832200993293353,0.5168911380072435,0.14000000059604645,1.9193361947933834,nan,nan
kmnist,topk_softmax_0125,6,3,0.48468056321144104,0.8665,0.8677016132904652,0.42712029069662094,0.14000000059604645,1.9119566554824512,nan,nan
kmnist,topk_softmax_0125,6,4,0.4033275246620178,0.88425,0.883958445313862,0.3645565981666247,0.14000000059604645,1.9077956254283588,nan,nan
kmnist,topk_softmax_0125,6,5,0.3490767776966095,0.9014166666666666,0.9020415539326189,0.3075412375231584,0.14000000059604645,1.8998152365287144,nan,nan
kmnist,topk_softmax_0125,6,6,0.3161114752292633,0.9046666666666666,0.9054143767217637,0.3083021553854148,0.14000000059604645,1.8950501655538876,nan,nan
kmnist,topk_softmax_0125,6,7,0.2835891842842102,0.9059166666666667,0.9059627735041861,0.2894734777510166,0.14000000059604645,1.8903861790895462,nan,nan
kmnist,topk_softmax_0125,6,8,0.26123788952827454,0.9198333333333333,0.919883055220947,0.25194298041363555,0.14000000059604645,1.888056327899297,nan,nan
kmnist,topk_softmax_0125,6,9,0.2397674173116684,0.925,0.9251217379459924,0.24030370265245438,0.14000000059604645,1.88297255585591,nan,nan
kmnist,topk_softmax_0125,6,10,0.21994687616825104,0.9298333333333333,0.9297573564485987,0.22672933588425317,0.14000000059604645,1.8786216527223587,nan,nan
kmnist,topk_softmax_0125,6,11,0.20562578737735748,0.9318333333333333,0.9317379469885264,0.2204133446017901,0.14000000059604645,1.8756535897652309,nan,nan
kmnist,topk_softmax_0125,6,12,0.19734962284564972,0.93675,0.9368396599310775,0.20381302572786808,0.14000000059604645,1.871910239259402,nan,nan
kmnist,topk_softmax_0125,6,13,0.185415118932724,0.93525,0.9352752575640781,0.2068978032718102,0.14000000059604645,1.8678442959984143,nan,nan
kmnist,topk_softmax_0125,6,14,0.17803043127059937,0.933,0.9331281258151225,0.21528935680786768,0.14000000059604645,1.8678853884339333,nan,nan
kmnist,topk_softmax_0125,6,15,0.16858379542827606,0.939,0.9392191140190486,0.19988451339304447,0.14000000059604645,1.8678583403428395,nan,nan
kmnist,topk_softmax_0125,6,16,0.15296699106693268,0.9416666666666667,0.9418387073973526,0.19009722582995892,0.14000000059604645,1.8606574436028798,nan,nan
kmnist,topk_softmax_0125,6,17,0.14842376112937927,0.9415,0.9414929404585972,0.1862069567044576,0.14000000059604645,1.862543098628521,nan,nan
kmnist,topk_softmax_0125,6,18,0.13863195478916168,0.9408333333333333,0.9408619443699472,0.1928819939494133,0.14000000059604645,1.8668699637055397,nan,nan
kmnist,topk_softmax_0125,6,19,0.1386105865240097,0.9445,0.9444442196826233,0.1893150880932808,0.14000000059604645,1.862177496155103,nan,nan
kmnist,topk_softmax_0125,6,20,0.12676765024662018,0.9461666666666667,0.9461057198300373,0.1791964222987493,0.14000000059604645,1.8622087662418683,nan,nan
kmnist,topk_softmax_0125,6,21,0.12166266143321991,0.9474166666666667,0.9475320116477427,0.1718447164942821,0.14000000059604645,1.8634535769621532,nan,nan
kmnist,topk_softmax_0125,6,22,0.11827240884304047,0.9470833333333334,0.9470890534756246,0.1784372745702664,0.14000000059604645,1.8663056244452794,nan,nan
kmnist,topk_softmax_0125,6,23,0.11076802760362625,0.94925,0.9492211646715332,0.1785987870146831,0.14000000059604645,1.8632871011892955,nan,nan
kmnist,topk_softmax_0125,6,24,0.10848184674978256,0.94525,0.9453555641837494,0.17832388201107582,0.14000000059604645,1.862873372932275,nan,nan
kmnist,topk_softmax_0125,6,25,0.098472960293293,0.9501666666666667,0.9502430996884852,0.17205284970502058,0.14000000059604645,1.8612012664477031,nan,nan
kmnist,topk_softmax_0125,6,26,0.09504274278879166,0.9521666666666667,0.9521767454114836,0.16864605837812027,0.14000000059604645,1.863156629105409,nan,nan
kmnist,topk_softmax_0125,6,27,0.09586043655872345,0.9503333333333334,0.9504571689717706,0.17152605143686137,0.14000000059604645,1.8577491516868274,nan,nan
kmnist,topk_softmax_0125,6,28,0.09119154512882233,0.95225,0.9522793261513522,0.16584863296399513,0.14000000059604645,1.8567593470215797,nan,nan
kmnist,topk_softmax_0125,6,29,0.08549792319536209,0.9511666666666667,0.951216404176215,0.1754019232466817,0.14000000059604645,1.8561549832423527,nan,nan
kmnist,topk_softmax_0125,7,0,1.7344273328781128,0.6256666666666667,0.6301377914866786,1.1225814173618953,0.14000000059604645,1.936116802195708,nan,nan
kmnist,topk_softmax_0125,7,1,0.8507724404335022,0.79325,0.7924543788258409,0.6288478150963783,0.14000000059604645,1.925331751505534,nan,nan
kmnist,topk_softmax_0125,7,2,0.5994520783424377,0.8354166666666667,0.8376826047153088,0.5093593299388885,0.14000000059604645,1.924192336698373,nan,nan
kmnist,topk_softmax_0125,7,3,0.4893384277820587,0.8625,0.8639285255645127,0.41702472294370335,0.14000000059604645,1.920517844458421,nan,nan
kmnist,topk_softmax_0125,7,4,0.41729703545570374,0.8811666666666667,0.8814754654564018,0.35844968010981876,0.14000000059604645,1.9110670611262321,nan,nan
kmnist,topk_softmax_0125,7,5,0.3596443235874176,0.89675,0.8972514732967936,0.32592233642935753,0.14000000059604645,1.9053821886579196,nan,nan
kmnist,topk_softmax_0125,7,6,0.32866302132606506,0.90925,0.9098279182721317,0.2835822080572446,0.14000000059604645,1.896868792672952,nan,nan
kmnist,topk_softmax_0125,7,7,0.3029824197292328,0.9160833333333334,0.9159685622866489,0.26526362759371597,0.14000000059604645,1.8886205852031708,nan,nan
kmnist,topk_softmax_0125,7,8,0.265174925327301,0.92075,0.9209250904313638,0.25208374795814353,0.14000000059604645,1.8805409992734592,nan,nan
kmnist,topk_softmax_0125,7,9,0.24090853333473206,0.924,0.9243018674688382,0.23592811015745005,0.14000000059604645,1.8736291353901227,nan,nan
kmnist,topk_softmax_0125,7,10,0.2301369607448578,0.9303333333333333,0.9307257919002139,0.22591339920957884,0.14000000059604645,1.8704652537902196,nan,nan
kmnist,topk_softmax_0125,7,11,0.21389693021774292,0.9355833333333333,0.9358466135240681,0.20871127831439176,0.14000000059604645,1.8681100731094678,nan,nan
kmnist,topk_softmax_0125,7,12,0.19722683727741241,0.93575,0.9359493894406627,0.2055940323819717,0.14000000059604645,1.860283615688483,nan,nan
kmnist,topk_softmax_0125,7,13,0.18402935564517975,0.93675,0.9369535406809595,0.19665160651008287,0.14000000059604645,1.8659560804565747,nan,nan
kmnist,topk_softmax_0125,7,14,0.1787218302488327,0.94375,0.9438226193265565,0.18263117472330728,0.14000000059604645,1.8603910729289055,nan,nan
kmnist,topk_softmax_0125,7,15,0.1686999797821045,0.9429166666666666,0.9430298742291929,0.18611528413991132,0.14000000059604645,1.8588654100894928,nan,nan
kmnist,topk_softmax_0125,7,16,0.1570722758769989,0.9461666666666667,0.9463949194144268,0.173422172665596,0.14000000059604645,1.8547199095288913,nan,nan
kmnist,topk_softmax_0125,7,17,0.15157435834407806,0.9461666666666667,0.9462226854833901,0.1724548153579235,0.14000000059604645,1.8536501253644626,nan,nan
kmnist,topk_softmax_0125,7,18,0.14383065700531006,0.9434166666666667,0.9435182857502493,0.18105150448779264,0.14000000059604645,1.8467823167641957,nan,nan
kmnist,topk_softmax_0125,7,19,0.1373525708913803,0.9485,0.948553301441968,0.17207087265948454,0.14000000059604645,1.8449215615789096,nan,nan
kmnist,topk_softmax_0125,7,20,0.1310107260942459,0.9540833333333333,0.9541874761773504,0.1521663460880518,0.14000000059604645,1.8465136190255482,nan,nan
kmnist,topk_softmax_0125,7,21,0.12203850597143173,0.951,0.9512802268503309,0.16005837017049393,0.14000000059604645,1.8407113974293072,nan,nan
kmnist,topk_softmax_0125,7,22,0.11641918122768402,0.9536666666666667,0.9538713726697361,0.1527204867452383,0.14000000059604645,1.841760240495205,nan,nan
kmnist,topk_softmax_0125,7,23,0.11175280809402466,0.9541666666666667,0.9542531311258081,0.151358296473821,0.14000000059604645,1.8429162328441937,nan,nan
kmnist,topk_softmax_0125,7,24,0.11055635660886765,0.9563333333333334,0.9564623950215276,0.14601415178428093,0.14000000059604645,1.8423227940996487,nan,nan
kmnist,topk_softmax_0125,7,25,0.10312838852405548,0.9525833333333333,0.9527728860853486,0.15546057497461638,0.14000000059604645,1.841151937842369,nan,nan
kmnist,topk_softmax_0125,7,26,0.1018955409526825,0.9554166666666667,0.9555501258121393,0.14820093847811222,0.14000000059604645,1.8369871750473976,nan,nan
kmnist,topk_softmax_0125,7,27,0.09613089263439178,0.9514166666666667,0.9516191357127237,0.16186467340836921,0.14000000059604645,1.8383060271541278,nan,nan
kmnist,topk_softmax_0125,7,28,0.09038558602333069,0.9556666666666667,0.9557407066922632,0.1514315027743578,0.14000000059604645,1.834047369658947,nan,nan
kmnist,topk_softmax_0125,7,29,0.08597653359174728,0.9570833333333333,0.9572070877016268,0.14614766432593265,0.14000000059604645,1.8382547448078792,nan,nan
kmnist,topk_softmax_0125,8,0,1.6970648765563965,0.6319166666666667,0.6315236315114954,1.1053630411624908,0.14000000059604645,1.9384127135078113,nan,nan
kmnist,topk_softmax_0125,8,1,0.8780339360237122,0.7820833333333334,0.7829380219964801,0.6771725515524546,0.14000000059604645,1.929131659368674,nan,nan
kmnist,topk_softmax_0125,8,2,0.616746723651886,0.8363333333333334,0.834629457105659,0.5128645623723666,0.14000000059604645,1.9213446577390034,nan,nan
kmnist,topk_softmax_0125,8,3,0.5011472105979919,0.8613333333333333,0.8610520466746541,0.42888690158724785,0.14000000059604645,1.9174667000770569,nan,nan
kmnist,topk_softmax_0125,8,4,0.4262966215610504,0.8735833333333334,0.8730159256742498,0.39022135610381764,0.14000000059604645,1.917794446150462,nan,nan
kmnist,topk_softmax_0125,8,5,0.370280385017395,0.8865,0.8860486001474189,0.359697957833608,0.14000000059604645,1.9154318273067474,nan,nan
kmnist,topk_softmax_0125,8,6,0.3304525911808014,0.90275,0.901989306584996,0.30167795655628044,0.14000000059604645,1.913442040483157,nan,nan
kmnist,topk_softmax_0125,8,7,0.3088204860687256,0.91525,0.9149510992890383,0.2692383968581756,0.14000000059604645,1.9106291358669598,nan,nan
kmnist,topk_softmax_0125,8,8,0.2771681845188141,0.9169166666666667,0.916571002926732,0.2631630015869935,0.14000000059604645,1.909245063861211,nan,nan
kmnist,topk_softmax_0125,8,9,0.26178252696990967,0.922,0.9219266085400074,0.2428997823347648,0.14000000059604645,1.9057379886507988,nan,nan
kmnist,topk_softmax_0125,8,10,0.23608168959617615,0.9256666666666666,0.9255916901045695,0.23284594962994257,0.14000000059604645,1.9053222636381786,nan,nan
kmnist,topk_softmax_0125,8,11,0.21673455834388733,0.9330833333333334,0.9329709005064183,0.21651369209090868,0.14000000059604645,1.9039686943093936,nan,nan
kmnist,topk_softmax_0125,8,12,0.21072165668010712,0.9336666666666666,0.9335241018774829,0.20955043472349644,0.14000000059604645,1.9009605025251706,nan,nan
kmnist,topk_softmax_0125,8,13,0.19360284507274628,0.9359166666666666,0.9357740792962591,0.20708093295494714,0.14000000059604645,1.8995346600810687,nan,nan
kmnist,topk_softmax_0125,8,14,0.18328869342803955,0.9404166666666667,0.9401509125603708,0.19383994272599617,0.14000000059604645,1.8950258543093998,nan,nan
kmnist,topk_softmax_0125,8,15,0.17896582186222076,0.9420833333333334,0.9419316493275494,0.18145494163036346,0.14000000059604645,1.8936295583844185,nan,nan
kmnist,topk_softmax_0125,8,16,0.16111287474632263,0.944,0.9439963822924072,0.1829763256634275,0.14000000059604645,1.8911489099264145,nan,nan
kmnist,topk_softmax_0125,8,17,0.15177656710147858,0.9480833333333333,0.9480080998566087,0.1713576683153709,0.14000000059604645,1.8898229872186978,nan,nan
kmnist,topk_softmax_0125,8,18,0.1496773660182953,0.9451666666666667,0.9449979874133081,0.17446378897875547,0.14000000059604645,1.887924422820409,nan,nan
kmnist,topk_softmax_0125,8,19,0.14159651100635529,0.94925,0.9491591883370569,0.16729213576763868,0.14000000059604645,1.8851567208766937,nan,nan
kmnist,topk_softmax_0125,8,20,0.13820254802703857,0.94825,0.9481996972639777,0.16818926886965832,0.14000000059604645,1.8834801241755486,nan,nan
kmnist,topk_softmax_0125,8,21,0.12785208225250244,0.948,0.94798675075081,0.1740057043110331,0.14000000059604645,1.8819536839922268,nan,nan
kmnist,topk_softmax_0125,8,22,0.12403357028961182,0.95125,0.951181984450367,0.15736538482209048,0.14000000059604645,1.8820946241418521,nan,nan
kmnist,topk_softmax_0125,8,23,0.12089262157678604,0.948,0.947658097488325,0.17253650135050216,0.14000000059604645,1.8787525445222855,nan,nan
kmnist,topk_softmax_0125,8,24,0.11342760175466537,0.9531666666666667,0.9530147837200549,0.15045167381564775,0.14000000059604645,1.878333608309428,nan,nan
kmnist,topk_softmax_0125,8,25,0.10799305140972137,0.9543333333333334,0.9542404166244237,0.15645777123669782,0.14000000059604645,1.8787422354022663,nan,nan
kmnist,topk_softmax_0125,8,26,0.10308460891246796,0.956,0.9559146114736132,0.1525910027946035,0.14000000059604645,1.878340517481168,nan,nan
kmnist,topk_softmax_0125,8,27,0.10123272985219955,0.9543333333333334,0.9542088519269678,0.14896500452111164,0.14000000059604645,1.8711626355846722,nan,nan
kmnist,topk_softmax_0125,8,28,0.1007176861166954,0.9515833333333333,0.9515131459807311,0.16013108007609844,0.14000000059604645,1.8725915824373562,nan,nan
kmnist,topk_softmax_0125,8,29,0.09522783011198044,0.9556666666666667,0.9555473494885153,0.14996818577249846,0.14000000059604645,1.8699545587102573,nan,nan
kmnist,topk_softmax_0125,9,0,1.7248791456222534,0.6488333333333334,0.6482673685806477,1.0634179959694545,0.14000000059604645,1.9355747575561206,nan,nan
kmnist,topk_softmax_0125,9,1,0.8382454514503479,0.791,0.7925848175572894,0.6441463828086853,0.14000000059604645,1.915542629857858,nan,nan
kmnist,topk_softmax_0125,9,2,0.5809580683708191,0.84325,0.8438935992969403,0.4870521475871404,0.14000000059604645,1.9066981673240662,nan,nan
kmnist,topk_softmax_0125,9,3,0.475434273481369,0.864,0.8655822079686672,0.42751868069171906,0.14000000059604645,1.902399902542432,nan,nan
kmnist,topk_softmax_0125,9,4,0.39930614829063416,0.8893333333333333,0.8904391631526059,0.3462994967897733,0.14000000059604645,1.9044198070963223,nan,nan
kmnist,topk_softmax_0125,9,5,0.35321226716041565,0.8958333333333334,0.8971378896523371,0.3287237174808979,0.14000000059604645,1.90403550863266,nan,nan
kmnist,topk_softmax_0125,9,6,0.31506338715553284,0.9108333333333334,0.9114187742187179,0.28462005282441777,0.14000000059604645,1.900535687804222,nan,nan
kmnist,topk_softmax_0125,9,7,0.288433700799942,0.9120833333333334,0.9129360863581496,0.2758399825543165,0.14000000059604645,1.8990880499283473,nan,nan
kmnist,topk_softmax_0125,9,8,0.26217958331108093,0.9225,0.9229003502322028,0.25008356633285683,0.14000000059604645,1.9003128459056218,nan,nan
kmnist,topk_softmax_0125,9,9,0.2502593398094177,0.9230833333333334,0.9234920852979644,0.2457342967391014,0.14000000059604645,1.8962894057234128,nan,nan
kmnist,topk_softmax_0125,9,10,0.23169244825839996,0.92825,0.9286774657467689,0.22399642753104368,0.14000000059604645,1.895074762403965,nan,nan
kmnist,topk_softmax_0125,9,11,0.217837855219841,0.9321666666666667,0.9323851717629272,0.20707393623888493,0.14000000059604645,1.8945923323432605,nan,nan
kmnist,topk_softmax_0125,9,12,0.2104676365852356,0.9315833333333333,0.9316939446179644,0.2126260045915842,0.14000000059604645,1.8925177082419395,nan,nan
kmnist,topk_softmax_0125,9,13,0.19162853062152863,0.9395833333333333,0.9399221566345439,0.19432383216917515,0.14000000059604645,1.8936847771207492,nan,nan
kmnist,topk_softmax_0125,9,14,0.18081988394260406,0.94375,0.9440835311042581,0.18238836464782557,0.14000000059604645,1.8909219801425934,nan,nan
kmnist,topk_softmax_0125,9,15,0.1736304610967636,0.9399166666666666,0.9401312973075594,0.19378989251951376,0.14000000059604645,1.888184942305088,nan,nan
kmnist,topk_softmax_0125,9,16,0.1639876514673233,0.9391666666666667,0.9395347701982638,0.18510786319772402,0.14000000059604645,1.8882296333710353,nan,nan
kmnist,topk_softmax_0125,9,17,0.15513339638710022,0.9438333333333333,0.9440203126361357,0.1821296028792858,0.14000000059604645,1.8881712853908539,nan,nan
kmnist,topk_softmax_0125,9,18,0.15151385962963104,0.9456666666666667,0.9459017166693762,0.17408549195776382,0.14000000059604645,1.8886232102910678,nan,nan
kmnist,topk_softmax_0125,9,19,0.14341510832309723,0.947,0.947239162023221,0.1708185002207756,0.14000000059604645,1.884748061498006,nan,nan
kmnist,topk_softmax_0125,9,20,0.13378769159317017,0.9428333333333333,0.9430066534180733,0.17929651588201523,0.14000000059604645,1.8842742716272671,nan,nan
kmnist,topk_softmax_0125,9,21,0.12825486063957214,0.9463333333333334,0.9466369129237412,0.17330418465038142,0.14000000059604645,1.8812013193964958,nan,nan
kmnist,topk_softmax_0125,9,22,0.12594996392726898,0.9461666666666667,0.946388388604858,0.1715268356104692,0.14000000059604645,1.8796220694979031,nan,nan
kmnist,topk_softmax_0125,9,23,0.12247000634670258,0.9493333333333334,0.9496027207030583,0.16502937177817026,0.14000000059604645,1.8798171778519948,nan,nan
kmnist,topk_softmax_0125,9,24,0.11427120864391327,0.9521666666666667,0.9523406270842034,0.15783295749376217,0.14000000059604645,1.879394421974818,nan,nan
kmnist,topk_softmax_0125,9,25,0.10774493217468262,0.9505,0.9506966239141373,0.1588217749570807,0.14000000059604645,1.880304214855035,nan,nan
kmnist,topk_softmax_0125,9,26,0.10526283085346222,0.9515833333333333,0.9518381834743288,0.16691086379190287,0.14000000059604645,1.8794812460740407,nan,nan
kmnist,topk_softmax_0125,9,27,0.10104440152645111,0.9511666666666667,0.9512739720365241,0.16836871734509865,0.14000000059604645,1.8768442794680595,nan,nan
kmnist,topk_softmax_0125,9,28,0.0978911966085434,0.95,0.9502320126852393,0.1684126000230511,0.14000000059604645,1.8743827665845554,nan,nan
kmnist,topk_softmax_0125,9,29,0.09330097585916519,0.95225,0.9523638849862209,0.16310842769841352,0.14000000059604645,1.8736535583933194,nan,nan
kmnist,topk_softmax_025,0,0,1.7476900815963745,0.64525,0.6445884191308215,1.0605691795547803,0.25999999046325684,2.548087259133657,nan,nan
kmnist,topk_softmax_025,0,1,0.8295390009880066,0.7928333333333333,0.7919267114792231,0.6426180377602577,0.25999999046325684,2.542145311832428,nan,nan
kmnist,topk_softmax_025,0,2,0.5638338327407837,0.8625833333333334,0.862434071093871,0.4482043484846751,0.25999999046325684,2.5336365352074304,nan,nan
kmnist,topk_softmax_025,0,3,0.4509213864803314,0.8749166666666667,0.8747828341051728,0.39003657052914303,0.25999999046325684,2.5268841683864594,nan,nan
kmnist,topk_softmax_025,0,4,0.3788697421550751,0.89175,0.8922002386991537,0.3389401485522588,0.25999999046325684,2.5203854739665985,nan,nan
kmnist,topk_softmax_025,0,5,0.32220086455345154,0.904,0.9042395276978661,0.2973822094500065,0.25999999046325684,2.514634519815445,nan,nan
kmnist,topk_softmax_025,0,6,0.29009711742401123,0.9079166666666667,0.9080500755938837,0.2862853283683459,0.25999999046325684,2.508142431577047,nan,nan
kmnist,topk_softmax_025,0,7,0.26283299922943115,0.92275,0.9227702838301001,0.24587082179884115,0.25999999046325684,2.504263316591581,nan,nan
kmnist,topk_softmax_025,0,8,0.2403503656387329,0.9281666666666667,0.9284290163892708,0.22030529007315636,0.25999999046325684,2.5018424838781357,nan,nan
kmnist,topk_softmax_025,0,9,0.21671180427074432,0.9316666666666666,0.9318170528805101,0.21463998407125473,0.25999999046325684,2.497756486137708,nan,nan
kmnist,topk_softmax_025,0,10,0.19555805623531342,0.9279166666666666,0.9282162340129478,0.21831992516915003,0.25999999046325684,2.493264779448509,nan,nan
kmnist,topk_softmax_025,0,11,0.18220464885234833,0.9311666666666667,0.9310979738549416,0.2107864934951067,0.25999999046325684,2.489688530564308,nan,nan
kmnist,topk_softmax_025,0,12,0.1738014817237854,0.9430833333333334,0.9431743289698211,0.18223333545029163,0.25999999046325684,2.4858551224072776,nan,nan
kmnist,topk_softmax_025,0,13,0.15922902524471283,0.9488333333333333,0.9488800595586706,0.16468278132379055,0.25999999046325684,2.4816505710283914,nan,nan
kmnist,topk_softmax_025,0,14,0.15220512449741364,0.9508333333333333,0.9509258997817602,0.16172646544873714,0.25999999046325684,2.4800609250863395,nan,nan
kmnist,topk_softmax_025,0,15,0.1451023370027542,0.95075,0.9506593908380545,0.16173182583103576,0.25999999046325684,2.4766254971424737,nan,nan
kmnist,topk_softmax_025,0,16,0.13286368548870087,0.949,0.9490738349054224,0.16692381724715233,0.25999999046325684,2.471895938118299,nan,nan
kmnist,topk_softmax_025,0,17,0.124712735414505,0.9475833333333333,0.9476718600442291,0.16674178342024484,0.25999999046325684,2.470512936512629,nan,nan
kmnist,topk_softmax_025,0,18,0.11600508540868759,0.9543333333333334,0.9543546172205429,0.14222326471159855,0.25999999046325684,2.4675393402576447,nan,nan
kmnist,topk_softmax_025,0,19,0.11112603545188904,0.95375,0.9539056307018232,0.14707705409576496,0.25999999046325684,2.464148685336113,nan,nan
kmnist,topk_softmax_025,0,20,0.10428611934185028,0.9516666666666667,0.9518442076753182,0.15546896370748678,0.25999999046325684,2.463499993085861,nan,nan
kmnist,topk_softmax_025,0,21,0.10279582440853119,0.9521666666666667,0.952213073667185,0.1474113231524825,0.25999999046325684,2.4599093149105706,nan,nan
kmnist,topk_softmax_025,0,22,0.09771101176738739,0.9574166666666667,0.9573849687155389,0.1397583136955897,0.25999999046325684,2.46330855290095,nan,nan
kmnist,topk_softmax_025,0,23,0.0902521088719368,0.9508333333333333,0.9508412104588866,0.15524520197262368,0.25999999046325684,2.4604649941126504,nan,nan
kmnist,topk_softmax_025,0,24,0.08698149770498276,0.9595,0.9595770894706966,0.1338687020664414,0.25999999046325684,2.4639956653118134,nan,nan
kmnist,topk_softmax_025,0,25,0.08569016307592392,0.9586666666666667,0.9586475608238743,0.13545251451432705,0.25999999046325684,2.4550604224205017,nan,nan
kmnist,topk_softmax_025,0,26,0.08189647644758224,0.9580833333333333,0.9581482997889308,0.14093612227588892,0.25999999046325684,2.452964554230372,nan,nan
kmnist,topk_softmax_025,0,27,0.07717262953519821,0.9588333333333333,0.9588623532346382,0.1420600594331821,0.25999999046325684,2.4499009251594543,nan,nan
kmnist,topk_softmax_025,0,28,0.07245410978794098,0.9581666666666667,0.9582051177632968,0.14082375075668097,0.25999999046325684,2.453360835711161,nan,nan
kmnist,topk_softmax_025,0,29,0.0671837329864502,0.9606666666666667,0.960641560899821,0.13853178297479948,0.25999999046325684,2.4542840719223022,nan,nan
kmnist,topk_softmax_025,1,0,1.6858867406845093,0.6529166666666667,0.6459051444027639,1.0421835631132126,0.25999999046325684,2.5538675487041473,nan,nan
kmnist,topk_softmax_025,1,1,0.8940972685813904,0.7906666666666666,0.7894401334074204,0.6659068564573923,0.25999999046325684,2.5303199191888175,nan,nan
kmnist,topk_softmax_025,1,2,0.6435798406600952,0.8313333333333334,0.8314809306020525,0.5411746489504973,0.25999999046325684,2.521524578332901,nan,nan
kmnist,topk_softmax_025,1,3,0.5261712670326233,0.8609166666666667,0.861637094137485,0.4382057997087638,0.25999999046325684,2.5160989115635553,nan,nan
kmnist,topk_softmax_025,1,4,0.450886607170105,0.87425,0.8749581934169612,0.4000120634833972,0.25999999046325684,2.5065754850705466,nan,nan
kmnist,topk_softmax_025,1,5,0.401777982711792,0.8885,0.8891241760581661,0.34444574142495793,0.25999999046325684,2.506382410724958,nan,nan
kmnist,topk_softmax_025,1,6,0.3543488085269928,0.8926666666666667,0.893452559766023,0.33409090091784793,0.25999999046325684,2.503000636895498,nan,nan
kmnist,topk_softmax_025,1,7,0.3245849907398224,0.9095,0.909829880778144,0.2829595413058996,0.25999999046325684,2.5012054244677224,nan,nan
kmnist,topk_softmax_025,1,8,0.2912900745868683,0.919,0.9192069806999037,0.25955685166021186,0.25999999046325684,2.4974699715773263,nan,nan
kmnist,topk_softmax_025,1,9,0.2685794234275818,0.9221666666666667,0.9221649472247627,0.2511881794780493,0.25999999046325684,2.500168507297834,nan,nan
kmnist,topk_softmax_025,1,10,0.24570269882678986,0.9294166666666667,0.9295654312790832,0.22563601781924567,0.25999999046325684,2.49898724257946,nan,nan
kmnist,topk_softmax_025,1,11,0.2282509058713913,0.9310833333333334,0.9313733825689093,0.22133251590033373,0.25999999046325684,2.499561697244644,nan,nan
kmnist,topk_softmax_025,1,12,0.21239995956420898,0.9330833333333334,0.9334322205855539,0.2120855680356423,0.25999999046325684,2.4974892934163413,nan,nan
kmnist,topk_softmax_025,1,13,0.2011745721101761,0.93625,0.9362757678336481,0.2094810170431932,0.25999999046325684,2.494401767849922,nan,nan
kmnist,topk_softmax_025,1,14,0.1912403106689453,0.9391666666666667,0.9391754078723238,0.19024639390408993,0.25999999046325684,2.4945836067199707,nan,nan
kmnist,topk_softmax_025,1,15,0.17460313439369202,0.9454166666666667,0.945465946766878,0.1762193599715829,0.25999999046325684,2.4955888042847314,nan,nan
kmnist,topk_softmax_025,1,16,0.1692199409008026,0.94425,0.9442353308707199,0.17925302435954413,0.25999999046325684,2.492141366004944,nan,nan
kmnist,topk_softmax_025,1,17,0.15480560064315796,0.9495,0.9494475108788049,0.16599219106137753,0.25999999046325684,2.493030438820521,nan,nan
kmnist,topk_softmax_025,1,18,0.15435615181922913,0.9496666666666667,0.9495561506577432,0.16390762416025004,0.25999999046325684,2.4929111897945404,nan,nan
kmnist,topk_softmax_025,1,19,0.13675644993782043,0.9510833333333333,0.9510788814454706,0.15502327618499598,0.25999999046325684,2.4959002484877906,nan,nan
kmnist,topk_softmax_025,1,20,0.13166476786136627,0.9543333333333334,0.9544128022269358,0.14930622155467668,0.25999999046325684,2.4907751431067786,nan,nan
kmnist,topk_softmax_025,1,21,0.12543821334838867,0.956,0.9560433577039159,0.14689728369315466,0.25999999046325684,2.4896871944268546,nan,nan
kmnist,topk_softmax_025,1,22,0.11786960810422897,0.9580833333333333,0.9579813133844152,0.1425801645964384,0.25999999046325684,2.490061804652214,nan,nan
kmnist,topk_softmax_025,1,23,0.11829472333192825,0.95375,0.9537737128474907,0.15623217107107243,0.25999999046325684,2.488353649775187,nan,nan
kmnist,topk_softmax_025,1,24,0.11263071000576019,0.9553333333333334,0.9553285985433793,0.14574671940257153,0.25999999046325684,2.4889965454737344,nan,nan
kmnist,topk_softmax_025,1,25,0.10710541158914566,0.9558333333333333,0.9559378063546287,0.15120475770284733,0.25999999046325684,2.4868253072102866,nan,nan
kmnist,topk_softmax_025,1,26,0.10274432599544525,0.9585833333333333,0.9586173861726035,0.14034437636534372,0.25999999046325684,2.485569030046463,nan,nan
kmnist,topk_softmax_025,1,27,0.09919311106204987,0.9603333333333334,0.9603207342487892,0.13738857302814722,0.25999999046325684,2.4848784456650415,nan,nan
kmnist,topk_softmax_025,1,28,0.09514417499303818,0.9583333333333334,0.9583935717659873,0.1357510065038999,0.25999999046325684,2.4827475200096765,nan,nan
kmnist,topk_softmax_025,1,29,0.09499681740999222,0.965,0.9650312419490689,0.12600797601044178,0.25999999046325684,2.485114504893621,nan,nan
kmnist,topk_softmax_025,2,0,1.8208848237991333,0.6040833333333333,0.5918811801368469,1.1977992455164592,0.25999999046325684,2.548535709579786,nan,nan
kmnist,topk_softmax_025,2,1,0.9254533052444458,0.7794166666666666,0.7813645003702403,0.6912225186824799,0.25999999046325684,2.5475793282190957,nan,nan
kmnist,topk_softmax_025,2,2,0.64241623878479,0.8325833333333333,0.8323190076753498,0.5268960930407047,0.25999999046325684,2.540995945533117,nan,nan
kmnist,topk_softmax_025,2,3,0.5255072116851807,0.8591666666666666,0.8599037012627969,0.44216156378388405,0.25999999046325684,2.533535346388817,nan,nan
kmnist,topk_softmax_025,2,4,0.4348239302635193,0.88275,0.8828004381123042,0.38106686125199,0.25999999046325684,2.5287262201309204,nan,nan
kmnist,topk_softmax_025,2,5,0.3718569278717041,0.88725,0.8870225126150919,0.3607448749244213,0.25999999046325684,2.519182875752449,nan,nan
kmnist,topk_softmax_025,2,6,0.33194369077682495,0.904,0.9049363329958989,0.3050985013445218,0.25999999046325684,2.510093241930008,nan,nan
kmnist,topk_softmax_025,2,7,0.2942165434360504,0.9105,0.9104525360252651,0.282216797893246,0.25999999046325684,2.4986840734879174,nan,nan
kmnist,topk_softmax_025,2,8,0.2602385878562927,0.92,0.9202364856503928,0.253666365519166,0.25999999046325684,2.492476056019465,nan,nan
kmnist,topk_softmax_025,2,9,0.24056173861026764,0.9284166666666667,0.9285527663751868,0.23480743604401746,0.25999999046325684,2.486299847563108,nan,nan
kmnist,topk_softmax_025,2,10,0.21235822141170502,0.9334166666666667,0.9334808008854989,0.2167741438994805,0.25999999046325684,2.4835315346717834,nan,nan
kmnist,topk_softmax_025,2,11,0.1987564116716385,0.9354166666666667,0.9356750174417515,0.20563051166633764,0.25999999046325684,2.484730218847593,nan,nan
kmnist,topk_softmax_025,2,12,0.18850307166576385,0.9388333333333333,0.9389179930859857,0.19707055327792963,0.25999999046325684,2.477894435326258,nan,nan
kmnist,topk_softmax_025,2,13,0.17570431530475616,0.9430833333333334,0.9431883023448352,0.1840994916856289,0.25999999046325684,2.473517676194509,nan,nan
kmnist,topk_softmax_025,2,14,0.16352468729019165,0.9423333333333334,0.9425055339794219,0.18796190122763315,0.25999999046325684,2.475972687204679,nan,nan
kmnist,topk_softmax_025,2,15,0.15497586131095886,0.94275,0.9426463172011068,0.1856098553786675,0.25999999046325684,2.4731514205535254,nan,nan
kmnist,topk_softmax_025,2,16,0.14441879093647003,0.9481666666666667,0.9482986178209047,0.1737544760107994,0.25999999046325684,2.4714735398689904,nan,nan
kmnist,topk_softmax_025,2,17,0.13371722400188446,0.95125,0.9514113843521752,0.1633970613280932,0.25999999046325684,2.469269573688507,nan,nan
kmnist,topk_softmax_025,2,18,0.1279158592224121,0.9518333333333333,0.9520603260134349,0.16753132424006859,0.25999999046325684,2.469534566005071,nan,nan
kmnist,topk_softmax_025,2,19,0.1189325675368309,0.9490833333333333,0.9493800071658173,0.1712869182229042,0.25999999046325684,2.467468276619911,nan,nan
kmnist,topk_softmax_025,2,20,0.11600455641746521,0.9493333333333334,0.9496167509695702,0.1674229744821787,0.25999999046325684,2.467354824145635,nan,nan
kmnist,topk_softmax_025,2,21,0.10853832960128784,0.9513333333333334,0.9515218697851662,0.1645690637330214,0.25999999046325684,2.4612080454826355,nan,nan
kmnist,topk_softmax_025,2,22,0.10959970206022263,0.9559166666666666,0.9561050643762206,0.1552088875323534,0.25999999046325684,2.4641483972469964,nan,nan
kmnist,topk_softmax_025,2,23,0.09793619066476822,0.9538333333333333,0.9539226856536592,0.16518600285053253,0.25999999046325684,2.4609799732764563,nan,nan
kmnist,topk_softmax_025,2,24,0.09886310249567032,0.9590833333333333,0.9592082686929932,0.14843457844108343,0.25999999046325684,2.4609265675147376,nan,nan
kmnist,topk_softmax_025,2,25,0.09152070432901382,0.95125,0.9513566998539144,0.17292606582244238,0.25999999046325684,2.460068936149279,nan,nan
kmnist,topk_softmax_025,2,26,0.08427593111991882,0.9558333333333333,0.9559971955872782,0.15513131519158682,0.25999999046325684,2.4589134405056634,nan,nan
kmnist,topk_softmax_025,2,27,0.08385620266199112,0.9580833333333333,0.9581723339127446,0.15680992417037487,0.25999999046325684,2.459166710575422,nan,nan
kmnist,topk_softmax_025,2,28,0.077553890645504,0.9605833333333333,0.9607693572827355,0.14808542126168808,0.25999999046325684,2.458418130874634,nan,nan
kmnist,topk_softmax_025,2,29,0.07522193342447281,0.9543333333333334,0.9544634721934674,0.15723453958829245,0.25999999046325684,2.4553709824879966,nan,nan
kmnist,topk_softmax_025,3,0,1.780839204788208,0.62175,0.6154554106619068,1.1207417498032253,0.25999999046325684,2.554765224456787,nan,nan
kmnist,topk_softmax_025,3,1,0.8898357152938843,0.7635833333333333,0.7627073702089805,0.7307698527971903,0.25999999046325684,2.550742968916893,nan,nan
kmnist,topk_softmax_025,3,2,0.6299079656600952,0.82025,0.8203643580767886,0.5552533542116483,0.25999999046325684,2.545324221253395,nan,nan
kmnist,topk_softmax_025,3,3,0.5034603476524353,0.85275,0.8529863679012328,0.466112170368433,0.25999999046325684,2.5406879037618637,nan,nan
kmnist,topk_softmax_025,3,4,0.43097105622291565,0.87825,0.8783255109068462,0.3875540532171726,0.25999999046325684,2.534610783060392,nan,nan
kmnist,topk_softmax_025,3,5,0.3652862310409546,0.89025,0.8898143413351882,0.3498692214488983,0.25999999046325684,2.528027504682541,nan,nan
kmnist,topk_softmax_025,3,6,0.320749968290329,0.90275,0.903005414186428,0.3043876799444358,0.25999999046325684,2.527094895641009,nan,nan
kmnist,topk_softmax_025,3,7,0.2943391799926758,0.90175,0.9023143154699422,0.30403426972528297,0.25999999046325684,2.524054318666458,nan,nan
kmnist,topk_softmax_025,3,8,0.2627516984939575,0.9241666666666667,0.9242995477279112,0.24400539820392927,0.25999999046325684,2.519365260998408,nan,nan
kmnist,topk_softmax_025,3,9,0.23440991342067719,0.926,0.9259716337977169,0.23277052926520506,0.25999999046325684,2.5179372082153955,nan,nan
kmnist,topk_softmax_025,3,10,0.2188938707113266,0.9296666666666666,0.929949828939104,0.2243981280674537,0.25999999046325684,2.5144959688186646,nan,nan
kmnist,topk_softmax_025,3,11,0.20199961960315704,0.9356666666666666,0.9358462704819417,0.1985256982346376,0.25999999046325684,2.5124844759702682,nan,nan
kmnist,topk_softmax_025,3,12,0.1899711638689041,0.9338333333333333,0.9338895380461478,0.212883818273743,0.25999999046325684,2.5147158900896707,nan,nan
kmnist,topk_softmax_025,3,13,0.17814059555530548,0.942,0.941976101976719,0.18695693090558052,0.25999999046325684,2.512413109342257,nan,nan
kmnist,topk_softmax_025,3,14,0.16102688014507294,0.942,0.942086169541256,0.18095445508758226,0.25999999046325684,2.5084654837846756,nan,nan
kmnist,topk_softmax_025,3,15,0.15612512826919556,0.9498333333333333,0.9498178637298244,0.16096685950954756,0.25999999046325684,2.5103561033805213,nan,nan
kmnist,topk_softmax_025,3,16,0.149267315864563,0.94325,0.9434021909973748,0.18133785016834736,0.25999999046325684,2.507685045401255,nan,nan
kmnist,topk_softmax_025,3,17,0.13426928222179413,0.9555833333333333,0.9555272147653169,0.14540127416451773,0.25999999046325684,2.5079508870840073,nan,nan
kmnist,topk_softmax_025,3,18,0.13236497342586517,0.952,0.9520232071718645,0.15650929107020298,0.25999999046325684,2.5061634282271066,nan,nan
kmnist,topk_softmax_025,3,19,0.12091603130102158,0.956,0.9560256530712337,0.1454826444387436,0.25999999046325684,2.5022312651077905,nan,nan
kmnist,topk_softmax_025,3,20,0.11523224413394928,0.95625,0.9563479931024368,0.14811191583673158,0.25999999046325684,2.5012255211671195,nan,nan
kmnist,topk_softmax_025,3,21,0.1086377426981926,0.9554166666666667,0.9554084476843048,0.15247265280534825,0.25999999046325684,2.498654991388321,nan,nan
kmnist,topk_softmax_025,3,22,0.10837413370609283,0.9591666666666666,0.9592431959440895,0.142988882958889,0.25999999046325684,2.4980436166127524,nan,nan
kmnist,topk_softmax_025,3,23,0.10183680802583694,0.95725,0.95723987704392,0.14027558950086436,0.25999999046325684,2.497557739416758,nan,nan
kmnist,topk_softmax_025,3,24,0.09424086660146713,0.9586666666666667,0.9586834525740835,0.14114074781537056,0.25999999046325684,2.494237413009008,nan,nan
kmnist,topk_softmax_025,3,25,0.0954105332493782,0.9580833333333333,0.9580400270069077,0.14233174795905748,0.25999999046325684,2.4925464540719986,nan,nan
kmnist,topk_softmax_025,3,26,0.09233035892248154,0.9554166666666667,0.9553937795747004,0.14926740868637958,0.25999999046325684,2.495672717690468,nan,nan
kmnist,topk_softmax_025,3,27,0.08494102209806442,0.9568333333333333,0.9569342323328105,0.1557039963081479,0.25999999046325684,2.49543696641922,nan,nan
kmnist,topk_softmax_025,4,0,1.8113170862197876,0.66,0.6529238465679368,1.0506793012221654,0.25999999046325684,2.5525182634592056,nan,nan
kmnist,topk_softmax_025,4,1,0.8781813383102417,0.7799166666666667,0.7808153064843,0.683234008649985,0.25999999046325684,2.5507100274165473,nan,nan
kmnist,topk_softmax_025,4,2,0.660323441028595,0.8248333333333333,0.8237420970801516,0.5602949919799963,0.25999999046325684,2.541945477326711,nan,nan
kmnist,topk_softmax_025,4,3,0.5336608290672302,0.8613333333333333,0.8618781622555017,0.45056714365879696,0.25999999046325684,2.5261160929997764,nan,nan
kmnist,topk_softmax_025,4,4,0.44022876024246216,0.8775833333333334,0.8768321563677175,0.3878658302128315,0.25999999046325684,2.512324944138527,nan,nan
kmnist,topk_softmax_025,4,5,0.3750001788139343,0.8985,0.8981085347108246,0.32030534247557324,0.25999999046325684,2.4945813715457916,nan,nan
kmnist,topk_softmax_025,4,6,0.33005374670028687,0.9119166666666667,0.9118524669542794,0.2779340135554473,0.25999999046325684,2.486734300851822,nan,nan
kmnist,topk_softmax_025,4,7,0.28855031728744507,0.9188333333333333,0.9187482754817303,0.25613048983116943,0.25999999046325684,2.482322578628858,nan,nan
kmnist,topk_softmax_025,4,8,0.2680418789386749,0.928,0.9279227372120482,0.23315485194325447,0.25999999046325684,2.4664717813332877,nan,nan
kmnist,topk_softmax_025,4,9,0.2394411265850067,0.932,0.9318824137614671,0.21979778011639914,0.25999999046325684,2.4660351425409317,nan,nan
kmnist,topk_softmax_025,4,10,0.2257348597049713,0.9330833333333334,0.9327683710996523,0.20947898117204508,0.25999999046325684,2.460289423664411,nan,nan
kmnist,topk_softmax_025,4,11,0.20481166243553162,0.9389166666666666,0.9388995007454921,0.19407912716269493,0.25999999046325684,2.45658873518308,nan,nan
kmnist,topk_softmax_025,4,12,0.1869044303894043,0.9425,0.9424117909076637,0.18117364216595888,0.25999999046325684,2.451863999168078,nan,nan
kmnist,topk_softmax_025,4,13,0.18014341592788696,0.9453333333333334,0.9453519300462346,0.17020344951500496,0.25999999046325684,2.4473788738250732,nan,nan
kmnist,topk_softmax_025,4,14,0.16760587692260742,0.9460833333333334,0.9459309940663914,0.16572647914290428,0.25999999046325684,2.445831666390101,nan,nan
kmnist,topk_softmax_025,4,15,0.15811504423618317,0.9400833333333334,0.9401152100944327,0.1913742342342933,0.25999999046325684,2.4348147163788476,nan,nan
kmnist,topk_softmax_025,4,16,0.15134118497371674,0.949,0.9488803497823752,0.1644534052660068,0.25999999046325684,2.440944348772367,nan,nan
kmnist,topk_softmax_025,4,17,0.13779675960540771,0.9504166666666667,0.9503646772720385,0.15401753596961498,0.25999999046325684,2.4357450703779855,nan,nan
kmnist,topk_softmax_025,4,18,0.12976360321044922,0.9514166666666667,0.9512427720394241,0.15604040616502365,0.25999999046325684,2.433163305123647,nan,nan
kmnist,topk_softmax_025,4,19,0.12731695175170898,0.9496666666666667,0.9495708514598793,0.16492872685194016,0.25999999046325684,2.4311867703994117,nan,nan
kmnist,topk_softmax_025,4,20,0.11954089254140854,0.95125,0.9512433410033776,0.15357559019078812,0.25999999046325684,2.4262240479389825,nan,nan
kmnist,topk_softmax_025,4,21,0.11588706076145172,0.9548333333333333,0.9547056372530344,0.14365983133514723,0.25999999046325684,2.4272006452083588,nan,nan
kmnist,topk_softmax_025,4,22,0.10543020069599152,0.9574166666666667,0.9573309756536943,0.1419641903291146,0.25999999046325684,2.424167901277542,nan,nan
kmnist,topk_softmax_025,4,23,0.10504566133022308,0.95675,0.9566968002573855,0.1430995436385274,0.25999999046325684,2.4238174160321555,nan,nan
kmnist,topk_softmax_025,4,24,0.09928780794143677,0.9574166666666667,0.9574014538577724,0.14248153598358235,0.25999999046325684,2.4202032337586084,nan,nan
kmnist,topk_softmax_025,4,25,0.09475542604923248,0.9575,0.9573971308615091,0.14069126018633446,0.25999999046325684,2.4195637007554374,nan,nan
kmnist,topk_softmax_025,4,26,0.09183567017316818,0.96,0.9599398582297939,0.13475075488289198,0.25999999046325684,2.426371395587921,nan,nan
kmnist,topk_softmax_025,4,27,0.08692840486764908,0.959,0.9589002622140758,0.13834126510967812,0.25999999046325684,2.4140689124663672,nan,nan
kmnist,topk_softmax_025,4,28,0.08231915533542633,0.9580833333333333,0.9581113501426103,0.14834959836055836,0.25999999046325684,2.423244093855222,nan,nan
kmnist,topk_softmax_025,4,29,0.08157921582460403,0.9580833333333333,0.957969404676132,0.13981586322188377,0.25999999046325684,2.4200778802235923,nan,nan
kmnist,topk_softmax_025,5,0,1.7428001165390015,0.658,0.6545644445256913,1.0579432969292004,0.25999999046325684,2.5532707820336022,nan,nan
kmnist,topk_softmax_025,5,1,0.8370845317840576,0.8095,0.8079611973805676,0.5995157783230146,0.25999999046325684,2.5360020945469537,nan,nan
kmnist,topk_softmax_025,5,2,0.5870054960250854,0.8415,0.8414694703609754,0.4955008812248707,0.25999999046325684,2.532482539614042,nan,nan
kmnist,topk_softmax_025,5,3,0.4896608889102936,0.8571666666666666,0.857068783664214,0.44267307842771214,0.25999999046325684,2.529526193936666,nan,nan
kmnist,topk_softmax_025,5,4,0.42363637685775757,0.8718333333333333,0.8718592185249211,0.3970902015765508,0.25999999046325684,2.5247609714667,nan,nan
kmnist,topk_softmax_025,5,5,0.3669147789478302,0.90075,0.9004195212150492,0.32054613903164864,0.25999999046325684,2.526557261745135,nan,nan
kmnist,topk_softmax_025,5,6,0.32691705226898193,0.907,0.9063845745394834,0.2931658575932185,0.25999999046325684,2.5232276618480682,nan,nan
kmnist,topk_softmax_025,5,7,0.29867562651634216,0.9049166666666667,0.9047576207106752,0.3007916534940402,0.25999999046325684,2.521990845600764,nan,nan
kmnist,topk_softmax_025,5,8,0.26656103134155273,0.9211666666666667,0.9211287279427252,0.25276488934954006,0.25999999046325684,2.5164491881926856,nan,nan
kmnist,topk_softmax_025,5,9,0.2571524381637573,0.9248333333333333,0.9246196041777173,0.23738194008668265,0.25999999046325684,2.508928825457891,nan,nan
kmnist,topk_softmax_025,5,10,0.23390044271945953,0.9275,0.9272948095475883,0.23084074134627977,0.25999999046325684,2.5106293112039566,nan,nan
kmnist,topk_softmax_025,5,11,0.21777591109275818,0.9286666666666666,0.9286376898203395,0.2277800633261601,0.25999999046325684,2.5102723985910416,nan,nan
kmnist,topk_softmax_025,5,12,0.2001788169145584,0.9374166666666667,0.9372567718162813,0.20533744183679423,0.25999999046325684,2.508008822798729,nan,nan
kmnist,topk_softmax_025,5,13,0.19299344718456268,0.93925,0.939007001367586,0.19701883321007094,0.25999999046325684,2.5045539935429892,nan,nan
kmnist,topk_softmax_025,5,14,0.17898495495319366,0.9383333333333334,0.9380095524454981,0.19617617626984915,0.25999999046325684,2.504263331492742,nan,nan
kmnist,topk_softmax_025,5,15,0.1760195791721344,0.9433333333333334,0.9430821524094691,0.18302381969988346,0.25999999046325684,2.4992267042398453,nan,nan
kmnist,topk_softmax_025,5,16,0.16545452177524567,0.9483333333333334,0.9481755302520343,0.17509347076217333,0.25999999046325684,2.502389073371887,nan,nan
kmnist,topk_softmax_025,5,17,0.15611645579338074,0.9405,0.9403419571253762,0.19331243634223938,0.25999999046325684,2.499362573027611,nan,nan
kmnist,topk_softmax_025,5,18,0.15013088285923004,0.9465833333333333,0.9463586023682014,0.17516422147552171,0.25999999046325684,2.498297547300657,nan,nan
kmnist,topk_softmax_025,5,19,0.14139607548713684,0.9483333333333334,0.948101095133022,0.17060888248185316,0.25999999046325684,2.496762737631798,nan,nan
kmnist,topk_softmax_025,5,20,0.1303611397743225,0.9498333333333333,0.9496969027600832,0.16819103931387266,0.25999999046325684,2.4941497991482415,nan,nan
kmnist,topk_softmax_025,5,21,0.12952035665512085,0.9526666666666667,0.9523802493461562,0.15834567820032439,0.25999999046325684,2.4943454215923944,nan,nan
kmnist,topk_softmax_025,5,22,0.12449850887060165,0.95175,0.9516254635783945,0.15976427650700012,0.25999999046325684,2.4912078579266868,nan,nan
kmnist,topk_softmax_025,5,23,0.11459957808256149,0.9514166666666667,0.9512114355964745,0.16081496886909008,0.25999999046325684,2.493429109454155,nan,nan
kmnist,topk_softmax_025,5,24,0.11537332087755203,0.9549166666666666,0.954773668924051,0.15624606609344482,0.25999999046325684,2.4896434346834817,nan,nan
kmnist,topk_softmax_025,5,25,0.1054501086473465,0.9529166666666666,0.9527885785781777,0.15826974933346113,0.25999999046325684,2.4853407442569733,nan,nan
kmnist,topk_softmax_025,5,26,0.10594436526298523,0.9554166666666667,0.9551965888080385,0.1495154087121288,0.25999999046325684,2.4855027248462043,nan,nan
kmnist,topk_softmax_025,5,27,0.10029993206262589,0.9553333333333334,0.9552148429466708,0.15529518419255814,0.25999999046325684,2.4826281368732452,nan,nan
kmnist,topk_softmax_025,5,28,0.09514887630939484,0.9555,0.9553457287337446,0.1540191431219379,0.25999999046325684,2.4814258913199105,nan,nan
kmnist,topk_softmax_025,5,29,0.08907102048397064,0.95725,0.9570990924584839,0.14696838582555452,0.25999999046325684,2.482560748855273,nan,nan
kmnist,topk_softmax_025,6,0,1.7373846769332886,0.65675,0.6576202719971891,1.0600567261377971,0.25999999046325684,2.5507964938879013,nan,nan
kmnist,topk_softmax_025,6,1,0.8468539714813232,0.7624166666666666,0.763298583679207,0.7201007703940073,0.25999999046325684,2.538696820537249,nan,nan
kmnist,topk_softmax_025,6,2,0.5888585448265076,0.8071666666666667,0.8071146928515829,0.5835612167914709,0.25999999046325684,2.5280586779117584,nan,nan
kmnist,topk_softmax_025,6,3,0.4863654375076294,0.85725,0.8588964256111422,0.4529985437790553,0.25999999046325684,2.5143404801686606,nan,nan
kmnist,topk_softmax_025,6,4,0.42253193259239197,0.8799166666666667,0.8792467775498409,0.3785613204042117,0.25999999046325684,2.508170500397682,nan,nan
kmnist,topk_softmax_025,6,5,0.37763306498527527,0.8925833333333333,0.8927329620276983,0.33961649363239604,0.25999999046325684,2.498983234167099,nan,nan
kmnist,topk_softmax_025,6,6,0.3346116244792938,0.9043333333333333,0.9051630914490568,0.3080794829875231,0.25999999046325684,2.4927271753549576,nan,nan
kmnist,topk_softmax_025,6,7,0.3143431842327118,0.9136666666666666,0.9137452389327564,0.2845989378790061,0.25999999046325684,2.4842759867509208,nan,nan
kmnist,topk_softmax_025,6,8,0.28285178542137146,0.9165,0.9169444891448546,0.27065848124523956,0.25999999046325684,2.4781014968951545,nan,nan
kmnist,topk_softmax_025,6,9,0.2553759813308716,0.92325,0.9233902214821257,0.2491617649793625,0.25999999046325684,2.473660339911779,nan,nan
kmnist,topk_softmax_025,6,10,0.2353779375553131,0.9255833333333333,0.9258034101145484,0.24235742911696434,0.25999999046325684,2.471941123406092,nan,nan
kmnist,topk_softmax_025,6,11,0.223178893327713,0.9315,0.9317263284136417,0.22043318984409174,0.25999999046325684,2.467434580127398,nan,nan
kmnist,topk_softmax_025,6,12,0.20311285555362701,0.9346666666666666,0.9346385066781797,0.2093379832804203,0.25999999046325684,2.46333817144235,nan,nan
kmnist,topk_softmax_025,6,13,0.19081561267375946,0.9396666666666667,0.9397270103751868,0.1961074359714985,0.25999999046325684,2.458049381772677,nan,nan
kmnist,topk_softmax_025,6,14,0.18157637119293213,0.93875,0.9388033673068706,0.19743564104040465,0.25999999046325684,2.4574488550424576,nan,nan
kmnist,topk_softmax_025,6,15,0.1729891449213028,0.9405,0.9404607556594848,0.18943433308353028,0.25999999046325684,2.457720542947451,nan,nan
kmnist,topk_softmax_025,6,16,0.15932098031044006,0.94425,0.9443200968110557,0.1784559233735005,0.25999999046325684,2.446638902028402,nan,nan
kmnist,topk_softmax_025,6,17,0.15098732709884644,0.94525,0.9453968207827466,0.17326579491297403,0.25999999046325684,2.450191001097361,nan,nan
kmnist,topk_softmax_025,6,18,0.1439821422100067,0.948,0.9480492163021932,0.1627292431270083,0.25999999046325684,2.450307990113894,nan,nan
kmnist,topk_softmax_025,6,19,0.13768349587917328,0.94975,0.9499041072298484,0.16376415360718966,0.25999999046325684,2.4467503478129706,nan,nan
kmnist,topk_softmax_025,6,20,0.13172371685504913,0.9465833333333333,0.9468020598899545,0.16646482578168312,0.25999999046325684,2.4426130602757135,nan,nan
kmnist,topk_softmax_025,6,21,0.12585638463497162,0.9499166666666666,0.9500226257519995,0.159885933312277,0.25999999046325684,2.442247435450554,nan,nan
kmnist,topk_softmax_025,6,22,0.1223207488656044,0.9533333333333334,0.9534619515609373,0.149463110913833,0.25999999046325684,2.4427463014920554,nan,nan
kmnist,topk_softmax_025,6,23,0.11443417519330978,0.94825,0.9483562001078052,0.1692284004141887,0.25999999046325684,2.4411068012317023,nan,nan
kmnist,topk_softmax_025,6,24,0.1071661114692688,0.9544166666666667,0.954502601499553,0.15172639954835176,0.25999999046325684,2.4369213581085205,nan,nan
kmnist,topk_softmax_025,6,25,0.10464107245206833,0.9493333333333334,0.9494230793948013,0.16208442579954863,0.25999999046325684,2.4360747585693994,nan,nan
kmnist,topk_softmax_025,6,26,0.09511884301900864,0.955,0.954977199229392,0.15237967328478894,0.25999999046325684,2.4377097388108573,nan,nan
kmnist,topk_softmax_025,6,27,0.10102728009223938,0.9538333333333333,0.9539032846299195,0.15819836656252542,0.25999999046325684,2.4341599692900977,nan,nan
kmnist,topk_softmax_025,6,28,0.0896233543753624,0.9535833333333333,0.9537059784066031,0.1579164279003938,0.25999999046325684,2.433538317680359,nan,nan
kmnist,topk_softmax_025,6,29,0.08633787930011749,0.9576666666666667,0.9577444215008957,0.1457898315663139,0.25999999046325684,2.4314538637797036,nan,nan
kmnist,topk_softmax_025,7,0,1.767781138420105,0.6159166666666667,0.6187907324788638,1.1510665814081829,0.25999999046325684,2.5410899966955185,nan,nan
kmnist,topk_softmax_025,7,1,0.8721324801445007,0.7995833333333333,0.7998044005266101,0.6263720070322355,0.25999999046325684,2.5308384696642556,nan,nan
kmnist,topk_softmax_025,7,2,0.6085140109062195,0.83075,0.8318983632087571,0.5202679845194021,0.25999999046325684,2.525605539480845,nan,nan
kmnist,topk_softmax_025,7,3,0.49871310591697693,0.8675833333333334,0.8685699707733396,0.4081106285254161,0.25999999046325684,2.5251653542121253,nan,nan
kmnist,topk_softmax_025,7,4,0.4169262647628784,0.8818333333333334,0.8825629883349582,0.3625977449119091,0.25999999046325684,2.5228185604015985,nan,nan
kmnist,topk_softmax_025,7,5,0.3763411343097687,0.8860833333333333,0.8867250389826351,0.35751859843730927,0.25999999046325684,2.5212071339289346,nan,nan
kmnist,topk_softmax_025,7,6,0.3426980674266815,0.9004166666666666,0.9012099974221751,0.3141458835452795,0.25999999046325684,2.51759081085523,nan,nan
kmnist,topk_softmax_025,7,7,0.302018940448761,0.9120833333333334,0.9122436013695834,0.27967895194888115,0.25999999046325684,2.5172669837872186,nan,nan
kmnist,topk_softmax_025,7,8,0.27783697843551636,0.9204166666666667,0.9210094303520002,0.2540353474517663,0.25999999046325684,2.513693476716677,nan,nan
kmnist,topk_softmax_025,7,9,0.24961091578006744,0.9163333333333333,0.9170302645915278,0.26188638371725875,0.25999999046325684,2.510597735643387,nan,nan
kmnist,topk_softmax_025,7,10,0.236225888133049,0.9194166666666667,0.9200506818452329,0.24219032811621824,0.25999999046325684,2.505744084715843,nan,nan
kmnist,topk_softmax_025,7,11,0.22176425158977509,0.9326666666666666,0.9330350513772757,0.21749826396505037,0.25999999046325684,2.5030504713455834,nan,nan
kmnist,topk_softmax_025,7,12,0.20530888438224792,0.9353333333333333,0.9357908579799545,0.20648822374641895,0.25999999046325684,2.4959844996531806,nan,nan
kmnist,topk_softmax_025,7,13,0.1902865767478943,0.9413333333333334,0.9416611014190949,0.19109224217633405,0.25999999046325684,2.4942515790462494,nan,nan
kmnist,topk_softmax_025,7,14,0.18127727508544922,0.94,0.940126209176445,0.19222335144877434,0.25999999046325684,2.490059862534205,nan,nan
kmnist,topk_softmax_025,7,15,0.17709605395793915,0.9459166666666666,0.9461901083741097,0.17732630545894304,0.25999999046325684,2.4875365048646927,nan,nan
kmnist,topk_softmax_025,7,16,0.16249409317970276,0.94325,0.9435439432231714,0.18487942467133203,0.25999999046325684,2.486283411582311,nan,nan
kmnist,topk_softmax_025,7,17,0.15470333397388458,0.94175,0.9420186808828896,0.1857646331191063,0.25999999046325684,2.481948286294937,nan,nan
kmnist,topk_softmax_025,7,18,0.14813104271888733,0.9464166666666667,0.9468092110398129,0.17455761165668568,0.25999999046325684,2.478065470854441,nan,nan
kmnist,topk_softmax_025,7,19,0.13761714100837708,0.9495833333333333,0.9498482503662574,0.16391523275524378,0.25999999046325684,2.4756826857725778,nan,nan
kmnist,topk_softmax_025,7,20,0.12927021086215973,0.9478333333333333,0.9481732650607124,0.16811035325129828,0.25999999046325684,2.477161472042402,nan,nan
kmnist,topk_softmax_025,7,21,0.125228151679039,0.95025,0.950524719663524,0.15854248963296413,0.25999999046325684,2.4731921752293906,nan,nan
kmnist,topk_softmax_025,7,22,0.12242534756660461,0.9508333333333333,0.9510270995393026,0.1598527499785026,0.25999999046325684,2.4724054584900537,nan,nan
kmnist,topk_softmax_025,7,23,0.11267738044261932,0.9545833333333333,0.9547270978254059,0.15181403203556934,0.25999999046325684,2.4684116592009864,nan,nan
kmnist,topk_softmax_025,7,24,0.10959792137145996,0.9565,0.9566258360853904,0.1457936710988482,0.25999999046325684,2.465557018915812,nan,nan
kmnist,topk_softmax_025,7,25,0.10608223080635071,0.9544166666666667,0.9548040504474334,0.15401162238170704,0.25999999046325684,2.465072885155678,nan,nan
kmnist,topk_softmax_025,7,26,0.10173235088586807,0.958,0.9582239068773182,0.14672627734641233,0.25999999046325684,2.463944435119629,nan,nan
kmnist,topk_softmax_025,7,27,0.09642506390810013,0.9553333333333334,0.9554524494500146,0.14762882019082704,0.25999999046325684,2.4567929108937583,nan,nan
kmnist,topk_softmax_025,7,28,0.0934748500585556,0.9545,0.9546315356528693,0.15267213837554058,0.25999999046325684,2.459111968676249,nan,nan
kmnist,topk_softmax_025,7,29,0.09169905632734299,0.9599166666666666,0.9600358368544949,0.1350513215487202,0.25999999046325684,2.4555405974388123,nan,nan
kmnist,topk_softmax_025,8,0,1.79659104347229,0.6226666666666667,0.6188080362263546,1.1110791911681492,0.25999999046325684,2.5472684701283774,nan,nan
kmnist,topk_softmax_025,8,1,0.9099363684654236,0.7815,0.7809529586847138,0.6924834450085958,0.25999999046325684,2.5316343853871026,nan,nan
kmnist,topk_softmax_025,8,2,0.6415954828262329,0.8339166666666666,0.8333823920738324,0.5189672087629636,0.25999999046325684,2.519268865386645,nan,nan
kmnist,topk_softmax_025,8,3,0.5115712881088257,0.8624166666666667,0.8621025976967956,0.4248448337117831,0.25999999046325684,2.511032854517301,nan,nan
kmnist,topk_softmax_025,8,4,0.4269808232784271,0.8749166666666667,0.8751173038040474,0.3843713191648324,0.25999999046325684,2.50605608522892,nan,nan
kmnist,topk_softmax_025,8,5,0.3738555908203125,0.8901666666666667,0.8900789033372692,0.34434250245491665,0.25999999046325684,2.4990582714478173,nan,nan
kmnist,topk_softmax_025,8,6,0.3337525427341461,0.9010833333333333,0.9002996856631892,0.3031051103025675,0.25999999046325684,2.492241248488426,nan,nan
kmnist,topk_softmax_025,8,7,0.3013586103916168,0.91575,0.9154383211604207,0.2647253945469856,0.25999999046325684,2.4859952429930368,nan,nan
kmnist,topk_softmax_025,8,8,0.2673671841621399,0.9184166666666667,0.9179947085474005,0.25315825330714387,0.25999999046325684,2.4865769296884537,nan,nan
kmnist,topk_softmax_025,8,9,0.25178441405296326,0.9254166666666667,0.9252697793460157,0.23511873744428158,0.25999999046325684,2.478981072703997,nan,nan
kmnist,topk_softmax_025,8,10,0.23217807710170746,0.9261666666666667,0.9260359696852929,0.2274473818639914,0.25999999046325684,2.4780649741490683,nan,nan
kmnist,topk_softmax_025,8,11,0.21548226475715637,0.9283333333333333,0.9277381073304835,0.22824236564338207,0.25999999046325684,2.4757728576660156,nan,nan
kmnist,topk_softmax_025,8,12,0.20871031284332275,0.93825,0.9381749384373463,0.19662858732044697,0.25999999046325684,2.4760581155618033,nan,nan
kmnist,topk_softmax_025,8,13,0.18833217024803162,0.9371666666666667,0.9369239489506903,0.2005100833872954,0.25999999046325684,2.4764203826586404,nan,nan
kmnist,topk_softmax_025,8,14,0.1791839748620987,0.94075,0.940673411914229,0.1834878046065569,0.25999999046325684,2.4692718187967935,nan,nan
kmnist,topk_softmax_025,8,15,0.1686634123325348,0.9438333333333333,0.9436256114522028,0.1804874079922835,0.25999999046325684,2.4700071016947427,nan,nan
kmnist,topk_softmax_025,8,16,0.1607009470462799,0.9474166666666667,0.9472665686879527,0.1761455467591683,0.25999999046325684,2.4666249503691993,nan,nan
kmnist,topk_softmax_025,8,17,0.15063445270061493,0.9478333333333333,0.9477167238773493,0.17030825869490704,0.25999999046325684,2.466395065188408,nan,nan
kmnist,topk_softmax_025,8,18,0.14584656059741974,0.94775,0.9477031484319719,0.16554581901679435,0.25999999046325684,2.461753234267235,nan,nan
kmnist,topk_softmax_025,8,19,0.13372217118740082,0.9495833333333333,0.9494071867266667,0.1666095731779933,0.25999999046325684,2.4618428448836007,nan,nan
kmnist,topk_softmax_025,8,20,0.1292920559644699,0.95,0.9499804201223743,0.1586528386299809,0.25999999046325684,2.4588626275459924,nan,nan
kmnist,topk_softmax_025,8,21,0.12603524327278137,0.9538333333333333,0.9537019619832596,0.15447614310930172,0.25999999046325684,2.459470128019651,nan,nan
kmnist,topk_softmax_025,8,22,0.12216046452522278,0.9571666666666667,0.9570295432074747,0.14382336661219597,0.25999999046325684,2.4558565467596054,nan,nan
kmnist,topk_softmax_025,8,23,0.11225442588329315,0.9530833333333333,0.9529651706620775,0.15089487346510091,0.25999999046325684,2.457372024655342,nan,nan
kmnist,topk_softmax_025,8,24,0.11044475436210632,0.9576666666666667,0.9574392158063899,0.13927925626436868,0.25999999046325684,2.458251262704531,nan,nan
kmnist,topk_softmax_025,8,25,0.10208984464406967,0.9566666666666667,0.9565077528994672,0.14134300841639438,0.25999999046325684,2.4549722025791803,nan,nan
kmnist,topk_softmax_025,8,26,0.09912743419408798,0.9561666666666667,0.9561376375769631,0.152349343833824,0.25999999046325684,2.453980421026548,nan,nan
kmnist,topk_softmax_025,8,27,0.09560759365558624,0.9583333333333334,0.9582501866729786,0.13780599801490703,0.25999999046325684,2.453558534383774,nan,nan
kmnist,topk_softmax_025,8,28,0.0883471891283989,0.958,0.9578609211822015,0.14446522140254578,0.25999999046325684,2.4547430823246636,nan,nan
kmnist,topk_softmax_025,8,29,0.08439210057258606,0.9595833333333333,0.9594642238035785,0.14415441857029995,0.25999999046325684,2.4489714999993644,nan,nan
kmnist,topk_softmax_025,9,0,1.823183536529541,0.6254166666666666,0.6241351170820351,1.1392288655042648,0.25999999046325684,2.5423370947440467,nan,nan
kmnist,topk_softmax_025,9,1,0.9316929578781128,0.75425,0.7582672500920014,0.7617567181587219,0.25999999046325684,2.533010239402453,nan,nan
kmnist,topk_softmax_025,9,2,0.6434852480888367,0.83225,0.8336827563939844,0.5268671164909998,0.25999999046325684,2.5280919720729194,nan,nan
kmnist,topk_softmax_025,9,3,0.5020367503166199,0.8554166666666667,0.856886396842604,0.44142922510703403,0.25999999046325684,2.5223744064569473,nan,nan
kmnist,topk_softmax_025,9,4,0.4244301915168762,0.8779166666666667,0.8786006527931466,0.3741082226236661,0.25999999046325684,2.5156924426555634,nan,nan
kmnist,topk_softmax_025,9,5,0.3640393018722534,0.8938333333333334,0.8944703171854556,0.3311507428685824,0.25999999046325684,2.516745309034983,nan,nan
kmnist,topk_softmax_025,9,6,0.32144519686698914,0.9013333333333333,0.901615512383793,0.3091091178357601,0.25999999046325684,2.511012847224871,nan,nan
kmnist,topk_softmax_025,9,7,0.29160258173942566,0.9151666666666667,0.9155885902320857,0.26929405331611633,0.25999999046325684,2.5045414368311563,nan,nan
kmnist,topk_softmax_025,9,8,0.2587561309337616,0.9235833333333333,0.9238437577776928,0.24460719898343086,0.25999999046325684,2.5034919728835425,nan,nan
kmnist,topk_softmax_025,9,9,0.24249432981014252,0.91925,0.9196942117401642,0.25348639239867526,0.25999999046325684,2.498535300294558,nan,nan
kmnist,topk_softmax_025,9,10,0.22501897811889648,0.9231666666666667,0.9232719224784389,0.23663447486857572,0.25999999046325684,2.497809022665024,nan,nan
kmnist,topk_softmax_025,9,11,0.21186424791812897,0.9333333333333333,0.9336279095831518,0.21251248382031918,0.25999999046325684,2.493555709719658,nan,nan
kmnist,topk_softmax_025,9,12,0.19730694591999054,0.94075,0.9410432461096505,0.19598605607946715,0.25999999046325684,2.486720303694407,nan,nan
kmnist,topk_softmax_025,9,13,0.18166886270046234,0.9404166666666667,0.9406730313798473,0.19050642723838487,0.25999999046325684,2.489388197660446,nan,nan
kmnist,topk_softmax_025,9,14,0.16242119669914246,0.9420833333333334,0.9424612081366648,0.1831486194084088,0.25999999046325684,2.489047492543856,nan,nan
kmnist,topk_softmax_025,9,15,0.1607745736837387,0.9365,0.9365780849513715,0.20202329692741236,0.25999999046325684,2.484345788757006,nan,nan
kmnist,topk_softmax_025,9,16,0.1536894142627716,0.9426666666666667,0.9431018055643469,0.1884104385972023,0.25999999046325684,2.4829774846633277,nan,nan
kmnist,topk_softmax_025,9,17,0.14471690356731415,0.9465833333333333,0.9468069244486912,0.1707544873158137,0.25999999046325684,2.482897996902466,nan,nan
kmnist,topk_softmax_025,9,18,0.13859568536281586,0.9493333333333334,0.9495140996351491,0.16090066327402988,0.25999999046325684,2.4796616584062576,nan,nan
kmnist,topk_softmax_025,9,19,0.12727849185466766,0.9509166666666666,0.9511405452394731,0.1629913244396448,0.25999999046325684,2.4781616826852164,nan,nan
kmnist,topk_softmax_025,9,20,0.12113665789365768,0.94975,0.950145097250594,0.16829919659843048,0.25999999046325684,2.4729687670866647,nan,nan
kmnist,topk_softmax_025,9,21,0.11601725965738297,0.9553333333333334,0.9556414891391289,0.15148181157807508,0.25999999046325684,2.4729751646518707,nan,nan
kmnist,topk_softmax_025,9,22,0.10731291770935059,0.9521666666666667,0.952456675919969,0.1583634583900372,0.25999999046325684,2.474033613999685,nan,nan
kmnist,topk_softmax_025,9,23,0.10630279779434204,0.9551666666666667,0.9554130322251682,0.15280727266023555,0.25999999046325684,2.472794011235237,nan,nan
kmnist,topk_softmax_025,9,24,0.10428847372531891,0.9546666666666667,0.9548024854207172,0.15153739787638187,0.25999999046325684,2.4700507819652557,nan,nan
kmnist,topk_softmax_025,9,25,0.09456400573253632,0.9569166666666666,0.9571208044062663,0.14621090237051249,0.25999999046325684,2.4729668498039246,nan,nan
kmnist,topk_softmax_025,9,26,0.09544291347265244,0.9571666666666667,0.9573334458066116,0.15222935751080513,0.25999999046325684,2.467261110742887,nan,nan
kmnist,topk_softmax_025,9,27,0.08834660053253174,0.9558333333333333,0.9560327282484172,0.1487435388068358,0.25999999046325684,2.4664553801218667,nan,nan
kmnist,topk_softmax_025,9,28,0.08326952159404755,0.9584166666666667,0.958571504990403,0.15022191467384496,0.25999999046325684,2.4691442400217056,nan,nan
kmnist,topk_softmax_025,9,29,0.07912266999483109,0.9545,0.9546480821868062,0.15572048102815947,0.25999999046325684,2.46348146100839,nan,nan
kmnist,topk_softmax_05,0,0,1.912678599357605,0.5429166666666667,0.5393820223488965,1.3005144496758778,0.5,3.1820395986239114,nan,nan
kmnist,topk_softmax_05,0,1,0.9989543557167053,0.7618333333333334,0.7653917697188004,0.7543985694646835,0.5,3.184906249245008,nan,nan
kmnist,topk_softmax_05,0,2,0.6902574300765991,0.8223333333333334,0.8226364347286544,0.5608102815846602,0.5,3.181954860687256,nan,nan
kmnist,topk_softmax_05,0,3,0.5603352785110474,0.84325,0.8437207683276228,0.4913596796492736,0.5,3.1779714773098626,nan,nan
kmnist,topk_softmax_05,0,4,0.47810760140419006,0.8661666666666666,0.8666427508611431,0.41719333082437515,0.5,3.177062431971232,nan,nan
kmnist,topk_softmax_05,0,5,0.40573620796203613,0.8879166666666667,0.8884365138052038,0.35007262602448463,0.5,3.173531492551168,nan,nan
kmnist,topk_softmax_05,0,6,0.3586142361164093,0.8903333333333333,0.8907343079139423,0.3370633547504743,0.5,3.1676453948020935,nan,nan
kmnist,topk_softmax_05,0,7,0.3161294162273407,0.8971666666666667,0.8975257561108538,0.3121210957566897,0.5,3.1617034524679184,nan,nan
kmnist,topk_softmax_05,0,8,0.29318001866340637,0.9163333333333333,0.9167169865189194,0.257836223890384,0.5,3.1549097895622253,nan,nan
kmnist,topk_softmax_05,0,9,0.2581011652946472,0.918,0.9178770631631913,0.2545101158320904,0.5,3.1493956993023553,nan,nan
kmnist,topk_softmax_05,0,10,0.24440154433250427,0.9295,0.9299336318679504,0.2243522418042024,0.5,3.1478496938943863,nan,nan
kmnist,topk_softmax_05,0,11,0.22467060387134552,0.9314166666666667,0.9317957026726298,0.21414201644559702,0.5,3.1434747328360877,nan,nan
kmnist,topk_softmax_05,0,12,0.20425763726234436,0.9368333333333333,0.9370026302134657,0.19840009013811746,0.5,3.1409838596979776,nan,nan
kmnist,topk_softmax_05,0,13,0.193454772233963,0.93175,0.9319953031840937,0.20550053007900715,0.5,3.133986776073774,nan,nan
kmnist,topk_softmax_05,0,14,0.1810327023267746,0.93975,0.9398540009239648,0.1927458687374989,0.5,3.132974793513616,nan,nan
kmnist,topk_softmax_05,0,15,0.1692008674144745,0.94525,0.9454309614637204,0.1726665279517571,0.5,3.1325957973798118,nan,nan
kmnist,topk_softmax_05,0,16,0.16460421681404114,0.9443333333333334,0.9444848209030688,0.1780721123019854,0.5,3.127460330724716,nan,nan
kmnist,topk_softmax_05,0,17,0.1535107046365738,0.9485833333333333,0.9487178038530732,0.16730535527070364,0.5,3.1240343848864236,nan,nan
kmnist,topk_softmax_05,0,18,0.14357925951480865,0.95325,0.9533779060194023,0.14868870719025531,0.5,3.1233421166737876,nan,nan
kmnist,topk_softmax_05,0,19,0.1349083036184311,0.9549166666666666,0.9550379013396239,0.14616026698301235,0.5,3.12246103088061,nan,nan
kmnist,topk_softmax_05,0,20,0.12587274610996246,0.9503333333333334,0.9505935304841877,0.15963276817152897,0.5,3.118868798017502,nan,nan
kmnist,topk_softmax_05,0,21,0.12013531476259232,0.954,0.9539773380115321,0.14564386258522669,0.5,3.114478518565496,nan,nan
kmnist,topk_softmax_05,0,22,0.11703090369701385,0.9560833333333333,0.9561749504926583,0.14333970192819834,0.5,3.1134845664103827,nan,nan
kmnist,topk_softmax_05,0,23,0.11067506670951843,0.9566666666666667,0.9567685720181389,0.14169376095136008,0.5,3.1125010003646216,nan,nan
kmnist,topk_softmax_05,0,24,0.10872230678796768,0.9553333333333334,0.9554081279832456,0.13982612111916146,0.5,3.1106942147016525,nan,nan
kmnist,topk_softmax_05,0,25,0.10200465470552444,0.9566666666666667,0.9566070512826658,0.13821585662662983,0.5,3.1036379486322403,nan,nan
kmnist,topk_softmax_05,0,26,0.09873969107866287,0.95825,0.9582846355316228,0.13559580439080796,0.5,3.103669057289759,nan,nan
kmnist,topk_softmax_05,0,27,0.09386895596981049,0.963,0.9630666367509259,0.12532359641045332,0.5,3.1018193612496057,nan,nan
kmnist,topk_softmax_05,0,28,0.09039371460676193,0.9605,0.960527399595487,0.12849307681123415,0.5,3.100587119658788,nan,nan
kmnist,topk_softmax_05,0,29,0.09101344645023346,0.9604166666666667,0.9604927753767785,0.1314797947804133,0.5,3.1017001221577325,nan,nan
kmnist,topk_softmax_05,1,0,1.8101228475570679,0.6056666666666667,0.595114758219529,1.1642147948344548,0.5,3.1936448315779367,nan,nan
kmnist,topk_softmax_05,1,1,0.9760388731956482,0.74225,0.7424115001762308,0.7858423093954722,0.5,3.1780622601509094,nan,nan
kmnist,topk_softmax_05,1,2,0.7317498922348022,0.8195,0.8203341654369571,0.573514636605978,0.5,3.1490031480789185,nan,nan
kmnist,topk_softmax_05,1,3,0.5710462927818298,0.84375,0.8444400931107081,0.4837239198386669,0.5,3.131043493747711,nan,nan
kmnist,topk_softmax_05,1,4,0.4921743869781494,0.8711666666666666,0.8720708638159229,0.40318354095021885,0.5,3.1249799927075705,nan,nan
kmnist,topk_softmax_05,1,5,0.4314572215080261,0.8793333333333333,0.8796397619649557,0.3817321831981341,0.5,3.1119422912597656,nan,nan
kmnist,topk_softmax_05,1,6,0.3779445290565491,0.893,0.8935025002406958,0.33902131393551826,0.5,3.10445074737072,nan,nan
kmnist,topk_softmax_05,1,7,0.34221404790878296,0.9078333333333334,0.908043442191915,0.2882178394744794,0.5,3.0999094396829605,nan,nan
kmnist,topk_softmax_05,1,8,0.3053637742996216,0.9156666666666666,0.9157294726631118,0.26991258685787517,0.5,3.0980910062789917,nan,nan
kmnist,topk_softmax_05,1,9,0.28755852580070496,0.9131666666666667,0.9130275506840478,0.2640302075694005,0.5,3.0944648732741675,nan,nan
kmnist,topk_softmax_05,1,10,0.2585635781288147,0.92425,0.9246819273155152,0.2384192757308483,0.5,3.094612499078115,nan,nan
kmnist,topk_softmax_05,1,11,0.2404128462076187,0.9295833333333333,0.9297264608749124,0.22486169015367827,0.5,3.0883928487698236,nan,nan
kmnist,topk_softmax_05,1,12,0.23146463930606842,0.9323333333333333,0.9326223170078538,0.21147308871150017,0.5,3.0876979579528174,nan,nan
kmnist,topk_softmax_05,1,13,0.21435010433197021,0.9320833333333334,0.9323751310685504,0.21376069635152817,0.5,3.0849772741397223,nan,nan
kmnist,topk_softmax_05,1,14,0.20487171411514282,0.9394166666666667,0.9395979472988211,0.19234186286727586,0.5,3.0837168097496033,nan,nan
kmnist,topk_softmax_05,1,15,0.19386306405067444,0.9385,0.9384682276009222,0.19687150356670222,0.5,3.0845266381899514,nan,nan
kmnist,topk_softmax_05,1,16,0.1811106652021408,0.9394166666666667,0.9395241862850657,0.1875951743374268,0.5,3.0843582501014075,nan,nan
kmnist,topk_softmax_05,1,17,0.17212091386318207,0.9438333333333333,0.9439869494267061,0.17203475007166466,0.5,3.0856094111998877,nan,nan
kmnist,topk_softmax_05,1,18,0.167196586728096,0.9419166666666666,0.9420396836567013,0.1888908420999845,0.5,3.085583041111628,nan,nan
kmnist,topk_softmax_05,1,19,0.15721102058887482,0.9458333333333333,0.9458345108152706,0.1668607077250878,0.5,3.08199971417586,nan,nan
kmnist,topk_softmax_05,1,20,0.14477390050888062,0.9461666666666667,0.9462296085149033,0.16948980403443178,0.5,3.082841232419014,nan,nan
kmnist,topk_softmax_05,1,21,0.14457811415195465,0.9506666666666667,0.9508208850299003,0.16118392441421747,0.5,3.078724513451258,nan,nan
kmnist,topk_softmax_05,1,22,0.1312759816646576,0.9513333333333334,0.9514907705443656,0.1574260164052248,0.5,3.0832282851139703,nan,nan
kmnist,topk_softmax_05,1,23,0.13109846413135529,0.9504166666666667,0.9504586636009347,0.16540611318002144,0.5,3.081906025608381,nan,nan
kmnist,topk_softmax_05,1,24,0.12061255425214767,0.95475,0.9547860900068329,0.14513501276572546,0.5,3.0798727522293725,nan,nan
kmnist,topk_softmax_05,1,25,0.12026330083608627,0.9525,0.9526604180457896,0.16032440370569626,0.5,3.0792876531680426,nan,nan
kmnist,topk_softmax_05,1,26,0.11752290278673172,0.95425,0.9544469877997326,0.1420765584334731,0.5,3.0735377122958503,nan,nan
kmnist,topk_softmax_05,1,27,0.10671652853488922,0.9575,0.9575875490132241,0.1389955117677649,0.5,3.0748255252838135,nan,nan
kmnist,topk_softmax_05,1,28,0.10417989641427994,0.9551666666666667,0.9552222396706563,0.14772333794583878,0.5,3.0725062042474747,nan,nan
kmnist,topk_softmax_05,1,29,0.1030365601181984,0.9583333333333334,0.9584636317757708,0.13946371587614217,0.5,3.073755979537964,nan,nan
kmnist,topk_softmax_05,2,0,1.8928048610687256,0.5649166666666666,0.5573876022066164,1.2739258060852687,0.5,3.1812506268421807,nan,nan
kmnist,topk_softmax_05,2,1,1.0056273937225342,0.74425,0.7455932271604457,0.7948175892233849,0.5,3.1801164795955024,nan,nan
kmnist,topk_softmax_05,2,2,0.6881215572357178,0.81925,0.8192688611349576,0.5783089647690455,0.5,3.174995332956314,nan,nan
kmnist,topk_softmax_05,2,3,0.5519396066665649,0.8608333333333333,0.8614071330394028,0.4510272145271301,0.5,3.175529196858406,nan,nan
kmnist,topk_softmax_05,2,4,0.460247278213501,0.87475,0.8746592094067301,0.3985101245343685,0.5,3.165119061867396,nan,nan
kmnist,topk_softmax_05,2,5,0.4068227708339691,0.8913333333333333,0.8915787670679437,0.3468763331572215,0.5,3.1587871511777244,nan,nan
kmnist,topk_softmax_05,2,6,0.35376471281051636,0.88725,0.8886748030708814,0.35406168053547543,0.5,3.154463013013204,nan,nan
kmnist,topk_softmax_05,2,7,0.31493812799453735,0.9039166666666667,0.9040064649256363,0.2987385851641496,0.5,3.1506920804580054,nan,nan
kmnist,topk_softmax_05,2,8,0.2803167998790741,0.9095,0.909951663835208,0.29024639415244263,0.5,3.146359235048294,nan,nan
kmnist,topk_softmax_05,2,9,0.26057249307632446,0.9213333333333333,0.9214646760882298,0.2572636989255746,0.5,3.140510415037473,nan,nan
kmnist,topk_softmax_05,2,10,0.24025124311447144,0.9166666666666666,0.9170100737627103,0.270140390843153,0.5,3.1344870030879974,nan,nan
kmnist,topk_softmax_05,2,11,0.2263641655445099,0.9223333333333333,0.9234500693985901,0.24406575846175352,0.5,3.13053922355175,nan,nan
kmnist,topk_softmax_05,2,12,0.21022647619247437,0.93325,0.9334426548865149,0.2168829801181952,0.5,3.1291087567806244,nan,nan
kmnist,topk_softmax_05,2,13,0.19488652050495148,0.9361666666666667,0.9364763007522215,0.20687806668380895,0.5,3.1261812150478363,nan,nan
kmnist,topk_softmax_05,2,14,0.18376827239990234,0.9379166666666666,0.938246698163586,0.2037141341716051,0.5,3.1218953679005303,nan,nan
kmnist,topk_softmax_05,2,15,0.17526108026504517,0.9395,0.9393082193356046,0.19577528412143388,0.5,3.1210120220979056,nan,nan
kmnist,topk_softmax_05,2,16,0.16129639744758606,0.9418333333333333,0.9421073828425239,0.18739669397473335,0.5,3.1172490616639457,nan,nan
kmnist,topk_softmax_05,2,17,0.15646803379058838,0.9455833333333333,0.9459203297414426,0.17530839145183563,0.5,3.1180117229620614,nan,nan
kmnist,topk_softmax_05,2,18,0.14783211052417755,0.9469166666666666,0.9471863018780446,0.1789638316258788,0.5,3.12065152823925,nan,nan
kmnist,topk_softmax_05,2,19,0.1395147442817688,0.9484166666666667,0.9486076179846904,0.17154546920210123,0.5,3.117937276760737,nan,nan
kmnist,topk_softmax_05,2,20,0.13089588284492493,0.9456666666666667,0.9459860761505666,0.17904722162832817,0.5,3.1104457328716912,nan,nan
kmnist,topk_softmax_05,2,21,0.12522131204605103,0.9486666666666667,0.9485956999978191,0.1698620840907097,0.5,3.1104308714469275,nan,nan
kmnist,topk_softmax_05,2,22,0.12529678642749786,0.9510833333333333,0.951229842796519,0.16785314803322157,0.5,3.1032196432352066,nan,nan
kmnist,topk_softmax_05,2,23,0.10738248378038406,0.9545,0.9546943487016687,0.15944536433865628,0.5,3.1029845227797828,nan,nan
kmnist,topk_softmax_05,2,24,0.11402787268161774,0.9541666666666667,0.9544875360856213,0.16125590167939663,0.5,3.1054973055919013,nan,nan
kmnist,topk_softmax_05,2,25,0.1031225323677063,0.9553333333333334,0.9554852517615817,0.1549325119704008,0.5,3.107287665208181,nan,nan
kmnist,topk_softmax_05,2,26,0.10258135944604874,0.9570833333333333,0.9572024610794285,0.15454294563581547,0.5,3.1024671842654548,nan,nan
kmnist,topk_softmax_05,2,27,0.09421775490045547,0.9574166666666667,0.9575485282835933,0.14820257015526295,0.5,3.0985169261693954,nan,nan
kmnist,topk_softmax_05,2,28,0.09114711731672287,0.9564166666666667,0.9565557985471631,0.15555214167883,0.5,3.097803016503652,nan,nan
kmnist,topk_softmax_05,2,29,0.09105455875396729,0.9533333333333334,0.9534807056382896,0.16191970463842154,0.5,3.094807823499044,nan,nan
kmnist,topk_softmax_05,3,0,1.8902997970581055,0.5545,0.5607166383642099,1.3150009612242382,0.5,3.202626829346021,nan,nan
kmnist,topk_softmax_05,3,1,1.0394316911697388,0.7499166666666667,0.7506077376089266,0.781506173312664,0.5,3.1977118899424872,nan,nan
kmnist,topk_softmax_05,3,2,0.6950832009315491,0.8045,0.8055591712586085,0.5994701012969017,0.5,3.1878418922424316,nan,nan
kmnist,topk_softmax_05,3,3,0.555921196937561,0.8425833333333334,0.8420935871545261,0.5000910523037115,0.5,3.177127386132876,nan,nan
kmnist,topk_softmax_05,3,4,0.4789949357509613,0.8645833333333334,0.8645292624935339,0.4245138255258401,0.5,3.1672776490449905,nan,nan
kmnist,topk_softmax_05,3,5,0.4150301516056061,0.8829166666666667,0.8829350569568891,0.3672476187348366,0.5,3.159544989466667,nan,nan
kmnist,topk_softmax_05,3,6,0.3586404025554657,0.9041666666666667,0.9043159019885314,0.30816276868184406,0.5,3.151791865626971,nan,nan
kmnist,topk_softmax_05,3,7,0.31647053360939026,0.9145833333333333,0.9149196746395611,0.27546477255721885,0.5,3.1423617800076804,nan,nan
kmnist,topk_softmax_05,3,8,0.2816729247570038,0.9153333333333333,0.9158839388105193,0.2699127259353797,0.5,3.131807694832484,nan,nan
kmnist,topk_softmax_05,3,9,0.25633373856544495,0.9225,0.9222325125581987,0.24702872956792513,0.5,3.130702589948972,nan,nan
kmnist,topk_softmax_05,3,10,0.23857371509075165,0.9220833333333334,0.9223629779412358,0.2526577233026425,0.5,3.13119637966156,nan,nan
kmnist,topk_softmax_05,3,11,0.2183896005153656,0.9364166666666667,0.9365306940836422,0.20516403516133627,0.5,3.125719333688418,nan,nan
kmnist,topk_softmax_05,3,12,0.20230716466903687,0.9391666666666667,0.9391513027397874,0.20001214742660522,0.5,3.1231359392404556,nan,nan
kmnist,topk_softmax_05,3,13,0.19065767526626587,0.9355,0.9353908266175006,0.19773806631565094,0.5,3.122090528408686,nan,nan
kmnist,topk_softmax_05,3,14,0.17481519281864166,0.94275,0.9426190628262905,0.1840149580190579,0.5,3.118669778108597,nan,nan
kmnist,topk_softmax_05,3,15,0.17083612084388733,0.9425,0.942537604934533,0.1903904111435016,0.5,3.1145494927962623,nan,nan
kmnist,topk_softmax_05,3,16,0.1570930778980255,0.9488333333333333,0.9489043182388436,0.16307120366642872,0.5,3.11446542541186,nan,nan
kmnist,topk_softmax_05,3,17,0.14796216785907745,0.9540833333333333,0.9540239011050856,0.1523596066981554,0.5,3.1127618153889975,nan,nan
kmnist,topk_softmax_05,3,18,0.13518722355365753,0.9508333333333333,0.9508089894889353,0.15683617629110813,0.5,3.110884428024292,nan,nan
kmnist,topk_softmax_05,3,19,0.13203969597816467,0.95275,0.9527529664944853,0.15175095604111752,0.5,3.1110278914372125,nan,nan
kmnist,topk_softmax_05,3,20,0.1259106546640396,0.9555833333333333,0.9555853689736548,0.14379189380755028,0.5,3.1061075081427894,nan,nan
kmnist,topk_softmax_05,3,21,0.1186220571398735,0.9530833333333333,0.9529726249119941,0.1505652911340197,0.5,3.106128752231598,nan,nan
kmnist,topk_softmax_05,3,22,0.11021385341882706,0.96025,0.9602352131330475,0.13253424347688755,0.5,3.1043605556090674,nan,nan
kmnist,topk_softmax_05,3,23,0.10580223798751831,0.95975,0.9596833723915716,0.13903816603124142,0.5,3.098942125837008,nan,nan
kmnist,topk_softmax_05,3,24,0.10148400813341141,0.95975,0.9597747657307902,0.1435151764502128,0.5,3.094133491317431,nan,nan
kmnist,topk_softmax_05,3,25,0.09544458240270615,0.9605,0.9604501421855455,0.1287378342822194,0.5,3.0939813603957496,nan,nan
kmnist,topk_softmax_05,3,26,0.09275619685649872,0.9573333333333334,0.9572940411997681,0.1385695201655229,0.5,3.096561312675476,nan,nan
kmnist,topk_softmax_05,3,27,0.09156385809183121,0.9615833333333333,0.9617235067543785,0.12612326815724373,0.5,3.0909449259440103,nan,nan
kmnist,topk_softmax_05,3,28,0.08663086593151093,0.9621666666666666,0.9622563833205714,0.12573053346325955,0.5,3.0961042443911233,nan,nan
kmnist,topk_softmax_05,3,29,0.0789545476436615,0.9609166666666666,0.9609575426282587,0.13050404035796723,0.5,3.0979316433270774,nan,nan
kmnist,topk_softmax_05,4,0,1.9468119144439697,0.5554166666666667,0.5482240695284268,1.305035263299942,0.5,3.1952495773633323,nan,nan
kmnist,topk_softmax_05,4,1,1.0037249326705933,0.7530833333333333,0.7534313611565826,0.760711687306563,0.5,3.1856623540321984,nan,nan
kmnist,topk_softmax_05,4,2,0.6970505118370056,0.8183333333333334,0.8192993447247527,0.56812534481287,0.5,3.1660021940867105,nan,nan
kmnist,topk_softmax_05,4,3,0.5687501430511475,0.8485,0.848954664562027,0.49284881850083667,0.5,3.150406469901403,nan,nan
kmnist,topk_softmax_05,4,4,0.4737461805343628,0.8748333333333334,0.874165118379391,0.39666453500588733,0.49999998323619366,3.143617411454519,nan,nan
kmnist,topk_softmax_05,4,5,0.4055306315422058,0.8899166666666667,0.8899915045822716,0.34786491592725116,0.49999988203247386,3.139462858438492,nan,nan
kmnist,topk_softmax_05,4,6,0.35451075434684753,0.8954166666666666,0.8957965110719023,0.3188765998929739,0.4999984633177519,3.128988578915596,nan,nan
kmnist,topk_softmax_05,4,7,0.313212513923645,0.9110833333333334,0.9114151019160517,0.27760862683256465,0.4999933422853549,3.1185018718242645,nan,nan
kmnist,topk_softmax_05,4,8,0.28222963213920593,0.91575,0.915491839677635,0.27092140167951584,0.49998414143919945,3.113049194216728,nan,nan
kmnist,topk_softmax_05,4,9,0.2615297734737396,0.925,0.9248342024968533,0.2413215208798647,0.49998598483701545,3.1019081523021064,nan,nan
kmnist,topk_softmax_05,4,10,0.23626428842544556,0.9341666666666667,0.9340165390024158,0.21604519275327524,0.49998723280926544,3.0940878689289093,nan,nan
kmnist,topk_softmax_05,4,11,0.22163082659244537,0.9370833333333334,0.9371238755003531,0.20524382839600244,0.499979792162776,3.0805642108122506,nan,nan
kmnist,topk_softmax_05,4,12,0.2012244462966919,0.93825,0.9382300641218373,0.19759509774545828,0.499987851207455,3.081850881377856,nan,nan
kmnist,topk_softmax_05,4,13,0.18786188960075378,0.94525,0.9452088327423283,0.1774948469052712,0.4999919682741165,3.078419864177704,nan,nan
kmnist,topk_softmax_05,4,14,0.17587706446647644,0.941,0.9409411704402297,0.19039730789760748,0.4999866591145595,3.070492669939995,nan,nan
kmnist,topk_softmax_05,4,15,0.16711919009685516,0.9445,0.9444088032779467,0.17565197590738535,0.4999958463013172,3.0714596261580787,nan,nan
kmnist,topk_softmax_05,4,16,0.1563633233308792,0.9505833333333333,0.9504584799529502,0.16351487891127667,0.49999693036079407,3.0696922888358436,nan,nan
kmnist,topk_softmax_05,4,17,0.14726486802101135,0.944,0.9439943837034012,0.1813429513325294,0.4999931914110978,3.0608914494514465,nan,nan
kmnist,topk_softmax_05,4,18,0.14438962936401367,0.9429166666666666,0.9429039108762021,0.1778046221782764,0.4999851584434509,3.0544007072846093,nan,nan
kmnist,topk_softmax_05,4,19,0.1325754076242447,0.95025,0.9500706715087304,0.1589407048498591,0.4999983397622903,3.059258903066317,nan,nan
kmnist,topk_softmax_05,4,20,0.12258830666542053,0.9563333333333334,0.9563337188922238,0.14534986422707638,0.4999955010910829,3.057445779442787,nan,nan
kmnist,topk_softmax_05,4,21,0.1227010115981102,0.9540833333333333,0.9539848185070365,0.149897295050323,0.4999967993547519,3.0527891914049783,nan,nan
kmnist,topk_softmax_05,4,22,0.11652291566133499,0.9545,0.9544095898989828,0.1471482009316484,0.49999603008230525,3.047717700401942,nan,nan
kmnist,topk_softmax_05,4,23,0.11298582702875137,0.9526666666666667,0.9525660966294289,0.15565149920682111,0.499995240320762,3.0503138452768326,nan,nan
kmnist,topk_softmax_05,4,24,0.10481652617454529,0.9599166666666666,0.95986487578648,0.13025312342991432,0.4999984782189131,3.0535613546768823,nan,nan
kmnist,topk_softmax_05,4,25,0.10210924595594406,0.95575,0.9557237699794033,0.1493525387098392,0.49999923321108025,3.05177740752697,nan,nan
kmnist,topk_softmax_05,4,26,0.09742787480354309,0.9544166666666667,0.9544406071812623,0.14850072748959064,0.4999992214143276,3.0474290003379187,nan,nan
kmnist,topk_softmax_05,4,27,0.09691126644611359,0.9570833333333333,0.9569555837260528,0.14534657634794712,0.4999994542449713,3.044639656941096,nan,nan
kmnist,topk_softmax_05,4,28,0.09003803133964539,0.9601666666666666,0.9600775370530462,0.13191756575057903,0.4999990121771892,3.045512249072393,nan,nan
kmnist,topk_softmax_05,4,29,0.08587565273046494,0.9635833333333333,0.963428873772024,0.12515180185437202,0.49999795357386273,3.04045162598292,nan,nan
kmnist,topk_softmax_05,5,0,1.7752224206924438,0.6026666666666667,0.5939785973885401,1.1952519019444783,0.5,3.181611478328705,nan,nan
kmnist,topk_softmax_05,5,1,0.9369713664054871,0.7795833333333333,0.7782644894106763,0.6969072471062342,0.5,3.179802159468333,nan,nan
kmnist,topk_softmax_05,5,2,0.6689671874046326,0.8234166666666667,0.8222876853701651,0.5513333852092425,0.5,3.1667701651652655,nan,nan
kmnist,topk_softmax_05,5,3,0.5569100379943848,0.8443333333333334,0.8434832568442217,0.4880799862245719,0.5,3.15450182557106,nan,nan
kmnist,topk_softmax_05,5,4,0.480461061000824,0.8595833333333334,0.8598050466462144,0.4327951520681381,0.5,3.1428298304478326,nan,nan
kmnist,topk_softmax_05,5,5,0.4255942404270172,0.8784166666666666,0.8780699869460132,0.3809094453851382,0.5,3.131535271803538,nan,nan
kmnist,topk_softmax_05,5,6,0.3774646818637848,0.8901666666666667,0.8893219042923602,0.3453854024410248,0.5,3.122187132636706,nan,nan
kmnist,topk_softmax_05,5,7,0.3375283479690552,0.9006666666666666,0.9002585380346313,0.30990829194585484,0.5,3.1073243618011475,nan,nan
kmnist,topk_softmax_05,5,8,0.3058073818683624,0.9056666666666666,0.9053173202880247,0.29638187897702056,0.5,3.0953212082386017,nan,nan
kmnist,topk_softmax_05,5,9,0.2867099344730377,0.9154166666666667,0.9148377823345699,0.26939827886720497,0.5,3.0786134153604507,nan,nan
kmnist,topk_softmax_05,5,10,0.26474857330322266,0.9241666666666667,0.9239713169105908,0.24132337172826132,0.5,3.0709399233261743,nan,nan
kmnist,topk_softmax_05,5,11,0.24329368770122528,0.92775,0.9276143620170995,0.23314959493776163,0.5,3.0577056854963303,nan,nan
kmnist,topk_softmax_05,5,12,0.23240624368190765,0.92175,0.9218111436243893,0.24639926788707575,0.5,3.0557571103175483,nan,nan
kmnist,topk_softmax_05,5,13,0.2117665857076645,0.9365833333333333,0.9364330716618495,0.2046226356178522,0.5,3.053662031888962,nan,nan
kmnist,topk_softmax_05,5,14,0.19803383946418762,0.9356666666666666,0.9353700703955198,0.20725778924922147,0.49999999565382797,3.0415661881367364,nan,nan
kmnist,topk_softmax_05,5,15,0.1902266889810562,0.9414166666666667,0.9413339763918478,0.1903968108817935,0.5,3.043279747168223,nan,nan
kmnist,topk_softmax_05,5,16,0.17929627001285553,0.94425,0.943939143027577,0.18309796011696258,0.5,3.0494464486837387,nan,nan
kmnist,topk_softmax_05,5,17,0.16721057891845703,0.9460833333333334,0.9459517722691752,0.17843434835473695,0.49999997454384965,3.0388167848189673,nan,nan
kmnist,topk_softmax_05,5,18,0.1587626188993454,0.9435,0.9432845526876458,0.18431622348725796,0.49999999565382797,3.0413888643185296,nan,nan
kmnist,topk_softmax_05,5,19,0.15380913019180298,0.9450833333333334,0.9449302039751787,0.17795905408759913,0.49999998323619366,3.04343788822492,nan,nan
kmnist,topk_softmax_05,5,20,0.150102898478508,0.949,0.9487740618302531,0.16603920298318067,0.4999999503294627,3.0293694883584976,nan,nan
kmnist,topk_softmax_05,5,21,0.13995862007141113,0.9545833333333333,0.9543965638544328,0.15327889627466598,0.49999996709326905,3.030110940337181,nan,nan
kmnist,topk_softmax_05,5,22,0.13305097818374634,0.95275,0.9525382996700941,0.15657261417557797,0.4999999546756347,3.029011681675911,nan,nan
kmnist,topk_softmax_05,5,23,0.12558415532112122,0.9544166666666667,0.9543101639062395,0.15530286698291698,0.49999992549419403,3.025113746523857,nan,nan
kmnist,topk_softmax_05,5,24,0.12493588030338287,0.95425,0.9541296650499499,0.15804229117929935,0.49999993418653804,3.0208380818367004,nan,nan
kmnist,topk_softmax_05,5,25,0.11978340893983841,0.9578333333333333,0.9575912101301711,0.14652253594249487,0.4999999751647313,3.022098258137703,nan,nan
kmnist,topk_softmax_05,5,26,0.11122892051935196,0.9564166666666667,0.9562171436993865,0.14255726741005978,0.49999994163711864,3.021165485183398,nan,nan
kmnist,topk_softmax_05,5,27,0.10361500829458237,0.9546666666666667,0.954489261153175,0.1484981020912528,0.4999999422580004,3.0176194508870444,nan,nan
kmnist,topk_softmax_05,5,28,0.10283266007900238,0.9546666666666667,0.9545129924406698,0.15546940298130116,0.499999962747097,3.010644714037577,nan,nan
kmnist,topk_softmax_05,5,29,0.09822691231966019,0.9594166666666667,0.9592263820475646,0.1389394731571277,0.4999999546756347,3.016520003477732,nan,nan
kmnist,topk_softmax_05,6,0,1.8946431875228882,0.5900833333333333,0.5930355636919157,1.2317968755960464,0.5,3.1757046580314636,nan,nan
kmnist,topk_softmax_05,6,1,0.9751064777374268,0.7556666666666667,0.7554710967824195,0.7540658116340637,0.5,3.1800848096609116,nan,nan
kmnist,topk_softmax_05,6,2,0.6710565686225891,0.8051666666666667,0.8050627531620824,0.6071983079115549,0.5,3.1716532657543817,nan,nan
kmnist,topk_softmax_05,6,3,0.5457050800323486,0.8495,0.8507939567230061,0.47634314373135567,0.5,3.1599310487508774,nan,nan
kmnist,topk_softmax_05,6,4,0.4559592604637146,0.8730833333333333,0.8731561454062436,0.39419936016201973,0.5,3.156457150975863,nan,nan
kmnist,topk_softmax_05,6,5,0.3949441909790039,0.8795833333333334,0.879487947941746,0.3713866410156091,0.5,3.1498976598183313,nan,nan
kmnist,topk_softmax_05,6,6,0.3519625961780548,0.8955833333333333,0.8965830743612694,0.32181541870037716,0.5,3.145221382379532,nan,nan
kmnist,topk_softmax_05,6,7,0.32806313037872314,0.9013333333333333,0.901796131955224,0.3049438862750928,0.5,3.140273546179136,nan,nan
kmnist,topk_softmax_05,6,8,0.28697752952575684,0.9170833333333334,0.9174249704346963,0.2598671230177085,0.5,3.1412264158328376,nan,nan
kmnist,topk_softmax_05,6,9,0.264043390750885,0.9129166666666667,0.9127054328725231,0.26479899883270264,0.5,3.137420485417048,nan,nan
kmnist,topk_softmax_05,6,10,0.2460182160139084,0.9231666666666667,0.9229222131736057,0.23705925544102988,0.5,3.1341219445069632,nan,nan
kmnist,topk_softmax_05,6,11,0.22902119159698486,0.9318333333333333,0.9317680811286285,0.2117503390957912,0.5,3.133386825521787,nan,nan
kmnist,topk_softmax_05,6,12,0.21501463651657104,0.9335833333333333,0.9336246785905672,0.20994296359519163,0.5,3.13110322256883,nan,nan
kmnist,topk_softmax_05,6,13,0.19745078682899475,0.9313333333333333,0.9312610638133098,0.2098632976412773,0.5,3.1297442664702735,nan,nan
kmnist,topk_softmax_05,6,14,0.1874135136604309,0.942,0.9421171761365013,0.18158414463202158,0.5,3.1262387533982596,nan,nan
kmnist,topk_softmax_05,6,15,0.18331578373908997,0.942,0.9419912768039508,0.1816060934215784,0.5,3.1260113269090652,nan,nan
kmnist,topk_softmax_05,6,16,0.16355901956558228,0.94625,0.9462576962343761,0.16754082900782427,0.5,3.1267337749401727,nan,nan
kmnist,topk_softmax_05,6,17,0.162774458527565,0.9443333333333334,0.9445607463278745,0.17338207612435022,0.5,3.1238386929035187,nan,nan
kmnist,topk_softmax_05,6,18,0.1506616622209549,0.9500833333333333,0.9501390826443323,0.15922843447575966,0.5,3.1237817903359733,nan,nan
kmnist,topk_softmax_05,6,19,0.14648418128490448,0.9476666666666667,0.9478459049350052,0.1654889825731516,0.5,3.1236912856499353,nan,nan
kmnist,topk_softmax_05,6,20,0.133539080619812,0.9500833333333333,0.9501047797889264,0.15983749646693468,0.5,3.11883536974589,nan,nan
kmnist,topk_softmax_05,6,21,0.12621504068374634,0.9530833333333333,0.9531202619406367,0.1532473424449563,0.5,3.1174129794041314,nan,nan
kmnist,topk_softmax_05,6,22,0.1265229731798172,0.954,0.9542024893990864,0.15309279380987087,0.5,3.1138828496138253,nan,nan
kmnist,topk_softmax_05,6,23,0.11923187226057053,0.9548333333333333,0.9548338585031898,0.14910926235218844,0.5,3.115932414929072,nan,nan
kmnist,topk_softmax_05,6,24,0.11106450855731964,0.9578333333333333,0.957926747569474,0.13875106628984213,0.5,3.116727650165558,nan,nan
kmnist,topk_softmax_05,6,25,0.10884720832109451,0.9545,0.9543885548219952,0.14738449454307556,0.5,3.108799268802007,nan,nan
kmnist,topk_softmax_05,6,26,0.1031385064125061,0.9575,0.9574856825140321,0.13653165164093176,0.5,3.1094278544187546,nan,nan
kmnist,topk_softmax_05,6,27,0.10398636013269424,0.958,0.9580270716227434,0.13908749663581452,0.5,3.1069399615128837,nan,nan
kmnist,topk_softmax_05,6,28,0.09422263503074646,0.9613333333333334,0.9614062107342303,0.13000542484223843,0.5,3.1040224532286325,nan,nan
kmnist,topk_softmax_05,6,29,0.09394469112157822,0.9613333333333334,0.9613961985991841,0.1298858675484856,0.5,3.103336731592814,nan,nan
kmnist,topk_softmax_05,7,0,1.8904740810394287,0.5460833333333334,0.5436403577958411,1.3186027705669403,0.5,3.1516047368446984,nan,nan
kmnist,topk_softmax_05,7,1,1.0006203651428223,0.7546666666666667,0.7535229762224196,0.7551094368100166,0.5,3.1478116462628045,nan,nan
kmnist,topk_softmax_05,7,2,0.6959817409515381,0.817,0.8187054173481642,0.5546004250645638,0.5,3.1435312728087106,nan,nan
kmnist,topk_softmax_05,7,3,0.5520399808883667,0.8479166666666667,0.8494920446114106,0.47374332944552106,0.5,3.1413990557193756,nan,nan
kmnist,topk_softmax_05,7,4,0.46191278100013733,0.8716666666666667,0.872499978514709,0.3962509296834469,0.5,3.131331741809845,nan,nan
kmnist,topk_softmax_05,7,5,0.3959949314594269,0.8895,0.8895890061146698,0.34588079527020454,0.5,3.1270041912794113,nan,nan
kmnist,topk_softmax_05,7,6,0.35152003169059753,0.9013333333333333,0.9017588111780146,0.3076483315477769,0.5,3.1195800254742303,nan,nan
kmnist,topk_softmax_05,7,7,0.31510066986083984,0.9070833333333334,0.9075225091220804,0.2876981347799301,0.5,3.123670051495234,nan,nan
kmnist,topk_softmax_05,7,8,0.282185435295105,0.922,0.9223991311213847,0.24729783522586027,0.5,3.1135382999976478,nan,nan
kmnist,topk_softmax_05,7,9,0.2622680068016052,0.912,0.9132253240710007,0.27788550965487957,0.5,3.107896327972412,nan,nan
kmnist,topk_softmax_05,7,10,0.2446555197238922,0.9204166666666667,0.9207216850673765,0.2508392135302226,0.5,3.1018986105918884,nan,nan
kmnist,topk_softmax_05,7,11,0.22595366835594177,0.93325,0.933638438267787,0.21085870576401552,0.5,3.1069464137156806,nan,nan
kmnist,topk_softmax_05,7,12,0.21192273497581482,0.9375833333333333,0.9379586613224546,0.20327443815767765,0.5,3.1072476903597512,nan,nan
kmnist,topk_softmax_05,7,13,0.19672967493534088,0.9376666666666666,0.9377866317295191,0.20053834654390812,0.5,3.100963816046715,nan,nan
kmnist,topk_softmax_05,7,14,0.186414435505867,0.9389166666666666,0.9391672166786643,0.19593125209212303,0.5,3.1012126356363297,nan,nan
kmnist,topk_softmax_05,7,15,0.18106037378311157,0.9403333333333334,0.9406171566477528,0.19290201552212238,0.5,3.0991231401761374,nan,nan
kmnist,topk_softmax_05,7,16,0.16731461882591248,0.9425833333333333,0.9428275328159803,0.18637429674466452,0.5,3.097107951839765,nan,nan
kmnist,topk_softmax_05,7,17,0.15767358243465424,0.9454166666666667,0.9456358515990854,0.17814061542352042,0.5,3.0917439510424933,nan,nan
kmnist,topk_softmax_05,7,18,0.1486072540283203,0.94725,0.947402667467674,0.17074960532287756,0.5,3.088815063238144,nan,nan
kmnist,topk_softmax_05,7,19,0.14362439513206482,0.94175,0.9418853078879865,0.19361303808788458,0.5,3.08584255973498,nan,nan
kmnist,topk_softmax_05,7,20,0.13807527720928192,0.9454166666666667,0.9457212107113128,0.1779058575630188,0.5,3.0896066576242447,nan,nan
kmnist,topk_softmax_05,7,21,0.1298598051071167,0.9536666666666667,0.9537683195966876,0.15630480305602154,0.5,3.0852312048276267,nan,nan
kmnist,topk_softmax_05,7,22,0.12067078053951263,0.9520833333333333,0.9523701109505847,0.15375332410136858,0.5,3.0817028333743415,nan,nan
kmnist,topk_softmax_05,7,23,0.11938948184251785,0.9525,0.952604660828236,0.1567265788714091,0.5,3.080917537212372,nan,nan
kmnist,topk_softmax_05,7,24,0.11052432656288147,0.9548333333333333,0.9549316308363375,0.15248907512674728,0.5,3.0793910771608353,nan,nan
kmnist,topk_softmax_05,7,25,0.1113131046295166,0.95625,0.9564448197198873,0.14613714162260294,0.5,3.077738588054975,nan,nan
kmnist,topk_softmax_05,7,26,0.10477327555418015,0.9549166666666666,0.9552840638245665,0.14823589008301497,0.5,3.07314924399058,nan,nan
kmnist,topk_softmax_05,7,27,0.1029120609164238,0.9553333333333334,0.9554649417881773,0.1475612437352538,0.5,3.0726889769236245,nan,nan
kmnist,topk_softmax_05,7,28,0.096058189868927,0.9585833333333333,0.958765770632712,0.14019520487636328,0.5,3.073689882953962,nan,nan
kmnist,topk_softmax_05,7,29,0.0928759053349495,0.9548333333333333,0.9549111364795568,0.1471953665216764,0.5,3.0693809241056442,nan,nan
kmnist,topk_softmax_05,8,0,1.9122694730758667,0.526,0.5178390935051065,1.3415565590063732,0.5,3.2015871753295264,nan,nan
kmnist,topk_softmax_05,8,1,1.0262995958328247,0.7075,0.710896185635565,0.8622875437140465,0.5,3.191701039671898,nan,nan
kmnist,topk_softmax_05,8,2,0.7243073582649231,0.8128333333333333,0.810877081006583,0.5897494753201803,0.5,3.1888921360174813,nan,nan
kmnist,topk_softmax_05,8,3,0.5861083269119263,0.8289166666666666,0.8295740410083792,0.5200761506954829,0.5,3.1766835699478784,nan,nan
kmnist,topk_softmax_05,8,4,0.5062547922134399,0.8604166666666667,0.8603135870215602,0.429910014073054,0.5,3.163641313711802,nan,nan
kmnist,topk_softmax_05,8,5,0.43567827343940735,0.8775833333333334,0.8769953101403063,0.3699035681784153,0.5,3.1462441980838776,nan,nan
kmnist,topk_softmax_05,8,6,0.4079791009426117,0.8865,0.8859937151172133,0.35073841984073323,0.5,3.12883630891641,nan,nan
kmnist,topk_softmax_05,8,7,0.35521018505096436,0.8975,0.8971866766284903,0.31634780764579773,0.5,3.117342859506607,nan,nan
kmnist,topk_softmax_05,8,8,0.3146749436855316,0.9085833333333333,0.9081219366499622,0.29220928624272346,0.5,3.111005663871765,nan,nan
kmnist,topk_softmax_05,8,9,0.2907128632068634,0.9123333333333333,0.9123170341707993,0.27630590585370857,0.5,3.1001372088988624,nan,nan
kmnist,topk_softmax_05,8,10,0.265992671251297,0.9190833333333334,0.918971164301589,0.25679250806570053,0.5,3.098741109172503,nan,nan
kmnist,topk_softmax_05,8,11,0.24131575226783752,0.927,0.9264416922459869,0.22409636030594507,0.5,3.0904400795698166,nan,nan
kmnist,topk_softmax_05,8,12,0.2241465449333191,0.9315833333333333,0.9313755047290438,0.21991032548248768,0.5,3.0846750984589257,nan,nan
kmnist,topk_softmax_05,8,13,0.20792609453201294,0.9380833333333334,0.9378677250935337,0.20218335775037607,0.5,3.08546611169974,nan,nan
kmnist,topk_softmax_05,8,14,0.19014286994934082,0.93875,0.9387796918481266,0.1986854448914528,0.5,3.082517941792806,nan,nan
kmnist,topk_softmax_05,8,15,0.18554797768592834,0.9455,0.945189290028317,0.17669990876068672,0.5,3.0828326294819512,nan,nan
kmnist,topk_softmax_05,8,16,0.16832368075847626,0.94175,0.9414090797028705,0.18452092756827673,0.5,3.076677456498146,nan,nan
kmnist,topk_softmax_05,8,17,0.1598847210407257,0.95025,0.9500326392815677,0.162778049086531,0.5,3.0810788373152413,nan,nan
kmnist,topk_softmax_05,8,18,0.1527678221464157,0.9481666666666667,0.948153006159324,0.16413623467087746,0.5,3.0717495481173196,nan,nan
kmnist,topk_softmax_05,8,19,0.1387266218662262,0.9483333333333334,0.948096099178127,0.16827269736677408,0.5,3.0731653024752936,nan,nan
kmnist,topk_softmax_05,8,20,0.1347995400428772,0.9494166666666667,0.9493085563456738,0.1582713353758057,0.5,3.0697514166434607,nan,nan
kmnist,topk_softmax_05,8,21,0.12832759320735931,0.9505833333333333,0.9505699741077673,0.15991832067569098,0.5,3.0644713987906775,nan,nan
kmnist,topk_softmax_05,8,22,0.1155141219496727,0.9554166666666667,0.9552111990260084,0.14632690201203027,0.5,3.067181795835495,nan,nan
kmnist,topk_softmax_05,8,23,0.11823631823062897,0.952,0.9517668764234439,0.1566487429663539,0.5,3.0556450138489404,nan,nan
kmnist,topk_softmax_05,8,24,0.11519380658864975,0.95375,0.9535561076260283,0.15319861906270185,0.5,3.0584516574939093,nan,nan
kmnist,topk_softmax_05,8,25,0.10529149323701859,0.959,0.958897863994404,0.13723253893355528,0.5,3.055328061183294,nan,nan
kmnist,topk_softmax_05,8,26,0.10168870538473129,0.9594166666666667,0.9593205081810025,0.1345175929988424,0.5,3.0629169990619025,nan,nan
kmnist,topk_softmax_05,8,27,0.10021395981311798,0.96225,0.9621219489930635,0.12918300523112217,0.5,3.058831512928009,nan,nan
kmnist,topk_softmax_05,8,28,0.09147846698760986,0.9595,0.9593332746665986,0.1342161577194929,0.5,3.0566813945770264,nan,nan
kmnist,topk_softmax_05,8,29,0.09571286290884018,0.96025,0.9601471420734772,0.13978834946950278,0.5,3.052462622523308,nan,nan
kmnist,topk_softmax_05,9,0,1.9236258268356323,0.56775,0.5675223560301544,1.3006561547517776,0.5,3.18475249906381,nan,nan
kmnist,topk_softmax_05,9,1,1.0343009233474731,0.728,0.7313349094279432,0.8333529010415077,0.5,3.164904077847799,nan,nan
kmnist,topk_softmax_05,9,2,0.7385439276695251,0.8016666666666666,0.798586139421879,0.6203032433986664,0.5,3.150046154856682,nan,nan
kmnist,topk_softmax_05,9,3,0.5956490635871887,0.8333333333333334,0.8342240279326048,0.49869104598959285,0.5,3.1429186910390854,nan,nan
kmnist,topk_softmax_05,9,4,0.49976128339767456,0.8510833333333333,0.8527113495861658,0.45034677907824516,0.5,3.1327166507641473,nan,nan
kmnist,topk_softmax_05,9,5,0.42749229073524475,0.8849166666666667,0.8860408174078227,0.3556113975743453,0.5,3.122775157292684,nan,nan
kmnist,topk_softmax_05,9,6,0.3743835389614105,0.8934166666666666,0.894412490557871,0.3266291891535123,0.5,3.1109751760959625,nan,nan
kmnist,topk_softmax_05,9,7,0.3319040834903717,0.905,0.9056326689116077,0.2948109755913417,0.5,3.098398834466934,nan,nan
kmnist,topk_softmax_05,9,8,0.2995810806751251,0.91475,0.9154573297652405,0.2674401216208935,0.5,3.090887958804766,nan,nan
kmnist,topk_softmax_05,9,9,0.28254151344299316,0.916,0.9162279990017073,0.26050885890920955,0.5,3.08893916507562,nan,nan
kmnist,topk_softmax_05,9,10,0.2564760148525238,0.9215,0.9215845788085943,0.2509900356332461,0.5,3.087788795431455,nan,nan
kmnist,topk_softmax_05,9,11,0.23573966324329376,0.927,0.9274532232214124,0.2292230607320865,0.5,3.0833958834409714,nan,nan
kmnist,topk_softmax_05,9,12,0.22372588515281677,0.9316666666666666,0.9322964840370821,0.211915984749794,0.5,3.079642857114474,nan,nan
kmnist,topk_softmax_05,9,13,0.2066638320684433,0.9333333333333333,0.9340354054762502,0.21092218098541102,0.5,3.0775318145751953,nan,nan
kmnist,topk_softmax_05,9,14,0.19039948284626007,0.9315,0.93228952322282,0.21153162295619646,0.5,3.0762103547652564,nan,nan
kmnist,topk_softmax_05,9,15,0.1819937825202942,0.939,0.9395293352359669,0.19101090977589288,0.5,3.08059124648571,nan,nan
kmnist,topk_softmax_05,9,16,0.17481458187103271,0.9421666666666667,0.9424409148336638,0.1830142910281817,0.5,3.0739488303661346,nan,nan
kmnist,topk_softmax_05,9,17,0.15917988121509552,0.9429166666666666,0.9434495606256152,0.1768278336773316,0.5,3.073851689696312,nan,nan
kmnist,topk_softmax_05,9,18,0.15340764820575714,0.9478333333333333,0.9480416123249874,0.16259641914318004,0.5,3.0672128995259604,nan,nan
kmnist,topk_softmax_05,9,19,0.14440126717090607,0.94675,0.9471370898011582,0.1747445479656259,0.5,3.066039582093557,nan,nan
kmnist,topk_softmax_05,9,20,0.13842764496803284,0.94925,0.9495221650581727,0.16067865521957478,0.5,3.0715005149443946,nan,nan
kmnist,topk_softmax_05,9,21,0.1285867691040039,0.9515833333333333,0.9517800248018011,0.15621820061157146,0.5,3.0602425187826157,nan,nan
kmnist,topk_softmax_05,9,22,0.12608933448791504,0.9561666666666667,0.9563660460079454,0.1439891237144669,0.5,3.0623728732268014,nan,nan
kmnist,topk_softmax_05,9,23,0.12471499294042587,0.9535833333333333,0.9538757588518978,0.1513447199637691,0.5,3.059769496321678,nan,nan
kmnist,topk_softmax_05,9,24,0.11709098517894745,0.9565,0.9567319723403853,0.1412691300113996,0.5,3.0555269916852317,nan,nan
kmnist,topk_softmax_05,9,25,0.10731504112482071,0.9570833333333333,0.9573359319780177,0.13961028369764486,0.5,3.062661016980807,nan,nan
kmnist,topk_softmax_05,9,26,0.10160331428050995,0.96,0.9601859186005086,0.13597889244556427,0.5,3.055002341667811,nan,nan
kmnist,topk_softmax_05,9,27,0.09860047698020935,0.9558333333333333,0.9559914121729488,0.14599951077252626,0.5,3.061463142434756,nan,nan
kmnist,topk_softmax_05,9,28,0.09296313673257828,0.9599166666666666,0.9601849718023546,0.13408809869239727,0.5,3.0541241616010666,nan,nan
kmnist,topk_softmax_05,9,29,0.09383373707532883,0.9625833333333333,0.9626492453531601,0.12678423120329776,0.5,3.056890313824018,nan,nan
kmnist,sparsemax,0,0,1.766318678855896,0.6605,0.6602104281962278,1.0679341952006023,0.45782156102359295,2.551021948456764,nan,nan
kmnist,sparsemax,0,1,0.845503032207489,0.7973333333333333,0.7985855530065302,0.6304294615983963,0.4434981010854244,2.540641374886036,nan,nan
kmnist,sparsemax,0,2,0.5813575983047485,0.85075,0.8510412703888799,0.4718827394147714,0.4370548563698928,2.5448144177595773,nan,nan
kmnist,sparsemax,0,3,0.46641048789024353,0.8723333333333333,0.8722239205825095,0.397859163582325,0.42512995935976505,2.5167134230335555,nan,nan
kmnist,sparsemax,0,4,0.3945131003856659,0.886,0.8862013050987733,0.35546695813536644,0.4261775640770793,2.5259346341093383,nan,nan
kmnist,sparsemax,0,5,0.3477770984172821,0.8970833333333333,0.897127807103743,0.3313024503489335,0.41105515758196515,2.504620204369227,nan,nan
kmnist,sparsemax,0,6,0.3145042657852173,0.9108333333333334,0.9107569731202153,0.2830193229019642,0.4036523172010978,2.479221932590008,nan,nan
kmnist,sparsemax,0,7,0.2880605161190033,0.9100833333333334,0.9102425507088828,0.2875355953971545,0.386478410102427,2.4487112959225974,nan,nan
kmnist,sparsemax,0,8,0.2622906565666199,0.9186666666666666,0.9189867303147332,0.2631878238171339,0.38731606242557365,2.4528765554229417,nan,nan
kmnist,sparsemax,0,9,0.242695152759552,0.9213333333333333,0.9215002628634517,0.24992402891318002,0.3842590010414521,2.4382265731692314,nan,nan
kmnist,sparsemax,0,10,0.22789344191551208,0.9209166666666667,0.9213501334207503,0.2436914692322413,0.37873338845868904,2.4319322829445205,nan,nan
kmnist,sparsemax,0,11,0.21490849554538727,0.931,0.931025259234737,0.2200833229968945,0.37338800448924303,2.429008980592092,nan,nan
kmnist,sparsemax,0,12,0.19685669243335724,0.9318333333333333,0.9318373298326648,0.21215679372350374,0.3679908687869708,2.4183452477057776,nan,nan
kmnist,sparsemax,0,13,0.18686841428279877,0.9350833333333334,0.9352015202023878,0.20574081130325794,0.36252336235096055,2.4089837794502578,nan,nan
kmnist,sparsemax,0,14,0.17300274968147278,0.9398333333333333,0.939851599920423,0.1917643609146277,0.36228794635583955,2.4111530731121698,nan,nan
kmnist,sparsemax,0,15,0.17114685475826263,0.93875,0.9387005413640888,0.19629118281106153,0.36130765328804654,2.4142879048983255,nan,nan
kmnist,sparsemax,0,16,0.15679648518562317,0.9391666666666667,0.9393750053332983,0.1984170787036419,0.35396175365895033,2.394352063536644,nan,nan
kmnist,sparsemax,0,17,0.1504821628332138,0.94075,0.9408609883419745,0.18939320122202238,0.34819987788796425,2.386219618221124,nan,nan
kmnist,sparsemax,0,18,0.1405736654996872,0.94575,0.9459069194435881,0.1753176242733995,0.3474646443501115,2.3826454232136407,nan,nan
kmnist,sparsemax,0,19,0.13282209634780884,0.9480833333333333,0.9481152356276882,0.16719363474597534,0.3452428200592597,2.3816093827287355,nan,nan
kmnist,sparsemax,0,20,0.12878277897834778,0.9483333333333334,0.9483958816116422,0.1717404912536343,0.3424072163179517,2.3746419871846833,nan,nan
kmnist,sparsemax,0,21,0.11811588704586029,0.9445833333333333,0.9448647398459291,0.18398533823589483,0.3436310825248559,2.372481122612953,nan,nan
kmnist,sparsemax,0,22,0.1153511330485344,0.9473333333333334,0.9473662137499661,0.17951209470629692,0.33798870133856934,2.369518088797728,nan,nan
kmnist,sparsemax,0,23,0.1119210347533226,0.9481666666666667,0.9482186267026715,0.17095276061445475,0.3350612176582217,2.358729898929596,nan,nan
kmnist,sparsemax,0,24,0.10633091628551483,0.9488333333333333,0.9488209501609493,0.1653193018088738,0.33338946383446455,2.3619066750009856,nan,nan
kmnist,sparsemax,0,25,0.10126759856939316,0.9515833333333333,0.9516293177085261,0.1653545672694842,0.33380880020558834,2.3565507953365645,nan,nan
kmnist,sparsemax,0,26,0.09878533333539963,0.9526666666666667,0.9526568170952017,0.15318093417833248,0.3289004182443023,2.3533404916524887,nan,nan
kmnist,sparsemax,0,27,0.09333274513483047,0.9555,0.955535876738751,0.15171038607756296,0.3274274381498496,2.355706957479318,nan,nan
kmnist,sparsemax,0,28,0.09247126430273056,0.9518333333333333,0.9518132204155755,0.15780614347507557,0.3198843505233526,2.3314038341244063,nan,nan
kmnist,sparsemax,0,29,0.0893116295337677,0.95575,0.9558090396674569,0.14901097398251295,0.3237131778150797,2.3420693998535476,nan,nan
kmnist,sparsemax,1,0,1.7353436946868896,0.6114166666666667,0.6112286474679013,1.1594353367884953,0.41540892235934734,2.460244171321392,nan,nan
kmnist,sparsemax,1,1,0.922909140586853,0.7786666666666666,0.7777880433084936,0.6816888228058815,0.42183711131413776,2.5279796545704207,nan,nan
kmnist,sparsemax,1,2,0.6599186658859253,0.83025,0.8310248606544283,0.5251348813374838,0.42159557342529297,2.5436448603868484,nan,nan
kmnist,sparsemax,1,3,0.5265898108482361,0.8538333333333333,0.854102104613176,0.46289364496866864,0.417613599759837,2.546141095459461,nan,nan
kmnist,sparsemax,1,4,0.4615751802921295,0.8714166666666666,0.8714015929098331,0.39128395169973373,0.408214321359992,2.5366363103191056,nan,nan
kmnist,sparsemax,1,5,0.40055230259895325,0.8874166666666666,0.8878746130230176,0.34897157177329063,0.39918226810793084,2.520070401330789,nan,nan
kmnist,sparsemax,1,6,0.3627317547798157,0.89125,0.8920781758633559,0.3371209613978863,0.39672740331540507,2.5197478209932647,nan,nan
kmnist,sparsemax,1,7,0.33119019865989685,0.9035833333333333,0.9036045328686708,0.2973333125313123,0.3881054191539685,2.506374498208364,nan,nan
kmnist,sparsemax,1,8,0.3018980920314789,0.9134166666666667,0.9138313833746308,0.27609762735664845,0.38693061750382185,2.503155450026194,nan,nan
kmnist,sparsemax,1,9,0.28551146388053894,0.91525,0.9153376903601359,0.2729366173346837,0.3795376680791378,2.494222911695639,nan,nan
kmnist,sparsemax,1,10,0.2637171447277069,0.92325,0.9234318435458823,0.2405196117858092,0.37814479507505894,2.4941208635767302,nan,nan
kmnist,sparsemax,1,11,0.2456006109714508,0.92525,0.9256593741980328,0.2362417777379354,0.37310646877934533,2.4847628797094026,nan,nan
kmnist,sparsemax,1,12,0.23052561283111572,0.9284166666666667,0.9288083063879793,0.22380311725040278,0.3690942646935582,2.4729703019062677,nan,nan
kmnist,sparsemax,1,13,0.21770957112312317,0.9315,0.9314182251827354,0.21301688688496748,0.36474062968045473,2.4590610613425574,nan,nan
kmnist,sparsemax,1,14,0.20595377683639526,0.9343333333333333,0.9344087842188868,0.21299348895748457,0.35867319783816737,2.441858192284902,nan,nan
kmnist,sparsemax,1,15,0.20498238503932953,0.9335833333333333,0.9338008670977895,0.21658843383193016,0.35591191177566844,2.440611926217874,nan,nan
kmnist,sparsemax,1,16,0.18549932539463043,0.9384166666666667,0.9385043527830936,0.19203020446002483,0.35286768432706594,2.432406224310398,nan,nan
kmnist,sparsemax,1,17,0.17305386066436768,0.9364166666666667,0.9365776715903197,0.2047968072195848,0.35037144801268977,2.425650311013063,nan,nan
kmnist,sparsemax,1,18,0.16721928119659424,0.9368333333333333,0.9368132135858218,0.20220773853361607,0.35129535881181556,2.4302880316972733,nan,nan
kmnist,sparsemax,1,19,0.16237446665763855,0.9391666666666667,0.9391524610188986,0.19009845176090798,0.3482510804509123,2.423449526230494,nan,nan
kmnist,sparsemax,1,20,0.15504734218120575,0.94525,0.9453456579093338,0.1784164464722077,0.3445438500493765,2.413018077611923,nan,nan
kmnist,sparsemax,1,21,0.143182635307312,0.9466666666666667,0.9468088285772215,0.1708991372336944,0.34283099230378866,2.40947508563598,nan,nan
kmnist,sparsemax,1,22,0.1383080780506134,0.9470833333333334,0.9471485041892196,0.1676322811593612,0.34046096665163833,2.403641258676847,nan,nan
kmnist,sparsemax,1,23,0.1300239861011505,0.9500833333333333,0.950248341642945,0.16043460120757422,0.34269917632142705,2.411470760901769,nan,nan
kmnist,sparsemax,1,24,0.13239632546901703,0.9498333333333333,0.9497819869540919,0.16563172917813063,0.33432647089163464,2.3848235681653023,nan,nan
kmnist,sparsemax,1,25,0.1205516830086708,0.9503333333333334,0.9504326836934357,0.16482899400095144,0.3339230225731929,2.3880099430680275,nan,nan
kmnist,sparsemax,1,26,0.11467679589986801,0.9481666666666667,0.9482227126566863,0.16781999419132868,0.3316635362183054,2.381107822060585,nan,nan
kmnist,sparsemax,1,27,0.11621304601430893,0.9510833333333333,0.9511168883919352,0.16038542737563452,0.33410899713635445,2.388615650435289,nan,nan
kmnist,sparsemax,1,28,0.10825351625680923,0.9500833333333333,0.950066993264012,0.16448181526114544,0.3322021421045065,2.389844723045826,nan,nan
kmnist,sparsemax,1,29,0.10426294803619385,0.9510833333333333,0.9510405726235114,0.16751162273188433,0.32805647514760494,2.3761594593524933,nan,nan
kmnist,sparsemax,2,0,1.7816349267959595,0.59625,0.5938614252036816,1.2030210544665654,0.4591753877078493,2.6131826837857566,nan,nan
kmnist,sparsemax,2,1,0.9500724077224731,0.7625833333333333,0.7646244158284348,0.7427337343494097,0.4482376041511695,2.6363236755132675,nan,nan
kmnist,sparsemax,2,2,0.6457364559173584,0.8295833333333333,0.8291966409773094,0.5370806977152824,0.4441069147239129,2.6181986009081206,nan,nan
kmnist,sparsemax,2,3,0.527504026889801,0.8573333333333333,0.8575932403109834,0.4460224360227585,0.43302985032399494,2.5895898193120956,nan,nan
kmnist,sparsemax,2,4,0.44021016359329224,0.8673333333333333,0.8678891379568695,0.41179467861851055,0.4233437633762757,2.5611121902863183,nan,nan
kmnist,sparsemax,2,5,0.390944242477417,0.8874166666666666,0.8875310928279347,0.3580247834324837,0.4152775462716818,2.5530050098896027,nan,nan
kmnist,sparsemax,2,6,0.35631904006004333,0.8965,0.8971469485103128,0.32773767908414203,0.40673942770808935,2.5331080704927444,nan,nan
kmnist,sparsemax,2,7,0.3199974000453949,0.905,0.9056639880757258,0.30386537313461304,0.40546031203120947,2.532800811032454,nan,nan
kmnist,sparsemax,2,8,0.2911645770072937,0.9001666666666667,0.9004854000982085,0.3171885423362255,0.4015779181693991,2.5273499389489493,nan,nan
kmnist,sparsemax,2,9,0.28104713559150696,0.91225,0.912580028622687,0.28448312046627205,0.3954808708901207,2.5128056233127913,nan,nan
kmnist,sparsemax,2,10,0.25255286693573,0.9158333333333334,0.9165074561923545,0.2787173632532358,0.3930897191166878,2.5064143016934395,nan,nan
kmnist,sparsemax,2,11,0.24229219555854797,0.921,0.921307083422897,0.2605732685575883,0.38870697654783726,2.4918770467241607,nan,nan
kmnist,sparsemax,2,12,0.22272729873657227,0.9260833333333334,0.9267047162905552,0.24231130505601564,0.38864745013415813,2.499622213343779,nan,nan
kmnist,sparsemax,2,13,0.21376243233680725,0.93275,0.9331024393657156,0.2218203687419494,0.38309028713653487,2.488647386431694,nan,nan
kmnist,sparsemax,2,14,0.19555465877056122,0.9363333333333334,0.936775111696295,0.20576131964723268,0.37928457992772263,2.4752417728304863,nan,nan
kmnist,sparsemax,2,15,0.18821969628334045,0.9333333333333333,0.9335469133042226,0.22027458374698958,0.3766325976078709,2.477553511659304,nan,nan
kmnist,sparsemax,2,16,0.1791282743215561,0.9423333333333334,0.9427336998702242,0.19307744378844896,0.3767660253991683,2.484348932902018,nan,nan
kmnist,sparsemax,2,17,0.164061039686203,0.9369166666666666,0.937146474094422,0.2119862629721562,0.3718132075543205,2.4692805409431458,nan,nan
kmnist,sparsemax,2,18,0.16190029680728912,0.9440833333333334,0.9443091994174629,0.19267101647953191,0.36555560926596325,2.4637180914481482,nan,nan
kmnist,sparsemax,2,19,0.15179984271526337,0.9456666666666667,0.9459135026525358,0.1865439129372438,0.36766248910377425,2.4728069603443146,nan,nan
kmnist,sparsemax,2,20,0.14380648732185364,0.9428333333333333,0.9431871769173638,0.19007825447867313,0.36911412856231135,2.4788592979311943,nan,nan
kmnist,sparsemax,2,21,0.13919523358345032,0.9429166666666666,0.9429674699798654,0.19237889163196087,0.36480823904275894,2.4670428981383643,nan,nan
kmnist,sparsemax,2,22,0.13402526080608368,0.94375,0.9439269032145903,0.19344727570811907,0.3635085877031088,2.467861086130142,nan,nan
kmnist,sparsemax,2,23,0.1238173097372055,0.9458333333333333,0.9459473531479661,0.18845841785271963,0.361306170001626,2.465791550775369,nan,nan
kmnist,sparsemax,2,24,0.12143020331859589,0.9509166666666666,0.9511608637910418,0.17675945100684962,0.3597210180014372,2.461228847503662,nan,nan
kmnist,sparsemax,2,25,0.11560747027397156,0.9521666666666667,0.9523490891402677,0.16692335717380047,0.3568004136905074,2.4582773620883622,nan,nan
kmnist,sparsemax,2,26,0.10833326727151871,0.9501666666666667,0.9504558054291362,0.17598367234071097,0.35715822658191126,2.4569245676199594,nan,nan
kmnist,sparsemax,2,27,0.10524453967809677,0.9494166666666667,0.9496011585592422,0.18220841822524866,0.35555654888351756,2.4531225884954133,nan,nan
kmnist,sparsemax,2,28,0.10406262427568436,0.9544166666666667,0.9545518913268335,0.16485080557564893,0.3554288136462371,2.4514448742071786,nan,nan
kmnist,sparsemax,2,29,0.10045301914215088,0.9536666666666667,0.953793774112657,0.16939080817004046,0.35184956186761457,2.4461063370108604,nan,nan
kmnist,sparsemax,3,0,1.7852097749710083,0.63025,0.6320051083695668,1.1182984113693237,0.4460295907532175,2.610610413054625,nan,nan
kmnist,sparsemax,3,1,0.8536595702171326,0.7958333333333333,0.7952009921228782,0.6327358409762383,0.44125689566135406,2.606548324227333,nan,nan
kmnist,sparsemax,3,2,0.5846853852272034,0.84075,0.8416376591528678,0.4866568483412266,0.4364069091777007,2.58919624487559,nan,nan
kmnist,sparsemax,3,3,0.47109049558639526,0.8690833333333333,0.8693636537678537,0.4107131672402223,0.431800974222521,2.588581904768944,nan,nan
kmnist,sparsemax,3,4,0.4056781530380249,0.8806666666666667,0.8804691176091926,0.37744717424114543,0.4300512804960211,2.5965307479103408,nan,nan
kmnist,sparsemax,3,5,0.36148545145988464,0.8895,0.8895853149338112,0.3468619945148627,0.42323099821805954,2.5792510161797204,nan,nan
kmnist,sparsemax,3,6,0.3193480670452118,0.90775,0.907984176777159,0.2952738242844741,0.41633422517528135,2.567420450349649,nan,nan
kmnist,sparsemax,3,7,0.2941977083683014,0.91225,0.9128976632504087,0.285795280088981,0.4152440903708339,2.566813478867213,nan,nan
kmnist,sparsemax,3,8,0.2658733129501343,0.9174166666666667,0.918023904975483,0.27176802419126034,0.413663724437356,2.5677213172117868,nan,nan
kmnist,sparsemax,3,9,0.25007182359695435,0.921,0.920893281430876,0.25591885422666866,0.4088735294838746,2.5567233314116797,nan,nan
kmnist,sparsemax,3,10,0.2324972301721573,0.92275,0.9227465376559675,0.2445414469887813,0.4036776426558693,2.5416212057073913,nan,nan
kmnist,sparsemax,3,11,0.21370074152946472,0.9295833333333333,0.9296361689510471,0.23111645070215067,0.4067510354022185,2.5606505821148553,nan,nan
kmnist,sparsemax,3,12,0.2038671374320984,0.9348333333333333,0.9347956307756367,0.21354756380120912,0.40568673610687256,2.563154955705007,nan,nan
kmnist,sparsemax,3,13,0.1930004060268402,0.9335833333333333,0.9335642481094517,0.21016951588292918,0.4042222077647845,2.5579284330209098,nan,nan
kmnist,sparsemax,3,14,0.18196754157543182,0.9400833333333334,0.9402049037774136,0.197689446931084,0.4018474655846755,2.5556326508522034,nan,nan
kmnist,sparsemax,3,15,0.1730993241071701,0.9408333333333333,0.9407906644814743,0.18925036614139876,0.40420163453867036,2.560430407524109,nan,nan
kmnist,sparsemax,3,16,0.1625630408525467,0.9435833333333333,0.9437644355239199,0.1839739941060543,0.39550782398631174,2.533687320848306,nan,nan
kmnist,sparsemax,3,17,0.1494949758052826,0.9475,0.9475707972459967,0.1742514887203773,0.39718706750621396,2.547456701596578,nan,nan
kmnist,sparsemax,3,18,0.14392642676830292,0.94125,0.9413458190670424,0.1906877706448237,0.39714223022262257,2.543592860301336,nan,nan
kmnist,sparsemax,3,19,0.141281858086586,0.945,0.945035835890734,0.17668573403110108,0.3955239737406373,2.5408291270335517,nan,nan
kmnist,sparsemax,3,20,0.1321834772825241,0.9508333333333333,0.9508708026442261,0.16300544453163943,0.3940276817108194,2.5334569116433463,nan,nan
kmnist,sparsemax,3,21,0.12556757032871246,0.9505,0.9505198360010262,0.1661997102200985,0.38658397924154997,2.513296462595463,nan,nan
kmnist,sparsemax,3,22,0.11673975735902786,0.9455833333333333,0.9457845742690967,0.18874648585915565,0.3852479299530387,2.5086564968029657,nan,nan
kmnist,sparsemax,3,23,0.11378981918096542,0.9558333333333333,0.9558475165581957,0.14885014295578003,0.38734151391933364,2.522612676024437,nan,nan
kmnist,sparsemax,3,24,0.10732834786176682,0.94875,0.9489735945974932,0.17087334642807642,0.382364634424448,2.5131134390830994,nan,nan
kmnist,sparsemax,3,25,0.10474463552236557,0.9503333333333334,0.9502401503085582,0.16551756641517082,0.38127053684244555,2.5036104569832482,nan,nan
kmnist,sparsemax,3,26,0.10143426060676575,0.9525,0.9525900318752996,0.16802907610932985,0.3790337045987447,2.503755142291387,nan,nan
kmnist,sparsemax,3,27,0.10097760707139969,0.95625,0.9562512013644747,0.14833482323835293,0.3811399769037962,2.50920362273852,nan,nan
kmnist,sparsemax,3,28,0.09025063365697861,0.9518333333333333,0.9518796167051622,0.15971888229250908,0.37722495881219703,2.494048520922661,nan,nan
kmnist,sparsemax,3,29,0.0859856978058815,0.9554166666666667,0.9554882576138761,0.154097820011278,0.3753424783547719,2.4843512748678527,nan,nan
kmnist,sparsemax,4,0,1.8078255653381348,0.6225,0.6067507603282529,1.1223637163639069,0.4617988659689824,2.628146613637606,nan,nan
kmnist,sparsemax,4,1,0.9272053241729736,0.7853333333333333,0.7867868955120974,0.6764654392997423,0.4284513648599386,2.5488859290877977,nan,nan
kmnist,sparsemax,4,2,0.6493032574653625,0.8168333333333333,0.8170414707678952,0.5672637621561686,0.4210621044039726,2.5474233428637185,nan,nan
kmnist,sparsemax,4,3,0.5262414216995239,0.862,0.8612970281375976,0.4329349721471469,0.41745504767944414,2.5432139659921327,nan,nan
kmnist,sparsemax,4,4,0.4456097483634949,0.8734166666666666,0.8730488527560268,0.3959772599240144,0.41113456431776285,2.5356225272019706,nan,nan
kmnist,sparsemax,4,5,0.3900778889656067,0.8941666666666667,0.8943011462283528,0.3410433704654376,0.40551122246931,2.5230212211608887,nan,nan
kmnist,sparsemax,4,6,0.34716179966926575,0.9104166666666667,0.9101479366788212,0.2979488379011552,0.40342420650025207,2.529100351035595,nan,nan
kmnist,sparsemax,4,7,0.30818289518356323,0.9166666666666666,0.9165871698347026,0.2662315412114064,0.4009932012607654,2.5328018739819527,nan,nan
kmnist,sparsemax,4,8,0.2828880846500397,0.9159166666666667,0.9156101424065367,0.2654948464284341,0.3964520838732521,2.518320900698503,nan,nan
kmnist,sparsemax,4,9,0.26627060770988464,0.92125,0.9213357447419602,0.25078889665504295,0.39559371924648684,2.5156670411427817,nan,nan
kmnist,sparsemax,4,10,0.24676291644573212,0.9236666666666666,0.9234559851601656,0.23486711333195368,0.3954046458626787,2.5265274147192636,nan,nan
kmnist,sparsemax,4,11,0.2295496165752411,0.9333333333333333,0.9330991609895409,0.21075309502581754,0.39140799300124246,2.516445606946945,nan,nan
kmnist,sparsemax,4,12,0.2145846039056778,0.9321666666666667,0.9318156494422608,0.213453966503342,0.39280006879319745,2.527230851352215,nan,nan
kmnist,sparsemax,4,13,0.21087436378002167,0.9315833333333333,0.9315486482412242,0.22094689992566904,0.38677031888316077,2.5127133329709372,nan,nan
kmnist,sparsemax,4,14,0.19342434406280518,0.9340833333333334,0.9338958232680674,0.20609713842471442,0.38602790981531143,2.5134054323037467,nan,nan
kmnist,sparsemax,4,15,0.1823710948228836,0.9386666666666666,0.9385179394791117,0.2007546816021204,0.38897373496244353,2.525552272796631,nan,nan
kmnist,sparsemax,4,16,0.1713167279958725,0.9445833333333333,0.9444877766919445,0.18354886211454868,0.3852205217505495,2.5194312085707984,nan,nan
kmnist,sparsemax,4,17,0.16000060737133026,0.9398333333333333,0.9396410673112261,0.19704610916475454,0.3849503230303526,2.524202128251394,nan,nan
kmnist,sparsemax,4,18,0.1581035554409027,0.9425,0.9423874508387751,0.1820185904701551,0.38342543380955857,2.5196289171775184,nan,nan
kmnist,sparsemax,4,19,0.14711858332157135,0.9489166666666666,0.9488120245806375,0.16621608814845482,0.385869840780894,2.5228503743807473,nan,nan
kmnist,sparsemax,4,20,0.14501743018627167,0.94925,0.9492406667957299,0.16641842387616634,0.37813151348382235,2.504937306046486,nan,nan
kmnist,sparsemax,4,21,0.13318614661693573,0.95,0.9498171588954069,0.16894418032219014,0.37385493982583284,2.4921659529209137,nan,nan
kmnist,sparsemax,4,22,0.13027919828891754,0.9505833333333333,0.9505270698499683,0.1565600565324227,0.3781179158637921,2.503851979970932,nan,nan
kmnist,sparsemax,4,23,0.12481370568275452,0.95175,0.9516596824928285,0.156935998549064,0.377808536713322,2.5081615447998047,nan,nan
kmnist,sparsemax,4,24,0.12172544747591019,0.9504166666666667,0.9503322728794326,0.1630483642220497,0.37671470921486616,2.5028183509906134,nan,nan
kmnist,sparsemax,4,25,0.11321459710597992,0.9463333333333334,0.9461946489441742,0.17831354091564813,0.3749238733823101,2.498929719130198,nan,nan
kmnist,sparsemax,4,26,0.11017327010631561,0.9514166666666667,0.9512163513226971,0.1650993743290504,0.3737605595961213,2.490451857447624,nan,nan
kmnist,sparsemax,4,27,0.103534035384655,0.9550833333333333,0.9549235489522163,0.14557039613525072,0.3717728244761626,2.492903838555018,nan,nan
kmnist,sparsemax,4,28,0.10297540575265884,0.9544166666666667,0.954325298270612,0.15269651357084513,0.3705130706851681,2.4865731547276178,nan,nan
kmnist,sparsemax,4,29,0.10046841204166412,0.9544166666666667,0.9542135786028909,0.15106188878417015,0.3636241151640813,2.4691903442144394,nan,nan
kmnist,sparsemax,5,0,1.733057975769043,0.6299166666666667,0.6278941253942298,1.1110264658927917,0.466012943846484,2.6466604148348174,nan,nan
kmnist,sparsemax,5,1,0.8834071755409241,0.7710833333333333,0.7699816768402437,0.694055529932181,0.45514810582002,2.641258751352628,nan,nan
kmnist,sparsemax,5,2,0.6249195337295532,0.83125,0.8302455510824073,0.528048305461804,0.43870102365811664,2.6121065790454545,nan,nan
kmnist,sparsemax,5,3,0.5063024163246155,0.8678333333333333,0.8665924073404183,0.41349788506825763,0.4200588921085,2.5682159761587777,nan,nan
kmnist,sparsemax,5,4,0.42067164182662964,0.8808333333333334,0.8804633098440089,0.36602796241641045,0.41841303805510205,2.5563128689924874,nan,nan
kmnist,sparsemax,5,5,0.3748302459716797,0.8936666666666667,0.8934097218352207,0.33379194885492325,0.40348807629197836,2.5266626651088395,nan,nan
kmnist,sparsemax,5,6,0.3377493619918823,0.90725,0.9069958115586607,0.29032240621745586,0.3933438320333759,2.510202243924141,nan,nan
kmnist,sparsemax,5,7,0.30398112535476685,0.9113333333333333,0.9111192109412704,0.27584000925223034,0.389817968942225,2.5049388905366263,nan,nan
kmnist,sparsemax,5,8,0.27994486689567566,0.91625,0.9158667037688855,0.25875587326784927,0.37899798279007274,2.4828936705986657,nan,nan
kmnist,sparsemax,5,9,0.26446661353111267,0.92175,0.9214876316617365,0.2484352346509695,0.3738498765354355,2.4731085101763406,nan,nan
kmnist,sparsemax,5,10,0.2408941090106964,0.9220833333333334,0.9218193232808881,0.240812166283528,0.36952955058465403,2.465674971540769,nan,nan
kmnist,sparsemax,5,11,0.2303973138332367,0.9235,0.9233128043428046,0.24214628959695497,0.36761755496263504,2.4639140342672667,nan,nan
kmnist,sparsemax,5,12,0.21094372868537903,0.9336666666666666,0.9335359308595879,0.2078409194946289,0.3611829386403163,2.4515425140659013,nan,nan
kmnist,sparsemax,5,13,0.19678255915641785,0.93925,0.9389357583479925,0.19247902433077493,0.3573361383751035,2.443852886557579,nan,nan
kmnist,sparsemax,5,14,0.184835284948349,0.9416666666666667,0.9414066917876207,0.1922574524457256,0.3565224961688121,2.442029632627964,nan,nan
kmnist,sparsemax,5,15,0.18219944834709167,0.9365,0.9363926828363116,0.2117573879659176,0.35162860589722794,2.4353965719540915,nan,nan
kmnist,sparsemax,5,16,0.16190461814403534,0.9400833333333334,0.9399430987470018,0.18490258635332188,0.3517197482287884,2.4366260369618735,nan,nan
kmnist,sparsemax,5,17,0.15965226292610168,0.9426666666666667,0.9424973522890996,0.18685155858596167,0.35324971719334525,2.4463532865047455,nan,nan
kmnist,sparsemax,5,18,0.15062539279460907,0.9451666666666667,0.9449862226718457,0.1806320585310459,0.3491792247320215,2.433147117495537,nan,nan
kmnist,sparsemax,5,19,0.1429494321346283,0.9503333333333334,0.9501823156971723,0.16328522469848394,0.3433921659986178,2.418108950058619,nan,nan
kmnist,sparsemax,5,20,0.13766314089298248,0.9498333333333333,0.9495897715219248,0.16024662585308155,0.3426280564938982,2.417508358756701,nan,nan
kmnist,sparsemax,5,21,0.13060134649276733,0.9515833333333333,0.9513980206718813,0.16426526910314956,0.3436288647353649,2.4282583793004355,nan,nan
kmnist,sparsemax,5,22,0.12500213086605072,0.9504166666666667,0.9503506831858589,0.1627889738107721,0.3460159422829747,2.4310756226380668,nan,nan
kmnist,sparsemax,5,23,0.11551535874605179,0.9516666666666667,0.9514849609618155,0.15751296219726404,0.34469114647557336,2.4336658169825873,nan,nan
kmnist,sparsemax,5,24,0.11383404582738876,0.9485833333333333,0.9483639566657714,0.16707918917139372,0.33939080374936265,2.4176558206478753,nan,nan
kmnist,sparsemax,5,25,0.10849650949239731,0.9534166666666667,0.9532555138762518,0.15567237014571825,0.3423041592662533,2.4301175425450006,nan,nan
kmnist,sparsemax,5,26,0.10189763456583023,0.95125,0.9510610655701288,0.16267397813498974,0.339018731067578,2.422350600361824,nan,nan
kmnist,sparsemax,5,27,0.10711365193128586,0.9533333333333334,0.9531751252469185,0.15313925966620445,0.3403029752274354,2.427841524283091,nan,nan
kmnist,sparsemax,5,28,0.10175921022891998,0.9549166666666666,0.9546261272329012,0.15018282334009805,0.3416180284693837,2.433117608229319,nan,nan
kmnist,sparsemax,5,29,0.0889890044927597,0.95625,0.9561139227589008,0.15436202629158893,0.33642278735836345,2.41691987713178,nan,nan
kmnist,sparsemax,6,0,1.7507297992706299,0.6099166666666667,0.604201815252474,1.174472689628601,0.4735700947542985,2.651749297976494,nan,nan
kmnist,sparsemax,6,1,0.9808521270751953,0.7314166666666667,0.7287026420609081,0.8058239941795667,0.4517214872563879,2.6179439375797906,nan,nan
kmnist,sparsemax,6,2,0.697811484336853,0.8153333333333334,0.8149287278602456,0.5797611350814501,0.44440911586085957,2.6065084114670753,nan,nan
kmnist,sparsemax,6,3,0.5657320022583008,0.8404166666666667,0.8414826795420194,0.4967188301185767,0.4381142007187009,2.598560146987438,nan,nan
kmnist,sparsemax,6,4,0.48060736060142517,0.86275,0.8631132878928784,0.42543484767278034,0.42499530004958314,2.5789413526654243,nan,nan
kmnist,sparsemax,6,5,0.4315435290336609,0.87125,0.8718704102421562,0.3986480695505937,0.4129349747672677,2.56232221921285,nan,nan
kmnist,sparsemax,6,6,0.3870949447154999,0.8935,0.8941784844545824,0.3365115026632945,0.40757014136761427,2.5551131442189217,nan,nan
kmnist,sparsemax,6,7,0.35250017046928406,0.8995833333333333,0.8998911729343279,0.31412888318300247,0.3976086288069685,2.539527734120687,nan,nan
kmnist,sparsemax,6,8,0.31334537267684937,0.9065833333333333,0.906642211040408,0.2942477228740851,0.3962970143184066,2.5348165730635324,nan,nan
kmnist,sparsemax,6,9,0.2913103997707367,0.9091666666666667,0.909399497750421,0.2852293315033118,0.38656247065713006,2.5077003513773284,nan,nan
kmnist,sparsemax,6,10,0.27153638005256653,0.91475,0.9148875975031403,0.26818302894632023,0.382834376146396,2.5062131012479463,nan,nan
kmnist,sparsemax,6,11,0.2468063235282898,0.9226666666666666,0.9227407784943834,0.24339651378492513,0.37591918154309195,2.488943929473559,nan,nan
kmnist,sparsemax,6,12,0.22899533808231354,0.9320833333333334,0.9321072520165302,0.22171426254014173,0.37241950693229836,2.481131804486116,nan,nan
kmnist,sparsemax,6,13,0.21557508409023285,0.9301666666666667,0.9301340877418447,0.22124643065035343,0.37084086673955124,2.478106421728929,nan,nan
kmnist,sparsemax,6,14,0.20021092891693115,0.9329166666666666,0.9328486616871119,0.21295038859049478,0.36859923259665567,2.480835775534312,nan,nan
kmnist,sparsemax,6,15,0.19120162725448608,0.9386666666666666,0.9388061919089065,0.19706414950390658,0.36842453697075445,2.4815015519658723,nan,nan
kmnist,sparsemax,6,16,0.17855601012706757,0.9368333333333333,0.9370080819583873,0.19939174503087997,0.3618337282290061,2.460555506249269,nan,nan
kmnist,sparsemax,6,17,0.1752014309167862,0.942,0.9420631667943908,0.1878997248907884,0.35740245413035154,2.4496818532546363,nan,nan
kmnist,sparsemax,6,18,0.16339001059532166,0.9455833333333333,0.9455992811088738,0.1832007405658563,0.35806248771647614,2.447167918086052,nan,nan
kmnist,sparsemax,6,19,0.16099949181079865,0.9425,0.942550473588639,0.1859137782206138,0.3538627602780859,2.4435005659858384,nan,nan
kmnist,sparsemax,6,20,0.14379826188087463,0.9474166666666667,0.9475061634373849,0.17359042850633463,0.3544091982766986,2.4445578356583915,nan,nan
kmnist,sparsemax,6,21,0.13944484293460846,0.948,0.9480191043672603,0.170497573291262,0.3545686199019353,2.442147858440876,nan,nan
kmnist,sparsemax,6,22,0.1338682472705841,0.94775,0.9478768093580158,0.1743647139519453,0.35505462034295004,2.442813776433468,nan,nan
kmnist,sparsemax,6,23,0.1318376213312149,0.9496666666666667,0.9497304866190566,0.16436149179935455,0.3488414390012622,2.4248218089342117,nan,nan
kmnist,sparsemax,6,24,0.11971753090620041,0.9505,0.9506154328389943,0.16616304436077675,0.34965018182992935,2.4279402444760003,nan,nan
kmnist,sparsemax,6,25,0.11593078821897507,0.9494166666666667,0.9494166264736146,0.17026142465571562,0.3507256604110201,2.4352706571420035,nan,nan
kmnist,sparsemax,6,26,0.11542242020368576,0.9536666666666667,0.9537109736413287,0.15429602656513453,0.34891970300426084,2.4338431706031165,nan,nan
kmnist,sparsemax,6,27,0.11223985254764557,0.94875,0.9489505124756296,0.1709676549459497,0.34323445552339155,2.4116673270861306,nan,nan
kmnist,sparsemax,6,28,0.1030048355460167,0.9549166666666666,0.9549397210167097,0.1502454892421762,0.34401758046199876,2.4188546538352966,nan,nan
kmnist,sparsemax,6,29,0.0991055965423584,0.9570833333333333,0.9570700126139251,0.14688742657502493,0.33805611450225115,2.4002031857768693,nan,nan
kmnist,sparsemax,7,0,1.7602168321609497,0.6185833333333334,0.6141047499161062,1.1354769517978032,0.4141013727833827,2.4355209146936736,nan,nan
kmnist,sparsemax,7,1,0.9287678599357605,0.7786666666666666,0.7783683403168282,0.6825602576136589,0.38696225453168154,2.395689606666565,nan,nan
kmnist,sparsemax,7,2,0.6382578015327454,0.823,0.825558711204951,0.5368851609528065,0.3769086056078474,2.387098655104637,nan,nan
kmnist,sparsemax,7,3,0.5123319625854492,0.85725,0.8596119519570864,0.44548124447464943,0.3730888158703844,2.405035339295864,nan,nan
kmnist,sparsemax,7,4,0.42775988578796387,0.8859166666666667,0.8870242012016549,0.3575491284330686,0.36236086549858254,2.377252417306105,nan,nan
kmnist,sparsemax,7,5,0.37590065598487854,0.89575,0.8964723950183295,0.3302836939692497,0.36013448362549144,2.3737719878554344,nan,nan
kmnist,sparsemax,7,6,0.3315291702747345,0.9055,0.9063384449115952,0.30322403150300187,0.35282392365237075,2.363006182014942,nan,nan
kmnist,sparsemax,7,7,0.30524057149887085,0.9056666666666666,0.9056615587993166,0.29447346180677414,0.351662317601343,2.3659123529990516,nan,nan
kmnist,sparsemax,7,8,0.2707819938659668,0.9196666666666666,0.919855175004059,0.2579922986527284,0.34795054358740646,2.3583733066916466,nan,nan
kmnist,sparsemax,7,9,0.2601414918899536,0.9146666666666666,0.9150812264314674,0.2675808022419612,0.3462358641748627,2.367821561793486,nan,nan
kmnist,sparsemax,7,10,0.2412286251783371,0.9201666666666667,0.920796513721988,0.25020927873750526,0.342125641182065,2.366379333039125,nan,nan
kmnist,sparsemax,7,11,0.22913022339344025,0.9284166666666667,0.9285885814593321,0.22721651631096998,0.3399199241151412,2.360445668299993,nan,nan
kmnist,sparsemax,7,12,0.21501633524894714,0.9286666666666666,0.9291175268824785,0.2214107991506656,0.33976059158643085,2.3744882916410766,nan,nan
kmnist,sparsemax,7,13,0.1965576410293579,0.9405,0.9405648990411144,0.19193405037124953,0.33740214941402275,2.363919352491697,nan,nan
kmnist,sparsemax,7,14,0.1846662163734436,0.9381666666666667,0.9381052597526987,0.19858608519037566,0.3377743965635697,2.3706606179475784,nan,nan
kmnist,sparsemax,7,15,0.17836898565292358,0.9430833333333334,0.9432783288748817,0.18368201578656831,0.3322718258326252,2.349027767777443,nan,nan
kmnist,sparsemax,7,16,0.16436171531677246,0.941,0.9410393141937636,0.18418117798864841,0.3345425861577193,2.3627230127652488,nan,nan
kmnist,sparsemax,7,17,0.16472551226615906,0.9379166666666666,0.9381599674916489,0.1949800793081522,0.33469159218172234,2.3665473386645317,nan,nan
kmnist,sparsemax,7,18,0.146919846534729,0.9418333333333333,0.9420221832607562,0.18758676884075007,0.33398380192617577,2.3673003936807313,nan,nan
kmnist,sparsemax,7,19,0.14523833990097046,0.9425833333333333,0.9428341937701517,0.17648275879522166,0.33280782494693995,2.3652382319172225,nan,nan
kmnist,sparsemax,7,20,0.14021266996860504,0.94575,0.9460897679947914,0.17420137859880924,0.32786784941951436,2.3481207117438316,nan,nan
kmnist,sparsemax,7,21,0.13239698112010956,0.9476666666666667,0.947862667147338,0.16600861679762602,0.3277691435068846,2.347958527505398,nan,nan
kmnist,sparsemax,7,22,0.1263236701488495,0.9495833333333333,0.9497097398687849,0.16422751111288866,0.32749928409854573,2.350201537211736,nan,nan
kmnist,sparsemax,7,23,0.118905209004879,0.9501666666666667,0.9502863006832822,0.16314182306329408,0.32727753681441146,2.355816682179769,nan,nan
kmnist,sparsemax,7,24,0.11653609573841095,0.9511666666666667,0.9512407590214235,0.16190692503005266,0.3285384463767211,2.363848350942135,nan,nan
kmnist,sparsemax,7,25,0.11511439830064774,0.95,0.9504125916117101,0.16404602956026793,0.3259788155555725,2.3525332982341447,nan,nan
kmnist,sparsemax,7,26,0.10987774282693863,0.9503333333333334,0.95060679092361,0.1611675713211298,0.3238437029843529,2.349339999258518,nan,nan
kmnist,sparsemax,7,27,0.09976454824209213,0.9550833333333333,0.9552107843167505,0.14507535751909018,0.3249332755804062,2.3574622720479965,nan,nan
kmnist,sparsemax,7,28,0.09776361286640167,0.9535,0.953801477334171,0.15380678543200096,0.32273535306255025,2.3526220147808394,nan,nan
kmnist,sparsemax,7,29,0.09374206513166428,0.955,0.9551101914735497,0.14795789246757826,0.320928324945271,2.349500904480616,nan,nan
kmnist,sparsemax,8,0,1.7538352012634277,0.6346666666666667,0.6336427174849857,1.090473085641861,0.4585301158949733,2.695540800690651,nan,nan
kmnist,sparsemax,8,1,0.8999772071838379,0.7851666666666667,0.7862195569646943,0.6690415367484093,0.43648700291911763,2.650612324476242,nan,nan
kmnist,sparsemax,8,2,0.6556966304779053,0.8310833333333333,0.8311596018955898,0.5358129143714905,0.4208643188079198,2.6130033185084662,nan,nan
kmnist,sparsemax,8,3,0.5274375081062317,0.8549166666666667,0.8541752537394542,0.4450934665898482,0.4138813903555274,2.6030525863170624,nan,nan
kmnist,sparsemax,8,4,0.46010729670524597,0.86975,0.8702499383131466,0.40335263560215634,0.40444013352195424,2.5838724871476493,nan,nan
kmnist,sparsemax,8,5,0.4009661376476288,0.8920833333333333,0.8914480126629698,0.3467889291544755,0.39923808568467695,2.5678685754537582,nan,nan
kmnist,sparsemax,8,6,0.35135629773139954,0.8951666666666667,0.8946679137904179,0.3265099668254455,0.39531058724969625,2.5605624367793403,nan,nan
kmnist,sparsemax,8,7,0.3264698386192322,0.9054166666666666,0.9053501531180596,0.29530439463754493,0.3913902233665188,2.5370445450146994,nan,nan
kmnist,sparsemax,8,8,0.2973101735115051,0.9126666666666666,0.912640003408469,0.2694249376654625,0.3842744945238034,2.531666095058123,nan,nan
kmnist,sparsemax,8,9,0.2805921733379364,0.9215,0.9211458153318732,0.2465604872753223,0.379325093391041,2.513178805510203,nan,nan
kmnist,sparsemax,8,10,0.2551617920398712,0.9211666666666667,0.9205968388387001,0.24532231502234936,0.3799104290083051,2.5199043452739716,nan,nan
kmnist,sparsemax,8,11,0.23932957649230957,0.9280833333333334,0.9278236746269307,0.23435553535819054,0.3719679495940606,2.4942234978079796,nan,nan
kmnist,sparsemax,8,12,0.22716288268566132,0.93125,0.9308008273721986,0.2203965081522862,0.3682825146242976,2.487946199874083,nan,nan
kmnist,sparsemax,8,13,0.20855747163295746,0.9304166666666667,0.9301061647086823,0.22071392213304838,0.3667169290905197,2.490141307314237,nan,nan
kmnist,sparsemax,8,14,0.19583415985107422,0.935,0.9348117623581194,0.2053391095250845,0.36247525457292795,2.4759452119469643,nan,nan
kmnist,sparsemax,8,15,0.18988800048828125,0.9335,0.9332913876226978,0.21123094794650873,0.36053291366746026,2.4719540551304817,nan,nan
kmnist,sparsemax,8,16,0.17897376418113708,0.9354166666666667,0.9352223750020773,0.20587888980905214,0.35727525999148685,2.456134609878063,nan,nan
kmnist,sparsemax,8,17,0.16572660207748413,0.943,0.9428394065792043,0.1847560970733563,0.3592993762965004,2.465190514922142,nan,nan
kmnist,sparsemax,8,18,0.16482001543045044,0.9423333333333334,0.9421133835130604,0.18753447818259397,0.3545954233656327,2.452386605242888,nan,nan
kmnist,sparsemax,8,19,0.15630432963371277,0.9438333333333333,0.9436533194976603,0.18793416923532882,0.35466877681513626,2.459617575009664,nan,nan
kmnist,sparsemax,8,20,0.1473965048789978,0.942,0.9416102624071346,0.18945996214946112,0.34992749864856404,2.4414421916007996,nan,nan
kmnist,sparsemax,8,21,0.14409388601779938,0.9461666666666667,0.9459498395653825,0.17747700028121471,0.34988733443121117,2.441011702020963,nan,nan
kmnist,sparsemax,8,22,0.13809198141098022,0.9465,0.9464449991657338,0.18016383393357197,0.3441354427486658,2.4194897239406905,nan,nan
kmnist,sparsemax,8,23,0.13441291451454163,0.949,0.9487126291321808,0.16899131052196026,0.34334148031969863,2.4142122815052667,nan,nan
kmnist,sparsemax,8,24,0.1305800825357437,0.947,0.9467291685770176,0.1744413155441483,0.3464911722888549,2.424006424844265,nan,nan
kmnist,sparsemax,8,25,0.12353688478469849,0.9488333333333333,0.9487404551865758,0.1708717898776134,0.34435521593938273,2.420955871542295,nan,nan
kmnist,sparsemax,8,26,0.1132732704281807,0.95375,0.9536329028297255,0.15497833459327617,0.34555168977628153,2.431473302344481,nan,nan
kmnist,sparsemax,8,27,0.10917768627405167,0.9510833333333333,0.9509384376729211,0.16255410419156155,0.34121638536453247,2.413474773367246,nan,nan
kmnist,sparsemax,8,28,0.1066741794347763,0.9515833333333333,0.9513677702198973,0.16998840495944023,0.34282040627052385,2.421354331076145,nan,nan
kmnist,sparsemax,8,29,0.10752460360527039,0.9534166666666667,0.9532799510187969,0.15325716324150562,0.34144464631875354,2.4113896066943803,nan,nan
kmnist,sparsemax,9,0,1.823894739151001,0.59675,0.5967194324450148,1.2176576505104701,0.45940896185735863,2.6074731424450874,nan,nan
kmnist,sparsemax,9,1,1.003704309463501,0.7573333333333333,0.7584941143177819,0.7503840227921804,0.44327537063509226,2.5999645491441092,nan,nan
kmnist,sparsemax,9,2,0.7150632739067078,0.8088333333333333,0.808671079344902,0.5980268990000089,0.4441132200881839,2.6099265987674394,nan,nan
kmnist,sparsemax,9,3,0.5645276308059692,0.8455833333333334,0.8467309997225474,0.4751485014955203,0.44192908983677626,2.604792351524035,nan,nan
kmnist,sparsemax,9,4,0.468485027551651,0.8705,0.8722516313499673,0.4040834295252959,0.4400874190032482,2.603463940322399,nan,nan
kmnist,sparsemax,9,5,0.40495845675468445,0.8803333333333333,0.8806104719610562,0.37204992895325023,0.4343044130752484,2.5926599949598312,nan,nan
kmnist,sparsemax,9,6,0.3620326817035675,0.9009166666666667,0.9014798930018632,0.31362967814008397,0.4269500554849704,2.575215312341849,nan,nan
kmnist,sparsemax,9,7,0.32073286175727844,0.90625,0.9067930461812377,0.291228008766969,0.4241573301454385,2.570676269630591,nan,nan
kmnist,sparsemax,9,8,0.2955750823020935,0.9124166666666667,0.91265899199126,0.2738460289935271,0.4204451966409882,2.5684288889169693,nan,nan
kmnist,sparsemax,9,9,0.26634693145751953,0.91075,0.9112360337405059,0.270704227189223,0.41756273495654267,2.5607870742678642,nan,nan
kmnist,sparsemax,9,10,0.2548415958881378,0.91925,0.9196005588320606,0.25517911463975906,0.41280255280435085,2.5492888341347375,nan,nan
kmnist,sparsemax,9,11,0.23123866319656372,0.9223333333333333,0.9230461627498322,0.2407877209285895,0.4121635410313805,2.5534254709879556,nan,nan
kmnist,sparsemax,9,12,0.22241416573524475,0.9290833333333334,0.92921298042339,0.22504041468103728,0.40843982590983313,2.542963589231173,nan,nan
kmnist,sparsemax,9,13,0.2040412724018097,0.9290833333333334,0.9296052361569693,0.22002697673936686,0.40650730580091476,2.544645051161448,nan,nan
kmnist,sparsemax,9,14,0.1874418407678604,0.9381666666666667,0.9386771811657562,0.19633961717287698,0.4070470314472914,2.5498611653844514,nan,nan
kmnist,sparsemax,9,15,0.1815292090177536,0.9395,0.9399220986297268,0.1963126454502344,0.4018448904777567,2.536916290720304,nan,nan
kmnist,sparsemax,9,16,0.17442099750041962,0.94175,0.9419390938278838,0.1833876964325706,0.39977728109806776,2.5323648005723953,nan,nan
kmnist,sparsemax,9,17,0.16092437505722046,0.941,0.9413705995173297,0.18779885830978552,0.4013061973576744,2.547388404607773,nan,nan
kmnist,sparsemax,9,18,0.15675735473632812,0.9418333333333333,0.9420403798428119,0.18790322542190552,0.396761800472935,2.5402562022209167,nan,nan
kmnist,sparsemax,9,19,0.15160417556762695,0.9441666666666667,0.9444796862804224,0.18254844595988592,0.3943846908708413,2.5348108112812042,nan,nan
kmnist,sparsemax,9,20,0.1413973867893219,0.9450833333333334,0.945401083954945,0.17414868033180633,0.39289484700808924,2.5252715945243835,nan,nan
kmnist,sparsemax,9,21,0.13330049812793732,0.94975,0.94989577448346,0.1652220500012239,0.38922900923838216,2.5225603878498077,nan,nan
kmnist,sparsemax,9,22,0.1284358948469162,0.9451666666666667,0.9454774741549847,0.1719673074161013,0.3885498037561774,2.5195777118206024,nan,nan
kmnist,sparsemax,9,23,0.12585221230983734,0.952,0.9522068974659991,0.15930221353967985,0.38914190356930095,2.5267971605062485,nan,nan
kmnist,sparsemax,9,24,0.1162618026137352,0.9514166666666667,0.9516102063685901,0.15601738262921572,0.38662285916507244,2.518752629558245,nan,nan
kmnist,sparsemax,9,25,0.11555549502372742,0.9525,0.9526296104442616,0.15648281574249268,0.3882519419615467,2.524488608042399,nan,nan
kmnist,sparsemax,9,26,0.10815226286649704,0.9524166666666667,0.9525604132747165,0.15368719243754944,0.3835309163356821,2.510613133509954,nan,nan
kmnist,sparsemax,9,27,0.10562721639871597,0.95575,0.9559258386398284,0.14753992979725203,0.383314731841286,2.511530175805092,nan,nan
kmnist,sparsemax,9,28,0.10151184350252151,0.9496666666666667,0.9500660950792476,0.16890060156583786,0.3800217928364873,2.5022012144327164,nan,nan
kmnist,sparsemax,9,29,0.09870254248380661,0.9545,0.9546649011791407,0.15388873623063168,0.3750974715997775,2.4932451198498407,nan,nan
kmnist,entmax15,0,0,1.8942557573318481,0.5810833333333333,0.5809097120126208,1.2398336976766586,0.7904992587864399,3.2544344117244086,nan,nan
kmnist,entmax15,0,1,1.0181474685668945,0.7379166666666667,0.7357882129791667,0.7998376935720444,0.7898441640039285,3.250809669494629,nan,nan
kmnist,entmax15,0,2,0.7295542359352112,0.8255,0.8254838136330356,0.5574856499830881,0.7788454256951809,3.2157647609710693,nan,nan
kmnist,entmax15,0,3,0.5743597149848938,0.8413333333333334,0.8415085356074723,0.4967368667324384,0.7647847024103006,3.177067448695501,nan,nan
kmnist,entmax15,0,4,0.4871813952922821,0.8734166666666666,0.8739874035178451,0.40650074432293576,0.7604670512179533,3.1602986504634223,nan,nan
kmnist,entmax15,0,5,0.41089993715286255,0.8814166666666666,0.8815475937625259,0.36447496339678764,0.7546390034258366,3.1421604653199515,nan,nan
kmnist,entmax15,0,6,0.3773156404495239,0.8956666666666667,0.8955718945508014,0.32751648003856343,0.750062902768453,3.13266783952713,nan,nan
kmnist,entmax15,0,7,0.3303227722644806,0.898,0.8985619005170307,0.31576977049311,0.7436323227981726,3.1184254189332328,nan,nan
kmnist,entmax15,0,8,0.2979232668876648,0.9181666666666667,0.9181374363993624,0.2655255254358053,0.7406632155179977,3.1079329599936805,nan,nan
kmnist,entmax15,0,9,0.2779521346092224,0.9216666666666666,0.9216445188730139,0.2457888200879097,0.7397369630634785,3.103335991501808,nan,nan
kmnist,entmax15,0,10,0.2588499188423157,0.92,0.9203744276701293,0.2484640758484602,0.7397448706130186,3.0996451725562415,nan,nan
kmnist,entmax15,0,11,0.24132855236530304,0.9265833333333333,0.9267955035569384,0.22495440021157265,0.7371350638568401,3.092131018638611,nan,nan
kmnist,entmax15,0,12,0.22158271074295044,0.9349166666666666,0.9350562773239103,0.2048226756354173,0.7317052135864893,3.077926740050316,nan,nan
kmnist,entmax15,0,13,0.21014775335788727,0.93,0.9300931179622418,0.21254798211157322,0.7195796469847361,3.0518871595462165,nan,nan
kmnist,entmax15,0,14,0.1999800056219101,0.9341666666666667,0.934595988570783,0.2003532936796546,0.7244095392525196,3.0539810210466385,nan,nan
kmnist,entmax15,0,15,0.18818621337413788,0.9389166666666666,0.9391132844237424,0.18715600731472173,0.7197291478514671,3.0430305500825248,nan,nan
kmnist,entmax15,0,16,0.17700952291488647,0.9413333333333334,0.9414781424298905,0.18202387106915316,0.7136545727650324,3.0317543198664985,nan,nan
kmnist,entmax15,0,17,0.16675196588039398,0.93725,0.9375015920404856,0.19251865583161512,0.711603257805109,3.0232350677251816,nan,nan
kmnist,entmax15,0,18,0.1593986600637436,0.9483333333333334,0.9483828606289404,0.16289388667792082,0.7066541935006777,3.0082550744215646,nan,nan
kmnist,entmax15,0,19,0.15463173389434814,0.9474166666666667,0.9474222983586902,0.16031634900718927,0.7049136857191721,3.0067438979943595,nan,nan
kmnist,entmax15,0,20,0.1419159173965454,0.9419166666666666,0.9422536364565405,0.18280320366223654,0.6981845237314701,2.9852871944506965,nan,nan
kmnist,entmax15,0,21,0.13916701078414917,0.94975,0.9498451060952691,0.16456407122313976,0.6974520819882551,2.9878507206837335,nan,nan
kmnist,entmax15,0,22,0.13741151988506317,0.9458333333333333,0.945917760552258,0.16869150940328836,0.6955666616559029,2.9756577908992767,nan,nan
kmnist,entmax15,0,23,0.1268729269504547,0.94875,0.9487060553359099,0.1609007284666101,0.6928384676575661,2.967163845896721,nan,nan
kmnist,entmax15,0,24,0.12383467704057693,0.95,0.9501248128023521,0.15645836821446815,0.6930943503975868,2.9649709463119507,nan,nan
kmnist,entmax15,0,25,0.11796296387910843,0.9525,0.9524256771326807,0.15091558763136467,0.6876636110246181,2.9558321684598923,nan,nan
kmnist,entmax15,0,26,0.11096635460853577,0.9559166666666666,0.9559681879557219,0.14283177567025027,0.6843405043085417,2.9450298845767975,nan,nan
kmnist,entmax15,0,27,0.10697721689939499,0.9544166666666667,0.9544913482870788,0.14779110345989466,0.6810816377401352,2.9366484880447388,nan,nan
kmnist,entmax15,0,28,0.1000528410077095,0.95325,0.9533270274046464,0.15043363720178604,0.6795078851282597,2.9279687305291495,nan,nan
kmnist,entmax15,0,29,0.09616412967443466,0.95625,0.9562750551917061,0.14489425967137018,0.6818811769286791,2.9375062584877014,nan,nan
kmnist,entmax15,1,0,1.8320631980895996,0.605,0.6035831140635817,1.1946742087602615,0.7351965035001436,3.090951253970464,nan,nan
kmnist,entmax15,1,1,1.0526024103164673,0.7295,0.7308565356126875,0.8321472754081091,0.759711733708779,3.181424602866173,nan,nan
kmnist,entmax15,1,2,0.7703166604042053,0.791,0.7916113355757166,0.646342913309733,0.7690511594216028,3.194239725669225,nan,nan
kmnist,entmax15,1,3,0.6199600100517273,0.8364166666666667,0.8370042889700334,0.514314666390419,0.7656351216137409,3.173093482851982,nan,nan
kmnist,entmax15,1,4,0.5251831412315369,0.8445,0.8451825310749743,0.4735814556479454,0.7647092317541441,3.160287102063497,nan,nan
kmnist,entmax15,1,5,0.4533340334892273,0.8781666666666667,0.8790117206837011,0.3817745161553224,0.7563475097219149,3.139497091372808,nan,nan
kmnist,entmax15,1,6,0.3959940969944,0.8873333333333333,0.8882235641447297,0.359162117044131,0.7533352188766003,3.1269655972719193,nan,nan
kmnist,entmax15,1,7,0.356395959854126,0.8989166666666667,0.8991751668371084,0.3176649349431197,0.7500929658611616,3.1237056205670037,nan,nan
kmnist,entmax15,1,8,0.3300958573818207,0.9058333333333334,0.9059857417193156,0.2997186165302992,0.746610996623834,3.105112279454867,nan,nan
kmnist,entmax15,1,9,0.30991238355636597,0.91,0.9100019009641057,0.2802543578048547,0.7409516274929047,3.092054615418116,nan,nan
kmnist,entmax15,1,10,0.2787500023841858,0.92475,0.9251679961940825,0.24442614863316217,0.7432616340617338,3.0962076832850776,nan,nan
kmnist,entmax15,1,11,0.26023533940315247,0.9289166666666666,0.9292836469641067,0.22899548212687174,0.7397137507796288,3.0862862120072045,nan,nan
kmnist,entmax15,1,12,0.24283108115196228,0.922,0.9220630972999537,0.24231047617892423,0.7302376056710879,3.064711019396782,nan,nan
kmnist,entmax15,1,13,0.23387110233306885,0.9346666666666666,0.9347716219064306,0.21300466420749822,0.7368091059227785,3.0726137459278107,nan,nan
kmnist,entmax15,1,14,0.21716152131557465,0.9335833333333333,0.93375395652635,0.20717643139262995,0.7395770326256752,3.0837790767351785,nan,nan
kmnist,entmax15,1,15,0.20767465233802795,0.9349166666666666,0.9351943838648971,0.21237262152135372,0.7387260856727759,3.076544612646103,nan,nan
kmnist,entmax15,1,16,0.2015562802553177,0.9419166666666666,0.9419415065087794,0.1892105552057425,0.7362577927609285,3.071446309487025,nan,nan
kmnist,entmax15,1,17,0.1853650063276291,0.94075,0.9408672844077662,0.19135320310791334,0.7353093201915423,3.063765605290731,nan,nan
kmnist,entmax15,1,18,0.18155395984649658,0.9416666666666667,0.9417923605709163,0.1921850424259901,0.7352788895368576,3.0666264444589615,nan,nan
kmnist,entmax15,1,19,0.16701598465442657,0.9468333333333333,0.9468812390704677,0.17488766151169935,0.7298153626422087,3.0530849496523538,nan,nan
kmnist,entmax15,1,20,0.15888305008411407,0.945,0.9450405807673075,0.17849898245185614,0.7280547767877579,3.0490842511256537,nan,nan
kmnist,entmax15,1,21,0.15096837282180786,0.9520833333333333,0.952151475782788,0.1612054454162717,0.7277176069716612,3.0516106337308884,nan,nan
kmnist,entmax15,1,22,0.14973078668117523,0.95,0.9501320657864205,0.16538860773046812,0.723386305073897,3.0383042792479196,nan,nan
kmnist,entmax15,1,23,0.14177002012729645,0.95175,0.9519117919284887,0.16073546387876073,0.7205788145462672,3.0355786979198456,nan,nan
kmnist,entmax15,1,24,0.13675689697265625,0.9508333333333333,0.9508539269885994,0.16750649269670248,0.7182274746398131,3.0276206533114114,nan,nan
kmnist,entmax15,1,25,0.1347915679216385,0.95325,0.9533554892912355,0.15968862734735012,0.7168110522131125,3.0252786527077355,nan,nan
kmnist,entmax15,1,26,0.12574851512908936,0.9565833333333333,0.9566274895317479,0.14556426306565604,0.7178498655557632,3.0285351226727166,nan,nan
kmnist,entmax15,1,27,0.1198141872882843,0.9541666666666667,0.954268558206828,0.15744407506038746,0.7206892396012942,3.0361850361029306,nan,nan
kmnist,entmax15,1,28,0.11791281402111053,0.9551666666666667,0.9551688826029924,0.15041748185952505,0.7174802782634894,3.0254012842973075,nan,nan
kmnist,entmax15,1,29,0.11622639745473862,0.9588333333333333,0.9589264515561038,0.14204102785636982,0.7102492960790793,3.004749685525894,nan,nan
kmnist,entmax15,2,0,1.873390793800354,0.5764166666666667,0.5768713500764948,1.2686100949843724,0.7660540826618671,3.1925734827915826,nan,nan
kmnist,entmax15,2,1,1.0527907609939575,0.75025,0.7528337093695228,0.783896247545878,0.7760354243218899,3.2469225078821182,nan,nan
kmnist,entmax15,2,2,0.7283281087875366,0.8068333333333333,0.8055687874096564,0.5983759239315987,0.7705711970726649,3.2344250082969666,nan,nan
kmnist,entmax15,2,3,0.5764139890670776,0.8565,0.8564973622236982,0.46857837090889615,0.7494283554454645,3.1861871431271234,nan,nan
kmnist,entmax15,2,4,0.46654054522514343,0.8765833333333334,0.876911300854475,0.399554514636596,0.741736085464557,3.1754268954197564,nan,nan
kmnist,entmax15,2,5,0.400829553604126,0.885,0.8853045987397736,0.3646930865943432,0.73873774583141,3.1663800279299417,nan,nan
kmnist,entmax15,2,6,0.35652783513069153,0.90175,0.9023925017310269,0.31994526957472164,0.7280970302720865,3.143222838640213,nan,nan
kmnist,entmax15,2,7,0.3210006356239319,0.896,0.8962856924165401,0.32695340116818744,0.7240445104738077,3.1305240442355475,nan,nan
kmnist,entmax15,2,8,0.2890947759151459,0.91625,0.9165900275179621,0.2703950311988592,0.7219075734416643,3.121590574582418,nan,nan
kmnist,entmax15,2,9,0.2739236354827881,0.9103333333333333,0.9103946888482625,0.29064324125647545,0.7190050296485424,3.109601919849714,nan,nan
kmnist,entmax15,2,10,0.24706782400608063,0.9271666666666667,0.9273199357555159,0.235855250308911,0.7176844427982966,3.107615311940511,nan,nan
kmnist,entmax15,2,11,0.23042909801006317,0.9206666666666666,0.9210732088683653,0.2608312573283911,0.7137027295927206,3.0979248533646264,nan,nan
kmnist,entmax15,2,12,0.21796095371246338,0.9328333333333333,0.9330698208511337,0.21725494911273321,0.7101935570438703,3.0808278769254684,nan,nan
kmnist,entmax15,2,13,0.20955687761306763,0.9325,0.9327190009941406,0.2266958753267924,0.7039867291847864,3.070821836590767,nan,nan
kmnist,entmax15,2,14,0.1967538595199585,0.9335833333333333,0.9340275651698583,0.2131748323639234,0.7040720023214817,3.0640798062086105,nan,nan
kmnist,entmax15,2,15,0.1870572865009308,0.9401666666666667,0.9402777396411016,0.1977532139668862,0.7004844943682352,3.0563929080963135,nan,nan
kmnist,entmax15,2,16,0.17863281071186066,0.9421666666666667,0.9423772722083559,0.19187568066020808,0.7022671438753605,3.0575849264860153,nan,nan
kmnist,entmax15,2,17,0.16691245138645172,0.94175,0.9419847124738073,0.18950549823542437,0.7039225560923418,3.058025509119034,nan,nan
kmnist,entmax15,2,18,0.16074419021606445,0.943,0.9432816042759118,0.18772794554630914,0.6957213692367077,3.031421959400177,nan,nan
kmnist,entmax15,2,19,0.14896920323371887,0.9441666666666667,0.9444795829023848,0.17814274008075395,0.6982353987793127,3.033458868662516,nan,nan
kmnist,entmax15,2,20,0.1444116085767746,0.9468333333333333,0.9470784460704692,0.1735792395969232,0.6964822995165983,3.0276663452386856,nan,nan
kmnist,entmax15,2,21,0.14032624661922455,0.9468333333333333,0.9469548337475121,0.1786043538401524,0.6962865988413492,3.0232569773991904,nan,nan
kmnist,entmax15,2,22,0.13321368396282196,0.9474166666666667,0.9476551807606546,0.17254746332764626,0.6898935027420521,3.006962299346924,nan,nan
kmnist,entmax15,2,23,0.1230267807841301,0.95275,0.9528823010856107,0.15667217876762152,0.6904805588225523,3.0117969661951065,nan,nan
kmnist,entmax15,2,24,0.11875419318675995,0.95275,0.952919453738723,0.16165240543584028,0.6895760595798492,3.006650999188423,nan,nan
kmnist,entmax15,2,25,0.11454122513532639,0.9523333333333334,0.9524978743410003,0.15809647149095932,0.6848369551201662,2.9934626668691635,nan,nan
kmnist,entmax15,2,26,0.11430711299180984,0.9475,0.9477820515551608,0.17221135770281157,0.6856950198610624,2.9927931129932404,nan,nan
kmnist,entmax15,2,27,0.10407263785600662,0.9539166666666666,0.9541075445019294,0.15386607125401497,0.6814484472076098,2.9851635793844857,nan,nan
kmnist,entmax15,2,28,0.10631225258111954,0.9543333333333334,0.9545300926965485,0.15356134747465452,0.6803584471344948,2.980957036217054,nan,nan
kmnist,entmax15,2,29,0.09810628741979599,0.95575,0.9559754057272041,0.1494865066682299,0.6834863051772118,2.9815658777952194,nan,nan
kmnist,entmax15,3,0,1.858432412147522,0.5824166666666667,0.5777615654658658,1.2548027336597443,0.7983016955355803,3.2655441065629325,nan,nan
kmnist,entmax15,3,1,1.0205624103546143,0.7505833333333334,0.7514893769965743,0.7839870204528173,0.7736469358205795,3.2277079969644547,nan,nan
kmnist,entmax15,3,2,0.7174339890480042,0.8056666666666666,0.8060036896712217,0.6036384329199791,0.7716385237872601,3.2190189162890115,nan,nan
kmnist,entmax15,3,3,0.5730793476104736,0.8490833333333333,0.8488260042440643,0.4784735230108102,0.765015497803688,3.2016421953837075,nan,nan
kmnist,entmax15,3,4,0.4718792140483856,0.8725833333333334,0.8723800383697183,0.4056595067183177,0.7577510414024194,3.18114306529363,nan,nan
kmnist,entmax15,3,5,0.4035659730434418,0.8870833333333333,0.8867121365266126,0.35714416578412056,0.7539010023077329,3.1652389019727707,nan,nan
kmnist,entmax15,3,6,0.3513270318508148,0.8974166666666666,0.8978704081613549,0.33022746443748474,0.7447197598715624,3.134839246670405,nan,nan
kmnist,entmax15,3,7,0.3195418119430542,0.9090833333333334,0.9092970359621455,0.2976420186460018,0.7452707141637802,3.128659263253212,nan,nan
kmnist,entmax15,3,8,0.28534412384033203,0.91875,0.918936957315414,0.2583487828572591,0.7405583324531714,3.113369236389796,nan,nan
kmnist,entmax15,3,9,0.2590716779232025,0.9220833333333334,0.9220161695282302,0.24788171549638113,0.7279302515089512,3.0808250457048416,nan,nan
kmnist,entmax15,3,10,0.24678894877433777,0.9183333333333333,0.9183315741464597,0.25659495405852795,0.7221050548056761,3.065659746527672,nan,nan
kmnist,entmax15,3,11,0.22700096666812897,0.9324166666666667,0.9322334498154344,0.21246124369402727,0.7191465894381205,3.054167295495669,nan,nan
kmnist,entmax15,3,12,0.20665889978408813,0.935,0.9349491272277282,0.20633574140568575,0.7139988255997499,3.0463146517674127,nan,nan
kmnist,entmax15,3,13,0.20024283230304718,0.9360833333333334,0.9363379452463766,0.2057337916145722,0.7113682366907597,3.03931554655234,nan,nan
kmnist,entmax15,3,14,0.18369480967521667,0.9376666666666666,0.9375413978382088,0.20262655119101206,0.7081470799942812,3.0335564762353897,nan,nan
kmnist,entmax15,3,15,0.17795497179031372,0.9415833333333333,0.9414739253520359,0.19058354633549848,0.7079042953749498,3.027734393874804,nan,nan
kmnist,entmax15,3,16,0.1664930284023285,0.9473333333333334,0.947324132635786,0.17703686157862344,0.7048277668654919,3.0197969873746238,nan,nan
kmnist,entmax15,3,17,0.1530047059059143,0.94725,0.9472764145869309,0.17482908566792807,0.7005157582461834,3.0107688258091607,nan,nan
kmnist,entmax15,3,18,0.14504972100257874,0.941,0.9409102800851175,0.1911764188359181,0.7017241977155209,3.0154919177293777,nan,nan
kmnist,entmax15,3,19,0.14054366946220398,0.9458333333333333,0.9459422458385864,0.17264481633901596,0.6935138180851936,2.9967346588770547,nan,nan
kmnist,entmax15,3,20,0.1360725611448288,0.955,0.9549966837038892,0.15099882520735264,0.6946329822142919,2.9957910577456155,nan,nan
kmnist,entmax15,3,21,0.1268450915813446,0.9515,0.9514718515752983,0.16934027709066868,0.6949496194720268,2.9975941131512323,nan,nan
kmnist,entmax15,3,22,0.1265934258699417,0.9521666666666667,0.952151259597049,0.16493522065381208,0.6920359879732132,2.9880644977092743,nan,nan
kmnist,entmax15,3,23,0.12038116902112961,0.9593333333333334,0.9593109084295219,0.139754431322217,0.6932250993947188,2.9917500416437783,nan,nan
kmnist,entmax15,3,24,0.11283541470766068,0.9579166666666666,0.9580058692949398,0.1423829421401024,0.6943652729193369,2.9950019667545953,nan,nan
kmnist,entmax15,3,25,0.10626620054244995,0.9588333333333333,0.9589095034120027,0.14110937217871347,0.6908573644856612,2.9849744935830436,nan,nan
kmnist,entmax15,3,26,0.0997709184885025,0.95875,0.958744970507764,0.14094302306572595,0.6909899028638998,2.9836720526218414,nan,nan
kmnist,entmax15,3,27,0.10418329387903214,0.9601666666666666,0.9602111437864075,0.1407632054761052,0.688154666374127,2.9774969965219498,nan,nan
kmnist,entmax15,3,28,0.09662558138370514,0.9535,0.9534594671766399,0.15463480974237123,0.6921850430468718,2.9865470031897225,nan,nan
kmnist,entmax15,3,29,0.09176675975322723,0.9624166666666667,0.9624354088406083,0.134282810613513,0.6827237072090308,2.961043412486712,nan,nan
