dataset,method,seed,epoch,train_loss,val_accuracy,val_macro_f1,val_loss,attention_density,attention_entropy,alpha_mean,alpha_std
cifar10,softmax,1,0,2.2041327953338623,0.181,0.13440921073998682,2.165685921907425,1.0,4.14956259727478,nan,nan
cifar10,softmax,1,1,2.034989356994629,0.269,0.23022695191583606,1.9385889023542404,0.9999727606773376,4.035112485289574,nan,nan
cifar10,softmax,1,2,1.9249825477600098,0.291,0.26277357026603954,1.8711898028850555,0.9999714456498623,3.989028126001358,nan,nan
cifar10,softmax,1,3,1.8235682249069214,0.314,0.29643428503568836,1.813990369439125,0.9999689720571041,4.026230081915855,nan,nan
cifar10,softmax,1,4,1.7493269443511963,0.332,0.3043108098773325,1.8128338158130646,0.9999516345560551,3.997906371951103,nan,nan
cifar10,softmax,1,5,1.7010183334350586,0.3525,0.34635829543354774,1.7212510406970978,0.9999771416187286,3.988054394721985,nan,nan
cifar10,softmax,1,6,1.6319067478179932,0.381,0.3601093403543736,1.6948619782924652,0.9999957978725433,3.999783977866173,nan,nan
cifar10,softmax,1,7,1.6006799936294556,0.384,0.37539174009146686,1.6568879187107086,0.9999984577298164,4.005785897374153,nan,nan
cifar10,softmax,1,8,1.558305263519287,0.4075,0.3888752717105149,1.6161351799964905,0.9999925829470158,3.990487679839134,nan,nan
cifar10,softmax,1,9,1.5200655460357666,0.412,0.3936315083937078,1.5834494680166245,0.9999980740249157,3.98184335231781,nan,nan
cifar10,softmax,1,10,1.474534273147583,0.4205,0.40133257073448264,1.569829285144806,0.9999997057020664,3.980887606739998,nan,nan
cifar10,softmax,1,11,1.4463536739349365,0.436,0.43084316795072936,1.5393196493387222,0.9999985992908478,3.9630563855171204,nan,nan
cifar10,softmax,1,12,1.415959119796753,0.423,0.41227241129934117,1.5456021130084991,0.9999988749623299,3.9707139283418655,nan,nan
cifar10,softmax,1,13,1.4084359407424927,0.432,0.4240482744451401,1.552050620317459,0.9999991245567799,3.9509365260601044,nan,nan
cifar10,softmax,1,14,1.3629913330078125,0.4365,0.4358382046476391,1.5411373227834702,0.9999987743794918,3.944975718855858,nan,nan
cifar10,softmax,1,15,1.373674988746643,0.435,0.41689985884696484,1.541078820824623,0.9999950490891933,3.9359908550977707,nan,nan
cifar10,softmax,1,16,1.3379526138305664,0.445,0.43850878334142906,1.5113687962293625,0.9999975748360157,3.9256097972393036,nan,nan
cifar10,softmax,1,17,1.3177285194396973,0.4665,0.4635972450435732,1.4599787443876266,0.9999965652823448,3.936231791973114,nan,nan
cifar10,softmax,1,18,1.2868207693099976,0.4725,0.46874230224932295,1.4748752117156982,0.9999982677400112,3.921300306916237,nan,nan
cifar10,softmax,1,19,1.2767225503921509,0.47,0.46349723643784796,1.4974266439676285,0.9999977052211761,3.8965291380882263,nan,nan
cifar10,softmax,1,20,1.2534825801849365,0.4615,0.45292877625056577,1.471608281135559,0.9999950490891933,3.901819869875908,nan,nan
cifar10,softmax,1,21,1.2340158224105835,0.476,0.4654344423808158,1.4494638293981552,0.9999981820583344,3.8980534374713898,nan,nan
cifar10,softmax,1,22,1.2075438499450684,0.4745,0.46948735977110323,1.4534278810024261,0.9999898299574852,3.9058421850204468,nan,nan
cifar10,softmax,1,23,1.205532431602478,0.481,0.4671906322573515,1.4631304740905762,0.9999947473406792,3.872434988617897,nan,nan
cifar10,softmax,1,24,1.1711034774780273,0.4825,0.4743891425687147,1.474772647023201,0.999993409961462,3.874204084277153,nan,nan
cifar10,softmax,1,25,1.179569125175476,0.4795,0.47693762115874705,1.4601829946041107,0.9999933056533337,3.87218077480793,nan,nan
cifar10,softmax,1,26,1.132015347480774,0.476,0.46277868171502723,1.5134634375572205,0.9999914392828941,3.8732786625623703,nan,nan
cifar10,softmax,1,27,1.1089359521865845,0.486,0.48081146267528424,1.4474862962961197,0.9999927580356598,3.856424778699875,nan,nan
cifar10,softmax,1,28,1.1277059316635132,0.477,0.4817474266672158,1.5062424093484879,0.9999775923788548,3.8614044189453125,nan,nan
cifar10,softmax,1,29,1.109056830406189,0.4935,0.48367422191717074,1.4491320848464966,0.9999865107238293,3.8729146271944046,nan,nan
cifar10,softmax,2,0,2.2428507804870605,0.199,0.13844299753797748,2.1643966138362885,1.0,4.140675485134125,nan,nan
cifar10,softmax,2,1,2.0653443336486816,0.2625,0.21999718676753574,1.9903351813554764,0.9999840296804905,4.067335709929466,nan,nan
cifar10,softmax,2,2,1.9437541961669922,0.3055,0.27620591369995906,1.8638541549444199,0.9999899715185165,4.0494634956121445,nan,nan
cifar10,softmax,2,3,1.842771291732788,0.344,0.3033607488207398,1.7652232348918915,0.9999995827674866,4.011698499321938,nan,nan
cifar10,softmax,2,4,1.7585647106170654,0.362,0.33238352287689227,1.718014344573021,1.0,4.007620960474014,nan,nan
cifar10,softmax,2,5,1.6972507238388062,0.37,0.33552375134138934,1.715319648385048,0.9999997243285179,3.976835697889328,nan,nan
cifar10,softmax,2,6,1.6478065252304077,0.408,0.3908843921874428,1.622809186577797,0.9999949671328068,3.9510455578565598,nan,nan
cifar10,softmax,2,7,1.6165953874588013,0.401,0.3749310474932771,1.6310322880744934,0.9999965243041515,3.9655881375074387,nan,nan
cifar10,softmax,2,8,1.571920394897461,0.448,0.4332882031835461,1.533509761095047,0.9999796450138092,3.958369106054306,nan,nan
cifar10,softmax,2,9,1.5207301378250122,0.4335,0.4240579582525381,1.579890862107277,0.9999610893428326,3.9392595142126083,nan,nan
cifar10,softmax,2,10,1.488523006439209,0.4365,0.41551624347742716,1.535472720861435,0.9999847933650017,3.9475022107362747,nan,nan
cifar10,softmax,2,11,1.4666247367858887,0.456,0.43485936197993497,1.5117660760879517,0.9999448694288731,3.9352858513593674,nan,nan
cifar10,softmax,2,12,1.4360891580581665,0.465,0.44045276210895307,1.4897985309362411,0.9999812133610249,3.938408747315407,nan,nan
cifar10,softmax,2,13,1.42191743850708,0.469,0.4637353458373828,1.4776625633239746,0.9999408982694149,3.915907993912697,nan,nan
cifar10,softmax,2,14,1.37466299533844,0.4875,0.4863154170703147,1.4482107311487198,0.9999208077788353,3.9383480846881866,nan,nan
cifar10,softmax,2,15,1.35073983669281,0.462,0.45020854066842253,1.4606425911188126,0.9998698867857456,3.918688714504242,nan,nan
cifar10,softmax,2,16,1.3263483047485352,0.48,0.45847173296972593,1.4512595683336258,0.999916385859251,3.9290751963853836,nan,nan
cifar10,softmax,2,17,1.301448106765747,0.506,0.5019606165086974,1.4005051404237747,0.9997827224433422,3.910631537437439,nan,nan
cifar10,softmax,2,18,1.276314616203308,0.504,0.49350739130657095,1.4131747782230377,0.9999333769083023,3.936164230108261,nan,nan
cifar10,softmax,2,19,1.2738893032073975,0.4925,0.47757991538544103,1.441006913781166,0.9997691474854946,3.8994130194187164,nan,nan
cifar10,softmax,2,20,1.2401940822601318,0.5085,0.4964440226085441,1.3877980560064316,0.9998877607285976,3.911482036113739,nan,nan
cifar10,softmax,2,21,1.2202975749969482,0.5135,0.5111955129786542,1.3620476573705673,0.9996318109333515,3.9080790132284164,nan,nan
cifar10,softmax,2,22,1.1943730115890503,0.511,0.4975121021711549,1.378992274403572,0.9998686835169792,3.9143553525209427,nan,nan
cifar10,softmax,2,23,1.1978837251663208,0.5055,0.5017521422061952,1.3831590861082077,0.9992149323225021,3.891163468360901,nan,nan
cifar10,softmax,2,24,1.170370101928711,0.511,0.5083354252412625,1.3913459926843643,0.9992176406085491,3.8831832259893417,nan,nan
cifar10,softmax,2,25,1.1570717096328735,0.5015,0.5026762430392859,1.4136225134134293,0.9996750950813293,3.888123258948326,nan,nan
cifar10,softmax,2,26,1.1296207904815674,0.4985,0.4949881951694451,1.4170577675104141,0.9992936216294765,3.8720968514680862,nan,nan
cifar10,softmax,3,0,2.252267360687256,0.1815,0.12777909910504165,2.164297938346863,1.0,4.141683042049408,nan,nan
cifar10,softmax,3,1,2.071967124938965,0.2325,0.1983515805517094,2.0155290216207504,0.9999992996454239,4.073537677526474,nan,nan
cifar10,softmax,3,2,1.9460828304290771,0.2945,0.25509467658860807,1.9381823539733887,0.9999970085918903,3.995949774980545,nan,nan
cifar10,softmax,3,3,1.8420591354370117,0.314,0.27072338421270564,1.8206377476453781,0.9999975338578224,3.9514487236738205,nan,nan
cifar10,softmax,3,4,1.7504597902297974,0.364,0.32970424755860456,1.7201427221298218,0.9999999701976776,3.931713491678238,nan,nan
cifar10,softmax,3,5,1.681387186050415,0.3795,0.3529773903508328,1.6607368141412735,0.9999877922236919,3.912231281399727,nan,nan
cifar10,softmax,3,6,1.6338235139846802,0.4015,0.38508457874967233,1.6237522661685944,0.9999538995325565,3.9048217087984085,nan,nan
cifar10,softmax,3,7,1.5753341913223267,0.404,0.3860866667915231,1.6026932746171951,0.9999531991779804,3.907179057598114,nan,nan
cifar10,softmax,3,8,1.5340839624404907,0.4065,0.3780830532156462,1.634181722998619,0.9999605789780617,3.908173233270645,nan,nan
cifar10,softmax,3,9,1.5300142765045166,0.426,0.4085919797263552,1.579293966293335,0.9999823123216629,3.926396071910858,nan,nan
cifar10,softmax,3,10,1.4887992143630981,0.4195,0.41527829828169815,1.5940828621387482,0.9999796263873577,3.9180544018745422,nan,nan
cifar10,softmax,3,11,1.4699381589889526,0.414,0.400781324517231,1.554866999387741,0.9999112784862518,3.903204396367073,nan,nan
cifar10,softmax,3,12,1.4174690246582031,0.45,0.4442650224824298,1.4916357398033142,0.999929640442133,3.9051694869995117,nan,nan
cifar10,softmax,3,13,1.3823994398117065,0.455,0.44897395234539417,1.4714072942733765,0.9999148659408092,3.888754054903984,nan,nan
cifar10,softmax,3,14,1.368067741394043,0.4495,0.44303655452305357,1.5182640552520752,0.9998980723321438,3.8893389850854874,nan,nan
cifar10,softmax,3,15,1.3507378101348877,0.448,0.4289417542453332,1.5053522139787674,0.9998110942542553,3.875491574406624,nan,nan
cifar10,softmax,3,16,1.3230952024459839,0.47,0.4553969744196179,1.4610912650823593,0.9997767135500908,3.8706483393907547,nan,nan
cifar10,softmax,3,17,1.3308688402175903,0.459,0.4447859878181367,1.5029865205287933,0.9998537749052048,3.865045264363289,nan,nan
cifar10,softmax,3,18,1.3066847324371338,0.475,0.4637600360341369,1.439272180199623,0.9997440353035927,3.849714905023575,nan,nan
cifar10,softmax,3,19,1.256970763206482,0.4835,0.47267336401067217,1.4418103843927383,0.9998007379472256,3.8361358493566513,nan,nan
cifar10,softmax,3,20,1.246246337890625,0.488,0.4807933771088919,1.4322288781404495,0.9996520280838013,3.826712816953659,nan,nan
cifar10,softmax,3,21,1.2359222173690796,0.4715,0.4579798285362589,1.5049665123224258,0.9997310638427734,3.826535224914551,nan,nan
cifar10,softmax,3,22,1.2125054597854614,0.4845,0.4688027046605495,1.4220755696296692,0.9997046664357185,3.8044986724853516,nan,nan
cifar10,softmax,3,23,1.1948922872543335,0.4745,0.4591081433203894,1.42694653570652,0.9996971189975739,3.808641791343689,nan,nan
cifar10,softmax,3,24,1.1859887838363647,0.4895,0.4826803118992874,1.440430223941803,0.99974300339818,3.7818951457738876,nan,nan
cifar10,softmax,3,25,1.1651118993759155,0.513,0.5087670885704465,1.3973823338747025,0.9993340745568275,3.7506546825170517,nan,nan
cifar10,softmax,3,26,1.144162654876709,0.502,0.49190269966183753,1.3921128064393997,0.9996668286621571,3.772049754858017,nan,nan
cifar10,softmax,3,27,1.1195000410079956,0.485,0.4822176987242356,1.4596780389547348,0.9990055598318577,3.72856605052948,nan,nan
cifar10,softmax,3,28,1.120352029800415,0.5015,0.4894445826730293,1.410364255309105,0.9994689039885998,3.7439102828502655,nan,nan
cifar10,softmax,3,29,1.0893943309783936,0.5055,0.5069166877764345,1.420672968029976,0.9996062144637108,3.7400061637163162,nan,nan
cifar10,softmax,4,0,2.282733678817749,0.1965,0.1213615856088961,2.141760915517807,1.0,4.13666158914566,nan,nan
cifar10,softmax,4,1,2.089775800704956,0.208,0.1628094531237876,2.0598132461309433,0.9999960064888,4.008444756269455,nan,nan
cifar10,softmax,4,2,1.9823360443115234,0.2745,0.24575090445429626,1.9358286261558533,0.9999703764915466,4.03588142991066,nan,nan
cifar10,softmax,4,3,1.8879039287567139,0.3035,0.2695469168368586,1.8584293127059937,0.9999540336430073,4.0037010461091995,nan,nan
cifar10,softmax,4,4,1.822314977645874,0.321,0.3060911878129706,1.8376816809177399,0.9999366365373135,3.906577229499817,nan,nan
cifar10,softmax,4,5,1.7387113571166992,0.3555,0.3488375603792595,1.7196626961231232,0.9997856840491295,3.8646543622016907,nan,nan
cifar10,softmax,4,6,1.644197702407837,0.3875,0.3694737403927571,1.7018221020698547,0.9995714388787746,3.879691481590271,nan,nan
cifar10,softmax,4,7,1.5921534299850464,0.3915,0.3744959110594537,1.6180195361375809,0.9992234855890274,3.8529848903417587,nan,nan
cifar10,softmax,4,8,1.5440024137496948,0.407,0.3965642582996699,1.5824025571346283,0.9993941932916641,3.8450310677289963,nan,nan
cifar10,softmax,4,9,1.4952806234359741,0.424,0.40919271606043023,1.5445620715618134,0.999454066157341,3.861310228705406,nan,nan
cifar10,softmax,4,10,1.4831150770187378,0.4305,0.41837008148069527,1.5324758291244507,0.9995047301054001,3.8637207448482513,nan,nan
cifar10,softmax,4,11,1.441494107246399,0.448,0.43519238933989957,1.5060135275125504,0.999777540564537,3.8743617087602615,nan,nan
cifar10,softmax,4,12,1.4004820585250854,0.4515,0.44730812383537344,1.483727976679802,0.9995656237006187,3.869865119457245,nan,nan
cifar10,softmax,4,13,1.3650414943695068,0.443,0.4279059563005004,1.5274428874254227,0.9998288005590439,3.8802873343229294,nan,nan
cifar10,softmax,4,14,1.3548486232757568,0.4555,0.43430574325736765,1.4752350151538849,0.9998001642525196,3.8602513670921326,nan,nan
cifar10,softmax,4,15,1.3222103118896484,0.4395,0.43501039746211256,1.4775707572698593,0.9994989074766636,3.829263359308243,nan,nan
cifar10,softmax,4,16,1.2968744039535522,0.463,0.4532505072257783,1.451207086443901,0.9997988902032375,3.8532085865736008,nan,nan
cifar10,softmax,4,17,1.2674808502197266,0.4555,0.4565760982330625,1.5077349096536636,0.9998101033270359,3.8289541006088257,nan,nan
cifar10,softmax,4,18,1.2770423889160156,0.46,0.45563667122735996,1.5227361023426056,0.9993876591324806,3.7996689826250076,nan,nan
cifar10,softmax,4,19,1.2407749891281128,0.4695,0.46428330619585667,1.4638589471578598,0.999282494187355,3.813164174556732,nan,nan
cifar10,softmax,4,20,1.2195370197296143,0.474,0.46560330362256447,1.4520985931158066,0.9997435621917248,3.807670623064041,nan,nan
cifar10,softmax,4,21,1.2122761011123657,0.4755,0.4710761734317634,1.4466626644134521,0.9994749575853348,3.8049044013023376,nan,nan
cifar10,softmax,4,22,1.184837818145752,0.4855,0.47757391986619213,1.4434606283903122,0.9995499104261398,3.78899709880352,nan,nan
cifar10,softmax,4,23,1.15980863571167,0.482,0.4752787420832384,1.463058739900589,0.9993433393537998,3.777671694755554,nan,nan
cifar10,softmax,4,24,1.1443382501602173,0.4885,0.4874427208894329,1.4308671057224274,0.9993583485484123,3.7664340138435364,nan,nan
cifar10,softmax,4,25,1.1300028562545776,0.484,0.48266944354341595,1.452404797077179,0.999111644923687,3.754533275961876,nan,nan
cifar10,softmax,4,26,1.1255632638931274,0.492,0.48521148762537136,1.437925174832344,0.999455664306879,3.7871534675359726,nan,nan
cifar10,softmax,4,27,1.0827176570892334,0.4945,0.49178854622533474,1.4489761143922806,0.9989650659263134,3.7580554336309433,nan,nan
cifar10,softmax,4,28,1.0807020664215088,0.4835,0.4858686460088043,1.4497463703155518,0.998667236417532,3.7515382319688797,nan,nan
cifar10,softmax,4,29,1.0604150295257568,0.4845,0.48025844300448306,1.4932727217674255,0.9995421133935452,3.7732041776180267,nan,nan
cifar10,softmax,5,0,2.2176930904388428,0.1955,0.15609366462176882,2.1416283547878265,1.0,4.1624895632267,nan,nan
cifar10,softmax,5,1,2.091320753097534,0.276,0.2352735806903281,1.9784579426050186,0.9999993965029716,4.093269348144531,nan,nan
cifar10,softmax,5,2,1.9421895742416382,0.293,0.2753779171225514,1.8682242780923843,0.9999999701976776,4.077027142047882,nan,nan
cifar10,softmax,5,3,1.8623052835464478,0.3325,0.31404556355566515,1.8162406533956528,0.9999999031424522,4.059747368097305,nan,nan
cifar10,softmax,5,4,1.7696805000305176,0.3835,0.36744588585839544,1.7029177397489548,0.9999998174607754,4.007711112499237,nan,nan
cifar10,softmax,5,5,1.7038967609405518,0.3895,0.3713695043904338,1.6543636471033096,0.9999995566904545,3.9768335968255997,nan,nan
cifar10,softmax,5,6,1.6346063613891602,0.394,0.3838823566750871,1.6476642936468124,0.9999998919665813,3.963589161634445,nan,nan
cifar10,softmax,5,7,1.6064426898956299,0.4105,0.3943624932587831,1.6318061798810959,0.9999993517994881,3.951781138777733,nan,nan
cifar10,softmax,5,8,1.5588847398757935,0.4225,0.3995864016320857,1.601504310965538,0.9999995157122612,3.9324766397476196,nan,nan
cifar10,softmax,5,9,1.5265923738479614,0.428,0.42346824620640444,1.5687015056610107,0.999999038875103,3.9257707744836807,nan,nan
cifar10,softmax,5,10,1.4817473888397217,0.4595,0.45904844859781474,1.5005882233381271,0.9999953210353851,3.913486137986183,nan,nan
cifar10,softmax,5,11,1.4432313442230225,0.406,0.38815504372123444,1.5973804891109467,0.9999989755451679,3.9198279827833176,nan,nan
cifar10,softmax,5,12,1.441076636314392,0.4585,0.44813949365134587,1.5147882401943207,0.9999983236193657,3.926594167947769,nan,nan
cifar10,softmax,5,13,1.4010601043701172,0.4525,0.4467722305862611,1.5021139234304428,0.9999974295496941,3.906506285071373,nan,nan
cifar10,softmax,5,14,1.3761425018310547,0.471,0.44544854745378126,1.4935141950845718,0.999996442347765,3.8967767506837845,nan,nan
cifar10,softmax,5,15,1.3577501773834229,0.479,0.4779700054332793,1.4629247039556503,0.9999935328960419,3.9083231389522552,nan,nan
cifar10,softmax,5,16,1.3180553913116455,0.4845,0.4729450616863208,1.4420250356197357,0.9999902136623859,3.9115057289600372,nan,nan
cifar10,softmax,5,17,1.3001418113708496,0.487,0.4875018906698698,1.4343146234750748,0.9999874085187912,3.9084220826625824,nan,nan
cifar10,softmax,5,18,1.3019438982009888,0.4965,0.49344777820235775,1.4133547097444534,0.9999830722808838,3.9041647017002106,nan,nan
cifar10,softmax,5,19,1.269438624382019,0.4885,0.47553273677178476,1.441068947315216,0.9999844133853912,3.9028559774160385,nan,nan
cifar10,softmax,5,20,1.2489540576934814,0.4955,0.48549826324006934,1.420451357960701,0.9999779313802719,3.880310535430908,nan,nan
cifar10,softmax,5,21,1.226075530052185,0.51,0.5018375877247491,1.382518693804741,0.9999661669135094,3.8891341239213943,nan,nan
cifar10,softmax,5,22,1.2038670778274536,0.521,0.5169420669540623,1.3702887892723083,0.9999289773404598,3.883132591843605,nan,nan
cifar10,softmax,5,23,1.1870543956756592,0.4815,0.47556858252316375,1.4714564234018326,0.9999317526817322,3.873727098107338,nan,nan
cifar10,softmax,5,24,1.224074125289917,0.515,0.5130486373889285,1.364452213048935,0.9999390579760075,3.8953547328710556,nan,nan
cifar10,softmax,5,25,1.1793789863586426,0.5025,0.49423620207499397,1.3770955204963684,0.9999120272696018,3.8825991451740265,nan,nan
cifar10,softmax,5,26,1.1376007795333862,0.506,0.5005942814918316,1.373024344444275,0.9998642653226852,3.875894710421562,nan,nan
cifar10,softmax,5,27,1.1144051551818848,0.5275,0.5235224950285025,1.3620701134204865,0.9998253285884857,3.8633939921855927,nan,nan
cifar10,softmax,5,28,1.1148531436920166,0.5155,0.5168088641690571,1.3922149240970612,0.9997941441833973,3.851286679506302,nan,nan
cifar10,softmax,5,29,1.1043919324874878,0.5185,0.5113009125507085,1.3582449555397034,0.9996602199971676,3.857359930872917,nan,nan
cifar10,softmax,6,0,2.261664390563965,0.2015,0.124825568717353,2.1110106706619263,1.0,4.089259177446365,nan,nan
cifar10,softmax,6,1,2.0683181285858154,0.2605,0.23332360887203435,2.038410246372223,1.0,4.051445305347443,nan,nan
cifar10,softmax,6,2,1.971694827079773,0.286,0.2690518652911913,1.9285958260297775,0.999999649822712,4.010908171534538,nan,nan
cifar10,softmax,6,3,1.8858728408813477,0.326,0.3101287134272211,1.8499995172023773,0.999994445592165,3.932816982269287,nan,nan
cifar10,softmax,6,4,1.8008893728256226,0.3695,0.34754661850281443,1.766916885972023,0.9999028034508228,3.9090185910463333,nan,nan
cifar10,softmax,6,5,1.7283836603164673,0.365,0.3410246478286993,1.7012201696634293,0.999803900718689,3.868232235312462,nan,nan
cifar10,softmax,6,6,1.6677989959716797,0.3825,0.3566041335030137,1.6858832836151123,0.9997481815516949,3.875683918595314,nan,nan
cifar10,softmax,6,7,1.6310384273529053,0.4235,0.4143393799566574,1.6001190841197968,0.9999343790113926,3.8761209845542908,nan,nan
cifar10,softmax,6,8,1.5679510831832886,0.4035,0.3902742989178029,1.6421021223068237,0.9999753125011921,3.8691165447235107,nan,nan
cifar10,softmax,6,9,1.5466423034667969,0.4385,0.4305760110483985,1.5679633170366287,0.9999374933540821,3.8601575791835785,nan,nan
cifar10,softmax,6,10,1.4870095252990723,0.4515,0.44653312410115414,1.517168790102005,0.9998255968093872,3.847706839442253,nan,nan
cifar10,softmax,6,11,1.4648680686950684,0.4465,0.43022720417998644,1.5422074645757675,0.9998666346073151,3.8139419704675674,nan,nan
cifar10,softmax,6,12,1.451425552368164,0.456,0.4379276122087166,1.530574917793274,0.9998142905533314,3.8241752684116364,nan,nan
cifar10,softmax,6,13,1.4200539588928223,0.468,0.4566061126340101,1.4843505918979645,0.9998769573867321,3.806110054254532,nan,nan
cifar10,softmax,6,14,1.3741601705551147,0.4685,0.46212465887276616,1.4865520298480988,0.9994695372879505,3.7921459078788757,nan,nan
cifar10,softmax,6,15,1.3582203388214111,0.492,0.4901105093918428,1.4328527748584747,0.9993107132613659,3.7873819917440414,nan,nan
cifar10,softmax,6,16,1.3330576419830322,0.4845,0.4739370997524463,1.4329714328050613,0.9991861619055271,3.7925452440977097,nan,nan
cifar10,softmax,6,17,1.3026350736618042,0.501,0.4881365526247305,1.3831062614917755,0.9991619735956192,3.78397935628891,nan,nan
cifar10,softmax,6,18,1.2890063524246216,0.493,0.4848328403409049,1.4245895892381668,0.9988599345088005,3.725516125559807,nan,nan
cifar10,softmax,6,19,1.2745709419250488,0.5025,0.492863315834606,1.413833200931549,0.9991291016340256,3.7669898718595505,nan,nan
cifar10,softmax,6,20,1.264251947402954,0.511,0.5071231486719949,1.3763990551233292,0.9986107759177685,3.731378361582756,nan,nan
cifar10,softmax,6,21,1.2422807216644287,0.504,0.49396238402378645,1.395932599902153,0.9985119700431824,3.7263610512018204,nan,nan
cifar10,softmax,6,22,1.2188917398452759,0.495,0.4839687951020231,1.4204123467206955,0.998763307929039,3.750200316309929,nan,nan
cifar10,softmax,6,23,1.1982848644256592,0.507,0.49954654408567245,1.40989488363266,0.9993013702332973,3.738710105419159,nan,nan
cifar10,softmax,6,24,1.1910405158996582,0.517,0.514106672569224,1.3740564584732056,0.9984593652188778,3.6890024095773697,nan,nan
cifar10,softmax,6,25,1.1750589609146118,0.514,0.5157944747883084,1.3770314902067184,0.999398946762085,3.7114282101392746,nan,nan
cifar10,softmax,6,26,1.152402400970459,0.4955,0.4997577176115723,1.42914479970932,0.9985709637403488,3.691114157438278,nan,nan
cifar10,softmax,6,27,1.1516778469085693,0.501,0.49615806998628853,1.434421867132187,0.9987577944993973,3.7135463505983353,nan,nan
cifar10,softmax,6,28,1.135520339012146,0.524,0.5194544647327755,1.3676451295614243,0.9982090145349503,3.673818051815033,nan,nan
cifar10,softmax,6,29,1.1087082624435425,0.5235,0.5226724804654127,1.3870708793401718,0.998667549341917,3.6901595890522003,nan,nan
cifar10,softmax,7,0,2.235572099685669,0.2015,0.15146535094247673,2.1167779564857483,1.0,4.108233273029327,nan,nan
cifar10,softmax,7,1,2.0526187419891357,0.2675,0.21058705975250583,1.9538160264492035,0.999999638646841,4.025416195392609,nan,nan
cifar10,softmax,7,2,1.9028724431991577,0.319,0.29085547908883164,1.8632659018039703,0.9999938495457172,4.0371044129133224,nan,nan
cifar10,softmax,7,3,1.8043370246887207,0.3485,0.30884008932706863,1.7980089485645294,0.9999983608722687,4.063609525561333,nan,nan
cifar10,softmax,7,4,1.7164592742919922,0.3835,0.35725827084277106,1.6804517358541489,0.9999999292194843,4.059668883681297,nan,nan
cifar10,softmax,7,5,1.6542025804519653,0.397,0.369476853642141,1.6439524590969086,0.9999998211860657,4.04719752073288,nan,nan
cifar10,softmax,7,6,1.5957016944885254,0.402,0.3832459535676579,1.6290868669748306,0.9999985359609127,4.025712937116623,nan,nan
cifar10,softmax,7,7,1.5730034112930298,0.4145,0.3961240672229527,1.5721247792243958,0.9999999552965164,3.99959534406662,nan,nan
cifar10,softmax,7,8,1.521930456161499,0.4425,0.4350951150712703,1.5105667859315872,0.999997939914465,3.9956578612327576,nan,nan
cifar10,softmax,7,9,1.4903197288513184,0.4435,0.42310148979853707,1.5312088876962662,0.9999999701976776,3.9878723472356796,nan,nan
cifar10,softmax,7,10,1.4644261598587036,0.461,0.4479002944747029,1.465967133641243,0.9999998211860657,3.988573342561722,nan,nan
cifar10,softmax,7,11,1.4425363540649414,0.456,0.44354032526488324,1.4613824486732483,0.9999999850988388,3.9755676090717316,nan,nan
cifar10,softmax,7,12,1.431266188621521,0.4685,0.4518116008021851,1.4562638401985168,0.9999999105930328,3.94588503241539,nan,nan
cifar10,softmax,7,13,1.39790678024292,0.463,0.4384699286975941,1.4528791457414627,0.9999999813735485,3.967806354165077,nan,nan
cifar10,softmax,7,14,1.375226378440857,0.4835,0.4776429805627956,1.4336598813533783,0.9999999850988388,3.9591566622257233,nan,nan
cifar10,softmax,7,15,1.334396481513977,0.478,0.4675174383626171,1.4363130033016205,0.9999998398125172,3.9629499316215515,nan,nan
cifar10,softmax,7,16,1.3347418308258057,0.4935,0.4798363038028034,1.4099649637937546,0.9999999701976776,3.959044933319092,nan,nan
cifar10,softmax,7,17,1.3221603631973267,0.467,0.44541620663221304,1.4730205535888672,0.9999999701976776,3.958331599831581,nan,nan
cifar10,softmax,7,18,1.3156588077545166,0.4915,0.47726956381152136,1.403052881360054,0.999999612569809,3.944985657930374,nan,nan
cifar10,softmax,7,19,1.2727770805358887,0.497,0.4879887749547135,1.392034187912941,0.999998189508915,3.932389408349991,nan,nan
cifar10,softmax,7,20,1.2432154417037964,0.5085,0.5007118684702818,1.378023087978363,0.9999999850988388,3.899149850010872,nan,nan
cifar10,softmax,7,21,1.230251669883728,0.5115,0.5076658490697318,1.3878940641880035,0.9999999552965164,3.9059745967388153,nan,nan
cifar10,softmax,7,22,1.2279102802276611,0.5055,0.49857331918187314,1.3689017444849014,0.999999139457941,3.905197098851204,nan,nan
cifar10,softmax,7,23,1.197474479675293,0.5095,0.5000818309795811,1.3822969049215317,0.9999995492398739,3.8934072107076645,nan,nan
cifar10,softmax,7,24,1.1866083145141602,0.514,0.5042047714248368,1.3782761245965958,0.9999989494681358,3.867425784468651,nan,nan
cifar10,softmax,7,25,1.1738395690917969,0.517,0.5039392316859207,1.4056770503520966,0.9999947473406792,3.8796123266220093,nan,nan
cifar10,softmax,7,26,1.15877103805542,0.5205,0.5142148993337469,1.3829821348190308,0.9999978132545948,3.8776809871196747,nan,nan
cifar10,softmax,7,27,1.1313496828079224,0.5235,0.5149528615302861,1.367593064904213,0.9999973736703396,3.868145614862442,nan,nan
cifar10,softmax,7,28,1.1345791816711426,0.5035,0.4959944642512369,1.4175724536180496,0.9999929890036583,3.8558339327573776,nan,nan
cifar10,softmax,7,29,1.1166729927062988,0.518,0.5108039658496166,1.3625210672616959,0.9999984167516232,3.857257515192032,nan,nan
cifar10,softmax,8,0,2.259829521179199,0.1925,0.15628771150758605,2.1577659845352173,1.0,4.142366886138916,nan,nan
cifar10,softmax,8,1,2.0810649394989014,0.2375,0.2014284315648677,2.047515034675598,0.9999993965029716,4.042083650827408,nan,nan
cifar10,softmax,8,2,1.960166335105896,0.2765,0.24508208482196187,1.9418054968118668,0.9999996684491634,3.9549326598644257,nan,nan
cifar10,softmax,8,3,1.8542582988739014,0.3095,0.30241204582684833,1.8202752470970154,0.9999986886978149,3.945001557469368,nan,nan
cifar10,softmax,8,4,1.752709984779358,0.3555,0.35461741075087316,1.7191304862499237,0.9999913275241852,3.965519517660141,nan,nan
cifar10,softmax,8,5,1.6693626642227173,0.38,0.37697320821729435,1.681838020682335,0.999998576939106,3.980381593108177,nan,nan
cifar10,softmax,8,6,1.638135313987732,0.393,0.3844877221768134,1.651397779583931,0.9999986588954926,3.9602760821580887,nan,nan
cifar10,softmax,8,7,1.5894845724105835,0.411,0.401605144927334,1.5952305495738983,0.9999986886978149,3.9428300857543945,nan,nan
cifar10,softmax,8,8,1.5298041105270386,0.4285,0.41527890498950526,1.5503032505512238,0.9999990873038769,3.935946062207222,nan,nan
cifar10,softmax,8,9,1.4986240863800049,0.428,0.4213058173647896,1.5604335516691208,0.9999999664723873,3.949926480650902,nan,nan
cifar10,softmax,8,10,1.4710334539413452,0.422,0.41716666296002447,1.5384542495012283,0.9999992251396179,3.9343465715646744,nan,nan
cifar10,softmax,8,11,1.4531866312026978,0.4325,0.4226803558476572,1.5486545860767365,0.9999999366700649,3.934291183948517,nan,nan
cifar10,softmax,8,12,1.4227157831192017,0.4305,0.42016300384324934,1.5274468064308167,0.9999995939433575,3.909245043992996,nan,nan
cifar10,softmax,8,13,1.3920820951461792,0.468,0.46690365627946184,1.4642398804426193,0.9999998360872269,3.9302977919578552,nan,nan
cifar10,softmax,8,14,1.3358806371688843,0.4665,0.4695110387059862,1.4352833330631256,0.9999997951090336,3.9125558882951736,nan,nan
cifar10,softmax,8,15,1.339676856994629,0.439,0.432841181119363,1.4806786179542542,0.999998576939106,3.8788045793771744,nan,nan
cifar10,softmax,8,16,1.3125286102294922,0.4645,0.45428439402468734,1.455197587609291,0.9999956823885441,3.875183179974556,nan,nan
cifar10,softmax,8,17,1.2778067588806152,0.4725,0.47382712467199967,1.4510895907878876,0.9999962858855724,3.8581501692533493,nan,nan
cifar10,softmax,8,18,1.2731170654296875,0.4835,0.48400849543524177,1.4227056950330734,0.9999975599348545,3.8687048852443695,nan,nan
cifar10,softmax,8,19,1.2405979633331299,0.4745,0.47238192351215574,1.4710428416728973,0.9999987073242664,3.8654428124427795,nan,nan
cifar10,softmax,8,20,1.242792010307312,0.499,0.5003398309665927,1.4114605784416199,0.9999941624701023,3.8388075828552246,nan,nan
cifar10,softmax,8,21,1.205578327178955,0.4855,0.490646984749007,1.437211200594902,0.9999935068190098,3.8136475682258606,nan,nan
cifar10,softmax,8,22,1.1821980476379395,0.481,0.4826799020268576,1.439753219485283,0.9999944642186165,3.841128259897232,nan,nan
cifar10,softmax,8,23,1.1754473447799683,0.4895,0.487546750898814,1.4231054186820984,0.9999939799308777,3.830961912870407,nan,nan
cifar10,softmax,8,24,1.1693836450576782,0.5035,0.5049070118398192,1.3918017148971558,0.9999889954924583,3.8110548108816147,nan,nan
cifar10,softmax,8,25,1.1310304403305054,0.4905,0.48717726381138815,1.4153375625610352,0.9999894089996815,3.810578018426895,nan,nan
cifar10,softmax,8,26,1.1114009618759155,0.484,0.483157073092662,1.4454891979694366,0.9999859593808651,3.8005034029483795,nan,nan
cifar10,softmax,8,27,1.1089580059051514,0.4875,0.47830806540344817,1.44113127887249,0.9999831169843674,3.7972549945116043,nan,nan
cifar10,softmax,8,28,1.0967082977294922,0.4835,0.48214700932892834,1.4238631427288055,0.9999815225601196,3.7807892709970474,nan,nan
cifar10,softmax,8,29,1.0742117166519165,0.5,0.49779309941135413,1.410230353474617,0.99995281919837,3.7614325135946274,nan,nan
cifar10,softmax,9,0,2.2474334239959717,0.2005,0.12369375462601004,2.0915645956993103,1.0,4.159368395805359,nan,nan
cifar10,softmax,9,1,2.1011056900024414,0.2345,0.2047746312243021,2.0153571367263794,0.9999977275729179,4.030769854784012,nan,nan
cifar10,softmax,9,2,1.955374836921692,0.3035,0.2798736093298542,1.8450260609388351,0.9999688751995564,4.049963533878326,nan,nan
cifar10,softmax,9,3,1.869657278060913,0.3375,0.30829067846263364,1.78082637488842,0.9999613873660564,4.042429834604263,nan,nan
cifar10,softmax,9,4,1.7696179151535034,0.377,0.3690346645289847,1.7003397792577744,0.9999184086918831,4.017186686396599,nan,nan
cifar10,softmax,9,5,1.7029519081115723,0.3955,0.3935588717825598,1.65324267745018,0.9999536275863647,4.011667549610138,nan,nan
cifar10,softmax,9,6,1.6299755573272705,0.3955,0.376258578804069,1.629514366388321,0.9999081194400787,3.9801546037197113,nan,nan
cifar10,softmax,9,7,1.6089595556259155,0.427,0.41600844599748743,1.5778860002756119,0.9999262429773808,3.9708119928836823,nan,nan
cifar10,softmax,9,8,1.5449910163879395,0.4055,0.3799612411088177,1.5929255187511444,0.9998996742069721,3.9712682962417603,nan,nan
cifar10,softmax,9,9,1.529192566871643,0.417,0.4058675528510053,1.559595063328743,0.9999368377029896,3.9708754867315292,nan,nan
cifar10,softmax,9,10,1.479914903640747,0.449,0.44393796574095135,1.499030515551567,0.9999557472765446,3.9734787046909332,nan,nan
cifar10,softmax,9,11,1.4658794403076172,0.452,0.44099067832482175,1.474614143371582,0.9999678209424019,3.9401551336050034,nan,nan
cifar10,softmax,9,12,1.4174220561981201,0.436,0.4322997531106543,1.4935354143381119,0.9999735839664936,3.951803684234619,nan,nan
cifar10,softmax,9,13,1.4184457063674927,0.4495,0.442388915893207,1.4989236146211624,0.9999583810567856,3.9586944431066513,nan,nan
cifar10,softmax,9,14,1.3871980905532837,0.465,0.454901705371385,1.4457986056804657,0.9999689422547817,3.9648441076278687,nan,nan
cifar10,softmax,9,15,1.35969877243042,0.4735,0.4658945103918214,1.4332980662584305,0.9999798722565174,3.9617478251457214,nan,nan
cifar10,softmax,9,16,1.338798999786377,0.4885,0.47737965453583675,1.4325824230909348,0.9999382123351097,3.940874755382538,nan,nan
cifar10,softmax,9,17,1.3087493181228638,0.48,0.4720003977320884,1.401347428560257,0.9999725557863712,3.961240127682686,nan,nan
cifar10,softmax,9,18,1.2898067235946655,0.466,0.4616304011146754,1.4567436128854752,0.9999547898769379,3.959930717945099,nan,nan
cifar10,softmax,9,19,1.2957572937011719,0.46,0.4497115287354684,1.4678997248411179,0.9998957477509975,3.9643589705228806,nan,nan
cifar10,softmax,9,20,1.2723047733306885,0.4845,0.4805833543218677,1.4119858294725418,0.9999158717691898,3.9288460314273834,nan,nan
cifar10,softmax,9,21,1.2440236806869507,0.493,0.4898770725235515,1.3970195055007935,0.9999355189502239,3.934684306383133,nan,nan
cifar10,softmax,9,22,1.2150739431381226,0.496,0.494092677437596,1.3900477141141891,0.9998909160494804,3.9238587021827698,nan,nan
cifar10,softmax,9,23,1.1987015008926392,0.5065,0.5051473892418274,1.3560828268527985,0.9999096095561981,3.949249744415283,nan,nan
cifar10,softmax,9,24,1.200364112854004,0.5015,0.49902095795072865,1.397916093468666,0.9997829534113407,3.8971000015735626,nan,nan
cifar10,softmax,9,25,1.1627835035324097,0.498,0.49499385868892026,1.3836869597434998,0.9998621419072151,3.9183793365955353,nan,nan
cifar10,softmax,9,26,1.1307013034820557,0.5045,0.5032540277150265,1.4250300079584122,0.9998411312699318,3.9064798206090927,nan,nan
cifar10,softmax,9,27,1.1426830291748047,0.4965,0.4921774416696432,1.4444972276687622,0.9998929426074028,3.9205522686243057,nan,nan
cifar10,softmax,9,28,1.111770510673523,0.4955,0.4981216081129616,1.4407507628202438,0.9998472407460213,3.916357919573784,nan,nan
cifar10,topk_softmax_0125,0,0,2.23066782951355,0.245,0.2263772207903544,2.0048428624868393,0.1384615432471037,2.1955177932977676,nan,nan
cifar10,topk_softmax_0125,0,1,1.9281818866729736,0.314,0.2961677037446594,1.8246797621250153,0.1384615432471037,2.195164978504181,nan,nan
cifar10,topk_softmax_0125,0,2,1.797569751739502,0.3425,0.329169032845366,1.7571310698986053,0.1384615432471037,2.1932807564735413,nan,nan
cifar10,topk_softmax_0125,0,3,1.7360928058624268,0.379,0.3619714175972891,1.6606923192739487,0.1384615432471037,2.191746771335602,nan,nan
cifar10,topk_softmax_0125,0,4,1.646733283996582,0.4035,0.3941708366000419,1.607733741402626,0.1384615432471037,2.1894283294677734,nan,nan
cifar10,topk_softmax_0125,0,5,1.567806601524353,0.4295,0.4130664205260106,1.5361915230751038,0.1384615432471037,2.1864423155784607,nan,nan
cifar10,topk_softmax_0125,0,6,1.5137125253677368,0.443,0.4372490122673819,1.5144569426774979,0.1384615432471037,2.1844227463006973,nan,nan
cifar10,topk_softmax_0125,0,7,1.4644255638122559,0.4675,0.468191788316002,1.483831837773323,0.1384615432471037,2.183107912540436,nan,nan
cifar10,topk_softmax_0125,0,8,1.4309778213500977,0.4605,0.4499878840145349,1.4625505208969116,0.1384615432471037,2.182261437177658,nan,nan
cifar10,topk_softmax_0125,0,9,1.3910720348358154,0.468,0.46023187154228984,1.4675663858652115,0.1384615432471037,2.18097086250782,nan,nan
cifar10,topk_softmax_0125,0,10,1.3394381999969482,0.4875,0.4871398666103318,1.4126354604959488,0.1384615432471037,2.1802556961774826,nan,nan
cifar10,topk_softmax_0125,0,11,1.3219071626663208,0.48,0.46831989087587883,1.4458126723766327,0.1384615432471037,2.1793708503246307,nan,nan
cifar10,topk_softmax_0125,0,12,1.2827938795089722,0.4945,0.4984648263516399,1.3955233246088028,0.1384615432471037,2.177486017346382,nan,nan
cifar10,topk_softmax_0125,0,13,1.2573444843292236,0.483,0.4784341450632604,1.4374092519283295,0.1384615432471037,2.1769856363534927,nan,nan
cifar10,topk_softmax_0125,0,14,1.2279627323150635,0.495,0.48983511799426893,1.4188382923603058,0.1384615432471037,2.1775671243667603,nan,nan
cifar10,topk_softmax_0125,0,15,1.2092037200927734,0.48,0.4686209423545276,1.4511018693447113,0.1384615432471037,2.172920346260071,nan,nan
cifar10,topk_softmax_0125,0,16,1.1992225646972656,0.501,0.495629494559119,1.3897217065095901,0.1384615432471037,2.1718966513872147,nan,nan
cifar10,topk_softmax_0125,0,17,1.1595675945281982,0.495,0.4914498657946811,1.406283900141716,0.1384615432471037,2.172048047184944,nan,nan
cifar10,topk_softmax_0125,0,18,1.1238584518432617,0.507,0.5040096989890712,1.4180724173784256,0.1384615432471037,2.167309522628784,nan,nan
cifar10,topk_softmax_0125,0,19,1.115177035331726,0.514,0.51469360336821,1.4057755768299103,0.1384615432471037,2.1662984490394592,nan,nan
cifar10,topk_softmax_0125,0,20,1.0934481620788574,0.501,0.49769635919875127,1.45701564848423,0.1384615432471037,2.166980594396591,nan,nan
cifar10,topk_softmax_0125,0,21,1.0958197116851807,0.5155,0.5141038921307073,1.4074954092502594,0.1384615432471037,2.1631473302841187,nan,nan
cifar10,topk_softmax_0125,0,22,1.0588505268096924,0.5015,0.5023766636548523,1.4391493797302246,0.1384615432471037,2.164291128516197,nan,nan
cifar10,topk_softmax_0125,0,23,1.0396537780761719,0.4945,0.49733720096129125,1.4291550517082214,0.1384615432471037,2.158595323562622,nan,nan
cifar10,topk_softmax_0125,0,24,1.0208992958068848,0.5175,0.5175452578385583,1.4185773134231567,0.1384615432471037,2.155544236302376,nan,nan
cifar10,topk_softmax_0125,0,25,0.9959113001823425,0.5165,0.5153538396723467,1.4159067422151566,0.1384615432471037,2.1536355018615723,nan,nan
cifar10,topk_softmax_0125,0,26,0.9591479897499084,0.496,0.4871808307940217,1.4792475551366806,0.1384615432471037,2.15518718957901,nan,nan
cifar10,topk_softmax_0125,0,27,0.9326612949371338,0.5205,0.5200091349205245,1.4368792474269867,0.1384615432471037,2.1518012285232544,nan,nan
cifar10,topk_softmax_0125,0,28,0.9175036549568176,0.516,0.5123080880545012,1.473884254693985,0.1384615432471037,2.1499632596969604,nan,nan
cifar10,topk_softmax_0125,0,29,0.9035676717758179,0.52,0.5159980592546742,1.4920415133237839,0.1384615432471037,2.1447220891714096,nan,nan
cifar10,topk_softmax_0125,1,0,2.1491191387176514,0.271,0.24202302310855286,1.949176773428917,0.1384615432471037,2.1956524550914764,nan,nan
cifar10,topk_softmax_0125,1,1,1.8824036121368408,0.32,0.3054062983296121,1.8268960416316986,0.1384615432471037,2.19517919421196,nan,nan
cifar10,topk_softmax_0125,1,2,1.7762302160263062,0.3135,0.2958244483156057,1.8108055889606476,0.1384615432471037,2.193580776453018,nan,nan
cifar10,topk_softmax_0125,1,3,1.6937869787216187,0.37,0.36479234146811035,1.7046128660440445,0.1384615432471037,2.1914960741996765,nan,nan
cifar10,topk_softmax_0125,1,4,1.6209337711334229,0.3925,0.3730367983163648,1.641293615102768,0.1384615432471037,2.1880612671375275,nan,nan
cifar10,topk_softmax_0125,1,5,1.5571579933166504,0.402,0.38966042936604606,1.6552696079015732,0.1384615432471037,2.1850910037755966,nan,nan
cifar10,topk_softmax_0125,1,6,1.5232219696044922,0.42,0.4011248493191338,1.5869693756103516,0.1384615432471037,2.183182865381241,nan,nan
cifar10,topk_softmax_0125,1,7,1.4692152738571167,0.4535,0.4434892089352461,1.5380955785512924,0.1384615432471037,2.180783376097679,nan,nan
cifar10,topk_softmax_0125,1,8,1.4147260189056396,0.4505,0.432838453633417,1.555320844054222,0.1384615432471037,2.1824574172496796,nan,nan
cifar10,topk_softmax_0125,1,9,1.383928894996643,0.4645,0.44460454725091425,1.5251634269952774,0.1384615432471037,2.1814383417367935,nan,nan
cifar10,topk_softmax_0125,1,10,1.3545492887496948,0.468,0.45413168031415746,1.4861249178647995,0.1384615432471037,2.179149881005287,nan,nan
cifar10,topk_softmax_0125,1,11,1.3153140544891357,0.4845,0.47616357743110393,1.4663322418928146,0.1384615432471037,2.1798931807279587,nan,nan
cifar10,topk_softmax_0125,1,12,1.2935253381729126,0.483,0.46816315165806277,1.4574442356824875,0.1384615432471037,2.1783769875764847,nan,nan
cifar10,topk_softmax_0125,1,13,1.2682111263275146,0.487,0.4810305973452441,1.449924036860466,0.1384615432471037,2.1764229238033295,nan,nan
cifar10,topk_softmax_0125,1,14,1.242836594581604,0.478,0.4737295830765974,1.47788405418396,0.1384615432471037,2.1737065613269806,nan,nan
cifar10,topk_softmax_0125,1,15,1.2368649244308472,0.485,0.46921859163495433,1.5017192214727402,0.1384615432471037,2.173247590661049,nan,nan
cifar10,topk_softmax_0125,1,16,1.203708291053772,0.4795,0.4690479185106075,1.4603792577981949,0.1384615432471037,2.1728935688734055,nan,nan
cifar10,topk_softmax_0125,1,17,1.1929237842559814,0.4955,0.493080107020878,1.4344413429498672,0.1384615432471037,2.1733873039484024,nan,nan
cifar10,topk_softmax_0125,1,18,1.1617501974105835,0.4985,0.4961965032691218,1.4424651265144348,0.1384615432471037,2.1679311841726303,nan,nan
cifar10,topk_softmax_0125,1,19,1.1422638893127441,0.4925,0.4833260358980823,1.4742963165044785,0.1384615432471037,2.165552020072937,nan,nan
cifar10,topk_softmax_0125,1,20,1.1181010007858276,0.4975,0.49172225402574493,1.4542589336633682,0.1384615432471037,2.1669216603040695,nan,nan
cifar10,topk_softmax_0125,1,21,1.0852998495101929,0.501,0.4876362620943164,1.478963851928711,0.1384615432471037,2.1603497117757797,nan,nan
cifar10,topk_softmax_0125,1,22,1.060695767402649,0.491,0.4780266909482462,1.4903584718704224,0.1384615432471037,2.166546508669853,nan,nan
cifar10,topk_softmax_0125,1,23,1.0524473190307617,0.513,0.49774801715637346,1.476949855685234,0.1384615432471037,2.1522300839424133,nan,nan
cifar10,topk_softmax_0125,1,24,1.0287443399429321,0.5,0.4862723754824453,1.5025310218334198,0.1384615432471037,2.1452247351408005,nan,nan
cifar10,topk_softmax_0125,1,25,1.0214169025421143,0.5005,0.5023840836617561,1.482554316520691,0.1384615432471037,2.1542637199163437,nan,nan
cifar10,topk_softmax_0125,1,26,0.9848818182945251,0.516,0.5084074741613337,1.4872077256441116,0.1384615432471037,2.1550709158182144,nan,nan
cifar10,topk_softmax_0125,1,27,0.9659211039543152,0.5095,0.5023598269943748,1.5174322873353958,0.1384615432471037,2.145753562450409,nan,nan
cifar10,topk_softmax_0125,1,28,0.9693275690078735,0.503,0.49561086447194447,1.5309077203273773,0.1384615432471037,2.152617648243904,nan,nan
cifar10,topk_softmax_0125,1,29,0.9311540126800537,0.5,0.4899044127827302,1.5584066659212112,0.1384615432471037,2.141356498003006,nan,nan
cifar10,topk_softmax_0125,2,0,2.2438669204711914,0.214,0.1452431031074312,2.0931160748004913,0.1384615432471037,2.195383593440056,nan,nan
cifar10,topk_softmax_0125,2,1,1.9822133779525757,0.3225,0.28055587673472726,1.8442133218050003,0.1384615432471037,2.191225126385689,nan,nan
cifar10,topk_softmax_0125,2,2,1.8244640827178955,0.359,0.3321830243101584,1.7376384437084198,0.1384615432471037,2.1881275326013565,nan,nan
cifar10,topk_softmax_0125,2,3,1.7385454177856445,0.3655,0.3327558585012672,1.6983480900526047,0.1384615432471037,2.1894096732139587,nan,nan
cifar10,topk_softmax_0125,2,4,1.654499888420105,0.3995,0.3783915757272489,1.6476671546697617,0.1384615432471037,2.1886062175035477,nan,nan
cifar10,topk_softmax_0125,2,5,1.611607551574707,0.3925,0.354760859625779,1.654615968465805,0.1384615432471037,2.188866838812828,nan,nan
cifar10,topk_softmax_0125,2,6,1.5559197664260864,0.4335,0.4190096169135168,1.5492856949567795,0.1384615432471037,2.185816779732704,nan,nan
cifar10,topk_softmax_0125,2,7,1.5172975063323975,0.4535,0.4277666404918036,1.5230265110731125,0.1384615432471037,2.184321567416191,nan,nan
cifar10,topk_softmax_0125,2,8,1.454483151435852,0.4515,0.44904571846614355,1.5000388771295547,0.1384615432471037,2.182167813181877,nan,nan
cifar10,topk_softmax_0125,2,9,1.402169942855835,0.4685,0.4644250256283389,1.4891355782747269,0.1384615432471037,2.182591125369072,nan,nan
cifar10,topk_softmax_0125,2,10,1.3691178560256958,0.4535,0.42970765915257375,1.503049686551094,0.1384615432471037,2.1813240945339203,nan,nan
cifar10,topk_softmax_0125,2,11,1.3477352857589722,0.4725,0.45974855931938424,1.4482846409082413,0.1384615432471037,2.1794586032629013,nan,nan
cifar10,topk_softmax_0125,2,12,1.3150110244750977,0.4575,0.4471509252768408,1.5011557638645172,0.1384615432471037,2.1764405965805054,nan,nan
cifar10,topk_softmax_0125,2,13,1.2959734201431274,0.4695,0.4686830944224907,1.4343543499708176,0.1384615432471037,2.176166355609894,nan,nan
cifar10,topk_softmax_0125,2,14,1.266776204109192,0.4745,0.4688701707739226,1.447168081998825,0.1384615432471037,2.174606665968895,nan,nan
cifar10,topk_softmax_0125,2,15,1.2363736629486084,0.494,0.48482785599537975,1.4035995304584503,0.1384615432471037,2.1735605001449585,nan,nan
cifar10,topk_softmax_0125,2,16,1.202667236328125,0.489,0.47185894212295193,1.4458867609500885,0.1384615432471037,2.1700367629528046,nan,nan
cifar10,topk_softmax_0125,2,17,1.1952555179595947,0.4965,0.49023375769430544,1.3999804109334946,0.1384615432471037,2.166684865951538,nan,nan
cifar10,topk_softmax_0125,2,18,1.155075192451477,0.4765,0.4652032845079792,1.4275163263082504,0.1384615432471037,2.167737692594528,nan,nan
cifar10,topk_softmax_0125,2,19,1.1575039625167847,0.4915,0.47227031559047167,1.4475850015878677,0.1384615432471037,2.1624063551425934,nan,nan
cifar10,topk_softmax_0125,2,20,1.121098279953003,0.501,0.48909604665544426,1.420336663722992,0.1384615432471037,2.162467435002327,nan,nan
cifar10,topk_softmax_0125,2,21,1.0964148044586182,0.5035,0.4940681024256671,1.4101918935775757,0.1384615432471037,2.1584638953208923,nan,nan
cifar10,topk_softmax_0125,2,22,1.060476541519165,0.502,0.4933870031176012,1.4071639031171799,0.1384615432471037,2.1569375842809677,nan,nan
cifar10,topk_softmax_0125,2,23,1.0462216138839722,0.487,0.47913456220981515,1.4489266127347946,0.1384615432471037,2.1579391062259674,nan,nan
cifar10,topk_softmax_0125,2,24,1.0398027896881104,0.48,0.47610007090876244,1.489134356379509,0.1384615432471037,2.154967099428177,nan,nan
cifar10,topk_softmax_0125,2,25,1.0406137704849243,0.487,0.4757535447611428,1.4614547491073608,0.1384615432471037,2.1523992270231247,nan,nan
cifar10,topk_softmax_0125,2,26,0.9936028122901917,0.502,0.5003133120736156,1.4723627716302872,0.1384615432471037,2.1521791219711304,nan,nan
cifar10,topk_softmax_0125,3,0,2.2033851146698,0.231,0.20156119423753188,2.042148679494858,0.1384615432471037,2.1959720849990845,nan,nan
cifar10,topk_softmax_0125,3,1,1.9140424728393555,0.3155,0.2935264198880183,1.8497741967439651,0.1384615432471037,2.1950963735580444,nan,nan
cifar10,topk_softmax_0125,3,2,1.7804940938949585,0.357,0.3153649703924244,1.7771087437868118,0.1384615432471037,2.1942438036203384,nan,nan
cifar10,topk_softmax_0125,3,3,1.7043192386627197,0.3735,0.35030407487903836,1.712804764509201,0.1384615432471037,2.1928469985723495,nan,nan
cifar10,topk_softmax_0125,3,4,1.6304551362991333,0.378,0.35858296955092317,1.6762142777442932,0.1384615432471037,2.1906603574752808,nan,nan
cifar10,topk_softmax_0125,3,5,1.58112633228302,0.394,0.3587398952743529,1.6291250735521317,0.1384615432471037,2.1878305822610855,nan,nan
cifar10,topk_softmax_0125,3,6,1.5285598039627075,0.4085,0.39696976949088747,1.5851471424102783,0.1384615432471037,2.1864959448575974,nan,nan
cifar10,topk_softmax_0125,3,7,1.466085433959961,0.4295,0.4134526937307448,1.5715144574642181,0.1384615432471037,2.1845232993364334,nan,nan
cifar10,topk_softmax_0125,3,8,1.4312694072723389,0.448,0.4356871738220331,1.524555891752243,0.1384615432471037,2.1839919090270996,nan,nan
cifar10,topk_softmax_0125,3,9,1.3870551586151123,0.459,0.4362315169486827,1.5076643824577332,0.1384615432471037,2.181937664747238,nan,nan
cifar10,topk_softmax_0125,3,10,1.3889658451080322,0.4685,0.4517869956060877,1.5029094517230988,0.1384615432471037,2.179129645228386,nan,nan
cifar10,topk_softmax_0125,3,11,1.3383561372756958,0.4595,0.45270628737921914,1.5137616842985153,0.1384615432471037,2.181060239672661,nan,nan
cifar10,topk_softmax_0125,3,12,1.295398473739624,0.458,0.44862505826687676,1.4852125346660614,0.1384615432471037,2.1759135723114014,nan,nan
cifar10,topk_softmax_0125,3,13,1.2604668140411377,0.4875,0.4829647897311477,1.4575926810503006,0.1384615432471037,2.175506964325905,nan,nan
cifar10,topk_softmax_0125,3,14,1.2426650524139404,0.4875,0.4805043019363402,1.4468633234500885,0.1384615432471037,2.1767773926258087,nan,nan
cifar10,topk_softmax_0125,3,15,1.206339716911316,0.487,0.4738288835021384,1.4628635197877884,0.1384615432471037,2.177412912249565,nan,nan
cifar10,topk_softmax_0125,3,16,1.2108047008514404,0.4855,0.4732304738789275,1.4867221862077713,0.1384615432471037,2.174218013882637,nan,nan
cifar10,topk_softmax_0125,3,17,1.1874409914016724,0.48,0.47432348976524785,1.5019390136003494,0.1384615432471037,2.1731802076101303,nan,nan
cifar10,topk_softmax_0125,3,18,1.1748994588851929,0.497,0.48354168225141747,1.455714225769043,0.1384615432471037,2.1697387248277664,nan,nan
cifar10,topk_softmax_0125,3,19,1.11554753780365,0.491,0.4811531970024232,1.4812044650316238,0.1384615432471037,2.1723965108394623,nan,nan
cifar10,topk_softmax_0125,3,20,1.0994566679000854,0.5025,0.49091214435994435,1.4914783984422684,0.1384615432471037,2.16945481300354,nan,nan
cifar10,topk_softmax_0125,3,21,1.0853902101516724,0.4765,0.4702311202262405,1.5088941305875778,0.1384615432471037,2.170435443520546,nan,nan
cifar10,topk_softmax_0125,3,22,1.0677441358566284,0.4915,0.47981390075129876,1.4982848912477493,0.1384615432471037,2.1693886816501617,nan,nan
cifar10,topk_softmax_0125,3,23,1.0455694198608398,0.49,0.48491080706981976,1.487247496843338,0.1384615432471037,2.16297347843647,nan,nan
cifar10,topk_softmax_0125,3,24,1.0261967182159424,0.4895,0.4784526420748181,1.4951083958148956,0.1384615432471037,2.1687691509723663,nan,nan
cifar10,topk_softmax_0125,3,25,0.9930775165557861,0.5075,0.5064873963045267,1.5102388858795166,0.1384615432471037,2.162548527121544,nan,nan
cifar10,topk_softmax_0125,3,26,0.9611790776252747,0.5015,0.4950873216580575,1.4996898919343948,0.1384615432471037,2.1638808995485306,nan,nan
cifar10,topk_softmax_0125,3,27,0.9483863711357117,0.494,0.489070224224311,1.547036275267601,0.1384615432471037,2.1644411236047745,nan,nan
cifar10,topk_softmax_0125,3,28,0.945391833782196,0.4965,0.4836388499072905,1.577021598815918,0.1384615432471037,2.1627498418092728,nan,nan
cifar10,topk_softmax_0125,3,29,0.9119442105293274,0.4955,0.4906656463037959,1.528316169977188,0.1384615432471037,2.1587594896554947,nan,nan
cifar10,topk_softmax_0125,4,0,2.2519900798797607,0.214,0.14276360269181426,2.1383537352085114,0.1384615432471037,2.1960025876760483,nan,nan
cifar10,topk_softmax_0125,4,1,1.9838765859603882,0.277,0.24571727174222535,1.9102865159511566,0.1384615432471037,2.1945828944444656,nan,nan
cifar10,topk_softmax_0125,4,2,1.8455729484558105,0.3385,0.31357581123139316,1.8203243911266327,0.1384615432471037,2.1932250559329987,nan,nan
cifar10,topk_softmax_0125,4,3,1.7434417009353638,0.3475,0.32410774372368245,1.7305155396461487,0.1384615432471037,2.1914354264736176,nan,nan
cifar10,topk_softmax_0125,4,4,1.6584776639938354,0.3915,0.37782238704570215,1.6671322137117386,0.1384615432471037,2.190430372953415,nan,nan
cifar10,topk_softmax_0125,4,5,1.5874614715576172,0.4055,0.4019286187307369,1.658458262681961,0.1384615432471037,2.186731606721878,nan,nan
cifar10,topk_softmax_0125,4,6,1.524641752243042,0.426,0.4055307711655726,1.5902279913425446,0.1384615432471037,2.185732841491699,nan,nan
cifar10,topk_softmax_0125,4,7,1.4656462669372559,0.44,0.43580187998063186,1.518998607993126,0.1384615432471037,2.1837817430496216,nan,nan
cifar10,topk_softmax_0125,4,8,1.4051622152328491,0.457,0.44656706594401585,1.501648187637329,0.1384615432471037,2.184431806206703,nan,nan
cifar10,topk_softmax_0125,4,9,1.3728841543197632,0.468,0.4590728384007964,1.496749147772789,0.1384615432471037,2.1857303380966187,nan,nan
cifar10,topk_softmax_0125,4,10,1.340287685394287,0.4715,0.45973092375549635,1.46954844892025,0.1384615432471037,2.183861091732979,nan,nan
cifar10,topk_softmax_0125,4,11,1.3126380443572998,0.4805,0.47198903613689475,1.4474136680364609,0.1384615432471037,2.1832397878170013,nan,nan
cifar10,topk_softmax_0125,4,12,1.2822779417037964,0.4705,0.45569738278784816,1.4634970426559448,0.1384615432471037,2.1802671998739243,nan,nan
cifar10,topk_softmax_0125,4,13,1.2660529613494873,0.464,0.4493465918607996,1.4905057102441788,0.1384615432471037,2.1787011325359344,nan,nan
cifar10,topk_softmax_0125,4,14,1.2274022102355957,0.495,0.48802572296419644,1.4294319301843643,0.1384615432471037,2.1797384470701218,nan,nan
cifar10,topk_softmax_0125,4,15,1.19929039478302,0.4675,0.46318264794985786,1.4905525594949722,0.1384615432471037,2.179144635796547,nan,nan
cifar10,topk_softmax_0125,4,16,1.1776641607284546,0.4795,0.47396112294090714,1.4412503242492676,0.1384615432471037,2.1744768023490906,nan,nan
cifar10,topk_softmax_0125,4,17,1.15988028049469,0.4875,0.48317814674945814,1.4498313069343567,0.1384615432471037,2.1744953840970993,nan,nan
cifar10,topk_softmax_0125,4,18,1.1524382829666138,0.481,0.4790527938303236,1.4686451256275177,0.1384615432471037,2.175267055630684,nan,nan
cifar10,topk_softmax_0125,4,19,1.1173261404037476,0.49,0.4830381238706666,1.4764166176319122,0.1384615432471037,2.1742618083953857,nan,nan
cifar10,topk_softmax_0125,5,0,2.2102625370025635,0.238,0.19931759757483586,2.0214473754167557,0.1384615432471037,2.196483761072159,nan,nan
cifar10,topk_softmax_0125,5,1,1.9599134922027588,0.306,0.2918412225864707,1.867296427488327,0.1384615432471037,2.1957921385765076,nan,nan
cifar10,topk_softmax_0125,5,2,1.8186668157577515,0.348,0.34045347904812273,1.7574735432863235,0.1384615432471037,2.1949561089277267,nan,nan
cifar10,topk_softmax_0125,5,3,1.7395232915878296,0.388,0.3757373876902998,1.6745115667581558,0.1384615432471037,2.1938532143831253,nan,nan
cifar10,topk_softmax_0125,5,4,1.6493768692016602,0.4185,0.4136857190114357,1.6014074236154556,0.1384615432471037,2.19249564409256,nan,nan
cifar10,topk_softmax_0125,5,5,1.5703822374343872,0.405,0.37953102868027705,1.6157327890396118,0.1384615432471037,2.1911630779504776,nan,nan
cifar10,topk_softmax_0125,5,6,1.5270004272460938,0.4445,0.43644153300969946,1.5686720162630081,0.1384615432471037,2.189227059483528,nan,nan
cifar10,topk_softmax_0125,5,7,1.4851176738739014,0.4505,0.44274265668937896,1.5241131335496902,0.1384615432471037,2.1876948326826096,nan,nan
cifar10,topk_softmax_0125,5,8,1.424839973449707,0.456,0.44216256272101184,1.4841203391551971,0.1384615432471037,2.1862636655569077,nan,nan
cifar10,topk_softmax_0125,5,9,1.3882811069488525,0.478,0.47454580432766613,1.4523387551307678,0.1384615432471037,2.1831901520490646,nan,nan
cifar10,topk_softmax_0125,5,10,1.3710769414901733,0.481,0.4731504675239342,1.4206473082304,0.1384615432471037,2.1812604516744614,nan,nan
cifar10,topk_softmax_0125,5,11,1.3268049955368042,0.4925,0.4941200418329096,1.4172730594873428,0.1384615432471037,2.1793978214263916,nan,nan
cifar10,topk_softmax_0125,5,12,1.2910609245300293,0.4805,0.4680803761545246,1.4130590111017227,0.1384615432471037,2.177620068192482,nan,nan
cifar10,topk_softmax_0125,5,13,1.2809118032455444,0.4935,0.48562775962376287,1.4307261109352112,0.1384615432471037,2.1747555136680603,nan,nan
cifar10,topk_softmax_0125,5,14,1.2431602478027344,0.5025,0.49371800626070617,1.4029533714056015,0.1384615432471037,2.1721824556589127,nan,nan
cifar10,topk_softmax_0125,5,15,1.210749626159668,0.507,0.5086999250198956,1.4047023952007294,0.1384615432471037,2.1710431575775146,nan,nan
cifar10,topk_softmax_0125,5,16,1.1809591054916382,0.4845,0.46972125731990866,1.4537717998027802,0.1384615432471037,2.1661714166402817,nan,nan
cifar10,topk_softmax_0125,5,17,1.174413800239563,0.4905,0.4826721410459677,1.4189544320106506,0.1384615432471037,2.162001296877861,nan,nan
cifar10,topk_softmax_0125,5,18,1.1343986988067627,0.5025,0.49661337090490837,1.4236184507608414,0.1384615432471037,2.1590593457221985,nan,nan
cifar10,topk_softmax_0125,5,19,1.1149036884307861,0.52,0.5124968906492178,1.4089863747358322,0.1384615432471037,2.161442741751671,nan,nan
cifar10,topk_softmax_0125,5,20,1.090761423110962,0.4825,0.4759468334457706,1.5014783293008804,0.1384615432471037,2.1534408032894135,nan,nan
cifar10,topk_softmax_0125,5,21,1.0758227109909058,0.4955,0.4912864038029553,1.429883673787117,0.1384615432471037,2.1511736512184143,nan,nan
cifar10,topk_softmax_0125,5,22,1.0487834215164185,0.499,0.4957958147096706,1.4354334026575089,0.1384615432471037,2.150476410984993,nan,nan
cifar10,topk_softmax_0125,5,23,1.0356018543243408,0.498,0.4983440457422105,1.4560810923576355,0.1384615432471037,2.147296503186226,nan,nan
cifar10,topk_softmax_0125,5,24,1.012388825416565,0.5025,0.4966639834960203,1.452113687992096,0.1384615432471037,2.143920198082924,nan,nan
cifar10,topk_softmax_0125,6,0,2.2295634746551514,0.2275,0.19379613472130403,2.0568847954273224,0.1384615432471037,2.189779505133629,nan,nan
cifar10,topk_softmax_0125,6,1,1.9334464073181152,0.319,0.288778787631221,1.8427782207727432,0.1384615432471037,2.1890944838523865,nan,nan
cifar10,topk_softmax_0125,6,2,1.7786880731582642,0.3465,0.3446566477342329,1.7688261717557907,0.1384615432471037,2.1901723444461823,nan,nan
cifar10,topk_softmax_0125,6,3,1.6911941766738892,0.401,0.40328823667651015,1.6934110969305038,0.1384615432471037,2.187178671360016,nan,nan
cifar10,topk_softmax_0125,6,4,1.6065925359725952,0.43,0.4174710511836118,1.593757539987564,0.1384615432471037,2.184410944581032,nan,nan
cifar10,topk_softmax_0125,6,5,1.5534716844558716,0.417,0.41225074216114743,1.5786486864089966,0.1384615432471037,2.1805236637592316,nan,nan
cifar10,topk_softmax_0125,6,6,1.500765323638916,0.454,0.4505953802932556,1.523955523967743,0.1384615432471037,2.1802705824375153,nan,nan
cifar10,topk_softmax_0125,6,7,1.4646645784378052,0.46,0.45986620649437826,1.4700037240982056,0.1384615432471037,2.178908735513687,nan,nan
cifar10,topk_softmax_0125,6,8,1.4102040529251099,0.469,0.4623214437841693,1.4542066305875778,0.1384615432471037,2.1799253821372986,nan,nan
cifar10,topk_softmax_0125,6,9,1.3907203674316406,0.4865,0.4880590387631531,1.4330163598060608,0.1384615432471037,2.175942212343216,nan,nan
cifar10,topk_softmax_0125,6,10,1.3393226861953735,0.4785,0.4673503598349583,1.4554379135370255,0.1384615432471037,2.1770594269037247,nan,nan
cifar10,topk_softmax_0125,6,11,1.3341487646102905,0.481,0.4738442771895384,1.422084465622902,0.1384615432471037,2.174051210284233,nan,nan
cifar10,topk_softmax_0125,6,12,1.2922598123550415,0.482,0.4733526308863961,1.4066302329301834,0.1384615432471037,2.173946425318718,nan,nan
cifar10,topk_softmax_0125,6,13,1.2605478763580322,0.4985,0.4979720236216919,1.3714281767606735,0.1384615432471037,2.1726131290197372,nan,nan
cifar10,topk_softmax_0125,6,14,1.2471994161605835,0.4885,0.4825880138732061,1.4499449282884598,0.1384615432471037,2.169996440410614,nan,nan
cifar10,topk_softmax_0125,6,15,1.209484338760376,0.4935,0.49836848894402347,1.386679008603096,0.1384615432471037,2.171342760324478,nan,nan
cifar10,topk_softmax_0125,6,16,1.1917130947113037,0.502,0.49736763879681734,1.398942843079567,0.1384615432471037,2.170759856700897,nan,nan
cifar10,topk_softmax_0125,6,17,1.1606863737106323,0.51,0.497984187045846,1.3707002252340317,0.1384615432471037,2.1685343086719513,nan,nan
cifar10,topk_softmax_0125,6,18,1.1489558219909668,0.496,0.4877507025253848,1.4172630161046982,0.1384615432471037,2.163552865386009,nan,nan
cifar10,topk_softmax_0125,6,19,1.1562936305999756,0.4945,0.49219952931068844,1.4077441096305847,0.1384615432471037,2.1651328057050705,nan,nan
cifar10,topk_softmax_0125,6,20,1.122101902961731,0.5045,0.4992460949196764,1.388642743229866,0.1384615432471037,2.1623402535915375,nan,nan
cifar10,topk_softmax_0125,6,21,1.0713995695114136,0.5225,0.5164086948341504,1.3784525394439697,0.1384615432471037,2.1628944724798203,nan,nan
cifar10,topk_softmax_0125,6,22,1.0669533014297485,0.513,0.5022962875251776,1.4241410791873932,0.1384615432471037,2.157674878835678,nan,nan
cifar10,topk_softmax_0125,6,23,1.0523310899734497,0.524,0.52340642628474,1.3800880163908005,0.1384615432471037,2.158943235874176,nan,nan
cifar10,topk_softmax_0125,6,24,1.021188497543335,0.5115,0.5073557191444396,1.417944997549057,0.1384615432471037,2.1549075692892075,nan,nan
cifar10,topk_softmax_0125,6,25,1.0310841798782349,0.5205,0.5245511819666836,1.4301415234804153,0.1384615432471037,2.153034657239914,nan,nan
cifar10,topk_softmax_0125,6,26,1.0092964172363281,0.51,0.5058316219618217,1.4323848336935043,0.1384615432471037,2.1525077521800995,nan,nan
cifar10,topk_softmax_0125,6,27,0.9939829707145691,0.501,0.49898540717410017,1.4821075350046158,0.1384615432471037,2.1524360328912735,nan,nan
cifar10,topk_softmax_0125,6,28,0.9709893465042114,0.5095,0.5025877995591984,1.4395988583564758,0.1384615432471037,2.150793582201004,nan,nan
cifar10,topk_softmax_0125,7,0,2.165848970413208,0.3005,0.2574197578912768,1.9176712930202484,0.1384615432471037,2.192731499671936,nan,nan
cifar10,topk_softmax_0125,7,1,1.884237289428711,0.321,0.2891317042400845,1.7992991507053375,0.1384615432471037,2.1934131383895874,nan,nan
cifar10,topk_softmax_0125,7,2,1.7684978246688843,0.362,0.33160924438904205,1.7410168200731277,0.1384615432471037,2.1926314681768417,nan,nan
cifar10,topk_softmax_0125,7,3,1.6908975839614868,0.384,0.35310098559827524,1.6639918982982635,0.1384615432471037,2.1904823929071426,nan,nan
cifar10,topk_softmax_0125,7,4,1.6144120693206787,0.423,0.41008829318315093,1.5943078249692917,0.1384615432471037,2.188181146979332,nan,nan
cifar10,topk_softmax_0125,7,5,1.5387901067733765,0.4385,0.41740114223977487,1.5385894030332565,0.1384615432471037,2.187781497836113,nan,nan
cifar10,topk_softmax_0125,7,6,1.4900621175765991,0.472,0.45565733697511296,1.4844654649496078,0.1384615432471037,2.1871374398469925,nan,nan
cifar10,topk_softmax_0125,7,7,1.4608359336853027,0.4625,0.4508726915809354,1.5056052803993225,0.1384615432471037,2.1876418739557266,nan,nan
cifar10,topk_softmax_0125,7,8,1.4238613843917847,0.48,0.46791703495242987,1.4478945285081863,0.1384615432471037,2.1864848136901855,nan,nan
cifar10,topk_softmax_0125,7,9,1.3858439922332764,0.479,0.46524899811812387,1.4671461284160614,0.1384615432471037,2.18387334048748,nan,nan
cifar10,topk_softmax_0125,7,10,1.3576288223266602,0.484,0.4775009272563904,1.4556505233049393,0.1384615432471037,2.184405654668808,nan,nan
cifar10,topk_softmax_0125,7,11,1.325372576713562,0.468,0.4592052785525439,1.475757583975792,0.1384615432471037,2.184507668018341,nan,nan
cifar10,topk_softmax_0125,7,12,1.3159466981887817,0.524,0.518400894465357,1.3781524300575256,0.1384615432471037,2.1832062005996704,nan,nan
cifar10,topk_softmax_0125,7,13,1.2743719816207886,0.5085,0.5053003130199072,1.4052852094173431,0.1384615432471037,2.1831459403038025,nan,nan
cifar10,topk_softmax_0125,7,14,1.240928053855896,0.5035,0.49441924163552287,1.4204937815666199,0.1384615432471037,2.180246502161026,nan,nan
cifar10,topk_softmax_0125,7,15,1.218339204788208,0.508,0.49497114933660635,1.4265097826719284,0.1384615432471037,2.1803037375211716,nan,nan
cifar10,topk_softmax_0125,7,16,1.2027240991592407,0.513,0.5007490782804705,1.3983762711286545,0.1384615432471037,2.179812803864479,nan,nan
cifar10,topk_softmax_0125,7,17,1.1789891719818115,0.5175,0.5063017651020781,1.3892089277505875,0.1384615432471037,2.1780108511447906,nan,nan
cifar10,topk_softmax_0125,8,0,2.236652374267578,0.245,0.19982436476775464,2.0704530477523804,0.1384615432471037,2.1888575553894043,nan,nan
cifar10,topk_softmax_0125,8,1,1.962031364440918,0.31,0.29347890946014527,1.8353339731693268,0.1384615432471037,2.186728686094284,nan,nan
cifar10,topk_softmax_0125,8,2,1.7975770235061646,0.3545,0.3453663674046623,1.74251227080822,0.1384615432471037,2.1852938532829285,nan,nan
cifar10,topk_softmax_0125,8,3,1.7032196521759033,0.3755,0.3647813818355896,1.6912181973457336,0.1384615432471037,2.188994064927101,nan,nan
cifar10,topk_softmax_0125,8,4,1.6395190954208374,0.395,0.3925651496858925,1.637881562113762,0.1384615432471037,2.188391000032425,nan,nan
cifar10,topk_softmax_0125,8,5,1.5813617706298828,0.4275,0.42856748478526113,1.5693708211183548,0.1384615432471037,2.1869829297065735,nan,nan
cifar10,topk_softmax_0125,8,6,1.5291177034378052,0.434,0.4362941659757376,1.5432134568691254,0.1384615432471037,2.1852410286664963,nan,nan
cifar10,topk_softmax_0125,8,7,1.4994548559188843,0.441,0.4421321308093721,1.5024991780519485,0.1384615432471037,2.184375584125519,nan,nan
cifar10,topk_softmax_0125,8,8,1.4267536401748657,0.463,0.45998412690147356,1.47813118994236,0.1384615432471037,2.182931065559387,nan,nan
cifar10,topk_softmax_0125,8,9,1.3995002508163452,0.48,0.47690770212450334,1.4436528831720352,0.1384615432471037,2.1799362897872925,nan,nan
cifar10,topk_softmax_0125,8,10,1.371666431427002,0.461,0.46229972415583387,1.4495664238929749,0.1384615432471037,2.1795890480279922,nan,nan
cifar10,topk_softmax_0125,8,11,1.3369795083999634,0.4595,0.4523222755512955,1.485990270972252,0.1384615432471037,2.1783518493175507,nan,nan
cifar10,topk_softmax_0125,8,12,1.2987885475158691,0.4795,0.4717498574778687,1.4609923362731934,0.1384615432471037,2.17793045938015,nan,nan
cifar10,topk_softmax_0125,8,13,1.2783435583114624,0.4895,0.4931395571655054,1.4065840989351273,0.1384615432471037,2.175823763012886,nan,nan
cifar10,topk_softmax_0125,8,14,1.2411867380142212,0.489,0.493273854459392,1.4028963446617126,0.1384615432471037,2.175388425588608,nan,nan
cifar10,topk_softmax_0125,8,15,1.2142704725265503,0.4865,0.48351212006257815,1.4148052781820297,0.1384615432471037,2.176984027028084,nan,nan
cifar10,topk_softmax_0125,8,16,1.1849135160446167,0.477,0.47058998234783544,1.4307203143835068,0.1384615432471037,2.1734573543071747,nan,nan
cifar10,topk_softmax_0125,8,17,1.1608959436416626,0.473,0.4729325990616344,1.4725985080003738,0.1384615432471037,2.1721022725105286,nan,nan
cifar10,topk_softmax_0125,8,18,1.1694707870483398,0.4945,0.4942233761466106,1.4370290786027908,0.1384615432471037,2.170887768268585,nan,nan
cifar10,topk_softmax_0125,8,19,1.1374036073684692,0.486,0.48731632830892935,1.4260656386613846,0.1384615432471037,2.1692669838666916,nan,nan
cifar10,topk_softmax_0125,8,20,1.1113786697387695,0.499,0.5051406492822146,1.3816272914409637,0.1384615432471037,2.161379098892212,nan,nan
cifar10,topk_softmax_0125,8,21,1.0914161205291748,0.5025,0.5069949770409404,1.375351443886757,0.1384615432471037,2.1644741594791412,nan,nan
cifar10,topk_softmax_0125,8,22,1.053998351097107,0.4995,0.5022755762690545,1.389045313000679,0.1384615432471037,2.1617660969495773,nan,nan
cifar10,topk_softmax_0125,8,23,1.0451678037643433,0.504,0.5095968944354605,1.3890741616487503,0.1384615432471037,2.1603808850049973,nan,nan
cifar10,topk_softmax_0125,8,24,1.0308952331542969,0.4975,0.4981796241355202,1.422360673546791,0.1384615432471037,2.1613984256982803,nan,nan
cifar10,topk_softmax_0125,8,25,1.0170866250991821,0.498,0.4964764105780576,1.4567698240280151,0.1384615432471037,2.158395364880562,nan,nan
cifar10,topk_softmax_0125,8,26,0.9890398979187012,0.4915,0.49162203202278115,1.485141634941101,0.1384615432471037,2.1535714417696,nan,nan
cifar10,topk_softmax_0125,8,27,0.9725907444953918,0.4915,0.48776795296579617,1.5071238726377487,0.1384615432471037,2.1572867035865784,nan,nan
cifar10,topk_softmax_0125,8,28,0.946777880191803,0.4895,0.4917743178223417,1.471101924777031,0.1384615432471037,2.1519845128059387,nan,nan
cifar10,topk_softmax_0125,9,0,2.220435619354248,0.261,0.22539763039591168,1.975783035159111,0.1384615432471037,2.196508288383484,nan,nan
cifar10,topk_softmax_0125,9,1,1.9509639739990234,0.3045,0.27846369841469676,1.82598477602005,0.1384615432471037,2.195731371641159,nan,nan
cifar10,topk_softmax_0125,9,2,1.800460696220398,0.356,0.35052196315323897,1.749516412615776,0.1384615432471037,2.1929633021354675,nan,nan
cifar10,topk_softmax_0125,9,3,1.7398606538772583,0.377,0.36599057371949695,1.665671557188034,0.1384615432471037,2.1914168149232864,nan,nan
cifar10,topk_softmax_0125,9,4,1.643521785736084,0.3965,0.37925335116835296,1.6373294293880463,0.1384615432471037,2.188145101070404,nan,nan
cifar10,topk_softmax_0125,9,5,1.5858088731765747,0.43,0.4268873083443803,1.5321544259786606,0.1384615432471037,2.187607929110527,nan,nan
cifar10,topk_softmax_0125,9,6,1.5206775665283203,0.4395,0.4302827300027552,1.5129574239253998,0.1384615432471037,2.184851050376892,nan,nan
cifar10,topk_softmax_0125,9,7,1.5114036798477173,0.447,0.44203068267939616,1.4852772504091263,0.1384615432471037,2.1829453706741333,nan,nan
cifar10,topk_softmax_0125,9,8,1.4722031354904175,0.452,0.43636702313739545,1.5079894959926605,0.1384615432471037,2.182042732834816,nan,nan
cifar10,topk_softmax_0125,9,9,1.4310799837112427,0.4485,0.43915763279049597,1.5012625306844711,0.1384615432471037,2.180638939142227,nan,nan
cifar10,topk_softmax_0125,9,10,1.3916853666305542,0.483,0.47590391780305125,1.4596366435289383,0.1384615432471037,2.179608166217804,nan,nan
cifar10,topk_softmax_0125,9,11,1.3421951532363892,0.468,0.4621692892160403,1.4332008063793182,0.1384615432471037,2.179274559020996,nan,nan
cifar10,topk_softmax_0125,9,12,1.3089985847473145,0.4925,0.49111783980039564,1.4079903662204742,0.1384615432471037,2.174376279115677,nan,nan
cifar10,topk_softmax_0125,9,13,1.2751879692077637,0.467,0.46016708304153464,1.4557020515203476,0.1384615432471037,2.1738368570804596,nan,nan
cifar10,topk_softmax_0125,9,14,1.275025486946106,0.5005,0.4929708279796752,1.4053362309932709,0.1384615432471037,2.171540766954422,nan,nan
cifar10,topk_softmax_0125,9,15,1.2159367799758911,0.4965,0.4770302071251674,1.4063843041658401,0.1384615432471037,2.172083169221878,nan,nan
cifar10,topk_softmax_0125,9,16,1.1892222166061401,0.508,0.4985378708231668,1.414976879954338,0.1384615432471037,2.1674592196941376,nan,nan
cifar10,topk_softmax_0125,9,17,1.1796616315841675,0.495,0.48800685228725654,1.4139094650745392,0.1384615432471037,2.1647422164678574,nan,nan
cifar10,topk_softmax_0125,9,18,1.1652882099151611,0.4965,0.4937356355501462,1.4223927855491638,0.1384615432471037,2.165981099009514,nan,nan
cifar10,topk_softmax_0125,9,19,1.1404609680175781,0.498,0.49076506673092163,1.4202496260404587,0.1384615432471037,2.1665657311677933,nan,nan
cifar10,topk_softmax_0125,9,20,1.1119393110275269,0.516,0.5143206222222781,1.4033977836370468,0.1384615432471037,2.163173019886017,nan,nan
cifar10,topk_softmax_0125,9,21,1.0942652225494385,0.488,0.488108332607842,1.4124195575714111,0.1384615432471037,2.155123010277748,nan,nan
cifar10,topk_softmax_0125,9,22,1.0606426000595093,0.506,0.5045354327681563,1.3845676332712173,0.1384615432471037,2.161392569541931,nan,nan
cifar10,topk_softmax_0125,9,23,1.0498656034469604,0.5145,0.5122693238019572,1.4103948324918747,0.1384615432471037,2.1533924490213394,nan,nan
cifar10,topk_softmax_0125,9,24,1.0199191570281982,0.481,0.46877169332305824,1.467407613992691,0.1384615432471037,2.159338191151619,nan,nan
cifar10,topk_softmax_0125,9,25,1.0166245698928833,0.4985,0.490330877652129,1.454445630311966,0.1384615432471037,2.1558908075094223,nan,nan
cifar10,topk_softmax_025,1,0,2.1531944274902344,0.257,0.22760275971053004,1.9849161207675934,0.26153847202658653,2.8301750123500824,nan,nan
cifar10,topk_softmax_025,1,1,1.9046635627746582,0.331,0.3150992706233336,1.8340377658605576,0.26153847202658653,2.8279872983694077,nan,nan
cifar10,topk_softmax_025,1,2,1.807544231414795,0.299,0.278658936151043,1.8528682887554169,0.26153847202658653,2.823464125394821,nan,nan
cifar10,topk_softmax_025,1,3,1.7174333333969116,0.37,0.3623061487225858,1.7136780470609665,0.26153847202658653,2.81990709900856,nan,nan
cifar10,topk_softmax_025,1,4,1.653977632522583,0.38,0.358736345857641,1.6744355261325836,0.26153847202658653,2.814904123544693,nan,nan
cifar10,topk_softmax_025,1,5,1.5978151559829712,0.3855,0.3675125170782253,1.640304148197174,0.2615384105592966,2.801647260785103,nan,nan
cifar10,topk_softmax_025,1,6,1.56980562210083,0.4125,0.3951608748199812,1.607179269194603,0.26153826154768467,2.7945291250944138,nan,nan
cifar10,topk_softmax_025,1,7,1.5153791904449463,0.421,0.41714768192232443,1.5997802317142487,0.2615380734205246,2.7964269518852234,nan,nan
cifar10,topk_softmax_025,1,8,1.4776121377944946,0.4465,0.43222595994808766,1.5755707174539566,0.26153847202658653,2.7941499054431915,nan,nan
cifar10,topk_softmax_025,1,9,1.4371380805969238,0.447,0.43161514036251597,1.546228677034378,0.2615383230149746,2.7898703068494797,nan,nan
cifar10,topk_softmax_025,1,10,1.4050023555755615,0.459,0.4477916726301185,1.5426443666219711,0.26153847202658653,2.781730443239212,nan,nan
cifar10,topk_softmax_025,1,11,1.3615643978118896,0.4475,0.4476686884542415,1.5278370529413223,0.26153847202658653,2.780506521463394,nan,nan
cifar10,topk_softmax_025,1,12,1.3484103679656982,0.454,0.4443673244335873,1.5258120447397232,0.26153847202658653,2.7841560393571854,nan,nan
cifar10,topk_softmax_025,1,13,1.3210663795471191,0.4615,0.4557393852733248,1.4874596297740936,0.26153842732310295,2.781188815832138,nan,nan
cifar10,topk_softmax_025,1,14,1.280943751335144,0.4595,0.4632052961320917,1.5115004777908325,0.26153847202658653,2.770303875207901,nan,nan
cifar10,topk_softmax_025,1,15,1.265195608139038,0.4735,0.4620849614538793,1.492426872253418,0.26153847202658653,2.7828928530216217,nan,nan
cifar10,topk_softmax_025,1,16,1.2449688911437988,0.4795,0.4649436326480842,1.4883106052875519,0.26153847202658653,2.771254599094391,nan,nan
cifar10,topk_softmax_025,1,17,1.2149606943130493,0.4795,0.4789196966111712,1.4675054252147675,0.26153847202658653,2.7677510380744934,nan,nan
cifar10,topk_softmax_025,1,18,1.1936306953430176,0.4745,0.47145392481430426,1.4788569658994675,0.26153847202658653,2.755752354860306,nan,nan
cifar10,topk_softmax_025,1,19,1.1765353679656982,0.4945,0.4819913137923383,1.4595690965652466,0.26153847202658653,2.760476738214493,nan,nan
cifar10,topk_softmax_025,1,20,1.1499725580215454,0.4925,0.48402732794428144,1.4760861843824387,0.26153847202658653,2.7517638951539993,nan,nan
cifar10,topk_softmax_025,1,21,1.1271010637283325,0.492,0.47755160833397914,1.4871876537799835,0.26153844222426414,2.7413564771413803,nan,nan
cifar10,topk_softmax_025,1,22,1.0980035066604614,0.4855,0.477319456537103,1.4835337400436401,0.26153847202658653,2.7553343176841736,nan,nan
cifar10,topk_softmax_025,1,23,1.1008228063583374,0.492,0.4822675119619415,1.4764364361763,0.26153847202658653,2.7461472153663635,nan,nan
cifar10,topk_softmax_025,1,24,1.071328043937683,0.4745,0.4660435783345174,1.5029421299695969,0.2615383751690388,2.712373584508896,nan,nan
cifar10,topk_softmax_025,2,0,2.2413368225097656,0.216,0.15142827508388268,2.106808304786682,0.26153847202658653,2.8306189626455307,nan,nan
cifar10,topk_softmax_025,2,1,2.007478713989258,0.3175,0.27962804259364066,1.8714350759983063,0.26153847202658653,2.8239587992429733,nan,nan
cifar10,topk_softmax_025,2,2,1.8609405755996704,0.336,0.31020649732474653,1.7663178741931915,0.26153847202658653,2.818154960870743,nan,nan
cifar10,topk_softmax_025,2,3,1.7666857242584229,0.3725,0.3409063825503915,1.6945252865552902,0.26153847202658653,2.815035492181778,nan,nan
cifar10,topk_softmax_025,2,4,1.6966696977615356,0.398,0.3755653116794045,1.663402959704399,0.26153847202658653,2.8094216734170914,nan,nan
cifar10,topk_softmax_025,2,5,1.6320722103118896,0.4045,0.36916995895251736,1.6304174065589905,0.26153847202658653,2.805703043937683,nan,nan
cifar10,topk_softmax_025,2,6,1.5739648342132568,0.425,0.41412240756410706,1.588776171207428,0.26153847202658653,2.7972411066293716,nan,nan
cifar10,topk_softmax_025,2,7,1.5489479303359985,0.4285,0.414512566759492,1.5548158437013626,0.26153847202658653,2.790728375315666,nan,nan
cifar10,topk_softmax_025,2,8,1.481500267982483,0.441,0.43978758835193127,1.5138964802026749,0.26153847202658653,2.7854218930006027,nan,nan
cifar10,topk_softmax_025,2,9,1.4355289936065674,0.454,0.44268669022093193,1.4902711808681488,0.26153847202658653,2.7811127305030823,nan,nan
cifar10,topk_softmax_025,2,10,1.401755928993225,0.438,0.40781439131773844,1.524432972073555,0.26153847202658653,2.774932235479355,nan,nan
cifar10,topk_softmax_025,2,11,1.3843131065368652,0.4735,0.4629508827866678,1.480596348643303,0.26153847202658653,2.768833264708519,nan,nan
cifar10,topk_softmax_025,2,12,1.3529858589172363,0.463,0.4505355262287699,1.464085265994072,0.26153847202658653,2.766748309135437,nan,nan
cifar10,topk_softmax_025,2,13,1.335038185119629,0.4965,0.4932234166746464,1.3996175974607468,0.26153847202658653,2.763624995946884,nan,nan
cifar10,topk_softmax_025,2,14,1.2982594966888428,0.488,0.48352496821872365,1.4280267655849457,0.26153847202658653,2.7604272067546844,nan,nan
cifar10,topk_softmax_025,2,15,1.2701959609985352,0.475,0.4691372942794887,1.4456900209188461,0.26153847202658653,2.7509845197200775,nan,nan
cifar10,topk_softmax_025,2,16,1.2447662353515625,0.4805,0.4564990681484417,1.453264057636261,0.26153847202658653,2.748149499297142,nan,nan
cifar10,topk_softmax_025,2,17,1.2280818223953247,0.508,0.4980452889770291,1.3902894705533981,0.26153847202658653,2.7443020194768906,nan,nan
cifar10,topk_softmax_025,2,18,1.19964599609375,0.488,0.47372689027573756,1.4241933375597,0.26153847202658653,2.7494764775037766,nan,nan
cifar10,topk_softmax_025,2,19,1.2217977046966553,0.493,0.47496972975742935,1.4199862331151962,0.26153847202658653,2.734417200088501,nan,nan
cifar10,topk_softmax_025,2,20,1.1801401376724243,0.5015,0.4916217840385141,1.4085550159215927,0.26153847202658653,2.7277479618787766,nan,nan
cifar10,topk_softmax_025,2,21,1.1454408168792725,0.502,0.4915368197477932,1.3994782269001007,0.26153847202658653,2.7296655476093292,nan,nan
cifar10,topk_softmax_025,2,22,1.113053798675537,0.506,0.496586194466542,1.415355309844017,0.26153847202658653,2.725700244307518,nan,nan
cifar10,topk_softmax_025,3,0,2.2082314491271973,0.215,0.1836204469828006,2.0581414103507996,0.26153847202658653,2.831048309803009,nan,nan
cifar10,topk_softmax_025,3,1,1.944242238998413,0.3045,0.28244267192781153,1.8592679053544998,0.26153847202658653,2.8270480632781982,nan,nan
cifar10,topk_softmax_025,3,2,1.8082056045532227,0.328,0.2887734798315539,1.8327078968286514,0.26153847202658653,2.824141427874565,nan,nan
cifar10,topk_softmax_025,3,3,1.7352019548416138,0.3485,0.32695157457500235,1.7429590970277786,0.26153847202658653,2.821267455816269,nan,nan
cifar10,topk_softmax_025,3,4,1.667912483215332,0.356,0.3280346438117706,1.7040765136480331,0.26153847202658653,2.817186266183853,nan,nan
cifar10,topk_softmax_025,3,5,1.6203097105026245,0.397,0.3786026846175954,1.6226475536823273,0.26153847202658653,2.813147097826004,nan,nan
cifar10,topk_softmax_025,3,6,1.5656365156173706,0.409,0.3957155993425933,1.6129468232393265,0.26153847202658653,2.8076223880052567,nan,nan
cifar10,topk_softmax_025,3,7,1.5098134279251099,0.4195,0.40841400967160923,1.554920181632042,0.26153847202658653,2.8076749742031097,nan,nan
cifar10,topk_softmax_025,3,8,1.462677001953125,0.4445,0.43571684012988554,1.5246805995702744,0.26153847202658653,2.8024741262197495,nan,nan
cifar10,topk_softmax_025,3,9,1.4259350299835205,0.4395,0.4154765680046187,1.5387265384197235,0.26153847202658653,2.7977568954229355,nan,nan
cifar10,topk_softmax_025,3,10,1.416107416152954,0.465,0.45409768095528164,1.4905820339918137,0.26153847202658653,2.790387451648712,nan,nan
cifar10,topk_softmax_025,3,11,1.3761166334152222,0.455,0.44316682689127,1.5016911327838898,0.26153847202658653,2.7945424616336823,nan,nan
cifar10,topk_softmax_025,3,12,1.3300583362579346,0.44,0.4344282245281551,1.5200441777706146,0.26153847202658653,2.791128545999527,nan,nan
cifar10,topk_softmax_025,3,13,1.3164442777633667,0.4655,0.45915683327215656,1.475929707288742,0.26153847202658653,2.791216105222702,nan,nan
cifar10,topk_softmax_025,3,14,1.2955899238586426,0.4775,0.46953325299466353,1.4782260954380035,0.26153847202658653,2.779235750436783,nan,nan
cifar10,topk_softmax_025,3,15,1.2553191184997559,0.4905,0.4800053338574082,1.4363351911306381,0.26153847202658653,2.7831395864486694,nan,nan
cifar10,topk_softmax_025,3,16,1.236230492591858,0.4795,0.47121741056952643,1.462958663702011,0.26153847202658653,2.778943791985512,nan,nan
cifar10,topk_softmax_025,3,17,1.2200764417648315,0.4795,0.4687208846188791,1.4637818187475204,0.2615384552627802,2.769626945257187,nan,nan
cifar10,topk_softmax_025,3,18,1.2128987312316895,0.475,0.4587131249884827,1.4604300558567047,0.26153847202658653,2.7670104950666428,nan,nan
cifar10,topk_softmax_025,3,19,1.1725181341171265,0.491,0.47991161642920177,1.4345520436763763,0.26153847202658653,2.7666647732257843,nan,nan
cifar10,topk_softmax_025,3,20,1.1428824663162231,0.494,0.4922285960969637,1.4422319382429123,0.26153847202658653,2.7691823691129684,nan,nan
cifar10,topk_softmax_025,3,21,1.1287546157836914,0.4805,0.4659140831179931,1.544879525899887,0.26153847202658653,2.7456801682710648,nan,nan
cifar10,topk_softmax_025,3,22,1.1169227361679077,0.5065,0.4964954608397355,1.4130870550870895,0.26153847202658653,2.756664901971817,nan,nan
cifar10,topk_softmax_025,3,23,1.0937836170196533,0.4975,0.49366898477751786,1.441026896238327,0.26153847202658653,2.730179414153099,nan,nan
cifar10,topk_softmax_025,3,24,1.0780147314071655,0.4885,0.4754965691514926,1.4761906117200851,0.26153847202658653,2.748756632208824,nan,nan
cifar10,topk_softmax_025,3,25,1.033263921737671,0.5015,0.49932936631220304,1.4766685962677002,0.26153847202658653,2.736795336008072,nan,nan
cifar10,topk_softmax_025,3,26,1.0243092775344849,0.4985,0.49625560202680685,1.5008457452058792,0.26153839007019997,2.746920555830002,nan,nan
cifar10,topk_softmax_025,3,27,1.0220568180084229,0.4845,0.4787421998073098,1.5195951908826828,0.26153847202658653,2.72856068611145,nan,nan
cifar10,topk_softmax_025,4,0,2.237151861190796,0.244,0.18377431580890455,2.0511281490325928,0.26153847202658653,2.830640584230423,nan,nan
cifar10,topk_softmax_025,4,1,1.9674385786056519,0.26,0.20961457047452514,1.940181165933609,0.26153847202658653,2.8259927332401276,nan,nan
cifar10,topk_softmax_025,4,2,1.8452938795089722,0.352,0.32747484629785395,1.782174289226532,0.26153847202658653,2.821482926607132,nan,nan
cifar10,topk_softmax_025,4,3,1.76103675365448,0.344,0.31132020583289244,1.7670008689165115,0.26153847202658653,2.814025357365608,nan,nan
cifar10,topk_softmax_025,4,4,1.6774126291275024,0.382,0.372212893374192,1.6754008382558823,0.26153847202658653,2.802496165037155,nan,nan
cifar10,topk_softmax_025,4,5,1.6112475395202637,0.3855,0.3807457029538647,1.663741871714592,0.26153847202658653,2.7915317714214325,nan,nan
cifar10,topk_softmax_025,4,6,1.5613150596618652,0.4115,0.39612407900420127,1.581305742263794,0.26153847202658653,2.7853985279798508,nan,nan
cifar10,topk_softmax_025,4,7,1.5014662742614746,0.4105,0.3922068391067517,1.5554281175136566,0.26153847202658653,2.777262821793556,nan,nan
cifar10,topk_softmax_025,4,8,1.4472852945327759,0.4385,0.4339286045450564,1.5320594906806946,0.26153847202658653,2.7741632163524628,nan,nan
cifar10,topk_softmax_025,4,9,1.42506742477417,0.438,0.42017358459364385,1.5299231112003326,0.26153847202658653,2.7702969014644623,nan,nan
cifar10,topk_softmax_025,4,10,1.3977810144424438,0.4545,0.44771472507902094,1.5097679793834686,0.2615384366363287,2.7654216438531876,nan,nan
cifar10,topk_softmax_025,4,11,1.3556853532791138,0.4655,0.4582578805322365,1.4843393713235855,0.26153847202658653,2.7615443021059036,nan,nan
cifar10,topk_softmax_025,4,12,1.3269505500793457,0.4935,0.48627651095153024,1.4328680336475372,0.26153847202658653,2.7571905702352524,nan,nan
cifar10,topk_softmax_025,4,13,1.288356065750122,0.4575,0.44495849645710744,1.4873263239860535,0.26153847202658653,2.7516472190618515,nan,nan
cifar10,topk_softmax_025,4,14,1.2594666481018066,0.471,0.4611384072865351,1.475796788930893,0.26153847202658653,2.7446801960468292,nan,nan
cifar10,topk_softmax_025,4,15,1.2410930395126343,0.4985,0.49863227158650236,1.422080174088478,0.26153847202658653,2.7358519434928894,nan,nan
cifar10,topk_softmax_025,4,16,1.2110649347305298,0.4915,0.4866889015136354,1.4276338964700699,0.2615383695811033,2.7352549582719803,nan,nan
cifar10,topk_softmax_025,4,17,1.1964854001998901,0.4935,0.4898961715529688,1.4333483576774597,0.2615383993834257,2.735038474202156,nan,nan
cifar10,topk_softmax_025,4,18,1.1764094829559326,0.4755,0.47285615788592256,1.4388507455587387,0.2615382969379425,2.7314010113477707,nan,nan
cifar10,topk_softmax_025,4,19,1.1581618785858154,0.5,0.49610017730545286,1.4229791015386581,0.26153833977878094,2.724249556660652,nan,nan
cifar10,topk_softmax_025,4,20,1.1264809370040894,0.5055,0.5021500932061597,1.381090685725212,0.2615380212664604,2.7229513823986053,nan,nan
cifar10,topk_softmax_025,4,21,1.1005839109420776,0.4775,0.4721057596450523,1.4882184118032455,0.2615380808711052,2.7229636013507843,nan,nan
cifar10,topk_softmax_025,4,22,1.0890012979507446,0.5025,0.4990484863931927,1.4317719042301178,0.261538153514266,2.7155818939208984,nan,nan
cifar10,topk_softmax_025,4,23,1.0692325830459595,0.506,0.499730034055616,1.4325202405452728,0.2615381386131048,2.720602735877037,nan,nan
cifar10,topk_softmax_025,4,24,1.0541236400604248,0.4995,0.4953843031806076,1.4422626942396164,0.26153779216110706,2.7156489193439484,nan,nan
cifar10,topk_softmax_025,4,25,1.0546308755874634,0.4965,0.49602488426082203,1.4472247511148453,0.261537155136466,2.7037608921527863,nan,nan
cifar10,topk_softmax_025,4,26,1.023085355758667,0.507,0.5060402962597099,1.4606336802244186,0.2615380510687828,2.7074048221111298,nan,nan
cifar10,topk_softmax_025,4,27,0.9961976408958435,0.5085,0.5045312866512964,1.4359606504440308,0.2615376338362694,2.704166904091835,nan,nan
cifar10,topk_softmax_025,4,28,0.9749557971954346,0.4975,0.495544646797107,1.4785947352647781,0.2615368813276291,2.6985522359609604,nan,nan
cifar10,topk_softmax_025,4,29,0.9582411646842957,0.5085,0.5097903948533232,1.4488319009542465,0.2615370377898216,2.6884099394083023,nan,nan
cifar10,topk_softmax_025,5,0,2.203946828842163,0.2345,0.19698681885854108,2.041634276509285,0.26153847202658653,2.8314337730407715,nan,nan
cifar10,topk_softmax_025,5,1,1.9737337827682495,0.31,0.2968281736714211,1.8588271588087082,0.26153847202658653,2.8275214582681656,nan,nan
cifar10,topk_softmax_025,5,2,1.8415265083312988,0.335,0.32034445588788796,1.77127905189991,0.26153847202658653,2.823362812399864,nan,nan
cifar10,topk_softmax_025,5,3,1.7591153383255005,0.3735,0.35766077114556305,1.713121473789215,0.26153847202658653,2.8191357851028442,nan,nan
cifar10,topk_softmax_025,5,4,1.6753920316696167,0.3905,0.3905826008645658,1.6508633643388748,0.26153847202658653,2.816060572862625,nan,nan
cifar10,topk_softmax_025,5,5,1.6246838569641113,0.4135,0.3937393539166509,1.6235589534044266,0.26153847202658653,2.811476320028305,nan,nan
cifar10,topk_softmax_025,5,6,1.5804531574249268,0.4305,0.4240090072866959,1.552991732954979,0.26153847202658653,2.811692774295807,nan,nan
cifar10,topk_softmax_025,5,7,1.5486640930175781,0.439,0.4349138490132593,1.550196424126625,0.26153847202658653,2.809803068637848,nan,nan
cifar10,topk_softmax_025,5,8,1.4895461797714233,0.4505,0.43621171928391017,1.5167010426521301,0.26153847202658653,2.8038365691900253,nan,nan
cifar10,topk_softmax_025,5,9,1.454952359199524,0.4605,0.4614857654402441,1.4943518489599228,0.26153847202658653,2.7966660410165787,nan,nan
cifar10,topk_softmax_025,5,10,1.4196054935455322,0.4615,0.45100972647767384,1.4780581295490265,0.26153847202658653,2.7951821237802505,nan,nan
cifar10,topk_softmax_025,5,11,1.3858509063720703,0.472,0.46915541000380667,1.4635732918977737,0.26153847202658653,2.793483704328537,nan,nan
cifar10,topk_softmax_025,5,12,1.3604024648666382,0.485,0.47638672681859767,1.4451503604650497,0.26153847202658653,2.795113652944565,nan,nan
cifar10,topk_softmax_025,5,13,1.331953763961792,0.4955,0.4928334093908127,1.4165767282247543,0.26153847202658653,2.7941455096006393,nan,nan
cifar10,topk_softmax_025,5,14,1.2954883575439453,0.476,0.46015271603012486,1.4274128377437592,0.26153847202658653,2.7923320829868317,nan,nan
cifar10,topk_softmax_025,5,15,1.268278956413269,0.493,0.49223710094471135,1.4089025259017944,0.26153847202658653,2.7954122722148895,nan,nan
cifar10,topk_softmax_025,5,16,1.2581747770309448,0.4795,0.47280313193221196,1.4516915380954742,0.26153847202658653,2.794306442141533,nan,nan
cifar10,topk_softmax_025,5,17,1.240945816040039,0.4895,0.48856721183587226,1.4304058700799942,0.26153847202658653,2.790566176176071,nan,nan
cifar10,topk_softmax_025,5,18,1.2121690511703491,0.492,0.48446728641755954,1.4203471839427948,0.26153847202658653,2.78676900267601,nan,nan
cifar10,topk_softmax_025,6,0,2.222275495529175,0.2375,0.20672227529177464,2.0457867681980133,0.26153847202658653,2.8228850066661835,nan,nan
cifar10,topk_softmax_025,6,1,1.9555612802505493,0.2885,0.2569440347581809,1.9023001044988632,0.26153847202658653,2.8108300268650055,nan,nan
cifar10,topk_softmax_025,6,2,1.848907470703125,0.33,0.3108738591152614,1.7952177375555038,0.26153847202658653,2.8026317209005356,nan,nan
cifar10,topk_softmax_025,6,3,1.7673448324203491,0.3535,0.343466015266763,1.7216438502073288,0.26153847202658653,2.8074378818273544,nan,nan
cifar10,topk_softmax_025,6,4,1.6679853200912476,0.4005,0.3885183255845066,1.6296875476837158,0.26153847202658653,2.805855482816696,nan,nan
cifar10,topk_softmax_025,6,5,1.6034084558486938,0.421,0.41634294262522314,1.5909139662981033,0.26153847202658653,2.7947099953889847,nan,nan
cifar10,topk_softmax_025,6,6,1.5587377548217773,0.4275,0.4208338684719162,1.53324656188488,0.26153847202658653,2.7941494435071945,nan,nan
cifar10,topk_softmax_025,6,7,1.506744384765625,0.4485,0.43890703956013477,1.500459909439087,0.26153847202658653,2.792186439037323,nan,nan
cifar10,topk_softmax_025,6,8,1.4599196910858154,0.4745,0.46554006841873735,1.4953243136405945,0.26153847202658653,2.7977652698755264,nan,nan
cifar10,topk_softmax_025,6,9,1.4514927864074707,0.4605,0.45441369762417577,1.4958131909370422,0.26153847202658653,2.7935169488191605,nan,nan
cifar10,topk_softmax_025,6,10,1.3973402976989746,0.4655,0.4518507966189972,1.467174842953682,0.26153847202658653,2.789759784936905,nan,nan
cifar10,topk_softmax_025,6,11,1.3825411796569824,0.4735,0.46506989695571566,1.4437906295061111,0.26153847202658653,2.7894201278686523,nan,nan
cifar10,topk_softmax_025,6,12,1.3389687538146973,0.477,0.4634375753758377,1.4382750540971756,0.26153847202658653,2.789532333612442,nan,nan
cifar10,topk_softmax_025,6,13,1.3065978288650513,0.4915,0.48638833618463473,1.4091477394104004,0.26153847202658653,2.7862184643745422,nan,nan
cifar10,topk_softmax_025,6,14,1.2816481590270996,0.471,0.4640129888964175,1.4570251256227493,0.26153847202658653,2.784559041261673,nan,nan
cifar10,topk_softmax_025,6,15,1.2515147924423218,0.519,0.5163456818234006,1.3732114285230637,0.26153847202658653,2.7721409797668457,nan,nan
cifar10,topk_softmax_025,6,16,1.2457667589187622,0.51,0.5014026141998567,1.4049784541130066,0.26153847202658653,2.772634968161583,nan,nan
cifar10,topk_softmax_025,6,17,1.2076398134231567,0.518,0.5075579886097175,1.3600412756204605,0.26153847202658653,2.7790235579013824,nan,nan
cifar10,topk_softmax_025,6,18,1.177203893661499,0.497,0.4849794130123054,1.4305129051208496,0.26153847202658653,2.7617832720279694,nan,nan
cifar10,topk_softmax_025,6,19,1.1819047927856445,0.529,0.5222459745014418,1.3448417335748672,0.26153847202658653,2.7669594436883926,nan,nan
cifar10,topk_softmax_025,6,20,1.1558012962341309,0.539,0.5360625769088092,1.3418780863285065,0.26153847202658653,2.7588633000850677,nan,nan
cifar10,topk_softmax_025,6,21,1.1103066205978394,0.526,0.5211645417945118,1.3434854298830032,0.26153847202658653,2.7562257945537567,nan,nan
cifar10,topk_softmax_025,6,22,1.1092280149459839,0.503,0.48781889803775114,1.4553859680891037,0.26153847202658653,2.748177170753479,nan,nan
cifar10,topk_softmax_025,6,23,1.0968538522720337,0.541,0.5337296455255084,1.3357582688331604,0.26153847202658653,2.7504188120365143,nan,nan
cifar10,topk_softmax_025,6,24,1.0668694972991943,0.512,0.5022858481954189,1.4005400240421295,0.26153847202658653,2.737577185034752,nan,nan
cifar10,topk_softmax_025,6,25,1.0530116558074951,0.526,0.5226262826573553,1.3733951896429062,0.26153847202658653,2.751039430499077,nan,nan
cifar10,topk_softmax_025,6,26,1.0142436027526855,0.527,0.5285127135146908,1.4013798832893372,0.26153845712542534,2.74246683716774,nan,nan
cifar10,topk_softmax_025,6,27,1.0033847093582153,0.514,0.5109813458529588,1.4299967288970947,0.26153847202658653,2.7356657087802887,nan,nan
cifar10,topk_softmax_025,6,28,0.9864399433135986,0.5305,0.5269453243199044,1.3924124538898468,0.26153845712542534,2.7342889457941055,nan,nan
cifar10,topk_softmax_025,7,0,2.1677427291870117,0.2855,0.24845812522764937,1.9413408637046814,0.26153847202658653,2.8273270428180695,nan,nan
cifar10,topk_softmax_025,7,1,1.896926760673523,0.33,0.29954773698956605,1.7904014587402344,0.26153847202658653,2.8218753784894943,nan,nan
cifar10,topk_softmax_025,7,2,1.76465904712677,0.3645,0.33692425358823896,1.7169282734394073,0.26153847202658653,2.8131857067346573,nan,nan
cifar10,topk_softmax_025,7,3,1.7002660036087036,0.389,0.36283524763218833,1.6688328087329865,0.26153847202658653,2.8078329414129257,nan,nan
cifar10,topk_softmax_025,7,4,1.6432836055755615,0.4145,0.3921345439934693,1.616507038474083,0.26153844222426414,2.8013856410980225,nan,nan
cifar10,topk_softmax_025,7,5,1.5825437307357788,0.4285,0.41458886473094836,1.564650908112526,0.26153847202658653,2.7969794124364853,nan,nan
cifar10,topk_softmax_025,7,6,1.5304034948349,0.446,0.4262144094922232,1.528369814157486,0.26153847202658653,2.7943577766418457,nan,nan
cifar10,topk_softmax_025,7,7,1.5066375732421875,0.451,0.4276431849833324,1.522451713681221,0.26153847202658653,2.7809297144412994,nan,nan
cifar10,topk_softmax_025,7,8,1.465813159942627,0.4595,0.44179496571319604,1.517136812210083,0.26153847202658653,2.792362406849861,nan,nan
cifar10,topk_softmax_025,7,9,1.4381390810012817,0.459,0.4402654579521769,1.4797677397727966,0.26153847202658653,2.7868617475032806,nan,nan
cifar10,topk_softmax_025,7,10,1.4122651815414429,0.472,0.463721878687096,1.4644744843244553,0.26153847202658653,2.7873536944389343,nan,nan
cifar10,topk_softmax_025,7,11,1.3621453046798706,0.48,0.47065622754216757,1.437373548746109,0.26153847202658653,2.7740313559770584,nan,nan
cifar10,topk_softmax_025,7,12,1.351212501525879,0.494,0.486574279507189,1.4072792381048203,0.26153847202658653,2.779958412051201,nan,nan
cifar10,topk_softmax_025,7,13,1.309053659439087,0.485,0.4784152174953184,1.4170066118240356,0.26153847202658653,2.7859046459198,nan,nan
cifar10,topk_softmax_025,7,14,1.2833043336868286,0.467,0.4462956272623765,1.5216233283281326,0.26153847202658653,2.7683472484350204,nan,nan
cifar10,topk_softmax_025,7,15,1.2708559036254883,0.5075,0.4913403864462523,1.4042130559682846,0.26153847202658653,2.767515629529953,nan,nan
cifar10,topk_softmax_025,7,16,1.2340630292892456,0.506,0.49690866111457455,1.3956154733896255,0.26153847202658653,2.7661387026309967,nan,nan
cifar10,topk_softmax_025,7,17,1.215100884437561,0.5095,0.5017018496425987,1.4061314314603806,0.26153847202658653,2.767344743013382,nan,nan
cifar10,topk_softmax_025,7,18,1.198764681816101,0.517,0.504191610064374,1.3762153536081314,0.26153847202658653,2.7566680014133453,nan,nan
cifar10,topk_softmax_025,7,19,1.1812629699707031,0.512,0.5001245790549229,1.4199559837579727,0.26153847202658653,2.75365050137043,nan,nan
cifar10,topk_softmax_025,7,20,1.1525280475616455,0.507,0.5032480950778964,1.3976756483316422,0.26153847202658653,2.750068485736847,nan,nan
cifar10,topk_softmax_025,7,21,1.1363496780395508,0.499,0.5023523061648869,1.419827327132225,0.26153847202658653,2.7684941589832306,nan,nan
cifar10,topk_softmax_025,7,22,1.1272028684616089,0.5215,0.5149746663750536,1.3931780606508255,0.26153847202658653,2.7540485709905624,nan,nan
cifar10,topk_softmax_025,7,23,1.0892915725708008,0.5185,0.510861174936162,1.3994609713554382,0.26153847202658653,2.7474742084741592,nan,nan
cifar10,topk_softmax_025,7,24,1.0698705911636353,0.5175,0.5101883547806502,1.416588544845581,0.26153847202658653,2.7618676871061325,nan,nan
cifar10,topk_softmax_025,7,25,1.0560134649276733,0.528,0.5227323899387597,1.378597691655159,0.26153847202658653,2.750407889485359,nan,nan
cifar10,topk_softmax_025,7,26,1.0332419872283936,0.521,0.517036175190413,1.387204349040985,0.26153847202658653,2.748264819383621,nan,nan
cifar10,topk_softmax_025,7,27,1.0182911157608032,0.528,0.5207619905476674,1.4206462651491165,0.26153847202658653,2.75615856051445,nan,nan
cifar10,topk_softmax_025,7,28,1.0269851684570312,0.526,0.5189248830402635,1.4086600691080093,0.26153847202658653,2.7305848300457,nan,nan
cifar10,topk_softmax_025,7,29,0.9849189519882202,0.527,0.5245301596843821,1.4218697249889374,0.26153847202658653,2.7283028215169907,nan,nan
cifar10,topk_softmax_025,8,0,2.2362072467803955,0.2495,0.20324008361083717,2.053874373435974,0.26153847202658653,2.8276627957820892,nan,nan
cifar10,topk_softmax_025,8,1,1.98297119140625,0.3,0.2669812547957879,1.8979377448558807,0.26153847202658653,2.821378603577614,nan,nan
cifar10,topk_softmax_025,8,2,1.8252413272857666,0.3355,0.3181461946384977,1.7917049080133438,0.26153847202658653,2.815126672387123,nan,nan
cifar10,topk_softmax_025,8,3,1.7399449348449707,0.344,0.33380114495815144,1.7432304918766022,0.26153847202658653,2.8158773630857468,nan,nan
cifar10,topk_softmax_025,8,4,1.6747409105300903,0.374,0.36473039143206093,1.6606029868125916,0.26153847202658653,2.8126781284809113,nan,nan
cifar10,topk_softmax_025,8,5,1.6110455989837646,0.4185,0.4158723757524281,1.6132314652204514,0.26153847202658653,2.8098256289958954,nan,nan
cifar10,topk_softmax_025,8,6,1.566487431526184,0.432,0.43135807309590524,1.5587138235569,0.26153847202658653,2.801939308643341,nan,nan
cifar10,topk_softmax_025,8,7,1.5133183002471924,0.4345,0.42713422533188483,1.5238161087036133,0.26153847202658653,2.7964480072259903,nan,nan
cifar10,topk_softmax_025,8,8,1.4649478197097778,0.4465,0.4396099580315204,1.4999797493219376,0.26153847202658653,2.791846454143524,nan,nan
cifar10,topk_softmax_025,8,9,1.428032636642456,0.455,0.4522652728211871,1.4848509579896927,0.26153847202658653,2.7903419733047485,nan,nan
cifar10,topk_softmax_025,8,10,1.400810718536377,0.458,0.45299940821612666,1.4697227329015732,0.26153847202658653,2.788499355316162,nan,nan
cifar10,topk_softmax_025,8,11,1.3756119012832642,0.459,0.454182402690836,1.4862117320299149,0.26153847202658653,2.78452929854393,nan,nan
cifar10,topk_softmax_025,8,12,1.349547266960144,0.4705,0.46348478777493735,1.4390950500965118,0.26153847202658653,2.7819033712148666,nan,nan
cifar10,topk_softmax_025,8,13,1.3042447566986084,0.465,0.46114980187222576,1.4569060951471329,0.26153847202658653,2.778743088245392,nan,nan
cifar10,topk_softmax_025,8,14,1.271255373954773,0.487,0.4878142033877249,1.435513123869896,0.26153847202658653,2.77531236410141,nan,nan
cifar10,topk_softmax_025,8,15,1.25746750831604,0.481,0.47879981598490484,1.4455821961164474,0.26153847202658653,2.7710972726345062,nan,nan
cifar10,topk_softmax_025,8,16,1.2166030406951904,0.4765,0.47335345319082905,1.4516194015741348,0.26153847202658653,2.763644427061081,nan,nan
cifar10,topk_softmax_025,8,17,1.1999613046646118,0.491,0.4946448740210713,1.4163335114717484,0.26153847202658653,2.7606412321329117,nan,nan
cifar10,topk_softmax_025,8,18,1.1849631071090698,0.4885,0.4829136872467301,1.4263131767511368,0.26153847202658653,2.756788954138756,nan,nan
cifar10,topk_softmax_025,8,19,1.1524431705474854,0.491,0.4918480517675084,1.4519728869199753,0.26153847202658653,2.7515843361616135,nan,nan
cifar10,topk_softmax_025,8,20,1.1253154277801514,0.494,0.49635835073069384,1.418449878692627,0.26153847202658653,2.7511745244264603,nan,nan
cifar10,topk_softmax_025,8,21,1.1176282167434692,0.4975,0.49997234894067777,1.4085403978824615,0.26153847202658653,2.7478257417678833,nan,nan
cifar10,topk_softmax_025,8,22,1.0899578332901,0.491,0.4914510213245449,1.409754827618599,0.26153847202658653,2.740541636943817,nan,nan
cifar10,topk_softmax_025,8,23,1.0971781015396118,0.4995,0.5000343043938278,1.4210521876811981,0.26153847202658653,2.739271178841591,nan,nan
cifar10,topk_softmax_025,8,24,1.0562341213226318,0.492,0.495234237106467,1.4365872889757156,0.26153847202658653,2.72511488199234,nan,nan
cifar10,topk_softmax_025,8,25,1.0364383459091187,0.498,0.49926141850853656,1.458186462521553,0.26153847202658653,2.7237483114004135,nan,nan
cifar10,topk_softmax_025,8,26,1.024877667427063,0.491,0.4911918495708553,1.455717220902443,0.26153847202658653,2.723014712333679,nan,nan
cifar10,topk_softmax_025,8,27,0.9924034476280212,0.496,0.4906559181271696,1.475988045334816,0.26153847202658653,2.718887209892273,nan,nan
cifar10,topk_softmax_025,8,28,0.9880969524383545,0.4985,0.4995947213778658,1.4450467675924301,0.26153847202658653,2.7114198803901672,nan,nan
cifar10,topk_softmax_025,9,0,2.2202112674713135,0.2445,0.19794659494397043,1.9984183609485626,0.26153847202658653,2.83198344707489,nan,nan
cifar10,topk_softmax_025,9,1,1.9807541370391846,0.309,0.286069508542816,1.8629292100667953,0.26153847202658653,2.829518511891365,nan,nan
cifar10,topk_softmax_025,9,2,1.8192721605300903,0.3575,0.3560411943468952,1.751916691660881,0.26153847202658653,2.8193713575601578,nan,nan
cifar10,topk_softmax_025,9,3,1.7656646966934204,0.366,0.34043488646347153,1.6878766864538193,0.26153847202658653,2.81535467505455,nan,nan
cifar10,topk_softmax_025,9,4,1.671858787536621,0.368,0.3531762356299891,1.7027422040700912,0.26153840124607086,2.8034688532352448,nan,nan
cifar10,topk_softmax_025,9,5,1.634977102279663,0.4075,0.4004933566699148,1.5788355320692062,0.2615384105592966,2.804162621498108,nan,nan
cifar10,topk_softmax_025,9,6,1.5688207149505615,0.419,0.40234336669939763,1.5781760513782501,0.26153822615742683,2.793730303645134,nan,nan
cifar10,topk_softmax_025,9,7,1.5433565378189087,0.448,0.44317672861575774,1.5063244551420212,0.2615379635244608,2.7819526195526123,nan,nan
cifar10,topk_softmax_025,9,8,1.481610655784607,0.446,0.4331485418957236,1.4987093657255173,0.26153819635510445,2.7870662957429886,nan,nan
cifar10,topk_softmax_025,9,9,1.4540269374847412,0.4455,0.4408255089771698,1.519984394311905,0.2615383844822645,2.7826160937547684,nan,nan
cifar10,topk_softmax_025,9,10,1.4303721189498901,0.451,0.44203821334506826,1.4696796089410782,0.2615381423383951,2.7755005210638046,nan,nan
cifar10,topk_softmax_025,9,11,1.3688623905181885,0.4815,0.47652534522070844,1.4351813942193985,0.2615383844822645,2.7704403400421143,nan,nan
cifar10,topk_softmax_025,9,12,1.3293206691741943,0.4835,0.483723009713841,1.4034605771303177,0.2615383844822645,2.76516155898571,nan,nan
cifar10,topk_softmax_025,9,13,1.3249138593673706,0.4655,0.4579036928787983,1.4238751828670502,0.2615381795912981,2.7624315172433853,nan,nan
cifar10,topk_softmax_025,9,14,1.3070025444030762,0.487,0.47854458273952305,1.4124431759119034,0.2615382820367813,2.7505657970905304,nan,nan
cifar10,topk_softmax_025,9,15,1.2513173818588257,0.485,0.4698834741931582,1.4274558126926422,0.26153829507529736,2.7478151619434357,nan,nan
cifar10,topk_softmax_025,9,16,1.2352879047393799,0.479,0.4697583254317611,1.4611437767744064,0.2615378387272358,2.7470740526914597,nan,nan
cifar10,topk_softmax_025,9,17,1.222048282623291,0.5165,0.5132508760941873,1.3565901815891266,0.26153810881078243,2.7503083497285843,nan,nan
cifar10,topk_softmax_025,9,18,1.1912578344345093,0.4705,0.4603044829883517,1.449690967798233,0.26153815165162086,2.748855233192444,nan,nan
cifar10,topk_softmax_025,9,19,1.1845133304595947,0.4855,0.4797115917620124,1.4451351165771484,0.26153792813420296,2.751755118370056,nan,nan
cifar10,topk_softmax_025,9,20,1.1612552404403687,0.5105,0.5016555783809253,1.4215807169675827,0.2615376953035593,2.740004226565361,nan,nan
cifar10,topk_softmax_025,9,21,1.1425905227661133,0.499,0.4986511773533405,1.3645368665456772,0.2615380771458149,2.7436183989048004,nan,nan
cifar10,topk_softmax_025,9,22,1.0944709777832031,0.5125,0.5107249063406544,1.3663252592086792,0.2615382391959429,2.7416357547044754,nan,nan
cifar10,sparsemax,0,0,2.2520995140075684,0.233,0.2090115598267453,2.072620004415512,0.44382953085005283,2.8572642505168915,nan,nan
cifar10,sparsemax,0,1,2.0025506019592285,0.274,0.26450513428410394,1.933979570865631,0.4047923283651471,2.7469541132450104,nan,nan
cifar10,sparsemax,0,2,1.8559263944625854,0.3205,0.2934499767531794,1.8034506440162659,0.40448506642133,2.720227174460888,nan,nan
cifar10,sparsemax,0,3,1.7599694728851318,0.361,0.3375951977639191,1.6980415433645248,0.39698784332722425,2.668490409851074,nan,nan
cifar10,sparsemax,0,4,1.660213589668274,0.388,0.38580305613874577,1.6841981559991837,0.3875660263001919,2.645446479320526,nan,nan
cifar10,sparsemax,0,5,1.6111929416656494,0.4115,0.3954596313682956,1.6138252913951874,0.3731616297736764,2.608220048248768,nan,nan
cifar10,sparsemax,0,6,1.5509614944458008,0.4285,0.42115250249960967,1.5715568363666534,0.3721042163670063,2.6090164482593536,nan,nan
cifar10,sparsemax,0,7,1.489742636680603,0.435,0.4333322340166599,1.5502388924360275,0.37453134171664715,2.614765800535679,nan,nan
cifar10,sparsemax,0,8,1.4584773778915405,0.4575,0.44791998264312627,1.5034158527851105,0.36877130530774593,2.6019700914621353,nan,nan
cifar10,sparsemax,0,9,1.4230153560638428,0.464,0.4588882034921883,1.5092571526765823,0.35818756092339754,2.5647605136036873,nan,nan
cifar10,sparsemax,0,10,1.3729373216629028,0.4675,0.4640683176073049,1.4767085313796997,0.3537622755393386,2.5573566034436226,nan,nan
cifar10,sparsemax,0,11,1.3525315523147583,0.466,0.45698156013018326,1.4705267399549484,0.36018493585288525,2.5662406384944916,nan,nan
cifar10,sparsemax,0,12,1.3357747793197632,0.4735,0.46746386786004307,1.4758513420820236,0.3530508913099766,2.548809766769409,nan,nan
cifar10,sparsemax,0,13,1.2926743030548096,0.455,0.4475188398595867,1.5478214174509048,0.354054288007319,2.5588752776384354,nan,nan
cifar10,sparsemax,0,14,1.2784266471862793,0.478,0.4674392682858339,1.482932597398758,0.34166401624679565,2.524923823773861,nan,nan
cifar10,sparsemax,0,15,1.2441877126693726,0.467,0.4615725196064089,1.4800074249505997,0.3384854234755039,2.5084277540445328,nan,nan
cifar10,sparsemax,0,16,1.2202175855636597,0.4815,0.477822602998854,1.446713238954544,0.3310885662212968,2.488425001502037,nan,nan
cifar10,sparsemax,0,17,1.1727725267410278,0.479,0.47811475101238665,1.4627811014652252,0.3289995053783059,2.481663830578327,nan,nan
cifar10,sparsemax,0,18,1.190114140510559,0.493,0.4910819602207708,1.4482633620500565,0.32505139242857695,2.4886087626218796,nan,nan
cifar10,sparsemax,0,19,1.1468896865844727,0.4855,0.4861900303669514,1.4466716200113297,0.3170208530500531,2.4484888240695,nan,nan
cifar10,sparsemax,0,20,1.1199036836624146,0.4845,0.476860111087102,1.465994954109192,0.31162433233112097,2.4324231892824173,nan,nan
cifar10,sparsemax,0,21,1.1160409450531006,0.48,0.4780082848084629,1.4651674777269363,0.31023132987320423,2.4309016689658165,nan,nan
cifar10,sparsemax,0,22,1.0873072147369385,0.4865,0.4814596193395155,1.4749329090118408,0.306432006880641,2.4317136332392693,nan,nan
cifar10,sparsemax,0,23,1.0549265146255493,0.4825,0.4850280990438116,1.4709668159484863,0.30086800176650286,2.412166804075241,nan,nan
cifar10,sparsemax,1,0,2.159726142883301,0.22,0.18900235637925095,2.0870714485645294,0.549526758491993,3.102965399622917,nan,nan
cifar10,sparsemax,1,1,1.9271780252456665,0.315,0.3008015448800521,1.8481534123420715,0.4540773658081889,2.867154061794281,nan,nan
cifar10,sparsemax,1,2,1.8173027038574219,0.315,0.29521439243474645,1.8106363117694855,0.3921489976346493,2.7170206159353256,nan,nan
cifar10,sparsemax,1,3,1.7249587774276733,0.3685,0.3568897920344175,1.7353307008743286,0.3896155385300517,2.6634241193532944,nan,nan
cifar10,sparsemax,1,4,1.649997591972351,0.387,0.3641090211137184,1.6746459007263184,0.3859103377908468,2.6316705495119095,nan,nan
cifar10,sparsemax,1,5,1.5994902849197388,0.403,0.3906110200293998,1.6356275379657745,0.3781081549823284,2.6186275482177734,nan,nan
cifar10,sparsemax,1,6,1.551190972328186,0.4005,0.3766599470132953,1.6636278480291367,0.38232123851776123,2.610457621514797,nan,nan
cifar10,sparsemax,1,7,1.5080379247665405,0.433,0.4287450323169775,1.5791479498147964,0.3735053800046444,2.6017470359802246,nan,nan
cifar10,sparsemax,1,8,1.4593745470046997,0.414,0.39581806261187347,1.6739517748355865,0.3674255469813943,2.600446231663227,nan,nan
cifar10,sparsemax,1,9,1.4279327392578125,0.4185,0.39417702708923513,1.6105428785085678,0.367293001152575,2.605412758886814,nan,nan
cifar10,sparsemax,1,10,1.3987843990325928,0.446,0.4278520788063906,1.5544423013925552,0.3585954653099179,2.581277422606945,nan,nan
cifar10,sparsemax,1,11,1.3602604866027832,0.456,0.45191153135134776,1.5317631512880325,0.36689795553684235,2.5809061154723167,nan,nan
cifar10,sparsemax,1,12,1.340294361114502,0.446,0.4350726321839137,1.5379643440246582,0.35735486168414354,2.565357193350792,nan,nan
cifar10,sparsemax,1,13,1.325108289718628,0.464,0.45786842046403253,1.5108797401189804,0.34898104425519705,2.5436784625053406,nan,nan
cifar10,sparsemax,1,14,1.2893495559692383,0.4375,0.43925413642070765,1.5732501149177551,0.35291707422584295,2.5643483251333237,nan,nan
cifar10,sparsemax,1,15,1.2745083570480347,0.462,0.44436195924879673,1.545189082622528,0.3481223816052079,2.5577468052506447,nan,nan
cifar10,sparsemax,1,16,1.2369663715362549,0.468,0.4666076329191773,1.5381473302841187,0.35196785628795624,2.5434118658304214,nan,nan
cifar10,sparsemax,1,17,1.2131766080856323,0.4755,0.4718491834147935,1.5200124979019165,0.35005800146609545,2.539109595119953,nan,nan
cifar10,sparsemax,1,18,1.1884881258010864,0.4685,0.46742178276652024,1.5151300877332687,0.3418967220932245,2.5289681032299995,nan,nan
cifar10,sparsemax,1,19,1.1568204164505005,0.487,0.4787839934589456,1.4786599278450012,0.3412340832874179,2.5067187696695328,nan,nan
cifar10,sparsemax,1,20,1.1453043222427368,0.463,0.45268344453879966,1.5467554330825806,0.33828996773809195,2.505571022629738,nan,nan
cifar10,sparsemax,1,21,1.1217354536056519,0.474,0.45966285861409373,1.5192550420761108,0.343683123588562,2.511852487921715,nan,nan
cifar10,sparsemax,1,22,1.0930291414260864,0.489,0.48550636993660656,1.5105717182159424,0.3341857986524701,2.5008346885442734,nan,nan
cifar10,sparsemax,1,23,1.065479040145874,0.482,0.4705334416488428,1.5425812900066376,0.3414797494187951,2.5061748921871185,nan,nan
cifar10,sparsemax,1,24,1.0642802715301514,0.489,0.4812042206244403,1.514125257730484,0.32668002881109715,2.4823910295963287,nan,nan
cifar10,sparsemax,1,25,1.0503995418548584,0.4785,0.48131571568100806,1.5398196130990982,0.3222838742658496,2.4597023129463196,nan,nan
cifar10,sparsemax,1,26,1.0181220769882202,0.4855,0.4716058401988438,1.5354024171829224,0.3269472327083349,2.4684481024742126,nan,nan
cifar10,sparsemax,1,27,0.9960218071937561,0.483,0.479690871540327,1.5545197576284409,0.31988650746643543,2.4403289556503296,nan,nan
cifar10,sparsemax,2,0,2.2331809997558594,0.229,0.16215355572367102,2.101527988910675,0.5278321113437414,3.0182180404663086,nan,nan
cifar10,sparsemax,2,1,1.987021565437317,0.327,0.29132902749723955,1.8576594144105911,0.43569246027618647,2.76441939920187,nan,nan
cifar10,sparsemax,2,2,1.8333754539489746,0.3535,0.32445201281133745,1.755292609333992,0.38593302480876446,2.606297455728054,nan,nan
cifar10,sparsemax,2,3,1.7396705150604248,0.381,0.3529366906122138,1.672467663884163,0.38462112471461296,2.609021835029125,nan,nan
cifar10,sparsemax,2,4,1.6595407724380493,0.3785,0.342322512961381,1.6848416179418564,0.3793301610276103,2.579954572021961,nan,nan
cifar10,sparsemax,2,5,1.6307523250579834,0.405,0.36388656455739116,1.6282644420862198,0.3664501067250967,2.5515055507421494,nan,nan
cifar10,sparsemax,2,6,1.5660022497177124,0.4415,0.43252361579219356,1.5530986189842224,0.36729197669774294,2.541170507669449,nan,nan
cifar10,sparsemax,2,7,1.5238670110702515,0.439,0.41574986489132054,1.5672582536935806,0.37280717864632607,2.558595098555088,nan,nan
cifar10,sparsemax,2,8,1.4988219738006592,0.474,0.4615867558005462,1.5004407465457916,0.3662241715937853,2.535541333258152,nan,nan
cifar10,sparsemax,2,9,1.4343037605285645,0.4655,0.4518404733389761,1.5037286281585693,0.35356617253273726,2.5400842055678368,nan,nan
cifar10,sparsemax,2,10,1.3987019062042236,0.474,0.455681821104565,1.4891029596328735,0.344923896715045,2.500914826989174,nan,nan
cifar10,sparsemax,2,11,1.3901652097702026,0.467,0.4466449834579408,1.5056679248809814,0.34424231853336096,2.5060381293296814,nan,nan
cifar10,sparsemax,2,12,1.3564848899841309,0.474,0.4598655425859562,1.4612048864364624,0.3384077101945877,2.5005346909165382,nan,nan
cifar10,sparsemax,2,13,1.3231045007705688,0.468,0.45728114653027657,1.472879022359848,0.33319493290036917,2.474026635289192,nan,nan
cifar10,sparsemax,3,0,2.21836519241333,0.214,0.1560326621730695,2.064533978700638,0.410017560236156,2.801903337240219,nan,nan
cifar10,sparsemax,3,1,1.9523037672042847,0.3205,0.29591653570582965,1.853354200720787,0.38989540096372366,2.6939364224672318,nan,nan
cifar10,sparsemax,3,2,1.7910634279251099,0.2965,0.24478188149964425,1.9373652338981628,0.3532107211649418,2.6063186079263687,nan,nan
cifar10,sparsemax,3,3,1.7505061626434326,0.3575,0.32465539222184125,1.695483312010765,0.33963506668806076,2.53971466422081,nan,nan
cifar10,sparsemax,3,4,1.6336160898208618,0.38,0.3502189914780896,1.650071457028389,0.3400673819705844,2.5306119173765182,nan,nan
cifar10,sparsemax,3,5,1.6043308973312378,0.3835,0.3706618821462191,1.6373125612735748,0.34054656233638525,2.5362368896603584,nan,nan
cifar10,sparsemax,3,6,1.5392029285430908,0.402,0.38761875690358244,1.5901086032390594,0.3350200643762946,2.5515743494033813,nan,nan
cifar10,sparsemax,3,7,1.489492416381836,0.4105,0.39746566106005277,1.5732048451900482,0.32069853879511356,2.490958660840988,nan,nan
cifar10,sparsemax,3,8,1.46065354347229,0.4175,0.4073508897193431,1.5562942177057266,0.3162271874025464,2.481815569102764,nan,nan
cifar10,sparsemax,3,9,1.4271767139434814,0.4415,0.4157702780110387,1.5497994124889374,0.3242494584992528,2.5276522636413574,nan,nan
cifar10,sparsemax,3,10,1.398978590965271,0.439,0.4327310617410184,1.5449140071868896,0.3180217919871211,2.49685288220644,nan,nan
cifar10,sparsemax,3,11,1.3612316846847534,0.4295,0.42476153738986133,1.5621488988399506,0.30160435289144516,2.4535912722349167,nan,nan
cifar10,sparsemax,3,12,1.328352928161621,0.4405,0.43038556841353837,1.5411271899938583,0.30463180784136057,2.4433317333459854,nan,nan
cifar10,sparsemax,3,13,1.2953801155090332,0.4545,0.4536190769574964,1.490938737988472,0.3030268643051386,2.46354179084301,nan,nan
cifar10,sparsemax,3,14,1.265956997871399,0.4705,0.46780322486016834,1.479717880487442,0.30651346407830715,2.4760487154126167,nan,nan
cifar10,sparsemax,3,15,1.2389800548553467,0.4725,0.46592654753642293,1.4631750732660294,0.3048925921320915,2.4486243203282356,nan,nan
cifar10,sparsemax,3,16,1.2174477577209473,0.462,0.45308254979262375,1.5073567479848862,0.29929708130657673,2.4474087953567505,nan,nan
cifar10,sparsemax,3,17,1.2137669324874878,0.4335,0.4280795069848054,1.56857068836689,0.29736309591680765,2.4257894456386566,nan,nan
cifar10,sparsemax,3,18,1.1935621500015259,0.4815,0.4712978579754646,1.4778722524642944,0.2912009870633483,2.4191645681858063,nan,nan
cifar10,sparsemax,3,19,1.1568057537078857,0.4895,0.484934864659884,1.4713537693023682,0.2928001135587692,2.4327133297920227,nan,nan
cifar10,sparsemax,3,20,1.1258848905563354,0.484,0.47109191027616665,1.496577650308609,0.29428143985569477,2.412126764655113,nan,nan
cifar10,sparsemax,3,21,1.0919827222824097,0.483,0.4729235685094307,1.499794989824295,0.2860490744933486,2.3929053023457527,nan,nan
cifar10,sparsemax,3,22,1.0891691446304321,0.486,0.48022941496677224,1.4776619374752045,0.2768375212326646,2.3646776974201202,nan,nan
cifar10,sparsemax,3,23,1.076038122177124,0.4815,0.4773716704469841,1.5082652568817139,0.28871292620897293,2.405122183263302,nan,nan
cifar10,sparsemax,3,24,1.0435513257980347,0.4835,0.47863876404111955,1.5384405702352524,0.2798670008778572,2.3798369392752647,nan,nan
cifar10,sparsemax,4,0,2.2505311965942383,0.2235,0.14495111789412948,2.077159434556961,0.40405835397541523,2.8273537009954453,nan,nan
cifar10,sparsemax,4,1,1.9928364753723145,0.255,0.2178315637771604,1.9614938348531723,0.3786216638982296,2.6958174258470535,nan,nan
cifar10,sparsemax,4,2,1.8580102920532227,0.325,0.2998030099458032,1.8126598745584488,0.34996006544679403,2.5972146093845367,nan,nan
cifar10,sparsemax,4,3,1.7730867862701416,0.3425,0.3105854059171196,1.7636709809303284,0.3236059593036771,2.496336780488491,nan,nan
cifar10,sparsemax,4,4,1.7025874853134155,0.368,0.36067696813845834,1.6879732757806778,0.3036736370995641,2.4294919595122337,nan,nan
cifar10,sparsemax,4,5,1.6306458711624146,0.38,0.3729947591954957,1.6805337220430374,0.2993208831176162,2.417140230536461,nan,nan
cifar10,sparsemax,4,6,1.594086766242981,0.3855,0.3669429574359768,1.6573740541934967,0.2873181998729706,2.386829912662506,nan,nan
cifar10,sparsemax,4,7,1.5471409559249878,0.405,0.3977259591175663,1.5862707644701004,0.27967231441289186,2.3650123700499535,nan,nan
cifar10,sparsemax,4,8,1.4836784601211548,0.415,0.39868822064373816,1.5669188797473907,0.2661810899153352,2.3189212158322334,nan,nan
cifar10,sparsemax,4,9,1.4394563436508179,0.444,0.4337448015231592,1.5755417793989182,0.2630592053756118,2.3155020028352737,nan,nan
cifar10,sparsemax,4,10,1.4090590476989746,0.4205,0.4065879616789852,1.5511035919189453,0.25547180604189634,2.305135630071163,nan,nan
cifar10,sparsemax,4,11,1.3760430812835693,0.4445,0.4387848537103419,1.5178232491016388,0.2528351815417409,2.2981429398059845,nan,nan
cifar10,sparsemax,4,12,1.3390275239944458,0.4445,0.43869007159216045,1.5259520560503006,0.24526132736355066,2.283427871763706,nan,nan
cifar10,sparsemax,4,13,1.3155156373977661,0.4415,0.4253031267863963,1.5207649320363998,0.2354495981708169,2.2449157908558846,nan,nan
cifar10,sparsemax,4,14,1.2662835121154785,0.449,0.4343894939614133,1.5311685353517532,0.23594245314598083,2.249468043446541,nan,nan
cifar10,sparsemax,4,15,1.2573175430297852,0.461,0.46239765288467083,1.5168639570474625,0.23370095621794462,2.237524762749672,nan,nan
cifar10,sparsemax,4,16,1.221930980682373,0.465,0.45667582385174976,1.5210011154413223,0.23491594195365906,2.2365321069955826,nan,nan
cifar10,sparsemax,4,17,1.212956428527832,0.4595,0.4537553256594619,1.4929224997758865,0.22819884400814772,2.2058325856924057,nan,nan
cifar10,sparsemax,4,18,1.1747623682022095,0.4725,0.4678879704713851,1.4889170229434967,0.22722351364791393,2.1992743611335754,nan,nan
cifar10,sparsemax,4,19,1.1659631729125977,0.461,0.4591914811167267,1.5174514204263687,0.22074032947421074,2.1710783541202545,nan,nan
cifar10,sparsemax,4,20,1.1276581287384033,0.462,0.45181750640300145,1.5403242111206055,0.22020706813782454,2.1717694029212,nan,nan
cifar10,sparsemax,4,21,1.116198182106018,0.4805,0.47903511216959016,1.4802091270685196,0.2195835281163454,2.1685990914702415,nan,nan
cifar10,sparsemax,4,22,1.0850924253463745,0.4665,0.4590436172088557,1.5409551709890366,0.22237315122038126,2.187920071184635,nan,nan
cifar10,sparsemax,4,23,1.0784674882888794,0.474,0.46813634707519736,1.4922918230295181,0.21505927294492722,2.150487706065178,nan,nan
cifar10,sparsemax,4,24,1.0463587045669556,0.4685,0.4619560735064575,1.5223656445741653,0.21396320220082998,2.1368242725729942,nan,nan
cifar10,sparsemax,4,25,1.02928626537323,0.484,0.4843877576791346,1.4930655360221863,0.20878236647695303,2.1210324615240097,nan,nan
cifar10,sparsemax,4,26,1.0144023895263672,0.485,0.48205732665705564,1.4870350509881973,0.21182001708075404,2.12614493817091,nan,nan
cifar10,sparsemax,4,27,0.9841382503509521,0.4825,0.4815419861827211,1.5707301050424576,0.21199108147993684,2.120023064315319,nan,nan
cifar10,sparsemax,4,28,0.9509090185165405,0.486,0.4846388502178078,1.5777322947978973,0.20579557213932276,2.103184163570404,nan,nan
cifar10,sparsemax,4,29,0.9326582551002502,0.4855,0.4851978131698093,1.5402510613203049,0.20598597871139646,2.099767617881298,nan,nan
cifar10,sparsemax,5,0,2.189875602722168,0.2315,0.20053160764859226,2.0287739634513855,0.5025197248905897,3.0652151852846146,nan,nan
cifar10,sparsemax,5,1,1.9674478769302368,0.3115,0.29095922223442516,1.8591271340847015,0.42286364547908306,2.813536658883095,nan,nan
cifar10,sparsemax,5,2,1.8335963487625122,0.3325,0.32437748849212256,1.7853925675153732,0.39513646252453327,2.744423747062683,nan,nan
cifar10,sparsemax,5,3,1.7543087005615234,0.3605,0.34161180122149104,1.7232802212238312,0.3708584923297167,2.6419008299708366,nan,nan
cifar10,sparsemax,5,4,1.6778416633605957,0.394,0.38443159465173593,1.6507066786289215,0.3648526705801487,2.634208105504513,nan,nan
cifar10,sparsemax,5,5,1.6306610107421875,0.398,0.38045636259359966,1.6359803229570389,0.3768099257722497,2.645584762096405,nan,nan
cifar10,sparsemax,5,6,1.5811738967895508,0.4285,0.42262022131412946,1.5904553681612015,0.3554052533581853,2.593046396970749,nan,nan
cifar10,sparsemax,5,7,1.5564119815826416,0.4225,0.4000432808344721,1.6245515048503876,0.33881107810884714,2.5361181050539017,nan,nan
cifar10,sparsemax,5,8,1.50397789478302,0.4375,0.42385899607659977,1.5650817453861237,0.32758455723524094,2.5125019028782845,nan,nan
cifar10,sparsemax,5,9,1.4673752784729004,0.45,0.4450765935560031,1.4945207983255386,0.32951869908720255,2.5399870201945305,nan,nan
cifar10,sparsemax,5,10,1.426323652267456,0.46,0.45101036817790663,1.4808701276779175,0.3178800605237484,2.4838549867272377,nan,nan
cifar10,sparsemax,5,11,1.4012562036514282,0.456,0.4489872982352277,1.5070676803588867,0.3108446830883622,2.4789980053901672,nan,nan
cifar10,sparsemax,5,12,1.379721760749817,0.47,0.45521191287959895,1.4590756446123123,0.30878361221402884,2.4682407826185226,nan,nan
cifar10,sparsemax,5,13,1.3373548984527588,0.4725,0.47504620420340016,1.452358826994896,0.3018448082730174,2.4399881288409233,nan,nan
cifar10,sparsemax,5,14,1.3210461139678955,0.46,0.4437380809146583,1.483731433749199,0.3048510421067476,2.439209073781967,nan,nan
cifar10,sparsemax,5,15,1.2929341793060303,0.4795,0.481481402939455,1.4359608441591263,0.2961584758013487,2.4252644553780556,nan,nan
cifar10,sparsemax,5,16,1.246315836906433,0.484,0.47247725123433704,1.4562463015317917,0.2940602656453848,2.4046288430690765,nan,nan
cifar10,sparsemax,5,17,1.2407183647155762,0.4905,0.4890674369070819,1.418397232890129,0.29503531008958817,2.423107460141182,nan,nan
cifar10,sparsemax,5,18,1.215999722480774,0.477,0.4671216458764257,1.4400621801614761,0.29521174542605877,2.4225708469748497,nan,nan
cifar10,sparsemax,5,19,1.1884602308273315,0.498,0.4930488511458345,1.4108926057815552,0.29372252337634563,2.4137826710939407,nan,nan
cifar10,sparsemax,5,20,1.1696511507034302,0.482,0.4729753290800701,1.4515813291072845,0.2887594811618328,2.402553513646126,nan,nan
cifar10,sparsemax,5,21,1.1334490776062012,0.4885,0.4870135423734503,1.4327457696199417,0.28926297556608915,2.4067915454506874,nan,nan
cifar10,sparsemax,5,22,1.1125327348709106,0.4935,0.4854696145465957,1.440978229045868,0.2790539972484112,2.3712819665670395,nan,nan
cifar10,sparsemax,5,23,1.113299012184143,0.4985,0.5015444437349685,1.4322995841503143,0.2758775008842349,2.3736678436398506,nan,nan
cifar10,sparsemax,5,24,1.075661540031433,0.4835,0.47728492133051803,1.4884130656719208,0.2793700722977519,2.3859796673059464,nan,nan
cifar10,sparsemax,5,25,1.058648943901062,0.4805,0.47456839919811944,1.4649138152599335,0.2764028226956725,2.367347277700901,nan,nan
cifar10,sparsemax,5,26,1.0387886762619019,0.499,0.49874970521880774,1.4485600590705872,0.2779299570247531,2.367861934006214,nan,nan
cifar10,sparsemax,5,27,1.0189919471740723,0.4895,0.48382013008061414,1.4608003944158554,0.2713120300322771,2.3538595885038376,nan,nan
cifar10,sparsemax,5,28,1.0038398504257202,0.475,0.4793201898512958,1.4793199300765991,0.2675011050887406,2.332712285220623,nan,nan
cifar10,sparsemax,5,29,0.9952653050422668,0.501,0.5014811027151362,1.4756957590579987,0.2659423886798322,2.3173594549298286,nan,nan
cifar10,sparsemax,6,0,2.2244725227355957,0.2545,0.20345998688914452,2.022161304950714,0.38900536205619574,2.67789763212204,nan,nan
cifar10,sparsemax,6,1,1.9454574584960938,0.313,0.28032320760622526,1.8563314974308014,0.3895529620349407,2.6213102638721466,nan,nan
cifar10,sparsemax,6,2,1.815609335899353,0.3495,0.34038081973667345,1.750917762517929,0.3787741018459201,2.5955533385276794,nan,nan
cifar10,sparsemax,6,3,1.7213695049285889,0.374,0.3668921843162895,1.6926101744174957,0.36357385106384754,2.5357616022229195,nan,nan
cifar10,sparsemax,6,4,1.6410070657730103,0.418,0.4029775653230283,1.6157927811145782,0.3676904011517763,2.5594102516770363,nan,nan
cifar10,sparsemax,6,5,1.5828652381896973,0.416,0.4063709752616603,1.5940247178077698,0.3691466888412833,2.5707345381379128,nan,nan
cifar10,sparsemax,6,6,1.5377076864242554,0.4395,0.43205767941468326,1.5536766350269318,0.3617054484784603,2.563328839838505,nan,nan
cifar10,sparsemax,6,7,1.4948192834854126,0.448,0.4429117268083143,1.5272950381040573,0.3614367460832,2.537310153245926,nan,nan
cifar10,sparsemax,6,8,1.45243501663208,0.4545,0.4456403739877355,1.4966933280229568,0.3628087667748332,2.5588416755199432,nan,nan
cifar10,sparsemax,6,9,1.4255393743515015,0.444,0.44043758654744736,1.5168605893850327,0.35767933912575245,2.5537193417549133,nan,nan
cifar10,sparsemax,6,10,1.387070894241333,0.4585,0.4461613549545588,1.484523981809616,0.35722113866358995,2.550038993358612,nan,nan
cifar10,sparsemax,6,11,1.3778611421585083,0.47,0.46539445766804144,1.4588856250047684,0.34729100205004215,2.5197915956377983,nan,nan
cifar10,sparsemax,6,12,1.3262073993682861,0.466,0.45214801139745725,1.466313198208809,0.346622615121305,2.527553468942642,nan,nan
cifar10,sparsemax,6,13,1.2920557260513306,0.48,0.4758589807554473,1.456324815750122,0.34247765969485044,2.51076952368021,nan,nan
cifar10,sparsemax,6,14,1.273003339767456,0.487,0.48393612568647904,1.442904844880104,0.33532527554780245,2.493052951991558,nan,nan
cifar10,sparsemax,6,15,1.2450462579727173,0.479,0.48046806193473535,1.4171242415904999,0.33406229317188263,2.4794053807854652,nan,nan
cifar10,sparsemax,6,16,1.2390940189361572,0.4905,0.48524642614605773,1.4111134856939316,0.33313282299786806,2.495986647903919,nan,nan
cifar10,sparsemax,6,17,1.2023652791976929,0.483,0.474215051374137,1.4339533746242523,0.3233484849333763,2.4572807624936104,nan,nan
cifar10,sparsemax,6,18,1.1809139251708984,0.4955,0.4946472643624659,1.4302136898040771,0.3156641134992242,2.4167339876294136,nan,nan
cifar10,sparsemax,6,19,1.1722509860992432,0.4915,0.4863996354150693,1.406182423233986,0.31248562783002853,2.4327832385897636,nan,nan
cifar10,sparsemax,6,20,1.1387662887573242,0.51,0.5085046885621854,1.400796428322792,0.31093617668375373,2.421691909432411,nan,nan
cifar10,sparsemax,6,21,1.1064679622650146,0.51,0.5091071940594898,1.385268121957779,0.30667060147970915,2.4266621619462967,nan,nan
cifar10,sparsemax,6,22,1.094299077987671,0.492,0.48594235166987143,1.4659183025360107,0.29644595459103584,2.392741158604622,nan,nan
cifar10,sparsemax,6,23,1.0801653861999512,0.507,0.49641468960564195,1.4197704195976257,0.2985465042293072,2.3852257132530212,nan,nan
cifar10,sparsemax,6,24,1.054146647453308,0.502,0.4989780299789458,1.4169461280107498,0.28817559592425823,2.368091769516468,nan,nan
cifar10,sparsemax,6,25,1.0470702648162842,0.509,0.5041908778470858,1.4217520207166672,0.2911445708014071,2.3679357692599297,nan,nan
cifar10,sparsemax,7,0,2.1836416721343994,0.2485,0.213642910481228,1.9915084689855576,0.47063833475112915,2.858632281422615,nan,nan
cifar10,sparsemax,7,1,1.9309065341949463,0.3245,0.2838611767121714,1.8214987516403198,0.4433998428285122,2.771657258272171,nan,nan
cifar10,sparsemax,7,2,1.7719714641571045,0.367,0.3464169836267079,1.748154953122139,0.45218909718096256,2.8034146651625633,nan,nan
cifar10,sparsemax,7,3,1.6939115524291992,0.399,0.37476418652929544,1.6688238978385925,0.4296198710799217,2.746609702706337,nan,nan
cifar10,sparsemax,7,4,1.6371312141418457,0.417,0.39459824005826766,1.5988236963748932,0.4135404876433313,2.620663993060589,nan,nan
cifar10,sparsemax,7,5,1.5684843063354492,0.409,0.3791690591674325,1.6124198585748672,0.41524619050323963,2.6551971584558487,nan,nan
cifar10,sparsemax,7,6,1.5284574031829834,0.454,0.4378483438294792,1.5132348984479904,0.41784507129341364,2.664076879620552,nan,nan
cifar10,sparsemax,7,7,1.48891019821167,0.457,0.44798172895597715,1.5068353414535522,0.4136413708329201,2.628269672393799,nan,nan
cifar10,sparsemax,7,8,1.4368895292282104,0.456,0.4548406415461095,1.4979099929332733,0.40226381784304976,2.588342286646366,nan,nan
cifar10,sparsemax,7,9,1.4088293313980103,0.468,0.451469198375911,1.4610563963651657,0.39841335266828537,2.5731267780065536,nan,nan
cifar10,sparsemax,7,10,1.3826930522918701,0.4525,0.45062914167961576,1.481481984257698,0.40007317205891013,2.5750958248972893,nan,nan
cifar10,sparsemax,7,11,1.348178744316101,0.4725,0.46079079741222284,1.4893352091312408,0.39049001783132553,2.573658235371113,nan,nan
cifar10,sparsemax,7,12,1.3456954956054688,0.492,0.4812527244040474,1.4327140599489212,0.38704497599974275,2.5546811148524284,nan,nan
cifar10,sparsemax,7,13,1.3052095174789429,0.492,0.47652551219562433,1.4112189710140228,0.3823788883164525,2.538027748465538,nan,nan
cifar10,sparsemax,7,14,1.2548967599868774,0.509,0.5024403888238795,1.4222211390733719,0.3665134026668966,2.4821950867772102,nan,nan
cifar10,sparsemax,7,15,1.2432193756103516,0.4945,0.48250496952384003,1.438465565443039,0.3696812894195318,2.489915408194065,nan,nan
cifar10,sparsemax,7,16,1.2177449464797974,0.4965,0.47838628779988335,1.4318161457777023,0.3663294529542327,2.4934519976377487,nan,nan
cifar10,sparsemax,7,17,1.2175536155700684,0.5025,0.4894268128724285,1.4018897116184235,0.3720302931033075,2.5204731449484825,nan,nan
cifar10,sparsemax,7,18,1.1711814403533936,0.494,0.4857244862996595,1.4221330881118774,0.3574299584142864,2.485680252313614,nan,nan
cifar10,sparsemax,7,19,1.1540906429290771,0.4965,0.48515539844899813,1.4398572891950607,0.3547625574283302,2.458093710243702,nan,nan
cifar10,sparsemax,8,0,2.23355770111084,0.2465,0.202701155669331,2.076408267021179,0.4577799029648304,2.877415508031845,nan,nan
cifar10,sparsemax,8,1,1.996557593345642,0.286,0.2527240042566945,1.92700757086277,0.4195884568616748,2.7563635408878326,nan,nan
cifar10,sparsemax,8,2,1.844447374343872,0.326,0.30809382161477866,1.7909770011901855,0.38715318124741316,2.631589613854885,nan,nan
cifar10,sparsemax,8,3,1.7503926753997803,0.362,0.3574675954414562,1.7011409848928452,0.3920316006988287,2.6512184366583824,nan,nan
cifar10,sparsemax,8,4,1.6712727546691895,0.377,0.37142869607733014,1.6699420064687729,0.386817186139524,2.641579508781433,nan,nan
cifar10,sparsemax,8,5,1.6035290956497192,0.4085,0.40503234482122463,1.62851020693779,0.37331547029316425,2.64039708673954,nan,nan
cifar10,sparsemax,8,6,1.5632617473602295,0.4195,0.42168424891944634,1.579763874411583,0.3762924876064062,2.6141238063573837,nan,nan
cifar10,sparsemax,8,7,1.520346999168396,0.438,0.4340218770067249,1.536084696650505,0.3625526214018464,2.593071825802326,nan,nan
cifar10,sparsemax,8,8,1.4494688510894775,0.447,0.44045604824854073,1.5202287882566452,0.3569712219759822,2.5815324559807777,nan,nan
cifar10,sparsemax,8,9,1.4162850379943848,0.434,0.42814416754728046,1.575951486825943,0.3516899049282074,2.569462776184082,nan,nan
cifar10,sparsemax,8,10,1.4078694581985474,0.4235,0.4135517829883363,1.5645502507686615,0.33627919666469097,2.531122788786888,nan,nan
cifar10,sparsemax,8,11,1.3788259029388428,0.4585,0.45679408180108527,1.4875664710998535,0.31933774147182703,2.481830485165119,nan,nan
cifar10,sparsemax,8,12,1.320404291152954,0.4645,0.4610236224149917,1.4915139973163605,0.32015509717166424,2.4955675154924393,nan,nan
cifar10,sparsemax,8,13,1.2915266752243042,0.4645,0.4621859178469533,1.4672709554433823,0.3099629897624254,2.473931171000004,nan,nan
cifar10,sparsemax,8,14,1.2497634887695312,0.4885,0.48728552792983193,1.4341924786567688,0.3059238772839308,2.4597596749663353,nan,nan
cifar10,sparsemax,8,15,1.2427797317504883,0.4745,0.4778559618618197,1.454999029636383,0.29900827538222075,2.4360276088118553,nan,nan
cifar10,sparsemax,8,16,1.2035975456237793,0.4825,0.4890442792883071,1.4443075954914093,0.28959439042955637,2.409579209983349,nan,nan
cifar10,sparsemax,8,17,1.1849756240844727,0.455,0.4566448735252502,1.531866267323494,0.2910534795373678,2.399764560163021,nan,nan
cifar10,sparsemax,8,18,1.1806622743606567,0.5,0.49842498896890375,1.4188273400068283,0.2855089111253619,2.3908949941396713,nan,nan
cifar10,sparsemax,8,19,1.1270112991333008,0.467,0.46604711260136095,1.5255925208330154,0.27539051324129105,2.3673293739557266,nan,nan
cifar10,sparsemax,8,20,1.1261388063430786,0.4955,0.5013663611917789,1.3951401710510254,0.278466422110796,2.361427880823612,nan,nan
cifar10,sparsemax,8,21,1.080471158027649,0.506,0.5073196722201108,1.402905285358429,0.268027369864285,2.3324144780635834,nan,nan
cifar10,sparsemax,8,22,1.059934377670288,0.508,0.5074634066185715,1.4460833966732025,0.2683390798047185,2.34014680236578,nan,nan
cifar10,sparsemax,8,23,1.052025318145752,0.509,0.5141384160499816,1.418381690979004,0.26629234943538904,2.3342598378658295,nan,nan
cifar10,sparsemax,8,24,1.0181856155395508,0.4965,0.49496233059331596,1.4597523510456085,0.2584007438272238,2.299773134291172,nan,nan
cifar10,sparsemax,8,25,1.0236772298812866,0.5085,0.5131853403264661,1.4261386096477509,0.2585885180160403,2.304226838052273,nan,nan
cifar10,sparsemax,8,26,0.9812304377555847,0.5085,0.5124767241986689,1.4369085729122162,0.25717567233368754,2.292984999716282,nan,nan
cifar10,sparsemax,8,27,0.9440836310386658,0.5025,0.5003266732227235,1.464269831776619,0.2525034677237272,2.2831167951226234,nan,nan
cifar10,sparsemax,8,28,0.952264130115509,0.515,0.5169349632364394,1.4536407440900803,0.2540999539196491,2.2848201617598534,nan,nan
cifar10,sparsemax,8,29,0.9181981086730957,0.503,0.5065340321123127,1.4874870330095291,0.24545172695070505,2.257420226931572,nan,nan
cifar10,sparsemax,9,0,2.2161998748779297,0.2575,0.20589706447846173,2.0001403242349625,0.46904486417770386,2.9800316244363785,nan,nan
cifar10,sparsemax,9,1,1.9555113315582275,0.3215,0.3087015824779609,1.8117389529943466,0.4204804413020611,2.805204913020134,nan,nan
cifar10,sparsemax,9,2,1.794035792350769,0.3665,0.36011441374057085,1.6931394040584564,0.37721586506813765,2.6657590866088867,nan,nan
cifar10,sparsemax,9,3,1.7279905080795288,0.3685,0.34331304140276253,1.6853800863027573,0.3522769631817937,2.5740515887737274,nan,nan
cifar10,sparsemax,9,4,1.6412115097045898,0.392,0.37408109343281026,1.6564317643642426,0.3626818750053644,2.6129118502140045,nan,nan
cifar10,sparsemax,9,5,1.6045985221862793,0.406,0.3996792946138435,1.5743782371282578,0.3505515940487385,2.5870392993092537,nan,nan
cifar10,sparsemax,9,6,1.5410845279693604,0.4195,0.3969469719228539,1.587988719344139,0.34280477557331324,2.5505339205265045,nan,nan
cifar10,sparsemax,9,7,1.5224968194961548,0.438,0.4272844973414358,1.540243074297905,0.32895361352711916,2.503720499575138,nan,nan
cifar10,sparsemax,9,8,1.4674204587936401,0.439,0.4317537673374144,1.5100204646587372,0.33498565666377544,2.5314261242747307,nan,nan
cifar10,sparsemax,9,9,1.4515374898910522,0.4535,0.4418635884992284,1.4704384207725525,0.3325673248618841,2.522288702428341,nan,nan
cifar10,sparsemax,9,10,1.4035520553588867,0.4635,0.45908059359675446,1.476635217666626,0.32368338387459517,2.5089533552527428,nan,nan
cifar10,sparsemax,9,11,1.355696678161621,0.4625,0.45476778168844073,1.4706527292728424,0.3237453494220972,2.494819611310959,nan,nan
cifar10,sparsemax,9,12,1.345352053642273,0.4485,0.4454414597771928,1.4941740185022354,0.3158239349722862,2.4863937348127365,nan,nan
cifar10,sparsemax,9,13,1.3183298110961914,0.4485,0.43785108764462793,1.4597124457359314,0.31961165741086006,2.481855146586895,nan,nan
cifar10,sparsemax,9,14,1.2911652326583862,0.476,0.4703568808836646,1.4533772617578506,0.3177668806165457,2.47832328081131,nan,nan
cifar10,sparsemax,9,15,1.2546236515045166,0.468,0.4599458813780899,1.4573855102062225,0.3084964519366622,2.4497557058930397,nan,nan
cifar10,sparsemax,9,16,1.233107089996338,0.487,0.4748941038301219,1.4515052139759064,0.31633294094353914,2.4931727573275566,nan,nan
cifar10,sparsemax,9,17,1.2164219617843628,0.4835,0.48092922410271244,1.4579811245203018,0.31070317793637514,2.469517558813095,nan,nan
cifar10,sparsemax,9,18,1.1878938674926758,0.468,0.46297165720943834,1.4675465822219849,0.31774141173809767,2.478001795709133,nan,nan
cifar10,sparsemax,9,19,1.1899937391281128,0.4835,0.47805555884860673,1.4747561663389206,0.2938714539632201,2.4274725914001465,nan,nan
cifar10,sparsemax,9,20,1.1506340503692627,0.493,0.48938858344995123,1.4460259675979614,0.29956384748220444,2.4444159641861916,nan,nan
cifar10,sparsemax,9,21,1.1230839490890503,0.4935,0.48968256025976437,1.4487678855657578,0.30050276406109333,2.4375128597021103,nan,nan
cifar10,sparsemax,9,22,1.0999350547790527,0.4875,0.48877307291218564,1.4364354759454727,0.2985848356038332,2.4289966225624084,nan,nan
cifar10,sparsemax,9,23,1.0867714881896973,0.4975,0.49506567753677927,1.4516748189926147,0.28519025538116693,2.3875124007463455,nan,nan
cifar10,sparsemax,9,24,1.0619556903839111,0.4935,0.4886725448790849,1.454325720667839,0.28417410142719746,2.385485492646694,nan,nan
cifar10,sparsemax,9,25,1.0459558963775635,0.4725,0.46697352659994423,1.4919593185186386,0.29221877828240395,2.4190938249230385,nan,nan
cifar10,sparsemax,9,26,1.0314337015151978,0.4985,0.4938418033612303,1.469516173005104,0.288041764870286,2.4041046425700188,nan,nan
cifar10,sparsemax,9,27,0.9977832436561584,0.494,0.48834051906298537,1.4796691983938217,0.28418533224612474,2.389194279909134,nan,nan
cifar10,sparsemax,9,28,0.967758059501648,0.492,0.48984918637301195,1.4876611232757568,0.2759004505351186,2.3547320514917374,nan,nan
cifar10,sparsemax,9,29,0.950088381767273,0.4985,0.4937668777656719,1.5051758140325546,0.2786503778770566,2.369765944778919,nan,nan
cifar10,entmax15,1,0,2.1868205070495605,0.206,0.16845925631965533,2.1221987903118134,0.9019751064479351,3.7797273844480515,nan,nan
cifar10,entmax15,1,1,1.9665932655334473,0.2875,0.26390654185756857,1.8826290369033813,0.8587970323860645,3.6459247320890427,nan,nan
cifar10,entmax15,1,2,1.8568185567855835,0.3035,0.27474404604165525,1.8137376755475998,0.8168763108551502,3.5292499512434006,nan,nan
cifar10,entmax15,1,3,1.7618149518966675,0.3355,0.32054400176233705,1.7740161716938019,0.803385004401207,3.5043615996837616,nan,nan
cifar10,entmax15,1,4,1.6833226680755615,0.3695,0.3430339822878858,1.7287150472402573,0.7781931236386299,3.449350669980049,nan,nan
cifar10,entmax15,1,5,1.634416937828064,0.357,0.3481996242393749,1.6762209385633469,0.7617239467799664,3.4058002829551697,nan,nan
cifar10,entmax15,1,6,1.580382227897644,0.4025,0.38199948992765487,1.6505296677350998,0.749769777059555,3.385094329714775,nan,nan
cifar10,entmax15,1,7,1.5397472381591797,0.4125,0.4069439254710085,1.5910073965787888,0.7485602684319019,3.3730267137289047,nan,nan
cifar10,entmax15,1,8,1.5001482963562012,0.416,0.40023208729467286,1.5985825061798096,0.732819214463234,3.344693139195442,nan,nan
cifar10,entmax15,1,9,1.44770348072052,0.434,0.417373040182808,1.5596232414245605,0.7257752455770969,3.3281019628047943,nan,nan
cifar10,entmax15,1,10,1.4278522729873657,0.433,0.41702917883875956,1.5479708760976791,0.7102246321737766,3.288499563932419,nan,nan
cifar10,entmax15,1,11,1.3936887979507446,0.453,0.4498443744765872,1.517855241894722,0.7099581621587276,3.282853841781616,nan,nan
cifar10,entmax15,1,12,1.3767708539962769,0.4465,0.43345693927815604,1.5156489163637161,0.7123481333255768,3.28633151948452,nan,nan
cifar10,entmax15,1,13,1.3438239097595215,0.461,0.4499414037678921,1.492072507739067,0.7099687568843365,3.288603961467743,nan,nan
cifar10,entmax15,1,14,1.3100409507751465,0.4635,0.4620770298244314,1.4789719730615616,0.7006080336868763,3.2557649463415146,nan,nan
cifar10,entmax15,1,15,1.2933242321014404,0.4635,0.447715764014358,1.4947502315044403,0.6942521072924137,3.2436324656009674,nan,nan
cifar10,entmax15,1,16,1.2734031677246094,0.4555,0.4453720472936632,1.4983191043138504,0.6889852732419968,3.228266268968582,nan,nan
cifar10,entmax15,1,17,1.2387990951538086,0.4755,0.4691626271241301,1.4501981735229492,0.6878034137189388,3.219606652855873,nan,nan
cifar10,entmax15,1,18,1.232605218887329,0.4615,0.45927464791324724,1.504901498556137,0.6787636391818523,3.1940507292747498,nan,nan
cifar10,entmax15,1,19,1.2037982940673828,0.4845,0.4744028301874749,1.4528215825557709,0.675818357616663,3.1939272731542587,nan,nan
cifar10,entmax15,1,20,1.181840181350708,0.484,0.48099761601902175,1.4632953256368637,0.6734757982194424,3.186089277267456,nan,nan
cifar10,entmax15,1,21,1.1716779470443726,0.4775,0.4600407068622294,1.4857367426156998,0.657541561871767,3.1457186490297318,nan,nan
cifar10,entmax15,1,22,1.134533166885376,0.5005,0.4955805076786734,1.4542022347450256,0.65595768019557,3.142776980996132,nan,nan
cifar10,entmax15,1,23,1.1165763139724731,0.4865,0.47971292920919345,1.4604758322238922,0.6484231427311897,3.123959943652153,nan,nan
cifar10,entmax15,1,24,1.0812979936599731,0.488,0.4846297641994123,1.4805754125118256,0.6496220957487822,3.123030498623848,nan,nan
cifar10,entmax15,1,25,1.0980963706970215,0.456,0.4581715614314805,1.5798409134149551,0.6375342607498169,3.0917077362537384,nan,nan
cifar10,entmax15,1,26,1.0676703453063965,0.4665,0.44977831236589483,1.55430006980896,0.6451547313481569,3.1158562898635864,nan,nan
cifar10,entmax15,1,27,1.0446044206619263,0.495,0.4885236028770614,1.5332316905260086,0.6303403526544571,3.073146164417267,nan,nan
cifar10,entmax15,2,0,2.2343204021453857,0.2195,0.1627065503213224,2.1300230622291565,0.92538857832551,3.843253642320633,nan,nan
cifar10,entmax15,2,1,2.018040895462036,0.3075,0.2635721604187311,1.8925748020410538,0.8775513246655464,3.702177107334137,nan,nan
cifar10,entmax15,2,2,1.8708276748657227,0.3245,0.28902259033652433,1.7925060987472534,0.7954281866550446,3.4554390609264374,nan,nan
cifar10,entmax15,2,3,1.7825827598571777,0.3585,0.31273075808944684,1.71075139939785,0.7645603455603123,3.3921891301870346,nan,nan
cifar10,entmax15,2,4,1.6981316804885864,0.3865,0.3575718805817535,1.6594475507736206,0.7337058857083321,3.3241956382989883,nan,nan
cifar10,entmax15,2,5,1.6397676467895508,0.3925,0.3573309252814497,1.6555973887443542,0.7230879738926888,3.304990917444229,nan,nan
cifar10,entmax15,2,6,1.5934559106826782,0.412,0.39696211844663,1.5795383751392365,0.6950633116066456,3.246225520968437,nan,nan
cifar10,entmax15,2,7,1.566089391708374,0.427,0.3986131728833066,1.559206947684288,0.6804192662239075,3.205061614513397,nan,nan
cifar10,entmax15,2,8,1.5113390684127808,0.4315,0.41144782491514675,1.5799940526485443,0.6896324679255486,3.2335493862628937,nan,nan
cifar10,entmax15,2,9,1.4924043416976929,0.4335,0.4233515994517744,1.5736717730760574,0.6636480800807476,3.170965075492859,nan,nan
cifar10,entmax15,2,10,1.4636751413345337,0.4455,0.42688227716463994,1.5068655163049698,0.6684408895671368,3.1813615262508392,nan,nan
cifar10,entmax15,2,11,1.4362220764160156,0.458,0.44065639341251506,1.4941804260015488,0.6625628992915154,3.1653685569763184,nan,nan
cifar10,entmax15,2,12,1.39988374710083,0.4715,0.45367475623138676,1.4435950368642807,0.6421218067407608,3.106504812836647,nan,nan
cifar10,entmax15,2,13,1.3578310012817383,0.468,0.4552996536524036,1.493546336889267,0.6516400463879108,3.142713323235512,nan,nan
cifar10,entmax15,2,14,1.3406498432159424,0.4425,0.4368889907953125,1.4878782480955124,0.6588135585188866,3.149772122502327,nan,nan
cifar10,entmax15,2,15,1.3166590929031372,0.4795,0.47809697457823425,1.4498844146728516,0.6429037600755692,3.1101941764354706,nan,nan
cifar10,entmax15,2,16,1.2940287590026855,0.458,0.42859908592975043,1.5051006525754929,0.6334186866879463,3.08959724009037,nan,nan
cifar10,entmax15,2,17,1.285417079925537,0.486,0.47747832985105276,1.4296198934316635,0.6404675915837288,3.107305735349655,nan,nan
cifar10,entmax15,2,18,1.2620078325271606,0.483,0.470668346205979,1.4481409043073654,0.6361622959375381,3.0934225618839264,nan,nan
cifar10,entmax15,2,19,1.247426152229309,0.4885,0.4680014229819456,1.4318940788507462,0.6227038130164146,3.0537175685167313,nan,nan
cifar10,entmax15,2,20,1.1983833312988281,0.479,0.4707308470788238,1.4515295326709747,0.6133074089884758,3.030888929963112,nan,nan
cifar10,entmax15,2,21,1.1766784191131592,0.5,0.4931888588962602,1.4147782176733017,0.6138289347290993,3.0310913771390915,nan,nan
cifar10,entmax15,2,22,1.1664793491363525,0.498,0.4862739670668623,1.4118463695049286,0.6058136094361544,3.01105859875679,nan,nan
cifar10,entmax15,2,23,1.1534550189971924,0.491,0.4821903775795147,1.4620893746614456,0.5990376770496368,2.995785117149353,nan,nan
cifar10,entmax15,2,24,1.138974666595459,0.473,0.46521837427441604,1.5119617134332657,0.6050707176327705,3.001610979437828,nan,nan
cifar10,entmax15,2,25,1.1324869394302368,0.4785,0.47730355219489995,1.470104068517685,0.599140016362071,2.9855871945619583,nan,nan
cifar10,entmax15,2,26,1.121156930923462,0.4875,0.48204204138209095,1.457532986998558,0.591976648196578,2.961695909500122,nan,nan
cifar10,entmax15,3,0,2.24365496635437,0.2015,0.14486257504895222,2.119781047105789,0.8822851367294788,3.7304999828338623,nan,nan
cifar10,entmax15,3,1,2.0202250480651855,0.281,0.24511420564753306,1.9414144158363342,0.8018587566912174,3.4875665605068207,nan,nan
cifar10,entmax15,3,2,1.8538470268249512,0.3065,0.26926867049190495,1.8520387709140778,0.7533397972583771,3.340634524822235,nan,nan
cifar10,entmax15,3,3,1.748736023902893,0.342,0.3134771934548895,1.7366844415664673,0.7304898984730244,3.3122249990701675,nan,nan
cifar10,entmax15,3,4,1.6803498268127441,0.375,0.3379846418534208,1.673994392156601,0.7314033694565296,3.328752413392067,nan,nan
cifar10,entmax15,3,5,1.6064443588256836,0.4,0.38425671744235074,1.6169441044330597,0.7308978289365768,3.3072414994239807,nan,nan
cifar10,entmax15,3,6,1.5727486610412598,0.3985,0.3822768709842667,1.612185299396515,0.7173042930662632,3.2749810069799423,nan,nan
cifar10,entmax15,3,7,1.538751244544983,0.406,0.3865219931630105,1.607115477323532,0.7148853950202465,3.277791991829872,nan,nan
cifar10,entmax15,3,8,1.5030689239501953,0.4295,0.4145375222085764,1.5690833926200867,0.7055862918496132,3.2523254454135895,nan,nan
cifar10,entmax15,3,9,1.4640860557556152,0.434,0.40930684150814256,1.5597450882196426,0.7215862348675728,3.2996022701263428,nan,nan
cifar10,entmax15,3,10,1.4383786916732788,0.4375,0.4275736013249471,1.5594968050718307,0.7206537835299969,3.29590804874897,nan,nan
cifar10,entmax15,3,11,1.42020583152771,0.4355,0.42784896607273,1.521915853023529,0.7014976888895035,3.2433835715055466,nan,nan
cifar10,entmax15,3,12,1.3690015077590942,0.442,0.4337241721573422,1.508911281824112,0.6978495344519615,3.2431722581386566,nan,nan
cifar10,entmax15,3,13,1.3479139804840088,0.4725,0.46890854762585665,1.4780198782682419,0.7014975659549236,3.239993989467621,nan,nan
cifar10,entmax15,3,14,1.3234970569610596,0.46,0.4562879991290164,1.4814858585596085,0.700023602694273,3.2346479147672653,nan,nan
cifar10,entmax15,3,15,1.3005326986312866,0.457,0.4387590127157573,1.4788055568933487,0.6914197355508804,3.205429896712303,nan,nan
cifar10,entmax15,3,16,1.276111125946045,0.4645,0.44657714202741633,1.4810809046030045,0.6922888644039631,3.2121731340885162,nan,nan
cifar10,entmax15,3,17,1.2742464542388916,0.4595,0.44256452783150085,1.5079336017370224,0.6834803707897663,3.1875531375408173,nan,nan
cifar10,entmax15,3,18,1.2575684785842896,0.4735,0.4547780676988641,1.464320719242096,0.6782150417566299,3.1593565195798874,nan,nan
cifar10,entmax15,3,19,1.2165871858596802,0.4765,0.47123470490324315,1.4486248940229416,0.6745911575853825,3.1568026393651962,nan,nan
cifar10,entmax15,3,20,1.1965442895889282,0.4965,0.48585546316171263,1.4619728922843933,0.6745388209819794,3.1539845168590546,nan,nan
cifar10,entmax15,3,21,1.1842347383499146,0.4715,0.46131075885096867,1.4941350668668747,0.6541850678622723,3.101378947496414,nan,nan
cifar10,entmax15,3,22,1.1630070209503174,0.499,0.4852626297637134,1.4458312839269638,0.6566825732588768,3.098603278398514,nan,nan
cifar10,entmax15,3,23,1.145099401473999,0.482,0.47708773711089975,1.5045145153999329,0.6550491936504841,3.100521892309189,nan,nan
cifar10,entmax15,3,24,1.125448226928711,0.489,0.4752782400466361,1.4871722906827927,0.6467037983238697,3.084839791059494,nan,nan
cifar10,entmax15,3,25,1.0948457717895508,0.494,0.484074279974096,1.458479881286621,0.6216920427978039,3.0093653202056885,nan,nan
cifar10,entmax15,3,26,1.0910706520080566,0.4935,0.480245911722433,1.4648076742887497,0.6424184422940016,3.0694039314985275,nan,nan
cifar10,entmax15,3,27,1.0769704580307007,0.4815,0.47138605340665657,1.4734155535697937,0.6228079311549664,3.019014358520508,nan,nan
cifar10,entmax15,4,0,2.2790122032165527,0.204,0.12582685358193677,2.12985298037529,0.9189990498125553,3.7761139571666718,nan,nan
cifar10,entmax15,4,1,2.0596377849578857,0.2515,0.2077461081264283,1.9909192621707916,0.7933477200567722,3.463724061846733,nan,nan
cifar10,entmax15,4,2,1.9321221113204956,0.301,0.274678400043329,1.9009592831134796,0.7053000144660473,3.263088822364807,nan,nan
cifar10,entmax15,4,3,1.8172266483306885,0.333,0.30436821449508866,1.8187105506658554,0.6768252924084663,3.194779336452484,nan,nan
cifar10,entmax15,4,4,1.7243878841400146,0.3495,0.3295564139548067,1.7247403860092163,0.6746007800102234,3.1842420548200607,nan,nan
cifar10,entmax15,4,5,1.6473692655563354,0.3755,0.37206234375865727,1.668468400835991,0.6517268009483814,3.1373585015535355,nan,nan
cifar10,entmax15,4,6,1.601958990097046,0.3975,0.3806338814448797,1.6544249206781387,0.6637923158705235,3.169112205505371,nan,nan
cifar10,entmax15,4,7,1.5543107986450195,0.415,0.4037105593293777,1.565873458981514,0.6313002146780491,3.0938629806041718,nan,nan
cifar10,entmax15,4,8,1.495418906211853,0.4345,0.4292940907149168,1.5349711924791336,0.6452850215137005,3.1086755245923996,nan,nan
cifar10,entmax15,4,9,1.4628312587738037,0.4175,0.4000675258756151,1.5758901536464691,0.6445084474980831,3.1120880097150803,nan,nan
cifar10,entmax15,4,10,1.4483838081359863,0.4375,0.42775019073448395,1.531231626868248,0.6124377772212029,3.020853340625763,nan,nan
cifar10,entmax15,4,11,1.4041856527328491,0.449,0.43832581986156727,1.5199667364358902,0.6193923838436604,3.0401846170425415,nan,nan
cifar10,entmax15,4,12,1.3660558462142944,0.4505,0.44726419049255195,1.5099287629127502,0.6003795526921749,2.989033356308937,nan,nan
cifar10,entmax15,4,13,1.354408621788025,0.4465,0.4365293308179473,1.5256985872983932,0.5934220291674137,2.9801718294620514,nan,nan
cifar10,entmax15,4,14,1.3223466873168945,0.4645,0.4462677491987471,1.4666118174791336,0.5916733890771866,2.9652263522148132,nan,nan
cifar10,entmax15,4,15,1.2909294366836548,0.455,0.44696291363802204,1.4906359016895294,0.5937205664813519,2.965438798069954,nan,nan
cifar10,entmax15,4,16,1.2619452476501465,0.4655,0.4532955063078877,1.4878648221492767,0.5821694582700729,2.9391065537929535,nan,nan
cifar10,entmax15,4,17,1.2426735162734985,0.468,0.4618075475197584,1.477195754647255,0.5798642784357071,2.9293445497751236,nan,nan
cifar10,entmax15,4,18,1.2410869598388672,0.4565,0.4513217919219111,1.514920026063919,0.5795791745185852,2.924180269241333,nan,nan
cifar10,entmax15,4,19,1.1920244693756104,0.4745,0.47133905495678396,1.4712715297937393,0.5770411714911461,2.920755609869957,nan,nan
cifar10,entmax15,4,20,1.1762731075286865,0.478,0.469723554326052,1.4644192308187485,0.5693757701665163,2.9072275310754776,nan,nan
cifar10,entmax15,4,21,1.1896021366119385,0.4725,0.4693601313163751,1.4813221096992493,0.5556040816009045,2.860761672258377,nan,nan
cifar10,entmax15,4,22,1.1525850296020508,0.4785,0.4742742910933857,1.4523502439260483,0.5619426146149635,2.8784865587949753,nan,nan
cifar10,entmax15,4,23,1.1174213886260986,0.4765,0.4728456517536125,1.4918709248304367,0.5530619714409113,2.8487085700035095,nan,nan
cifar10,entmax15,4,24,1.1078026294708252,0.4885,0.48146612530638855,1.4742577075958252,0.5428866762667894,2.8376611918210983,nan,nan
cifar10,entmax15,4,25,1.1039646863937378,0.4985,0.4946289853776601,1.436160832643509,0.54212318174541,2.83180370926857,nan,nan
cifar10,entmax15,4,26,1.0594232082366943,0.49,0.48601573778884877,1.471486285328865,0.5332437697798014,2.8069373667240143,nan,nan
cifar10,entmax15,4,27,1.0395537614822388,0.4885,0.4876638078897816,1.4898808598518372,0.5375723969191313,2.813957467675209,nan,nan
cifar10,entmax15,4,28,1.0337042808532715,0.487,0.4849564464586164,1.5013232380151749,0.5264705140143633,2.7895703464746475,nan,nan
cifar10,entmax15,4,29,1.015913963317871,0.48,0.4830835563607791,1.4757006615400314,0.5167602654546499,2.7486456632614136,nan,nan
cifar10,entmax15,5,0,2.207228660583496,0.211,0.17799747201020036,2.105255663394928,0.9570154026150703,3.9378942400217056,nan,nan
cifar10,entmax15,5,1,2.0375609397888184,0.276,0.23378701971835847,1.949015125632286,0.8921326622366905,3.6916542649269104,nan,nan
cifar10,entmax15,5,2,1.8856414556503296,0.318,0.2967522959436765,1.8003189265727997,0.826567780226469,3.5263573229312897,nan,nan
cifar10,entmax15,5,3,1.7939668893814087,0.354,0.33133843957312925,1.7429057359695435,0.7555838972330093,3.354838788509369,nan,nan
cifar10,entmax15,5,4,1.7195141315460205,0.3825,0.3681738087618256,1.681261107325554,0.7285660915076733,3.305382877588272,nan,nan
cifar10,entmax15,5,5,1.6861093044281006,0.392,0.3733586900104101,1.6590520292520523,0.6835561506450176,3.198107212781906,nan,nan
cifar10,entmax15,5,6,1.613794207572937,0.4145,0.40445526539298715,1.6127327531576157,0.6640138812363148,3.139549508690834,nan,nan
cifar10,entmax15,5,7,1.5919311046600342,0.42,0.4000666137917538,1.609953299164772,0.6574386842548847,3.123801812529564,nan,nan
cifar10,entmax15,5,8,1.5522102117538452,0.4295,0.4155373931303889,1.5657192319631577,0.6569467652589083,3.1330356299877167,nan,nan
cifar10,entmax15,5,9,1.5118067264556885,0.4415,0.4354917773502387,1.5264439135789871,0.6473396439105272,3.112465962767601,nan,nan
cifar10,entmax15,5,10,1.4691437482833862,0.449,0.44911351939315064,1.4956750124692917,0.6389110647141933,3.0857175290584564,nan,nan
cifar10,entmax15,5,11,1.4345579147338867,0.4275,0.4211384457834878,1.561671406030655,0.6430839858949184,3.117115557193756,nan,nan
cifar10,entmax15,5,12,1.4304832220077515,0.4365,0.42082811521141406,1.5108240097761154,0.6317941974848509,3.076691284775734,nan,nan
cifar10,entmax15,5,13,1.4095706939697266,0.4435,0.43732663270000016,1.509220689535141,0.6216639410704374,3.058731809258461,nan,nan
cifar10,entmax15,5,14,1.3742516040802002,0.464,0.4424723801993564,1.5028554052114487,0.6305428892374039,3.077730715274811,nan,nan
cifar10,entmax15,5,15,1.3491718769073486,0.4735,0.4650715606463103,1.4671839028596878,0.6247290521860123,3.0628395676612854,nan,nan
cifar10,entmax15,5,16,1.3060472011566162,0.4805,0.47361586038392167,1.4797403067350388,0.6143305320292711,3.038765475153923,nan,nan
cifar10,entmax15,5,17,1.2897908687591553,0.4735,0.4732532991716102,1.4469226002693176,0.61386489123106,3.04251429438591,nan,nan
cifar10,entmax15,5,18,1.280058741569519,0.4765,0.47104389247463885,1.4465353190898895,0.6235895827412605,3.0685123056173325,nan,nan
cifar10,entmax15,5,19,1.2410359382629395,0.4865,0.47941399700801285,1.4470746964216232,0.6168051101267338,3.0453387796878815,nan,nan
cifar10,entmax15,5,20,1.2207499742507935,0.4795,0.472266440120752,1.4372721165418625,0.6102202292531729,3.0339439511299133,nan,nan
cifar10,entmax15,5,21,1.198337197303772,0.4765,0.4677737172029244,1.4436685591936111,0.5966665763407946,3.007209986448288,nan,nan
cifar10,entmax15,5,22,1.1995069980621338,0.4995,0.49289311598511515,1.4264232069253922,0.5990921705961227,3.0037171095609665,nan,nan
cifar10,entmax15,5,23,1.1851717233657837,0.4715,0.465181229632215,1.5028500854969025,0.5977618545293808,2.998687356710434,nan,nan
cifar10,entmax15,5,24,1.1878269910812378,0.4875,0.48503855566263604,1.4314380139112473,0.5977013669908047,2.999880850315094,nan,nan
cifar10,entmax15,5,25,1.1305365562438965,0.495,0.4917207562795357,1.4410895109176636,0.5928953811526299,2.98881034553051,nan,nan
cifar10,entmax15,5,26,1.1116230487823486,0.498,0.4923908425273223,1.4572521448135376,0.6056506149470806,3.022607699036598,nan,nan
cifar10,entmax15,5,27,1.0863115787506104,0.5,0.4983477603197808,1.4402035027742386,0.5946131329983473,2.9940637797117233,nan,nan
cifar10,entmax15,5,28,1.0670682191848755,0.5025,0.5031739322154992,1.4447684586048126,0.5994115024805069,3.005706176161766,nan,nan
cifar10,entmax15,5,29,1.0565587282180786,0.515,0.5126268884335765,1.4375015944242477,0.5905606169253588,2.9806215465068817,nan,nan
cifar10,entmax15,6,0,2.2538557052612305,0.2075,0.13534856923714736,2.0856257379055023,0.8756629899144173,3.649165704846382,nan,nan
cifar10,entmax15,6,1,2.0079283714294434,0.2795,0.26655786558165884,1.955029621720314,0.7712864801287651,3.3986016660928726,nan,nan
cifar10,entmax15,6,2,1.9069039821624756,0.3295,0.3109605620232118,1.8603819459676743,0.7123695313930511,3.267660215497017,nan,nan
cifar10,entmax15,6,3,1.8229573965072632,0.352,0.34662096379497265,1.7824281305074692,0.7168066464364529,3.2753486782312393,nan,nan
cifar10,entmax15,6,4,1.7139904499053955,0.3945,0.3824463240674853,1.6695226281881332,0.7163920290768147,3.2987746745347977,nan,nan
cifar10,entmax15,6,5,1.6449447870254517,0.4005,0.38925698155970057,1.6124890893697739,0.6898479871451855,3.232635736465454,nan,nan
cifar10,entmax15,6,6,1.5920993089675903,0.4145,0.4090358273088275,1.5786722749471664,0.6990364342927933,3.2454332411289215,nan,nan
cifar10,entmax15,6,7,1.545437216758728,0.433,0.4299131667430416,1.557389736175537,0.6868880018591881,3.222075119614601,nan,nan
cifar10,entmax15,6,8,1.500873327255249,0.4235,0.40907301101819166,1.5583853274583817,0.6955064535140991,3.2501927316188812,nan,nan
cifar10,entmax15,6,9,1.48310124874115,0.456,0.44855215309806235,1.4879958629608154,0.6750291362404823,3.1940578669309616,nan,nan
cifar10,entmax15,6,10,1.431462287902832,0.4545,0.4478731318481093,1.523257166147232,0.6725382953882217,3.1903951913118362,nan,nan
cifar10,entmax15,6,11,1.4114990234375,0.4725,0.46984114604054267,1.4551165103912354,0.6774665862321854,3.2036229372024536,nan,nan
cifar10,entmax15,6,12,1.3883323669433594,0.4825,0.4685374073710378,1.4456862956285477,0.6802523098886013,3.2106530964374542,nan,nan
cifar10,entmax15,6,13,1.3484740257263184,0.4915,0.4773427108518944,1.4260888695716858,0.668636079877615,3.1852145195007324,nan,nan
cifar10,entmax15,6,14,1.3174021244049072,0.481,0.47731056501710345,1.444103628396988,0.6484300903975964,3.1337131708860397,nan,nan
cifar10,entmax15,6,15,1.3049893379211426,0.4835,0.47547372834581775,1.4431768208742142,0.6507464610040188,3.1398301124572754,nan,nan
cifar10,entmax15,6,16,1.2858195304870605,0.5025,0.4934462627296955,1.4040543586015701,0.6505420506000519,3.1408336013555527,nan,nan
cifar10,entmax15,6,17,1.2498148679733276,0.511,0.500961977403979,1.3945228606462479,0.6433455981314182,3.119562715291977,nan,nan
cifar10,entmax15,6,18,1.22834312915802,0.487,0.4832033293882324,1.400854080915451,0.6415802389383316,3.115101248025894,nan,nan
cifar10,entmax15,6,19,1.220842719078064,0.495,0.486931733245817,1.4163146317005157,0.6326190177351236,3.092612087726593,nan,nan
cifar10,entmax15,6,20,1.2002590894699097,0.496,0.4921689118939067,1.3998307138681412,0.6310445256531239,3.0865879207849503,nan,nan
cifar10,entmax15,6,21,1.1773070096969604,0.511,0.5038736247730221,1.3880645185709,0.6232920698821545,3.065323621034622,nan,nan
cifar10,entmax15,6,22,1.1632053852081299,0.4835,0.46757499261227053,1.4876986742019653,0.6168624684214592,3.0485545694828033,nan,nan
cifar10,entmax15,7,0,2.222649574279785,0.2295,0.19417961341469697,2.0815466940402985,0.8311625979840755,3.6427178978919983,nan,nan
cifar10,entmax15,7,1,2.0079524517059326,0.282,0.2262796528291214,1.896763265132904,0.8236237317323685,3.586797147989273,nan,nan
cifar10,entmax15,7,2,1.8434220552444458,0.352,0.32930233865632846,1.8223153501749039,0.7879515551030636,3.4844408184289932,nan,nan
cifar10,entmax15,7,3,1.7579840421676636,0.3665,0.33652864412776184,1.7376485466957092,0.7657235488295555,3.4161583334207535,nan,nan
cifar10,entmax15,7,4,1.6788296699523926,0.404,0.3802585568574395,1.6350480318069458,0.7566323727369308,3.3952717632055283,nan,nan
cifar10,entmax15,7,5,1.6021583080291748,0.413,0.39869023953011734,1.607634112238884,0.7566877491772175,3.3939307034015656,nan,nan
cifar10,entmax15,7,6,1.574074387550354,0.43,0.42000800092064206,1.5779049396514893,0.7029225826263428,3.2663703709840775,nan,nan
cifar10,entmax15,7,7,1.5247247219085693,0.442,0.42661996984263667,1.5674750357866287,0.7249317951500416,3.3212488889694214,nan,nan
cifar10,entmax15,7,8,1.4805474281311035,0.4535,0.4455024103373936,1.5199799984693527,0.7185544855892658,3.31501941382885,nan,nan
cifar10,entmax15,7,9,1.4504541158676147,0.433,0.4153004526168952,1.5371656566858292,0.6837453320622444,3.219582051038742,nan,nan
cifar10,entmax15,7,10,1.4253487586975098,0.466,0.46217949549438175,1.488376408815384,0.7005811370909214,3.2576046139001846,nan,nan
cifar10,entmax15,7,11,1.391350269317627,0.4725,0.451881804634481,1.4685180336236954,0.7109135128557682,3.2788214534521103,nan,nan
cifar10,entmax15,7,12,1.374760627746582,0.4825,0.47477401080142706,1.4234017729759216,0.6578008309006691,3.1483240872621536,nan,nan
cifar10,entmax15,7,13,1.3264323472976685,0.4805,0.4721086559090871,1.4430347084999084,0.6997661665081978,3.2528549134731293,nan,nan
cifar10,entmax15,7,14,1.3098046779632568,0.4945,0.48741996929346143,1.4283841252326965,0.657393965870142,3.1444026976823807,nan,nan
cifar10,entmax15,7,15,1.266372561454773,0.494,0.48109524468273124,1.4068069159984589,0.6788202933967113,3.203982964158058,nan,nan
cifar10,entmax15,7,16,1.2638367414474487,0.4845,0.46656805409911917,1.433298036456108,0.6764087975025177,3.1932801604270935,nan,nan
cifar10,entmax15,7,17,1.2406364679336548,0.5035,0.49766321119413204,1.4130817204713821,0.6497441045939922,3.130126014351845,nan,nan
cifar10,entmax15,7,18,1.2226872444152832,0.5,0.4883168856581942,1.4370454847812653,0.6359096746891737,3.095769017934799,nan,nan
cifar10,entmax15,7,19,1.1946711540222168,0.4985,0.4849523243329449,1.4274319261312485,0.6274500619620085,3.0646874755620956,nan,nan
cifar10,entmax15,7,20,1.175368309020996,0.493,0.49041216572009033,1.448517918586731,0.6280753202736378,3.0725157558918,nan,nan
cifar10,entmax15,7,21,1.1613221168518066,0.495,0.4857691886441618,1.42485710978508,0.635085241869092,3.0959019511938095,nan,nan
cifar10,entmax15,7,22,1.1329036951065063,0.5115,0.507582163019837,1.4173823148012161,0.6322634499520063,3.0831176191568375,nan,nan
cifar10,entmax15,7,23,1.095607042312622,0.4955,0.4944146739131801,1.4208403527736664,0.6241394579410553,3.058595687150955,nan,nan
cifar10,entmax15,7,24,1.0972089767456055,0.511,0.5065508957980525,1.4043823182582855,0.6282329615205526,3.067350685596466,nan,nan
cifar10,entmax15,7,25,1.0851258039474487,0.5055,0.4991630345447611,1.433743879199028,0.6245189756155014,3.0594635903835297,nan,nan
cifar10,entmax15,7,26,1.0563390254974365,0.5055,0.503900800995355,1.4338270425796509,0.6199886668473482,3.052745133638382,nan,nan
cifar10,entmax15,7,27,1.0360188484191895,0.513,0.510863450802985,1.460984855890274,0.6155390068888664,3.032721057534218,nan,nan
cifar10,entmax15,7,28,1.0255004167556763,0.4995,0.497436570476939,1.4352863878011703,0.5989982150495052,2.993754729628563,nan,nan
cifar10,entmax15,7,29,1.0053473711013794,0.4865,0.4783693452905859,1.493390217423439,0.5948631819337606,2.9761192351579666,nan,nan
cifar10,entmax15,8,0,2.2523107528686523,0.2205,0.18222831054203542,2.133192092180252,0.9240293428301811,3.8273887634277344,nan,nan
cifar10,entmax15,8,1,2.0373880863189697,0.2565,0.21770652085873693,1.972296342253685,0.804882388561964,3.52440844476223,nan,nan
cifar10,entmax15,8,2,1.894782304763794,0.315,0.28656756045556353,1.850111484527588,0.74224554002285,3.3567324429750443,nan,nan
cifar10,entmax15,8,3,1.7799038887023926,0.3335,0.3206764716546388,1.7681959569454193,0.7260764501988888,3.301538974046707,nan,nan
cifar10,entmax15,8,4,1.7074456214904785,0.37,0.37119175124743115,1.700365498661995,0.7108280435204506,3.2662667632102966,nan,nan
cifar10,entmax15,8,5,1.6404221057891846,0.376,0.3727728998549369,1.6887421905994415,0.7072854340076447,3.2654263973236084,nan,nan
cifar10,entmax15,8,6,1.6017123460769653,0.3975,0.39316447497780466,1.6075174361467361,0.6945833638310432,3.241355836391449,nan,nan
cifar10,entmax15,8,7,1.551398754119873,0.4105,0.4070458172857966,1.6015868782997131,0.6951845623552799,3.2369114756584167,nan,nan
cifar10,entmax15,8,8,1.4989253282546997,0.422,0.4116058545915844,1.5638527572154999,0.6911753863096237,3.229596182703972,nan,nan
cifar10,entmax15,8,9,1.461923360824585,0.4325,0.43299249281727353,1.5310551226139069,0.6901275962591171,3.2181271463632584,nan,nan
cifar10,entmax15,8,10,1.4405548572540283,0.408,0.39524121137239565,1.5829022228717804,0.6823023706674576,3.194195106625557,nan,nan
cifar10,entmax15,8,11,1.4287413358688354,0.433,0.4276710723683014,1.5077124238014221,0.6664837040007114,3.154473379254341,nan,nan
cifar10,entmax15,8,12,1.3683866262435913,0.4355,0.42668397587929324,1.527688279747963,0.6613547243177891,3.1362347155809402,nan,nan
cifar10,entmax15,8,13,1.3555797338485718,0.469,0.468775594910786,1.4516413062810898,0.6516418680548668,3.1171389669179916,nan,nan
cifar10,entmax15,8,14,1.3083930015563965,0.4615,0.45955865197372,1.4370966851711273,0.650006502866745,3.1167017817497253,nan,nan
cifar10,entmax15,8,15,1.2996809482574463,0.473,0.471898619123731,1.4559266716241837,0.6378682143986225,3.0808541625738144,nan,nan
cifar10,entmax15,8,16,1.2662349939346313,0.4625,0.46029534018548474,1.4488263130187988,0.6462131030857563,3.0984083265066147,nan,nan
cifar10,entmax15,8,17,1.2455861568450928,0.4795,0.47896195407838593,1.4468633830547333,0.6270297989249229,3.0517047941684723,nan,nan
cifar10,entmax15,8,18,1.2381401062011719,0.4775,0.4778698676085374,1.4253768920898438,0.6287506893277168,3.050299197435379,nan,nan
cifar10,entmax15,8,19,1.1974432468414307,0.492,0.49384630974396676,1.443899780511856,0.6287956833839417,3.0422783941030502,nan,nan
cifar10,entmax15,8,20,1.1949061155319214,0.4805,0.48203281548868426,1.4591623544692993,0.6185331530869007,3.023874908685684,nan,nan
cifar10,entmax15,8,21,1.174728512763977,0.4935,0.49103059065729615,1.4219478964805603,0.6052333302795887,2.994794100522995,nan,nan
cifar10,entmax15,8,22,1.135573148727417,0.477,0.47287169035727317,1.4646584242582321,0.6075750142335892,2.9983696788549423,nan,nan
cifar10,entmax15,8,23,1.1398564577102661,0.485,0.4828136242920869,1.4812784045934677,0.5986706800758839,2.9766788333654404,nan,nan
cifar10,entmax15,8,24,1.1236718893051147,0.487,0.49136224816046353,1.432194471359253,0.6058540381491184,2.9956313520669937,nan,nan
cifar10,entmax15,8,25,1.0892130136489868,0.4995,0.49961537379299586,1.4331580847501755,0.5783379301428795,2.9302894473075867,nan,nan
cifar10,entmax15,8,26,1.0739632844924927,0.5045,0.502776316389626,1.4440963864326477,0.5759720299392939,2.9117219150066376,nan,nan
cifar10,entmax15,8,27,1.0346933603286743,0.499,0.4927696675848737,1.4647866636514664,0.5830384772270918,2.9384367763996124,nan,nan
cifar10,entmax15,8,28,1.0313221216201782,0.491,0.49092390874024094,1.4669484347105026,0.5758825168013573,2.9182113260030746,nan,nan
cifar10,entmax15,8,29,1.0240784883499146,0.4925,0.49235018126884195,1.4573983699083328,0.5632713586091995,2.8857364803552628,nan,nan
cifar10,entmax15,9,0,2.24011492729187,0.22,0.1497222287372026,2.063332110643387,0.9205644354224205,3.7947616577148438,nan,nan
cifar10,entmax15,9,1,2.0288116931915283,0.297,0.2785534304397475,1.901101753115654,0.8371161818504333,3.608986049890518,nan,nan
cifar10,entmax15,9,2,1.8454498052597046,0.3565,0.3467025882516853,1.7259662598371506,0.788741510361433,3.4595980048179626,nan,nan
cifar10,entmax15,9,3,1.76713228225708,0.3635,0.33968064302291556,1.704426184296608,0.7035262063145638,3.2280211746692657,nan,nan
cifar10,entmax15,9,4,1.6634081602096558,0.3755,0.35832907100391165,1.7000118046998978,0.6995445154607296,3.2204970717430115,nan,nan
cifar10,entmax15,9,5,1.626773715019226,0.411,0.4019410628750085,1.564390853047371,0.6996770240366459,3.2209098041057587,nan,nan
cifar10,entmax15,9,6,1.544276237487793,0.422,0.40309710388036313,1.5903785079717636,0.7005037069320679,3.2264894396066666,nan,nan
cifar10,entmax15,9,7,1.542364239692688,0.441,0.42804714074952444,1.5143789798021317,0.6638061478734016,3.1391617357730865,nan,nan
cifar10,entmax15,9,8,1.479171633720398,0.4285,0.4124644901533279,1.5232896655797958,0.6727915108203888,3.1601600348949432,nan,nan
cifar10,entmax15,9,9,1.4626330137252808,0.4535,0.4446041346769147,1.481310859322548,0.6588550247251987,3.1332519948482513,nan,nan
cifar10,entmax15,9,10,1.4240089654922485,0.4675,0.46414508187397246,1.4470249712467194,0.6526864655315876,3.117019861936569,nan,nan
cifar10,entmax15,9,11,1.3911395072937012,0.4755,0.4679494980047328,1.4464624375104904,0.6476510129868984,3.1086914986371994,nan,nan
cifar10,entmax15,9,12,1.3645634651184082,0.4445,0.4368064999404675,1.4889675378799438,0.6166726853698492,3.0289254188537598,nan,nan
cifar10,entmax15,9,13,1.3500581979751587,0.4755,0.4689900548568361,1.4520914852619171,0.6221527606248856,3.0398121923208237,nan,nan
cifar10,entmax15,9,14,1.345131278038025,0.4755,0.47386848253177777,1.4586381912231445,0.6384397652000189,3.0830467343330383,nan,nan
cifar10,entmax15,9,15,1.303094506263733,0.4765,0.4688999440650677,1.423682451248169,0.6250029448419809,3.046126514673233,nan,nan
cifar10,entmax15,9,16,1.2898050546646118,0.471,0.46070424895073553,1.4656792730093002,0.6239030752331018,3.0466857999563217,nan,nan
cifar10,entmax15,9,17,1.2642053365707397,0.4715,0.4652370412946791,1.4391646534204483,0.6156540811061859,3.0236648619174957,nan,nan
cifar10,entmax15,9,18,1.245323896408081,0.478,0.4761225633962479,1.429689735174179,0.6024462189525366,2.9917865991592407,nan,nan
cifar10,entmax15,9,19,1.2388216257095337,0.4575,0.4486757921600718,1.5009482651948929,0.5998002532869577,2.9830739498138428,nan,nan
cifar10,entmax15,9,20,1.1895443201065063,0.472,0.46734374271320334,1.4192505329847336,0.6060844268649817,2.9953981190919876,nan,nan
cifar10,entmax15,9,21,1.1801177263259888,0.486,0.4848288921542829,1.4106662571430206,0.5962009690701962,2.970231592655182,nan,nan
cifar10,entmax15,9,22,1.157455563545227,0.477,0.47842285769534865,1.434202417731285,0.6039727404713631,2.9886617362499237,nan,nan
cifar10,entmax15,9,23,1.1362515687942505,0.491,0.4879131923728123,1.4276919513940811,0.5927785933017731,2.959454223513603,nan,nan
cifar10,entmax15,9,24,1.1287626028060913,0.4725,0.4655072740320871,1.4457880556583405,0.5811780281364918,2.9291729480028152,nan,nan
cifar10,entmax15,9,25,1.1147291660308838,0.4825,0.47735405560537697,1.4512578248977661,0.6031453926116228,2.9845196902751923,nan,nan
cifar10,entmax15,9,26,1.0816709995269775,0.4795,0.47759821559559706,1.4436009526252747,0.584819046780467,2.9384896010160446,nan,nan
cifar10,entmax15,9,27,1.0701382160186768,0.4855,0.48107156182940686,1.4719391763210297,0.5982215870171785,2.97391913831234,nan,nan
cifar10,entmax15,9,28,1.046095848083496,0.4895,0.49225349365929477,1.443992093205452,0.5786010213196278,2.9211902916431427,nan,nan
