dataset,method,seed,epoch,train_loss,val_accuracy,val_macro_f1,val_loss,attention_density,attention_entropy,alpha_mean,alpha_std
usps,softmax,0,0,2.144399404525757,0.2832647462277092,0.13174182557246414,2.0036683082580566,1.0,4.167644540468852,nan,nan
usps,softmax,0,1,1.9843401908874512,0.30315500685871055,0.14378562505106346,1.9574469327926636,1.0,4.155295252799988,nan,nan
usps,softmax,0,2,1.8789230585098267,0.36213991769547327,0.19573560401694828,1.7134530941645305,1.0,4.06132435798645,nan,nan
usps,softmax,0,3,1.6241317987442017,0.3943758573388203,0.23916995567878757,1.522160569826762,1.0,3.971323609352112,nan,nan
usps,softmax,0,4,1.4261494874954224,0.5541838134430727,0.46782111671749166,1.2494901418685913,1.0,3.8978445132573447,nan,nan
usps,softmax,0,5,1.204248070716858,0.6481481481481481,0.5784140670304199,0.9812770287195841,0.9999949087699255,3.8436721364657083,nan,nan
usps,softmax,0,6,0.9651249647140503,0.7037037037037037,0.6379578970243941,0.7920371492703756,0.9999950230121613,3.8206852277119956,nan,nan
usps,softmax,0,7,0.7655499577522278,0.7887517146776406,0.7560550512702751,0.6353092044591904,0.9999932001034418,3.830916702747345,nan,nan
usps,softmax,0,8,0.6109207272529602,0.845679012345679,0.8297219058961367,0.48423222204049426,0.9999980131785074,3.810328463713328,nan,nan
usps,softmax,0,9,0.5319551229476929,0.8710562414266118,0.8598319847713976,0.42066214978694916,0.9999969402949015,3.811555246512095,nan,nan
usps,softmax,0,10,0.4477556049823761,0.892318244170096,0.8842646588761323,0.3731237103541692,0.9999997466802597,3.86497167746226,nan,nan
usps,softmax,0,11,0.4071993827819824,0.8765432098765432,0.8653627806224001,0.381869800388813,1.0,3.8583871324857077,nan,nan
usps,softmax,0,12,0.3602365553379059,0.9101508916323731,0.9024957526901481,0.2934681698679924,1.0,3.875990112622579,nan,nan
usps,softmax,0,13,0.3123633861541748,0.9170096021947873,0.9092465799143985,0.2563985039790471,1.0,3.9027591943740845,nan,nan
usps,softmax,0,14,0.2839924991130829,0.9218106995884774,0.9148646536368805,0.25083674987157184,1.0,3.9034502307573953,nan,nan
usps,softmax,0,15,0.2708708941936493,0.9320987654320988,0.9266510557983226,0.22820207849144936,1.0,3.890414277712504,nan,nan
usps,softmax,0,16,0.2531111538410187,0.934156378600823,0.9279740980735701,0.2192709669470787,1.0,3.9069266319274902,nan,nan
usps,softmax,0,17,0.23759330809116364,0.9300411522633745,0.9237219005519283,0.22770102818806967,1.0,3.89692888657252,nan,nan
usps,softmax,0,18,0.21362729370594025,0.9300411522633745,0.9242431100556188,0.21568652242422104,1.0,3.9033509691556296,nan,nan
usps,softmax,0,19,0.20590245723724365,0.943758573388203,0.9390016268511149,0.1997533639272054,1.0,3.88722691933314,nan,nan
usps,softmax,0,20,0.18385988473892212,0.9375857338820301,0.9314223110331346,0.21142722045381865,1.0,3.8902921875317893,nan,nan
usps,softmax,0,21,0.17253166437149048,0.9499314128943759,0.9456946982911386,0.15788237191736698,1.0,3.884638528029124,nan,nan
usps,softmax,0,22,0.16049838066101074,0.9451303155006858,0.9401391507243902,0.1791714740296205,1.0,3.874681572119395,nan,nan
usps,softmax,0,23,0.16101105511188507,0.9465020576131687,0.9421137084141229,0.15695394078890482,1.0,3.867889106273651,nan,nan
usps,softmax,0,24,0.1455523818731308,0.9513031550068587,0.9469029549609622,0.16977342466513315,1.0,3.862279017766317,nan,nan
usps,softmax,0,25,0.13381725549697876,0.9540466392318244,0.9507771731258616,0.1445250945786635,1.0,3.8487807313601174,nan,nan
usps,softmax,0,26,0.1283278465270996,0.9430727023319616,0.9371751862977146,0.189216627428929,1.0,3.8573389848073325,nan,nan
usps,softmax,0,27,0.11921816319227219,0.9574759945130316,0.9541497970807026,0.13542765751481056,1.0,3.8479157090187073,nan,nan
usps,softmax,0,28,0.12571276724338531,0.9567901234567902,0.954216184378429,0.1416175477206707,1.0,3.839617153008779,nan,nan
usps,softmax,0,29,0.11455783993005753,0.9554183813443072,0.951982487466033,0.12645888701081276,1.0,3.833581348260244,nan,nan
usps,softmax,1,0,2.1747560501098633,0.2839506172839506,0.099728115345149,2.020721157391866,1.0,4.1614798704783125,nan,nan
usps,softmax,1,1,1.9644863605499268,0.3168724279835391,0.14774804332859282,1.896252969900767,1.0,4.156051596005757,nan,nan
usps,softmax,1,2,1.7619438171386719,0.3834019204389575,0.23710461960672347,1.5928123990694683,1.0,4.045035004615784,nan,nan
usps,softmax,1,3,1.518796682357788,0.49039780521262005,0.34541946028087306,1.3498066663742065,1.0,4.000387171904246,nan,nan
usps,softmax,1,4,1.3362562656402588,0.556241426611797,0.42745828778318157,1.214897612730662,1.0,3.93878040711085,nan,nan
usps,softmax,1,5,1.2063109874725342,0.6104252400548696,0.5075894148373246,1.0601970652739208,1.0,3.8935179909070334,nan,nan
usps,softmax,1,6,0.9304652810096741,0.7791495198902606,0.7275879632873755,0.6600966453552246,0.9999988079071045,3.8510952591896057,nan,nan
usps,softmax,1,7,0.6935979723930359,0.8593964334705075,0.8371605687903777,0.4731309562921524,0.9999992599089941,3.864219864209493,nan,nan
usps,softmax,1,8,0.548107922077179,0.8799725651577504,0.8595021924016122,0.38270021478335065,0.9999999155600866,3.8740456104278564,nan,nan
usps,softmax,1,9,0.4639163315296173,0.8998628257887518,0.8834678184657525,0.3201354444026947,1.0,3.8883269230524697,nan,nan
usps,softmax,1,10,0.39532211422920227,0.9190672153635117,0.9079220027868743,0.28043801834185916,1.0,3.905267814795176,nan,nan
usps,softmax,1,11,0.36626169085502625,0.9163237311385459,0.902306879385155,0.25929713745911914,1.0,3.8743682305018106,nan,nan
usps,softmax,1,12,0.3283635973930359,0.9348422496570644,0.9261014672645981,0.21245229492584863,1.0,3.8837269147237143,nan,nan
usps,softmax,1,13,0.28816983103752136,0.9444444444444444,0.9369560687938924,0.18317068864901861,1.0,3.889543056488037,nan,nan
usps,softmax,1,14,0.2634974420070648,0.911522633744856,0.9014699986916801,0.2523786624272664,1.0,3.8805414040883384,nan,nan
usps,softmax,1,15,0.23375414311885834,0.958161865569273,0.952381687153298,0.15602952241897583,1.0,3.8921778996785483,nan,nan
usps,softmax,1,16,0.20766893029212952,0.9444444444444444,0.9361569288733579,0.17873758325974146,1.0,3.8847294449806213,nan,nan
usps,softmax,1,17,0.19500471651554108,0.958161865569273,0.9526643058426811,0.14587767298022905,1.0,3.874201774597168,nan,nan
usps,softmax,1,18,0.18964733183383942,0.9574759945130316,0.9520277731133557,0.14787686492005983,1.0,3.8778308828671775,nan,nan
usps,softmax,1,19,0.17871606349945068,0.9588477366255144,0.9533153782882655,0.13942529633641243,1.0,3.8851138949394226,nan,nan
usps,softmax,1,20,0.16922979056835175,0.9554183813443072,0.9505082906735941,0.1611382688085238,1.0,3.8581036925315857,nan,nan
usps,softmax,1,21,0.17014652490615845,0.9622770919067215,0.9565858538278288,0.12706532701849937,1.0,3.8968445857365928,nan,nan
usps,softmax,1,22,0.16357894241809845,0.9711934156378601,0.9668137814133722,0.11693756654858589,1.0,3.882632076740265,nan,nan
usps,softmax,1,23,0.1482262760400772,0.9609053497942387,0.957026239811815,0.14229566728075346,1.0,3.87494566043218,nan,nan
usps,softmax,1,24,0.1448538601398468,0.9588477366255144,0.954147797419967,0.13268219555417696,1.0,3.8689946134885154,nan,nan
usps,softmax,1,25,0.12878118455410004,0.9670781893004116,0.962091137465521,0.118114090214173,1.0,3.861091951529185,nan,nan
usps,softmax,1,26,0.11787043511867523,0.9657064471879286,0.9615208332149908,0.12027298534909885,1.0,3.8691319624582925,nan,nan
usps,softmax,1,27,0.11819823086261749,0.9670781893004116,0.9616308612961261,0.11648488541444142,1.0,3.8697492678960166,nan,nan
usps,softmax,2,0,2.1351735591888428,0.2832647462277092,0.14391521527676593,1.9883029858271282,1.0,4.154254515965779,nan,nan
usps,softmax,2,1,1.9474529027938843,0.3374485596707819,0.18679618456099584,1.8125195304552715,1.0,4.1464351415634155,nan,nan
usps,softmax,2,2,1.7204110622406006,0.40329218106995884,0.2593341738195008,1.5211114486058552,1.0,4.10333526134491,nan,nan
usps,softmax,2,3,1.5276118516921997,0.4458161865569273,0.3410039548221328,1.4327684839566548,1.0,4.080327232678731,nan,nan
usps,softmax,2,4,1.3643162250518799,0.50960219478738,0.4275415454170538,1.2522114713986714,1.0,4.079226732254028,nan,nan
usps,softmax,2,5,1.2380895614624023,0.5795610425240055,0.47054616940274824,1.099496106306712,1.0,4.0732734600702925,nan,nan
usps,softmax,2,6,1.0670552253723145,0.6927297668038409,0.6365446378410496,0.8742070496082306,1.0,4.064014315605164,nan,nan
usps,softmax,2,7,0.8349855542182922,0.7544581618655692,0.7090728102422674,0.6846600472927094,1.0,4.051334102948506,nan,nan
usps,softmax,2,8,0.6753158569335938,0.8278463648834019,0.8055166730434447,0.5225020547707876,1.0,4.04284405708313,nan,nan
usps,softmax,2,9,0.5540260672569275,0.8587105624142661,0.8408150001926631,0.438702791929245,1.0,4.03695962826411,nan,nan
usps,softmax,2,10,0.4932708442211151,0.8820301783264746,0.8695520102039449,0.3881434152523677,1.0,4.022103905677795,nan,nan
usps,softmax,2,11,0.42757681012153625,0.8847736625514403,0.8682438902096606,0.36744101842244464,1.0,4.020742813746135,nan,nan
usps,softmax,2,12,0.3841480314731598,0.897119341563786,0.8847983724518084,0.3194299836953481,1.0,4.013636390368144,nan,nan
usps,softmax,2,13,0.3430207669734955,0.901920438957476,0.8897692726128292,0.29649342099825543,1.0,4.002910693486531,nan,nan
usps,softmax,2,14,0.30527162551879883,0.9087791495198903,0.8950714344702769,0.28739386548598606,1.0,4.000449081261952,nan,nan
usps,softmax,2,15,0.2778259515762329,0.9252400548696845,0.916073870806362,0.23644850154717764,1.0,3.9933685660362244,nan,nan
usps,softmax,2,16,0.26222553849220276,0.9272976680384087,0.9194940841142017,0.23499779403209686,1.0,3.987138112386068,nan,nan
usps,softmax,2,17,0.244474396109581,0.9279835390946503,0.9201682587885884,0.2184673547744751,1.0,3.9847322901089988,nan,nan
usps,softmax,2,18,0.23628154397010803,0.9368998628257887,0.9284489557438395,0.20327665656805038,1.0,3.985759456952413,nan,nan
usps,softmax,2,19,0.20731860399246216,0.9368998628257887,0.9301680574654373,0.1951949472228686,1.0,3.9796416958173118,nan,nan
usps,softmax,2,20,0.19886203110218048,0.9513031550068587,0.9456028223008621,0.17712558060884476,1.0,3.9742339849472046,nan,nan
usps,softmax,2,21,0.17935742437839508,0.9403292181069959,0.9336209452981785,0.18067280699809393,1.0,3.977496405442556,nan,nan
usps,softmax,2,22,0.1912776529788971,0.9492455418381345,0.942173937427861,0.17233157778779665,1.0,3.971296230951945,nan,nan
usps,softmax,2,23,0.17632654309272766,0.9417009602194787,0.9342549655199279,0.17549760018785796,1.0,3.961946169535319,nan,nan
usps,softmax,2,24,0.1667163372039795,0.958161865569273,0.9523808354749507,0.14203971500198045,1.0,3.9563600222269693,nan,nan
usps,softmax,2,25,0.1499321013689041,0.953360768175583,0.9480904100335591,0.15296183029810587,1.0,3.954206168651581,nan,nan
usps,softmax,2,26,0.14883333444595337,0.9513031550068587,0.9472153987860572,0.15826980024576187,1.0,3.945179522037506,nan,nan
usps,softmax,2,27,0.1371787190437317,0.9561042524005487,0.9508350934754398,0.13017220919330916,1.0,3.946757157643636,nan,nan
usps,softmax,2,28,0.1402129828929901,0.9547325102880658,0.9503208568328315,0.13590179632107416,1.0,3.94178315003713,nan,nan
usps,softmax,2,29,0.13441486656665802,0.9513031550068587,0.9455990526488394,0.15432372068365416,1.0,3.9366372426350913,nan,nan
usps,softmax,3,0,2.1312363147735596,0.29149519890260633,0.13876057531828806,1.9933592279752095,1.0,4.145395994186401,nan,nan
usps,softmax,3,1,1.948256015777588,0.3299039780521262,0.17608147147011372,1.848168154557546,1.0,4.127734422683716,nan,nan
usps,softmax,3,2,1.728711724281311,0.38820301783264743,0.23470921222174637,1.5992367068926494,1.0,4.032965183258057,nan,nan
usps,softmax,3,3,1.5123753547668457,0.3998628257887517,0.2661012097768829,1.5408311088879902,1.0,3.9656471610069275,nan,nan
usps,softmax,3,4,1.365138053894043,0.5219478737997256,0.42881116431443794,1.2765966852506,1.0,3.9274366895357766,nan,nan
usps,softmax,3,5,1.2497669458389282,0.5596707818930041,0.4591899224203092,1.1768071850140889,1.0,3.9143726229667664,nan,nan
usps,softmax,3,6,1.1593736410140991,0.630315500685871,0.5420544827732059,1.047460416952769,1.0,3.9228226145108542,nan,nan
usps,softmax,3,7,1.004255771636963,0.7482853223593965,0.6908912010977178,0.8121193647384644,1.0,3.9054122964541116,nan,nan
usps,softmax,3,8,0.7633863687515259,0.7880658436213992,0.7425660566273888,0.6491520206133524,1.0,3.9114648898442588,nan,nan
usps,softmax,3,9,0.6019391417503357,0.8209876543209876,0.7867373088234658,0.5634858757257462,1.0,3.8917392094930015,nan,nan
usps,softmax,3,10,0.48784369230270386,0.8497942386831275,0.8242186908182234,0.477577269077301,1.0,3.907447576522827,nan,nan
usps,softmax,3,11,0.4342144727706909,0.8744855967078189,0.8585466730834813,0.3943461726109187,1.0,3.8882275025049844,nan,nan
usps,softmax,3,12,0.3914901614189148,0.8902606310013718,0.8742026067596832,0.3371999263763428,1.0,3.919609765211741,nan,nan
usps,softmax,3,13,0.36467790603637695,0.8984910836762688,0.8841907940148381,0.3174646894137065,1.0,3.9077601631482444,nan,nan
usps,softmax,3,14,0.3430841267108917,0.9012345679012346,0.8864874843664048,0.3113399495681127,1.0,3.912794550259908,nan,nan
usps,softmax,3,15,0.3122326135635376,0.9094650205761317,0.8990848490158108,0.29362744092941284,1.0,3.913453300793966,nan,nan
usps,softmax,3,16,0.29357680678367615,0.9170096021947873,0.9065335356491703,0.2793794920047124,1.0,3.89529279867808,nan,nan
usps,softmax,3,17,0.2724577784538269,0.9259259259259259,0.9174965797409218,0.2352989340821902,1.0,3.9050035079320273,nan,nan
usps,softmax,3,18,0.23623138666152954,0.9389574759945131,0.9313973987454103,0.2081741268436114,1.0,3.9154016772905984,nan,nan
usps,softmax,3,19,0.2274143248796463,0.9362139917695473,0.9279898520579509,0.20176741480827332,1.0,3.910718043645223,nan,nan
usps,softmax,3,20,0.228611022233963,0.9334705075445816,0.926190641152224,0.21931951493024826,1.0,3.912162264188131,nan,nan
usps,softmax,3,21,0.23911510407924652,0.9348422496570644,0.9272692609286708,0.23499607294797897,1.0,3.900129417578379,nan,nan
usps,softmax,3,22,0.2132522612810135,0.9444444444444444,0.9379973139165282,0.1825564131140709,1.0,3.9004247387250266,nan,nan
usps,softmax,3,23,0.18255306780338287,0.9513031550068587,0.94566012520967,0.175011416276296,1.0,3.9051783879597983,nan,nan
usps,softmax,3,24,0.16677570343017578,0.9403292181069959,0.9331055252720736,0.18274407585461935,1.0,3.9133245746294656,nan,nan
usps,softmax,3,25,0.17609627544879913,0.9478737997256516,0.9422183127437279,0.1609781707326571,1.0,3.9044321378072104,nan,nan
usps,softmax,3,26,0.16193106770515442,0.9451303155006858,0.9391861622740432,0.17754924048980078,1.0,3.9012492497762046,nan,nan
usps,softmax,3,27,0.16198326647281647,0.9526748971193416,0.9475729083756542,0.15689649681250253,1.0,3.9029576778411865,nan,nan
usps,softmax,3,28,0.16593322157859802,0.9506172839506173,0.9474974782140506,0.16812215248743692,1.0,3.908821781476339,nan,nan
usps,softmax,3,29,0.16379417479038239,0.9547325102880658,0.9506744631238833,0.1659854898850123,0.999999980131785,3.897943675518036,nan,nan
usps,softmax,4,0,2.184069871902466,0.28669410150891633,0.11794696140293495,2.015491267045339,1.0,4.166192690531413,nan,nan
usps,softmax,4,1,1.9955942630767822,0.3058984910836763,0.13779807229191635,1.9323625763257344,1.0,4.149573127428691,nan,nan
usps,softmax,4,2,1.9027209281921387,0.3717421124828532,0.2368171208519705,1.7590216596921284,1.0,4.119730790456136,nan,nan
usps,softmax,4,3,1.621975302696228,0.4327846364883402,0.3048488389718216,1.4302363793055217,1.0,4.021228015422821,nan,nan
usps,softmax,4,4,1.3714871406555176,0.5164609053497943,0.41219186507464267,1.2413981159528096,1.0,3.9461260040601096,nan,nan
usps,softmax,4,5,1.2217559814453125,0.5534979423868313,0.4577455276462238,1.1460939447085063,0.9998952051003774,3.848881959915161,nan,nan
usps,softmax,4,6,0.9905324578285217,0.6947873799725651,0.6419197614567509,0.8450371623039246,0.999850129087766,3.809458156426748,nan,nan
usps,softmax,4,7,0.7900863289833069,0.7379972565157751,0.6889295970585859,0.7017132838567098,0.9999136428038279,3.8156736691792807,nan,nan
usps,softmax,4,8,0.6369715929031372,0.8161865569272977,0.7929958931441822,0.5589326024055481,0.9999643514553705,3.8537723819414773,nan,nan
usps,softmax,4,9,0.5519149303436279,0.8155006858710563,0.7913783045386126,0.5202083239952723,0.9999438722928365,3.8495528300603232,nan,nan
usps,softmax,4,10,0.47277212142944336,0.8703703703703703,0.855310512099899,0.4287534902493159,0.9999624441067377,3.85519278049469,nan,nan
usps,softmax,4,11,0.4027542471885681,0.8689986282578875,0.8532520491186952,0.40551161766052246,0.9999918788671494,3.8808655738830566,nan,nan
usps,softmax,4,12,0.3862873613834381,0.8744855967078189,0.8600197863699076,0.37095938126246136,0.9999611924091975,3.847146530946096,nan,nan
usps,softmax,4,13,0.34157082438468933,0.9026063100137174,0.8930437384939651,0.28416761259237927,0.9999581674734751,3.842399537563324,nan,nan
usps,softmax,4,14,0.2738158106803894,0.9156378600823045,0.9071482312509644,0.2612735976775487,0.9999804894129435,3.8404425183931985,nan,nan
usps,softmax,4,15,0.24772818386554718,0.9156378600823045,0.9075127583551085,0.26109735916058224,0.9999710967143377,3.823385179042816,nan,nan
usps,softmax,4,16,0.23433741927146912,0.9286694101508917,0.9201261349287947,0.21765899658203125,0.9999791185061137,3.8269185026486716,nan,nan
usps,softmax,4,17,0.2045878916978836,0.9327846364883402,0.9263196426477794,0.21503164370854697,0.999979148308436,3.8247202038764954,nan,nan
usps,softmax,4,18,0.19706369936466217,0.9410150891632373,0.9349587616169736,0.19906358296672502,0.9999834398428599,3.823444922765096,nan,nan
usps,softmax,4,19,0.18410857021808624,0.9430727023319616,0.9361506973840292,0.18831884860992432,0.999978502591451,3.8168757557868958,nan,nan
usps,softmax,4,20,0.16211695969104767,0.9417009602194787,0.9366372219416643,0.18182176848252615,0.9999764114618301,3.817310114701589,nan,nan
usps,softmax,4,21,0.17255200445652008,0.9451303155006858,0.9392685707919142,0.18327527989943823,0.9999562352895737,3.816976547241211,nan,nan
usps,softmax,4,22,0.17960776388645172,0.9375857338820301,0.9310153196549786,0.19947275519371033,0.999965896209081,3.795441448688507,nan,nan
usps,softmax,4,23,0.14831045269966125,0.9382716049382716,0.9321664557328724,0.18282833943764368,0.9999731779098511,3.8197263876597085,nan,nan
usps,softmax,4,24,0.14317448437213898,0.948559670781893,0.9431547735372684,0.16578637808561325,0.9999677489201227,3.8185704350471497,nan,nan
usps,softmax,4,25,0.1357526034116745,0.9540466392318244,0.9488057370109478,0.15030986443161964,0.999974807103475,3.813178817431132,nan,nan
usps,softmax,4,26,0.12143052369356155,0.9465020576131687,0.9415299795644447,0.17441479116678238,0.999970997373263,3.802075465520223,nan,nan
usps,softmax,4,27,0.12277984619140625,0.9478737997256516,0.94240263757069,0.161263570189476,0.999970813592275,3.8161767522493997,nan,nan
usps,softmax,4,28,0.14602889120578766,0.9444444444444444,0.9398818929776059,0.17349647730588913,0.9999538560708364,3.8173669377962747,nan,nan
usps,softmax,4,29,0.13601252436637878,0.9513031550068587,0.946208191973542,0.16068194434046745,0.999928409854571,3.8058033188184104,nan,nan
usps,softmax,5,0,2.105306625366211,0.27709190672153633,0.13788677801488985,2.01092396179835,1.0,4.165031790733337,nan,nan
usps,softmax,5,1,1.9231504201889038,0.3120713305898491,0.16807289251971774,1.8537266651789348,1.0,4.142952958742778,nan,nan
usps,softmax,5,2,1.6921272277832031,0.30795610425240055,0.193380860478862,1.8719301621119182,1.0,4.023823976516724,nan,nan
usps,softmax,5,3,1.6046886444091797,0.43621399176954734,0.31398724407476564,1.483920435110728,1.0,4.026465614636739,nan,nan
usps,softmax,5,4,1.397146463394165,0.4869684499314129,0.38592225426204985,1.3224102060000102,1.0,3.9688767989476523,nan,nan
usps,softmax,5,5,1.2641464471817017,0.5555555555555556,0.4801035185402215,1.1754817565282185,1.0,3.941024680932363,nan,nan
usps,softmax,5,6,1.1062908172607422,0.6440329218106996,0.5982444790196657,0.9917440811793009,1.0,3.9333723386128745,nan,nan
usps,softmax,5,7,0.968536376953125,0.7160493827160493,0.6877980194037645,0.8511362075805664,1.0,3.8957627614339194,nan,nan
usps,softmax,5,8,0.8167300820350647,0.7448559670781894,0.7059701266366903,0.6850046217441559,1.0,3.8319246570269265,nan,nan
usps,softmax,5,9,0.6569042205810547,0.8319615912208504,0.8122642481212934,0.5267606278260549,1.0,3.812318801879883,nan,nan
usps,softmax,5,10,0.5411226153373718,0.8683127572016461,0.8555457693778727,0.44676898419857025,1.0,3.8218186696370444,nan,nan
usps,softmax,5,11,0.465040922164917,0.8772290809327846,0.8666913502499787,0.40260419249534607,1.0,3.846015711625417,nan,nan
usps,softmax,5,12,0.4217424988746643,0.8731138545953361,0.8648175010556489,0.4006171077489853,1.0,3.850076158841451,nan,nan
usps,softmax,5,13,0.36754778027534485,0.8882030178326474,0.8797727855748217,0.3550015091896057,1.0,3.881063540776571,nan,nan
usps,softmax,5,14,0.34657174348831177,0.897119341563786,0.8914986053521234,0.32912813127040863,1.0,3.8686006665229797,nan,nan
usps,softmax,5,15,0.3202286958694458,0.9101508916323731,0.9056019138786278,0.29051729788382846,1.0,3.869683484236399,nan,nan
usps,softmax,5,16,0.2953878343105316,0.9204389574759945,0.915406343529558,0.27863576263189316,1.0,3.874224225680033,nan,nan
usps,softmax,5,17,0.27842068672180176,0.9218106995884774,0.9176097763835284,0.249887116253376,1.0,3.873436371485392,nan,nan
usps,softmax,5,18,0.23811805248260498,0.9355281207133059,0.9319341588158327,0.2272284453113874,1.0,3.8691815535227456,nan,nan
usps,softmax,5,19,0.2435941994190216,0.9245541838134431,0.9184547207350168,0.25061283508936566,1.0,3.8637261390686035,nan,nan
usps,softmax,5,20,0.2323649525642395,0.9307270233196159,0.9258996770243335,0.21636115138729414,1.0,3.8588790893554688,nan,nan
usps,softmax,5,21,0.21775007247924805,0.9396433470507545,0.9360502258488201,0.20493339250485101,1.0,3.851299822330475,nan,nan
usps,softmax,5,22,0.1921355426311493,0.9423868312757202,0.9393832001748657,0.19253500054279962,1.0,3.8577741185824075,nan,nan
usps,softmax,5,23,0.18710839748382568,0.934156378600823,0.9298562041143363,0.20674972732861838,1.0,3.842935264110565,nan,nan
usps,softmax,5,24,0.17628590762615204,0.9513031550068587,0.9485326408010927,0.16975007206201553,1.0,3.8460517128308616,nan,nan
usps,softmax,5,25,0.1623024046421051,0.9506172839506173,0.9470266142876284,0.17674221843481064,1.0,3.843519906202952,nan,nan
usps,softmax,5,26,0.16475188732147217,0.9526748971193416,0.9493938469938599,0.15900997444987297,1.0,3.8377662698427835,nan,nan
usps,softmax,5,27,0.1593942791223526,0.9554183813443072,0.9524494659302671,0.17052620773514113,1.0,3.830653409163157,nan,nan
usps,softmax,5,28,0.15166662633419037,0.953360768175583,0.9506903227522315,0.17072460303703943,1.0,3.816691815853119,nan,nan
usps,softmax,5,29,0.14223359525203705,0.9567901234567902,0.9535987850153429,0.15876259033878645,1.0,3.8179408510526023,nan,nan
usps,softmax,6,0,2.1597461700439453,0.31069958847736623,0.1316315738672273,1.9755177895228069,1.0,4.156014442443848,nan,nan
usps,softmax,6,1,1.9775902032852173,0.32647462277091904,0.16185662949177626,1.8763717412948608,1.0,4.138567845026652,nan,nan
usps,softmax,6,2,1.8028708696365356,0.38477366255144035,0.21410025394810495,1.6084854006767273,1.0,4.033592800299327,nan,nan
usps,softmax,6,3,1.5381592512130737,0.4993141289437586,0.3822078909832216,1.3392176230748494,1.0,3.9647643764813743,nan,nan
usps,softmax,6,4,1.2568418979644775,0.678326474622771,0.5880760751423006,1.003412812948227,0.9999928673108419,3.9011031786600747,nan,nan
usps,softmax,6,5,0.9272223711013794,0.7023319615912208,0.6469592930525379,0.8366052011648814,0.9999605615933737,3.9183536370595298,nan,nan
usps,softmax,6,6,0.6864191889762878,0.8237311385459534,0.7947795721056666,0.554166316986084,0.9999875922997793,3.9240942200024924,nan,nan
usps,softmax,6,7,0.5474469661712646,0.8182441700960219,0.7859278053870554,0.5354487895965576,1.0,3.9173556168874106,nan,nan
usps,softmax,6,8,0.4785105288028717,0.8662551440329218,0.8469672239305543,0.4159815659125646,1.0,3.9179508090019226,nan,nan
usps,softmax,6,9,0.39488887786865234,0.892318244170096,0.8753302208564102,0.3493089924256007,1.0,3.908788800239563,nan,nan
usps,softmax,6,10,0.3568069338798523,0.9197530864197531,0.907935293220917,0.2865629841883977,1.0,3.8958155314127603,nan,nan
usps,softmax,6,11,0.30664175748825073,0.906721536351166,0.8908930168673821,0.2961768979827563,1.0,3.897501508394877,nan,nan
usps,softmax,6,12,0.2923034429550171,0.9176954732510288,0.9069975936067521,0.24760428071022034,1.0,3.8980820973714194,nan,nan
usps,softmax,6,13,0.2508607506752014,0.9176954732510288,0.9014640981036143,0.2618471806248029,1.0,3.9068071246147156,nan,nan
usps,softmax,6,14,0.2506965100765228,0.9286694101508917,0.9158037639691667,0.22565771142641702,1.0,3.8966548641522727,nan,nan
usps,softmax,6,15,0.21143239736557007,0.9396433470507545,0.9293291128237307,0.1832729677359263,1.0,3.8819695909818015,nan,nan
usps,softmax,6,16,0.21310918033123016,0.9458161865569273,0.9386158244597361,0.17798703163862228,1.0,3.8927359183629355,nan,nan
usps,softmax,6,17,0.18753007054328918,0.9382716049382716,0.9286911053495709,0.1863999105989933,1.0,3.89147287607193,nan,nan
usps,softmax,6,18,0.18171818554401398,0.9492455418381345,0.9404790433987765,0.16085799410939217,1.0,3.884211281935374,nan,nan
usps,softmax,6,19,0.17206381261348724,0.9444444444444444,0.936364535848171,0.17720246066649756,0.999999980131785,3.8719772497812905,nan,nan
usps,softmax,6,20,0.15541982650756836,0.9567901234567902,0.9504896015585036,0.14827804639935493,1.0,3.8646309773127236,nan,nan
usps,softmax,6,21,0.1425538957118988,0.9526748971193416,0.9465520795978402,0.16367609550555548,1.0,3.860318183898926,nan,nan
usps,softmax,6,22,0.13677896559238434,0.9540466392318244,0.9467440566027892,0.1359433854619662,1.0,3.867954969406128,nan,nan
usps,softmax,6,23,0.12908491492271423,0.9554183813443072,0.9491729869352353,0.13541285569469133,1.0,3.858843425909678,nan,nan
usps,softmax,6,24,0.13354676961898804,0.9519890260631001,0.9454359991614684,0.1511061986287435,0.999999980131785,3.853121757507324,nan,nan
usps,softmax,6,25,0.12469303607940674,0.9588477366255144,0.9529361878540706,0.14070378119746843,1.0,3.8423333962758384,nan,nan
usps,softmax,6,26,0.11992653459310532,0.9595336076817559,0.9536596025168091,0.12451094575226307,1.0,3.845129112402598,nan,nan
usps,softmax,6,27,0.11393154412508011,0.9636488340192044,0.9582226879902663,0.11510280147194862,1.0,3.8319830099741616,nan,nan
usps,softmax,6,28,0.1094718798995018,0.9567901234567902,0.9505556753552664,0.1277679850657781,1.0,3.835643927256266,nan,nan
usps,softmax,6,29,0.1075226217508316,0.9636488340192044,0.9583433764862818,0.12657010555267334,1.0,3.825003504753113,nan,nan
usps,softmax,7,0,2.186659097671509,0.2784636488340192,0.10489714385078744,2.0259791811307273,1.0,4.161457022031148,nan,nan
usps,softmax,7,1,1.9852150678634644,0.28669410150891633,0.13315102428175016,1.9275936683019002,1.0,4.161478002866109,nan,nan
usps,softmax,7,2,1.8332852125167847,0.3347050754458162,0.19693171134581475,1.76894215742747,1.0,4.092017809549968,nan,nan
usps,softmax,7,3,1.5631128549575806,0.40054869684499317,0.2508062096992188,1.462037483851115,1.0,4.050069530804952,nan,nan
usps,softmax,7,4,1.4005109071731567,0.5459533607681756,0.45230567431422547,1.2836719155311584,1.0,4.035544037818909,nan,nan
usps,softmax,7,5,1.2482019662857056,0.5795610425240055,0.49863197603615,1.11484032869339,1.0,4.010091284910838,nan,nan
usps,softmax,7,6,1.064099669456482,0.6570644718792867,0.6134333596095802,0.9692350625991821,1.0,4.000901877880096,nan,nan
usps,softmax,7,7,0.9188553690910339,0.7352537722908093,0.6655448946251092,0.7970998485883077,1.0,3.9739791552225747,nan,nan
usps,softmax,7,8,0.7912671566009521,0.7983539094650206,0.7630335144969799,0.6435351669788361,1.0,3.960141956806183,nan,nan
usps,softmax,7,9,0.625829815864563,0.8209876543209876,0.7887992990162374,0.542589545249939,1.0,3.9555730621019998,nan,nan
usps,softmax,7,10,0.5210121273994446,0.8539094650205762,0.827545500756601,0.44533827900886536,1.0,3.9444292187690735,nan,nan
usps,softmax,7,11,0.4472002387046814,0.8710562414266118,0.8500756247090255,0.40382733444372815,1.0,3.943269987901052,nan,nan
usps,softmax,7,12,0.40990808606147766,0.8484224965706447,0.8347104135632748,0.44527262449264526,1.0,3.9233503142992654,nan,nan
usps,softmax,7,13,0.4064617156982422,0.887517146776406,0.8723154101697919,0.3581790626049042,1.0,3.9006803830464682,nan,nan
usps,softmax,7,14,0.3281319737434387,0.9080932784636488,0.8969474056025144,0.30810263256231946,1.0,3.9007365504900613,nan,nan
usps,softmax,7,15,0.29913240671157837,0.9074074074074074,0.8963061059129871,0.28979765623807907,1.0,3.8981631994247437,nan,nan
usps,softmax,7,16,0.26838189363479614,0.9074074074074074,0.8923359580057518,0.2948917771379153,1.0,3.894335170586904,nan,nan
usps,softmax,7,17,0.2617284059524536,0.9204389574759945,0.9115091130649946,0.2700319141149521,1.0,3.877510587374369,nan,nan
usps,softmax,7,18,0.23427395522594452,0.9087791495198903,0.8984858233940765,0.27301592628161114,1.0,3.857742190361023,nan,nan
usps,softmax,7,19,0.23210830986499786,0.9163237311385459,0.9059499447763185,0.25705671807130176,1.0,3.879712144533793,nan,nan
usps,softmax,7,20,0.20658794045448303,0.921124828532236,0.9119929034074182,0.24253280957539877,1.0,3.8612545331319175,nan,nan
usps,softmax,7,21,0.2033349573612213,0.9266117969821673,0.9168173623825198,0.23423895488182703,1.0,3.8506312370300293,nan,nan
usps,softmax,7,22,0.19326604902744293,0.9307270233196159,0.9223007894832602,0.21230503171682358,1.0,3.8417256474494934,nan,nan
usps,softmax,7,23,0.17373152077198029,0.9300411522633745,0.9223576362811434,0.2367516482869784,1.0,3.8363468448321023,nan,nan
usps,softmax,7,24,0.18393461406230927,0.9327846364883402,0.9254892209072312,0.2125688518087069,1.0,3.8312355677286782,nan,nan
usps,softmax,7,25,0.17136414349079132,0.9375857338820301,0.930270604535434,0.20438749343156815,1.0,3.8265912930170694,nan,nan
usps,softmax,7,26,0.1532885581254959,0.9355281207133059,0.9261373909482913,0.200686015188694,1.0,3.822357972462972,nan,nan
usps,softmax,7,27,0.14629314839839935,0.9368998628257887,0.9280319107692462,0.1939699575304985,0.9999999354283015,3.817930817604065,nan,nan
usps,softmax,7,28,0.14476576447486877,0.9423868312757202,0.9360245978870141,0.2055716613928477,0.9999997864166895,3.8149943550427756,nan,nan
usps,softmax,7,29,0.14072762429714203,0.9423868312757202,0.9363010666409171,0.17994538942972818,0.9999993344148,3.790873428185781,nan,nan
usps,softmax,8,0,2.1612279415130615,0.3052126200274348,0.1509044011445268,1.9718375205993652,1.0,4.157771746317546,nan,nan
usps,softmax,8,1,1.9699053764343262,0.32030178326474623,0.14875709135947499,1.8746339082717896,1.0,4.141111413637797,nan,nan
usps,softmax,8,2,1.796338438987732,0.41289437585733885,0.2767958175546942,1.5964996019999187,1.0,4.037490606307983,nan,nan
usps,softmax,8,3,1.5902382135391235,0.40809327846364885,0.26979318783746076,1.5244489908218384,1.0,3.987414459387461,nan,nan
usps,softmax,8,4,1.4579170942306519,0.4718792866941015,0.3262476592127824,1.3321827252705891,1.0,3.906807621320089,nan,nan
usps,softmax,8,5,1.3154312372207642,0.5356652949245542,0.4210746959643137,1.2441565195719402,1.0,3.84806227684021,nan,nan
usps,softmax,8,6,1.1550477743148804,0.6735253772290809,0.577437487747137,0.9528563419977824,1.0,3.831830004851023,nan,nan
usps,softmax,8,7,0.9451473951339722,0.7085048010973937,0.6509501025297177,0.8202244738737742,1.0,3.833735247453054,nan,nan
usps,softmax,8,8,0.7538348436355591,0.8031550068587106,0.7484782566350627,0.6057111124197642,1.0,3.7968868613243103,nan,nan
usps,softmax,8,9,0.6206589937210083,0.8292181069958847,0.7885954129536679,0.5092396040757498,0.9999996870756149,3.758940319220225,nan,nan
usps,softmax,8,10,0.5128792524337769,0.8525377229080933,0.8271005925669817,0.4597421536842982,0.9999997069438299,3.7388741175333657,nan,nan
usps,softmax,8,11,0.45265525579452515,0.8786008230452675,0.859244852808861,0.3865443766117096,0.9999997069438299,3.7310975591341653,nan,nan
usps,softmax,8,12,0.4016838073730469,0.8978052126200274,0.8840597170985902,0.329457292954127,0.9999998559554418,3.693781614303589,nan,nan
usps,softmax,8,13,0.34936460852622986,0.9060356652949245,0.8923736965051287,0.2988225569327672,1.0,3.7084900736808777,nan,nan
usps,softmax,8,14,0.3089434504508972,0.9163237311385459,0.906162220706749,0.25927551339070004,1.0,3.7317371368408203,nan,nan
usps,softmax,8,15,0.2919022738933563,0.9231824417009602,0.914187240758579,0.2445104569196701,1.0,3.7632288535435996,nan,nan
usps,softmax,8,16,0.2679540514945984,0.9272976680384087,0.9201035784426932,0.23728059232234955,0.999999980131785,3.7556846737861633,nan,nan
usps,softmax,8,17,0.2524060308933258,0.9266117969821673,0.9193154161187268,0.2269629364212354,0.999999870856603,3.7627249161402383,nan,nan
usps,softmax,8,18,0.23159199953079224,0.9362139917695473,0.9283318401600458,0.20106292019287744,0.9999996821085612,3.7656022111574807,nan,nan
usps,softmax,8,19,0.21483346819877625,0.9314128943758574,0.9235778119652993,0.21944470951954523,0.9999994883934656,3.7588202953338623,nan,nan
usps,softmax,8,20,0.20627418160438538,0.9348422496570644,0.9271024574183345,0.2073519304394722,0.9999996175368627,3.749791403611501,nan,nan
usps,softmax,8,21,0.21073250472545624,0.9355281207133059,0.9271253857489832,0.19630040228366852,0.9999971042076746,3.7402315537134805,nan,nan
usps,softmax,8,22,0.18479683995246887,0.9389574759945131,0.9314274435086622,0.1657072976231575,0.9999969353278478,3.744929552078247,nan,nan
usps,softmax,8,23,0.16510336101055145,0.9499314128943759,0.9433678313886086,0.14911692837874094,0.9999916752179464,3.74521134297053,nan,nan
usps,softmax,8,24,0.15860319137573242,0.9430727023319616,0.9359869433992053,0.15717255199948946,0.9999954104423523,3.7496890823046365,nan,nan
usps,softmax,8,25,0.15264269709587097,0.9513031550068587,0.9451403337211521,0.14083573718865713,0.9999955793221792,3.7471934954325357,nan,nan
usps,softmax,8,26,0.13834242522716522,0.9458161865569273,0.9399098003191224,0.1706529234846433,0.9999919831752777,3.7424009442329407,nan,nan
usps,softmax,8,27,0.151767760515213,0.9574759945130316,0.951952111540886,0.14141695449749628,0.9999832759300867,3.751438577969869,nan,nan
usps,softmax,8,28,0.13300588726997375,0.9506172839506173,0.9454057229962751,0.15402538826068243,0.9999801168839136,3.730216066042582,nan,nan
usps,softmax,8,29,0.12504903972148895,0.9554183813443072,0.9494400840925806,0.13633992274602255,0.9999280820290247,3.6962883671124778,nan,nan
usps,softmax,9,0,2.1364707946777344,0.2825788751714678,0.14472762381315465,2.0205350319544473,1.0,4.1671998500823975,nan,nan
usps,softmax,9,1,1.9502726793289185,0.3113854595336077,0.16911568417353004,1.9100082914034526,1.0,4.136813044548035,nan,nan
usps,softmax,9,2,1.754031777381897,0.4060356652949246,0.28219881644076683,1.6127331455548604,1.0,4.003406802813212,nan,nan
usps,softmax,9,3,1.5027146339416504,0.5384087791495199,0.4361541807248255,1.3400208155314128,1.0,3.931563119093577,nan,nan
usps,softmax,9,4,1.2569870948791504,0.588477366255144,0.46464653408870393,1.0934784412384033,1.0,3.8870043555895486,nan,nan
usps,softmax,9,5,1.0542715787887573,0.6831275720164609,0.5946829451733688,0.9039200842380524,1.0,3.8908206820487976,nan,nan
usps,softmax,9,6,0.8528913855552673,0.7366255144032922,0.6813887202894411,0.795920213063558,0.9999951869249344,3.8688568472862244,nan,nan
usps,softmax,9,7,0.6764277815818787,0.808641975308642,0.7764967495618058,0.604369729757309,0.9999898423751196,3.8550356229146323,nan,nan
usps,softmax,9,8,0.5211763978004456,0.869684499314129,0.8577954408131443,0.43500510851542157,0.9999970644712448,3.857577164967855,nan,nan
usps,softmax,9,9,0.43884339928627014,0.8820301783264746,0.8692859006320344,0.3893957883119583,0.999999980131785,3.8163906137148538,nan,nan
usps,softmax,9,10,0.38735124468803406,0.8895747599451304,0.8784634756245453,0.3505410651365916,1.0,3.8454168240229287,nan,nan
usps,softmax,9,11,0.3494696617126465,0.9122085048010974,0.9043239206404723,0.29190389315287274,1.0,3.8576927383740744,nan,nan
usps,softmax,9,12,0.31215721368789673,0.9122085048010974,0.9031742295072046,0.2823158800601959,1.0,3.859148144721985,nan,nan
usps,softmax,9,13,0.2903445363044739,0.9238683127572016,0.9159548816307194,0.24779698749383292,1.0,3.8508724570274353,nan,nan
usps,softmax,9,14,0.26187726855278015,0.9176954732510288,0.9082030110014061,0.2508657177289327,1.0,3.8390103777249656,nan,nan
usps,softmax,9,15,0.24691644310951233,0.9320987654320988,0.924030165034225,0.2209768071770668,1.0,3.8277254501978555,nan,nan
usps,softmax,9,16,0.2331274151802063,0.9403292181069959,0.9345231956546233,0.20209126422802606,1.0,3.817212382952372,nan,nan
usps,softmax,9,17,0.22380971908569336,0.9307270233196159,0.9220957350870813,0.21642553806304932,1.0,3.819538156191508,nan,nan
usps,softmax,9,18,0.20239993929862976,0.9389574759945131,0.932254392101334,0.19355986267328262,1.0,3.818072179953257,nan,nan
usps,softmax,9,19,0.2021341323852539,0.9362139917695473,0.9280323725510519,0.20200538635253906,1.0,3.812545359134674,nan,nan
usps,softmax,9,20,0.1801709085702896,0.9451303155006858,0.9400048960798715,0.1761531097193559,1.0,3.793770174185435,nan,nan
usps,softmax,9,21,0.17754341661930084,0.9465020576131687,0.9406606748401309,0.17307720830043158,1.0,3.8076067765553794,nan,nan
usps,softmax,9,22,0.1595616191625595,0.9561042524005487,0.9511226572319542,0.15623709807793298,1.0,3.8061980605125427,nan,nan
usps,softmax,9,23,0.16275933384895325,0.9492455418381345,0.9433935220105564,0.1620382728676001,0.9999999602635702,3.8033085068066916,nan,nan
usps,softmax,9,24,0.15290041267871857,0.9307270233196159,0.9245889717869238,0.22679302593072256,0.9999997516473135,3.803899625937144,nan,nan
usps,softmax,9,25,0.1542300283908844,0.9478737997256516,0.9414164277822323,0.173138207445542,0.9999988277753195,3.785510500272115,nan,nan
usps,softmax,9,26,0.14614103734493256,0.9547325102880658,0.9497526598757758,0.16478117803732553,0.9999967217445374,3.782505671183268,nan,nan
usps,softmax,9,27,0.13999123871326447,0.958161865569273,0.9542932951789911,0.14638115465641022,0.9999934136867523,3.776388188203176,nan,nan
usps,softmax,9,28,0.12337503582239151,0.9588477366255144,0.955443346347038,0.13582751403252283,0.9999908556540807,3.7759492993354797,nan,nan
usps,softmax,9,29,0.12435154616832733,0.9629629629629629,0.9600127610846982,0.13972908506790796,0.9999860326449076,3.7543599605560303,nan,nan
usps,topk_softmax_0125,0,0,2.158400774002075,0.3299039780521262,0.18257512482300228,1.875657856464386,0.13846154510974884,2.1951554814974465,nan,nan
usps,topk_softmax_0125,0,1,1.6260746717453003,0.5109739368998628,0.4081235912689013,1.376128117243449,0.13846154510974884,2.1952643195788064,nan,nan
usps,topk_softmax_0125,0,2,1.1657754182815552,0.663923182441701,0.6040573159201562,0.895286907752355,0.13846154510974884,2.194151282310486,nan,nan
usps,topk_softmax_0125,0,3,0.865023672580719,0.7421124828532236,0.7103280780200251,0.7454861601193746,0.13846154510974884,2.193381746610006,nan,nan
usps,topk_softmax_0125,0,4,0.6777106523513794,0.8182441700960219,0.8002780598926366,0.5750960409641266,0.13846154510974884,2.1925554474194846,nan,nan
usps,topk_softmax_0125,0,5,0.5939571857452393,0.8395061728395061,0.8253125575225445,0.530046766002973,0.13846154510974884,2.192246735095978,nan,nan
usps,topk_softmax_0125,0,6,0.4782688021659851,0.850480109739369,0.835867297045614,0.4574623604615529,0.13846154510974884,2.19241726398468,nan,nan
usps,topk_softmax_0125,0,7,0.4030873477458954,0.8758573388203018,0.8617056144523,0.37293269236882526,0.13846154510974884,2.189790507157644,nan,nan
usps,topk_softmax_0125,0,8,0.3272346556186676,0.906721536351166,0.8975150011077371,0.28764405349890393,0.13846154510974884,2.1873857776323953,nan,nan
usps,topk_softmax_0125,0,9,0.2783251702785492,0.9156378600823045,0.9076554437015831,0.24506393820047379,0.13846154510974884,2.183802545070648,nan,nan
usps,topk_softmax_0125,0,10,0.22926589846611023,0.9087791495198903,0.8992781791669218,0.31273065507411957,0.13846154510974884,2.1817378203074136,nan,nan
usps,topk_softmax_0125,0,11,0.21374943852424622,0.9320987654320988,0.9260860814174519,0.2092629410326481,0.13846154510974884,2.1792067885398865,nan,nan
usps,topk_softmax_0125,0,12,0.19270403683185577,0.9334705075445816,0.9284199095420558,0.2178858146071434,0.13846154510974884,2.1786145766576133,nan,nan
usps,topk_softmax_0125,0,13,0.169442817568779,0.9403292181069959,0.9351077583418702,0.1891619140903155,0.13846154510974884,2.1775207122166953,nan,nan
usps,topk_softmax_0125,0,14,0.15539038181304932,0.9355281207133059,0.9285585897423004,0.18857229625185332,0.13846154510974884,2.1782729029655457,nan,nan
usps,topk_softmax_0125,0,15,0.15214170515537262,0.9561042524005487,0.95292342360996,0.14976632470885912,0.13846154510974884,2.1751627922058105,nan,nan
usps,topk_softmax_0125,0,16,0.1325347125530243,0.9444444444444444,0.9390019265859635,0.16791713734467825,0.13846154510974884,2.175922234853109,nan,nan
usps,topk_softmax_0125,0,17,0.11542366445064545,0.9609053497942387,0.9577073859985532,0.14058303087949753,0.13846154510974884,2.173125684261322,nan,nan
usps,topk_softmax_0125,0,18,0.09995568543672562,0.9499314128943759,0.9471806211213787,0.17342237258950868,0.13846154510974884,2.1747294664382935,nan,nan
usps,topk_softmax_0125,0,19,0.10293843597173691,0.9554183813443072,0.9517098758514969,0.144477691501379,0.13846154510974884,2.174612124760946,nan,nan
usps,topk_softmax_0125,0,20,0.09950777143239975,0.958161865569273,0.9539102375557731,0.1353263563166062,0.13846154510974884,2.1742124954859414,nan,nan
usps,topk_softmax_0125,0,21,0.09897340834140778,0.9574759945130316,0.9539651097090311,0.12113343055049579,0.13846154510974884,2.1723044315973916,nan,nan
usps,topk_softmax_0125,0,22,0.08797723799943924,0.967764060356653,0.9646871717230047,0.10668464377522469,0.13846154510974884,2.1717204451560974,nan,nan
usps,topk_softmax_0125,0,23,0.06480444967746735,0.9615912208504801,0.9586790344205539,0.11302214736739795,0.13846154510974884,2.1707748969395957,nan,nan
usps,topk_softmax_0125,0,24,0.06133076548576355,0.9657064471879286,0.9630544988294535,0.11580479331314564,0.13846154510974884,2.1706441044807434,nan,nan
usps,topk_softmax_0125,0,25,0.07174859195947647,0.9602194787379973,0.9568490983638898,0.13972599804401398,0.13846154510974884,2.1699449022610984,nan,nan
usps,topk_softmax_0125,0,26,0.06011410057544708,0.967764060356653,0.9650454659687643,0.12097583959499995,0.13846154510974884,2.167208254337311,nan,nan
usps,topk_softmax_0125,0,27,0.05373517796397209,0.9622770919067215,0.9589862112424644,0.12425024683276813,0.13846154510974884,2.166867256164551,nan,nan
usps,topk_softmax_0125,1,0,2.2399771213531494,0.289437585733882,0.08925215933362765,2.032451311747233,0.13846154510974884,2.1908876498540244,nan,nan
usps,topk_softmax_0125,1,1,1.839178204536438,0.41975308641975306,0.26544608583260415,1.6334378918011982,0.13846154510974884,2.1928526759147644,nan,nan
usps,topk_softmax_0125,1,2,1.4429303407669067,0.6131687242798354,0.5332637466736192,1.0844562649726868,0.13846154510974884,2.1940666238466897,nan,nan
usps,topk_softmax_0125,1,3,0.9648021459579468,0.8079561042524005,0.7828399243759038,0.6911588211854299,0.13846154510974884,2.1928778489430747,nan,nan
usps,topk_softmax_0125,1,4,0.6875072121620178,0.8477366255144033,0.8297233172537938,0.5099895844856898,0.13846154510974884,2.192010780175527,nan,nan
usps,topk_softmax_0125,1,5,0.49440786242485046,0.8751714677640604,0.8595097373843202,0.40635261436303455,0.13846154510974884,2.1897581617037454,nan,nan
usps,topk_softmax_0125,1,6,0.38386064767837524,0.9183813443072703,0.907160028732617,0.3068442990382512,0.13846154510974884,2.189138352870941,nan,nan
usps,topk_softmax_0125,1,7,0.3130035102367401,0.9266117969821673,0.917539031459973,0.24857992927233377,0.13846154510974884,2.187951445579529,nan,nan
usps,topk_softmax_0125,1,8,0.2949727475643158,0.9286694101508917,0.9183048464191176,0.2423031230767568,0.13846154510974884,2.1857205828030906,nan,nan
usps,topk_softmax_0125,1,9,0.2608706057071686,0.9423868312757202,0.9346889627680142,0.20560350765784582,0.13846154510974884,2.1856486002604165,nan,nan
usps,topk_softmax_0125,1,10,0.25412070751190186,0.9334705075445816,0.9246623226309566,0.20953281968832016,0.13846154510974884,2.186336119969686,nan,nan
usps,topk_softmax_0125,1,11,0.2431410700082779,0.9355281207133059,0.9272266218568961,0.2036561518907547,0.13846154510974884,2.185484528541565,nan,nan
usps,topk_softmax_0125,1,12,0.21717514097690582,0.9513031550068587,0.9450866375690111,0.1783461980521679,0.13846154510974884,2.1832751830418906,nan,nan
usps,topk_softmax_0125,1,13,0.19497260451316833,0.9513031550068587,0.9447008562947259,0.15943333382407823,0.13846154510974884,2.1834187308947244,nan,nan
usps,topk_softmax_0125,1,14,0.16930542886257172,0.9602194787379973,0.953894333315602,0.14498296255866686,0.13846154510974884,2.1811915238698325,nan,nan
usps,topk_softmax_0125,1,15,0.16194763779640198,0.9588477366255144,0.9526374774434856,0.15540692955255508,0.13846154510974884,2.1781265139579773,nan,nan
usps,topk_softmax_0125,1,16,0.15564699470996857,0.9561042524005487,0.9482127917149892,0.13940472900867462,0.13846154510974884,2.178346832593282,nan,nan
usps,topk_softmax_0125,1,17,0.13324865698814392,0.9670781893004116,0.9614402433757325,0.12855834638079008,0.13846154510974884,2.1774555842081704,nan,nan
usps,topk_softmax_0125,1,18,0.1290026158094406,0.9567901234567902,0.950123075626309,0.15696298951903978,0.13846154510974884,2.179466128349304,nan,nan
usps,topk_softmax_0125,1,19,0.12341757863759995,0.9602194787379973,0.9548068039123437,0.1381074165304502,0.13846154510974884,2.1777437726656594,nan,nan
usps,topk_softmax_0125,1,20,0.11065320670604706,0.9609053497942387,0.9547650861167082,0.12199721237023671,0.13846154510974884,2.1756746570269265,nan,nan
usps,topk_softmax_0125,1,21,0.11152336001396179,0.967764060356653,0.9621632417853204,0.11859660347302754,0.13846154510974884,2.17449281613032,nan,nan
usps,topk_softmax_0125,1,22,0.09474525600671768,0.9670781893004116,0.9619805244418366,0.1253347247838974,0.13846154510974884,2.1748885114987693,nan,nan
usps,topk_softmax_0125,1,23,0.08773402869701385,0.9629629629629629,0.9573982947031008,0.12714900821447372,0.13846154510974884,2.1714252829551697,nan,nan
usps,topk_softmax_0125,1,24,0.09102727472782135,0.9753086419753086,0.9713230014829956,0.10209287392596404,0.13846154510974884,2.1707521080970764,nan,nan
usps,topk_softmax_0125,1,25,0.07545961439609528,0.967764060356653,0.9616522134624279,0.11999169240395229,0.13846154510974884,2.1715351740519204,nan,nan
usps,topk_softmax_0125,1,26,0.0800148993730545,0.9670781893004116,0.9609339107583292,0.12308177476127942,0.13846154510974884,2.1710605025291443,nan,nan
usps,topk_softmax_0125,1,27,0.06870781630277634,0.9684499314128944,0.9612029426041031,0.12125182275970776,0.13846154510974884,2.170486887296041,nan,nan
usps,topk_softmax_0125,1,28,0.06607428193092346,0.9705075445816187,0.9658483139831473,0.10171034932136536,0.13846144825220108,2.165168205897013,nan,nan
usps,topk_softmax_0125,1,29,0.0706358402967453,0.9753086419753086,0.9716022610760519,0.09143166616559029,0.1384615066150824,2.1627505819002786,nan,nan
usps,topk_softmax_0125,2,0,2.2052738666534424,0.2736625514403292,0.1090177792279654,2.0250609715779624,0.13846154510974884,2.1964645187060037,nan,nan
usps,topk_softmax_0125,2,1,1.8573955297470093,0.4156378600823045,0.30395986128929026,1.5818853378295898,0.13846154510974884,2.1950408021608987,nan,nan
usps,topk_softmax_0125,2,2,1.4287463426589966,0.598079561042524,0.5214611030432058,1.1502382159233093,0.13846154510974884,2.1915534337361655,nan,nan
usps,topk_softmax_0125,2,3,0.9625417590141296,0.7928669410150891,0.7465000415517048,0.6750068565209707,0.13846154510974884,2.1905927856763205,nan,nan
usps,topk_softmax_0125,2,4,0.6559759378433228,0.8326474622770919,0.8035624155898372,0.5353517283995947,0.13846154510974884,2.190547287464142,nan,nan
usps,topk_softmax_0125,2,5,0.512812077999115,0.8806584362139918,0.8634328822137013,0.40944040318330127,0.13846154510974884,2.1871585647265115,nan,nan
usps,topk_softmax_0125,2,6,0.39172372221946716,0.8834019204389575,0.8673036910082021,0.36952807009220123,0.13846154510974884,2.187924007574717,nan,nan
usps,topk_softmax_0125,2,7,0.3435479998588562,0.8936899862825789,0.8753698064053708,0.3226014922062556,0.13846154510974884,2.188524146874746,nan,nan
usps,topk_softmax_0125,2,8,0.2754170596599579,0.9224965706447188,0.9122542455775122,0.2407733475168546,0.13846154510974884,2.1884424090385437,nan,nan
usps,topk_softmax_0125,2,9,0.2516856789588928,0.9314128943758574,0.9241932530580911,0.20329762746890387,0.13846154510974884,2.18742428223292,nan,nan
usps,topk_softmax_0125,2,10,0.21620027720928192,0.934156378600823,0.9272442742680193,0.18817010273536047,0.13846154510974884,2.1841631531715393,nan,nan
usps,topk_softmax_0125,2,11,0.18149800598621368,0.9478737997256516,0.9407980610402282,0.16988036036491394,0.13846154510974884,2.184717059135437,nan,nan
usps,topk_softmax_0125,2,12,0.16346554458141327,0.9417009602194787,0.9353185542136151,0.19801262269417444,0.13846154510974884,2.1843380530675254,nan,nan
usps,topk_softmax_0125,2,13,0.1613798439502716,0.9444444444444444,0.9405718842653599,0.17292229582866034,0.13846154510974884,2.1835138400395713,nan,nan
usps,topk_softmax_0125,2,14,0.15704689919948578,0.9410150891632373,0.9344839471929159,0.17792256673177084,0.13846154510974884,2.181828200817108,nan,nan
usps,topk_softmax_0125,2,15,0.1396867334842682,0.9396433470507545,0.9329214358573088,0.20591656863689423,0.13846154510974884,2.1813220977783203,nan,nan
usps,topk_softmax_0125,2,16,0.1326732635498047,0.9471879286694102,0.9397534805645777,0.16720089688897133,0.13846154510974884,2.1796238819758096,nan,nan
usps,topk_softmax_0125,3,0,2.2371246814727783,0.3004115226337449,0.12207640389266591,2.055578629175822,0.13846154510974884,2.193235178788503,nan,nan
usps,topk_softmax_0125,3,1,1.8362129926681519,0.37037037037037035,0.25753453131652465,1.7567604581514995,0.13846154510974884,2.1908874114354453,nan,nan
usps,topk_softmax_0125,3,2,1.5391894578933716,0.50960219478738,0.4150885201632695,1.2568013866742451,0.13846154510974884,2.1860113541285195,nan,nan
usps,topk_softmax_0125,3,3,1.0135012865066528,0.710562414266118,0.6454486692094661,0.7860049307346344,0.13846154510974884,2.190419375896454,nan,nan
usps,topk_softmax_0125,3,4,0.7193185091018677,0.8333333333333334,0.8160820534140221,0.5534189144770304,0.13846154510974884,2.190146048863729,nan,nan
usps,topk_softmax_0125,3,5,0.5188748240470886,0.8737997256515775,0.8601195328787318,0.4239533493916194,0.13846154510974884,2.191229502360026,nan,nan
usps,topk_softmax_0125,3,6,0.4204047620296478,0.8943758573388203,0.8831464140406732,0.34325992067654926,0.13846154510974884,2.191132048765818,nan,nan
usps,topk_softmax_0125,3,7,0.3712719976902008,0.892318244170096,0.8799045416992787,0.34003173808256787,0.13846154510974884,2.188013434410095,nan,nan
usps,topk_softmax_0125,3,8,0.3124697208404541,0.8861454046639232,0.8719078727409654,0.3431720385948817,0.13846154510974884,2.1842371026674905,nan,nan
usps,topk_softmax_0125,3,9,0.3098544180393219,0.9080932784636488,0.8980187571664509,0.29308704286813736,0.13846154510974884,2.1836058100064597,nan,nan
usps,topk_softmax_0125,3,10,0.2562819719314575,0.9320987654320988,0.9244205668789947,0.2231974204381307,0.13846154510974884,2.1802199681599936,nan,nan
usps,topk_softmax_0125,3,11,0.24711516499519348,0.9430727023319616,0.9367127287462003,0.19454061488310495,0.13846154510974884,2.180716613928477,nan,nan
usps,topk_softmax_0125,3,12,0.22015205025672913,0.948559670781893,0.9421943435581472,0.1851614514986674,0.13846154510974884,2.1773662169774375,nan,nan
usps,topk_softmax_0125,3,13,0.19383607804775238,0.9547325102880658,0.9487193714104507,0.17195716500282288,0.13846154510974884,2.176224688688914,nan,nan
usps,topk_softmax_0125,3,14,0.171350359916687,0.9574759945130316,0.9522196336384321,0.15245703359444937,0.13846154510974884,2.1682226856549582,nan,nan
usps,topk_softmax_0125,3,15,0.15895046293735504,0.9588477366255144,0.953454135531499,0.14938590923945108,0.13846154510974884,2.1698750257492065,nan,nan
usps,topk_softmax_0125,3,16,0.143565371632576,0.9629629629629629,0.9580661118638402,0.13635951653122902,0.13846154510974884,2.1613954504330954,nan,nan
usps,topk_softmax_0125,3,17,0.14966753125190735,0.9622770919067215,0.9573127685242737,0.14844090988238653,0.13846154510974884,2.1662853956222534,nan,nan
usps,topk_softmax_0125,3,18,0.12281399220228195,0.9684499314128944,0.9647966723917613,0.12698693325122198,0.13846154510974884,2.162766396999359,nan,nan
usps,topk_softmax_0125,3,19,0.108293317258358,0.9643347050754458,0.9591130344402108,0.12297981729110082,0.13846154510974884,2.1543575525283813,nan,nan
usps,topk_softmax_0125,3,20,0.09915251284837723,0.9643347050754458,0.9600742741711062,0.13173584888378778,0.13846154510974884,2.1617199977238974,nan,nan
usps,topk_softmax_0125,3,21,0.0961659774184227,0.9622770919067215,0.9573513763337781,0.12740830704569817,0.13846154510974884,2.1526492834091187,nan,nan
usps,topk_softmax_0125,3,22,0.09523963183164597,0.9725651577503429,0.9694754923672114,0.1088283322751522,0.13846154510974884,2.1489657958348594,nan,nan
usps,topk_softmax_0125,3,23,0.0758986622095108,0.9684499314128944,0.9646758752021597,0.10902662699421246,0.13846154510974884,2.1528324286142984,nan,nan
usps,topk_softmax_0125,3,24,0.07060985267162323,0.9753086419753086,0.9729201944985949,0.09406145165363948,0.13846154510974884,2.1482616861661277,nan,nan
usps,topk_softmax_0125,3,25,0.0666261836886406,0.9691358024691358,0.9654219924366763,0.10037163086235523,0.13846154510974884,2.1494648456573486,nan,nan
usps,topk_softmax_0125,3,26,0.055208053439855576,0.9732510288065843,0.9703049428074687,0.08900944702327251,0.13846154510974884,2.1544390320777893,nan,nan
usps,topk_softmax_0125,3,27,0.054677776992321014,0.96639231824417,0.9627991243229597,0.1066993921995163,0.13846154510974884,2.1505270997683206,nan,nan
usps,topk_softmax_0125,3,28,0.05960162356495857,0.9718792866941015,0.9692814743345914,0.10017672181129456,0.13846154510974884,2.153613527615865,nan,nan
usps,topk_softmax_0125,3,29,0.05977659672498703,0.9670781893004116,0.9636154954330772,0.10992668817440669,0.13846154510974884,2.1453580061594644,nan,nan
usps,topk_softmax_0125,4,0,2.2224740982055664,0.3017832647462277,0.1234865716934409,1.97153506676356,0.13846154510974884,2.1968167225519815,nan,nan
usps,topk_softmax_0125,4,1,1.5599050521850586,0.6145404663923183,0.5469049186685403,1.2294638554255168,0.13846154510974884,2.194347937901815,nan,nan
usps,topk_softmax_0125,4,2,1.0495867729187012,0.7462277091906722,0.7201077120601249,0.8060481548309326,0.13846154510974884,2.1938489079475403,nan,nan
usps,topk_softmax_0125,4,3,0.7017655968666077,0.8299039780521262,0.812349619510977,0.5909166137377421,0.13846154510974884,2.192368527253469,nan,nan
usps,topk_softmax_0125,4,4,0.5608171820640564,0.8593964334705075,0.8464019185290615,0.46131140490372974,0.13846154510974884,2.193258047103882,nan,nan
usps,topk_softmax_0125,4,5,0.3964152932167053,0.8786008230452675,0.870179107717324,0.39223166306813556,0.13846154510974884,2.191150188446045,nan,nan
usps,topk_softmax_0125,4,6,0.30759382247924805,0.9218106995884774,0.9149742169798698,0.2595561221241951,0.13846154510974884,2.189402937889099,nan,nan
usps,topk_softmax_0125,4,7,0.2387186735868454,0.9355281207133059,0.9302461100197131,0.20943481226762137,0.13846154510974884,2.1847954789797464,nan,nan
usps,topk_softmax_0125,4,8,0.20259036123752594,0.943758573388203,0.9392524613227424,0.20916265497605005,0.13846154510974884,2.1779491106669107,nan,nan
usps,topk_softmax_0125,4,9,0.19099701941013336,0.9492455418381345,0.9456582469175396,0.17274703333775202,0.13846154510974884,2.172876477241516,nan,nan
usps,topk_softmax_0125,4,10,0.15930216014385223,0.9540466392318244,0.9498667910071552,0.15028041104475656,0.13846154510974884,2.164673924446106,nan,nan
usps,topk_softmax_0125,4,11,0.1433921903371811,0.9478737997256516,0.943889761138399,0.15735858182112375,0.13846154510974884,2.1471837560335794,nan,nan
usps,topk_softmax_0125,4,12,0.1294817477464676,0.9547325102880658,0.9501763822962628,0.1356427992383639,0.13846154510974884,2.1384342908859253,nan,nan
usps,topk_softmax_0125,4,13,0.10684127360582352,0.948559670781893,0.9444862688507175,0.13695714126030603,0.13846154510974884,2.131726086139679,nan,nan
usps,topk_softmax_0125,4,14,0.11832337826490402,0.9684499314128944,0.9655184939752223,0.09050542923311393,0.13846154510974884,2.122352143128713,nan,nan
usps,topk_softmax_0125,4,15,0.09963711351156235,0.9670781893004116,0.9647267555185912,0.10055679579575856,0.13846154510974884,2.1206581195195517,nan,nan
usps,topk_softmax_0125,4,16,0.08342433720827103,0.9698216735253772,0.9673521997328709,0.10140472184866667,0.13846154510974884,2.116001546382904,nan,nan
usps,topk_softmax_0125,4,17,0.07177204638719559,0.9650205761316872,0.9617666569459835,0.10861645390590031,0.13846154510974884,2.1064679423967996,nan,nan
usps,topk_softmax_0125,4,18,0.08089980483055115,0.967764060356653,0.9657462948013213,0.10696546981732051,0.13846154510974884,2.104678293069204,nan,nan
usps,topk_softmax_0125,4,19,0.08509286493062973,0.96639231824417,0.9635638854528523,0.11068387205402057,0.13846154510974884,2.0966243346532187,nan,nan
usps,topk_softmax_0125,4,20,0.08271653205156326,0.9561042524005487,0.9519985060874389,0.13857388061781725,0.13846154510974884,2.0915725231170654,nan,nan
usps,topk_softmax_0125,4,21,0.06413796544075012,0.9732510288065843,0.9719961763700274,0.08666362489263217,0.13846154510974884,2.0925610661506653,nan,nan
usps,topk_softmax_0125,4,22,0.05047858506441116,0.9705075445816187,0.968588295836736,0.09734101966023445,0.13846154510974884,2.0908872286478677,nan,nan
usps,topk_softmax_0125,4,23,0.05822025239467621,0.97599451303155,0.974423731643518,0.078754473477602,0.13846154510974884,2.0966697335243225,nan,nan
usps,topk_softmax_0125,4,24,0.051866382360458374,0.9691358024691358,0.9671316873578,0.11205336327354114,0.13846154510974884,2.088140686353048,nan,nan
usps,topk_softmax_0125,4,25,0.048891764134168625,0.9711934156378601,0.9690989807615781,0.10729742174347241,0.13846154510974884,2.0902801950772605,nan,nan
usps,topk_softmax_0125,4,26,0.04253165423870087,0.9739368998628258,0.9720520189046761,0.07945575254658858,0.13846154510974884,2.0940757393836975,nan,nan
usps,topk_softmax_0125,4,27,0.04481874033808708,0.9705075445816187,0.967117643041472,0.11464348062872887,0.13846154510974884,2.0924974282582602,nan,nan
usps,topk_softmax_0125,4,28,0.043024949729442596,0.96639231824417,0.9654538832010318,0.11071562332411607,0.13846154510974884,2.0919552048047385,nan,nan
usps,topk_softmax_0125,5,0,2.1484482288360596,0.3065843621399177,0.17334833059904337,1.9037541548411052,0.13846154510974884,2.196134845415751,nan,nan
usps,topk_softmax_0125,5,1,1.6967724561691284,0.49039780521262005,0.41941199791600664,1.415289580821991,0.13846154510974884,2.1965768734614053,nan,nan
usps,topk_softmax_0125,5,2,1.2852365970611572,0.5864197530864198,0.5258905650299789,1.1231273015340169,0.13846154510974884,2.195585230986277,nan,nan
usps,topk_softmax_0125,5,3,0.8993497490882874,0.7558299039780522,0.7173302371238052,0.7160408596197764,0.13846154510974884,2.189744234085083,nan,nan
usps,topk_softmax_0125,5,4,0.622974157333374,0.8593964334705075,0.848559563297227,0.4826345493396123,0.13846154510974884,2.189383089542389,nan,nan
usps,topk_softmax_0125,5,5,0.46573126316070557,0.8813443072702332,0.871715486759481,0.39522379636764526,0.13846154510974884,2.1899022459983826,nan,nan
usps,topk_softmax_0125,5,6,0.3669881522655487,0.9012345679012346,0.8944601990450396,0.34540772438049316,0.13846154510974884,2.1853062311808267,nan,nan
usps,topk_softmax_0125,5,7,0.31761398911476135,0.9204389574759945,0.9148881343278641,0.2760181153813998,0.13846154510974884,2.18720680475235,nan,nan
usps,topk_softmax_0125,5,8,0.2826908528804779,0.9396433470507545,0.9350890898934333,0.22392260283231735,0.13846154510974884,2.184866984685262,nan,nan
usps,topk_softmax_0125,5,9,0.23796921968460083,0.9245541838134431,0.919928785242371,0.24527138968308768,0.13846154510974884,2.1746951738993325,nan,nan
usps,topk_softmax_0125,5,10,0.2441990077495575,0.9272976680384087,0.9246989578567462,0.241974967221419,0.13846154510974884,2.1692376136779785,nan,nan
usps,topk_softmax_0125,5,11,0.22745472192764282,0.9382716049382716,0.9338808039368376,0.20783370733261108,0.13846154510974884,2.1622417171796164,nan,nan
usps,topk_softmax_0125,5,12,0.20422904193401337,0.9396433470507545,0.9353646439275526,0.19228176400065422,0.13846154510974884,2.1554073492685952,nan,nan
usps,topk_softmax_0125,5,13,0.18539175391197205,0.9492455418381345,0.9465161895292258,0.17275118455290794,0.13846154510974884,2.14516552289327,nan,nan
usps,topk_softmax_0125,5,14,0.16732361912727356,0.9307270233196159,0.9279460952816944,0.2084561362862587,0.13846154510974884,2.1392655769983926,nan,nan
usps,topk_softmax_0125,5,15,0.17766420543193817,0.9224965706447188,0.9175008260279821,0.26791614294052124,0.13846154510974884,2.1410402258237204,nan,nan
usps,topk_softmax_0125,5,16,0.16635648906230927,0.9506172839506173,0.9473409827710322,0.1649987796942393,0.13846154510974884,2.138120412826538,nan,nan
usps,topk_softmax_0125,5,17,0.13476115465164185,0.9540466392318244,0.9514364702709577,0.16283473993341127,0.13846154510974884,2.1349746783574424,nan,nan
usps,topk_softmax_0125,5,18,0.12763570249080658,0.958161865569273,0.9550168621328421,0.1393660195171833,0.13846154510974884,2.129925310611725,nan,nan
usps,topk_softmax_0125,5,19,0.11365488171577454,0.9602194787379973,0.9572478626099541,0.1426096906264623,0.13846154510974884,2.1294641296068826,nan,nan
usps,topk_softmax_0125,5,20,0.11299773305654526,0.9588477366255144,0.9562790052394423,0.15038073062896729,0.13846154510974884,2.1253905495007834,nan,nan
usps,topk_softmax_0125,5,21,0.10747388005256653,0.9636488340192044,0.9609241343015679,0.1360018141567707,0.13846154510974884,2.124214768409729,nan,nan
usps,topk_softmax_0125,5,22,0.09041475504636765,0.9670781893004116,0.9645543105549821,0.12597555294632912,0.13846154510974884,2.1225849191347756,nan,nan
usps,topk_softmax_0125,5,23,0.10381877422332764,0.9602194787379973,0.9579581381404634,0.13661918540795645,0.13846154510974884,2.1188461979230246,nan,nan
usps,topk_softmax_0125,5,24,0.07961400598287582,0.9574759945130316,0.9543458271063697,0.14115118980407715,0.13846154510974884,2.110675791899363,nan,nan
usps,topk_softmax_0125,5,25,0.07138983905315399,0.967764060356653,0.9649982633690085,0.12384786705176036,0.13846154510974884,2.1096420884132385,nan,nan
usps,topk_softmax_0125,5,26,0.07395483553409576,0.9622770919067215,0.9596264278249345,0.12278686836361885,0.13846154510974884,2.113334357738495,nan,nan
usps,topk_softmax_0125,5,27,0.08078441023826599,0.9609053497942387,0.9586008708442677,0.1430464324851831,0.13846154510974884,2.108249386151632,nan,nan
usps,topk_softmax_0125,5,28,0.0696188285946846,0.9725651577503429,0.9703225423940294,0.10615036450326443,0.13846154510974884,2.102936347325643,nan,nan
usps,topk_softmax_0125,5,29,0.07336174696683884,0.9691358024691358,0.966750854231328,0.13389192273219427,0.13846154510974884,2.0968273878097534,nan,nan
usps,topk_softmax_0125,6,0,2.1915109157562256,0.35390946502057613,0.17724081805931877,1.864300787448883,0.13846154510974884,2.1964739163716636,nan,nan
usps,topk_softmax_0125,6,1,1.616341471672058,0.5425240054869684,0.4237740961445656,1.220280369122823,0.13846154510974884,2.19564151763916,nan,nan
usps,topk_softmax_0125,6,2,1.1212724447250366,0.7379972565157751,0.6750211293444603,0.8165770173072815,0.13846154510974884,2.1940763791402182,nan,nan
usps,topk_softmax_0125,6,3,0.7103555202484131,0.8374485596707819,0.8051277923358826,0.5173765371243159,0.13846154510974884,2.1936033964157104,nan,nan
usps,topk_softmax_0125,6,4,0.4721730649471283,0.892318244170096,0.8749832213694748,0.3569093495607376,0.13846154510974884,2.193455159664154,nan,nan
usps,topk_softmax_0125,6,5,0.3708156943321228,0.911522633744856,0.8957002588922268,0.2912266105413437,0.13846154510974884,2.193368077278137,nan,nan
usps,topk_softmax_0125,6,6,0.2890906035900116,0.9156378600823045,0.9022135756246341,0.26866528391838074,0.13846154510974884,2.1931584080060325,nan,nan
usps,topk_softmax_0125,6,7,0.27356332540512085,0.9197530864197531,0.9066253571421832,0.25383543968200684,0.13846154510974884,2.1931198040644326,nan,nan
usps,topk_softmax_0125,6,8,0.2337348461151123,0.9362139917695473,0.9263169047076903,0.2216459314028422,0.13846154510974884,2.192053655783335,nan,nan
usps,topk_softmax_0125,6,9,0.22104822099208832,0.9320987654320988,0.9221553437727525,0.22213466465473175,0.13846154510974884,2.1906113425890603,nan,nan
usps,topk_softmax_0125,6,10,0.1873520314693451,0.948559670781893,0.9420732525730671,0.18133828540643057,0.13846154510974884,2.188257873058319,nan,nan
usps,topk_softmax_0125,6,11,0.17097513377666473,0.9417009602194787,0.9328340507814776,0.18410361806551614,0.13846154510974884,2.186330477396647,nan,nan
usps,topk_softmax_0125,6,12,0.16917990148067474,0.9519890260631001,0.9447697109155502,0.16616411755482355,0.13846154510974884,2.182788590590159,nan,nan
usps,topk_softmax_0125,6,13,0.17492087185382843,0.9451303155006858,0.9362653629128485,0.17388929923375449,0.13846154510974884,2.179360806941986,nan,nan
usps,topk_softmax_0125,6,14,0.1753053516149521,0.943758573388203,0.9351069593256092,0.19111407548189163,0.13846154510974884,2.176095465819041,nan,nan
usps,topk_softmax_0125,6,15,0.13566626608371735,0.9519890260631001,0.9448399605377011,0.1557054966688156,0.13846154510974884,2.1715731223424277,nan,nan
usps,topk_softmax_0125,6,16,0.14329056441783905,0.953360768175583,0.9479708341440954,0.1626941313346227,0.13846154510974884,2.165840725104014,nan,nan
usps,topk_softmax_0125,6,17,0.12602730095386505,0.9526748971193416,0.9455672116327671,0.1624353937804699,0.13846154510974884,2.161455750465393,nan,nan
usps,topk_softmax_0125,6,18,0.11260996758937836,0.9595336076817559,0.9536720131388933,0.13544380416472754,0.13846154510974884,2.1541987458864846,nan,nan
usps,topk_softmax_0125,6,19,0.10251571983098984,0.9615912208504801,0.9570734530874873,0.1360593264301618,0.13846154510974884,2.1471404830614724,nan,nan
usps,topk_softmax_0125,6,20,0.09380339831113815,0.9643347050754458,0.9594872702920563,0.12091760089000066,0.13846154510974884,2.141160468260447,nan,nan
usps,topk_softmax_0125,6,21,0.08434225618839264,0.9643347050754458,0.958474887058569,0.12915974234541258,0.13846154510974884,2.139273742834727,nan,nan
usps,topk_softmax_0125,6,22,0.07820285111665726,0.9650205761316872,0.9617609000073906,0.13420356810092926,0.13846154510974884,2.136152923107147,nan,nan
usps,topk_softmax_0125,6,23,0.07778322696685791,0.9698216735253772,0.9648082938040847,0.11651714084049065,0.13846154510974884,2.1312589248021445,nan,nan
usps,topk_softmax_0125,6,24,0.06492821872234344,0.9622770919067215,0.9565965590678103,0.1252342810233434,0.13846154510974884,2.123060862223307,nan,nan
usps,topk_softmax_0125,6,25,0.06419104337692261,0.9636488340192044,0.9591963752225441,0.12795144319534302,0.13846154510974884,2.1203270157178244,nan,nan
usps,topk_softmax_0125,6,26,0.06398174911737442,0.9636488340192044,0.9597891219492535,0.13457186768452326,0.13846154510974884,2.120037237803141,nan,nan
usps,topk_softmax_0125,6,27,0.0605117604136467,0.967764060356653,0.9623656660954639,0.12321123046179612,0.13846154510974884,2.113211909929911,nan,nan
usps,topk_softmax_0125,6,28,0.06447745859622955,0.9636488340192044,0.9580155473667187,0.12350184594591458,0.13846154510974884,2.109958310921987,nan,nan
usps,topk_softmax_0125,7,0,2.1972360610961914,0.289437585733882,0.11753538487948986,1.8986740112304688,0.13846154510974884,2.1871698101361594,nan,nan
usps,topk_softmax_0125,7,1,1.5947967767715454,0.546639231824417,0.4246203054814105,1.289843241373698,0.13846154510974884,2.179541806379954,nan,nan
usps,topk_softmax_0125,7,2,1.0788679122924805,0.7229080932784636,0.6776952271017628,0.8539307514826456,0.13846154510974884,2.181148648262024,nan,nan
usps,topk_softmax_0125,7,3,0.7427314519882202,0.7887517146776406,0.7586464308046036,0.6607182125250498,0.13846154510974884,2.1712043484052024,nan,nan
usps,topk_softmax_0125,7,4,0.5553953647613525,0.8641975308641975,0.852254918521514,0.46738365292549133,0.13846154510974884,2.1836418906847634,nan,nan
usps,topk_softmax_0125,7,5,0.40011733770370483,0.8669410150891632,0.8558717153030274,0.45255746444066364,0.13846154510974884,2.1867830952008567,nan,nan
usps,topk_softmax_0125,7,6,0.34833166003227234,0.8916323731138546,0.8819019277930249,0.3387015759944916,0.13846154510974884,2.184401353200277,nan,nan
usps,topk_softmax_0125,7,7,0.30696478486061096,0.9080932784636488,0.8998378279722324,0.29712851842244464,0.13846154510974884,2.1861691077550254,nan,nan
usps,topk_softmax_0125,7,8,0.2730388045310974,0.8964334705075446,0.8845718365364711,0.3372899790604909,0.13846154510974884,2.186664621035258,nan,nan
usps,topk_softmax_0125,7,9,0.25317737460136414,0.9170096021947873,0.9083381333162628,0.26333820323149365,0.13846154510974884,2.1839503844579062,nan,nan
usps,topk_softmax_0125,7,10,0.24255771934986115,0.9286694101508917,0.9232303344048349,0.21989103903373083,0.13846154510974884,2.1811273097991943,nan,nan
usps,topk_softmax_0125,7,11,0.20044229924678802,0.9238683127572016,0.9175540237963631,0.2368813082575798,0.13846154510974884,2.1809481581052146,nan,nan
usps,topk_softmax_0125,7,12,0.20686504244804382,0.9197530864197531,0.911095089860809,0.2677082692583402,0.13846154510974884,2.1835068662961326,nan,nan
usps,topk_softmax_0125,7,13,0.1813499629497528,0.9307270233196159,0.9244557268772853,0.22185867031415304,0.13846154510974884,2.176946143309275,nan,nan
usps,topk_softmax_0125,7,14,0.1702735424041748,0.9348422496570644,0.9289349103562342,0.1966185892621676,0.13846154510974884,2.1763773361841836,nan,nan
usps,topk_softmax_0125,7,15,0.16109897196292877,0.9417009602194787,0.9365262888654422,0.19722591092189154,0.13846154510974884,2.1809787352879844,nan,nan
usps,topk_softmax_0125,7,16,0.13663214445114136,0.9492455418381345,0.9436239661792657,0.17454651494820914,0.13846154510974884,2.1811768611272178,nan,nan
usps,topk_softmax_0125,7,17,0.1193845272064209,0.9423868312757202,0.9373148705763444,0.17813624938329062,0.13846154510974884,2.179375112056732,nan,nan
usps,topk_softmax_0125,7,18,0.11316245794296265,0.948559670781893,0.9434928940896642,0.15727186823884645,0.13846154510974884,2.1723594268163047,nan,nan
usps,topk_softmax_0125,7,19,0.10831568390130997,0.9465020576131687,0.9407548498240482,0.17488171408573785,0.13846154510974884,2.167221426963806,nan,nan
usps,topk_softmax_0125,7,20,0.1284104734659195,0.9540466392318244,0.9502424764173091,0.16208540151516596,0.13846154510974884,2.1657967964808145,nan,nan
usps,topk_softmax_0125,7,21,0.10399161279201508,0.9307270233196159,0.9237896475290667,0.20472315202156702,0.13846154510974884,2.1558443903923035,nan,nan
usps,topk_softmax_0125,7,22,0.10246816277503967,0.9540466392318244,0.9494061391654716,0.1420021541416645,0.13846154510974884,2.1557640433311462,nan,nan
usps,topk_softmax_0125,7,23,0.09109093248844147,0.9519890260631001,0.9470020770108881,0.15586675827701887,0.13846154510974884,2.1608014702796936,nan,nan
usps,topk_softmax_0125,7,24,0.07699660956859589,0.9547325102880658,0.9500356657956732,0.13277535885572433,0.13846154510974884,2.157224118709564,nan,nan
usps,topk_softmax_0125,7,25,0.07900838553905487,0.9471879286694102,0.9418517731745997,0.16811089466015497,0.13846154510974884,2.155180195967356,nan,nan
usps,topk_softmax_0125,7,26,0.07457362860441208,0.9444444444444444,0.9378186812041474,0.19648993760347366,0.13846154510974884,2.1481761932373047,nan,nan
usps,topk_softmax_0125,7,27,0.06387428939342499,0.9519890260631001,0.9462244025685009,0.15691842759648958,0.13846154510974884,2.1518517335255942,nan,nan
usps,topk_softmax_0125,7,28,0.07681199163198471,0.948559670781893,0.943789353997951,0.18258756150801977,0.13846154510974884,2.1478843092918396,nan,nan
usps,topk_softmax_0125,7,29,0.05772574245929718,0.9547325102880658,0.9505841698975376,0.1456259861588478,0.13846154510974884,2.143290360768636,nan,nan
usps,topk_softmax_0125,8,0,2.246882677078247,0.3340192043895748,0.18522313788941314,2.0532325506210327,0.13846154510974884,2.1792005697886148,nan,nan
usps,topk_softmax_0125,8,1,1.7187601327896118,0.5246913580246914,0.4203196540004416,1.3163347641626995,0.13846154510974884,2.177055060863495,nan,nan
usps,topk_softmax_0125,8,2,1.1151773929595947,0.7393689986282579,0.6843211969291503,0.84044149518013,0.13846154510974884,2.167317966620127,nan,nan
usps,topk_softmax_0125,8,3,0.77956223487854,0.8182441700960219,0.790432468442972,0.6010956962903341,0.13846154510974884,2.161656657854716,nan,nan
usps,topk_softmax_0125,8,4,0.5706772804260254,0.8532235939643347,0.835609590488005,0.4603511343399684,0.13846154510974884,2.170400559902191,nan,nan
usps,topk_softmax_0125,8,5,0.445592999458313,0.8813443072702332,0.8670076010707156,0.391293262441953,0.13846154510974884,2.1670631766319275,nan,nan
usps,topk_softmax_0125,8,6,0.3742336332798004,0.8991769547325102,0.8873066473071047,0.33001669744650525,0.13846154510974884,2.1544196208318076,nan,nan
usps,topk_softmax_0125,8,7,0.37187936902046204,0.9046639231824417,0.8921438301668967,0.3150019496679306,0.13846154510974884,2.151739021142324,nan,nan
usps,topk_softmax_0125,8,8,0.31184911727905273,0.9053497942386831,0.8939099102706946,0.30756890773773193,0.13846154510974884,2.1566578348477683,nan,nan
usps,topk_softmax_0125,8,9,0.28779205679893494,0.911522633744856,0.9009476917321189,0.2751314292351405,0.13846154510974884,2.1566911737124124,nan,nan
usps,topk_softmax_0125,8,10,0.2547474801540375,0.9314128943758574,0.9237786183801472,0.21897446612517038,0.13846154510974884,2.1535926262537637,nan,nan
usps,topk_softmax_0125,8,11,0.23087000846862793,0.9307270233196159,0.9230505434077821,0.23000053813060126,0.13846154510974884,2.1531467040379844,nan,nan
usps,topk_softmax_0125,8,12,0.23544283211231232,0.9300411522633745,0.9222342826661164,0.23744763682285944,0.13846154510974884,2.146908223628998,nan,nan
usps,topk_softmax_0125,8,13,0.19483686983585358,0.9396433470507545,0.932413862878497,0.2084136207898458,0.13846154510974884,2.1346592903137207,nan,nan
usps,topk_softmax_0125,8,14,0.1730291247367859,0.934156378600823,0.9263921386907688,0.2240600511431694,0.13846154510974884,2.1288843154907227,nan,nan
usps,topk_softmax_0125,8,15,0.17179106175899506,0.9410150891632373,0.9342885132881138,0.1912065992752711,0.13846154510974884,2.1165857315063477,nan,nan
usps,topk_softmax_0125,8,16,0.15116223692893982,0.9471879286694102,0.9425070731666534,0.18466633185744286,0.13846154510974884,2.10620786746343,nan,nan
usps,topk_softmax_0125,8,17,0.13963010907173157,0.9519890260631001,0.9483101989262721,0.16507676367958388,0.13846154510974884,2.1194315552711487,nan,nan
usps,topk_softmax_0125,8,18,0.13472753763198853,0.9567901234567902,0.9522784995358405,0.15208840370178223,0.13846154510974884,2.1115142901738486,nan,nan
usps,topk_softmax_0125,8,19,0.11320839077234268,0.9615912208504801,0.9575497151662068,0.13490639502803484,0.13846154510974884,2.1133509079615274,nan,nan
usps,topk_softmax_0125,8,20,0.10817733407020569,0.9602194787379973,0.9555151297886244,0.15160675471027693,0.13846154510974884,2.1058274110158286,nan,nan
usps,topk_softmax_0125,8,21,0.10589664429426193,0.9526748971193416,0.9471515676780367,0.16103850801785788,0.13846154510974884,2.0825194319089255,nan,nan
usps,topk_softmax_0125,8,22,0.10009826719760895,0.9602194787379973,0.9568076691190891,0.12769436339537302,0.13846154510974884,2.092203140258789,nan,nan
usps,topk_softmax_0125,8,23,0.10359765589237213,0.9526748971193416,0.9473025542095765,0.14237531026204428,0.13846154510974884,2.0891815622647605,nan,nan
usps,topk_softmax_0125,8,24,0.09468965977430344,0.9574759945130316,0.9509140347742344,0.1402605101466179,0.13846154510974884,2.0838428139686584,nan,nan
usps,topk_softmax_0125,9,0,2.1880598068237305,0.2956104252400549,0.14941044213218432,1.9271215399106343,0.13846154510974884,2.1841748356819153,nan,nan
usps,topk_softmax_0125,9,1,1.6342263221740723,0.47462277091906724,0.35071081114338243,1.33233376344045,0.13846154510974884,2.178089201450348,nan,nan
usps,topk_softmax_0125,9,2,1.1380301713943481,0.6673525377229081,0.5882092993049717,0.9560516973336538,0.13846154510974884,2.1864898204803467,nan,nan
usps,topk_softmax_0125,9,3,0.8187776803970337,0.7235939643347051,0.6972549275336583,0.7896440923213959,0.13846154510974884,2.1875511407852173,nan,nan
usps,topk_softmax_0125,9,4,0.5921006202697754,0.8470507544581619,0.8247948411801833,0.4699494540691376,0.13846154510974884,2.186848441759745,nan,nan
usps,topk_softmax_0125,9,5,0.46260154247283936,0.8936899862825789,0.8832070336554741,0.35990146299203235,0.13846154510974884,2.190637548764547,nan,nan
usps,topk_softmax_0125,9,6,0.3725060224533081,0.906721536351166,0.8966410894749547,0.30747468769550323,0.13846154510974884,2.19076277812322,nan,nan
usps,topk_softmax_0125,9,7,0.2947176992893219,0.9204389574759945,0.9118158007004246,0.26696215321620304,0.13846154510974884,2.191216746966044,nan,nan
usps,topk_softmax_0125,9,8,0.26575425267219543,0.921124828532236,0.9138488037434092,0.24600477268298468,0.13846154510974884,2.1888364354769387,nan,nan
usps,topk_softmax_0125,9,9,0.24483506381511688,0.9334705075445816,0.9264305265833634,0.21152701725562414,0.13846154510974884,2.186289370059967,nan,nan
usps,topk_softmax_0125,9,10,0.22216278314590454,0.9286694101508917,0.921151909175834,0.2181063691775004,0.13846154510974884,2.1856566667556763,nan,nan
usps,topk_softmax_0125,9,11,0.1901978701353073,0.943758573388203,0.9377747266230315,0.17876351376374564,0.13846154510974884,2.180652658144633,nan,nan
usps,topk_softmax_0125,9,12,0.17518743872642517,0.943758573388203,0.9365652186385021,0.1717868149280548,0.13846154510974884,2.176608602205912,nan,nan
usps,topk_softmax_0125,9,13,0.16304422914981842,0.9547325102880658,0.9506121352329435,0.16985933234294256,0.13846154510974884,2.1703022122383118,nan,nan
usps,topk_softmax_0125,9,14,0.16015583276748657,0.9389574759945131,0.9323809606688483,0.17951833953460059,0.13846154510974884,2.169723411401113,nan,nan
usps,topk_softmax_0125,9,15,0.14377805590629578,0.953360768175583,0.9499317598258505,0.1530528962612152,0.13846154510974884,2.1591076254844666,nan,nan
usps,topk_softmax_0125,9,16,0.13909515738487244,0.9622770919067215,0.9585291673219866,0.13727256779869398,0.13846154510974884,2.1534348130226135,nan,nan
usps,topk_softmax_0125,9,17,0.1344928741455078,0.9410150891632373,0.9366148624289196,0.1913170317808787,0.13846154510974884,2.1456626653671265,nan,nan
usps,topk_softmax_0125,9,18,0.11712420731782913,0.9629629629629629,0.9584551867534218,0.1344704031944275,0.13846154510974884,2.1410402258237204,nan,nan
usps,topk_softmax_0125,9,19,0.10104150325059891,0.9595336076817559,0.9540744355802655,0.1362793818116188,0.13846154510974884,2.1381136377652488,nan,nan
usps,topk_softmax_0125,9,20,0.09679108113050461,0.9561042524005487,0.9506967349285228,0.14666034653782845,0.13846154510974884,2.133715291817983,nan,nan
usps,topk_softmax_0125,9,21,0.10753792524337769,0.9615912208504801,0.9576897540901742,0.12610248724619547,0.13846154510974884,2.1244386434555054,nan,nan
usps,topk_softmax_0125,9,22,0.07369785755872726,0.9670781893004116,0.9638979988315393,0.11306232959032059,0.13846154510974884,2.1228832006454468,nan,nan
usps,topk_softmax_0125,9,23,0.0707474946975708,0.9636488340192044,0.9595430942791422,0.12878415112694105,0.13846154510974884,2.125735878944397,nan,nan
usps,topk_softmax_0125,9,24,0.06798738241195679,0.9629629629629629,0.9589357089397502,0.12461370602250099,0.13846154510974884,2.1240569750467935,nan,nan
usps,topk_softmax_0125,9,25,0.06260610371828079,0.9451303155006858,0.9369741950162414,0.17991355061531067,0.13846154510974884,2.1261958877245584,nan,nan
usps,topk_softmax_0125,9,26,0.06553055346012115,0.9657064471879286,0.9620915256829441,0.11405751978357632,0.13846154510974884,2.1269962390263877,nan,nan
usps,topk_softmax_0125,9,27,0.06185968220233917,0.9684499314128944,0.9650458073579316,0.12099830309549968,0.13846154510974884,2.1224985122680664,nan,nan
usps,topk_softmax_0125,9,28,0.057133644819259644,0.9657064471879286,0.9624252640538806,0.10696292792757352,0.13846154510974884,2.120057006676992,nan,nan
usps,topk_softmax_0125,9,29,0.05236150324344635,0.9615912208504801,0.9577530530153602,0.1543071282406648,0.13846154510974884,2.1135674317677817,nan,nan
usps,topk_softmax_025,0,0,2.127953052520752,0.3299039780521262,0.1610412353458808,1.8440067172050476,0.26153847575187683,2.8305890957514444,nan,nan
usps,topk_softmax_025,0,1,1.7203295230865479,0.4396433470507545,0.3111416839208351,1.533424973487854,0.26153847575187683,2.8310287594795227,nan,nan
usps,topk_softmax_025,0,2,1.3054449558258057,0.5891632373113854,0.5084887201462458,1.1014635860919952,0.26153847575187683,2.83051073551178,nan,nan
usps,topk_softmax_025,0,3,0.9394552111625671,0.6893004115226338,0.6368159998288263,0.8944046795368195,0.26153847575187683,2.8293293118476868,nan,nan
usps,topk_softmax_025,0,4,0.7167251706123352,0.7908093278463649,0.7618788837404471,0.5918182531992594,0.26153847575187683,2.827656348546346,nan,nan
usps,topk_softmax_025,0,5,0.614950954914093,0.8449931412894376,0.8285996215561278,0.5183758636315664,0.26153847575187683,2.827969511349996,nan,nan
usps,topk_softmax_025,0,6,0.5351558327674866,0.8724279835390947,0.8589512280631204,0.42218202352523804,0.26153847575187683,2.8261565963427224,nan,nan
usps,topk_softmax_025,0,7,0.43611669540405273,0.8902606310013718,0.8805567375402884,0.36060502628485364,0.26153847575187683,2.8262569506963096,nan,nan
usps,topk_softmax_025,0,8,0.3790413439273834,0.8847736625514403,0.8701969539240235,0.3386252721150716,0.26153847575187683,2.8249030113220215,nan,nan
usps,topk_softmax_025,0,9,0.33319202065467834,0.9142661179698217,0.9052227940167569,0.2912389636039734,0.26153847575187683,2.8242469827334085,nan,nan
usps,topk_softmax_025,0,10,0.2770783305168152,0.9245541838134431,0.9159884058580745,0.24956554919481277,0.26153847575187683,2.8224236965179443,nan,nan
usps,topk_softmax_025,0,11,0.27757543325424194,0.8957475994513031,0.8793834924501216,0.32181204358736676,0.26153847575187683,2.821161150932312,nan,nan
usps,topk_softmax_025,0,12,0.23069030046463013,0.934156378600823,0.9268394107699851,0.21501643459002176,0.26153847575187683,2.8204469879468284,nan,nan
usps,topk_softmax_025,0,13,0.21334943175315857,0.9300411522633745,0.9250973114010961,0.23398745308319727,0.26153847575187683,2.818193276723226,nan,nan
usps,topk_softmax_025,0,14,0.20148587226867676,0.9430727023319616,0.9390118574107713,0.18362186973293623,0.26153847575187683,2.8149696588516235,nan,nan
usps,topk_softmax_025,0,15,0.17207781970500946,0.9451303155006858,0.9406195897447398,0.18574360882242522,0.26153847575187683,2.8093106547991433,nan,nan
usps,topk_softmax_025,0,16,0.1505478024482727,0.9554183813443072,0.9518410042332384,0.14789594523608685,0.26153847575187683,2.80870529015859,nan,nan
usps,topk_softmax_025,0,17,0.14716437458992004,0.9567901234567902,0.9538249838542228,0.1487759854644537,0.26153847575187683,2.8043111165364585,nan,nan
usps,topk_softmax_025,0,18,0.14615046977996826,0.9492455418381345,0.9452961827447638,0.16581436867515245,0.26153847575187683,2.8033420642217,nan,nan
usps,topk_softmax_025,0,19,0.14302657544612885,0.958161865569273,0.9553212168178001,0.14915410863856474,0.26153847575187683,2.799410084883372,nan,nan
usps,topk_softmax_025,0,20,0.11711763590574265,0.9615912208504801,0.9585515990453913,0.13771963802476725,0.26153847575187683,2.7933541536331177,nan,nan
usps,topk_softmax_025,0,21,0.11597044765949249,0.953360768175583,0.9498893669964408,0.14930393298467,0.26153847575187683,2.7750036120414734,nan,nan
usps,topk_softmax_025,0,22,0.12623777985572815,0.9595336076817559,0.9567925115484357,0.14406898121039072,0.26153847575187683,2.770658870538076,nan,nan
usps,topk_softmax_025,0,23,0.10372105240821838,0.9602194787379973,0.9571926805190077,0.1381042723854383,0.26153847575187683,2.773929178714752,nan,nan
usps,topk_softmax_025,0,24,0.09489772468805313,0.9636488340192044,0.9609901759590797,0.13440421471993128,0.26153847575187683,2.773203214009603,nan,nan
usps,topk_softmax_025,0,25,0.0870516449213028,0.9636488340192044,0.9615361546927147,0.12051415319244067,0.26153847575187683,2.7782607475916543,nan,nan
usps,topk_softmax_025,0,26,0.08368811756372452,0.96639231824417,0.9644643529035004,0.11898743423322837,0.26153847575187683,2.780665338039398,nan,nan
usps,topk_softmax_025,0,27,0.07223886996507645,0.9629629629629629,0.9604244982392695,0.12714359226326147,0.26153847575187683,2.763279596964518,nan,nan
usps,topk_softmax_025,0,28,0.06821617484092712,0.9670781893004116,0.9648499776351471,0.11288758864005406,0.26153847575187683,2.765661080678304,nan,nan
usps,topk_softmax_025,0,29,0.06396007537841797,0.9650205761316872,0.9617909834667726,0.11711943025390308,0.26153744508822757,2.769923667112986,nan,nan
usps,topk_softmax_025,1,0,2.2414052486419678,0.29766803840877915,0.09340744585649349,2.018296480178833,0.26153847575187683,2.830479900042216,nan,nan
usps,topk_softmax_025,1,1,1.8640992641448975,0.3669410150891632,0.20818770543066467,1.6931510368982952,0.26153847575187683,2.8232096433639526,nan,nan
usps,topk_softmax_025,1,2,1.5787276029586792,0.5137174211248285,0.41395665291797695,1.3893908262252808,0.26153847575187683,2.8154085675875344,nan,nan
usps,topk_softmax_025,1,3,1.2422699928283691,0.6529492455418381,0.5547681376407723,1.0004668533802032,0.26153847575187683,2.8236873149871826,nan,nan
usps,topk_softmax_025,1,4,0.9489582777023315,0.7414266117969822,0.6780697264581026,0.7455441157023112,0.26153847575187683,2.8235188126564026,nan,nan
usps,topk_softmax_025,1,5,0.7318742275238037,0.8305898491083676,0.8010551603434987,0.5534758567810059,0.261538028717041,2.820985198020935,nan,nan
usps,topk_softmax_025,1,6,0.5415332913398743,0.8737997256515775,0.851720920599584,0.39286292095979053,0.2615384558836619,2.8194300731023154,nan,nan
usps,topk_softmax_025,1,7,0.4349503517150879,0.8868312757201646,0.8678812674147067,0.36157824099063873,0.26153847575187683,2.8172138134638467,nan,nan
usps,topk_softmax_025,1,8,0.4051417112350464,0.9170096021947873,0.9058063416115376,0.2755432203412056,0.26153822243213654,2.816045800844828,nan,nan
usps,topk_softmax_025,1,9,0.3232104182243347,0.9224965706447188,0.9090635363689195,0.2567838331063588,0.26153824230035144,2.815885821978251,nan,nan
usps,topk_softmax_025,1,10,0.2987581193447113,0.9396433470507545,0.9308174441689914,0.21834647407134375,0.26153847575187683,2.811290919780731,nan,nan
usps,topk_softmax_025,1,11,0.25288504362106323,0.9471879286694102,0.938168179557961,0.19171866277853647,0.26153847575187683,2.810229460398356,nan,nan
usps,topk_softmax_025,1,12,0.24766752123832703,0.9465020576131687,0.9365262181051346,0.19501904025673866,0.26153847575187683,2.8075489600499473,nan,nan
usps,topk_softmax_025,1,13,0.21396435797214508,0.9451303155006858,0.9368580039152734,0.18968187272548676,0.26153835902611416,2.805302917957306,nan,nan
usps,topk_softmax_025,1,14,0.22140797972679138,0.9417009602194787,0.933450665903265,0.19631979366143545,0.2615384558836619,2.801637272040049,nan,nan
usps,topk_softmax_025,1,15,0.18980370461940765,0.9506172839506173,0.9422570081148972,0.1710972934961319,0.26153847575187683,2.803604483604431,nan,nan
usps,topk_softmax_025,1,16,0.19276881217956543,0.9492455418381345,0.943178668886925,0.1753672311703364,0.26153847575187683,2.794130822022756,nan,nan
usps,topk_softmax_025,1,17,0.17064115405082703,0.9615912208504801,0.9550703215341805,0.14708267028133074,0.26153847575187683,2.791380147139231,nan,nan
usps,topk_softmax_025,1,18,0.17467808723449707,0.9574759945130316,0.9496712019440905,0.16333923240502676,0.2615384558836619,2.7966474890708923,nan,nan
usps,topk_softmax_025,1,19,0.14724771678447723,0.9547325102880658,0.9479655984721612,0.15341570352514586,0.2615382447838783,2.7938122153282166,nan,nan
usps,topk_softmax_025,1,20,0.15412870049476624,0.9636488340192044,0.9582219989087196,0.12613602355122566,0.2615382621685664,2.7860257625579834,nan,nan
usps,topk_softmax_025,1,21,0.14033310115337372,0.9629629629629629,0.9569276851751065,0.14278499906261763,0.26153791695833206,2.787657161553701,nan,nan
usps,topk_softmax_025,1,22,0.13203279674053192,0.9650205761316872,0.9603120148045926,0.12475006654858589,0.26153697073459625,2.776664912700653,nan,nan
usps,topk_softmax_025,1,23,0.12685029208660126,0.967764060356653,0.9626382269678967,0.11445912346243858,0.261537104845047,2.783474624156952,nan,nan
usps,topk_softmax_025,1,24,0.10692580044269562,0.9657064471879286,0.9599032529709074,0.11521204188466072,0.2615378176172574,2.7898496786753335,nan,nan
usps,topk_softmax_025,1,25,0.10462173074483871,0.9705075445816187,0.9659752649576584,0.09694032371044159,0.26152723530928296,2.771683692932129,nan,nan
usps,topk_softmax_025,1,26,0.10239912569522858,0.9718792866941015,0.9677620137906071,0.09677463335295518,0.2615325003862381,2.774414042631785,nan,nan
usps,topk_softmax_025,1,27,0.1090332418680191,0.9732510288065843,0.9693027884087531,0.10466949455440044,0.26153527945280075,2.769309937953949,nan,nan
usps,topk_softmax_025,1,28,0.10051532834768295,0.9684499314128944,0.9627033444978116,0.11469076822201411,0.261536901195844,2.77265731493632,nan,nan
usps,topk_softmax_025,1,29,0.09487257152795792,0.967764060356653,0.9631623760896091,0.10861512397726376,0.261522779862086,2.764829436937968,nan,nan
usps,topk_softmax_025,2,0,2.1841514110565186,0.29766803840877915,0.13400826370212943,1.949784239133199,0.26153847575187683,2.8321826656659446,nan,nan
usps,topk_softmax_025,2,1,1.8587346076965332,0.3497942386831276,0.19295709350237444,1.6877871950467427,0.26153847575187683,2.8320539196332297,nan,nan
usps,topk_softmax_025,2,2,1.59432852268219,0.4739368998628258,0.3727248694533699,1.3870798746744792,0.26153847575187683,2.8300939997037253,nan,nan
usps,topk_softmax_025,2,3,1.1523891687393188,0.6755829903978052,0.5995454116617877,0.8908624152342478,0.26153847575187683,2.8235745231310525,nan,nan
usps,topk_softmax_025,2,4,0.7813079953193665,0.7860082304526749,0.736685386873425,0.633490264415741,0.26153847575187683,2.8222461938858032,nan,nan
usps,topk_softmax_025,2,5,0.6199554204940796,0.8395061728395061,0.8022010803174743,0.4996530165274938,0.26153847575187683,2.8206860224405923,nan,nan
usps,topk_softmax_025,2,6,0.4984159469604492,0.8635116598079561,0.8433309561983041,0.44079331556955975,0.26153847575187683,2.8197669784228006,nan,nan
usps,topk_softmax_025,2,7,0.5046534538269043,0.823045267489712,0.8038020177236627,0.5160117993752161,0.26153847575187683,2.817011038462321,nan,nan
usps,topk_softmax_025,2,8,0.4324551522731781,0.8936899862825789,0.875885901298871,0.3338230699300766,0.26153847575187683,2.8163182934125266,nan,nan
usps,topk_softmax_025,2,9,0.3591545522212982,0.879286694101509,0.8539129025500811,0.35408400495847064,0.26153847575187683,2.814016342163086,nan,nan
usps,topk_softmax_025,2,10,0.3198782801628113,0.9170096021947873,0.9066884777040572,0.253596859673659,0.26153847575187683,2.8100139697392783,nan,nan
usps,topk_softmax_025,2,11,0.265229195356369,0.9204389574759945,0.9075509527764964,0.24569418281316757,0.26153847575187683,2.809085031350454,nan,nan
usps,topk_softmax_025,2,12,0.24056291580200195,0.9293552812071331,0.9196296848933547,0.20717360079288483,0.26153847575187683,2.8068734208742776,nan,nan
usps,topk_softmax_025,2,13,0.20714306831359863,0.9368998628257887,0.9303786159835236,0.19115298986434937,0.26153847575187683,2.804762601852417,nan,nan
usps,topk_softmax_025,2,14,0.18978959321975708,0.9396433470507545,0.9317324763766509,0.1933017075061798,0.26153847575187683,2.798496186733246,nan,nan
usps,topk_softmax_025,2,15,0.17849323153495789,0.9506172839506173,0.9456505510232451,0.15412199745575586,0.26153847575187683,2.798055628935496,nan,nan
usps,topk_softmax_025,2,16,0.1467636674642563,0.9561042524005487,0.9508512200571279,0.15156524131695429,0.26153847575187683,2.7906635204950967,nan,nan
usps,topk_softmax_025,2,17,0.13568976521492004,0.948559670781893,0.9409807473498967,0.1636649134258429,0.26153847575187683,2.7883143027623496,nan,nan
usps,topk_softmax_025,2,18,0.15316292643547058,0.9595336076817559,0.9546775557956149,0.13757923990488052,0.26153847575187683,2.786228060722351,nan,nan
usps,topk_softmax_025,2,19,0.11795859038829803,0.9554183813443072,0.9481145329285781,0.13287431250015894,0.26153847575187683,2.783075968424479,nan,nan
usps,topk_softmax_025,2,20,0.10795561224222183,0.9615912208504801,0.9570438843115772,0.11382465250790119,0.26153847575187683,2.7809958855311074,nan,nan
usps,topk_softmax_025,2,21,0.10534277558326721,0.9554183813443072,0.9493031169792756,0.14563263456026712,0.26153847575187683,2.7794870734214783,nan,nan
usps,topk_softmax_025,2,22,0.09929916262626648,0.967764060356653,0.9633285278854548,0.11242272208134334,0.26153847575187683,2.7727862199147544,nan,nan
usps,topk_softmax_025,2,23,0.09390335530042648,0.9574759945130316,0.9514981298006389,0.13110409614940485,0.26153847575187683,2.7692529956499734,nan,nan
usps,topk_softmax_025,2,24,0.08628792315721512,0.967764060356653,0.9624226487774761,0.10375035305817921,0.26153847575187683,2.7682085037231445,nan,nan
usps,topk_softmax_025,2,25,0.06899508088827133,0.9705075445816187,0.9676778511827827,0.10778843363126119,0.26153847575187683,2.7638622323671975,nan,nan
usps,topk_softmax_025,2,26,0.05620209500193596,0.9732510288065843,0.969903780186609,0.08718636445701122,0.26153847575187683,2.763473391532898,nan,nan
usps,topk_softmax_025,2,27,0.06558623909950256,0.9698216735253772,0.965868088696833,0.09670601350565751,0.26153847575187683,2.7619861165682473,nan,nan
usps,topk_softmax_025,2,28,0.06107581406831741,0.9732510288065843,0.9697219553489772,0.08967041472593944,0.26153847575187683,2.7582203348477683,nan,nan
usps,topk_softmax_025,2,29,0.05756165832281113,0.9670781893004116,0.9602589362105396,0.1018705281118552,0.26153847575187683,2.754295368989309,nan,nan
usps,topk_softmax_025,3,0,2.2252321243286133,0.29012345679012347,0.10240820695797208,2.071769674619039,0.26153847575187683,2.831420381863912,nan,nan
usps,topk_softmax_025,3,1,1.8471771478652954,0.4094650205761317,0.25017197550657605,1.6502575079600017,0.26153847575187683,2.823630472024282,nan,nan
usps,topk_softmax_025,3,2,1.4363542795181274,0.6200274348422496,0.5471766500633216,1.0748584469159443,0.26153847575187683,2.8293269872665405,nan,nan
usps,topk_softmax_025,3,3,0.9929569959640503,0.7578875171467764,0.7227280302075633,0.7568461994330088,0.26153847575187683,2.829885562260946,nan,nan
usps,topk_softmax_025,3,4,0.7567068338394165,0.823045267489712,0.7999458888523767,0.5903444687525431,0.26153847575187683,2.8290108839670816,nan,nan
usps,topk_softmax_025,3,5,0.6464958190917969,0.8436213991769548,0.8281161297144584,0.5484578510125478,0.26153847575187683,2.8292527993520102,nan,nan
usps,topk_softmax_025,3,6,0.5206166505813599,0.8628257887517147,0.8484187900237868,0.44613226254781085,0.26153847575187683,2.8295849561691284,nan,nan
usps,topk_softmax_025,3,7,0.4515822231769562,0.8861454046639232,0.8719272695349558,0.357322817047437,0.26153847575187683,2.8289164702097573,nan,nan
usps,topk_softmax_025,3,8,0.38583460450172424,0.8868312757201646,0.8732633060439013,0.344196155667305,0.26153847575187683,2.8281055688858032,nan,nan
usps,topk_softmax_025,3,9,0.37027329206466675,0.8847736625514403,0.8694680899555157,0.35457706948121387,0.26153847575187683,2.8267207741737366,nan,nan
usps,topk_softmax_025,3,10,0.34495100378990173,0.906721536351166,0.8959088940922545,0.30233044922351837,0.26153847575187683,2.8240727384885154,nan,nan
usps,topk_softmax_025,3,11,0.30899906158447266,0.906721536351166,0.8973605853260909,0.28968712190787,0.26153847575187683,2.821127692858378,nan,nan
usps,topk_softmax_025,3,12,0.2945561707019806,0.9252400548696845,0.9162227781442926,0.23761708537737528,0.26153847575187683,2.8162489334742227,nan,nan
usps,topk_softmax_025,3,13,0.2727240025997162,0.9197530864197531,0.9112545267956191,0.25882188479105633,0.26153847575187683,2.8142762184143066,nan,nan
usps,topk_softmax_025,3,14,0.24636083841323853,0.9293552812071331,0.9222209071516959,0.22142082452774048,0.26153847575187683,2.8114669720331826,nan,nan
usps,topk_softmax_025,3,15,0.2173328995704651,0.9382716049382716,0.9311391260600728,0.21696210404237112,0.26153847575187683,2.8080148696899414,nan,nan
usps,topk_softmax_025,3,16,0.1965467482805252,0.9396433470507545,0.9330912510791363,0.2072665790716807,0.26153847575187683,2.808390498161316,nan,nan
usps,topk_softmax_025,3,17,0.20295517146587372,0.9423868312757202,0.9347383104613087,0.19080595672130585,0.26153847575187683,2.800983806451162,nan,nan
usps,topk_softmax_025,3,18,0.1733575165271759,0.9458161865569273,0.9407577465474753,0.17640500018994013,0.26153847575187683,2.7978116075197854,nan,nan
usps,topk_softmax_025,3,19,0.15785345435142517,0.9547325102880658,0.9494457452918981,0.15681781619787216,0.26153847575187683,2.7912087440490723,nan,nan
usps,topk_softmax_025,3,20,0.15708312392234802,0.948559670781893,0.9416384485277625,0.15667053187886873,0.26153847575187683,2.787729263305664,nan,nan
usps,topk_softmax_025,3,21,0.15450191497802734,0.9478737997256516,0.9418545433030907,0.15961550548672676,0.26153847575187683,2.7834180990854898,nan,nan
usps,topk_softmax_025,3,22,0.12785489857196808,0.9430727023319616,0.9360119650564542,0.18319886177778244,0.26153847575187683,2.7855253418286643,nan,nan
usps,topk_softmax_025,3,23,0.1329883486032486,0.9670781893004116,0.9634085164801853,0.11298537130157153,0.26153847575187683,2.775131901105245,nan,nan
usps,topk_softmax_025,3,24,0.10269675403833389,0.9670781893004116,0.9633289783769321,0.12340956429640453,0.26153847575187683,2.7797747254371643,nan,nan
usps,topk_softmax_025,3,25,0.10412417352199554,0.9574759945130316,0.9528966784333253,0.12353694563110669,0.26153847575187683,2.7677591840426126,nan,nan
usps,topk_softmax_025,3,26,0.08702243119478226,0.9567901234567902,0.9524292152557233,0.13711251070102057,0.26153847575187683,2.7641994953155518,nan,nan
usps,topk_softmax_025,3,27,0.10135461390018463,0.958161865569273,0.9535198785550527,0.13321877519289652,0.26153847575187683,2.75846133629481,nan,nan
usps,topk_softmax_025,3,28,0.09162987768650055,0.967764060356653,0.9642632078832449,0.10457830006877582,0.26153847575187683,2.764478385448456,nan,nan
usps,topk_softmax_025,3,29,0.07226516306400299,0.9670781893004116,0.9634375274552799,0.11336133008201917,0.26153847575187683,2.759149889151255,nan,nan
usps,topk_softmax_025,4,0,2.246842861175537,0.28669410150891633,0.09844210348113622,2.054453492164612,0.26153847575187683,2.826533834139506,nan,nan
usps,topk_softmax_025,4,1,1.8025490045547485,0.4499314128943759,0.33856502040355574,1.5255264639854431,0.26153847575187683,2.8309212923049927,nan,nan
usps,topk_softmax_025,4,2,1.3815302848815918,0.607681755829904,0.5467275374555775,1.1986335317293804,0.26153847575187683,2.8285295963287354,nan,nan
usps,topk_softmax_025,4,3,1.0483561754226685,0.7160493827160493,0.6799369066422059,0.8648177782694498,0.26153847575187683,2.8245102365811667,nan,nan
usps,topk_softmax_025,4,4,0.7729983925819397,0.7860082304526749,0.7456048899950463,0.6330585479736328,0.26153847575187683,2.825718939304352,nan,nan
usps,topk_softmax_025,4,5,0.5819392800331116,0.8182441700960219,0.7921582415614623,0.5657829940319061,0.26153847575187683,2.824557820955912,nan,nan
usps,topk_softmax_025,4,6,0.508464515209198,0.8244170096021948,0.7910200468869453,0.500609482328097,0.26153847575187683,2.826580067475637,nan,nan
usps,topk_softmax_025,4,7,0.4485667645931244,0.8758573388203018,0.8540637332983249,0.41310887038707733,0.26153847575187683,2.825722018877665,nan,nan
usps,topk_softmax_025,4,8,0.3921973407268524,0.8717421124828533,0.859419732218323,0.38022154569625854,0.26153847575187683,2.8254540165265403,nan,nan
usps,topk_softmax_025,4,9,0.3560574948787689,0.8964334705075446,0.8853832611836439,0.34229277074337006,0.26153847575187683,2.8267362316449485,nan,nan
usps,topk_softmax_025,4,10,0.29836538434028625,0.8998628257887518,0.8857577426605905,0.3283235977093379,0.26153847575187683,2.8247111638387046,nan,nan
usps,topk_softmax_025,4,11,0.29754525423049927,0.9149519890260631,0.9031819194742117,0.2643330544233322,0.26153847575187683,2.823111971219381,nan,nan
usps,topk_softmax_025,4,12,0.27032482624053955,0.9320987654320988,0.9228559566383755,0.22735861192146936,0.26153847575187683,2.820901930332184,nan,nan
usps,topk_softmax_025,4,13,0.23298999667167664,0.9307270233196159,0.9211993656019535,0.23484371105829874,0.26153847575187683,2.8164459268252053,nan,nan
usps,topk_softmax_025,4,14,0.20571476221084595,0.9252400548696845,0.9157336385036674,0.2449434200922648,0.26153847575187683,2.8090418775876365,nan,nan
usps,topk_softmax_025,4,15,0.21549679338932037,0.9458161865569273,0.9395222938300958,0.16565891106923422,0.26153847575187683,2.801979184150696,nan,nan
usps,topk_softmax_025,4,16,0.1798170953989029,0.9471879286694102,0.9407236075005366,0.16445119306445122,0.26153847575187683,2.7983416517575583,nan,nan
usps,topk_softmax_025,4,17,0.1669028252363205,0.9506172839506173,0.9448553967281876,0.15262649084130922,0.26153847575187683,2.7876092394193015,nan,nan
usps,topk_softmax_025,4,18,0.16249296069145203,0.9547325102880658,0.9495634824151453,0.15151368205746016,0.26153847575187683,2.7791948318481445,nan,nan
usps,topk_softmax_025,4,19,0.15287408232688904,0.9478737997256516,0.9426878975821603,0.14684187124172846,0.26153847575187683,2.7719714641571045,nan,nan
usps,topk_softmax_025,4,20,0.13060566782951355,0.9513031550068587,0.9467632410001322,0.1422211950023969,0.26153847575187683,2.7699927488962808,nan,nan
usps,topk_softmax_025,4,21,0.13515380024909973,0.9499314128943759,0.9436175240112954,0.14717632656296095,0.26153847575187683,2.7606001694997153,nan,nan
usps,topk_softmax_025,4,22,0.13438844680786133,0.9602194787379973,0.9560198054346534,0.1326337717473507,0.26153847575187683,2.756947159767151,nan,nan
usps,topk_softmax_025,4,23,0.11549665033817291,0.9444444444444444,0.9371136637509416,0.1609819233417511,0.26153847575187683,2.7510746320088706,nan,nan
usps,topk_softmax_025,4,24,0.11277648061513901,0.9519890260631001,0.9467685334973026,0.15035529931386313,0.26153847575187683,2.7543223897616067,nan,nan
usps,topk_softmax_025,4,25,0.09559087455272675,0.9657064471879286,0.9622277470187797,0.10685805728038152,0.26153847575187683,2.748705824216207,nan,nan
usps,topk_softmax_025,4,26,0.09940435737371445,0.9567901234567902,0.9523721738708281,0.1246979720890522,0.26153847575187683,2.7401240468025208,nan,nan
usps,topk_softmax_025,4,27,0.10626077651977539,0.9657064471879286,0.9620595250913458,0.11395644769072533,0.26153847575187683,2.7336568037668862,nan,nan
usps,topk_softmax_025,4,28,0.09343317151069641,0.9615912208504801,0.9576668303764905,0.1231298769513766,0.26153847575187683,2.721350530783335,nan,nan
usps,topk_softmax_025,4,29,0.07687152922153473,0.9766803840877915,0.9738754720353437,0.08285838179290295,0.26153847575187683,2.711299498875936,nan,nan
usps,topk_softmax_025,5,0,2.1107540130615234,0.3168724279835391,0.185225135053274,1.884880284468333,0.26153847575187683,2.8299275239308677,nan,nan
usps,topk_softmax_025,5,1,1.7382261753082275,0.35802469135802467,0.25330989483435845,1.7015220721562703,0.26153847575187683,2.827820877234141,nan,nan
usps,topk_softmax_025,5,2,1.5426455736160278,0.45267489711934156,0.3418316459756928,1.482527534166972,0.26153847575187683,2.825642546017965,nan,nan
usps,topk_softmax_025,5,3,1.3167920112609863,0.551440329218107,0.43225562881224333,1.131316363811493,0.26153847575187683,2.828860322634379,nan,nan
usps,topk_softmax_025,5,4,0.9763035178184509,0.6927297668038409,0.6370989419823382,0.850899467865626,0.26153847575187683,2.8293610215187073,nan,nan
usps,topk_softmax_025,5,5,0.7490581274032593,0.8175582990397805,0.7978898526257907,0.5918120841185252,0.26153847575187683,2.827029585838318,nan,nan
usps,topk_softmax_025,5,6,0.6012551188468933,0.8484224965706447,0.8340563086968785,0.5109823942184448,0.26153847575187683,2.823167085647583,nan,nan
usps,topk_softmax_025,5,7,0.5217340588569641,0.8079561042524005,0.7922136158059814,0.5700424561897913,0.26153847575187683,2.8180337150891623,nan,nan
usps,topk_softmax_025,5,8,0.4456139802932739,0.8799725651577504,0.8700425177821781,0.37042664488156635,0.26153847575187683,2.820158302783966,nan,nan
usps,topk_softmax_025,5,9,0.35553985834121704,0.8957475994513031,0.8869264064547803,0.3260740712285042,0.26153847575187683,2.819917837778727,nan,nan
usps,topk_softmax_025,5,10,0.34199389815330505,0.8868312757201646,0.8749440736720262,0.348455086350441,0.26153847575187683,2.8182074824968972,nan,nan
usps,topk_softmax_025,5,11,0.30709680914878845,0.9060356652949245,0.8990539235250218,0.29535385966300964,0.26153847575187683,2.8170559207598367,nan,nan
usps,topk_softmax_025,5,12,0.2897214889526367,0.9128943758573388,0.9048665933001467,0.2711845239003499,0.26153847575187683,2.813800017038981,nan,nan
usps,topk_softmax_025,5,13,0.23654025793075562,0.9458161865569273,0.9418832648561066,0.20262149969736734,0.26153847575187683,2.811224857966105,nan,nan
usps,topk_softmax_025,5,14,0.20775024592876434,0.9410150891632373,0.9374001705503188,0.19842106103897095,0.26153847575187683,2.8063305815060935,nan,nan
usps,topk_softmax_025,5,15,0.21425080299377441,0.9163237311385459,0.9123909776155532,0.2775674561659495,0.26153847575187683,2.79838498433431,nan,nan
usps,topk_softmax_025,5,16,0.20523113012313843,0.9471879286694102,0.944325428872973,0.19004274159669876,0.26153847575187683,2.7945085962613425,nan,nan
usps,topk_softmax_025,5,17,0.16441592574119568,0.948559670781893,0.9448639166141215,0.17240738372008005,0.26153847575187683,2.7909181912740073,nan,nan
usps,topk_softmax_025,5,18,0.1572844237089157,0.9492455418381345,0.9453516696215221,0.1717562104264895,0.26153847575187683,2.790125290552775,nan,nan
usps,topk_softmax_025,5,19,0.15830662846565247,0.9519890260631001,0.9497517657358729,0.15021273493766785,0.26153847575187683,2.787440240383148,nan,nan
usps,topk_softmax_025,5,20,0.14458979666233063,0.943758573388203,0.9391155313166705,0.17747587462266287,0.26153847575187683,2.7794230779012046,nan,nan
usps,topk_softmax_025,5,21,0.14000755548477173,0.9636488340192044,0.9611519012133283,0.13361206650733948,0.26153847575187683,2.77761040131251,nan,nan
usps,topk_softmax_025,5,22,0.11986564844846725,0.9465020576131687,0.9425494742100616,0.17690826207399368,0.26153847575187683,2.767419993877411,nan,nan
usps,topk_softmax_025,5,23,0.11456828564405441,0.9574759945130316,0.9553812291976561,0.14361799011627832,0.26153847575187683,2.767883519331614,nan,nan
usps,topk_softmax_025,5,24,0.10114730894565582,0.9615912208504801,0.9599763927950228,0.12880479296048483,0.26153847575187683,2.764181117216746,nan,nan
usps,topk_softmax_025,5,25,0.0918189138174057,0.9561042524005487,0.9544675719650979,0.14846470082799593,0.26153847575187683,2.732102711995443,nan,nan
usps,topk_softmax_025,5,26,0.09206575900316238,0.9657064471879286,0.9627038574591229,0.12271105994780858,0.26153847575187683,2.7546836932500205,nan,nan
usps,topk_softmax_025,5,27,0.0883994773030281,0.9684499314128944,0.9669650138186949,0.11528235053022702,0.26153847575187683,2.746846874554952,nan,nan
usps,topk_softmax_025,5,28,0.07332734763622284,0.9670781893004116,0.9644833531816899,0.10852937897046407,0.26153847575187683,2.7349843780199685,nan,nan
usps,topk_softmax_025,5,29,0.0711049735546112,0.9684499314128944,0.9662212309611042,0.1268257573246956,0.26153847575187683,2.7349188129107156,nan,nan
usps,topk_softmax_025,6,0,2.1804416179656982,0.3326474622770919,0.14281654196749172,1.8830861449241638,0.26153847575187683,2.8320812781651816,nan,nan
usps,topk_softmax_025,6,1,1.7419599294662476,0.4691358024691358,0.3398310075509058,1.4619155923525493,0.26153847575187683,2.831543425718943,nan,nan
usps,topk_softmax_025,6,2,1.3327797651290894,0.5850480109739369,0.5071794240363576,1.0813006659348805,0.26153847575187683,2.826740344365438,nan,nan
usps,topk_softmax_025,6,3,1.0022666454315186,0.7517146776406035,0.712512091504853,0.7635695536931356,0.26153847575187683,2.821363647778829,nan,nan
usps,topk_softmax_025,6,4,0.7297204732894897,0.831275720164609,0.8045495690322731,0.5636066794395447,0.26153847575187683,2.81625634431839,nan,nan
usps,topk_softmax_025,6,5,0.5513417720794678,0.8731138545953361,0.8480054469387849,0.42203523218631744,0.26153847575187683,2.8112171490987143,nan,nan
usps,topk_softmax_025,6,6,0.4564926326274872,0.8587105624142661,0.8398110656031669,0.4466117372115453,0.26153847575187683,2.810424784819285,nan,nan
usps,topk_softmax_025,6,7,0.377972811460495,0.8882030178326474,0.8693681414044756,0.38576869169871014,0.26153847575187683,2.809416910012563,nan,nan
usps,topk_softmax_025,6,8,0.33312761783599854,0.9163237311385459,0.90476927818481,0.2947936976949374,0.26153847575187683,2.809336801369985,nan,nan
usps,topk_softmax_025,6,9,0.2944239377975464,0.8978052126200274,0.8817890997398183,0.34873100121816,0.26153847575187683,2.808630367120107,nan,nan
usps,topk_softmax_025,6,10,0.2692570388317108,0.9197530864197531,0.9068874170840939,0.2794969578584035,0.26153847575187683,2.80681182940801,nan,nan
usps,topk_softmax_025,6,11,0.24311399459838867,0.9334705075445816,0.9232187815483861,0.2186998501420021,0.26153847575187683,2.8033364613850913,nan,nan
usps,topk_softmax_025,6,12,0.23150962591171265,0.9307270233196159,0.9205186490512192,0.22771590948104858,0.26153847575187683,2.8037897745768228,nan,nan
usps,topk_softmax_025,6,13,0.2134217768907547,0.9417009602194787,0.9326124394386228,0.20209173361460367,0.26153847575187683,2.8008405367533364,nan,nan
usps,topk_softmax_025,6,14,0.20539122819900513,0.9451303155006858,0.9345378618544746,0.1944799100359281,0.26153847575187683,2.7991261084874473,nan,nan
usps,topk_softmax_025,6,15,0.1878972351551056,0.9320987654320988,0.9206552941583576,0.2053027575214704,0.26153847575187683,2.7955631812413535,nan,nan
usps,topk_softmax_025,6,16,0.17778079211711884,0.9300411522633745,0.918622414656874,0.22515063236157098,0.26153847575187683,2.7965811093648276,nan,nan
usps,topk_softmax_025,6,17,0.1547015905380249,0.9492455418381345,0.9413751542729087,0.17299159616231918,0.26153847575187683,2.7915071845054626,nan,nan
usps,topk_softmax_025,6,18,0.12940487265586853,0.9513031550068587,0.9434336200495098,0.1669403724372387,0.26153847575187683,2.7877598802248635,nan,nan
usps,topk_softmax_025,6,19,0.14283926784992218,0.9506172839506173,0.9414204920524819,0.16119463741779327,0.26153847575187683,2.7799203395843506,nan,nan
usps,topk_softmax_025,6,20,0.1306467354297638,0.9588477366255144,0.9524114098478323,0.14917355651656786,0.26153847575187683,2.770465830961863,nan,nan
usps,topk_softmax_025,6,21,0.10684055835008621,0.9588477366255144,0.9512895804027185,0.14422483618060747,0.26153847575187683,2.755689481894175,nan,nan
usps,topk_softmax_025,6,22,0.09791705012321472,0.958161865569273,0.9508695393631941,0.14509572212894759,0.26153847575187683,2.7585553526878357,nan,nan
usps,topk_softmax_025,6,23,0.10536246746778488,0.9595336076817559,0.9517918750330056,0.14475991825262705,0.26153847575187683,2.7486315965652466,nan,nan
usps,topk_softmax_025,6,24,0.09745464473962784,0.9643347050754458,0.9595202404574508,0.12263803680737813,0.26153847575187683,2.745864828427633,nan,nan
usps,topk_softmax_025,6,25,0.08791396766901016,0.9622770919067215,0.9553398429667681,0.13275841996073723,0.26153847575187683,2.738894820213318,nan,nan
usps,topk_softmax_025,6,26,0.07608795911073685,0.9643347050754458,0.9603934936494973,0.12210279703140259,0.26153847575187683,2.7380683620770774,nan,nan
usps,topk_softmax_025,6,27,0.08634164929389954,0.9650205761316872,0.9627631942166998,0.13193907216191292,0.26153847575187683,2.7309387922286987,nan,nan
usps,topk_softmax_025,6,28,0.07102338969707489,0.9732510288065843,0.9694346618832291,0.11152770556509495,0.26153847575187683,2.7228481570879617,nan,nan
usps,topk_softmax_025,6,29,0.05980610102415085,0.9711934156378601,0.9663708007097422,0.10351563369234403,0.26153847575187683,2.7103981971740723,nan,nan
usps,topk_softmax_025,7,0,2.1603715419769287,0.31412894375857336,0.14990649086738306,1.9283048510551453,0.26153847575187683,2.828885535399119,nan,nan
usps,topk_softmax_025,7,1,1.8277333974838257,0.39780521262002744,0.27627828683663136,1.6027807195981343,0.26153847575187683,2.8289122184117637,nan,nan
usps,topk_softmax_025,7,2,1.5119001865386963,0.556241426611797,0.46320715590305317,1.197786529858907,0.26153847575187683,2.82138458887736,nan,nan
usps,topk_softmax_025,7,3,1.0578542947769165,0.7537722908093278,0.7172864642543197,0.8202422757943472,0.26153847575187683,2.818822741508484,nan,nan
usps,topk_softmax_025,7,4,0.7356052398681641,0.836076817558299,0.8168520144426049,0.5481851796309153,0.26153847575187683,2.8126505613327026,nan,nan
usps,topk_softmax_025,7,5,0.5400449633598328,0.8093278463648834,0.770666943081949,0.5535735885302225,0.26153847575187683,2.8128066460291543,nan,nan
usps,topk_softmax_025,7,6,0.46886205673217773,0.8621399176954733,0.8473797508151837,0.4393356442451477,0.26153847575187683,2.809544265270233,nan,nan
usps,topk_softmax_025,7,7,0.4187934100627899,0.8957475994513031,0.8847707147397621,0.3475576837857564,0.26153847575187683,2.8096839586893716,nan,nan
usps,topk_softmax_025,7,8,0.3480322062969208,0.9039780521262003,0.89268272706313,0.31778670350710553,0.26153847575187683,2.8075803915659585,nan,nan
usps,topk_softmax_025,7,9,0.3293081223964691,0.9026063100137174,0.8881809707375545,0.3309391339619954,0.26153847575187683,2.8045091032981873,nan,nan
usps,topk_softmax_025,7,10,0.2918970286846161,0.9238683127572016,0.9159592591822051,0.2613496308525403,0.26153847575187683,2.800487001736959,nan,nan
usps,topk_softmax_025,7,11,0.28215914964675903,0.9163237311385459,0.9050210776542856,0.2798911780118942,0.26153847575187683,2.7959479689598083,nan,nan
usps,topk_softmax_025,7,12,0.23521365225315094,0.9238683127572016,0.9156616853384559,0.23014764239390692,0.26153847575187683,2.78996080160141,nan,nan
usps,topk_softmax_025,7,13,0.2245572805404663,0.9389574759945131,0.9327997348088595,0.205425796409448,0.26153847575187683,2.7833213607470193,nan,nan
usps,topk_softmax_025,7,14,0.23854385316371918,0.9314128943758574,0.9209827890943212,0.2228772615393003,0.26153847575187683,2.7777523001035056,nan,nan
usps,topk_softmax_025,7,15,0.19948650896549225,0.9389574759945131,0.9321155109937921,0.21702461689710617,0.26153847575187683,2.7706832885742188,nan,nan
usps,topk_softmax_025,7,16,0.16242751479148865,0.9451303155006858,0.9372435984984314,0.19357093423604965,0.26153847575187683,2.7635240952173867,nan,nan
usps,topk_softmax_025,7,17,0.18531304597854614,0.9348422496570644,0.9286258582353086,0.21307349701722464,0.26153847575187683,2.7498000065485635,nan,nan
usps,topk_softmax_025,7,18,0.16557900607585907,0.9471879286694102,0.9411119049361616,0.18476506198445955,0.26153847575187683,2.7420801719029746,nan,nan
usps,topk_softmax_025,7,19,0.13986416161060333,0.953360768175583,0.9480889654676072,0.16446013872822127,0.26153847575187683,2.7332770625750222,nan,nan
usps,topk_softmax_025,7,20,0.12820786237716675,0.9458161865569273,0.9409705485135863,0.15831637879212698,0.26153847575187683,2.72060094277064,nan,nan
usps,topk_softmax_025,7,21,0.12362781167030334,0.9574759945130316,0.9532345474846252,0.13221543778975806,0.26153847575187683,2.7167513171831765,nan,nan
usps,topk_softmax_025,7,22,0.10200512409210205,0.943758573388203,0.9392491296149255,0.1667475439608097,0.26153847575187683,2.706813097000122,nan,nan
usps,topk_softmax_025,7,23,0.10976406931877136,0.9588477366255144,0.9548297106277233,0.13766207111378512,0.26153843601544696,2.6883475383122764,nan,nan
usps,topk_softmax_025,7,24,0.08692692965269089,0.9554183813443072,0.9506985808309312,0.144466249893109,0.2615378399689992,2.6901041666666665,nan,nan
usps,topk_softmax_025,7,25,0.10720768570899963,0.958161865569273,0.9544623828740297,0.13233086156348386,0.26153689871231717,2.679881433645884,nan,nan
usps,topk_softmax_025,7,26,0.0855838879942894,0.9622770919067215,0.9580481121108265,0.12460022419691086,0.26153431336085003,2.6749162872632346,nan,nan
usps,topk_softmax_025,7,27,0.08147220313549042,0.9684499314128944,0.9650749256147779,0.10827259098490079,0.2615328108270963,2.6733339031537375,nan,nan
usps,topk_softmax_025,7,28,0.08430756628513336,0.9643347050754458,0.9606435496486074,0.12772857025265694,0.2615303595860799,2.6511417229970298,nan,nan
usps,topk_softmax_025,7,29,0.06442635506391525,0.9595336076817559,0.9556854829071197,0.11185875410834949,0.2615281169613202,2.6517141262690225,nan,nan
usps,topk_softmax_025,8,0,2.174011707305908,0.33058984910836764,0.16225876495720984,1.8801891803741455,0.26153847575187683,2.816100597381592,nan,nan
usps,topk_softmax_025,8,1,1.7710249423980713,0.4890260631001372,0.3620778260755447,1.478850781917572,0.26153847575187683,2.815715213616689,nan,nan
usps,topk_softmax_025,8,2,1.3513376712799072,0.6714677640603567,0.592763843069602,1.032257358233134,0.26153847575187683,2.810291826725006,nan,nan
usps,topk_softmax_025,8,3,0.9838175177574158,0.7085048010973937,0.6274807803646011,0.8407072822252909,0.26153847575187683,2.7975685199101767,nan,nan
usps,topk_softmax_025,8,4,0.7382767796516418,0.8182441700960219,0.7840914960154494,0.5562773595253626,0.26153847575187683,2.7826818029085794,nan,nan
usps,topk_softmax_025,8,5,0.5708528757095337,0.8374485596707819,0.8188451822093713,0.5091967731714249,0.26153847575187683,2.7716504335403442,nan,nan
usps,topk_softmax_025,8,6,0.4872264862060547,0.8703703703703703,0.8530929964309057,0.413096363345782,0.26153847575187683,2.7800517678260803,nan,nan
usps,topk_softmax_025,8,7,0.43794259428977966,0.8477366255144033,0.8170007980008311,0.47116053104400635,0.26153847575187683,2.77567853530248,nan,nan
usps,topk_softmax_025,8,8,0.38479143381118774,0.897119341563786,0.8823566741657733,0.33360616366068524,0.26153847575187683,2.787033756573995,nan,nan
usps,topk_softmax_025,8,9,0.3700835108757019,0.8978052126200274,0.8838450981800721,0.32152724266052246,0.26153847575187683,2.7747634053230286,nan,nan
usps,topk_softmax_025,8,10,0.33743953704833984,0.9074074074074074,0.8969402821413455,0.29888100922107697,0.26153847575187683,2.785151163736979,nan,nan
usps,topk_softmax_025,8,11,0.31483447551727295,0.9142661179698217,0.9041944447111476,0.26786308487256366,0.26153847575187683,2.7844149072964988,nan,nan
usps,topk_softmax_025,8,12,0.2987291216850281,0.9320987654320988,0.9234601662032835,0.23000566164652506,0.26153847575187683,2.758725901444753,nan,nan
usps,topk_softmax_025,8,13,0.2548655569553375,0.9355281207133059,0.9276357224997291,0.21661090850830078,0.26153847575187683,2.7447141210238137,nan,nan
usps,topk_softmax_025,8,14,0.24688132107257843,0.9293552812071331,0.9209612782433279,0.23885057618220648,0.26153847575187683,2.7398810982704163,nan,nan
usps,topk_softmax_025,8,15,0.21863527595996857,0.9396433470507545,0.9312937964575116,0.19047929098208746,0.26153847575187683,2.707779844601949,nan,nan
usps,topk_softmax_025,8,16,0.22404488921165466,0.9334705075445816,0.9267794553079204,0.2075446918606758,0.26153847575187683,2.6926376024881997,nan,nan
usps,topk_softmax_025,8,17,0.20211975276470184,0.9396433470507545,0.9319532483512732,0.18645568192005157,0.26153847575187683,2.6693555315335593,nan,nan
usps,topk_softmax_025,8,18,0.17016255855560303,0.9471879286694102,0.9404933166701499,0.17686137557029724,0.26153847575187683,2.652821660041809,nan,nan
usps,topk_softmax_025,8,19,0.17431235313415527,0.9444444444444444,0.9382903296412053,0.17778325577576956,0.26153847575187683,2.6322739124298096,nan,nan
usps,topk_softmax_025,8,20,0.14734584093093872,0.9519890260631001,0.946840493764444,0.15660912791887918,0.2615384558836619,2.642001966635386,nan,nan
usps,topk_softmax_025,8,21,0.1498769074678421,0.9499314128943759,0.9431105367211243,0.16188666224479675,0.26153824230035144,2.6295480728149414,nan,nan
usps,topk_softmax_025,8,22,0.12471974641084671,0.943758573388203,0.9351316473801582,0.1866911475857099,0.2615384558836619,2.623156110445658,nan,nan
usps,topk_softmax_025,8,23,0.12056814134120941,0.9609053497942387,0.9557186626141736,0.13690564533074698,0.26153847575187683,2.6073986291885376,nan,nan
usps,topk_softmax_025,8,24,0.10408852249383926,0.9567901234567902,0.9513577172352778,0.14599250629544258,0.26153847575187683,2.616765777269999,nan,nan
usps,topk_softmax_025,8,25,0.10655010491609573,0.9506172839506173,0.9438593033895017,0.17063400397698084,0.261538398762544,2.6084378957748413,nan,nan
usps,topk_softmax_025,8,26,0.10695038735866547,0.9417009602194787,0.9342341145094469,0.1896247739593188,0.2615384558836619,2.598567803700765,nan,nan
usps,topk_softmax_025,8,27,0.10131477564573288,0.9609053497942387,0.9554457612001543,0.1389245701332887,0.26153839627901715,2.5876501003901162,nan,nan
usps,topk_softmax_025,8,28,0.09198898077011108,0.9643347050754458,0.9593063636327251,0.11289692297577858,0.26153847575187683,2.602196296056112,nan,nan
usps,topk_softmax_025,8,29,0.08525069802999496,0.9643347050754458,0.9597145235204065,0.12029654905200005,0.26153847575187683,2.601904312769572,nan,nan
usps,topk_softmax_025,9,0,2.1617343425750732,0.29012345679012347,0.12874221270919778,1.9003109534581502,0.26153847575187683,2.8255069851875305,nan,nan
usps,topk_softmax_025,9,1,1.7410290241241455,0.4053497942386831,0.28430622396931976,1.5626840392748516,0.26153847575187683,2.8231591979662576,nan,nan
usps,topk_softmax_025,9,2,1.329469084739685,0.668724279835391,0.5974580618256295,1.0333387156327565,0.26153847575187683,2.8175053000450134,nan,nan
usps,topk_softmax_025,9,3,0.9621185064315796,0.691358024691358,0.6507626719328218,0.8609923322995504,0.26153847575187683,2.8223761121431985,nan,nan
usps,topk_softmax_025,9,4,0.7622682452201843,0.7812071330589849,0.7453263490412236,0.659234752257665,0.26153847575187683,2.8215229312578836,nan,nan
usps,topk_softmax_025,9,5,0.5969606041908264,0.845679012345679,0.8268506817819059,0.4918954223394394,0.26153847575187683,2.8243058919906616,nan,nan
usps,topk_softmax_025,9,6,0.5103133916854858,0.8587105624142661,0.8417580158793786,0.4633116622765859,0.26153847575187683,2.8245133558909097,nan,nan
usps,topk_softmax_025,9,7,0.42961350083351135,0.8909465020576132,0.8786267221312514,0.37010256946086884,0.26153847575187683,2.8200920621554055,nan,nan
usps,topk_softmax_025,9,8,0.37068605422973633,0.877914951989026,0.8641982075929938,0.39177300532658893,0.26153847575187683,2.8168939352035522,nan,nan
usps,topk_softmax_025,9,9,0.32985973358154297,0.887517146776406,0.8726003554382515,0.3506411164999008,0.26153847575187683,2.8150112628936768,nan,nan
usps,topk_softmax_025,9,10,0.28562864661216736,0.9156378600823045,0.9082192300686234,0.27982592085997265,0.26153847575187683,2.814584652582804,nan,nan
usps,topk_softmax_025,9,11,0.26361432671546936,0.9238683127572016,0.9164830234289069,0.25103237728277844,0.26153847575187683,2.811143398284912,nan,nan
usps,topk_softmax_025,9,12,0.22194071114063263,0.9183813443072703,0.9078984880562594,0.26160649210214615,0.26153847575187683,2.8080764214197793,nan,nan
usps,topk_softmax_025,9,13,0.20891989767551422,0.934156378600823,0.9261778176284254,0.2175464704632759,0.26153847575187683,2.8051370978355408,nan,nan
usps,topk_softmax_025,9,14,0.17690511047840118,0.9327846364883402,0.9264848168963262,0.20174090564250946,0.26153847575187683,2.799055496851603,nan,nan
usps,topk_softmax_025,9,15,0.1658807396888733,0.9410150891632373,0.93511622402102,0.18481364101171494,0.26153847575187683,2.794451912244161,nan,nan
usps,topk_softmax_025,9,16,0.15107180178165436,0.9451303155006858,0.9398548331397393,0.16876787195603052,0.26153847575187683,2.78617254892985,nan,nan
usps,topk_softmax_025,9,17,0.13722534477710724,0.9471879286694102,0.9421329797316987,0.17577319095532098,0.26153847575187683,2.788676122824351,nan,nan
usps,topk_softmax_025,9,18,0.12151047587394714,0.9465020576131687,0.9385557736068948,0.1780338610212008,0.26153847575187683,2.7823426723480225,nan,nan
usps,topk_softmax_025,9,19,0.1140422523021698,0.9588477366255144,0.9539354922336623,0.14604376008113226,0.26153847575187683,2.7782877484957376,nan,nan
usps,topk_softmax_025,9,20,0.10116706043481827,0.9602194787379973,0.954787051746076,0.1307342971364657,0.26153847575187683,2.769415815671285,nan,nan
usps,topk_softmax_025,9,21,0.09396316111087799,0.967764060356653,0.9646174093402289,0.12741307665904364,0.26153847575187683,2.7682571013768515,nan,nan
usps,topk_softmax_025,9,22,0.08511818945407867,0.9636488340192044,0.9597372282179475,0.1274858663479487,0.26153847575187683,2.7700423200925193,nan,nan
usps,topk_softmax_025,9,23,0.08354922384023666,0.9622770919067215,0.9577635454022062,0.12363914897044499,0.26153847575187683,2.7717089653015137,nan,nan
usps,topk_softmax_025,9,24,0.08243115991353989,0.9636488340192044,0.9595398093060516,0.11880585613350074,0.26153847575187683,2.76175848642985,nan,nan
usps,topk_softmax_025,9,25,0.06679210811853409,0.9657064471879286,0.9616996257223083,0.11448508190611999,0.26153847575187683,2.7556938529014587,nan,nan
usps,topk_softmax_025,9,26,0.06633221358060837,0.9691358024691358,0.9658340856459097,0.11372663391133149,0.26153847575187683,2.7580608129501343,nan,nan
usps,topk_softmax_025,9,27,0.07713345438241959,0.96639231824417,0.9631085944401807,0.12356985236207645,0.26153847575187683,2.756885349750519,nan,nan
usps,topk_softmax_025,9,28,0.06422708928585052,0.9725651577503429,0.9688682967325877,0.09755374118685722,0.26153847575187683,2.747928182284037,nan,nan
usps,topk_softmax_025,9,29,0.05420880764722824,0.9711934156378601,0.968251270649584,0.10455083722869556,0.26153847575187683,2.746860086917877,nan,nan
usps,topk_softmax_05,0,0,2.15981388092041,0.3120713305898491,0.139076568981661,1.9640663067499797,0.5076923370361328,3.493498921394348,nan,nan
usps,topk_softmax_05,0,1,1.8286679983139038,0.3655692729766804,0.20457213830401613,1.716660499572754,0.5076923370361328,3.495495319366455,nan,nan
usps,topk_softmax_05,0,2,1.6784858703613281,0.42455418381344306,0.2929529566752637,1.563436210155487,0.5076923370361328,3.4930959741274514,nan,nan
usps,topk_softmax_05,0,3,1.4609519243240356,0.5267489711934157,0.4033120405590898,1.2797210216522217,0.5076923370361328,3.480089326699575,nan,nan
usps,topk_softmax_05,0,4,1.1542590856552124,0.6625514403292181,0.6018631542554683,0.9765308002630869,0.5076923370361328,3.457388381163279,nan,nan
usps,topk_softmax_05,0,5,0.9244691133499146,0.7181069958847737,0.6827379293530005,0.9015403191248575,0.5076923370361328,3.398073693116506,nan,nan
usps,topk_softmax_05,0,6,0.7995572686195374,0.7743484224965707,0.7228924627387422,0.6338952382405599,0.5076923370361328,3.3686618208885193,nan,nan
usps,topk_softmax_05,0,7,0.6205168962478638,0.823045267489712,0.792215878373303,0.5426636387904485,0.507692297299703,3.331943949063619,nan,nan
usps,topk_softmax_05,0,8,0.5276206731796265,0.8628257887517147,0.8477508270336838,0.4388869156440099,0.5076902608076731,3.316410859425863,nan,nan
usps,topk_softmax_05,0,9,0.41724151372909546,0.8950617283950617,0.8825014399681098,0.35964107016722363,0.5076906929413477,3.310426115989685,nan,nan
usps,topk_softmax_05,0,10,0.3506023585796356,0.9108367626886146,0.9015856772572912,0.2914952263236046,0.5076905687650045,3.284619847933451,nan,nan
usps,topk_softmax_05,0,11,0.30603834986686707,0.9224965706447188,0.9160975286618136,0.26204631725947064,0.5076876680056254,3.2576047579447427,nan,nan
usps,topk_softmax_05,0,12,0.2630845904350281,0.9307270233196159,0.9239494322920591,0.23896334817012152,0.5076803217331568,3.2517112294832864,nan,nan
usps,topk_softmax_05,0,13,0.21906839311122894,0.9382716049382716,0.9319860690816281,0.19580325980981192,0.5076653609673182,3.2486407359441123,nan,nan
usps,topk_softmax_05,0,14,0.20510317385196686,0.9382716049382716,0.9323882634568325,0.21285388867060342,0.5076469480991364,3.2358416318893433,nan,nan
usps,topk_softmax_05,0,15,0.186680406332016,0.9375857338820301,0.9320295543263237,0.19145766894022623,0.5076391448577245,3.217616617679596,nan,nan
usps,topk_softmax_05,0,16,0.16876910626888275,0.9499314128943759,0.9447802670233904,0.16133635491132736,0.5076319724321365,3.221824526786804,nan,nan
usps,topk_softmax_05,0,17,0.1518140286207199,0.9588477366255144,0.9545454096298334,0.1432477037111918,0.5076337357362112,3.205397923787435,nan,nan
usps,topk_softmax_05,0,18,0.1478404998779297,0.9547325102880658,0.9509609215660924,0.16280826553702354,0.5076235979795456,3.2118243972460427,nan,nan
usps,topk_softmax_05,0,19,0.13637709617614746,0.953360768175583,0.9489236359384137,0.15050531551241875,0.5076137632131577,3.198663373788198,nan,nan
usps,topk_softmax_05,0,20,0.12874315679073334,0.9595336076817559,0.9555921224885431,0.15815873568256697,0.5076246360937754,3.193355937798818,nan,nan
usps,topk_softmax_05,0,21,0.11535360664129257,0.9650205761316872,0.961694503195968,0.140853867555658,0.5076462775468826,3.209603468577067,nan,nan
usps,topk_softmax_05,0,22,0.12436922639608383,0.9622770919067215,0.9590136782652678,0.12901870223383108,0.5076293895641962,3.1900623440742493,nan,nan
usps,topk_softmax_05,0,23,0.09893734008073807,0.9622770919067215,0.9588290071800186,0.12331536288062732,0.507630318403244,3.183491349220276,nan,nan
usps,topk_softmax_05,0,24,0.10187333822250366,0.9602194787379973,0.9567963562840742,0.15451246003309885,0.5076167931159338,3.189004917939504,nan,nan
usps,topk_softmax_05,0,25,0.09944120794534683,0.96639231824417,0.9631846330631195,0.12846370786428452,0.5076218694448471,3.1914111773173013,nan,nan
usps,topk_softmax_05,0,26,0.09194714576005936,0.9609053497942387,0.9568076953708315,0.1506834371636311,0.5076296081145605,3.1871322989463806,nan,nan
usps,topk_softmax_05,0,27,0.08331407606601715,0.96639231824417,0.9638061939569369,0.11556693476935227,0.5076271792252859,3.1707836389541626,nan,nan
usps,topk_softmax_05,0,28,0.07794070988893509,0.9643347050754458,0.9613715566914566,0.1323881565282742,0.5076351314783096,3.1706833243370056,nan,nan
usps,topk_softmax_05,0,29,0.09020210802555084,0.9615912208504801,0.9584131227069607,0.14012259989976883,0.5076527843872706,3.1731457511583963,nan,nan
usps,topk_softmax_05,1,0,2.1906397342681885,0.2997256515775034,0.10415279102503124,1.9467717210451763,0.5076923370361328,3.493377427260081,nan,nan
usps,topk_softmax_05,1,1,1.830425500869751,0.38820301783264743,0.2264999844344154,1.6838680704434712,0.5076923370361328,3.4921504855155945,nan,nan
usps,topk_softmax_05,1,2,1.6019154787063599,0.4732510288065844,0.34800251220430767,1.4356903036435444,0.5076923370361328,3.4897899429003396,nan,nan
usps,topk_softmax_05,1,3,1.4965931177139282,0.5301783264746228,0.4231488538699565,1.2552668452262878,0.5076923370361328,3.48091322183609,nan,nan
usps,topk_softmax_05,1,4,1.2481516599655151,0.5672153635116598,0.48702812945907015,1.1850599249204,0.5076923370361328,3.44202713171641,nan,nan
usps,topk_softmax_05,1,5,1.0242178440093994,0.7366255144032922,0.6741372337204832,0.7700474063555399,0.5076923370361328,3.4350703358650208,nan,nan
usps,topk_softmax_05,1,6,0.839984655380249,0.8093278463648834,0.7598799614673775,0.5700116008520126,0.5076923370361328,3.4082575837771096,nan,nan
usps,topk_softmax_05,1,7,0.5968472361564636,0.8751714677640604,0.8556897645816461,0.410141259431839,0.5076923370361328,3.4026960134506226,nan,nan
usps,topk_softmax_05,1,8,0.46324995160102844,0.9087791495198903,0.896044340181332,0.30397137502829236,0.5076923370361328,3.417444109916687,nan,nan
usps,topk_softmax_05,1,9,0.39153414964675903,0.9218106995884774,0.9102242942343569,0.25200402239958447,0.5076923370361328,3.4130662282307944,nan,nan
usps,topk_softmax_05,1,10,0.3484225869178772,0.9307270233196159,0.922166217750594,0.22926366329193115,0.5076923370361328,3.4083451430002847,nan,nan
usps,topk_softmax_05,1,11,0.2889386713504791,0.9327846364883402,0.9231754577467811,0.21876503030459085,0.5076923370361328,3.4027060667673745,nan,nan
usps,topk_softmax_05,1,12,0.28815677762031555,0.9272976680384087,0.9175308148615597,0.23051965981721878,0.5076923370361328,3.3949277997016907,nan,nan
usps,topk_softmax_05,1,13,0.2755088806152344,0.9423868312757202,0.9345863356450547,0.19646786898374557,0.5076923370361328,3.383487085501353,nan,nan
usps,topk_softmax_05,1,14,0.24776867032051086,0.9430727023319616,0.9350849447277938,0.17777072141567865,0.5076923370361328,3.3744172851244607,nan,nan
usps,topk_softmax_05,1,15,0.20193038880825043,0.9595336076817559,0.9540251064159978,0.15106119712193808,0.5076923370361328,3.3599980672200522,nan,nan
usps,topk_softmax_05,1,16,0.18076148629188538,0.9526748971193416,0.9469714008749006,0.1527876059214274,0.5076923370361328,3.337548871835073,nan,nan
usps,topk_softmax_05,1,17,0.16628830134868622,0.9602194787379973,0.9559681902708418,0.1346181333065033,0.5076923370361328,3.330788811047872,nan,nan
usps,topk_softmax_05,1,18,0.16005975008010864,0.9650205761316872,0.9609106600964303,0.12301623821258545,0.5076923370361328,3.314014514287313,nan,nan
usps,topk_softmax_05,1,19,0.14335966110229492,0.9615912208504801,0.9560241095829805,0.1375732570886612,0.5076923370361328,3.3037297328313193,nan,nan
usps,topk_softmax_05,1,20,0.1493130922317505,0.9561042524005487,0.9504586387016541,0.15136455496152243,0.5076923370361328,3.296798368295034,nan,nan
usps,topk_softmax_05,1,21,0.13284331560134888,0.9629629629629629,0.957700734492339,0.12875140955050787,0.5076923370361328,3.29501607020696,nan,nan
usps,topk_softmax_05,1,22,0.1209924966096878,0.967764060356653,0.9630246164757965,0.1245068721473217,0.5076923370361328,3.282324433326721,nan,nan
usps,topk_softmax_05,1,23,0.10665477812290192,0.9650205761316872,0.9617567719187503,0.11573745186130206,0.5076923370361328,3.2743519941965737,nan,nan
usps,topk_softmax_05,1,24,0.11345656216144562,0.9684499314128944,0.9629296305837141,0.10943730175495148,0.5076923370361328,3.2796725233395896,nan,nan
usps,topk_softmax_05,1,25,0.10073167830705643,0.9670781893004116,0.9628716388883699,0.10482919588685036,0.5076923370361328,3.264130115509033,nan,nan
usps,topk_softmax_05,1,26,0.09935781359672546,0.9691358024691358,0.9639078808511832,0.11690065450966358,0.5076923370361328,3.260554631551107,nan,nan
usps,topk_softmax_05,1,27,0.08995532989501953,0.9698216735253772,0.9640793194829917,0.11265172809362411,0.5076923370361328,3.2561412851015725,nan,nan
usps,topk_softmax_05,1,28,0.08573731780052185,0.9711934156378601,0.9663764508025261,0.10350542701780796,0.5076923370361328,3.2623875935872397,nan,nan
usps,topk_softmax_05,1,29,0.08990338444709778,0.9718792866941015,0.9677593261665735,0.11086938654383023,0.5076923370361328,3.2467166781425476,nan,nan
usps,topk_softmax_05,2,0,2.1403138637542725,0.33058984910836764,0.1545364516043715,1.8732749223709106,0.5076923370361328,3.493520418802897,nan,nan
usps,topk_softmax_05,2,1,1.8345584869384766,0.37448559670781895,0.23327891503093437,1.6753114064534504,0.5076923370361328,3.4931912223498025,nan,nan
usps,topk_softmax_05,2,2,1.6912344694137573,0.4101508916323731,0.24771611856943068,1.5283152063687642,0.5076923370361328,3.490472674369812,nan,nan
usps,topk_softmax_05,2,3,1.475517988204956,0.49794238683127573,0.37528027817660925,1.2799996733665466,0.5076923370361328,3.483718196551005,nan,nan
usps,topk_softmax_05,2,4,1.1491531133651733,0.7133058984910837,0.6219157051107104,0.8646129965782166,0.5076923370361328,3.4789788722991943,nan,nan
usps,topk_softmax_05,2,5,0.9018065333366394,0.8079561042524005,0.7610059205666173,0.6608051955699921,0.5076923370361328,3.4736836353937783,nan,nan
usps,topk_softmax_05,2,6,0.7003502249717712,0.8223593964334706,0.7810760138723397,0.5739686290423075,0.5076923370361328,3.4713088870048523,nan,nan
usps,topk_softmax_05,2,7,0.5718522071838379,0.8518518518518519,0.8234710068889048,0.46250473459561664,0.5076923370361328,3.469084640343984,nan,nan
usps,topk_softmax_05,2,8,0.5221670269966125,0.8813443072702332,0.8552354257186249,0.38490286966164905,0.5076923370361328,3.4660302003224692,nan,nan
usps,topk_softmax_05,2,9,0.4126754403114319,0.8737997256515775,0.8506054038464587,0.3807109942038854,0.5076923370361328,3.4661013881365457,nan,nan
usps,topk_softmax_05,2,10,0.40777164697647095,0.9012345679012346,0.8861189858777149,0.29908399780591327,0.5076923370361328,3.463801920413971,nan,nan
usps,topk_softmax_05,2,11,0.3320002853870392,0.9122085048010974,0.8992387461327453,0.2739548434813817,0.5076923370361328,3.4585578640302024,nan,nan
usps,topk_softmax_05,2,12,0.3103440999984741,0.9046639231824417,0.8874769548944436,0.2689645936091741,0.5076923370361328,3.4579081734021506,nan,nan
usps,topk_softmax_05,2,13,0.27923262119293213,0.9183813443072703,0.9058429782839742,0.23638915767272314,0.5076923370361328,3.4574294487635293,nan,nan
usps,topk_softmax_05,2,14,0.2658710181713104,0.9238683127572016,0.914340083140935,0.22343804687261581,0.5076923370361328,3.455094357331594,nan,nan
usps,topk_softmax_05,2,15,0.25761154294013977,0.9293552812071331,0.9195083711470675,0.20247878382603327,0.5076923370361328,3.451090097427368,nan,nan
usps,topk_softmax_05,2,16,0.21697869896888733,0.9218106995884774,0.9084095242499913,0.23040557652711868,0.5076923370361328,3.4524821241696677,nan,nan
usps,topk_softmax_05,2,17,0.18557827174663544,0.9320987654320988,0.9243549236614677,0.19848884145418802,0.5076923370361328,3.4486036896705627,nan,nan
usps,topk_softmax_05,2,18,0.1685708910226822,0.9465020576131687,0.9407114730470456,0.17055409401655197,0.5076923370361328,3.4453696807225547,nan,nan
usps,topk_softmax_05,2,19,0.14525991678237915,0.943758573388203,0.9333054970331045,0.1789530652264754,0.5076923370361328,3.442031900087992,nan,nan
usps,topk_softmax_05,2,20,0.15821008384227753,0.9362139917695473,0.9272188463529425,0.18682295083999634,0.5076923370361328,3.438819487889608,nan,nan
usps,topk_softmax_05,2,21,0.1346774697303772,0.9410150891632373,0.935021321265588,0.1707680101195971,0.5076923370361328,3.4345691998799643,nan,nan
usps,topk_softmax_05,2,22,0.11363770067691803,0.9561042524005487,0.9494569818219334,0.14758237451314926,0.5076923370361328,3.4292640487353006,nan,nan
usps,topk_softmax_05,2,23,0.11877940595149994,0.9540466392318244,0.948804448548322,0.13200136149923006,0.5076923370361328,3.426466484864553,nan,nan
usps,topk_softmax_05,2,24,0.10758641362190247,0.9554183813443072,0.9487986549506495,0.14673365031679472,0.5076923370361328,3.427740136782328,nan,nan
usps,topk_softmax_05,2,25,0.08765622228384018,0.9636488340192044,0.9590876775347017,0.12630082294344902,0.5076923370361328,3.426110088825226,nan,nan
usps,topk_softmax_05,2,26,0.09434601664543152,0.9643347050754458,0.9592802979073918,0.1049777902662754,0.5076923370361328,3.4261350631713867,nan,nan
usps,topk_softmax_05,2,27,0.08327249437570572,0.9711934156378601,0.9680001205352866,0.0972420759499073,0.5076923370361328,3.422322928905487,nan,nan
usps,topk_softmax_05,2,28,0.08017675578594208,0.9698216735253772,0.9669135490131013,0.09898885525763035,0.5076923370361328,3.4170450369517007,nan,nan
usps,topk_softmax_05,2,29,0.07633336633443832,0.9718792866941015,0.9684941941412429,0.09041810842851798,0.5076923370361328,3.417506913344065,nan,nan
usps,topk_softmax_05,3,0,2.152717351913452,0.30795610425240055,0.11911322197982806,1.9601630568504333,0.5076923370361328,3.492113729317983,nan,nan
usps,topk_softmax_05,3,1,1.8330191373825073,0.3737997256515775,0.2295047847093588,1.673177421092987,0.5076923370361328,3.4924073219299316,nan,nan
usps,topk_softmax_05,3,2,1.6217379570007324,0.49588477366255146,0.3679109905567796,1.4333023230234783,0.5076923370361328,3.4904514153798423,nan,nan
usps,topk_softmax_05,3,3,1.2995282411575317,0.6090534979423868,0.5269341762575461,1.0714311202367146,0.5076923370361328,3.476164082686106,nan,nan
usps,topk_softmax_05,3,4,1.0501471757888794,0.7338820301783264,0.6877508033130493,0.870799700419108,0.5076923370361328,3.4497039119402566,nan,nan
usps,topk_softmax_05,3,5,0.8495626449584961,0.7818930041152263,0.7436535011454893,0.6961333552996317,0.507692297299703,3.438590188821157,nan,nan
usps,topk_softmax_05,3,6,0.6556977033615112,0.8168724279835391,0.7923632033449513,0.5715293486913046,0.5076923370361328,3.43597149848938,nan,nan
usps,topk_softmax_05,3,7,0.6150065660476685,0.8333333333333334,0.8102249476203502,0.509869376818339,0.5076917707920074,3.4099318385124207,nan,nan
usps,topk_softmax_05,3,8,0.48811963200569153,0.8587105624142661,0.8432111588103511,0.4321373949448268,0.5076923171679179,3.4033000071843467,nan,nan
usps,topk_softmax_05,3,9,0.4098760783672333,0.887517146776406,0.8726117918864787,0.3302288204431534,0.5076923171679179,3.374255875746409,nan,nan
usps,topk_softmax_05,3,10,0.3698025643825531,0.9026063100137174,0.8909920222506237,0.3082486738761266,0.507689560453097,3.3941500186920166,nan,nan
usps,topk_softmax_05,3,11,0.3414182662963867,0.9272976680384087,0.918878331438405,0.24583650628725687,0.5076871911684672,3.387643814086914,nan,nan
usps,topk_softmax_05,3,12,0.3120375871658325,0.9238683127572016,0.9139103973670768,0.24653228372335434,0.5076798101266226,3.370037098725637,nan,nan
usps,topk_softmax_05,3,13,0.27022331953048706,0.9300411522633745,0.9206032664042245,0.2189696952700615,0.5076858699321747,3.366907775402069,nan,nan
usps,topk_softmax_05,3,14,0.23808874189853668,0.9403292181069959,0.932694579614305,0.19812720268964767,0.5076787223418554,3.359511057535807,nan,nan
usps,topk_softmax_05,3,15,0.20471525192260742,0.9389574759945131,0.9319689779184219,0.2101251631975174,0.5076881796121597,3.354758361975352,nan,nan
usps,topk_softmax_05,3,16,0.19916434586048126,0.9492455418381345,0.9436785828562966,0.1743971680601438,0.5076808482408524,3.3544958233833313,nan,nan
usps,topk_softmax_05,3,17,0.17540444433689117,0.9595336076817559,0.9546178214629869,0.15217341234286627,0.5076762586832047,3.3364479144414267,nan,nan
usps,topk_softmax_05,3,18,0.16924677789211273,0.9540466392318244,0.9493308157283462,0.15571389347314835,0.5076850305000941,3.3276901642481485,nan,nan
usps,topk_softmax_05,3,19,0.15623430907726288,0.9629629629629629,0.9588097993737051,0.13167689616481462,0.5076855222384135,3.3501771291097007,nan,nan
usps,topk_softmax_05,3,20,0.14030155539512634,0.958161865569273,0.9546125673986223,0.1398311878244082,0.5076879213253657,3.32874995470047,nan,nan
usps,topk_softmax_05,3,21,0.1679123342037201,0.9320987654320988,0.9259031323676471,0.22280127058426538,0.5076877375443777,3.3159927129745483,nan,nan
usps,topk_softmax_05,3,22,0.14815355837345123,0.9554183813443072,0.949968182364081,0.1522198605040709,0.5076873401800791,3.315126975377401,nan,nan
usps,topk_softmax_05,3,23,0.11450637131929398,0.96639231824417,0.9633636352654509,0.11363750447829564,0.5076828251282374,3.3065181573232016,nan,nan
usps,topk_softmax_05,3,24,0.12341617792844772,0.9609053497942387,0.9563030026755793,0.12469206502040227,0.5076797008514404,3.2975523869196572,nan,nan
usps,topk_softmax_05,3,25,0.104251928627491,0.9636488340192044,0.9595375146718661,0.12106972063581149,0.5076601058244705,3.2884485920270285,nan,nan
usps,topk_softmax_05,3,26,0.092026486992836,0.9643347050754458,0.9601946735598175,0.13457456851998964,0.5076810270547867,3.310999274253845,nan,nan
usps,topk_softmax_05,3,27,0.09819715470075607,0.9657064471879286,0.9618572351029128,0.1122245080769062,0.5076808929443359,3.289984126885732,nan,nan
usps,topk_softmax_05,3,28,0.10343706607818604,0.9513031550068587,0.945676439597781,0.14748348047335944,0.5076845089594523,3.3062367836634317,nan,nan
usps,topk_softmax_05,4,0,2.1904678344726562,0.29218106995884774,0.11741946297668486,2.0247733195622764,0.5076923370361328,3.4927656650543213,nan,nan
usps,topk_softmax_05,4,1,1.83095383644104,0.3840877914951989,0.21732936510256945,1.667915940284729,0.5076923370361328,3.4936503171920776,nan,nan
usps,topk_softmax_05,4,2,1.6778911352157593,0.4279835390946502,0.2929847137940561,1.544325053691864,0.5076923370361328,3.493275245030721,nan,nan
usps,topk_softmax_05,4,3,1.4889034032821655,0.5013717421124828,0.3724081684683959,1.3207530577977498,0.5076923370361328,3.480825424194336,nan,nan
usps,topk_softmax_05,4,4,1.1712661981582642,0.5473251028806584,0.45226512300152144,1.1145963668823242,0.5076923370361328,3.4496124386787415,nan,nan
usps,topk_softmax_05,4,5,0.939876139163971,0.7400548696844993,0.6922924161405573,0.7950402498245239,0.5076923370361328,3.404400130112966,nan,nan
usps,topk_softmax_05,4,6,0.7356842756271362,0.8120713305898491,0.7733360292357767,0.5958157678445181,0.5076923370361328,3.405867576599121,nan,nan
usps,topk_softmax_05,4,7,0.5843062996864319,0.8340192043895748,0.8115082501412149,0.5363219181696574,0.5076923370361328,3.4139185349146524,nan,nan
usps,topk_softmax_05,4,8,0.5076658725738525,0.8251028806584362,0.7927950767954164,0.5127401600281397,0.5076923370361328,3.410958786805471,nan,nan
usps,topk_softmax_05,4,9,0.45558351278305054,0.8244170096021948,0.797991903816631,0.5285506596167883,0.5076923370361328,3.4071295261383057,nan,nan
usps,topk_softmax_05,4,10,0.3988628089427948,0.8868312757201646,0.8735866180262881,0.34683145582675934,0.5076923370361328,3.421146253744761,nan,nan
usps,topk_softmax_05,4,11,0.3490038812160492,0.9012345679012346,0.8907175725492034,0.3301631559928258,0.5076923370361328,3.406105856100718,nan,nan
usps,topk_softmax_05,4,12,0.30973049998283386,0.9074074074074074,0.8984965076091509,0.28541433314482373,0.5076923370361328,3.40613845984141,nan,nan
usps,topk_softmax_05,4,13,0.2667003273963928,0.9389574759945131,0.9318751162014557,0.2048711727062861,0.5076923370361328,3.4063399831453958,nan,nan
usps,topk_softmax_05,4,14,0.22168336808681488,0.9279835390946503,0.9181361460697015,0.21852227797110876,0.5076923370361328,3.40641450881958,nan,nan
usps,topk_softmax_05,4,15,0.22294436395168304,0.9190672153635117,0.9111757987191942,0.26377251495917636,0.5076923370361328,3.408447047074636,nan,nan
usps,topk_softmax_05,4,16,0.19875700771808624,0.9348422496570644,0.9288585365671175,0.19199209908644357,0.5076923370361328,3.407602548599243,nan,nan
usps,topk_softmax_05,4,17,0.15787474811077118,0.9471879286694102,0.9410144658603867,0.16489985585212708,0.5076923370361328,3.4013572533925376,nan,nan
usps,topk_softmax_05,4,18,0.15743184089660645,0.948559670781893,0.9424772953217385,0.15577428663770357,0.5076923370361328,3.3935506343841553,nan,nan
usps,topk_softmax_05,4,19,0.13002492487430573,0.953360768175583,0.9489684005873263,0.149241603910923,0.5076923370361328,3.3896098335584006,nan,nan
usps,topk_softmax_05,4,20,0.12080276012420654,0.9540466392318244,0.9490144704122926,0.14764372259378433,0.5076923370361328,3.3839481671651206,nan,nan
usps,topk_softmax_05,4,21,0.13500253856182098,0.9609053497942387,0.9569267864690376,0.1244242712855339,0.5076923370361328,3.385040005048116,nan,nan
usps,topk_softmax_05,4,22,0.1061263382434845,0.9588477366255144,0.9546499937088904,0.12743504842122397,0.5076923370361328,3.369977911313375,nan,nan
usps,topk_softmax_05,4,23,0.09284999221563339,0.953360768175583,0.9486144862611796,0.13159731402993202,0.5076923370361328,3.3691461086273193,nan,nan
usps,topk_softmax_05,4,24,0.09048985689878464,0.9629629629629629,0.9590376464772052,0.11999881515900294,0.5076923370361328,3.3532089591026306,nan,nan
usps,topk_softmax_05,4,25,0.08754312992095947,0.9602194787379973,0.9564401186650112,0.10575460021694501,0.5076923370361328,3.3597968220710754,nan,nan
usps,topk_softmax_05,4,26,0.0861746221780777,0.9609053497942387,0.9574216723902123,0.12276977300643921,0.5076923370361328,3.3581775426864624,nan,nan
usps,topk_softmax_05,4,27,0.0841420590877533,0.9691358024691358,0.9659637384425164,0.09766705582539241,0.5076923370361328,3.369441588719686,nan,nan
usps,topk_softmax_05,4,28,0.07431598007678986,0.9684499314128944,0.9645894948742659,0.0999304788808028,0.5076923370361328,3.3618790904680886,nan,nan
usps,topk_softmax_05,4,29,0.07635617256164551,0.9718792866941015,0.968838426280511,0.08841711779435475,0.5076923370361328,3.354471425215403,nan,nan
usps,topk_softmax_05,5,0,2.1067426204681396,0.2908093278463649,0.15545294068893997,1.9154702226320903,0.5076923370361328,3.4934006134668985,nan,nan
usps,topk_softmax_05,5,1,1.7772681713104248,0.3388203017832647,0.21022845684116293,1.7721509337425232,0.5076923370361328,3.493802229563395,nan,nan
usps,topk_softmax_05,5,2,1.6474086046218872,0.401920438957476,0.26706369045848743,1.5726964871088664,0.5076923370361328,3.4905400474866233,nan,nan
usps,topk_softmax_05,5,3,1.5295052528381348,0.4657064471879287,0.33138235988957454,1.442884047826131,0.5076923370361328,3.476136843363444,nan,nan
usps,topk_softmax_05,5,4,1.2537158727645874,0.6138545953360768,0.5192220934498535,1.075965444246928,0.507682129740715,3.4156447052955627,nan,nan
usps,topk_softmax_05,5,5,0.9538611173629761,0.7626886145404664,0.7372512370485634,0.7536311546961466,0.5076197236776352,3.392625113328298,nan,nan
usps,topk_softmax_05,5,6,0.7259320020675659,0.8175582990397805,0.7997322024629733,0.5957859655221304,0.5076525658369064,3.402203639348348,nan,nan
usps,topk_softmax_05,5,7,0.6270722150802612,0.8415637860082305,0.8299549767717787,0.5136346717675527,0.5076838632424673,3.4086371262868247,nan,nan
usps,topk_softmax_05,5,8,0.485021710395813,0.8525377229080933,0.8374146964326024,0.46383365492026013,0.5076873948176702,3.4043079018592834,nan,nan
usps,topk_softmax_05,5,9,0.4406571388244629,0.8635116598079561,0.8525755005211231,0.46766415735085803,0.5076922674973806,3.4123058319091797,nan,nan
usps,topk_softmax_05,5,10,0.38383087515830994,0.8888888888888888,0.8824038583357691,0.36708522339661914,0.5076921979586283,3.409794270992279,nan,nan
usps,topk_softmax_05,5,11,0.3555752635002136,0.9032921810699589,0.8957478687359306,0.32985586921374005,0.5076909214258194,3.3969836632410684,nan,nan
usps,topk_softmax_05,5,12,0.30372411012649536,0.9163237311385459,0.9117625927736632,0.2877568379044533,0.5076913783947626,3.3823259671529136,nan,nan
usps,topk_softmax_05,5,13,0.3037305176258087,0.9307270233196159,0.9273665091628942,0.2302954246600469,0.5076914230982462,3.366188367207845,nan,nan
usps,topk_softmax_05,5,14,0.2848205268383026,0.9320987654320988,0.9277485306473092,0.21303375562032065,0.5076920042435328,3.3505256374677024,nan,nan
usps,topk_softmax_05,5,15,0.2584269046783447,0.9320987654320988,0.9264852308267455,0.23939882218837738,0.5076909313599268,3.3370587627092996,nan,nan
usps,topk_softmax_05,5,16,0.22399616241455078,0.9307270233196159,0.9254894243012293,0.235956110060215,0.5076917807261149,3.336366871992747,nan,nan
usps,topk_softmax_05,5,17,0.1805446445941925,0.9410150891632373,0.9365838158596256,0.19619699815909067,0.5076918105284373,3.346144179503123,nan,nan
usps,topk_softmax_05,5,18,0.17752613127231598,0.9478737997256516,0.9443003617076411,0.18857590605815253,0.507690911491712,3.322235941886902,nan,nan
usps,topk_softmax_05,5,19,0.18541599810123444,0.9348422496570644,0.9299430370702642,0.22018170853455862,0.5076915820439657,3.315501093864441,nan,nan
usps,topk_softmax_05,5,20,0.18494895100593567,0.9320987654320988,0.9263873918286467,0.21546334276596704,0.5076870173215866,3.2643133997917175,nan,nan
usps,topk_softmax_05,5,21,0.1613796353340149,0.9602194787379973,0.9570237067569923,0.1464718903104464,0.5076825519402822,3.271973411242167,nan,nan
usps,topk_softmax_05,5,22,0.13883627951145172,0.9506172839506173,0.9461727484869646,0.1568350593249003,0.5076918403307596,3.293334444363912,nan,nan
usps,topk_softmax_05,5,23,0.12861280143260956,0.953360768175583,0.9499103440500669,0.18068419893582663,0.5076904147863388,3.294637401898702,nan,nan
usps,topk_softmax_05,5,24,0.11972331255674362,0.9567901234567902,0.9536297555133999,0.15875001748402914,0.5076911201079687,3.271088699499766,nan,nan
usps,topk_softmax_05,5,25,0.10953793674707413,0.9615912208504801,0.958465706071447,0.14348287632068,0.5076921979586283,3.264983574549357,nan,nan
usps,topk_softmax_05,5,26,0.10886441171169281,0.9650205761316872,0.9623187733156058,0.13155334939559302,0.5076914876699448,3.265171845753988,nan,nan
usps,topk_softmax_05,5,27,0.10817130655050278,0.958161865569273,0.9544889913897775,0.14585895836353302,0.5076904793580373,3.242990016937256,nan,nan
usps,topk_softmax_05,5,28,0.09026236087083817,0.9650205761316872,0.9629403653694695,0.14090212186177573,0.507690871755282,3.2518139084180198,nan,nan
usps,topk_softmax_05,5,29,0.08820604532957077,0.9595336076817559,0.9562568236084468,0.15087495495875677,0.5076880554358164,3.2415285309155784,nan,nan
usps,topk_softmax_05,6,0,2.1312570571899414,0.3635116598079561,0.1913790239945251,1.8333108027776082,0.5076923370361328,3.4926127990086875,nan,nan
usps,topk_softmax_05,6,1,1.7987475395202637,0.39574759945130317,0.24131941701153953,1.684537450472514,0.5076923370361328,3.4916529655456543,nan,nan
usps,topk_softmax_05,6,2,1.566243052482605,0.5109739368998628,0.39643821648075744,1.2982265949249268,0.5076923370361328,3.4825273156166077,nan,nan
usps,topk_softmax_05,6,3,1.2461328506469727,0.6467764060356653,0.5555696141264029,0.9885105192661285,0.5076923370361328,3.4750027855237327,nan,nan
usps,topk_softmax_05,6,4,0.9686664938926697,0.7263374485596708,0.6761372825091131,0.8301153679688772,0.5076923370361328,3.472025215625763,nan,nan
usps,topk_softmax_05,6,5,0.8280025124549866,0.803840877914952,0.7594059612318169,0.6457305351893107,0.5076923370361328,3.465095341205597,nan,nan
usps,topk_softmax_05,6,6,0.6671823263168335,0.8491083676268861,0.8115558854790932,0.4946075181166331,0.5076923370361328,3.4598388274510703,nan,nan
usps,topk_softmax_05,6,7,0.49661293625831604,0.8689986282578875,0.8444751246875188,0.44761167963345844,0.5076923370361328,3.453668157259623,nan,nan
usps,topk_softmax_05,6,8,0.4181683361530304,0.8984910836762688,0.8847354709931862,0.34303738673528034,0.5076923370361328,3.4472669760386148,nan,nan
usps,topk_softmax_05,6,9,0.3368574380874634,0.8943758573388203,0.8808639847466326,0.3568652222553889,0.5076923370361328,3.443829119205475,nan,nan
usps,topk_softmax_05,6,10,0.31288933753967285,0.9204389574759945,0.9085953548187723,0.2585270379980405,0.5076923370361328,3.4423378507296243,nan,nan
usps,topk_softmax_05,6,11,0.2466048002243042,0.9355281207133059,0.9268681233079562,0.22956588864326477,0.5076923370361328,3.4414419134457908,nan,nan
usps,topk_softmax_05,6,12,0.21859131753444672,0.9430727023319616,0.9358737711325636,0.20895223567883173,0.5076923370361328,3.435011704762777,nan,nan
usps,topk_softmax_05,6,13,0.18914572894573212,0.9499314128943759,0.9443962759982535,0.16803951188921928,0.5076923370361328,3.4318320552508035,nan,nan
usps,topk_softmax_05,6,14,0.16427022218704224,0.9451303155006858,0.9382828293672553,0.1752069815993309,0.5076923370361328,3.4357112050056458,nan,nan
usps,topk_softmax_05,6,15,0.15068738162517548,0.9458161865569273,0.9375222450009352,0.16581794867912927,0.5076923370361328,3.4294105768203735,nan,nan
usps,topk_softmax_05,6,16,0.12425321340560913,0.9602194787379973,0.9564944133434279,0.1300158898035685,0.5076923370361328,3.427648663520813,nan,nan
usps,topk_softmax_05,6,17,0.1078474298119545,0.9554183813443072,0.9482081402266814,0.1549572894970576,0.5076923370361328,3.4269888003667197,nan,nan
usps,topk_softmax_05,6,18,0.12300194054841995,0.9526748971193416,0.9482115827766817,0.1694755032658577,0.5076923370361328,3.4240612188975015,nan,nan
usps,topk_softmax_05,6,19,0.10055017471313477,0.9595336076817559,0.9548354229638536,0.12728484844168028,0.5076923370361328,3.425956428050995,nan,nan
usps,topk_softmax_05,6,20,0.09272956848144531,0.9595336076817559,0.9542878016896772,0.13435438896218935,0.5076923370361328,3.4251301884651184,nan,nan
usps,topk_softmax_05,6,21,0.08834178745746613,0.9588477366255144,0.9547715002464676,0.14553003013134003,0.5076923370361328,3.42241378625234,nan,nan
usps,topk_softmax_05,7,0,2.1780307292938232,0.29218106995884774,0.11386389890355983,1.9515925844510396,0.5076923370361328,3.4933762152989707,nan,nan
usps,topk_softmax_05,7,1,1.8325021266937256,0.33539094650205764,0.18632506482014247,1.7106231451034546,0.5076923370361328,3.4910807410875955,nan,nan
usps,topk_softmax_05,7,2,1.6641169786453247,0.4327846364883402,0.2980190245056361,1.5193357666333516,0.5076923370361328,3.488173524538676,nan,nan
usps,topk_softmax_05,7,3,1.4954172372817993,0.5617283950617284,0.49194656232454453,1.3255191445350647,0.5076923370361328,3.469675064086914,nan,nan
usps,topk_softmax_05,7,4,1.304474115371704,0.5905349794238683,0.5219007361275227,1.1300029754638672,0.5076923370361328,3.453670620918274,nan,nan
usps,topk_softmax_05,7,5,0.9827021360397339,0.7455418381344308,0.6935703488200623,0.7859740356604258,0.5076923370361328,3.45818293094635,nan,nan
usps,topk_softmax_05,7,6,0.7698453068733215,0.7873799725651578,0.7464227786987971,0.6549150943756104,0.5076923370361328,3.4665180444717407,nan,nan
usps,topk_softmax_05,7,7,0.6066586971282959,0.8470507544581619,0.8301688874006089,0.5115019083023071,0.5076923370361328,3.4628186225891113,nan,nan
usps,topk_softmax_05,7,8,0.4941155016422272,0.8443072702331962,0.8190909564711493,0.4726012001434962,0.5076923370361328,3.4579359690348306,nan,nan
usps,topk_softmax_05,7,9,0.42134663462638855,0.8422496570644719,0.8209819417525095,0.4920119394858678,0.5076923370361328,3.458272159099579,nan,nan
usps,topk_softmax_05,7,10,0.3903862535953522,0.8840877914951989,0.8711552897757298,0.37283924718697864,0.5076923370361328,3.4548823634783425,nan,nan
usps,topk_softmax_05,7,11,0.3128403127193451,0.877914951989026,0.866793872126153,0.3762551446755727,0.5076923370361328,3.447724481423696,nan,nan
usps,topk_softmax_05,7,12,0.31318721175193787,0.9218106995884774,0.9134096113244867,0.2681469718615214,0.5076923370361328,3.43797767162323,nan,nan
usps,topk_softmax_05,7,13,0.26221463084220886,0.8683127572016461,0.8589493969563593,0.38198824723561603,0.5076923370361328,3.4336442152659097,nan,nan
usps,topk_softmax_05,7,14,0.23605351150035858,0.9348422496570644,0.9291804766235907,0.2134820520877838,0.5076923370361328,3.424039284388224,nan,nan
usps,topk_softmax_05,7,15,0.20693553984165192,0.9403292181069959,0.9353786826347991,0.19056875010331473,0.5076923370361328,3.4296241203943887,nan,nan
usps,topk_softmax_05,7,16,0.1790313571691513,0.9423868312757202,0.9381801087274667,0.21428240338961282,0.5076923370361328,3.418781816959381,nan,nan
usps,topk_softmax_05,7,17,0.17262209951877594,0.9478737997256516,0.9428170017851689,0.18445748587449393,0.5076923370361328,3.4200632174809775,nan,nan
usps,topk_softmax_05,7,18,0.1588381975889206,0.9327846364883402,0.9268582495236288,0.20444263766209284,0.5076923370361328,3.4149258931477866,nan,nan
usps,topk_softmax_05,7,19,0.1436655968427658,0.943758573388203,0.93798138079366,0.17165359109640121,0.5076923370361328,3.40836234887441,nan,nan
usps,topk_softmax_05,7,20,0.1320456862449646,0.9444444444444444,0.9372394337051583,0.18797366321086884,0.5076922575632731,3.409631609916687,nan,nan
usps,topk_softmax_05,7,21,0.13273759186267853,0.9492455418381345,0.9441788692756106,0.1712368205189705,0.5076923370361328,3.400360186894735,nan,nan
usps,topk_softmax_05,7,22,0.12172473222017288,0.9492455418381345,0.944425192053634,0.16675004114707312,0.5076923370361328,3.3958152135213218,nan,nan
usps,topk_softmax_05,7,23,0.1376727670431137,0.9417009602194787,0.9359289834346096,0.20241127411524454,0.5076922376950582,3.3921544353167215,nan,nan
usps,topk_softmax_05,7,24,0.11280078440904617,0.9513031550068587,0.9477894269995426,0.15156522144873938,0.5076923370361328,3.3764389753341675,nan,nan
usps,topk_softmax_05,7,25,0.10176894813776016,0.9602194787379973,0.956603725406431,0.1391794222096602,0.5076923370361328,3.381613612174988,nan,nan
usps,topk_softmax_05,7,26,0.09392573684453964,0.9609053497942387,0.9569488301211286,0.13921628147363663,0.5076923370361328,3.3782549301783242,nan,nan
usps,topk_softmax_05,7,27,0.08741247653961182,0.9636488340192044,0.9604444223756703,0.12959218273560205,0.5076923171679179,3.3694191575050354,nan,nan
usps,topk_softmax_05,7,28,0.07940687239170074,0.9643347050754458,0.9618736701087345,0.11598425110181172,0.5076923370361328,3.3653381069501243,nan,nan
usps,topk_softmax_05,7,29,0.06614359468221664,0.9602194787379973,0.9556127271508659,0.12684447194139162,0.5076923370361328,3.377048214276632,nan,nan
usps,topk_softmax_05,8,0,2.1434285640716553,0.3401920438957476,0.171040573460326,1.888554851214091,0.5076923370361328,3.4898263017336526,nan,nan
usps,topk_softmax_05,8,1,1.810317873954773,0.3765432098765432,0.21843989514389758,1.6706074674924214,0.5076923370361328,3.493083576361338,nan,nan
usps,topk_softmax_05,8,2,1.5676206350326538,0.5555555555555556,0.45327461965861404,1.2516871094703674,0.5076923370361328,3.449625094731649,nan,nan
usps,topk_softmax_05,8,3,1.236635684967041,0.612482853223594,0.5280276061617146,1.09707772731781,0.5076876133680344,3.4472293853759766,nan,nan
usps,topk_softmax_05,8,4,0.9862422943115234,0.7290809327846365,0.6608990268346542,0.8029620250066122,0.5076069136460623,3.377604921658834,nan,nan
usps,topk_softmax_05,8,5,0.8103781342506409,0.7962962962962963,0.7470538533403008,0.6363311310609182,0.5075622995694479,3.3620912035306296,nan,nan
usps,topk_softmax_05,8,6,0.7191701531410217,0.8257887517146777,0.7953085046819885,0.5332234700520834,0.5075035989284515,3.3210870226224265,nan,nan
usps,topk_softmax_05,8,7,0.6073150038719177,0.855281207133059,0.8347007528521763,0.4644387463728587,0.5074495722850164,3.2951825857162476,nan,nan
usps,topk_softmax_05,8,8,0.4972468316555023,0.8799725651577504,0.8617282421573045,0.3785597284634908,0.5075198610623678,3.277235984802246,nan,nan
usps,topk_softmax_05,8,9,0.38956770300865173,0.8950617283950617,0.8812153772412398,0.31025300920009613,0.5076753447453181,3.3248526056607566,nan,nan
usps,topk_softmax_05,8,10,0.3465970754623413,0.9197530864197531,0.911031918201217,0.2795051783323288,0.5076900919278463,3.316029707590739,nan,nan
usps,topk_softmax_05,8,11,0.3186452090740204,0.9204389574759945,0.9118459434716992,0.25714314728975296,0.5076917558908463,3.31477556626002,nan,nan
usps,topk_softmax_05,8,12,0.2929665446281433,0.9266117969821673,0.9180760906633705,0.24782064805428186,0.5076856215794882,3.299803455670675,nan,nan
usps,topk_softmax_05,8,13,0.24816375970840454,0.9355281207133059,0.928268048216174,0.22801870852708817,0.5076911946137747,3.3072118957837424,nan,nan
usps,topk_softmax_05,8,14,0.22547324001789093,0.9224965706447188,0.9133255566243352,0.23859273145596185,0.5076902459065119,3.302855908870697,nan,nan
usps,topk_softmax_05,8,15,0.22391784191131592,0.9307270233196159,0.9230010180988168,0.21453343083461127,0.5076895902554194,3.305361489454905,nan,nan
usps,topk_softmax_05,8,16,0.21634948253631592,0.9307270233196159,0.9234242165698046,0.2314895490805308,0.5076903800169627,3.3036232789357505,nan,nan
usps,topk_softmax_05,8,17,0.17891372740268707,0.9382716049382716,0.9314250189385644,0.20730402568976083,0.507686177889506,3.2566454807917276,nan,nan
usps,topk_softmax_05,8,18,0.16961771249771118,0.9465020576131687,0.938915906029482,0.16445076962312064,0.5076913386583328,3.276835262775421,nan,nan
usps,topk_softmax_05,8,19,0.1511763632297516,0.9451303155006858,0.937335759524386,0.17776932567358017,0.5076914280653,3.2620601654052734,nan,nan
usps,topk_softmax_05,8,20,0.1511978656053543,0.9451303155006858,0.9384457755989416,0.17804138859113058,0.5076920638481776,3.2800639073053994,nan,nan
usps,topk_softmax_05,8,21,0.13756288588047028,0.9451303155006858,0.9373562210747813,0.16691950460275015,0.5076920439799627,3.256365100542704,nan,nan
usps,topk_softmax_05,8,22,0.13019749522209167,0.9513031550068587,0.9450483823623174,0.1613405222694079,0.5076923370361328,3.272737999757131,nan,nan
usps,topk_softmax_05,8,23,0.12514784932136536,0.9513031550068587,0.9439166057951395,0.15361885353922844,0.5076921383539835,3.2421767711639404,nan,nan
usps,topk_softmax_05,8,24,0.10749953240156174,0.9526748971193416,0.9456452853093331,0.15150159721573195,0.5076923370361328,3.2480876445770264,nan,nan
usps,topk_softmax_05,8,25,0.11531755328178406,0.9465020576131687,0.9390491647371727,0.18238610277573267,0.5076923370361328,3.2562737266222634,nan,nan
usps,topk_softmax_05,8,26,0.10935720056295395,0.9458161865569273,0.9387669193548648,0.174769160648187,0.5076915174722672,3.231831709543864,nan,nan
usps,topk_softmax_05,8,27,0.10621432960033417,0.958161865569273,0.9530736494770344,0.1385847566028436,0.5076887508233389,3.221999704837799,nan,nan
usps,topk_softmax_05,8,28,0.09611834585666656,0.9554183813443072,0.9489391973257479,0.14666791508595148,0.5076903154452642,3.2177764972050986,nan,nan
usps,topk_softmax_05,8,29,0.0857100635766983,0.9622770919067215,0.9576363604144078,0.13928361857930818,0.5076918055613836,3.225427826245626,nan,nan
usps,topk_softmax_05,9,0,2.136709690093994,0.3045267489711934,0.14997844539657,1.9247501691182454,0.5076923370361328,3.492750426133474,nan,nan
usps,topk_softmax_05,9,1,1.8114075660705566,0.38820301783264743,0.26083853134907076,1.7118408679962158,0.5076923370361328,3.492662529150645,nan,nan
usps,topk_softmax_05,9,2,1.604739785194397,0.4787379972565158,0.36130540295764985,1.5025360584259033,0.5076923370361328,3.490531841913859,nan,nan
usps,topk_softmax_05,9,3,1.4003303050994873,0.6159122085048011,0.529779175209842,1.1479398409525554,0.5076923370361328,3.484117050965627,nan,nan
usps,topk_softmax_05,9,4,1.0628560781478882,0.733196159122085,0.6741594810370026,0.8306691149870554,0.5076923370361328,3.4767590165138245,nan,nan
usps,topk_softmax_05,9,5,0.7890692353248596,0.8257887517146777,0.8064956662961686,0.6129092077414194,0.5076923370361328,3.467365582784017,nan,nan
usps,topk_softmax_05,9,6,0.616756796836853,0.8106995884773662,0.7806110837454708,0.5417686204115549,0.5076923370361328,3.4623541037241616,nan,nan
usps,topk_softmax_05,9,7,0.48722127079963684,0.8902606310013718,0.8778058820389025,0.38017772634824115,0.5076923370361328,3.46040016412735,nan,nan
usps,topk_softmax_05,9,8,0.4228719174861908,0.8909465020576132,0.8819223891494732,0.36611205836137134,0.5076923370361328,3.453005294005076,nan,nan
usps,topk_softmax_05,9,9,0.3647182285785675,0.9128943758573388,0.9053951099825783,0.2881881470481555,0.5076923370361328,3.446141997973124,nan,nan
usps,topk_softmax_05,9,10,0.34174108505249023,0.9012345679012346,0.8902604481900095,0.32756927609443665,0.5076923370361328,3.4324498176574707,nan,nan
usps,topk_softmax_05,9,11,0.2972225248813629,0.9245541838134431,0.917522162054244,0.2524743154644966,0.5076923370361328,3.4185859163602195,nan,nan
usps,topk_softmax_05,9,12,0.26574620604515076,0.8909465020576132,0.8774015819584825,0.3473571886618932,0.5076923370361328,3.4088984529177346,nan,nan
usps,topk_softmax_05,9,13,0.2702629864215851,0.9320987654320988,0.9243715517408011,0.2072746530175209,0.5076923370361328,3.4007339080174765,nan,nan
usps,topk_softmax_05,9,14,0.2273867279291153,0.9307270233196159,0.922478273210066,0.21453730513652167,0.5076923370361328,3.3971899151802063,nan,nan
usps,topk_softmax_05,9,15,0.20851440727710724,0.9547325102880658,0.9501788138210909,0.16562203566233316,0.5076923370361328,3.3806488513946533,nan,nan
usps,topk_softmax_05,9,16,0.17930278182029724,0.9519890260631001,0.9473821330610193,0.1609307937324047,0.5076923370361328,3.3766489227612815,nan,nan
usps,topk_softmax_05,9,17,0.15656375885009766,0.9615912208504801,0.9577393359669845,0.14520074675480524,0.5076923370361328,3.3702005545298257,nan,nan
usps,topk_softmax_05,9,18,0.13243885338306427,0.958161865569273,0.9543078216394507,0.11689222976565361,0.5076923370361328,3.3797298471132913,nan,nan
usps,topk_softmax_05,9,19,0.12275564670562744,0.9711934156378601,0.9676550207479095,0.09727277234196663,0.5076923370361328,3.3800753951072693,nan,nan
usps,topk_softmax_05,9,20,0.1105164960026741,0.967764060356653,0.9641165374355353,0.10195399634540081,0.5076923370361328,3.3813785513242087,nan,nan
usps,topk_softmax_05,9,21,0.0994536504149437,0.967764060356653,0.9641736032184376,0.11866758391261101,0.5076923370361328,3.382500092188517,nan,nan
usps,topk_softmax_05,9,22,0.0986672192811966,0.9718792866941015,0.9685748135598364,0.09047078465421994,0.5076923370361328,3.3796271483103433,nan,nan
usps,topk_softmax_05,9,23,0.08709733188152313,0.9670781893004116,0.964209150459355,0.12123443558812141,0.5076923370361328,3.3730740547180176,nan,nan
usps,topk_softmax_05,9,24,0.0798422172665596,0.9718792866941015,0.9683817998609552,0.10386199504137039,0.5076923370361328,3.3704012831052146,nan,nan
usps,topk_softmax_05,9,25,0.07768313586711884,0.9766803840877915,0.974319402912313,0.08236746986707051,0.5076923370361328,3.3630229433377585,nan,nan
usps,topk_softmax_05,9,26,0.06599513441324234,0.9807956104252401,0.9787527509596421,0.08450014578799407,0.5076923370361328,3.3592580954233804,nan,nan
usps,topk_softmax_05,9,27,0.06973353028297424,0.9711934156378601,0.9679730422299715,0.08626618857185046,0.5076923370361328,3.361908574899038,nan,nan
usps,topk_softmax_05,9,28,0.058276016265153885,0.9698216735253772,0.966586686073329,0.10205136425793171,0.5076923370361328,3.352325359980265,nan,nan
usps,topk_softmax_05,9,29,0.054727181792259216,0.9753086419753086,0.9730010561440912,0.08264968792597453,0.5076923370361328,3.3492397467295327,nan,nan
usps,sparsemax,0,0,2.1267237663269043,0.33058984910836764,0.1585485239653675,1.8875839908917744,0.5299844009180864,2.96590518951416,nan,nan
usps,sparsemax,0,1,1.7491531372070312,0.4286694101508916,0.27585301466241835,1.581632415453593,0.46163274099429447,2.942679544289907,nan,nan
usps,sparsemax,0,2,1.4646499156951904,0.5137174211248285,0.4081189507235371,1.2768535614013672,0.3935314578314622,2.8034722208976746,nan,nan
usps,sparsemax,0,3,1.066387414932251,0.6947873799725651,0.6443547495755647,0.8356546560923258,0.3497127716739972,2.6511366168657937,nan,nan
usps,sparsemax,0,4,0.7744933366775513,0.8209876543209876,0.788672878970831,0.5842370192209879,0.32370363424221676,2.4944279392560325,nan,nan
usps,sparsemax,0,5,0.5917525887489319,0.850480109739369,0.8365240759350823,0.48696546753247577,0.32124344383676845,2.5120740830898285,nan,nan
usps,sparsemax,0,6,0.44008758664131165,0.8888888888888888,0.8763943286379587,0.38148557891448337,0.3145895240207513,2.499170551697413,nan,nan
usps,sparsemax,0,7,0.3611859083175659,0.9122085048010974,0.9036802187711871,0.29080433150132495,0.3188071871797244,2.5367938379446664,nan,nan
usps,sparsemax,0,8,0.3011523485183716,0.9286694101508917,0.9223796621624297,0.2504870357612769,0.31879836693406105,2.5370798905690513,nan,nan
usps,sparsemax,0,9,0.2558184862136841,0.9245541838134431,0.9175912622831449,0.2554667604466279,0.32557373742262524,2.58903169631958,nan,nan
usps,sparsemax,0,10,0.2728472948074341,0.9238683127572016,0.9172241777061668,0.24266340459386507,0.3143027188877265,2.5502772430578866,nan,nan
usps,sparsemax,0,11,0.23655520379543304,0.9266117969821673,0.9207956123684493,0.24536962558825812,0.3143228404223919,2.562252104282379,nan,nan
usps,sparsemax,0,12,0.20203763246536255,0.9293552812071331,0.9224019592526529,0.21180243293444315,0.31863704199592274,2.5511005322138467,nan,nan
usps,sparsemax,0,13,0.19491326808929443,0.9362139917695473,0.9304621142648923,0.21921302378177643,0.30921564747889835,2.5376307368278503,nan,nan
usps,sparsemax,0,14,0.1774616837501526,0.9375857338820301,0.9327331979721485,0.2056509330868721,0.3047950714826584,2.5075088342030845,nan,nan
usps,sparsemax,0,15,0.170942023396492,0.9492455418381345,0.9448308832282063,0.18102862561742464,0.309644157687823,2.558042128880819,nan,nan
usps,sparsemax,0,16,0.15497979521751404,0.9458161865569273,0.941734749582652,0.18918066968520483,0.30948282902439433,2.541754722595215,nan,nan
usps,sparsemax,0,17,0.1373102068901062,0.9492455418381345,0.9454065095563449,0.1721750609576702,0.3081279757122199,2.5448127388954163,nan,nan
usps,sparsemax,0,18,0.12514525651931763,0.9478737997256516,0.9438578767873602,0.19085054223736128,0.3058551587164402,2.526257654031118,nan,nan
usps,sparsemax,0,19,0.11935029923915863,0.948559670781893,0.9436572082290209,0.18140964210033417,0.3082107715308666,2.548144499460856,nan,nan
usps,sparsemax,0,20,0.12699630856513977,0.9574759945130316,0.9540802577647893,0.16370201483368874,0.30417496462663013,2.5332502325375876,nan,nan
usps,sparsemax,0,21,0.11618757247924805,0.9499314128943759,0.9459492301942749,0.16779116292794546,0.29743316645423573,2.5191113154093423,nan,nan
usps,sparsemax,0,22,0.1011447012424469,0.958161865569273,0.9542030607237173,0.1568664169559876,0.29212940856814384,2.4936471581459045,nan,nan
usps,sparsemax,0,23,0.09960389137268066,0.9588477366255144,0.9555462383048974,0.1521614951392015,0.2956327982246876,2.507399400075277,nan,nan
usps,sparsemax,0,24,0.09690824896097183,0.9574759945130316,0.9542708524894181,0.1616129477818807,0.29644106576840085,2.5104018251101174,nan,nan
usps,sparsemax,0,25,0.09187750518321991,0.9595336076817559,0.9556583102107066,0.1512179635465145,0.2892450653016567,2.4660934706528983,nan,nan
usps,sparsemax,0,26,0.09631320834159851,0.9567901234567902,0.9527298662213883,0.17946894466876984,0.29348136608799297,2.5142464439074197,nan,nan
usps,sparsemax,0,27,0.09652895480394363,0.958161865569273,0.9551375676543017,0.16592025135954222,0.2838588220377763,2.4659749070803323,nan,nan
usps,sparsemax,0,28,0.08783136308193207,0.9615912208504801,0.9592256584931661,0.14939312761028609,0.28694210077325505,2.478569666544596,nan,nan
usps,sparsemax,0,29,0.08139003813266754,0.9561042524005487,0.9516593910356969,0.15057592590649924,0.2943999767303467,2.5007704695065818,nan,nan
usps,sparsemax,1,0,2.168043851852417,0.30864197530864196,0.11263477733057026,1.9380380312601726,0.44259842733542126,2.84715606768926,nan,nan
usps,sparsemax,1,1,1.7722594738006592,0.40877914951989025,0.24966418528154008,1.571061869462331,0.46288760006427765,2.896062433719635,nan,nan
usps,sparsemax,1,2,1.5185083150863647,0.5006858710562414,0.39972570024227816,1.3941783706347148,0.4772641621530056,2.9409499764442444,nan,nan
usps,sparsemax,1,3,1.313368558883667,0.6042524005486969,0.5056602136319546,1.0147035419940948,0.45810119311014813,2.808353543281555,nan,nan
usps,sparsemax,1,4,0.9744747877120972,0.6646090534979424,0.6113414802691619,0.8221449752648672,0.4426951619486014,2.7768077552318573,nan,nan
usps,sparsemax,1,5,0.7626451253890991,0.8045267489711934,0.766097649930097,0.5870269934336344,0.405836986998717,2.663481652736664,nan,nan
usps,sparsemax,1,6,0.5678309798240662,0.8751714677640604,0.8564835861480538,0.4189918090899785,0.3931124061346054,2.647034873565038,nan,nan
usps,sparsemax,1,7,0.43384695053100586,0.9074074074074074,0.8945495667654952,0.30619804561138153,0.37882814680536586,2.655095467964808,nan,nan
usps,sparsemax,1,8,0.3508944809436798,0.9149519890260631,0.903652651941657,0.2824046512444814,0.37575506294767064,2.6147126654783883,nan,nan
usps,sparsemax,1,9,0.30086642503738403,0.9362139917695473,0.9278875008549475,0.21425234526395798,0.36712456370393437,2.615033576885859,nan,nan
usps,sparsemax,1,10,0.2671874463558197,0.9362139917695473,0.9276511366859218,0.21837819119294485,0.3673765944937865,2.621460258960724,nan,nan
usps,sparsemax,1,11,0.25102683901786804,0.9314128943758574,0.9236642393770873,0.23810822268327078,0.3614010425905387,2.613949437936147,nan,nan
usps,sparsemax,1,12,0.23655582964420319,0.9478737997256516,0.9416554092550345,0.1823235588769118,0.3583540730178356,2.608591059843699,nan,nan
usps,sparsemax,1,13,0.196196511387825,0.9595336076817559,0.9546709368247358,0.15145931268731752,0.35266679401199025,2.607425014177958,nan,nan
usps,sparsemax,1,14,0.21095141768455505,0.958161865569273,0.9517070509606949,0.15832273537913957,0.35016599173347157,2.59946878751119,nan,nan
usps,sparsemax,1,15,0.1837371587753296,0.9643347050754458,0.9594044392585588,0.14077375580867132,0.3407042970259984,2.564079999923706,nan,nan
usps,sparsemax,1,16,0.17961910367012024,0.9506172839506173,0.9438686126790097,0.1730155311524868,0.34410205235083896,2.5906585454940796,nan,nan
usps,sparsemax,1,17,0.16301676630973816,0.9513031550068587,0.9453498164348323,0.15893817072113356,0.33774155378341675,2.5760233402252197,nan,nan
usps,sparsemax,1,18,0.14964130520820618,0.9636488340192044,0.9593123938279733,0.12317385027805965,0.3334168779353301,2.5514994263648987,nan,nan
usps,sparsemax,1,19,0.1441771388053894,0.9657064471879286,0.9602632698796357,0.12520450601975122,0.3330050893127918,2.5724778374036155,nan,nan
usps,sparsemax,1,20,0.13293708860874176,0.9622770919067215,0.9580886026785704,0.12457292961577575,0.33035580689708394,2.5552608966827393,nan,nan
usps,sparsemax,1,21,0.12518276274204254,0.9526748971193416,0.9483471269796111,0.1604425013065338,0.3263156848649184,2.5397369265556335,nan,nan
usps,sparsemax,1,22,0.11584021151065826,0.9643347050754458,0.9590956399768095,0.117149218916893,0.3227021445830663,2.545344273249308,nan,nan
usps,sparsemax,1,23,0.09667854756116867,0.9698216735253772,0.9652832188048176,0.1020100899040699,0.32212677225470543,2.5427531202634177,nan,nan
usps,sparsemax,1,24,0.0994875356554985,0.958161865569273,0.9525106668022462,0.14487972483038902,0.31549841289718944,2.5078937113285065,nan,nan
usps,sparsemax,1,25,0.12448567152023315,0.9622770919067215,0.9547081374003547,0.13822877407073975,0.3098927102982998,2.481747418642044,nan,nan
usps,sparsemax,1,26,0.09545224905014038,0.9684499314128944,0.965671554632373,0.11822750481466453,0.31381939103205997,2.5078656872113547,nan,nan
usps,sparsemax,1,27,0.10659656673669815,0.967764060356653,0.96408932432815,0.11371050775051117,0.31031519298752147,2.5032736559708915,nan,nan
usps,sparsemax,1,28,0.10713345557451248,0.9650205761316872,0.9612140688144336,0.12365318462252617,0.30896825591723126,2.4982282519340515,nan,nan
usps,sparsemax,2,0,2.136054754257202,0.3511659807956104,0.17434139851494557,1.857077717781067,0.4345406653980414,2.933017392953237,nan,nan
usps,sparsemax,2,1,1.7435604333877563,0.4540466392318244,0.3282436944390901,1.5318085352579753,0.4071920687953631,2.837179720401764,nan,nan
usps,sparsemax,2,2,1.4375728368759155,0.5425240054869684,0.4534893650789991,1.2140391270319622,0.42269254600008327,2.8159825007120767,nan,nan
usps,sparsemax,2,3,1.1197059154510498,0.6344307270233196,0.5763308837534546,0.9061959882577261,0.4239050919810931,2.770121822754542,nan,nan
usps,sparsemax,2,4,0.8487991094589233,0.7620027434842249,0.7300462139377568,0.682555208603541,0.40999743218223256,2.7399758398532867,nan,nan
usps,sparsemax,2,5,0.6583670973777771,0.8196159122085048,0.7933016710783006,0.5417098899682363,0.40066579977671307,2.737003187338511,nan,nan
usps,sparsemax,2,6,0.5125274658203125,0.821673525377229,0.8042153929447944,0.48811623454093933,0.39688272774219513,2.7541180650393167,nan,nan
usps,sparsemax,2,7,0.4389834702014923,0.8820301783264746,0.8680798194084545,0.3650416284799576,0.3861936268707116,2.7138118147850037,nan,nan
usps,sparsemax,2,8,0.35462242364883423,0.9060356652949245,0.894476965194003,0.2969119002421697,0.3755520284175873,2.691099544366201,nan,nan
usps,sparsemax,2,9,0.28637903928756714,0.9259259259259259,0.9164491925509466,0.23969367891550064,0.3667040479679902,2.6603380143642426,nan,nan
usps,sparsemax,2,10,0.23381906747817993,0.9307270233196159,0.9210358501127962,0.22269513458013535,0.36699802055954933,2.659868905941645,nan,nan
usps,sparsemax,2,11,0.21373479068279266,0.9451303155006858,0.9387852534948378,0.18805082887411118,0.36575982471307117,2.663203457991282,nan,nan
usps,sparsemax,2,12,0.19581876695156097,0.9465020576131687,0.9401815494092215,0.1752152144908905,0.362520011762778,2.6407715181509652,nan,nan
usps,sparsemax,2,13,0.17263063788414001,0.9506172839506173,0.9448107901304141,0.17670803517103195,0.35757656519611675,2.63408633073171,nan,nan
usps,sparsemax,2,14,0.15948954224586487,0.9499314128943759,0.9445008066825883,0.15754273906350136,0.3503611199557781,2.616557945807775,nan,nan
usps,sparsemax,2,15,0.1431046724319458,0.9506172839506173,0.943987807083319,0.15997782597939172,0.34665584812561673,2.595541516939799,nan,nan
usps,sparsemax,2,16,0.12563543021678925,0.9609053497942387,0.9558010660800548,0.134349150583148,0.3469178043305874,2.598316103219986,nan,nan
usps,sparsemax,2,17,0.11739708483219147,0.9595336076817559,0.9542956471785573,0.14016527185837427,0.3466225576897462,2.604924519856771,nan,nan
usps,sparsemax,2,18,0.11537475138902664,0.9588477366255144,0.9534909854107854,0.13728263353308043,0.3409850026170413,2.5768884321053824,nan,nan
usps,sparsemax,2,19,0.09684421867132187,0.9670781893004116,0.9632172495288142,0.1319092114766439,0.34058508773644763,2.581688622633616,nan,nan
usps,sparsemax,2,20,0.10526926815509796,0.9629629629629629,0.9579356545651339,0.12893633792797723,0.3317413280407588,2.550981124242147,nan,nan
usps,sparsemax,2,21,0.09344775229692459,0.9609053497942387,0.9564611135051366,0.1298000601430734,0.3332243002951145,2.554318924744924,nan,nan
usps,sparsemax,2,22,0.0848623663187027,0.9657064471879286,0.9608821904567157,0.11909504048526287,0.3302708516518275,2.5442437330881753,nan,nan
usps,sparsemax,2,23,0.08219799399375916,0.967764060356653,0.9644809957221447,0.11611866702636083,0.32438336685299873,2.5313890278339386,nan,nan
usps,sparsemax,2,24,0.07641655206680298,0.9561042524005487,0.9497210650583809,0.1398878755668799,0.32688477138678235,2.5371452967325845,nan,nan
usps,sparsemax,2,25,0.0677008405327797,0.9615912208504801,0.9571319141147392,0.1264224611222744,0.32577867185076076,2.5315618912378945,nan,nan
usps,sparsemax,2,26,0.06505443155765533,0.9615912208504801,0.9558212005751727,0.12949789067109427,0.32247400656342506,2.5173243482907615,nan,nan
usps,sparsemax,2,27,0.06821933388710022,0.9650205761316872,0.9604642161867236,0.1300585592786471,0.3222381149729093,2.525835315386454,nan,nan
usps,sparsemax,2,28,0.06255127489566803,0.96639231824417,0.9623504311423448,0.12305427032212417,0.3133302368223667,2.5030363698800406,nan,nan
usps,sparsemax,3,0,2.133913993835449,0.303840877914952,0.13825753646996228,1.9078010121981304,0.4685947472850482,2.99355947971344,nan,nan
usps,sparsemax,3,1,1.7451810836791992,0.35802469135802467,0.23733165870396294,1.6772890488306682,0.4330114076534907,2.754420260588328,nan,nan
usps,sparsemax,3,2,1.565811038017273,0.4547325102880658,0.3291069727362276,1.4539580941200256,0.41692637527982396,2.6600634853045144,nan,nan
usps,sparsemax,3,3,1.3730329275131226,0.5068587105624143,0.44416792101134683,1.2890498439470928,0.3863098882138729,2.564053495724996,nan,nan
usps,sparsemax,3,4,1.0666663646697998,0.7235939643347051,0.6740081225723874,0.806340754032135,0.3475852658351262,2.4746082921822867,nan,nan
usps,sparsemax,3,5,0.7348363399505615,0.8141289437585734,0.7777717832265302,0.5545642971992493,0.32811056822538376,2.4350158671538034,nan,nan
usps,sparsemax,3,6,0.5328384041786194,0.8635116598079561,0.8421617699915606,0.4315529962380727,0.3085424869010846,2.3509584963321686,nan,nan
usps,sparsemax,3,7,0.4125174283981323,0.8799725651577504,0.8540874413484915,0.35065217316150665,0.30748142550388974,2.3610543310642242,nan,nan
usps,sparsemax,3,8,0.370575487613678,0.9053497942386831,0.8899656460163502,0.30178454021612805,0.30691473993162316,2.36430295308431,nan,nan
usps,sparsemax,3,9,0.32571282982826233,0.9135802469135802,0.9008651781957042,0.2874068220456441,0.30115913413465023,2.322239955266317,nan,nan
usps,sparsemax,3,10,0.2707286477088928,0.9170096021947873,0.905379680102123,0.2562754551569621,0.3079372892777125,2.3628693521022797,nan,nan
usps,sparsemax,3,11,0.24659685790538788,0.9279835390946503,0.9191432382853029,0.22247868031263351,0.3045607271293799,2.3263281881809235,nan,nan
usps,sparsemax,3,12,0.23671455681324005,0.9293552812071331,0.9204032273786782,0.2246776670217514,0.3063488012800614,2.3363679548104606,nan,nan
usps,sparsemax,3,13,0.21470223367214203,0.9403292181069959,0.9329353945060511,0.189590056737264,0.30399017222225666,2.325323532025019,nan,nan
usps,sparsemax,3,14,0.19832177460193634,0.9465020576131687,0.9399855907563545,0.1697568247715632,0.3023462730149428,2.3334959050019584,nan,nan
usps,sparsemax,3,15,0.20009854435920715,0.9279835390946503,0.9193711114280612,0.24946179737647375,0.3015178789695104,2.3343495627244315,nan,nan
usps,sparsemax,3,16,0.18719179928302765,0.9513031550068587,0.9452144926406364,0.16696823636690775,0.29880400747060776,2.3350169559319816,nan,nan
usps,sparsemax,3,17,0.15850679576396942,0.9506172839506173,0.9447979995867136,0.157534288863341,0.30396158434450626,2.3185649514198303,nan,nan
usps,sparsemax,3,18,0.14907079935073853,0.9547325102880658,0.9495223697089493,0.15037579337755838,0.3036460392177105,2.362622340520223,nan,nan
usps,sparsemax,3,19,0.14986926317214966,0.9506172839506173,0.945659060452337,0.17377255856990814,0.29651856794953346,2.3257807791233063,nan,nan
usps,sparsemax,3,20,0.13889940083026886,0.9506172839506173,0.9447470470566142,0.15120772644877434,0.29426604012648266,2.3001085023085275,nan,nan
usps,sparsemax,3,21,0.1431235522031784,0.9595336076817559,0.9550260750419038,0.14176011830568314,0.29639595933258533,2.335910161336263,nan,nan
usps,sparsemax,3,22,0.12162639200687408,0.9451303155006858,0.9379418122816816,0.17329648385445276,0.2905332588901122,2.3035396138827005,nan,nan
usps,sparsemax,3,23,0.10964865237474442,0.9567901234567902,0.9519756972020206,0.1423311966160933,0.2880038109918435,2.3102769354979196,nan,nan
usps,sparsemax,3,24,0.11165574193000793,0.9595336076817559,0.9545160005039197,0.13317895183960596,0.2885808764646451,2.299671014149984,nan,nan
usps,sparsemax,3,25,0.10368707776069641,0.96639231824417,0.9625861008491936,0.13110623632868132,0.28484557506938774,2.293937087059021,nan,nan
usps,sparsemax,3,26,0.0948132649064064,0.9691358024691358,0.9652519307222054,0.12495031207799911,0.2857524299373229,2.282819777727127,nan,nan
usps,sparsemax,3,27,0.08602843433618546,0.9643347050754458,0.9606576390800725,0.12447811290621758,0.2886999845504761,2.335387965043386,nan,nan
usps,sparsemax,3,28,0.0876741036772728,0.9670781893004116,0.9636320039342484,0.11380441735188167,0.2785058058798313,2.2431586484114328,nan,nan
usps,sparsemax,3,29,0.08581753820180893,0.9650205761316872,0.9600450865468078,0.11945552999774615,0.27635117433965206,2.2630436420440674,nan,nan
usps,sparsemax,4,0,2.1649954319000244,0.3065843621399177,0.12681142166454168,1.923152506351471,0.5062004228432974,2.9392319718996682,nan,nan
usps,sparsemax,4,1,1.7084486484527588,0.4732510288065844,0.3564565800448472,1.436137318611145,0.4643035928408305,2.835445682207743,nan,nan
usps,sparsemax,4,2,1.234050989151001,0.6296296296296297,0.5455456683842725,0.9614324371019999,0.42411130542556447,2.6829193234443665,nan,nan
usps,sparsemax,4,3,0.9356933236122131,0.7167352537722909,0.6589869565486391,0.7793701787789663,0.3983904793858528,2.63687793413798,nan,nan
usps,sparsemax,4,4,0.699070394039154,0.8566529492455418,0.8338160218271143,0.49402710298697156,0.3790940356751283,2.599274585644404,nan,nan
usps,sparsemax,4,5,0.4705056846141815,0.9101508916323731,0.8998055496129705,0.344768022497495,0.3739645555615425,2.610063284635544,nan,nan
usps,sparsemax,4,6,0.3443208336830139,0.9142661179698217,0.9045137631556927,0.31411760052045185,0.3689808323979378,2.5616401533285775,nan,nan
usps,sparsemax,4,7,0.28375136852264404,0.9252400548696845,0.917652675016204,0.24632660547892252,0.35626616577307385,2.560617377360662,nan,nan
usps,sparsemax,4,8,0.2358250617980957,0.9286694101508917,0.9203740760363841,0.23109959810972214,0.34368908653656643,2.4981135427951813,nan,nan
usps,sparsemax,4,9,0.20165568590164185,0.9368998628257887,0.9301460907460154,0.20108099281787872,0.3338746267060439,2.449800451596578,nan,nan
usps,sparsemax,4,10,0.16533927619457245,0.9458161865569273,0.9391858175626412,0.16522974024216333,0.32888617490728694,2.457291225592295,nan,nan
usps,sparsemax,4,11,0.15333245694637299,0.9458161865569273,0.9393946261732875,0.1666864181558291,0.32318313668171567,2.4414424300193787,nan,nan
usps,sparsemax,4,12,0.1618976891040802,0.9375857338820301,0.9306416153033983,0.19703629861275354,0.3250051215291023,2.460661639769872,nan,nan
usps,sparsemax,4,13,0.14425724744796753,0.9519890260631001,0.9468348669789197,0.16343524058659872,0.3209595096608003,2.4457480907440186,nan,nan
usps,sparsemax,4,14,0.13466228544712067,0.9513031550068587,0.945530150057895,0.1423615204791228,0.3168523584802945,2.421103080113729,nan,nan
usps,sparsemax,4,15,0.12181258201599121,0.9609053497942387,0.9561886467282454,0.11455200115839641,0.3135851211845875,2.433440307776133,nan,nan
usps,sparsemax,4,16,0.10025167465209961,0.9636488340192044,0.9590588320493421,0.10973272720972697,0.31707993273933727,2.474045137564341,nan,nan
usps,sparsemax,4,17,0.09305009990930557,0.958161865569273,0.9535822275796478,0.12985584636529288,0.3178868318597476,2.48853329817454,nan,nan
usps,sparsemax,4,18,0.09755989909172058,0.96639231824417,0.9615685988571402,0.12015460804104805,0.3105595223605633,2.476304372151693,nan,nan
usps,sparsemax,4,19,0.0943944975733757,0.9650205761316872,0.9600510893227195,0.11853969966371854,0.3092264011502266,2.505250851313273,nan,nan
usps,sparsemax,4,20,0.09286925941705704,0.9554183813443072,0.9506730308877213,0.15326699117819467,0.3066450394690037,2.50524495045344,nan,nan
usps,sparsemax,4,21,0.09067469090223312,0.9657064471879286,0.9617511769134657,0.10320557157198589,0.30735744908452034,2.497881601254145,nan,nan
usps,sparsemax,4,22,0.072389617562294,0.9684499314128944,0.9644172953304413,0.11207791479925315,0.3037741693357627,2.4817779660224915,nan,nan
usps,sparsemax,4,23,0.09274184703826904,0.9650205761316872,0.9613575414353044,0.1212792918086052,0.30221882710854214,2.4900390406449637,nan,nan
usps,sparsemax,4,24,0.07879975438117981,0.9691358024691358,0.9655596496435805,0.11897216426829497,0.2999377300341924,2.4870481292406716,nan,nan
usps,sparsemax,4,25,0.07175745069980621,0.9629629629629629,0.9589760401918077,0.12019257992506027,0.2932697720825672,2.463585158189138,nan,nan
usps,sparsemax,4,26,0.0635269433259964,0.9718792866941015,0.9684684705007685,0.1016329936683178,0.29385994498928386,2.469216048717499,nan,nan
usps,sparsemax,4,27,0.05529557168483734,0.9725651577503429,0.9695436779364573,0.09228859096765518,0.2973090596497059,2.4890582164128623,nan,nan
usps,sparsemax,4,28,0.05529126152396202,0.9705075445816187,0.9676106840174821,0.10223069538672765,0.29094260434309643,2.4720404744148254,nan,nan
usps,sparsemax,4,29,0.054527271538972855,0.9725651577503429,0.9695208644379614,0.10362524042526881,0.2889706529676914,2.446656902631124,nan,nan
usps,sparsemax,5,0,2.0713460445404053,0.3244170096021948,0.1844001801347891,1.821428080399831,0.5153363073865572,3.096770962079366,nan,nan
usps,sparsemax,5,1,1.7258758544921875,0.39163237311385457,0.2718709564806544,1.6339199542999268,0.5152526038388411,3.094901998837789,nan,nan
usps,sparsemax,5,2,1.5070550441741943,0.46227709190672156,0.35235721071697684,1.3762529691060383,0.478585559874773,2.9607131282488504,nan,nan
usps,sparsemax,5,3,1.272908329963684,0.6152263374485597,0.5422094674229287,1.0371279617150624,0.42362502713998157,2.815509100755056,nan,nan
usps,sparsemax,5,4,0.9609643220901489,0.5946502057613169,0.535346293024094,0.9569270610809326,0.3757740668952465,2.6777665615081787,nan,nan
usps,sparsemax,5,5,0.7273619174957275,0.803840877914952,0.7840753828934657,0.5849545001983643,0.3674660883843899,2.641459892193476,nan,nan
usps,sparsemax,5,6,0.5732876062393188,0.8806584362139918,0.8710088425804685,0.40649846692879993,0.360739815980196,2.6056947310765586,nan,nan
usps,sparsemax,5,7,0.4188620150089264,0.8909465020576132,0.882533672118624,0.3553984463214874,0.35849566881855327,2.6523666083812714,nan,nan
usps,sparsemax,5,8,0.3447185754776001,0.9272976680384087,0.9219881624257203,0.2568671976526578,0.3641572967171669,2.6681787768999734,nan,nan
usps,sparsemax,5,9,0.2722524404525757,0.9417009602194787,0.9376806446511704,0.21895957986513773,0.36103378360470134,2.6831178665161133,nan,nan
usps,sparsemax,5,10,0.22147908806800842,0.9389574759945131,0.9345726804319124,0.20273866256078085,0.3552643693983555,2.671303391456604,nan,nan
usps,sparsemax,5,11,0.19642241299152374,0.9526748971193416,0.9492965879256987,0.16686528672774634,0.35561048487822217,2.6704915165901184,nan,nan
usps,sparsemax,5,12,0.18112638592720032,0.9526748971193416,0.9500426246573854,0.156758281091849,0.3512592116991679,2.6774639089902244,nan,nan
usps,sparsemax,5,13,0.16086772084236145,0.9465020576131687,0.9423834027496932,0.18310391654570898,0.3464152278999488,2.6645931402842202,nan,nan
usps,sparsemax,5,14,0.1644798368215561,0.9547325102880658,0.9527150856720068,0.14266388614972433,0.3334336504340172,2.6194896896680198,nan,nan
usps,sparsemax,5,15,0.15362077951431274,0.948559670781893,0.9451350441957898,0.1791877200206121,0.3271398643652598,2.596884806950887,nan,nan
usps,sparsemax,5,16,0.1457032561302185,0.958161865569273,0.9560179061509423,0.1373202552398046,0.32337168976664543,2.5929327408472695,nan,nan
usps,sparsemax,5,17,0.13531850278377533,0.9561042524005487,0.9532788490852481,0.13540199398994446,0.3165399680534999,2.5717965165774026,nan,nan
usps,sparsemax,5,18,0.11352427303791046,0.958161865569273,0.9558853686175798,0.14550050472219786,0.3191569832464059,2.5685288111368814,nan,nan
usps,sparsemax,5,19,0.11241228878498077,0.9595336076817559,0.9573775209804151,0.13900703067580858,0.3118274000783761,2.5559927423795066,nan,nan
usps,sparsemax,5,20,0.11001832038164139,0.9650205761316872,0.962130221574283,0.11924194047848384,0.3110771266122659,2.561367948849996,nan,nan
usps,sparsemax,5,21,0.09652542322874069,0.9698216735253772,0.9676864666014563,0.12175169835488002,0.3115408507486184,2.5608118176460266,nan,nan
usps,sparsemax,5,22,0.095744289457798,0.9657064471879286,0.9630862920424745,0.11492033302783966,0.30416223158439,2.5393802523612976,nan,nan
usps,sparsemax,5,23,0.08333306014537811,0.9622770919067215,0.9597750160465361,0.11879044398665428,0.3087238259613514,2.556141177813212,nan,nan
usps,sparsemax,5,24,0.08290105313062668,0.9670781893004116,0.965597235442796,0.12228281299273173,0.30851756532986957,2.5532193382581077,nan,nan
usps,sparsemax,5,25,0.07492595911026001,0.9650205761316872,0.9620299800241474,0.12557893370588621,0.3070255344112714,2.54123463233312,nan,nan
usps,sparsemax,5,26,0.08318070322275162,0.9622770919067215,0.959072995910671,0.12409305820862453,0.3021426933507125,2.5255505045255027,nan,nan
usps,sparsemax,6,0,2.1269032955169678,0.36968449931412894,0.18487993063821748,1.8028333187103271,0.506536149730285,3.1065672437349954,nan,nan
usps,sparsemax,6,1,1.6852775812149048,0.49794238683127573,0.3724598458700327,1.4293733636538188,0.4878871863087018,3.0006463328997293,nan,nan
usps,sparsemax,6,2,1.2351629734039307,0.6104252400548696,0.5142306250783225,1.0252270499865215,0.4425998367369175,2.8647865056991577,nan,nan
usps,sparsemax,6,3,0.9135425686836243,0.7455418381344308,0.706575885182277,0.7553386886914571,0.4286094369987647,2.8279953002929688,nan,nan
usps,sparsemax,6,4,0.6599690318107605,0.8635116598079561,0.843481014107993,0.47301671902338666,0.4183194848398368,2.767096201578776,nan,nan
usps,sparsemax,6,5,0.4571855068206787,0.8964334705075446,0.8828455417390192,0.34997081259886426,0.406712356954813,2.731336692969004,nan,nan
usps,sparsemax,6,6,0.33714747428894043,0.9135802469135802,0.902209913297453,0.28440098961194354,0.398622240871191,2.7229351798693338,nan,nan
usps,sparsemax,6,7,0.26360177993774414,0.8813443072702332,0.866749190723246,0.355504368742307,0.39277132228016853,2.714724063873291,nan,nan
usps,sparsemax,6,8,0.2318892925977707,0.9259259259259259,0.9158742987721782,0.2382539138197899,0.3915579405923684,2.721980035305023,nan,nan
usps,sparsemax,6,9,0.19915330410003662,0.9320987654320988,0.9221697588689584,0.23527400195598602,0.3870604696373145,2.7094441254933677,nan,nan
usps,sparsemax,6,10,0.16825522482395172,0.9423868312757202,0.93374814200731,0.20314302295446396,0.3788141869008541,2.6852027972539267,nan,nan
usps,sparsemax,6,11,0.15605583786964417,0.9403292181069959,0.934547886535509,0.19284618149201074,0.37028277665376663,2.665864805380503,nan,nan
usps,sparsemax,6,12,0.13514120876789093,0.9499314128943759,0.9436824771402925,0.17526978254318237,0.3654824110368888,2.6545249819755554,nan,nan
usps,sparsemax,6,13,0.1306512951850891,0.9444444444444444,0.9384142678194479,0.19409774740537009,0.3682553904751937,2.6561938325564065,nan,nan
usps,sparsemax,6,14,0.12262099236249924,0.9410150891632373,0.9357050873429203,0.19170702621340752,0.35801662007967633,2.63604607184728,nan,nan
usps,sparsemax,6,15,0.10593487322330475,0.948559670781893,0.9399434134114768,0.17152420058846474,0.3545237295329571,2.6345709363619485,nan,nan
usps,sparsemax,6,16,0.1007920354604721,0.9574759945130316,0.9525076429341113,0.15286913514137268,0.34931258484721184,2.616633355617523,nan,nan
usps,sparsemax,6,17,0.08881022781133652,0.9595336076817559,0.9552853408087891,0.13155954206983247,0.3438733046253522,2.5999671816825867,nan,nan
usps,sparsemax,6,18,0.08144068717956543,0.9629629629629629,0.9587624051012904,0.13435751075545946,0.3403828504184882,2.5887667735417685,nan,nan
usps,sparsemax,6,19,0.06910604983568192,0.9622770919067215,0.957401858288,0.12203757340709369,0.33863011995951336,2.5872928698857627,nan,nan
usps,sparsemax,6,20,0.07235825806856155,0.9629629629629629,0.9581123141173787,0.13128686075409254,0.3364741913974285,2.5842325488726297,nan,nan
usps,sparsemax,6,21,0.07527176290750504,0.9561042524005487,0.951198666354291,0.15395432834823927,0.33264149477084476,2.5701179802417755,nan,nan
usps,sparsemax,6,22,0.0589059442281723,0.9643347050754458,0.9595651156030179,0.1316205176214377,0.32857537766297656,2.5593440234661102,nan,nan
usps,sparsemax,6,23,0.05864837393164635,0.96639231824417,0.9611464165878812,0.14283308138449988,0.3277016046146552,2.5652676820755005,nan,nan
usps,sparsemax,6,24,0.05746973305940628,0.96639231824417,0.9628260125887248,0.1420175073047479,0.32571589822570485,2.555753688017527,nan,nan
usps,sparsemax,6,25,0.0634121522307396,0.9595336076817559,0.9537525566739873,0.148783341050148,0.32147034630179405,2.547163645426432,nan,nan
usps,sparsemax,6,26,0.05393277108669281,0.9643347050754458,0.9597387614860896,0.13197935745120049,0.32299020265539485,2.5626220107078552,nan,nan
usps,sparsemax,6,27,0.0483064129948616,0.9650205761316872,0.9615865460616604,0.13794238368670145,0.31246965005993843,2.526219367980957,nan,nan
usps,sparsemax,6,28,0.05001198872923851,0.9643347050754458,0.9602983553382872,0.14195706943670908,0.3140920487542947,2.5403056939442954,nan,nan
usps,sparsemax,7,0,2.1742100715637207,0.3045267489711934,0.1256789135476509,1.9198133945465088,0.4151712680856387,2.675671468178431,nan,nan
usps,sparsemax,7,1,1.7609217166900635,0.3683127572016461,0.20411729132813844,1.5760730902353923,0.4462338797748089,2.790067881345749,nan,nan
usps,sparsemax,7,2,1.4327069520950317,0.593278463648834,0.5182392483984748,1.2091384530067444,0.40911602849761647,2.7028033435344696,nan,nan
usps,sparsemax,7,3,1.0445785522460938,0.720164609053498,0.6773637889839305,0.8081562717755636,0.3924397925535838,2.5893623928229013,nan,nan
usps,sparsemax,7,4,0.7336934804916382,0.8319615912208504,0.811012631881128,0.5649906496206919,0.3730175159871578,2.478959252436956,nan,nan
usps,sparsemax,7,5,0.5261077284812927,0.869684499314129,0.8536738932297252,0.43779899179935455,0.35603659475843114,2.462374061346054,nan,nan
usps,sparsemax,7,6,0.39775508642196655,0.9053497942386831,0.8945802822321571,0.3326280166705449,0.3422494400292635,2.3640185594558716,nan,nan
usps,sparsemax,7,7,0.33581897616386414,0.9135802469135802,0.904218836429529,0.3052431618173917,0.339066818356514,2.3601720134417215,nan,nan
usps,sparsemax,7,8,0.27050474286079407,0.9204389574759945,0.9115062679476104,0.28253767639398575,0.33761924132704735,2.392707884311676,nan,nan
usps,sparsemax,7,9,0.24510706961154938,0.9252400548696845,0.9171025203043598,0.24828623483578363,0.3343549569447835,2.404819965362549,nan,nan
usps,sparsemax,7,10,0.21626363694667816,0.9355281207133059,0.9283523950512942,0.21699841072161993,0.3286797031760216,2.3937235474586487,nan,nan
usps,sparsemax,7,11,0.18977349996566772,0.9362139917695473,0.929189508749259,0.2166335011521975,0.3243562566737334,2.3974135319391885,nan,nan
usps,sparsemax,7,12,0.17448318004608154,0.9368998628257887,0.9303944239775721,0.21892236173152924,0.3164783592025439,2.319687952597936,nan,nan
usps,sparsemax,7,13,0.16338534653186798,0.9327846364883402,0.9251788870209771,0.21299556394418082,0.318795382976532,2.3612212538719177,nan,nan
usps,sparsemax,7,14,0.1528509259223938,0.934156378600823,0.9274437203786642,0.21794222046931586,0.31576906020442647,2.3704781929651895,nan,nan
usps,sparsemax,7,15,0.1584407240152359,0.9320987654320988,0.9228907332498562,0.22520466645558676,0.30993036429087323,2.30581404765447,nan,nan
usps,sparsemax,7,16,0.14212416112422943,0.943758573388203,0.937783473641546,0.1936609148979187,0.3050595310827096,2.3093631168206534,nan,nan
usps,sparsemax,7,17,0.13129697740077972,0.9513031550068587,0.9464661963765153,0.15880896026889482,0.3001391974588235,2.2552073101202645,nan,nan
usps,sparsemax,7,18,0.1122657060623169,0.9506172839506173,0.9459559598262484,0.1631524326900641,0.3020607829093933,2.2970899840195975,nan,nan
usps,sparsemax,7,19,0.10324196517467499,0.9526748971193416,0.9485530944260147,0.15786873797575632,0.2979331084837516,2.285539130369822,nan,nan
usps,sparsemax,7,20,0.10369527339935303,0.9547325102880658,0.9509604272601939,0.16599771628777185,0.2943546126286189,2.2954806983470917,nan,nan
usps,sparsemax,7,21,0.10793457925319672,0.9513031550068587,0.9475894042357368,0.16231802850961685,0.297985269377629,2.2701105773448944,nan,nan
usps,sparsemax,7,22,0.09834509342908859,0.9547325102880658,0.9502745686104562,0.1477628673116366,0.29856304948528606,2.303294767936071,nan,nan
usps,sparsemax,7,23,0.094121053814888,0.9526748971193416,0.9492597042560744,0.1638063589731852,0.29948507994413376,2.34435573220253,nan,nan
usps,sparsemax,7,24,0.09310151636600494,0.9506172839506173,0.9472288892621474,0.18053077906370163,0.2948632041613261,2.2810398042201996,nan,nan
usps,sparsemax,7,25,0.08333338797092438,0.9526748971193416,0.9480850284127064,0.15459384893377623,0.29207664728164673,2.3044508000214896,nan,nan
usps,sparsemax,8,0,2.1478476524353027,0.345679012345679,0.1691751776855092,1.8685025970141094,0.43089842175443965,2.7271700302759805,nan,nan
usps,sparsemax,8,1,1.7679396867752075,0.3998628257887517,0.24844264818157433,1.5817548235257466,0.4140092122058074,2.6007358034451804,nan,nan
usps,sparsemax,8,2,1.5113182067871094,0.5246913580246914,0.40816001549961206,1.2897398670514424,0.3873396577934424,2.6573957403500876,nan,nan
usps,sparsemax,8,3,1.2579619884490967,0.612482853223594,0.48919731326280724,1.0311838189760845,0.3668399428327878,2.5605047047138214,nan,nan
usps,sparsemax,8,4,0.9863474369049072,0.7139917695473251,0.6358062183051262,0.8042791187763214,0.340408140172561,2.4869894782702127,nan,nan
usps,sparsemax,8,5,0.7567238211631775,0.8010973936899863,0.7500881158002007,0.5766653617223104,0.3352135233581066,2.481792072455088,nan,nan
usps,sparsemax,8,6,0.5917878746986389,0.8635116598079561,0.8409079214217188,0.44960257907708484,0.3309531348447005,2.4994313021500907,nan,nan
usps,sparsemax,8,7,0.43596601486206055,0.9080932784636488,0.8944413313773092,0.3045834129055341,0.3257836041351159,2.503160685300827,nan,nan
usps,sparsemax,8,8,0.36825814843177795,0.9204389574759945,0.9080194215582912,0.2605160102248192,0.32453039040168125,2.5097688933213553,nan,nan
usps,sparsemax,8,9,0.32304179668426514,0.9039780521262003,0.8915301326854154,0.32490916053454083,0.31474385410547256,2.4436184565226235,nan,nan
usps,sparsemax,8,10,0.3325618803501129,0.9238683127572016,0.9129029361772816,0.24531800796588263,0.30429033065835637,2.441404124101003,nan,nan
usps,sparsemax,8,11,0.2790411412715912,0.934156378600823,0.926671035151944,0.2318936511874199,0.30005476375420886,2.4313853879769645,nan,nan
usps,sparsemax,8,12,0.2603773772716522,0.9417009602194787,0.9327165580090346,0.18404041106502214,0.2973087665935357,2.441363513469696,nan,nan
usps,sparsemax,8,13,0.2156241089105606,0.9348422496570644,0.9256240125129563,0.19834940135478973,0.29977723583579063,2.4599864184856415,nan,nan
usps,sparsemax,8,14,0.19905853271484375,0.9368998628257887,0.9285426949555612,0.19271628061930338,0.29480746140082675,2.426551232735316,nan,nan
usps,sparsemax,8,15,0.1917768120765686,0.9417009602194787,0.9351978951120621,0.1809568628668785,0.2914670805136363,2.416466255982717,nan,nan
usps,sparsemax,8,16,0.15289582312107086,0.958161865569273,0.9534809908263725,0.1449654089907805,0.2899469969173272,2.4138842026392617,nan,nan
usps,sparsemax,8,17,0.16189345717430115,0.9368998628257887,0.9276565047282295,0.2028257797161738,0.28332054366668064,2.371836950381597,nan,nan
usps,sparsemax,8,18,0.14071212708950043,0.9465020576131687,0.9405002083447561,0.17003758872548738,0.2829313675562541,2.3952610095342,nan,nan
usps,sparsemax,8,19,0.15739181637763977,0.958161865569273,0.9540323030159217,0.13773851096630096,0.2808234579861164,2.3882733583450317,nan,nan
usps,sparsemax,8,20,0.14527501165866852,0.9547325102880658,0.9487343683031859,0.14751421908537546,0.2797613963484764,2.3849299252033234,nan,nan
usps,sparsemax,8,21,0.12560495734214783,0.9615912208504801,0.9570657588926696,0.13235924144585928,0.2754863513012727,2.3571722209453583,nan,nan
usps,sparsemax,8,22,0.1229153648018837,0.9615912208504801,0.9572601697173703,0.12582688902815184,0.2730785521368186,2.355092147986094,nan,nan
usps,sparsemax,8,23,0.12577205896377563,0.9526748971193416,0.9471072685839635,0.1495049682756265,0.27173464000225067,2.3664600253105164,nan,nan
usps,sparsemax,8,24,0.1010449081659317,0.9622770919067215,0.95766882166074,0.11926231905817986,0.2705431667466958,2.3735016584396362,nan,nan
usps,sparsemax,8,25,0.08929601311683655,0.9615912208504801,0.956956279580141,0.136269794156154,0.2664838532606761,2.353649844725927,nan,nan
usps,sparsemax,8,26,0.09883750975131989,0.9513031550068587,0.9463483666853104,0.1594428320725759,0.26047706231474876,2.309804012378057,nan,nan
usps,sparsemax,8,27,0.10200216621160507,0.9622770919067215,0.9574183393937098,0.12842214604218802,0.25760632505019504,2.298152377208074,nan,nan
usps,sparsemax,8,28,0.09689163416624069,0.9574759945130316,0.952614931509291,0.12783231462041536,0.25744858880837757,2.29764453570048,nan,nan
usps,sparsemax,8,29,0.09592654556035995,0.967764060356653,0.9642755539015834,0.12069132551550865,0.2629235622783502,2.322392374277115,nan,nan
usps,sparsemax,9,0,2.0926082134246826,0.35390946502057613,0.20031471454084207,1.7997429370880127,0.48958461234966916,2.8247651755809784,nan,nan
usps,sparsemax,9,1,1.713437795639038,0.3614540466392318,0.23135349950675854,1.6705761551856995,0.4827670169373353,2.8275674283504486,nan,nan
usps,sparsemax,9,2,1.5415889024734497,0.46844993141289437,0.3470287870865717,1.4244953592618306,0.46548791974782944,2.8939309120178223,nan,nan
usps,sparsemax,9,3,1.2502812147140503,0.6358024691358025,0.548219923081142,1.0858515501022339,0.4429763046403726,2.846772015094757,nan,nan
usps,sparsemax,9,4,0.9440256357192993,0.7290809327846365,0.6682579604616341,0.8025153577327728,0.43950380012393,2.8253217538197837,nan,nan
usps,sparsemax,9,5,0.7317053079605103,0.821673525377229,0.8010008548135291,0.5769104758898417,0.424479899307092,2.7854799926280975,nan,nan
usps,sparsemax,9,6,0.5482411980628967,0.877914951989026,0.8642063106101678,0.4182199289401372,0.41729363923271495,2.7455586592356362,nan,nan
usps,sparsemax,9,7,0.40714916586875916,0.8957475994513031,0.8837056448309706,0.3332614451646805,0.4153365132709344,2.7444090843200684,nan,nan
usps,sparsemax,9,8,0.3455164134502411,0.9170096021947873,0.9085230157038348,0.2819720357656479,0.40861840173602104,2.719575514396032,nan,nan
usps,sparsemax,9,9,0.28257519006729126,0.9245541838134431,0.915768933227238,0.2510322406888008,0.39742380132277805,2.678730388482412,nan,nan
usps,sparsemax,9,10,0.23976881802082062,0.9176954732510288,0.9091936928394686,0.2693472281098366,0.39287009338537854,2.6660540401935577,nan,nan
usps,sparsemax,9,11,0.2284773588180542,0.9417009602194787,0.9355565325580916,0.17703800151745477,0.38078173374136287,2.615643322467804,nan,nan
usps,sparsemax,9,12,0.20120571553707123,0.9492455418381345,0.9441291996000001,0.17539353792866072,0.3830317643781503,2.6622339288393655,nan,nan
usps,sparsemax,9,13,0.191520094871521,0.9451303155006858,0.9396032303782214,0.1866789534687996,0.37510693942507106,2.6365851362546286,nan,nan
usps,sparsemax,9,14,0.17183108627796173,0.9444444444444444,0.9380766121036876,0.18148377786080042,0.3747384448846181,2.648674031098684,nan,nan
usps,sparsemax,9,15,0.15954376757144928,0.948559670781893,0.9430975495238046,0.16624372700850168,0.3651329167187214,2.601162552833557,nan,nan
usps,sparsemax,9,16,0.15338270366191864,0.9513031550068587,0.9460816950578309,0.1600453481078148,0.34936317428946495,2.534951796134313,nan,nan
usps,sparsemax,9,17,0.1512196660041809,0.9492455418381345,0.9436695239376187,0.1818788635234038,0.3507926029463609,2.5632376670837402,nan,nan
usps,sparsemax,9,18,0.13144035637378693,0.953360768175583,0.9477422486634207,0.1591872237622738,0.3488306316236655,2.5552189350128174,nan,nan
usps,sparsemax,9,19,0.11848843842744827,0.9705075445816187,0.9668902469097256,0.11239628866314888,0.3403579071164131,2.515624384085337,nan,nan
usps,sparsemax,9,20,0.10374007374048233,0.9602194787379973,0.9547092177960256,0.14046339939037958,0.338998648027579,2.5191022952397666,nan,nan
usps,sparsemax,9,21,0.10013972222805023,0.9657064471879286,0.9621381677052172,0.1256153875341018,0.3385845373074214,2.5351185699303946,nan,nan
usps,sparsemax,9,22,0.09855654835700989,0.967764060356653,0.9639097385725854,0.12240528191129367,0.33109891911347705,2.5166972974936166,nan,nan
usps,sparsemax,9,23,0.09041658788919449,0.9698216735253772,0.9654747946372634,0.10905128096540768,0.32892903313040733,2.516845573981603,nan,nan
usps,sparsemax,9,24,0.097348153591156,0.9588477366255144,0.9540917564763346,0.14401370286941528,0.3278934893508752,2.5233253637949624,nan,nan
usps,entmax15,0,0,2.1439478397369385,0.29218106995884774,0.1340634365770311,1.9953142404556274,0.8519261380036672,3.6620169281959534,nan,nan
usps,entmax15,0,1,1.9154891967773438,0.35390946502057613,0.18637327516190436,1.7669872244199116,0.8267352084318796,3.608639438947042,nan,nan
usps,entmax15,0,2,1.6800435781478882,0.4458161865569273,0.29172024559639453,1.4962745706240337,0.7727014521757761,3.544666806856791,nan,nan
usps,entmax15,0,3,1.2765586376190186,0.7016460905349794,0.640086291537922,0.9121537009874979,0.6330040494600931,3.2707349260648093,nan,nan
usps,entmax15,0,4,0.8426865339279175,0.789437585733882,0.7615227483627331,0.6654676000277201,0.6123418112595876,3.183644493420919,nan,nan
usps,entmax15,0,5,0.6369360089302063,0.8525377229080933,0.833489282373403,0.47267405192057294,0.6232028206189474,3.2164329489072165,nan,nan
usps,entmax15,0,6,0.47290292382240295,0.8820301783264746,0.8683326483119516,0.36321747799714404,0.6063450574874878,3.1839911540349326,nan,nan
usps,entmax15,0,7,0.39437034726142883,0.892318244170096,0.8834915446918913,0.3383059004942576,0.6093360930681229,3.190628012021383,nan,nan
usps,entmax15,0,8,0.342262327671051,0.9170096021947873,0.9086511699168713,0.26411136736472446,0.6167833209037781,3.22035417954127,nan,nan
usps,entmax15,0,9,0.2886328399181366,0.9163237311385459,0.9072955814404269,0.2615429734190305,0.6233990043401718,3.2256837288538613,nan,nan
usps,entmax15,0,10,0.270742803812027,0.9245541838134431,0.9181952652352399,0.2359301634132862,0.6263353327910105,3.2365537683169046,nan,nan
usps,entmax15,0,11,0.24567750096321106,0.934156378600823,0.9281586819161426,0.20480375116070113,0.6163210521141688,3.209525724252065,nan,nan
usps,entmax15,0,12,0.22483232617378235,0.9348422496570644,0.9295000862761388,0.2148386836051941,0.6230866213639578,3.2284077803293862,nan,nan
usps,entmax15,0,13,0.21559379994869232,0.9389574759945131,0.9332403311143143,0.1884455606341362,0.6243134488662084,3.231749951839447,nan,nan
usps,entmax15,0,14,0.18771404027938843,0.9423868312757202,0.9379079629895435,0.1829977991680304,0.6136573900779089,3.202496608098348,nan,nan
usps,entmax15,0,15,0.1883390098810196,0.9492455418381345,0.945588229263419,0.16579808667302132,0.6135401775439581,3.198382834593455,nan,nan
usps,entmax15,0,16,0.17665670812129974,0.9567901234567902,0.9537734984777734,0.1572175733745098,0.6105428437391917,3.182049055894216,nan,nan
usps,entmax15,0,17,0.16046279668807983,0.9451303155006858,0.9410626894512311,0.16821436832348505,0.594315101703008,3.149725337823232,nan,nan
usps,entmax15,0,18,0.15615513920783997,0.9513031550068587,0.9475556274864401,0.15728004525105158,0.5918813844521841,3.1355756521224976,nan,nan
usps,entmax15,0,19,0.14483998715877533,0.9417009602194787,0.9364701051439143,0.18107202649116516,0.5908087541659673,3.1308193802833557,nan,nan
usps,entmax15,0,20,0.1449090838432312,0.9519890260631001,0.9491586177792671,0.16068768749634424,0.586135745048523,3.114807585875193,nan,nan
usps,entmax15,0,21,0.13740883767604828,0.9471879286694102,0.9429046855212377,0.1507004275918007,0.5809158136447271,3.1076808174451194,nan,nan
usps,entmax15,1,0,2.169085741043091,0.3017832647462277,0.12393794775034814,1.9834812084833782,0.9481034179528555,3.8687424659729004,nan,nan
usps,entmax15,1,1,1.8738329410552979,0.3792866941015089,0.22420515699177898,1.665649672349294,0.9166186898946762,3.8030316829681396,nan,nan
usps,entmax15,1,2,1.5556690692901611,0.49039780521262005,0.37562817004700466,1.3557543953259785,0.7728960514068604,3.5466115872065225,nan,nan
usps,entmax15,1,3,1.2848483324050903,0.6227709190672154,0.5375276230632449,1.0827046036720276,0.7244718869527181,3.468290408452352,nan,nan
usps,entmax15,1,4,0.9845343232154846,0.7537722908093278,0.7049224449895501,0.7719030876954397,0.7204499393701553,3.4482038219769797,nan,nan
usps,entmax15,1,5,0.8060266375541687,0.7962962962962963,0.7548192921203996,0.6288869281609853,0.7349457442760468,3.464189350605011,nan,nan
usps,entmax15,1,6,0.6365829110145569,0.8388203017832647,0.8061276813115128,0.48601412276426953,0.7438118904829025,3.454299489657084,nan,nan
usps,entmax15,1,7,0.5134413838386536,0.8683127572016461,0.8452001844626006,0.401993989944458,0.7525823513666788,3.4676090280214944,nan,nan
usps,entmax15,1,8,0.4496767222881317,0.892318244170096,0.8718630543371828,0.36369272073109943,0.754216730594635,3.4623641769091287,nan,nan
usps,entmax15,1,9,0.4247276186943054,0.8820301783264746,0.8553047401736418,0.3540622492631276,0.752521832784017,3.441330055395762,nan,nan
usps,entmax15,1,10,0.3736664354801178,0.8936899862825789,0.8718667894954863,0.3371156205733617,0.7567764669656754,3.445727308591207,nan,nan
usps,entmax15,1,11,0.3578755855560303,0.9122085048010974,0.8953583738994508,0.28252797077099484,0.7444838732481003,3.3984679182370505,nan,nan
usps,entmax15,1,12,0.3364892601966858,0.9204389574759945,0.9065873642065224,0.2616123979290326,0.7361284891764323,3.37629234790802,nan,nan
usps,entmax15,1,13,0.2998112738132477,0.9224965706447188,0.908464677432345,0.25462522109349567,0.7333149313926697,3.3561452627182007,nan,nan
usps,entmax15,1,14,0.28764107823371887,0.9327846364883402,0.9208400829976269,0.21630489329497019,0.7284170190493265,3.3235873579978943,nan,nan
usps,entmax15,1,15,0.2672319710254669,0.9382716049382716,0.927962683882104,0.21044682959715524,0.7292935500542322,3.315477708975474,nan,nan
usps,entmax15,1,16,0.24506191909313202,0.9375857338820301,0.9268653017474395,0.20139809449513754,0.7228023260831833,3.304392993450165,nan,nan
usps,entmax15,1,17,0.21418669819831848,0.9526748971193416,0.9459298769717878,0.16023551175991693,0.7128291775782903,3.267865240573883,nan,nan
usps,entmax15,1,18,0.19612757861614227,0.953360768175583,0.9469868162101218,0.15178942928711572,0.7035944163799286,3.240119775136312,nan,nan
usps,entmax15,1,19,0.19070275127887726,0.9547325102880658,0.9480204170580772,0.15099277719855309,0.7025198092063268,3.2227878173192344,nan,nan
usps,entmax15,1,20,0.18368706107139587,0.958161865569273,0.9514086258057883,0.14539079616467157,0.6961822261412939,3.196583112080892,nan,nan
usps,entmax15,1,21,0.16009020805358887,0.9554183813443072,0.94801477592347,0.1614841235180696,0.6918461173772812,3.183858275413513,nan,nan
usps,entmax15,1,22,0.15648117661476135,0.9602194787379973,0.9553372980654119,0.14547574892640114,0.6941167414188385,3.1779568990071616,nan,nan
usps,entmax15,1,23,0.14642061293125153,0.9622770919067215,0.9582529431750977,0.13110456988215446,0.6990209172169367,3.2043165961901345,nan,nan
usps,entmax15,1,24,0.13833536207675934,0.9657064471879286,0.9616120870491549,0.12101433301965396,0.6976483166217804,3.1891098419825235,nan,nan
usps,entmax15,1,25,0.12058975547552109,0.9622770919067215,0.9566397634776056,0.1392336611946424,0.6967600335677465,3.187130014101664,nan,nan
usps,entmax15,1,26,0.13252945244312286,0.9615912208504801,0.9571338327184244,0.14315481235583624,0.6869222074747086,3.1605899930000305,nan,nan
usps,entmax15,1,27,0.11862076073884964,0.9705075445816187,0.9667206682280545,0.1072725219031175,0.6834272493918737,3.148324469725291,nan,nan
usps,entmax15,1,28,0.12357522547245026,0.9705075445816187,0.9664238562574688,0.11187390238046646,0.685401995976766,3.154495894908905,nan,nan
usps,entmax15,1,29,0.11850905418395996,0.9643347050754458,0.9598436584333209,0.11993830154339473,0.6877036194006602,3.1665802597999573,nan,nan
usps,entmax15,2,0,2.130378484725952,0.3093278463648834,0.15416556934231224,1.9441071351369221,0.8880700667699178,3.861340502897898,nan,nan
usps,entmax15,2,1,1.8360841274261475,0.4156378600823045,0.2611913264527609,1.6318207184473674,0.8821134219566981,3.7665487130482993,nan,nan
usps,entmax15,2,2,1.5341508388519287,0.51440329218107,0.420757629877087,1.2979597647984822,0.8321577260891596,3.625455101331075,nan,nan
usps,entmax15,2,3,1.1402565240859985,0.7078189300411523,0.6643929697565379,0.8540004591147105,0.8306932747364044,3.67088520526886,nan,nan
usps,entmax15,2,4,0.7876325845718384,0.8065843621399177,0.7794915680362223,0.6007011532783508,0.8341710468133291,3.6385982632637024,nan,nan
usps,entmax15,2,5,0.5867223739624023,0.864883401920439,0.8449939109706996,0.45177553097407025,0.8361353625853857,3.6422423919041953,nan,nan
usps,entmax15,2,6,0.4573687016963959,0.8806584362139918,0.8672374858843697,0.36907539268334705,0.8273503432671229,3.6194417079289756,nan,nan
usps,entmax15,2,7,0.3970850706100464,0.9080932784636488,0.8953253210032921,0.2939672917127609,0.8227713257074356,3.5926416913668313,nan,nan
usps,entmax15,2,8,0.3193783164024353,0.9279835390946503,0.919308315440421,0.24041888366142908,0.8201150496800741,3.5813992420832315,nan,nan
usps,entmax15,2,9,0.2743526101112366,0.9382716049382716,0.9308508130809073,0.23262519389390945,0.8223350544770559,3.572385569413503,nan,nan
usps,entmax15,2,10,0.23880907893180847,0.9300411522633745,0.9211939788569751,0.23461288213729858,0.8007147014141083,3.5357284347216287,nan,nan
usps,entmax15,2,11,0.21411418914794922,0.9355281207133059,0.9283593012633184,0.21815097083648047,0.7990230868260065,3.5253041783968606,nan,nan
usps,entmax15,2,12,0.19834153354167938,0.9410150891632373,0.9331720110376291,0.1950200547774633,0.7832227696975073,3.4911511143048606,nan,nan
usps,entmax15,2,13,0.19000157713890076,0.9417009602194787,0.9332705952169859,0.19653387864430746,0.7866501609484354,3.480709453423818,nan,nan
usps,entmax15,2,14,0.17291083931922913,0.9423868312757202,0.935540897518667,0.1957255800565084,0.7820865213871002,3.4726021687189736,nan,nan
usps,entmax15,2,15,0.16675621271133423,0.9492455418381345,0.9429853424408028,0.17800011485815048,0.7725860774517059,3.448860764503479,nan,nan
usps,entmax15,2,16,0.1475795954465866,0.9519890260631001,0.9451873529505027,0.17331919819116592,0.7780238588651022,3.460284173488617,nan,nan
usps,entmax15,2,17,0.14352326095104218,0.9554183813443072,0.9490296352740504,0.1707307199637095,0.7720990478992462,3.4369750022888184,nan,nan
usps,entmax15,2,18,0.14534114301204681,0.9561042524005487,0.9496640710715134,0.17012892911831537,0.768952488899231,3.4267122745513916,nan,nan
usps,entmax15,2,19,0.1239074096083641,0.953360768175583,0.9471010166657144,0.15338586022456488,0.7689148038625717,3.418780525525411,nan,nan
usps,entmax15,2,20,0.12208303064107895,0.9547325102880658,0.9487229085633645,0.161933912585179,0.7584971735874811,3.385465224583944,nan,nan
usps,entmax15,2,21,0.1166434958577156,0.9588477366255144,0.9523097027425589,0.14612885067860285,0.755390668908755,3.379184047381083,nan,nan
usps,entmax15,2,22,0.11543191969394684,0.9513031550068587,0.9448339682276397,0.17792406181494394,0.7507382680972418,3.370022416114807,nan,nan
usps,entmax15,2,23,0.11408309638500214,0.9595336076817559,0.9542071427389234,0.1462669844428698,0.7519588073094686,3.3708738684654236,nan,nan
usps,entmax15,2,24,0.10739801079034805,0.9561042524005487,0.9498231716938152,0.15962122132380804,0.7548796633879343,3.370765825112661,nan,nan
usps,entmax15,2,25,0.10103406012058258,0.9499314128943759,0.9428689628082362,0.15566464886069298,0.7372802545626959,3.3267979820569358,nan,nan
usps,entmax15,2,26,0.1009412556886673,0.9588477366255144,0.9529149755211261,0.15496049573024115,0.7363179922103882,3.329895834128062,nan,nan
usps,entmax15,2,27,0.09159421920776367,0.9554183813443072,0.9499802777174076,0.1538124904036522,0.730385755499204,3.3037641048431396,nan,nan
usps,entmax15,2,28,0.0902181938290596,0.958161865569273,0.952007450520694,0.1466328650712967,0.7293671071529388,3.3105233311653137,nan,nan
usps,entmax15,3,0,2.1205646991729736,0.30246913580246915,0.12153355634300456,1.9533785184224446,0.8216893871625265,3.705835461616516,nan,nan
usps,entmax15,3,1,1.8510918617248535,0.3532235939643347,0.20358713045991025,1.7052291830380757,0.8378327240546545,3.682954947153727,nan,nan
usps,entmax15,3,2,1.5494120121002197,0.47050754458161864,0.3611277514721381,1.3781780004501343,0.7467236965894699,3.4641913572947183,nan,nan
usps,entmax15,3,3,1.2705191373825073,0.5555555555555556,0.45404340872118887,1.1853303114573162,0.6709963927666346,3.286186079184214,nan,nan
usps,entmax15,3,4,1.0796005725860596,0.7194787379972565,0.6862061960004435,0.8802439868450165,0.6385832925637563,3.1842706203460693,nan,nan
usps,entmax15,3,5,0.8403394818305969,0.7757201646090535,0.7360766688301748,0.6731164356072744,0.6207926372687022,3.140187680721283,nan,nan
usps,entmax15,3,6,0.676798403263092,0.8278463648834019,0.8100971799903846,0.5417298078536987,0.6079809765021006,3.102333128452301,nan,nan
usps,entmax15,3,7,0.5473083853721619,0.8628257887517147,0.8505352482485247,0.4280456354220708,0.615640364587307,3.1401225129763284,nan,nan
usps,entmax15,3,8,0.4629049301147461,0.8683127572016461,0.857393488578386,0.4159476061662038,0.6310523152351379,3.1825390656789145,nan,nan
usps,entmax15,3,9,0.41757452487945557,0.8895747599451304,0.8793685261006603,0.33186391989390057,0.6220470840732256,3.1633087793986,nan,nan
usps,entmax15,3,10,0.3454611599445343,0.911522633744856,0.9026760991977536,0.28344394514958066,0.6385604292154312,3.211511254310608,nan,nan
usps,entmax15,3,11,0.2894194722175598,0.9300411522633745,0.922202515172707,0.22699287782112756,0.6401600688695908,3.2352030277252197,nan,nan
usps,entmax15,3,12,0.2616334557533264,0.9334705075445816,0.9269488137835159,0.2189926728606224,0.652906134724617,3.253148873647054,nan,nan
usps,entmax15,3,13,0.23839490115642548,0.9238683127572016,0.9163249172211889,0.22388387471437454,0.6376491983731588,3.2149585684140525,nan,nan
usps,entmax15,3,14,0.2165497988462448,0.9471879286694102,0.9406331699353967,0.18128003676732382,0.6584333330392838,3.263229807217916,nan,nan
usps,entmax15,3,15,0.21508660912513733,0.9465020576131687,0.9407292605744981,0.17106627921263376,0.6576601813236872,3.256539980570475,nan,nan
usps,entmax15,3,16,0.18182368576526642,0.9540466392318244,0.9488135287003953,0.15940203020970026,0.6634984215100607,3.2582178711891174,nan,nan
usps,entmax15,3,17,0.1730204075574875,0.9506172839506173,0.9456470738653827,0.16852696985006332,0.6573944290479025,3.2421271403630576,nan,nan
usps,entmax15,3,18,0.17472971975803375,0.9574759945130316,0.9533477827601455,0.14301540205876032,0.6612346172332764,3.244207978248596,nan,nan
usps,entmax15,3,19,0.15649773180484772,0.9519890260631001,0.9473639126905107,0.1522926688194275,0.6561171313126882,3.2288992603619895,nan,nan
usps,entmax15,3,20,0.15604352951049805,0.953360768175583,0.9487137998041495,0.1389940989514192,0.648241713643074,3.2069148421287537,nan,nan
usps,entmax15,3,21,0.14056579768657684,0.9622770919067215,0.9581929777613274,0.1362872781852881,0.6543483883142471,3.2133285204569497,nan,nan
usps,entmax15,3,22,0.1253572404384613,0.9622770919067215,0.9584872961014993,0.12379152948657672,0.6618982056776682,3.237167477607727,nan,nan
usps,entmax15,3,23,0.11577536165714264,0.9657064471879286,0.9621456433734936,0.11616826181610425,0.6496638605991999,3.205896476904551,nan,nan
usps,entmax15,3,24,0.11164553463459015,0.9602194787379973,0.9569774080241599,0.12752779200673103,0.6567428857088089,3.2214830120404563,nan,nan
usps,entmax15,3,25,0.116721972823143,0.9595336076817559,0.9550136360144272,0.13386273384094238,0.639676421880722,3.1747366388638816,nan,nan
usps,entmax15,3,26,0.11773268133401871,0.9561042524005487,0.9529576740338275,0.14144164075454077,0.6432402084271113,3.188109576702118,nan,nan
usps,entmax15,3,27,0.11465341597795486,0.9595336076817559,0.9564566608721734,0.132571908334891,0.6340678234895071,3.1651323636372886,nan,nan
usps,entmax15,3,28,0.10130760818719864,0.9629629629629629,0.9591916700188376,0.1246991107861201,0.6495122462511063,3.1953113277753196,nan,nan
usps,entmax15,4,0,2.1827828884124756,0.289437585733882,0.11924631748085646,2.007031500339508,0.933731829126676,3.9473045070966086,nan,nan
usps,entmax15,4,1,1.8846977949142456,0.36419753086419754,0.17942146952486937,1.6663422187169392,0.9132983336846033,3.8597061038017273,nan,nan
usps,entmax15,4,2,1.5904806852340698,0.5185185185185185,0.41109958852831563,1.2993298172950745,0.8492101480563482,3.6285468339920044,nan,nan
usps,entmax15,4,3,1.164124846458435,0.622085048010974,0.547566130366006,0.9512658814589182,0.7599398046731949,3.4677586555480957,nan,nan
usps,entmax15,4,4,0.9535918235778809,0.7126200274348422,0.6560491594855694,0.8131388425827026,0.7603390862544378,3.473357836405436,nan,nan
usps,entmax15,4,5,0.7551777958869934,0.7750342935528121,0.7416876730246154,0.6491146087646484,0.752975602944692,3.4558597803115845,nan,nan
usps,entmax15,4,6,0.5944193005561829,0.8203017832647462,0.7931243204295089,0.5019558966159821,0.7424342185258865,3.428587237993876,nan,nan
usps,entmax15,4,7,0.47259294986724854,0.8518518518518519,0.8345319765915455,0.44012774527072906,0.742652619878451,3.4394792914390564,nan,nan
usps,entmax15,4,8,0.4050041735172272,0.8689986282578875,0.8527245812322362,0.37476034959157306,0.7249285231033961,3.4038890600204468,nan,nan
usps,entmax15,4,9,0.3609987497329712,0.897119341563786,0.8861998111625893,0.3047688901424408,0.7179872194925944,3.376127541065216,nan,nan
usps,entmax15,4,10,0.30045902729034424,0.9005486968449932,0.8912536277054123,0.2938005079825719,0.7112899025281271,3.356549402077993,nan,nan
usps,entmax15,4,11,0.28765562176704407,0.9224965706447188,0.9148924241733528,0.2504378780722618,0.7029238144556681,3.3366678953170776,nan,nan
usps,entmax15,4,12,0.2570894956588745,0.9197530864197531,0.9122266790125313,0.2335700218876203,0.7000976304213206,3.32739919424057,nan,nan
usps,entmax15,4,13,0.2420629858970642,0.9300411522633745,0.9229739802441307,0.21966989586750665,0.6890547176202139,3.296057105064392,nan,nan
usps,entmax15,4,14,0.2169327288866043,0.9307270233196159,0.9230660399117225,0.2165972019235293,0.6958989650011063,3.299056569735209,nan,nan
usps,entmax15,4,15,0.2113894820213318,0.9231824417009602,0.9150182165788655,0.2280322661002477,0.689887339870135,3.286511222521464,nan,nan
usps,entmax15,4,16,0.20805849134922028,0.9417009602194787,0.9347640266211303,0.19835250824689865,0.6885786553223928,3.278341770172119,nan,nan
usps,entmax15,4,17,0.19228896498680115,0.9423868312757202,0.9370549992590146,0.17784960071245828,0.6924424866835276,3.2889756759007773,nan,nan
usps,entmax15,4,18,0.1859329491853714,0.9382716049382716,0.9329087726605024,0.19978875170151392,0.6739944219589233,3.2447360952695212,nan,nan
usps,entmax15,4,19,0.18899889290332794,0.9465020576131687,0.9412215302322622,0.17826007306575775,0.669093444943428,3.220725735028585,nan,nan
usps,entmax15,4,20,0.17614321410655975,0.9430727023319616,0.9377863089734539,0.19440947224696478,0.6627110292514166,3.1974972685178122,nan,nan
usps,entmax15,4,21,0.1607242226600647,0.9567901234567902,0.9523831027914251,0.15510816872119904,0.6680217881997427,3.2058894634246826,nan,nan
usps,entmax15,4,22,0.16067826747894287,0.9478737997256516,0.942841722977459,0.164769034832716,0.6608356287082037,3.1915776133537292,nan,nan
usps,entmax15,4,23,0.16056063771247864,0.9362139917695473,0.9295363046843222,0.1735200621187687,0.6569381852944692,3.181002656618754,nan,nan
usps,entmax15,4,24,0.15001116693019867,0.9478737997256516,0.9436253140107784,0.19180181870857874,0.6693494121233622,3.20038233200709,nan,nan
usps,entmax15,4,25,0.14642858505249023,0.9540466392318244,0.9492446094760123,0.1583381642897924,0.6595770766337713,3.1759257117907205,nan,nan
usps,entmax15,4,26,0.13172200322151184,0.9519890260631001,0.9477370858889014,0.15453926473855972,0.6567227989435196,3.1657625238100686,nan,nan
usps,entmax15,5,0,2.0963516235351562,0.2997256515775034,0.15547528265078958,1.9529911677042644,0.8561523904403051,3.788112998008728,nan,nan
usps,entmax15,5,1,1.7818487882614136,0.38751714677640603,0.2623443022791923,1.6080465118090312,0.9182099302609762,3.79856930176417,nan,nan
usps,entmax15,5,2,1.4970604181289673,0.5068587105624143,0.3965671877061553,1.3329704801241558,0.8112282504638036,3.600233733654022,nan,nan
usps,entmax15,5,3,1.2033270597457886,0.612482853223594,0.5312206696705648,1.0361792246500652,0.7719323486089706,3.521636505921682,nan,nan
usps,entmax15,5,4,0.9379979968070984,0.7071330589849109,0.6697354386666586,0.8138017356395721,0.7718782623608907,3.497856020927429,nan,nan
usps,entmax15,5,5,0.7486621141433716,0.813443072702332,0.8015912210625198,0.6561818222204844,0.7468659182389578,3.4351043899854026,nan,nan
usps,entmax15,5,6,0.6155423521995544,0.8525377229080933,0.842616170300189,0.5055445631345113,0.7540143579244614,3.4410101572672525,nan,nan
usps,entmax15,5,7,0.5213945508003235,0.8758573388203018,0.8670068221542617,0.4150482068459193,0.738632063070933,3.401476244131724,nan,nan
usps,entmax15,5,8,0.4231027066707611,0.8895747599451304,0.880462084228325,0.37315188348293304,0.7458833009004593,3.4072290857632956,nan,nan
usps,entmax15,5,9,0.37154364585876465,0.9012345679012346,0.8948596132702684,0.3198085327943166,0.7520885765552521,3.415641129016876,nan,nan
usps,entmax15,5,10,0.32162216305732727,0.9060356652949245,0.8993035159123112,0.29732762773831684,0.7360140681266785,3.36227156718572,nan,nan
usps,entmax15,5,11,0.2755952477455139,0.9293552812071331,0.9255732040562789,0.2353762984275818,0.7445374230543772,3.3619911074638367,nan,nan
usps,entmax15,5,12,0.24392683804035187,0.9314128943758574,0.9276610067350483,0.23030997067689896,0.7443579683701197,3.354745090007782,nan,nan
usps,entmax15,5,13,0.22556187212467194,0.9334705075445816,0.9296790108932227,0.2178607458869616,0.7364907413721085,3.328656236330668,nan,nan
usps,entmax15,5,14,0.20941127836704254,0.9197530864197531,0.9145850969294258,0.24574543287356695,0.7431761920452118,3.3274991512298584,nan,nan
usps,entmax15,5,15,0.20027698576450348,0.9389574759945131,0.9353930847364058,0.21164013693730035,0.7386991331974665,3.3100128372510276,nan,nan
usps,entmax15,5,16,0.1850147247314453,0.9444444444444444,0.9410523448322046,0.2026212252676487,0.7548860460519791,3.338540554046631,nan,nan
usps,entmax15,5,17,0.17741018533706665,0.9458161865569273,0.9423119275508294,0.18758346140384674,0.7470843096574148,3.293016711870829,nan,nan
usps,entmax15,5,18,0.16517578065395355,0.9588477366255144,0.955970137782777,0.16373574609557787,0.7433582246303558,3.2766893108685813,nan,nan
usps,entmax15,5,19,0.14698545634746552,0.9513031550068587,0.9481454622589794,0.1811583029727141,0.741984615723292,3.2612251440684,nan,nan
usps,entmax15,5,20,0.15815217792987823,0.9513031550068587,0.9485474707817012,0.18666478246450424,0.7584199756383896,3.313501298427582,nan,nan
usps,entmax15,5,21,0.13707703351974487,0.9471879286694102,0.9433632598508828,0.18112420911590257,0.7419633815685908,3.261028071244558,nan,nan
usps,entmax15,5,22,0.1230921596288681,0.958161865569273,0.9552861753612468,0.1684273841480414,0.7445469051599503,3.267615099747976,nan,nan
usps,entmax15,5,23,0.14031998813152313,0.9602194787379973,0.9576839183592867,0.15971044699350992,0.7248908927043279,3.1896813909212747,nan,nan
usps,entmax15,5,24,0.11981707066297531,0.9595336076817559,0.9570355663414176,0.1673796238998572,0.7163306027650833,3.156883637110392,nan,nan
usps,entmax15,5,25,0.10849497467279434,0.9615912208504801,0.9587763240174031,0.15798422197500864,0.7304239720106125,3.2175909678141275,nan,nan
usps,entmax15,5,26,0.09762000292539597,0.9629629629629629,0.9606042881871393,0.15181700512766838,0.7146676033735275,3.1684303283691406,nan,nan
usps,entmax15,5,27,0.1033637672662735,0.958161865569273,0.955286458138632,0.17631262789169946,0.7143433839082718,3.1528371572494507,nan,nan
usps,entmax15,5,28,0.10573261231184006,0.9609053497942387,0.9580380924855577,0.15486137941479683,0.7125057429075241,3.1392929752667746,nan,nan
usps,entmax15,5,29,0.09361942857503891,0.9622770919067215,0.9597581619327498,0.16488090281685194,0.7224445343017578,3.1770136952400208,nan,nan
usps,entmax15,6,0,2.144333839416504,0.32510288065843623,0.14229149590071494,1.9155600666999817,0.8865921000639597,3.800047437349955,nan,nan
usps,entmax15,6,1,1.776044249534607,0.4506172839506173,0.29965830395790133,1.5036546190579732,0.7723166147867838,3.4563482801119485,nan,nan
usps,entmax15,6,2,1.3729350566864014,0.612482853223594,0.519460296174352,1.0476880768934886,0.7093236943085989,3.4100494186083474,nan,nan
usps,entmax15,6,3,0.9988991618156433,0.7599451303155007,0.7170423948688543,0.7705270648002625,0.7329496343930563,3.4391902486483255,nan,nan
usps,entmax15,6,4,0.7354725003242493,0.8545953360768176,0.8353774206843056,0.539894829193751,0.7241541594266891,3.428879678249359,nan,nan
usps,entmax15,6,5,0.49722105264663696,0.8861454046639232,0.8711632435979165,0.37849987546602887,0.7155243754386902,3.400571087996165,nan,nan
usps,entmax15,6,6,0.38010111451148987,0.9163237311385459,0.9032523966564101,0.301974356174469,0.714389850695928,3.3742076754570007,nan,nan
usps,entmax15,6,7,0.30612799525260925,0.9231824417009602,0.9098710938362687,0.2624620695908864,0.7070459475119909,3.363870859146118,nan,nan
usps,entmax15,6,8,0.257976233959198,0.9272976680384087,0.916708258650582,0.23673314104477564,0.7112833658854166,3.355796237786611,nan,nan
usps,entmax15,6,9,0.22000810503959656,0.9362139917695473,0.9269830010568867,0.2239141414562861,0.7007098446289698,3.32785834868749,nan,nan
usps,entmax15,6,10,0.2078280746936798,0.9375857338820301,0.9289397413906124,0.20579312990109125,0.7061774581670761,3.338705619176229,nan,nan
usps,entmax15,6,11,0.16704025864601135,0.9506172839506173,0.9432546624370943,0.17101976896325746,0.7014159758885702,3.3211052815119424,nan,nan
usps,entmax15,6,12,0.15619483590126038,0.9519890260631001,0.9456010497241143,0.16646143421530724,0.7014957269032797,3.3156188130378723,nan,nan
usps,entmax15,6,13,0.15733642876148224,0.9499314128943759,0.9427525817173926,0.16500214487314224,0.6867193828026453,3.2766640186309814,nan,nan
usps,entmax15,6,14,0.1412394642829895,0.948559670781893,0.940761952963539,0.1799822673201561,0.6811641206343969,3.2503678599993386,nan,nan
usps,entmax15,6,15,0.1500779539346695,0.9458161865569273,0.93988878156135,0.16548449421922365,0.6811518967151642,3.2342355449994407,nan,nan
usps,entmax15,6,16,0.14078471064567566,0.9526748971193416,0.945764391943747,0.1557861790060997,0.6794599990049998,3.217315951983134,nan,nan
usps,entmax15,6,17,0.12709487974643707,0.9506172839506173,0.9438000207838183,0.16007516533136368,0.6640951037406921,3.1657692790031433,nan,nan
usps,entmax15,6,18,0.12212048470973969,0.9540466392318244,0.9473541249481758,0.14969661086797714,0.6698292742172877,3.164493223031362,nan,nan
usps,entmax15,6,19,0.10541051626205444,0.9561042524005487,0.9501959530128632,0.14883827418088913,0.6644473373889923,3.132651428381602,nan,nan
usps,entmax15,6,20,0.10842420160770416,0.9547325102880658,0.9477985650546931,0.1527889184653759,0.6562337974707285,3.0894442796707153,nan,nan
usps,entmax15,6,21,0.10148601233959198,0.9595336076817559,0.9535098892909882,0.13473868990937868,0.6575332333644232,3.0876808365186057,nan,nan
usps,entmax15,6,22,0.09060904383659363,0.9574759945130316,0.9512684887014894,0.13194691389799118,0.6434754331906637,3.0328566829363504,nan,nan
usps,entmax15,6,23,0.0854199081659317,0.9602194787379973,0.9544618706287975,0.1382379320760568,0.6388111263513565,2.998543659845988,nan,nan
usps,entmax15,6,24,0.09011255204677582,0.9567901234567902,0.9514413163990382,0.1451658916970094,0.6342040002346039,3.0000429153442383,nan,nan
usps,entmax15,6,25,0.0857546329498291,0.958161865569273,0.952503331135936,0.13367264221111932,0.6357304950555166,3.0017236272493997,nan,nan
usps,entmax15,6,26,0.07776590436697006,0.9650205761316872,0.960681838878054,0.12620634709795317,0.6206833173831304,2.9715569217999778,nan,nan
usps,entmax15,6,27,0.0678877979516983,0.9622770919067215,0.9575029019720679,0.12482580294211705,0.6239964962005615,2.9649086793263755,nan,nan
usps,entmax15,6,28,0.07429585605859756,0.9609053497942387,0.9551799169194333,0.13516723364591599,0.6415207634369532,3.0122807025909424,nan,nan
usps,entmax15,6,29,0.059788577258586884,0.9636488340192044,0.9586106265292053,0.11527008190751076,0.6259247263272604,2.9598554770151773,nan,nan
usps,entmax15,7,0,2.1775052547454834,0.2832647462277092,0.10840879132009063,2.0043391784032187,0.916495124499003,3.699077606201172,nan,nan
usps,entmax15,7,1,1.9004334211349487,0.34087791495198905,0.18975085951099632,1.7287082274754841,0.8867537975311279,3.692062795162201,nan,nan
usps,entmax15,7,2,1.6097174882888794,0.4588477366255144,0.3542427311620635,1.4282434980074565,0.781050980091095,3.451845129330953,nan,nan
usps,entmax15,7,3,1.272383451461792,0.6330589849108368,0.5438312439432206,0.9982071816921234,0.7210199584563574,3.3391210436820984,nan,nan
usps,entmax15,7,4,0.9150069952011108,0.7962962962962963,0.7640633304669865,0.6586752732594808,0.7601894636948904,3.4337708353996277,nan,nan
usps,entmax15,7,5,0.6276334524154663,0.8491083676268861,0.8206444378668586,0.4874136447906494,0.7696760843197504,3.4404714902242026,nan,nan
usps,entmax15,7,6,0.4778982698917389,0.8813443072702332,0.8673929881949844,0.40063488980134326,0.7815267443656921,3.471000055472056,nan,nan
usps,entmax15,7,7,0.38315868377685547,0.892318244170096,0.8774479678604846,0.3518155018488566,0.7710173477729162,3.458885967731476,nan,nan
usps,entmax15,7,8,0.33627092838287354,0.9170096021947873,0.9080597726213865,0.29954637090365094,0.7768528610467911,3.468049724896749,nan,nan
usps,entmax15,7,9,0.3021986484527588,0.9170096021947873,0.9096474244078347,0.3035392810901006,0.7768470694621404,3.459609011809031,nan,nan
usps,entmax15,7,10,0.27475085854530334,0.9218106995884774,0.9135682223633171,0.2633655791481336,0.7737648884455363,3.4507545232772827,nan,nan
usps,entmax15,7,11,0.2459484189748764,0.906721536351166,0.8968169471145938,0.33681359390417737,0.7713227222363154,3.4496331810951233,nan,nan
usps,entmax15,7,12,0.21925394237041473,0.9259259259259259,0.9185832600788049,0.24129185328880945,0.7673166741927465,3.4444456696510315,nan,nan
usps,entmax15,7,13,0.21089310944080353,0.9204389574759945,0.9115549299862906,0.2732238968213399,0.744425376256307,3.402663548787435,nan,nan
usps,entmax15,7,14,0.20254398882389069,0.9396433470507545,0.9328983519876763,0.21216264615456262,0.7622693727413813,3.432406405607859,nan,nan
usps,entmax15,7,15,0.18783758580684662,0.9417009602194787,0.9356831916338948,0.21113786598046622,0.7517157842715582,3.4167592525482178,nan,nan
usps,entmax15,7,16,0.16413730382919312,0.9458161865569273,0.9405159399421208,0.20619496206442514,0.7499899913867315,3.410539388656616,nan,nan
usps,entmax15,7,17,0.1530836522579193,0.9499314128943759,0.9443130428740183,0.17938782398899397,0.7430057972669601,3.4005180199941,nan,nan
usps,entmax15,7,18,0.14845740795135498,0.9458161865569273,0.9399099084482035,0.19466859102249146,0.7332933098077774,3.3835410475730896,nan,nan
usps,entmax15,7,19,0.16395153105258942,0.9368998628257887,0.9312494680507957,0.21761358777681986,0.7161538849274317,3.3446996212005615,nan,nan
usps,entmax15,7,20,0.14475630223751068,0.9513031550068587,0.9453574424059783,0.1747083899875482,0.737039511402448,3.386038382848104,nan,nan
usps,entmax15,7,21,0.1446903944015503,0.9423868312757202,0.9357234143048618,0.18834236140052477,0.7159262945254644,3.3443278272946677,nan,nan
usps,entmax15,7,22,0.12097753584384918,0.9458161865569273,0.9390583147767163,0.18771841004490852,0.7198301255702972,3.3465349475542703,nan,nan
usps,entmax15,7,23,0.130989670753479,0.9499314128943759,0.9444907662650879,0.18074341615041098,0.7124447375535965,3.3349798123041787,nan,nan
usps,entmax15,7,24,0.1259029507637024,0.9519890260631001,0.9457476555461615,0.1715282586713632,0.7179636657238007,3.338167150815328,nan,nan
usps,entmax15,7,25,0.11219694465398788,0.9513031550068587,0.9447152399238856,0.1690896861255169,0.717625766992569,3.331950624783834,nan,nan
usps,entmax15,7,26,0.11358290165662766,0.9526748971193416,0.9472366183415666,0.15114473178982735,0.7117563287417094,3.3144019643465676,nan,nan
usps,entmax15,7,27,0.09634046256542206,0.953360768175583,0.9485492645516332,0.15570886805653572,0.7026956478754679,3.28800892829895,nan,nan
usps,entmax15,7,28,0.09193285554647446,0.9554183813443072,0.9500000163239741,0.15262842240432897,0.6972801436980566,3.2764421105384827,nan,nan
usps,entmax15,7,29,0.09400510042905807,0.9547325102880658,0.9493128056169604,0.1555788740515709,0.6923633913199106,3.2695624828338623,nan,nan
usps,entmax15,8,0,2.153660297393799,0.31412894375857336,0.1554255036212296,1.935110608736674,0.8880548626184464,3.737623651822408,nan,nan
usps,entmax15,8,1,1.8670872449874878,0.3731138545953361,0.1999467374161064,1.6626063386599224,0.9012324512004852,3.6414986848831177,nan,nan
usps,entmax15,8,2,1.5858074426651,0.4725651577503429,0.34783892086705326,1.3763386011123657,0.7805038839578629,3.4142041007677713,nan,nan
usps,entmax15,8,3,1.2975342273712158,0.6035665294924554,0.5073890493305313,1.0872242252031963,0.6832375377416611,3.210972805817922,nan,nan
usps,entmax15,8,4,1.0932060480117798,0.6481481481481481,0.5506884033655999,0.9603543877601624,0.6494903117418289,3.117533802986145,nan,nan
usps,entmax15,8,5,0.9544194340705872,0.7434842249657064,0.6883713661677795,0.8158116340637207,0.6062178760766983,3.011694312095642,nan,nan
usps,entmax15,8,6,0.7863538861274719,0.7949245541838135,0.7501942632590668,0.6328527331352234,0.6144706010818481,3.028279801209768,nan,nan
usps,entmax15,8,7,0.6337310075759888,0.8251028806584362,0.7977556499155745,0.5399483392635981,0.5958059976498286,3.0137587785720825,nan,nan
usps,entmax15,8,8,0.5269772410392761,0.8635116598079561,0.8429576628648595,0.42861368258794147,0.5716705247759819,2.953374524911245,nan,nan
usps,entmax15,8,9,0.44016095995903015,0.8888888888888888,0.8732499328386387,0.36270321905612946,0.564184752603372,2.927501142024994,nan,nan
usps,entmax15,8,10,0.38463112711906433,0.9094650205761317,0.8985322969407221,0.32633324960867566,0.5856292073925337,3.026915192604065,nan,nan
usps,entmax15,8,11,0.3403041958808899,0.9101508916323731,0.8981255106712187,0.2879068950812022,0.5711638927459717,2.983655114968618,nan,nan
usps,entmax15,8,12,0.3243078291416168,0.9149519890260631,0.9040105211705004,0.2935633013645808,0.5662469193339348,2.996365189552307,nan,nan
usps,entmax15,8,13,0.2950209081172943,0.9163237311385459,0.9036248613297214,0.26946131388346356,0.5745683535933495,3.0131104588508606,nan,nan
usps,entmax15,8,14,0.26916590332984924,0.9314128943758574,0.9231021774612304,0.23388003557920456,0.5636772662401199,3.008543690045675,nan,nan
usps,entmax15,8,15,0.23039567470550537,0.9231824417009602,0.9145843545174909,0.25184890379508335,0.5731944615642229,3.0375436544418335,nan,nan
usps,entmax15,8,16,0.23023974895477295,0.9224965706447188,0.9125587591161818,0.2503726879755656,0.5742707898219427,3.039413650830587,nan,nan
usps,entmax15,8,17,0.24036246538162231,0.9259259259259259,0.9181674070320757,0.23555301626523337,0.5779362842440605,3.05291881163915,nan,nan
usps,entmax15,8,18,0.21260292828083038,0.934156378600823,0.9255809572566657,0.20469568173090616,0.5681205615401268,3.017346898714701,nan,nan
usps,entmax15,8,19,0.18603426218032837,0.9362139917695473,0.9273763590373676,0.19298499822616577,0.5844420368472735,3.0601635575294495,nan,nan
usps,entmax15,8,20,0.1742168813943863,0.9451303155006858,0.9385069882448713,0.18736526866753897,0.6078176200389862,3.1275365352630615,nan,nan
usps,entmax15,8,21,0.18792518973350525,0.9382716049382716,0.9309870491491058,0.2073050985733668,0.597973903020223,3.10237447420756,nan,nan
usps,entmax15,8,22,0.1670999526977539,0.9451303155006858,0.9375212867196305,0.19059652090072632,0.5951801737149557,3.075022598107656,nan,nan
usps,entmax15,8,23,0.15099376440048218,0.9492455418381345,0.9429251366861406,0.1533861681818962,0.5786223212877909,3.0472096602121987,nan,nan
usps,entmax15,8,24,0.14420068264007568,0.9561042524005487,0.9510777455670348,0.14646547411878905,0.585538404683272,3.059532403945923,nan,nan
usps,entmax15,8,25,0.13604791462421417,0.9458161865569273,0.9394622706199657,0.1795060063401858,0.5872850144902865,3.0623637040456138,nan,nan
usps,entmax15,8,26,0.139741912484169,0.9513031550068587,0.9451246186860036,0.1601931874950727,0.5828867852687836,3.0542244712511697,nan,nan
usps,entmax15,8,27,0.13364529609680176,0.9567901234567902,0.9509955238630328,0.14076595629254976,0.5819441676139832,3.046133895715078,nan,nan
usps,entmax15,8,28,0.1247648149728775,0.9526748971193416,0.9474836500270211,0.15998042126496634,0.586906706293424,3.043613533178965,nan,nan
usps,entmax15,8,29,0.1270831972360611,0.953360768175583,0.9478833188858904,0.1471956061820189,0.591163066526254,3.0609848300615945,nan,nan
usps,entmax15,9,0,2.1233060359954834,0.29835390946502055,0.1590737587868572,1.975974182287852,0.90957972407341,3.5559499859809875,nan,nan
usps,entmax15,9,1,1.8329696655273438,0.3607681755829904,0.21430140395470576,1.6943380236625671,0.8704546590646108,3.5991876324017844,nan,nan
usps,entmax15,9,2,1.5712509155273438,0.47050754458161864,0.3531538705573349,1.4074689547220867,0.8050216088692347,3.4308782617251077,nan,nan
usps,entmax15,9,3,1.2820172309875488,0.5836762688614541,0.49090251362406134,1.1324776411056519,0.7294479012489319,3.362719396750132,nan,nan
usps,entmax15,9,4,1.022525429725647,0.7057613168724279,0.6267466449581349,0.8595697482426962,0.7104312976201376,3.278429547945658,nan,nan
usps,entmax15,9,5,0.8714983463287354,0.7599451303155007,0.7201343920753546,0.7480367918809255,0.6829256018002828,3.2157964507738748,nan,nan
usps,entmax15,9,6,0.7037931084632874,0.8209876543209876,0.7988570079433354,0.5815687030553818,0.6748260160287222,3.2012812892595925,nan,nan
usps,entmax15,9,7,0.5945018529891968,0.8573388203017832,0.8411255946221443,0.4768146524826686,0.6654158731301626,3.141482869784037,nan,nan
usps,entmax15,9,8,0.49465084075927734,0.8600823045267489,0.8485671605755449,0.43253331383069354,0.6518443127473196,3.085143725077311,nan,nan
usps,entmax15,9,9,0.45792675018310547,0.8676268861454046,0.8528512053393703,0.4202163616816203,0.6325658758481344,3.0450864831606546,nan,nan
usps,entmax15,9,10,0.423660546541214,0.879286694101509,0.8653321129877402,0.37518524130185443,0.6375787109136581,3.052766720453898,nan,nan
usps,entmax15,9,11,0.3887547552585602,0.9012345679012346,0.8909906693950133,0.3228870977958043,0.6390300989151001,3.060674766699473,nan,nan
usps,entmax15,9,12,0.3513808250427246,0.8964334705075446,0.8861611970156875,0.33960527429978055,0.6251236250003179,3.024467925230662,nan,nan
usps,entmax15,9,13,0.32980892062187195,0.9060356652949245,0.8980141561494372,0.28441983461380005,0.6281611373027166,3.0053618947664895,nan,nan
usps,entmax15,9,14,0.28166884183883667,0.9183813443072703,0.9082617980999054,0.2675476943453153,0.6124490052461624,2.9641393423080444,nan,nan
usps,entmax15,9,15,0.2712249159812927,0.9286694101508917,0.9215873918005739,0.2485317811369896,0.6065017978350321,2.940433224042257,nan,nan
usps,entmax15,9,16,0.2620655298233032,0.9286694101508917,0.922036530566275,0.217009536921978,0.6141182780265808,2.9580159982045493,nan,nan
usps,entmax15,9,17,0.22473901510238647,0.9272976680384087,0.9204451905409792,0.2330364535252253,0.6139648109674454,2.9600393970807395,nan,nan
usps,entmax15,9,18,0.22290988266468048,0.9396433470507545,0.9338143108976986,0.20075247436761856,0.6116892447074255,2.9592851996421814,nan,nan
usps,entmax15,9,19,0.2112046331167221,0.9355281207133059,0.9294102692550948,0.20635865877072015,0.5992976327737173,2.9331090648969016,nan,nan
usps,entmax15,9,20,0.20044107735157013,0.9389574759945131,0.9328725493611977,0.20845525215069452,0.5901611695686976,2.884353597958883,nan,nan
usps,entmax15,9,21,0.19538922607898712,0.9444444444444444,0.9398891317042593,0.18390311549107233,0.5892176777124405,2.8738460540771484,nan,nan
usps,entmax15,9,22,0.18467994034290314,0.9478737997256516,0.9434384952968553,0.17654646933078766,0.5922790269056956,2.8942408561706543,nan,nan
usps,entmax15,9,23,0.17707599699497223,0.9478737997256516,0.9429867891673128,0.16914545993010202,0.5814285477002462,2.8635684649149575,nan,nan
usps,entmax15,9,24,0.1566990315914154,0.9430727023319616,0.9371565968611583,0.1692971264322599,0.5890939583381017,2.8666916886965432,nan,nan
usps,entmax15,9,25,0.15792036056518555,0.943758573388203,0.9382551840121837,0.18066700051228204,0.5817600091298422,2.865946054458618,nan,nan
usps,entmax15,9,26,0.15104572474956512,0.9574759945130316,0.9526038319582832,0.14809560279051462,0.584188977877299,2.864186465740204,nan,nan
usps,entmax15,9,27,0.14273646473884583,0.9554183813443072,0.9501799620460764,0.15237736950318018,0.5893710454305013,2.876457154750824,nan,nan
usps,entmax15,9,28,0.13796798884868622,0.9513031550068587,0.9457895150131719,0.14839031174778938,0.5867739816506704,2.864583730697632,nan,nan
usps,entmax15,9,29,0.15316465497016907,0.9465020576131687,0.9415271738253532,0.16931489606698355,0.5856194992860159,2.8666102488835654,nan,nan
usps,headwise_adaptive_entmax,0,0,2.1439239978790283,0.29218106995884774,0.13402392519695588,1.9952844580014546,0.8496657013893127,3.6596891482671103,1.5005310773849487,0.0014948223979445174
usps,headwise_adaptive_entmax,0,1,1.9152181148529053,0.35459533607681754,0.1861587070217984,1.7658215761184692,0.824895590543747,3.606006701787313,1.5020755529403687,0.002574005484348163
usps,headwise_adaptive_entmax,0,2,1.6797648668289185,0.443758573388203,0.29005834230324634,1.4988598227500916,0.7662303298711777,3.538201709588369,1.5049030184745789,0.002381556259933859
usps,headwise_adaptive_entmax,0,3,1.276484727859497,0.7071330589849109,0.6460728155550637,0.9090386231740316,0.626752903064092,3.262386937936147,1.5068963766098022,0.002497719382517971
usps,headwise_adaptive_entmax,0,4,0.8413554430007935,0.7873799725651578,0.7597075861708221,0.6623319685459137,0.6072670817375183,3.1773303151130676,1.5072066187858582,0.002269381810037885
usps,headwise_adaptive_entmax,0,5,0.6456776857376099,0.850480109739369,0.8320970788294362,0.4766434331734975,0.6134507109721502,3.1998624404271445,1.506813406944275,0.0022910861298441887
usps,headwise_adaptive_entmax,0,6,0.47340404987335205,0.8861454046639232,0.8727183068632194,0.3632606367270152,0.6005162547032038,3.1766252915064492,1.5063689947128296,0.0025051188786164857
usps,headwise_adaptive_entmax,0,7,0.3990907371044159,0.8943758573388203,0.8852602500234614,0.3387141873439153,0.603371873497963,3.1786985397338867,1.5062811374664307,0.0026426478289067745
usps,headwise_adaptive_entmax,0,8,0.34271740913391113,0.9183813443072703,0.9104573158174049,0.26250827809174854,0.6083776106437048,3.2043766379356384,1.506089687347412,0.002909050352172926
usps,headwise_adaptive_entmax,0,9,0.2906404733657837,0.9163237311385459,0.9072866553834306,0.2615232740839322,0.6158746878306071,3.212168355782827,1.5059629082679749,0.0034715860238065943
usps,headwise_adaptive_entmax,0,10,0.2698696553707123,0.9245541838134431,0.918039425959684,0.22670008366306624,0.6212243835131327,3.231598118940989,1.5060120224952698,0.0038844776718178764
usps,headwise_adaptive_entmax,0,11,0.2416660487651825,0.9355281207133059,0.9295637213121889,0.2049897089600563,0.6123273372650146,3.207560181617737,1.5058587789535522,0.004039690218633041
usps,headwise_adaptive_entmax,0,12,0.22555233538150787,0.9307270233196159,0.9242712042089514,0.22524447242418924,0.6190926482280096,3.2229637503623962,1.5055252313613892,0.004234620835632086
usps,headwise_adaptive_entmax,0,13,0.2124362289905548,0.9417009602194787,0.9363117383709726,0.18243251740932465,0.6200277209281921,3.2248762448628745,1.5052406191825867,0.004212682542856783
usps,headwise_adaptive_entmax,0,14,0.18139006197452545,0.9396433470507545,0.9347378076825347,0.18127351130048433,0.6102473735809326,3.2001021901766458,1.5051016211509705,0.004168186409515329
usps,headwise_adaptive_entmax,0,15,0.1894320845603943,0.9478737997256516,0.9439671884086952,0.16791082173585892,0.6093930304050446,3.1917213996251426,1.5048112869262695,0.0043733189813792706
usps,headwise_adaptive_entmax,0,16,0.18116161227226257,0.9554183813443072,0.9522635903813305,0.15806945289174715,0.6054625958204269,3.1744285424550376,1.504690170288086,0.004806012759217992
usps,headwise_adaptive_entmax,0,17,0.15915773808956146,0.9451303155006858,0.9409744198936579,0.17070574934283891,0.5897373308738073,3.143227477868398,1.5046659708023071,0.004948122688801959
usps,headwise_adaptive_entmax,0,18,0.15394993126392365,0.9492455418381345,0.9456383230314248,0.1575833149254322,0.5877490291992823,3.1295543710390725,1.5047678351402283,0.005284908460453153
usps,headwise_adaptive_entmax,0,19,0.14692090451717377,0.9396433470507545,0.9339453162920052,0.18531786650419235,0.5857520153125128,3.124253571033478,1.5044568181037903,0.005672977422364056
usps,headwise_adaptive_entmax,0,20,0.14515402913093567,0.9526748971193416,0.9496924107677026,0.16029121602574983,0.5814416309197744,3.108753760655721,1.50455641746521,0.005884657672140747
usps,headwise_adaptive_entmax,0,21,0.13594233989715576,0.9478737997256516,0.9435568631561819,0.15437337507804236,0.5761936753988266,3.1017431020736694,1.5046233534812927,0.005985329684335738
usps,headwise_adaptive_entmax,1,0,2.1691012382507324,0.3017832647462277,0.12392131121275105,1.9836013515790303,0.9476148436466852,3.8688327074050903,1.4995837807655334,0.0011828841525129974
usps,headwise_adaptive_entmax,1,1,1.8737270832061768,0.3779149519890261,0.22251061158341084,1.6650814016660054,0.9129178623358408,3.799238403638204,1.502051055431366,0.002148784406017512
usps,headwise_adaptive_entmax,1,2,1.5533260107040405,0.49314128943758573,0.37498083658374187,1.3470192352930705,0.7684475978215536,3.543146848678589,1.503429353237152,0.0020623921882361174
usps,headwise_adaptive_entmax,1,3,1.2979047298431396,0.6666666666666666,0.5976457045453915,1.0214535196622212,0.7176599502563477,3.4622517228126526,1.5033893585205078,0.001763271284289658
usps,headwise_adaptive_entmax,1,4,0.9508973956108093,0.7777777777777778,0.738688780510987,0.7084945539633433,0.741062710682551,3.49150550365448,1.503081500530243,0.001186070148833096
usps,headwise_adaptive_entmax,1,5,0.7280495166778564,0.8161865569272977,0.7782874455403086,0.5683840761582056,0.7508624196052551,3.4938324689865112,1.5022369623184204,0.0011199049768038094
usps,headwise_adaptive_entmax,1,6,0.6178860068321228,0.8463648834019204,0.8159557370134761,0.47294772664705914,0.7615075012048086,3.5044013261795044,1.5014753341674805,0.0019417574512772262
usps,headwise_adaptive_entmax,1,7,0.5334654450416565,0.8580246913580247,0.8295800402477251,0.42468879620234173,0.7528852224349976,3.4719995657602944,1.5008208751678467,0.002489200822310522
usps,headwise_adaptive_entmax,1,8,0.4441801607608795,0.8957475994513031,0.8771983431881145,0.33730144798755646,0.7590595533450445,3.470528225104014,1.5002214908599854,0.003030675638001412
usps,headwise_adaptive_entmax,1,9,0.41426464915275574,0.887517146776406,0.8663749235163255,0.3525124465425809,0.7635336766640345,3.465008318424225,1.4997437000274658,0.00364656193414703
usps,headwise_adaptive_entmax,1,10,0.3761526942253113,0.8930041152263375,0.8740483147938066,0.3249993771314621,0.759107788403829,3.4485158721605935,1.4992110133171082,0.0040413219830952585
usps,headwise_adaptive_entmax,1,11,0.3716590404510498,0.9080932784636488,0.8907850093174865,0.28299889465173084,0.7479427456855774,3.403566817442576,1.4991759657859802,0.004309761512558907
usps,headwise_adaptive_entmax,1,12,0.33122432231903076,0.9197530864197531,0.9042422247392633,0.26943250248829526,0.7387942175070444,3.3804338375727334,1.4987799525260925,0.004526832315605134
usps,headwise_adaptive_entmax,1,13,0.3231842815876007,0.9218106995884774,0.9056842959635875,0.2722810010115306,0.7325458576281866,3.3510753909746804,1.4985577464103699,0.004703311249613762
usps,headwise_adaptive_entmax,1,14,0.30034342408180237,0.9293552812071331,0.9168221119244757,0.22688478976488113,0.7325683186451594,3.3483270406723022,1.498275637626648,0.005002006073482335
usps,headwise_adaptive_entmax,1,15,0.2425924837589264,0.9266117969821673,0.9148939835440354,0.222839946548144,0.7407080878814062,3.3600351015726724,1.4978841543197632,0.005326006386894733
usps,headwise_adaptive_entmax,1,16,0.24385052919387817,0.9272976680384087,0.9153938382698442,0.23433814197778702,0.7337891211112341,3.3385780453681946,1.4977277517318726,0.005423431575763971
usps,headwise_adaptive_entmax,1,17,0.20948576927185059,0.9465020576131687,0.9383350350361302,0.1838520641128222,0.7265097200870514,3.3188335299491882,1.4974876642227173,0.005579885910265148
usps,headwise_adaptive_entmax,1,18,0.2018754631280899,0.9471879286694102,0.93795979180206,0.178304652372996,0.7255380501349767,3.319366753101349,1.4972733855247498,0.00561819999711588
usps,headwise_adaptive_entmax,1,19,0.18649543821811676,0.9492455418381345,0.9417557787267368,0.17656619101762772,0.7284770806630453,3.3141044974327087,1.497079849243164,0.005580210534390062
usps,headwise_adaptive_entmax,1,20,0.18193039298057556,0.9471879286694102,0.9385423460562883,0.17987788965304694,0.7144676744937897,3.2869818607966104,1.4970345497131348,0.005612444772850722
usps,headwise_adaptive_entmax,1,21,0.16731305420398712,0.9519890260631001,0.9443449689758415,0.18101249635219574,0.7146442532539368,3.2724143266677856,1.4968034625053406,0.005729038326535374
usps,headwise_adaptive_entmax,1,22,0.15831956267356873,0.9513031550068587,0.9439344203760166,0.16752807920177779,0.7187854796648026,3.2790991266568503,1.4965394139289856,0.005729688156861812
usps,headwise_adaptive_entmax,1,23,0.1485849767923355,0.9574759945130316,0.9511763291753969,0.1524881310760975,0.7233391453822454,3.3075729608535767,1.4965286254882812,0.0057743145152926445
usps,headwise_adaptive_entmax,1,24,0.14967960119247437,0.953360768175583,0.9465828142506144,0.1598931277791659,0.7199597557385763,3.2868969440460205,1.496470332145691,0.00588519946904853
usps,headwise_adaptive_entmax,1,25,0.13354408740997314,0.9547325102880658,0.9481809908458722,0.17604938646157584,0.7122946927944819,3.2658649682998657,1.4964422583580017,0.006036746897734702
usps,headwise_adaptive_entmax,1,26,0.12705175578594208,0.9574759945130316,0.950456227563713,0.15844432512919107,0.6971834301948547,3.2223816315333047,1.4962721467018127,0.006017879059072584
usps,headwise_adaptive_entmax,1,27,0.13535955548286438,0.9561042524005487,0.9489454703570022,0.1452132190267245,0.7057945430278778,3.246561368306478,1.4960576295852661,0.006115078693255782
usps,headwise_adaptive_entmax,1,28,0.12510155141353607,0.9506172839506173,0.9433971922592329,0.15541270499428114,0.7030011862516403,3.2362553477287292,1.4959311485290527,0.006271552061662078
usps,headwise_adaptive_entmax,2,0,2.130452871322632,0.3100137174211248,0.15485842985279502,1.9443404873212178,0.8880791813135147,3.861890971660614,1.4994795322418213,0.0011342387879267335
usps,headwise_adaptive_entmax,2,1,1.8362047672271729,0.4170096021947874,0.26320333169228033,1.6315862536430359,0.8806190639734268,3.764538844426473,1.5016729235649109,0.0018480119470041245
usps,headwise_adaptive_entmax,2,2,1.5338047742843628,0.5109739368998628,0.41532705865341163,1.2965307235717773,0.8281542311112086,3.6191370089848838,1.503127932548523,0.000855094927828759
usps,headwise_adaptive_entmax,2,3,1.1414093971252441,0.7112482853223594,0.6667445593177836,0.8557533522446951,0.8279642363389333,3.664783755938212,1.5030958652496338,0.0009114285348914564
usps,headwise_adaptive_entmax,2,4,0.7891280055046082,0.8065843621399177,0.779153031728486,0.6051702201366425,0.8312504788239797,3.630850334962209,1.5025397539138794,0.0019449573883321136
usps,headwise_adaptive_entmax,2,5,0.5894308090209961,0.8614540466392319,0.8411155452134622,0.4562113533417384,0.8341145515441895,3.638298273086548,1.5019755363464355,0.002230123820481822
usps,headwise_adaptive_entmax,2,6,0.458904892206192,0.877914951989026,0.8646602302819462,0.37249524394671124,0.8255879084269205,3.616483211517334,1.501649260520935,0.0024100449518300593
usps,headwise_adaptive_entmax,2,7,0.397705078125,0.9080932784636488,0.8948626276000622,0.294787401954333,0.8216512550910314,3.590344786643982,1.5013437271118164,0.0026124758296646178
usps,headwise_adaptive_entmax,2,8,0.31920185685157776,0.9293552812071331,0.9209611109291742,0.2420255740483602,0.8180570205052694,3.576544165611267,1.5009753704071045,0.0030581797182094306
usps,headwise_adaptive_entmax,2,9,0.27557629346847534,0.9382716049382716,0.9307976262118863,0.2337928588191668,0.820837085445722,3.568962554136912,1.500756025314331,0.003259962482843548
usps,headwise_adaptive_entmax,2,10,0.23914146423339844,0.9286694101508917,0.9195301771626772,0.23621336619059244,0.8001519540945689,3.5322816570599875,1.500697135925293,0.003226368105970323
usps,headwise_adaptive_entmax,2,11,0.21518471837043762,0.9368998628257887,0.9300952868314916,0.21898510058720908,0.7997368921836218,3.5243829488754272,1.5006927847862244,0.0033838278613984585
usps,headwise_adaptive_entmax,2,12,0.19913168251514435,0.9417009602194787,0.9341960781019095,0.19600475827852884,0.7830719004074732,3.4878594080607095,1.5005459189414978,0.003351447667228058
usps,headwise_adaptive_entmax,2,13,0.19007183611392975,0.9417009602194787,0.9337095259810315,0.19693340609471002,0.7866978694995245,3.4777435660362244,1.500376045703888,0.003533771960064769
usps,headwise_adaptive_entmax,2,14,0.1735188513994217,0.943758573388203,0.9369820519483298,0.19400092959403992,0.7813945313294729,3.467832605044047,1.500292956829071,0.0036538481363095343
usps,headwise_adaptive_entmax,2,15,0.1670043021440506,0.9513031550068587,0.9447565750655578,0.17558138569196066,0.7730101297299067,3.4449931581815085,1.5001758933067322,0.0035038672212976962
usps,headwise_adaptive_entmax,2,16,0.14699877798557281,0.9540466392318244,0.9475890266032018,0.172744981944561,0.7788116484880447,3.4570476611455283,1.5001167058944702,0.0035713986726477742
usps,headwise_adaptive_entmax,2,17,0.14309675991535187,0.9567901234567902,0.9505877430972827,0.17169246077537537,0.7724699179331461,3.4320255517959595,1.5002140998840332,0.0037898835144005716
usps,headwise_adaptive_entmax,2,18,0.14570362865924835,0.9554183813443072,0.9487868937442616,0.16945446034272513,0.7686017652352651,3.4193302392959595,1.5002139210700989,0.003858017036691308
usps,headwise_adaptive_entmax,2,19,0.12446848303079605,0.9526748971193416,0.9463109882797782,0.15389099344611168,0.7676627536614736,3.4088144103686013,1.5002567768096924,0.0038736502174288034
usps,headwise_adaptive_entmax,2,20,0.1221456527709961,0.9574759945130316,0.9512246621543685,0.16111595183610916,0.7589524288972219,3.38042143980662,1.500221610069275,0.00400845060357824
usps,headwise_adaptive_entmax,2,21,0.11503410339355469,0.9602194787379973,0.9534166647485754,0.14595183978478113,0.7535791496435801,3.3670865297317505,1.5002379417419434,0.003948154917452484
usps,headwise_adaptive_entmax,2,22,0.11542410403490067,0.9540466392318244,0.9475561742644076,0.17819935207565626,0.7525326063235601,3.3672179579734802,1.500296950340271,0.003992479469161481
usps,headwise_adaptive_entmax,2,23,0.11502960324287415,0.9609053497942387,0.9554836520830265,0.14602754637598991,0.7525769124428431,3.3657414515813193,1.5003498792648315,0.0040292112971656024
usps,headwise_adaptive_entmax,2,24,0.11065519601106644,0.9561042524005487,0.9504825580267555,0.1618333657582601,0.7539972811937332,3.3635274370511374,1.50038343667984,0.004231116734445095
usps,headwise_adaptive_entmax,2,25,0.10122740268707275,0.9547325102880658,0.9482034967223949,0.15474304681022963,0.7356706708669662,3.3171594937642417,1.5004927515983582,0.004107815184397623
usps,headwise_adaptive_entmax,2,26,0.09887474775314331,0.9574759945130316,0.9510483188344079,0.15678124874830246,0.7334193835655848,3.3144962588946023,1.500463604927063,0.00399245205335319
usps,headwise_adaptive_entmax,2,27,0.08866269886493683,0.9567901234567902,0.9512852027665135,0.15373556315898895,0.7306966334581375,3.2995396653811135,1.5002252459526062,0.003980278328526765
usps,headwise_adaptive_entmax,2,28,0.0898222029209137,0.9609053497942387,0.9552585878312969,0.14210781703392664,0.726951484878858,3.2961343129475913,1.5003578066825867,0.0038421599892899394
usps,headwise_adaptive_entmax,3,0,2.1205852031707764,0.30246913580246915,0.12151339057746076,1.9531718492507935,0.822231282790502,3.7064667542775473,1.4995480179786682,0.0021356255165301263
usps,headwise_adaptive_entmax,3,1,1.8509349822998047,0.3559670781893004,0.20707588973322574,1.7040692170461018,0.8375840485095978,3.683311382929484,1.5006325840950012,0.002881502965465188
usps,headwise_adaptive_entmax,3,2,1.5487228631973267,0.4732510288065844,0.3630710098490678,1.3762291073799133,0.7441407044728597,3.460402170817057,1.5026988983154297,0.0029054181068204343
usps,headwise_adaptive_entmax,3,3,1.2711036205291748,0.6255144032921811,0.5532899754844878,1.075832982858022,0.6681797554095587,3.2703770796457925,1.5038498044013977,0.00360230979276821
usps,headwise_adaptive_entmax,3,4,1.048223614692688,0.7283950617283951,0.699270219934259,0.8608186841011047,0.6221262613932291,3.15742689371109,1.5044723749160767,0.004260465677361935
usps,headwise_adaptive_entmax,3,5,0.8263041377067566,0.7928669410150891,0.7613218925110483,0.6540519595146179,0.6192330196499825,3.1353852947553,1.5041385889053345,0.0037346084718592465
usps,headwise_adaptive_entmax,3,6,0.681328535079956,0.8278463648834019,0.8098575461462824,0.5353611409664154,0.601901687681675,3.0913161238034568,1.5039088726043701,0.003880255972035229
usps,headwise_adaptive_entmax,3,7,0.5483276844024658,0.8587105624142661,0.846358484859443,0.4415978640317917,0.6187948286533356,3.1502694686253867,1.5036797523498535,0.003962718590628356
usps,headwise_adaptive_entmax,3,8,0.46258118748664856,0.8717421124828533,0.8609485632184116,0.39673983057339984,0.6271662761767706,3.177369018395742,1.503216564655304,0.0038082136888988316
usps,headwise_adaptive_entmax,3,9,0.41961240768432617,0.8820301783264746,0.8704038046866979,0.35848132769266766,0.6240476816892624,3.1705811619758606,1.5029188394546509,0.0036566113121807575
usps,headwise_adaptive_entmax,3,10,0.35682350397109985,0.9094650205761317,0.901667803633128,0.30149172246456146,0.6453706870476404,3.238848547140757,1.5026683807373047,0.0036595375277101994
usps,headwise_adaptive_entmax,3,11,0.309233158826828,0.9327846364883402,0.9271779874900474,0.23346909632285437,0.63843734562397,3.234758416811625,1.5024269223213196,0.003438683517742902
usps,headwise_adaptive_entmax,3,12,0.2731654644012451,0.9238683127572016,0.9172205226279615,0.22307121256987253,0.6536070803801218,3.2704591353734336,1.5022456645965576,0.0032155486405827105
usps,headwise_adaptive_entmax,3,13,0.24425558745861053,0.9293552812071331,0.9218581709195999,0.22673160334428152,0.641759013136228,3.2266797025998435,1.5023370385169983,0.0031875623390078545
usps,headwise_adaptive_entmax,3,14,0.22208335995674133,0.948559670781893,0.9427193255846948,0.17266030112902322,0.6548207998275757,3.2567664782206216,1.5023794174194336,0.0033705303794704378
usps,headwise_adaptive_entmax,3,15,0.21133168041706085,0.9519890260631001,0.9465714836342786,0.15164611488580704,0.657914474606514,3.2605767846107483,1.5022883415222168,0.003427141346037388
usps,headwise_adaptive_entmax,3,16,0.18491210043430328,0.9547325102880658,0.9500117077452963,0.1652915875116984,0.6629477242628733,3.2542821367581687,1.5022225379943848,0.003335638379212469
usps,headwise_adaptive_entmax,3,17,0.17445828020572662,0.9499314128943759,0.9443881586290519,0.1652414177854856,0.6630179236332575,3.252339462439219,1.5021700859069824,0.0035557441879063845
usps,headwise_adaptive_entmax,3,18,0.16740751266479492,0.9636488340192044,0.9599798183760265,0.1350847346087297,0.6700524191061655,3.2644195556640625,1.5022785067558289,0.003600546100642532
usps,headwise_adaptive_entmax,3,19,0.1456868052482605,0.9561042524005487,0.9518318254244191,0.14924260353048643,0.661611000696818,3.2448882460594177,1.5022633075714111,0.003655363747384399
usps,headwise_adaptive_entmax,3,20,0.1587778627872467,0.9554183813443072,0.9503189239965213,0.14504259948929152,0.643458957473437,3.1918813586235046,1.5023871660232544,0.003637674089986831
usps,headwise_adaptive_entmax,3,21,0.14594979584217072,0.9615912208504801,0.9579353625410152,0.13219293455282846,0.6607761482397715,3.2325967947642007,1.5023477673530579,0.0039061707793734968
usps,headwise_adaptive_entmax,3,22,0.12732474505901337,0.9643347050754458,0.9609417492677983,0.12711108724276224,0.6673272252082825,3.255239983399709,1.5024124383926392,0.004181685158982873
usps,headwise_adaptive_entmax,3,23,0.12295637279748917,0.9643347050754458,0.9606081636421742,0.1223674863576889,0.6649011075496674,3.2450814644495645,1.5022575855255127,0.0042610918171703815
usps,headwise_adaptive_entmax,3,24,0.10749545693397522,0.9602194787379973,0.9567797051017723,0.1242806427180767,0.6630868117014567,3.24027681350708,1.5023106932640076,0.0041497623315081
usps,headwise_adaptive_entmax,3,25,0.11441130191087723,0.9615912208504801,0.9574044636517529,0.12552142391602197,0.6574486245711645,3.2241002519925437,1.5023181438446045,0.004177992406766862
usps,headwise_adaptive_entmax,3,26,0.11746745556592941,0.9513031550068587,0.9467759444198658,0.15816153089205423,0.6579289982716242,3.2287758390108743,1.502265214920044,0.0042034421931020916
usps,headwise_adaptive_entmax,3,27,0.1119663193821907,0.9670781893004116,0.9641887501421789,0.12064188967148463,0.6571846902370453,3.2224718729654946,1.5021395683288574,0.004418451513629407
usps,headwise_adaptive_entmax,3,28,0.10086556524038315,0.96639231824417,0.9625902678439789,0.11032212401429813,0.6701073596874872,3.2460912068684897,1.502110481262207,0.004385338863357902
usps,headwise_adaptive_entmax,3,29,0.07935620844364166,0.9622770919067215,0.9585371733123701,0.11753735567132632,0.6624408215284348,3.2245524326960244,1.502029299736023,0.004302569781430066
usps,headwise_adaptive_entmax,4,0,2.1827948093414307,0.289437585733882,0.11924631748085646,2.007136503855387,0.9336613168319067,3.9473999540011087,1.499436616897583,0.0007384320779237896
usps,headwise_adaptive_entmax,4,1,1.8845160007476807,0.36419753086419754,0.17943092987311876,1.6658204396565754,0.9120060453812281,3.8578800360361734,1.5021432638168335,0.0010438164754305035
usps,headwise_adaptive_entmax,4,2,1.577484369277954,0.5034293552812071,0.3900187906228387,1.3206631143887837,0.8406286189953486,3.62549364566803,1.5043818354606628,0.0011168132477905601
usps,headwise_adaptive_entmax,4,3,1.1631170511245728,0.6234567901234568,0.5503616836239402,0.9556422233581543,0.7425145357847214,3.435254673163096,1.504922330379486,0.001480260310927406
usps,headwise_adaptive_entmax,4,4,0.9367982149124146,0.7167352537722909,0.6653975037897722,0.792987455924352,0.7625617980957031,3.473421017328898,1.504293978214264,0.001431327749742195
usps,headwise_adaptive_entmax,4,5,0.750967264175415,0.7654320987654321,0.7289227750988125,0.6537764966487885,0.7416831701993942,3.432117978731791,1.5040715336799622,0.0016520895587746054
usps,headwise_adaptive_entmax,4,6,0.579770565032959,0.836076817558299,0.8160893330844583,0.4799038916826248,0.7403096954027811,3.4255011479059854,1.5040403008460999,0.002112659130943939
usps,headwise_adaptive_entmax,4,7,0.46223217248916626,0.8614540466392319,0.8450657298720126,0.40740535656611127,0.7351935654878616,3.426780899365743,1.503766119480133,0.002868200303055346
usps,headwise_adaptive_entmax,4,8,0.4020019769668579,0.879286694101509,0.8669429768147177,0.3525756100813548,0.7184253285328547,3.382084925969442,1.5036741495132446,0.003217753430362791
usps,headwise_adaptive_entmax,4,9,0.35172510147094727,0.9074074074074074,0.8968788160937523,0.2890315552552541,0.706156849861145,3.3449782331784568,1.5035774111747742,0.0036330013535916805
usps,headwise_adaptive_entmax,4,10,0.29464101791381836,0.9012345679012346,0.8908543027662488,0.2953111082315445,0.704737921555837,3.332901338736216,1.5034042000770569,0.0040789415361359715
usps,headwise_adaptive_entmax,4,11,0.28952983021736145,0.9204389574759945,0.9119354762833293,0.24366049468517303,0.6919866452614466,3.304283638795217,1.5032778978347778,0.0043865469051525
usps,headwise_adaptive_entmax,4,12,0.2607578933238983,0.9087791495198903,0.9002154124803612,0.27426960319280624,0.6920678565899531,3.296561062335968,1.5030305981636047,0.0046317471424117684
usps,headwise_adaptive_entmax,4,13,0.25652700662612915,0.9368998628257887,0.9317694869594824,0.2270276447137197,0.6746646612882614,3.252568542957306,1.5027779340744019,0.004556432832032442
usps,headwise_adaptive_entmax,4,14,0.22090020775794983,0.9327846364883402,0.9240760784494375,0.21515229592720667,0.6812999049822489,3.2549471457799277,1.5024793148040771,0.004666452121455222
usps,headwise_adaptive_entmax,4,15,0.2128610610961914,0.8916323731138546,0.8811180732354966,0.3091004192829132,0.6813434859116873,3.25404820839564,1.5019891262054443,0.004916259029414505
usps,headwise_adaptive_entmax,4,16,0.22263090312480927,0.9307270233196159,0.9241090031419379,0.19873828192551932,0.6757258623838425,3.235398987929026,1.5018050074577332,0.0051359611679799855
usps,headwise_adaptive_entmax,4,17,0.19441914558410645,0.9451303155006858,0.9401635617296193,0.17196905116240183,0.6806203424930573,3.2496922810872397,1.5013153553009033,0.005697573418729007
usps,headwise_adaptive_entmax,4,18,0.1726948767900467,0.9465020576131687,0.941473413346128,0.18549236406882605,0.6687063276767731,3.229739785194397,1.5013214945793152,0.0057521373382769525
usps,headwise_adaptive_entmax,4,19,0.18141169846057892,0.943758573388203,0.9389590842706305,0.18050302813450494,0.6598827590545019,3.196978588898977,1.5014646649360657,0.005808789341244847
usps,headwise_adaptive_entmax,4,20,0.17396442592144012,0.9478737997256516,0.941557949918408,0.1755607103308042,0.6549729655186335,3.179365952809652,1.5012241005897522,0.006474173336755484
usps,headwise_adaptive_entmax,4,21,0.15800751745700836,0.9492455418381345,0.9440688046899366,0.17325489968061447,0.6617439140876135,3.189021905263265,1.5009489059448242,0.006616429542191327
usps,headwise_adaptive_entmax,4,22,0.15638810396194458,0.943758573388203,0.9384010124294818,0.17287204538782439,0.656211311618487,3.1796764731407166,1.5007923245429993,0.0066549042239785194
usps,headwise_adaptive_entmax,4,23,0.16372723877429962,0.9403292181069959,0.9349092784200803,0.17052889118591943,0.6516422132651011,3.1645256876945496,1.5004472732543945,0.006944263819605112
usps,headwise_adaptive_entmax,4,24,0.14865247905254364,0.9499314128943759,0.9445027162150865,0.1935195674498876,0.6530150026082993,3.160521388053894,1.500097632408142,0.007108686142601073
usps,headwise_adaptive_entmax,4,25,0.14973406493663788,0.948559670781893,0.943253899121577,0.17191228022178015,0.6492016315460205,3.15239155292511,1.5000290274620056,0.007236471341457218
usps,headwise_adaptive_entmax,4,26,0.1347319632768631,0.948559670781893,0.9441535940553564,0.15713697920242944,0.6456156671047211,3.139806310335795,1.4998499155044556,0.0073277586488984525
usps,headwise_adaptive_entmax,4,27,0.12662778794765472,0.953360768175583,0.9493372895349207,0.14277795205513635,0.6472800324360529,3.151302178700765,1.4998043775558472,0.007425826450344175
usps,headwise_adaptive_entmax,4,28,0.14129576086997986,0.9430727023319616,0.9387720798669615,0.17887457956870398,0.6413445621728897,3.1219395995140076,1.4996845722198486,0.007612753543071449
usps,headwise_adaptive_entmax,4,29,0.13516023755073547,0.948559670781893,0.9438998278889654,0.16025613496700922,0.6331967314084371,3.1014561454455056,1.4998040795326233,0.007793063763529062
usps,headwise_adaptive_entmax,5,0,2.096346378326416,0.299039780521262,0.15348410339811486,1.9527573386828105,0.857904906074206,3.7899687687555947,1.4997443556785583,0.0014639750006608665
usps,headwise_adaptive_entmax,5,1,1.7815628051757812,0.38545953360768176,0.26004553543962766,1.60838117202123,0.9168225129445394,3.7961901823679605,1.5020193457603455,0.00174424221040681
usps,headwise_adaptive_entmax,5,2,1.4976928234100342,0.5089163237311386,0.40951511473359015,1.3358899752298992,0.8044551610946655,3.5952629248301187,1.5031087398529053,0.0019609967130236328
usps,headwise_adaptive_entmax,5,3,1.2073851823806763,0.612482853223594,0.5323030506926727,1.0213976204395294,0.7725534637769064,3.526445209980011,1.5039713978767395,0.001908612932311371
usps,headwise_adaptive_entmax,5,4,0.9354482293128967,0.7181069958847737,0.6825469082734104,0.8098290860652924,0.7697509129842123,3.499751607577006,1.5047399401664734,0.002848965610610321
usps,headwise_adaptive_entmax,5,5,0.7472171783447266,0.8148148148148148,0.8013219928825264,0.6446048617362976,0.741620679696401,3.43595153093338,1.5051229000091553,0.0036893454380333424
usps,headwise_adaptive_entmax,5,6,0.6182502508163452,0.8429355281207133,0.8330796471951203,0.5275997569163641,0.7491253564755121,3.438357333342234,1.5048152208328247,0.003342843090649694
usps,headwise_adaptive_entmax,5,7,0.5128381848335266,0.8813443072702332,0.8727879810626709,0.4095707933108012,0.7318259378274282,3.394820988178253,1.5048812627792358,0.003562599536962807
usps,headwise_adaptive_entmax,5,8,0.4288153052330017,0.8950617283950617,0.8887845602971151,0.3481159508228302,0.735959197084109,3.384575049082438,1.504804015159607,0.003696815751027316
usps,headwise_adaptive_entmax,5,9,0.3688988983631134,0.8936899862825789,0.8862481143335181,0.33466270317633945,0.7482684204975764,3.4127756555875144,1.5045238137245178,0.003709560784045607
usps,headwise_adaptive_entmax,5,10,0.3308444023132324,0.897119341563786,0.8890929488713091,0.31965472052494687,0.7281415065129598,3.353888134161631,1.5044883489608765,0.0037362010916695
usps,headwise_adaptive_entmax,5,11,0.2829956114292145,0.9176954732510288,0.9139475079859263,0.2578028316299121,0.742710625131925,3.359112560749054,1.5044136047363281,0.0037336036912165582
usps,headwise_adaptive_entmax,5,12,0.2486722767353058,0.9245541838134431,0.9207675481317489,0.23809263606866202,0.7354943950970968,3.3392033775647483,1.5042200088500977,0.003639642905909568
usps,headwise_adaptive_entmax,5,13,0.2299266755580902,0.9286694101508917,0.9239722789643864,0.24151923259099325,0.7217200448115667,3.2946356534957886,1.5041371583938599,0.0035984442802146077
usps,headwise_adaptive_entmax,5,14,0.2217157930135727,0.9176954732510288,0.9123626401146853,0.27745890120665234,0.7237682143847147,3.2877509196599326,1.5040018558502197,0.003697305335663259
usps,headwise_adaptive_entmax,5,15,0.21149130165576935,0.9266117969821673,0.922403041984361,0.25119852771361667,0.7141481737295786,3.262254079182943,1.5039555430412292,0.003686014621052891
usps,headwise_adaptive_entmax,5,16,0.19406767189502716,0.9307270233196159,0.9265049286719341,0.23109188179175058,0.72662353515625,3.282874584197998,1.503973364830017,0.0038090822636149824
usps,headwise_adaptive_entmax,5,17,0.17759251594543457,0.943758573388203,0.940884974085557,0.20249702160557112,0.7162593106428782,3.245370328426361,1.503750741481781,0.003733314631972462
usps,headwise_adaptive_entmax,5,18,0.16456405818462372,0.9506172839506173,0.9473480653677144,0.18782994896173477,0.7169063438971838,3.242288510004679,1.5035147666931152,0.0035793467541225255
usps,headwise_adaptive_entmax,5,19,0.15654723346233368,0.9375857338820301,0.9331524548151933,0.2051127888262272,0.7108957419792811,3.2105206648508706,1.5034462213516235,0.003637492307461798
usps,headwise_adaptive_entmax,5,20,0.15315167605876923,0.948559670781893,0.9459748535249334,0.1909398759404818,0.7147792925437292,3.2259925603866577,1.5033774375915527,0.003950348531361669
usps,headwise_adaptive_entmax,5,21,0.1337786316871643,0.9451303155006858,0.9412674549896893,0.19259544958670935,0.7124789307514826,3.2011212706565857,1.503261148929596,0.003948652651160955
usps,headwise_adaptive_entmax,5,22,0.1257702261209488,0.9554183813443072,0.952319473496386,0.17763773848613104,0.7104214976231257,3.1967467069625854,1.5032484531402588,0.003947077959310263
usps,headwise_adaptive_entmax,5,23,0.12732535600662231,0.9609053497942387,0.9580647528581526,0.1621474747856458,0.704557736714681,3.1513872146606445,1.5031899809837341,0.004064192064106464
usps,headwise_adaptive_entmax,5,24,0.11852065473794937,0.953360768175583,0.9506476862790256,0.18150106320778528,0.7078585277001063,3.1755124926567078,1.5032241344451904,0.003929628699552268
usps,headwise_adaptive_entmax,5,25,0.11293084919452667,0.9526748971193416,0.9501343117445853,0.17413023735086122,0.7168460140625635,3.2085538307825723,1.503257930278778,0.003870532033033669
usps,headwise_adaptive_entmax,5,26,0.10557309538125992,0.958161865569273,0.9560643793585049,0.16336076830824217,0.6992044399182001,3.153669794400533,1.5033416152000427,0.0038562806439585984
usps,headwise_adaptive_entmax,5,27,0.11181502789258957,0.953360768175583,0.9495573842379585,0.18055993442734083,0.6978645175695419,3.137311041355133,1.5032902359962463,0.0038681718870066106
usps,headwise_adaptive_entmax,5,28,0.1162838265299797,0.9561042524005487,0.9529126104031087,0.17219791064659754,0.6861847142378489,3.0922855734825134,1.5032761096954346,0.003846005129162222
usps,headwise_adaptive_entmax,6,0,2.1444292068481445,0.3244170096021948,0.14120540974264242,1.9164129694302876,0.8864708443482717,3.8004032969474792,1.500603199005127,0.0020617994014173746
usps,headwise_adaptive_entmax,6,1,1.7751164436340332,0.44787379972565156,0.29604134724367837,1.4974460403124492,0.7674103329579035,3.450684607028961,1.5031012296676636,0.0023978310055099428
usps,headwise_adaptive_entmax,6,2,1.3729205131530762,0.6131687242798354,0.5184724121403684,1.0474786559740703,0.7040413667758306,3.40397443373998,1.5039215683937073,0.0014720445615239441
usps,headwise_adaptive_entmax,6,3,0.9991332292556763,0.7558299039780522,0.7133374048035838,0.7695358693599701,0.7241434653600057,3.425615747769674,1.5038975477218628,0.0013066339306533337
usps,headwise_adaptive_entmax,6,4,0.7348552346229553,0.8539094650205762,0.8349018336042947,0.5398634274800619,0.7146148532629013,3.413464367389679,1.5039677023887634,0.0015563376364298165
usps,headwise_adaptive_entmax,6,5,0.49800464510917664,0.8868312757201646,0.8719025985019032,0.37945113082726795,0.7074365466833115,3.3865304787953696,1.5041670203208923,0.001586458005476743
usps,headwise_adaptive_entmax,6,6,0.38126543164253235,0.9135802469135802,0.9001504459563824,0.2994990299145381,0.7101794282595316,3.365225613117218,1.5036099553108215,0.0015893069794401526
usps,headwise_adaptive_entmax,6,7,0.31051871180534363,0.9231824417009602,0.9106147405347766,0.26236140727996826,0.7031767020622889,3.3556520541508994,1.503279685974121,0.0018739650840871036
usps,headwise_adaptive_entmax,6,8,0.2579020857810974,0.9259259259259259,0.9149941361976307,0.2377906640370687,0.7059352993965149,3.3418826858202615,1.5029422044754028,0.002085364714730531
usps,headwise_adaptive_entmax,6,9,0.2181180864572525,0.9362139917695473,0.9267231999293866,0.2234770879149437,0.6968575865030289,3.3159580628077188,1.5028337836265564,0.002224282012321055
usps,headwise_adaptive_entmax,6,10,0.20663487911224365,0.9389574759945131,0.930876095166895,0.20328271389007568,0.7027227530876795,3.3279500802357993,1.5027452111244202,0.0023262829054147005
usps,headwise_adaptive_entmax,6,11,0.1673842966556549,0.9499314128943759,0.94239296955719,0.17087144777178764,0.6993459314107895,3.3130456606547036,1.5026084184646606,0.0025279329856857657
usps,headwise_adaptive_entmax,6,12,0.15610435605049133,0.9526748971193416,0.9463530837625325,0.16551143924395242,0.6983191867669424,3.3058722019195557,1.502639353275299,0.002727861108724028
usps,headwise_adaptive_entmax,6,13,0.15637966990470886,0.9513031550068587,0.9447706245941342,0.1648325969775518,0.6831088165442148,3.2658504843711853,1.502610981464386,0.0029777922318316996
usps,headwise_adaptive_entmax,6,14,0.14144474267959595,0.948559670781893,0.9410992567908882,0.17987583577632904,0.6785729626814524,3.2408447861671448,1.502454698085785,0.0033344823750667274
usps,headwise_adaptive_entmax,6,15,0.1500016748905182,0.9465020576131687,0.9408854499080729,0.1670846827328205,0.6779836565256119,3.2216840585072837,1.5024201273918152,0.0034028490190394223
usps,headwise_adaptive_entmax,6,16,0.14165529608726501,0.953360768175583,0.9465902809460319,0.15906352177262306,0.6765881180763245,3.2026130755742392,1.5023844242095947,0.00342566886683926
usps,headwise_adaptive_entmax,6,17,0.12638530135154724,0.9513031550068587,0.9445934548058201,0.1580523451169332,0.6603397528330485,3.1497831543286643,1.5023159384727478,0.0037355574895627797
usps,headwise_adaptive_entmax,6,18,0.12120693922042847,0.9574759945130316,0.9516910861779598,0.14731495454907417,0.6666436543067297,3.1478954354921975,1.502289056777954,0.003737583348993212
usps,headwise_adaptive_entmax,6,19,0.10596413165330887,0.9547325102880658,0.9487106573491625,0.15074639146526655,0.6618178387482961,3.117840846379598,1.5023921728134155,0.0037257025251165032
usps,headwise_adaptive_entmax,6,20,0.1092982292175293,0.9540466392318244,0.947267362876846,0.15430659552415213,0.6504508554935455,3.065864602724711,1.5023504495620728,0.004033181292470545
usps,headwise_adaptive_entmax,6,21,0.10187066346406937,0.9595336076817559,0.9534086603671822,0.13208208978176117,0.6533060173193613,3.0686633586883545,1.502378523349762,0.0038758806185796857
usps,headwise_adaptive_entmax,6,22,0.08852638304233551,0.9588477366255144,0.9540609534004793,0.1296799791355928,0.640281985203425,3.0219719409942627,1.5022428631782532,0.004031896707601845
usps,headwise_adaptive_entmax,6,23,0.08505992591381073,0.958161865569273,0.9520430231080154,0.13884230827291807,0.6348164478937784,2.988238751888275,1.502140998840332,0.0039765071123838425
usps,headwise_adaptive_entmax,6,24,0.08982128649950027,0.9595336076817559,0.9542415344253886,0.14350970337788263,0.6323733528455099,2.9974551995595298,1.502038300037384,0.004198622656986117
usps,headwise_adaptive_entmax,6,25,0.08446800708770752,0.9609053497942387,0.9552763195350256,0.13143626227974892,0.6333252340555191,2.9954838156700134,1.5021615624427795,0.0039763739332556725
usps,headwise_adaptive_entmax,6,26,0.07698201388120651,0.96639231824417,0.962180409020087,0.12513773639996847,0.6191117912530899,2.96734219789505,1.5021483302116394,0.004109435889404267
usps,headwise_adaptive_entmax,6,27,0.06833145767450333,0.9643347050754458,0.9598586513067898,0.124423798173666,0.6231301973263422,2.962408423423767,1.5021681785583496,0.004153315559960902
usps,headwise_adaptive_entmax,6,28,0.0746598020195961,0.9636488340192044,0.9585876958432384,0.12965129936734834,0.6377197106679281,3.0005683302879333,1.502453625202179,0.004148623091168702
usps,headwise_adaptive_entmax,6,29,0.059973135590553284,0.9657064471879286,0.9616087236589328,0.1180192083120346,0.6213263273239136,2.9433080554008484,1.5026364922523499,0.0041466583497822285
usps,headwise_adaptive_entmax,7,0,2.177464485168457,0.2832647462277092,0.10845326228726845,2.0040310422579446,0.9146886219580969,3.696808715661367,1.5010448694229126,0.002359239850193262
usps,headwise_adaptive_entmax,7,1,1.8997217416763306,0.34087791495198905,0.18970607769992326,1.7270470261573792,0.8851622889439265,3.690996249516805,1.5025588870048523,0.0035192056093364954
usps,headwise_adaptive_entmax,7,2,1.609834909439087,0.45816186556927296,0.3529543925231381,1.4296717842419941,0.7796596139669418,3.4511250058809915,1.5039031505584717,0.0031040178146213293
usps,headwise_adaptive_entmax,7,3,1.2737327814102173,0.6337448559670782,0.5437484236833436,1.0013131101926167,0.7185167819261551,3.3372143507003784,1.5046781301498413,0.002521404647268355
usps,headwise_adaptive_entmax,7,4,0.9180186986923218,0.7928669410150891,0.759612363154264,0.6602387328942617,0.756096268693606,3.4272836248079934,1.5050575733184814,0.0019410622189752758
usps,headwise_adaptive_entmax,7,5,0.6315791606903076,0.8429355281207133,0.81286855719736,0.4880647361278534,0.7666126092274984,3.4374855558077493,1.5046091675758362,0.0022947967518121004
usps,headwise_adaptive_entmax,7,6,0.4790380299091339,0.8786008230452675,0.862854938408408,0.400312677025795,0.7805555860201517,3.46876327196757,1.5041481256484985,0.0027502054581418633
usps,headwise_adaptive_entmax,7,7,0.38143205642700195,0.8950617283950617,0.8795226027559979,0.3616976986328761,0.7734177460273107,3.4668553471565247,1.503822684288025,0.0032458511414006352
usps,headwise_adaptive_entmax,7,8,0.3386843800544739,0.911522633744856,0.902650542131164,0.3119455575942993,0.7736285825570425,3.4669821659723916,1.5036449432373047,0.0035986655857414007
usps,headwise_adaptive_entmax,7,9,0.3033581078052521,0.9197530864197531,0.9127837944545959,0.2936239888270696,0.7760569850603739,3.4623186786969504,1.5034428834915161,0.0037444974295794964
usps,headwise_adaptive_entmax,7,10,0.26654186844825745,0.9259259259259259,0.9180184407644049,0.2538244252403577,0.7724128266175588,3.451560616493225,1.5035085082054138,0.003870087442919612
usps,headwise_adaptive_entmax,7,11,0.24258677661418915,0.9170096021947873,0.9087305412245159,0.31016480922698975,0.7675792177518209,3.443976402282715,1.5035809874534607,0.004158354597166181
usps,headwise_adaptive_entmax,7,12,0.21418868005275726,0.9224965706447188,0.9143903901193987,0.2488973985115687,0.7650356789429983,3.442759950955709,1.503587782382965,0.004379644698929042
usps,headwise_adaptive_entmax,7,13,0.20958249270915985,0.9176954732510288,0.9077309497805326,0.2956543142596881,0.7460368126630783,3.4092841347058616,1.5036441683769226,0.004538443230558187
usps,headwise_adaptive_entmax,7,14,0.20621687173843384,0.9382716049382716,0.9314519083958299,0.2188587337732315,0.7579834014177322,3.4297271569569907,1.5040051341056824,0.004498064226936549
usps,headwise_adaptive_entmax,7,15,0.19330962002277374,0.9410150891632373,0.9352648055150645,0.21937849620978037,0.7468785643577576,3.411121447881063,1.5040060877799988,0.004516352550126612
usps,headwise_adaptive_entmax,7,16,0.1670578122138977,0.943758573388203,0.938246572291804,0.20903676748275757,0.7477646817763647,3.4108910957972207,1.5039995312690735,0.004296875558793545
usps,headwise_adaptive_entmax,7,17,0.1547190397977829,0.943758573388203,0.9375143548845205,0.1855270266532898,0.7427323261896769,3.4025625785191855,1.5040138959884644,0.004083575971890241
usps,headwise_adaptive_entmax,7,18,0.15108515322208405,0.9382716049382716,0.9318491767292807,0.20956667015949884,0.7312075148026148,3.384523650010427,1.5039520859718323,0.004131641588173807
usps,headwise_adaptive_entmax,7,19,0.1594364196062088,0.9375857338820301,0.9309988577679336,0.2139817550778389,0.7136531074841818,3.345627466837565,1.5039332509040833,0.0038095612544566393
usps,headwise_adaptive_entmax,7,20,0.14962676167488098,0.9499314128943759,0.944346454266881,0.17861508453885713,0.7344180295864741,3.384771406650543,1.5038985013961792,0.003747894777916372
usps,headwise_adaptive_entmax,7,21,0.15002897381782532,0.943758573388203,0.9375099475152868,0.18982204298178354,0.7153249730666479,3.3456149101257324,1.5038905143737793,0.0035240380093455315
usps,headwise_adaptive_entmax,7,22,0.12413288652896881,0.9458161865569273,0.9393362479286342,0.18358821794390678,0.7205300529797872,3.3457030057907104,1.5039570331573486,0.0034852237440645695
usps,headwise_adaptive_entmax,7,23,0.12519361078739166,0.9465020576131687,0.9402387917126669,0.18741829444964728,0.7056463410456976,3.319474458694458,1.50383460521698,0.0033160806633532047
usps,headwise_adaptive_entmax,7,24,0.12424758076667786,0.9554183813443072,0.9510407484277186,0.16557180508971214,0.7156295776367188,3.3315703868865967,1.5036455392837524,0.0031856396817602217
usps,headwise_adaptive_entmax,7,25,0.11452358961105347,0.9458161865569273,0.9385631385633783,0.168099045753479,0.7160908331473669,3.3286597530047097,1.5036168098449707,0.0030712044681422412
usps,headwise_adaptive_entmax,7,26,0.11078253388404846,0.9561042524005487,0.950690941202517,0.15457354858517647,0.7061093499263128,3.3029619256655374,1.5035481452941895,0.003040448296815157
usps,headwise_adaptive_entmax,7,27,0.09432807564735413,0.9526748971193416,0.9475738842061551,0.15653735337158045,0.7000994880994161,3.283928394317627,1.5035375356674194,0.003048765240237117
usps,headwise_adaptive_entmax,7,28,0.09290896356105804,0.953360768175583,0.948190634161354,0.15069374131659666,0.6950924694538116,3.2717071175575256,1.5035932064056396,0.0030761780799366534
usps,headwise_adaptive_entmax,7,29,0.09679973870515823,0.9567901234567902,0.9519796768438225,0.16312810902794203,0.6930774549643198,3.2680791219075522,1.5035420656204224,0.0030143052572384477
usps,headwise_adaptive_entmax,8,0,2.1536450386047363,0.31412894375857336,0.1554255036212296,1.9351223905881245,0.8879677603642145,3.7379830479621887,1.4997349381446838,0.0014491589390672743
usps,headwise_adaptive_entmax,8,1,1.8669148683547974,0.3717421124828532,0.19785307230521174,1.6626318295796711,0.9013322293758392,3.6412532528241477,1.5012986660003662,0.0012671296717599034
usps,headwise_adaptive_entmax,8,2,1.585902214050293,0.4691358024691358,0.3402107087204332,1.3769853909810383,0.7768659790356954,3.4119758009910583,1.5029970407485962,0.0013003317289985716
usps,headwise_adaptive_entmax,8,3,1.2848457098007202,0.5877914951989026,0.48775144106859863,1.0985026955604553,0.6799536868929863,3.207740624745687,1.5039489269256592,0.001860388059867546
usps,headwise_adaptive_entmax,8,4,1.0701932907104492,0.6193415637860082,0.515784011104157,0.9943498273690542,0.6553965459267298,3.130902330080668,1.5042293667793274,0.001131492550484836
usps,headwise_adaptive_entmax,8,5,0.958622395992279,0.7304526748971193,0.6794022993676148,0.8264982104301453,0.6052811468640963,3.0191713174184165,1.5044394731521606,0.0012656018661800772
usps,headwise_adaptive_entmax,8,6,0.8184593319892883,0.7997256515775034,0.7602852227110184,0.6535232861836752,0.5926435465614001,2.9732577999432883,1.5042197108268738,0.0014431977178901434
usps,headwise_adaptive_entmax,8,7,0.641180157661438,0.8388203017832647,0.8160431477038619,0.5290863861640295,0.5948695788780848,3.0219905575116477,1.5040408968925476,0.0014960249536670744
usps,headwise_adaptive_entmax,8,8,0.5343007445335388,0.8587105624142661,0.8351840350059877,0.44374537964661914,0.5707934945821762,2.9680134852727256,1.504030704498291,0.0015041118022054434
usps,headwise_adaptive_entmax,8,9,0.44327571988105774,0.8786008230452675,0.8650202278272523,0.3882075349489848,0.5645553693175316,2.947763820489248,1.5038614869117737,0.001474006217904389
usps,headwise_adaptive_entmax,8,10,0.38934555649757385,0.906721536351166,0.8946194402908818,0.32669725517431897,0.5867833544810613,3.0365492701530457,1.5036567449569702,0.0015805057191755623
usps,headwise_adaptive_entmax,8,11,0.33968082070350647,0.9108367626886146,0.8987523558879882,0.2904786119858424,0.5787930985291799,2.998793343702952,1.5035443902015686,0.0018555133137851954
usps,headwise_adaptive_entmax,8,12,0.32961782813072205,0.9170096021947873,0.905722697149337,0.2741297632455826,0.5772659406065941,3.020581583182017,1.5034869313240051,0.0021470787178259343
usps,headwise_adaptive_entmax,8,13,0.3051087260246277,0.9087791495198903,0.8954895567014539,0.30919274936119717,0.5837815900643667,3.0337725281715393,1.5031858682632446,0.0026154120278079063
usps,headwise_adaptive_entmax,8,14,0.2825165390968323,0.9252400548696845,0.9159791168206498,0.2523430064320564,0.5717752079168955,3.017431298891703,1.5030115842819214,0.00287604724871926
usps,headwise_adaptive_entmax,8,15,0.2403654009103775,0.9272976680384087,0.9189934723752412,0.2495384638508161,0.582873615125815,3.057458519935608,1.5028033256530762,0.003363199415616691
usps,headwise_adaptive_entmax,8,16,0.2456817477941513,0.9135802469135802,0.9024549354979603,0.2790295382340749,0.5843430658181509,3.0622957150141397,1.5027546286582947,0.0034962569770868868
usps,headwise_adaptive_entmax,8,17,0.23089131712913513,0.9327846364883402,0.9254937974154851,0.24171215544144312,0.5957061176498731,3.0972466468811035,1.502584457397461,0.0038714562251698226
usps,headwise_adaptive_entmax,8,18,0.2067006677389145,0.9403292181069959,0.9332258261994324,0.1968816270430883,0.5832004149754842,3.05343230565389,1.5024299025535583,0.003978778491728008
usps,headwise_adaptive_entmax,8,19,0.18782740831375122,0.9368998628257887,0.9277336081499898,0.20343497395515442,0.6026317303379377,3.10604989528656,1.5022740364074707,0.004245971562340856
usps,headwise_adaptive_entmax,8,20,0.18104244768619537,0.943758573388203,0.9373399085610805,0.18303058048089346,0.6224446694056193,3.1635778347651162,1.5021564960479736,0.004572570964228362
usps,headwise_adaptive_entmax,8,21,0.18726606667041779,0.9423868312757202,0.9352751766191225,0.199119304617246,0.6074134930968285,3.12541135152181,1.5020449757575989,0.004587490082485601
usps,headwise_adaptive_entmax,8,22,0.17197507619857788,0.9389574759945131,0.9316343620396486,0.2190430536866188,0.5993018796046575,3.0901843905448914,1.5019730925559998,0.004617951286491007
usps,headwise_adaptive_entmax,8,23,0.16428709030151367,0.9499314128943759,0.9439305164366625,0.16399577260017395,0.5849567676583926,3.0466301838556924,1.5019524097442627,0.0046068994561210275
usps,headwise_adaptive_entmax,8,24,0.14851483702659607,0.9513031550068587,0.9450985895124511,0.15989941855271658,0.5934690535068512,3.064569036165873,1.5017260313034058,0.004751193686388433
usps,headwise_adaptive_entmax,8,25,0.14763422310352325,0.9499314128943759,0.9442521191275356,0.1783554827173551,0.5982360318303108,3.081160545349121,1.5016008615493774,0.004880874825175852
usps,headwise_adaptive_entmax,8,26,0.14072932302951813,0.9465020576131687,0.9399526336788628,0.20158598820368448,0.5952374016245207,3.0826475421587625,1.5016265511512756,0.005131165264174342
usps,headwise_adaptive_entmax,8,27,0.13937632739543915,0.9540466392318244,0.9488786101082406,0.1534726582467556,0.5893518179655075,3.0504508217175803,1.5012717843055725,0.005134078266564757
usps,headwise_adaptive_entmax,8,28,0.13406029343605042,0.9554183813443072,0.9510493551905567,0.14621581509709358,0.5911230171720186,3.058608333269755,1.5011820197105408,0.0051620047888718545
usps,headwise_adaptive_entmax,8,29,0.1352338343858719,0.9513031550068587,0.94563608766047,0.15788638343413672,0.5986975654959679,3.079041520754496,1.5011380314826965,0.005317437055055052
usps,headwise_adaptive_entmax,9,0,2.1232550144195557,0.299039780521262,0.159654942521918,1.9760267933209736,0.9071418096621832,3.551848888397217,1.5010071992874146,0.0011838588688988239
usps,headwise_adaptive_entmax,9,1,1.8321995735168457,0.3614540466392318,0.21508847791608193,1.6916245222091675,0.8670329848925272,3.592883050441742,1.5031890869140625,0.0014842405216768384
usps,headwise_adaptive_entmax,9,2,1.569817304611206,0.4670781893004115,0.34787127863361045,1.4060314098993938,0.7963168174028397,3.419422666231791,1.5050323605537415,0.002256749605294317
usps,headwise_adaptive_entmax,9,3,1.2897460460662842,0.5823045267489712,0.4902938523376902,1.125288228193919,0.7265052199363708,3.352375348409017,1.5056421756744385,0.002797724795527756
usps,headwise_adaptive_entmax,9,4,1.0281373262405396,0.7043895747599451,0.6274293291291102,0.8691890140374502,0.6912023077408472,3.249342898527781,1.5056145191192627,0.0024694217718206346
usps,headwise_adaptive_entmax,9,5,0.8506009578704834,0.7373113854595336,0.6996855059884453,0.7578726013501486,0.6754032472769419,3.223259965578715,1.5053821802139282,0.002005092625040561
usps,headwise_adaptive_entmax,9,6,0.6902983784675598,0.8347050754458162,0.8159201940363465,0.5459737728039423,0.6659243454535803,3.1742506623268127,1.50544273853302,0.002235099906101823
usps,headwise_adaptive_entmax,9,7,0.5762537717819214,0.8422496570644719,0.8235345474689242,0.5034530113140742,0.6540549745162328,3.1160265604654946,1.5054309368133545,0.0024098906433209777
usps,headwise_adaptive_entmax,9,8,0.499759316444397,0.8593964334705075,0.8433773135086096,0.4377222806215286,0.6364122778177261,3.057226518789927,1.505402684211731,0.002522145543480292
usps,headwise_adaptive_entmax,9,9,0.4524800777435303,0.8683127572016461,0.8536064596687607,0.40081124007701874,0.6159994602203369,3.006403942902883,1.5055073499679565,0.0027041394205298275
usps,headwise_adaptive_entmax,9,10,0.41633141040802,0.8916323731138546,0.8802611968633525,0.3673903246720632,0.6160364101330439,3.0047914584477744,1.5054560899734497,0.0030364048143383116
usps,headwise_adaptive_entmax,9,11,0.37681978940963745,0.9012345679012346,0.8903798843397093,0.3324847569068273,0.6213612308104833,3.0164674321810403,1.5053889751434326,0.0033051105856429785
usps,headwise_adaptive_entmax,9,12,0.34888678789138794,0.8998628257887518,0.8900618568564003,0.324204849700133,0.6142889062563578,2.989351511001587,1.5054004192352295,0.0033947359770536423
usps,headwise_adaptive_entmax,9,13,0.32722389698028564,0.9087791495198903,0.9000597497119502,0.28909724454085034,0.6150441567103068,2.943542182445526,1.5053894519805908,0.003936733410228044
usps,headwise_adaptive_entmax,9,14,0.2816314101219177,0.9128943758573388,0.9031913975801666,0.2596231947342555,0.5959184418121973,2.904000182946523,1.5055602192878723,0.0042451032204553485
usps,headwise_adaptive_entmax,9,15,0.2676415741443634,0.9183813443072703,0.9099537583708532,0.24763448536396027,0.5979037880897522,2.913342912991842,1.5055698156356812,0.004330061317887157
usps,headwise_adaptive_entmax,9,16,0.2633269727230072,0.9245541838134431,0.9176502313660378,0.22009950131177902,0.6021936982870102,2.921418031056722,1.5056679844856262,0.0047562948893755674
usps,headwise_adaptive_entmax,9,17,0.23404109477996826,0.9183813443072703,0.9109741309199796,0.2448808029294014,0.5896727095047632,2.9019417762756348,1.5057439804077148,0.004961466183885932
usps,headwise_adaptive_entmax,9,18,0.22182342410087585,0.9368998628257887,0.9309642800985756,0.1960608089963595,0.5901035616795222,2.896376450856527,1.5056965947151184,0.005040297459345311
usps,headwise_adaptive_entmax,9,19,0.2147056758403778,0.9355281207133059,0.9288816219954599,0.20584536095460257,0.5827617893616358,2.8869965076446533,1.5058547854423523,0.004973264527507126
usps,headwise_adaptive_entmax,9,20,0.20508748292922974,0.9368998628257887,0.9304488714315671,0.1957386260231336,0.5722577919562658,2.834586481253306,1.5060762763023376,0.004898733983282
usps,headwise_adaptive_entmax,9,21,0.20250026881694794,0.9314128943758574,0.9259724036914179,0.21495875716209412,0.5697574764490128,2.8550484577814736,1.5061420798301697,0.005030335451010615
usps,headwise_adaptive_entmax,9,22,0.19817233085632324,0.9492455418381345,0.9446627022275551,0.17850747952858606,0.5715699742237726,2.8656287789344788,1.5062147378921509,0.004890829906798899
usps,headwise_adaptive_entmax,9,23,0.18224811553955078,0.9444444444444444,0.9382885881428196,0.16377208133538565,0.5638860811789831,2.8436383406321206,1.5062315464019775,0.004825529525987804
usps,headwise_adaptive_entmax,9,24,0.15502701699733734,0.9355281207133059,0.9284749391546511,0.1819243629773458,0.5679303159316381,2.8494564294815063,1.5063998699188232,0.004918241174891591
usps,headwise_adaptive_entmax,9,25,0.1693371683359146,0.9471879286694102,0.9418445795570157,0.17087584982315698,0.5603794654210409,2.838032344977061,1.5064149498939514,0.0047993959742598236
usps,headwise_adaptive_entmax,9,26,0.1711273342370987,0.9444444444444444,0.9378364708240674,0.177407739063104,0.5540921290715536,2.815031806627909,1.5065433979034424,0.004873919417150319
usps,headwise_adaptive_entmax,9,27,0.15920031070709229,0.9478737997256516,0.9428554479346266,0.16424727936585745,0.5516181091467539,2.8054907520612082,1.506572961807251,0.004979255376383662
