dataset,method,seed,epoch,train_loss,val_accuracy,val_macro_f1,val_loss,attention_density,attention_entropy,alpha_mean,alpha_std
twenty_news,softmax,1,0,2.9624245166778564,0.13477684489615555,0.09960848655252408,2.8256153795454235,1.0,4.095168511072795,nan,nan
twenty_news,softmax,1,1,2.6882405281066895,0.1794078656650464,0.1493098607213129,2.6265267266167536,1.0,4.070555316077338,nan,nan
twenty_news,softmax,1,2,2.4267687797546387,0.2624834290764472,0.23644210973736562,2.4204661581251354,0.9999898903899722,3.9897826777564154,nan,nan
twenty_news,softmax,1,3,2.1329128742218018,0.32699955810870523,0.3008394136265422,2.210846953921848,0.9999430444505479,3.8486008246739707,nan,nan
twenty_news,softmax,1,4,1.8638054132461548,0.38400353513035795,0.35734922469761454,2.0445146560668945,0.9998828669389089,3.755508210923937,nan,nan
twenty_news,softmax,1,5,1.6329231262207031,0.4246575342465753,0.40063944255320844,1.9357790019777086,0.9998203979598151,3.6968278090159097,nan,nan
twenty_news,softmax,1,6,1.424248456954956,0.4631020768890853,0.4423251613029075,1.8640137910842896,0.9997313353750441,3.6570321718851724,nan,nan
twenty_news,softmax,1,7,1.2433010339736938,0.48475475033141846,0.46490443921354574,1.8108542230394151,0.9996230138672723,3.6210818555619984,nan,nan
twenty_news,softmax,1,8,1.09003746509552,0.4896155545735749,0.46736713009389846,1.7899340523613825,0.999488330549664,3.5769471062554254,nan,nan
twenty_news,softmax,1,9,0.9592562913894653,0.4918250110472824,0.4765049651529094,1.811343060599433,0.9993210434913635,3.553978270954556,nan,nan
twenty_news,softmax,1,10,0.8346746563911438,0.5041979673000442,0.4866050178092002,1.8074242803785536,0.9990747504764133,3.5117604732513428,nan,nan
twenty_news,softmax,1,11,0.7172377109527588,0.5112682280159081,0.48875729024455306,1.8478774229685466,0.9990198877122667,3.486566808488634,nan,nan
twenty_news,softmax,1,12,0.6144819855690002,0.518338488731772,0.5009329607329137,1.8796119160122342,0.9987077481216855,3.4421034389071994,nan,nan
twenty_news,softmax,1,13,0.5226595997810364,0.5240830755634114,0.5124611567911816,1.9340537389119465,0.9985271725389693,3.437026474210951,nan,nan
twenty_news,softmax,1,14,0.4474301338195801,0.5178965974370305,0.5067730506732111,1.9866974883609347,0.9984103110101488,3.406314320034451,nan,nan
twenty_news,softmax,1,15,0.380951851606369,0.5360141405214317,0.5243960565117571,2.071036868625217,0.998379992114173,3.3968360688951282,nan,nan
twenty_news,softmax,1,16,0.3177582025527954,0.5280600972160848,0.5199076862455017,2.1217534277174206,0.9981274869706895,3.363614108827379,nan,nan
twenty_news,softmax,1,17,0.26608040928840637,0.5201060539107379,0.5112809272835348,2.212813761499193,0.9979740414354537,3.338505996598138,nan,nan
twenty_news,softmax,1,18,0.225143164396286,0.5285019885108263,0.5150081710040049,2.2727172904544406,0.9980183906025357,3.349530511432224,nan,nan
twenty_news,softmax,1,19,0.18882934749126434,0.5249668581528943,0.5205202204576361,2.3384962346818714,0.9978331294324663,3.330558114581638,nan,nan
twenty_news,softmax,1,20,0.16085930168628693,0.5338046840477243,0.5262845456846286,2.372944460974799,0.9977128273910947,3.316255728403727,nan,nan
twenty_news,softmax,2,0,2.9664037227630615,0.1515687140963323,0.10916307835511083,2.816129763921102,1.0,4.0970240698920355,nan,nan
twenty_news,softmax,2,1,2.7058889865875244,0.21078214759169245,0.15987499243751152,2.565693351957533,1.0,4.0749434100257025,nan,nan
twenty_news,softmax,2,2,2.441810369491577,0.27927529827662395,0.2489921667242824,2.3366876708136664,0.9999835888544718,3.985925806893243,nan,nan
twenty_news,softmax,2,3,2.1411917209625244,0.347326557666814,0.313937370678268,2.1311477290259466,0.9999130169550577,3.835493246714274,nan,nan
twenty_news,softmax,2,4,1.8560943603515625,0.4083075563411401,0.388297525481427,1.9309147861268785,0.999682797325982,3.7278526624043784,nan,nan
twenty_news,softmax,2,5,1.6078546047210693,0.445868316394167,0.42989714299864507,1.8030091391669378,0.999540756146113,3.6495501730177136,nan,nan
twenty_news,softmax,2,6,1.4077585935592651,0.47901016349977904,0.454029036157748,1.7337951130337186,0.999410029914644,3.5942443079418607,nan,nan
twenty_news,softmax,2,7,1.236986756324768,0.5112682280159081,0.49431001055832946,1.6822649372948542,0.9992769261201223,3.55667781829834,nan,nan
twenty_news,softmax,2,8,1.0727936029434204,0.517454706142289,0.501057831509168,1.6837628417544894,0.9989964067935944,3.503491666581896,nan,nan
twenty_news,softmax,2,9,0.9401692152023315,0.5258506407423774,0.5089538612544846,1.688043925497267,0.9989368352625105,3.485588881704542,nan,nan
twenty_news,softmax,2,10,0.8150925040245056,0.5249668581528943,0.5087317216641767,1.713550262980991,0.9987482494778104,3.4581402937571206,nan,nan
twenty_news,softmax,2,11,0.6944174766540527,0.5311533362792753,0.5191623594873948,1.7433671686384413,0.9986113905906677,3.4302739567226834,nan,nan
twenty_news,softmax,2,12,0.5955231189727783,0.5315952275740168,0.5174164538572243,1.8218316899405584,0.9984538091553582,3.390095008744134,nan,nan
twenty_news,softmax,2,13,0.502871572971344,0.5368979231109147,0.5240118972181232,1.8623060517840915,0.998129708899392,3.3516799343956842,nan,nan
twenty_news,softmax,2,14,0.43212053179740906,0.5395492708793637,0.5283682475590539,1.9306835995780096,0.9980997509426541,3.3432593213187323,nan,nan
twenty_news,softmax,2,15,0.3540790379047394,0.5483870967741935,0.5360523612948885,2.000383138656616,0.9979340997007158,3.318661822213067,nan,nan
twenty_news,softmax,2,16,0.30127274990081787,0.5382235969951392,0.5262954822874031,2.0637048880259194,0.9977216124534607,3.2944982846577964,nan,nan
twenty_news,softmax,2,17,0.25103119015693665,0.5448519664162615,0.5345002666772734,2.1307946973376803,0.9977814389599694,3.297369029786852,nan,nan
twenty_news,softmax,2,18,0.20966631174087524,0.5444100751215201,0.535277232495348,2.195472081502279,0.9976353115505643,3.2857610914442272,nan,nan
twenty_news,softmax,2,19,0.1745106726884842,0.5399911621741051,0.5290709685914909,2.284072306421068,0.9973328510920206,3.253139442867703,nan,nan
twenty_news,softmax,2,20,0.1510748416185379,0.5466195315952276,0.5351955127783575,2.328720079527961,0.9972857932249705,3.2622545692655773,nan,nan
twenty_news,softmax,3,0,2.953360080718994,0.15333627927529828,0.11408224416702258,2.8126308917999268,1.0,4.113137536578709,nan,nan
twenty_news,softmax,3,1,2.6804440021514893,0.21608484312859036,0.186741843119418,2.5917305416531033,1.0,4.081740736961365,nan,nan
twenty_news,softmax,3,2,2.4214420318603516,0.27750773309765797,0.25363541147015756,2.3811866177452936,0.9999948839346567,3.9834238820605807,nan,nan
twenty_news,softmax,3,3,2.168489694595337,0.3384887317719841,0.31012747359333603,2.2056695885128446,0.9999753700362312,3.8968405723571777,nan,nan
twenty_news,softmax,3,4,1.9206509590148926,0.38179407865665044,0.3618739329889796,2.019373059272766,0.9999304314454397,3.8050222529305353,nan,nan
twenty_news,softmax,3,5,1.6967322826385498,0.4343791427308882,0.408191730415739,1.8671656052271526,0.9998389912976159,3.739777684211731,nan,nan
twenty_news,softmax,3,6,1.4918543100357056,0.46486964206805126,0.4485967461945227,1.7795223130120172,0.9996841881010268,3.675241708755493,nan,nan
twenty_news,softmax,3,7,1.3144246339797974,0.4896155545735749,0.47821614189596967,1.7435012261072795,0.9995754559834799,3.6287166012658014,nan,nan
twenty_news,softmax,3,8,1.1487526893615723,0.5108263367211666,0.4963792142473366,1.6918997632132635,0.9993542863263024,3.5871104929182263,nan,nan
twenty_news,softmax,3,9,1.0094000101089478,0.5245249668581529,0.505519995965664,1.6966325441996257,0.9992278714974722,3.5526157485114203,nan,nan
twenty_news,softmax,3,10,0.8777524828910828,0.5258506407423774,0.511708566012706,1.6958302921719022,0.9990030527114868,3.494433601697286,nan,nan
twenty_news,softmax,3,11,0.7573281526565552,0.5430844012372956,0.5258304719428587,1.7264466285705566,0.9988552927970886,3.4595479170481362,nan,nan
twenty_news,softmax,3,12,0.6507364511489868,0.5466195315952276,0.5330966115041832,1.7340433200200398,0.9986402756637998,3.4366936021380954,nan,nan
twenty_news,softmax,3,13,0.5532833337783813,0.5422006186478127,0.5327877688890893,1.7866238355636597,0.9984908401966095,3.4170283476511636,nan,nan
twenty_news,softmax,3,14,0.4681764841079712,0.5439681838267786,0.534356224083264,1.863370246357388,0.9983806875016954,3.4094340801239014,nan,nan
twenty_news,softmax,3,15,0.3855971693992615,0.5492708793636766,0.5378011753893873,1.910085399945577,0.998128162489997,3.373345229360792,nan,nan
twenty_news,softmax,3,16,0.33450961112976074,0.5470614228899691,0.5382395043026125,1.9637644820743136,0.9978536864121755,3.346679356363085,nan,nan
twenty_news,softmax,3,17,0.27355730533599854,0.5457357490057446,0.5367071616236656,2.0433712800343833,0.997740238904953,3.3250891500049167,nan,nan
twenty_news,softmax,3,18,0.22223448753356934,0.5545735749005745,0.5438930881406787,2.1133603387408786,0.9975515239768558,3.3206178744633994,nan,nan
twenty_news,softmax,3,19,0.18680766224861145,0.547945205479452,0.5418994602041981,2.1591589715745716,0.9973568022251129,3.3001587920718722,nan,nan
twenty_news,softmax,3,20,0.154130220413208,0.5545735749005745,0.54740937902354,2.2274556159973145,0.997337304883533,3.2958206600613065,nan,nan
twenty_news,softmax,3,21,0.13075117766857147,0.550596553247901,0.5415415331281181,2.296122577455309,0.9971466561158498,3.287168847190009,nan,nan
twenty_news,softmax,3,22,0.11474939435720444,0.5528060097216085,0.5466579257075515,2.3184208605024548,0.9970878561337789,3.2722751829359265,nan,nan
twenty_news,softmax,3,23,0.09194333851337433,0.552364118426867,0.5444430463259782,2.385525756412082,0.9969232314162784,3.260810613632202,nan,nan
twenty_news,softmax,4,0,2.9442858695983887,0.14935925762262484,0.10411978658824905,2.786422517564562,1.0,4.102067126168145,nan,nan
twenty_news,softmax,4,1,2.6635706424713135,0.2275740167918692,0.19548336893473256,2.541784551408556,1.0,4.0829267501831055,nan,nan
twenty_news,softmax,4,2,2.4060144424438477,0.28104286345558993,0.24599917489231973,2.3641402456495495,0.999983529249827,4.023106071684095,nan,nan
twenty_news,softmax,4,3,2.1640617847442627,0.3389306230667256,0.31094988904555987,2.1862199041578503,0.999526709318161,3.9261583752102323,nan,nan
twenty_news,softmax,4,4,1.9215935468673706,0.4052143172779496,0.3792243484258271,1.9974881807963054,0.999124225642946,3.8183231751124063,nan,nan
twenty_news,softmax,4,5,1.6834795475006104,0.4427750773309766,0.4186575321278707,1.8598670297198825,0.9986721442805396,3.734461863835653,nan,nan
twenty_news,softmax,4,6,1.459115743637085,0.4913831197525409,0.47731546549662623,1.7720050149493747,0.998266875743866,3.6998100413216486,nan,nan
twenty_news,softmax,4,7,1.2761214971542358,0.4975695978789218,0.4836377359258514,1.7466035154130723,0.9978684782981873,3.645182477103339,nan,nan
twenty_news,softmax,4,8,1.1268905401229858,0.5267344233318604,0.5131344412111579,1.6987518204583063,0.9975808759530386,3.613040804862976,nan,nan
twenty_news,softmax,4,9,0.9701119661331177,0.5293857711003094,0.5171076295465963,1.7148008876376681,0.9972683290640513,3.5824068917168512,nan,nan
twenty_news,softmax,4,10,0.8352088332176208,0.5408749447635881,0.5297379965511724,1.7294697761535645,0.9971275296476152,3.549952189127604,nan,nan
twenty_news,softmax,4,11,0.7261906862258911,0.5391073795846222,0.5231614068078753,1.766429861386617,0.9968653817971548,3.5247685379452176,nan,nan
twenty_news,softmax,4,12,0.6315595507621765,0.552364118426867,0.542562258554832,1.7984573046366374,0.9965896672672696,3.499380177921719,nan,nan
twenty_news,softmax,4,13,0.5252669453620911,0.5444100751215201,0.5288943333263849,1.8688422044118245,0.9963725937737359,3.474100218878852,nan,nan
twenty_news,softmax,4,14,0.4442750811576843,0.5501546619531595,0.5371968576514691,1.8905636337068346,0.9961026741398705,3.4451996882756553,nan,nan
twenty_news,softmax,4,15,0.3683430254459381,0.5642951833848873,0.5550785215985827,1.9423462549845378,0.99593671825197,3.427561495039198,nan,nan
twenty_news,softmax,4,16,0.3126589357852936,0.556783031374282,0.5491058694817456,2.034700632095337,0.9956229660246108,3.4022339052624173,nan,nan
twenty_news,softmax,4,17,0.24931907653808594,0.5581087052585064,0.5482877073432811,2.1124914354748197,0.9954861402511597,3.390379892455207,nan,nan
twenty_news,softmax,4,18,0.2121085673570633,0.5616438356164384,0.5562612171714665,2.17511166466607,0.995334075556861,3.373634682761298,nan,nan
twenty_news,softmax,4,19,0.18331299722194672,0.551480335837384,0.5424229268374477,2.2647731701533,0.9949359794457754,3.36610746383667,nan,nan
twenty_news,softmax,4,20,0.15088877081871033,0.5563411400795404,0.5454221511490263,2.311120536592272,0.9948706262641482,3.3536456293529935,nan,nan
twenty_news,softmax,5,0,2.9735589027404785,0.14626601855943439,0.09646359850185135,2.8334866629706488,1.0,4.111533800760905,nan,nan
twenty_news,softmax,5,1,2.690530300140381,0.20371188687582856,0.1750923281948628,2.602303663889567,1.0,4.081352922651503,nan,nan
twenty_news,softmax,5,2,2.4375340938568115,0.26380910296067167,0.22921139330591905,2.4088662465413413,1.0,4.027057621214125,nan,nan
twenty_news,softmax,5,3,2.1895506381988525,0.33539549270879365,0.295844314486062,2.216590987311469,0.9999961058298746,3.9227945539686413,nan,nan
twenty_news,softmax,5,4,1.9261239767074585,0.38577110030932393,0.3618500684831961,2.01925355858273,0.9998803271187676,3.816769321759542,nan,nan
twenty_news,softmax,5,5,1.668211579322815,0.43923994697304464,0.41992921077018863,1.871994309955173,0.9996785157256656,3.742090688811408,nan,nan
twenty_news,softmax,5,6,1.4681966304779053,0.4776844896155546,0.4531797384267892,1.7756674024793837,0.9995223018858168,3.6994158029556274,nan,nan
twenty_news,softmax,5,7,1.2730236053466797,0.4971277065841803,0.47728081496074576,1.7486692269643147,0.9993149605062273,3.6457435157563953,nan,nan
twenty_news,softmax,5,8,1.1278151273727417,0.5064074237737517,0.4857336333131239,1.7144184245003595,0.999133437871933,3.6185819705327353,nan,nan
twenty_news,softmax,5,9,0.9930907487869263,0.519222271321255,0.5022746235852898,1.7138660086525812,0.9988998174667358,3.5733957952923245,nan,nan
twenty_news,softmax,5,10,0.8561575412750244,0.5320371188687583,0.5116456511766143,1.7232534885406494,0.9987764259179434,3.554140316115485,nan,nan
twenty_news,softmax,5,11,0.747151255607605,0.5311533362792753,0.5129823808078859,1.7488924397362604,0.9985502627160814,3.515701492627462,nan,nan
twenty_news,softmax,5,12,0.6353976130485535,0.5488289880689351,0.5358403954437303,1.7831068966123793,0.9984821478525797,3.487614472707113,nan,nan
twenty_news,softmax,5,13,0.5414325594902039,0.5461776403004861,0.5361672568308087,1.8200053109063044,0.9981432623333402,3.4554292096032038,nan,nan
twenty_news,softmax,5,14,0.45938587188720703,0.5386654882898807,0.5273201706184453,1.9002885686026678,0.9978548718823327,3.418742921617296,nan,nan
twenty_news,softmax,5,15,0.3985709547996521,0.5457357490057446,0.5350477449169798,1.942739142311944,0.9977266258663602,3.40764311949412,nan,nan
twenty_news,softmax,5,16,0.3249925971031189,0.551480335837384,0.5413383521779683,1.9927602211634319,0.997520602411694,3.3937894900639853,nan,nan
twenty_news,softmax,5,17,0.26982325315475464,0.556783031374282,0.5430673662145368,2.0628670718934803,0.9973977141910129,3.3806418710284762,nan,nan
twenty_news,softmax,5,18,0.22128622233867645,0.550596553247901,0.5412402220860604,2.1402204831441245,0.9972740179962583,3.3671344651116266,nan,nan
twenty_news,softmax,5,19,0.18551833927631378,0.5488289880689351,0.5387095713361193,2.201937119166056,0.9970797234111362,3.35635424984826,nan,nan
twenty_news,softmax,5,20,0.15928879380226135,0.5457357490057446,0.5372989083635281,2.295250164137946,0.997082899014155,3.3455202049679227,nan,nan
twenty_news,softmax,5,21,0.13383764028549194,0.5607600530269554,0.5522662369726742,2.3358845578299627,0.9968714151117537,3.325169324874878,nan,nan
twenty_news,softmax,5,22,0.11049214750528336,0.5528060097216085,0.5454888458067106,2.378317356109619,0.9967723257011838,3.318419257799784,nan,nan
twenty_news,softmax,5,23,0.0888899639248848,0.5492708793636766,0.5403763129624212,2.450731701321072,0.9966910580794016,3.313003248638577,nan,nan
twenty_news,softmax,5,24,0.078166164457798,0.5545735749005745,0.5448066190190315,2.535980648464627,0.9965487387445238,3.303058769967821,nan,nan
twenty_news,softmax,5,25,0.07445564866065979,0.5461776403004861,0.5396675532494604,2.5652856826782227,0.9965297844674852,3.297004063924154,nan,nan
twenty_news,softmax,5,26,0.06003258004784584,0.5519222271321255,0.5407252291903571,2.6356790330674915,0.9964052736759186,3.286908679538303,nan,nan
twenty_news,softmax,6,0,2.9628851413726807,0.11931064958020327,0.08841664544541519,2.8655679755740695,1.0,4.120417806837294,nan,nan
twenty_news,softmax,6,1,2.7048282623291016,0.1948740609809987,0.1638253340195433,2.6421297126346164,0.9999999900658926,4.085867272482978,nan,nan
twenty_news,softmax,6,2,2.432819128036499,0.25850640742377373,0.23823114140454393,2.441298723220825,0.9999753402339088,3.9861383173200817,nan,nan
twenty_news,softmax,6,3,2.1376466751098633,0.34114007954043307,0.3182694537830292,2.1703113185034857,0.9998917612764571,3.8722408480114408,nan,nan
twenty_news,softmax,6,4,1.8560960292816162,0.39637649138311976,0.37041919393807793,1.9908999734454684,0.9997544123066796,3.7993937068515353,nan,nan
twenty_news,softmax,6,5,1.622918963432312,0.4418912947414936,0.41624407330376734,1.864002479447259,0.9996684193611145,3.7453862693574695,nan,nan
twenty_news,softmax,6,6,1.4220391511917114,0.4732655766681396,0.4541119137392867,1.783809675110711,0.9993611905309889,3.6824241876602173,nan,nan
twenty_news,softmax,6,7,1.248707890510559,0.49270879363676534,0.47688842247419816,1.7495970990922716,0.9993087748686472,3.669344358974033,nan,nan
twenty_news,softmax,6,8,1.092759609222412,0.49359257622624836,0.47851141467162916,1.780040568775601,0.999274773730172,3.649006870057848,nan,nan
twenty_news,softmax,6,9,0.9640514850616455,0.5187803800265135,0.5024482653740242,1.719342867533366,0.9989330238766141,3.5909367402394614,nan,nan
twenty_news,softmax,6,10,0.8271146416664124,0.5293857711003094,0.5133469792600047,1.7480279737048678,0.9988935324880812,3.5839481221305,nan,nan
twenty_news,softmax,6,11,0.7195439338684082,0.5267344233318604,0.5128845234216177,1.7727010515001085,0.9986299640602536,3.5502566628985934,nan,nan
twenty_news,softmax,6,12,0.6148779988288879,0.5302695536897923,0.5189319583638531,1.8315486775504217,0.9985449016094208,3.5370744864145913,nan,nan
twenty_news,softmax,6,13,0.5170962810516357,0.5373398144056563,0.5268875893763466,1.8782838185628254,0.9984349012374878,3.514417052268982,nan,nan
twenty_news,softmax,6,14,0.44265592098236084,0.5346884666372073,0.5241184143892268,1.9396420054965549,0.9983253611458672,3.498757349120246,nan,nan
twenty_news,softmax,6,15,0.37804311513900757,0.5408749447635881,0.5298028662803291,2.0007746352089777,0.9982455405924056,3.488258123397827,nan,nan
twenty_news,softmax,6,16,0.31563007831573486,0.547945205479452,0.5405619663773457,2.0717499521043568,0.9981860783365037,3.475231740209791,nan,nan
twenty_news,softmax,6,17,0.2589821219444275,0.5338046840477243,0.523414477725854,2.1348286867141724,0.9979307817088233,3.4547050264146595,nan,nan
twenty_news,softmax,6,18,0.23239967226982117,0.5461776403004861,0.5375433456185983,2.1614171928829617,0.9978508949279785,3.437436991267734,nan,nan
twenty_news,softmax,6,19,0.18591463565826416,0.5452938577110031,0.5366825606246475,2.2355178594589233,0.9978576103846232,3.4256254169676037,nan,nan
twenty_news,softmax,6,20,0.15629926323890686,0.5461776403004861,0.5382263822138607,2.310756391949124,0.9976799752977159,3.409843921661377,nan,nan
twenty_news,softmax,6,21,0.13382737338542938,0.552364118426867,0.5451653168422425,2.332915094163683,0.9976009759638045,3.3938405513763428,nan,nan
twenty_news,softmax,6,22,0.11192605644464493,0.5417587273530712,0.534473124564763,2.4548885027567544,0.9974813030825721,3.3758719629711575,nan,nan
twenty_news,softmax,6,23,0.10036811977624893,0.550596553247901,0.5435010010033079,2.4688791698879666,0.9974290231863657,3.3795601261986628,nan,nan
twenty_news,softmax,6,24,0.08577952533960342,0.5435262925320371,0.533643309245301,2.5697920587327747,0.9973589976628622,3.371574560801188,nan,nan
twenty_news,softmax,6,25,0.06955723464488983,0.5408749447635881,0.5346679355193541,2.613661607106527,0.9974645243750678,3.3612273269229465,nan,nan
twenty_news,softmax,6,26,0.06644797325134277,0.5426425099425541,0.5387746349761873,2.653619315889147,0.9972720079951816,3.35407382912106,nan,nan
twenty_news,softmax,7,0,2.9461841583251953,0.15996464869642069,0.12205057942314826,2.7855047384897866,1.0,4.1024178928799095,nan,nan
twenty_news,softmax,7,1,2.663050651550293,0.21608484312859036,0.18746147497001334,2.575161933898926,1.0,4.0667976008521185,nan,nan
twenty_news,softmax,7,2,2.382183074951172,0.2938577110030932,0.2690563741832228,2.341862201690674,0.9999832775857713,3.9585264126459756,nan,nan
twenty_news,softmax,7,3,2.101334810256958,0.36190897039328324,0.34265817274940297,2.123676511976454,0.9999449253082275,3.842938039037916,nan,nan
twenty_news,softmax,7,4,1.8302150964736938,0.415377817057004,0.39310535791955764,1.9798280795415242,0.9999184873369005,3.7874546580844455,nan,nan
twenty_news,softmax,7,5,1.6234099864959717,0.44233318603623506,0.41635820935600903,1.8714971939722698,0.9998408754666647,3.733045975367228,nan,nan
twenty_news,softmax,7,6,1.4418398141860962,0.4657534246575342,0.447057340829795,1.8134426673253377,0.9997727109326257,3.6996739308039346,nan,nan
twenty_news,softmax,7,7,1.2553856372833252,0.47724259832081306,0.4613589579180717,1.7717845572365656,0.9996889995204078,3.66360244486067,nan,nan
twenty_news,softmax,7,8,1.0896546840667725,0.49359257622624836,0.4750361167326048,1.7394086122512817,0.9995578130086263,3.616079409917196,nan,nan
twenty_news,softmax,7,9,0.9466665983200073,0.5055236411842686,0.48558887023020275,1.7455058362748888,0.9995422197712792,3.6024709145228067,nan,nan
twenty_news,softmax,7,10,0.8230771422386169,0.5059655324790102,0.48864452502273414,1.7795536783006456,0.9993240866396162,3.558874315685696,nan,nan
twenty_news,softmax,7,11,0.7007792592048645,0.5152452496685815,0.5023750173984735,1.790730529361301,0.9991629123687744,3.529440270529853,nan,nan
twenty_news,softmax,7,12,0.5957072377204895,0.5231992929739284,0.5133631462740784,1.8555527925491333,0.9990119967195723,3.4918455282847085,nan,nan
twenty_news,softmax,7,13,0.5053898096084595,0.5254087494476359,0.5129049566729023,1.8855133983823988,0.9990295535988278,3.4956700007120767,nan,nan
twenty_news,softmax,7,14,0.42984598875045776,0.5320371188687583,0.5211680580326875,1.9460239542855158,0.9989063938458761,3.4696354601118298,nan,nan
twenty_news,softmax,7,15,0.35882630944252014,0.5302695536897923,0.5159810332221106,2.0283462471432157,0.9988608260949453,3.453249944580926,nan,nan
twenty_news,softmax,7,16,0.29746952652931213,0.5315952275740168,0.521396790902461,2.0927048921585083,0.9985361463493772,3.4071699248419867,nan,nan
twenty_news,softmax,7,17,0.24801455438137054,0.5342465753424658,0.5254399994335285,2.1369325849745007,0.9985208345784081,3.3957779937320285,nan,nan
twenty_news,softmax,7,18,0.20456935465335846,0.5360141405214317,0.5268136499384674,2.201236459943983,0.9983681208557553,3.3755690389209323,nan,nan
twenty_news,softmax,7,19,0.16988877952098846,0.5324790101634997,0.5243010557111213,2.2752392292022705,0.9982247981760237,3.359288069936964,nan,nan
twenty_news,softmax,7,20,0.14307880401611328,0.5271763146266019,0.5196184862028492,2.347337086995443,0.9983186920483907,3.3677386045455933,nan,nan
twenty_news,softmax,7,21,0.12128090858459473,0.5223155103844455,0.5161021177617693,2.432593584060669,0.9982899990346696,3.3681534926096597,nan,nan
twenty_news,softmax,7,22,0.10317438095808029,0.5205479452054794,0.5114910975907986,2.4854691558414035,0.9981281161308289,3.3521242141723633,nan,nan
twenty_news,softmax,7,23,0.09334950894117355,0.5285019885108263,0.5190269633991446,2.5344130992889404,0.9980135460694631,3.3359939522213407,nan,nan
twenty_news,softmax,8,0,2.9518678188323975,0.14317277949624393,0.09301984148263741,2.8051845762464733,1.0,4.080483105447557,nan,nan
twenty_news,softmax,8,1,2.6763761043548584,0.2328767123287671,0.1967793589883225,2.520503282546997,0.999999526474211,4.05173921585083,nan,nan
twenty_news,softmax,8,2,2.368624210357666,0.3110914714980115,0.27744015652906634,2.2704132662879095,0.9999864664342668,3.9364514615800648,nan,nan
twenty_news,softmax,8,3,2.055924654006958,0.3932832523199293,0.36614220996268193,2.046253376536899,0.999940319193734,3.8414005173577204,nan,nan
twenty_news,softmax,8,4,1.7822338342666626,0.44410075121520104,0.42424930881708567,1.8943100770314534,0.9998482531971402,3.782022900051541,nan,nan
twenty_news,softmax,8,5,1.5604310035705566,0.4644277507733098,0.444555760367302,1.8156621323691473,0.9998157454861535,3.7519490321477256,nan,nan
twenty_news,softmax,8,6,1.3904199600219727,0.4949182501104728,0.4793453120799729,1.739955292807685,0.9997555216153463,3.718758477105035,nan,nan
twenty_news,softmax,8,7,1.2337759733200073,0.5103844454264251,0.4919094917958763,1.7147721581988864,0.9997102419535319,3.706084476576911,nan,nan
twenty_news,softmax,8,8,1.0932399034500122,0.5289438798055678,0.5151999921534892,1.6748463312784831,0.9996099339591132,3.663210484716627,nan,nan
twenty_news,softmax,8,9,0.9523424506187439,0.5329209014582412,0.5251779568155872,1.6968430148230658,0.9994613826274872,3.6300973494847617,nan,nan
twenty_news,softmax,8,10,0.8475630879402161,0.5444100751215201,0.5312408795851397,1.7028995619879828,0.9993938340081109,3.6079353359010486,nan,nan
twenty_news,softmax,8,11,0.7375453114509583,0.5492708793636766,0.5393486950664879,1.705279482735528,0.9992917842335172,3.58679019080268,nan,nan
twenty_news,softmax,8,12,0.6238097548484802,0.5488289880689351,0.5414281661511,1.759664946132236,0.9992535147402022,3.57153222295973,nan,nan
twenty_news,softmax,8,13,0.544270396232605,0.552364118426867,0.5434434005098304,1.8038208882013957,0.9992417328887515,3.5624672306908503,nan,nan
twenty_news,softmax,8,14,0.46491914987564087,0.5528060097216085,0.5417270328176393,1.829794102244907,0.9991135862138536,3.540232711368137,nan,nan
twenty_news,softmax,8,15,0.3919321894645691,0.5558992487847989,0.5449119601282483,1.902590725156996,0.9989617102675967,3.5103118817011514,nan,nan
twenty_news,softmax,8,16,0.3364649713039398,0.5545735749005745,0.544147049283736,1.974047859509786,0.9989631606472863,3.512771646181742,nan,nan
twenty_news,softmax,8,17,0.2840050756931305,0.5585505965532479,0.5508088235865717,2.018422497643365,0.9988951947953966,3.492920345730252,nan,nan
twenty_news,softmax,8,18,0.24260230362415314,0.5572249226690235,0.54841928693208,2.085348473654853,0.998721245262358,3.4686964882744684,nan,nan
twenty_news,softmax,8,19,0.19931387901306152,0.5647370746796289,0.5562273359472463,2.1449966033299765,0.9985665778319041,3.4408966170416937,nan,nan
twenty_news,softmax,8,20,0.17268499732017517,0.5492708793636766,0.5425987956595345,2.2625758515463934,0.9985543688138326,3.437814858224657,nan,nan
twenty_news,softmax,8,21,0.14651480317115784,0.5660627485638533,0.556171253739009,2.294041951497396,0.9984722336133321,3.4239071077770658,nan,nan
twenty_news,softmax,8,22,0.12240441888570786,0.5642951833848873,0.5539625763299256,2.349631839328342,0.9986004034678141,3.433748231993781,nan,nan
twenty_news,softmax,8,23,0.1005851998925209,0.5620857269111799,0.5529382857776037,2.3885636859469943,0.9985026915868124,3.4254911608166165,nan,nan
twenty_news,softmax,8,24,0.08869081735610962,0.5616438356164384,0.552338565078583,2.4501486354404025,0.9984941681226095,3.4228947957356772,nan,nan
twenty_news,softmax,8,25,0.07885527610778809,0.5629695095006628,0.5539455887068105,2.5109537972344294,0.9984889030456543,3.413676288392809,nan,nan
twenty_news,softmax,8,26,0.07062289863824844,0.5598762704374723,0.5505341907353036,2.5626105732387967,0.9985470937358009,3.415608869658576,nan,nan
twenty_news,softmax,9,0,2.9550411701202393,0.1444984533804684,0.10348251572156775,2.81859114434984,1.0,4.109240823321873,nan,nan
twenty_news,softmax,9,1,2.6980018615722656,0.19796730004418914,0.15571024153654311,2.5930253664652505,1.0,4.091879844665527,nan,nan
twenty_news,softmax,9,2,2.440369129180908,0.27308882015024305,0.2388306978268922,2.3713749514685736,0.9999921719233195,3.992634508344862,nan,nan
twenty_news,softmax,9,3,2.1479458808898926,0.3592576226248343,0.33386666010567245,2.11051869392395,0.9998898572391934,3.848829256163703,nan,nan
twenty_news,softmax,9,4,1.8596537113189697,0.3985859478568272,0.3779951432909784,1.989829871389601,0.9997857742839389,3.774114979637994,nan,nan
twenty_news,softmax,9,5,1.629154086112976,0.42686699072028284,0.40151685183916125,1.8947367800606623,0.9998010860549079,3.740129444334242,nan,nan
twenty_news,softmax,9,6,1.4331822395324707,0.4507291206363235,0.4317101215737694,1.8239794042375352,0.9997835920916663,3.713599019580417,nan,nan
twenty_news,softmax,9,7,1.2710447311401367,0.4626601855943438,0.4534383319680983,1.805768330891927,0.9996460576852163,3.6581714948018393,nan,nan
twenty_news,softmax,9,8,1.1160112619400024,0.4944763588157313,0.4774873869650307,1.7816771666208904,0.9995538161860572,3.6280393600463867,nan,nan
twenty_news,softmax,9,9,0.9781100153923035,0.5015466195315952,0.4882302515754902,1.77534908718533,0.9994829032156203,3.595221903589037,nan,nan
twenty_news,softmax,9,10,0.8438174724578857,0.5139195757843571,0.5020967995883511,1.788360357284546,0.9993589156203799,3.5558459096484714,nan,nan
twenty_news,softmax,9,11,0.7204949855804443,0.5161290322580645,0.5063714823674543,1.8132128715515137,0.9992438819673326,3.5374201271269055,nan,nan
twenty_news,softmax,9,12,0.6252962946891785,0.5276182059213433,0.5164630784044111,1.8348959684371948,0.9991726345486112,3.515278948677911,nan,nan
twenty_news,softmax,9,13,0.5401051044464111,0.5240830755634114,0.5140051886053936,1.907361971007453,0.9989668826262156,3.487052983707852,nan,nan
twenty_news,softmax,9,14,0.44748905301094055,0.5271763146266019,0.5171951940484283,1.9564686483807034,0.9988701674673293,3.4732577668295965,nan,nan
twenty_news,softmax,9,15,0.3835279941558838,0.5324790101634997,0.5215265823966333,1.9952966769536336,0.9987463123268552,3.450211445490519,nan,nan
twenty_news,softmax,9,16,0.31801801919937134,0.5258506407423774,0.5169200529884439,2.070633120006985,0.9985255665249295,3.420354339811537,nan,nan
twenty_news,softmax,9,17,0.26534485816955566,0.5320371188687583,0.5239663299951521,2.1374289062288074,0.9982829259501563,3.3940667576260037,nan,nan
twenty_news,softmax,9,18,0.22739873826503754,0.5404330534688466,0.5293230727804376,2.1872248119778104,0.9983412259154849,3.3917387194103665,nan,nan
twenty_news,softmax,9,19,0.19846658408641815,0.5307114449845338,0.5221952722851013,2.2678081591924033,0.9983102381229401,3.3861976994408503,nan,nan
twenty_news,softmax,9,20,0.15405716001987457,0.5448519664162615,0.536725323007656,2.3138091299268932,0.9981859624385834,3.3722025685840182,nan,nan
twenty_news,softmax,9,21,0.12123920023441315,0.5391073795846222,0.5286758878927996,2.3804028034210205,0.9982790251572927,3.3699384927749634,nan,nan
twenty_news,softmax,9,22,0.11300170421600342,0.5395492708793637,0.5300847614669137,2.42622447013855,0.9981227384673225,3.3539766603045993,nan,nan
twenty_news,softmax,9,23,0.09909863024950027,0.5329209014582412,0.5249507786348959,2.50297302669949,0.9981335004170736,3.357806404431661,nan,nan
twenty_news,softmax,9,24,0.0873648002743721,0.547945205479452,0.5401267148486861,2.5174050860934787,0.9981278512212965,3.3578793340259128,nan,nan
twenty_news,softmax,9,25,0.07888536155223846,0.5395492708793637,0.531846473573055,2.564702484342787,0.9979319208198123,3.3402891159057617,nan,nan
twenty_news,softmax,9,26,0.0677085891366005,0.5408749447635881,0.534392172079378,2.614571385913425,0.9979886379506853,3.340123520957099,nan,nan
twenty_news,softmax,9,27,0.05993007495999336,0.5391073795846222,0.531780997150931,2.639006429248386,0.9978702565034231,3.3267365826500788,nan,nan
twenty_news,softmax,9,28,0.0580870658159256,0.5497127706584181,0.5392728138447395,2.7000754144456653,0.9978906876511044,3.3202346695794,nan,nan
twenty_news,softmax,9,29,0.04826251417398453,0.5452938577110031,0.5370763664039802,2.7304235564337835,0.9978820582230886,3.3218686978022256,nan,nan
twenty_news,topk_softmax_0125,1,0,2.9481728076934814,0.12593901900132567,0.10611631478767121,2.816660351223416,0.13384007579750484,2.14573073387146,nan,nan
twenty_news,topk_softmax_0125,1,1,2.657797336578369,0.2209456473707468,0.19743037849529566,2.568762090471056,0.13384007579750484,2.134339597490099,nan,nan
twenty_news,topk_softmax_0125,1,2,2.3252103328704834,0.2894387980556783,0.2621224936739782,2.3352191713121204,0.13384007579750484,2.0927710003323026,nan,nan
twenty_news,topk_softmax_0125,1,3,2.02817702293396,0.34865223155103847,0.3284677362853544,2.153627872467041,0.13384007579750484,2.0614948802524142,nan,nan
twenty_news,topk_softmax_0125,1,4,1.7663971185684204,0.39814405656208574,0.3753252363433747,2.014729552798801,0.13384007579750484,2.03241929743025,nan,nan
twenty_news,topk_softmax_0125,1,5,1.5389171838760376,0.4281926646045073,0.406393344553951,1.9101622104644775,0.13384007579750484,2.016953792836931,nan,nan
twenty_news,topk_softmax_0125,1,6,1.344068169593811,0.46354396818382676,0.4480140207848914,1.8443469603856404,0.13384007579750484,2.004335992866092,nan,nan
twenty_news,topk_softmax_0125,1,7,1.1655269861221313,0.4812196199734865,0.466652607360628,1.8171570433510675,0.13384007579750484,1.994972248872121,nan,nan
twenty_news,topk_softmax_0125,1,8,1.0257850885391235,0.48519664162615994,0.46718488463244406,1.841168933444553,0.13384007579750484,1.9826355642742581,nan,nan
twenty_news,topk_softmax_0125,1,9,0.8964483737945557,0.5028722934158197,0.4887953069135914,1.849649535285102,0.13384003771675956,1.9804952873124018,nan,nan
twenty_news,topk_softmax_0125,1,10,0.7712781429290771,0.5024304021210783,0.4927445756077343,1.8818402025434706,0.13383998390701082,1.97885975572798,nan,nan
twenty_news,topk_softmax_0125,1,11,0.6530115008354187,0.5205479452054794,0.5052157890554511,1.9162100288603041,0.1338399267858929,1.9665787286228604,nan,nan
twenty_news,topk_softmax_0125,1,12,0.5688950419425964,0.5050817498895271,0.49267907042262193,1.9922031031714544,0.1338400070865949,1.9573649631606207,nan,nan
twenty_news,topk_softmax_0125,1,13,0.47434642910957336,0.516570923552806,0.5120177421989486,2.05307846599155,0.13383998307916853,1.9478276835547552,nan,nan
twenty_news,topk_softmax_0125,1,14,0.4020901918411255,0.5148033583738401,0.5077090359832019,2.1014419396718345,0.13383999052974913,1.948363204797109,nan,nan
twenty_news,topk_softmax_0125,1,15,0.3460797667503357,0.5236411842686699,0.5176062328902368,2.153744750552707,0.13383999135759142,1.9451500376065571,nan,nan
twenty_news,topk_softmax_0125,1,16,0.28313520550727844,0.5134776844896155,0.5060810634274755,2.2555141713884144,0.13383973803785112,1.9359530342949762,nan,nan
twenty_news,topk_softmax_0125,1,17,0.2421131134033203,0.5209898365002209,0.5154922881301647,2.2969597975413003,0.13383980260954964,1.9272693263159857,nan,nan
twenty_news,topk_softmax_0125,1,18,0.2166292518377304,0.516570923552806,0.5104439781698693,2.3656762176089816,0.13383972148100534,1.9307129316859775,nan,nan
twenty_news,topk_softmax_0125,1,19,0.1793755739927292,0.5245249668581529,0.5202728358693802,2.4328033924102783,0.13383939117193222,1.9275985029008653,nan,nan
twenty_news,topk_softmax_0125,1,20,0.1561116874217987,0.5249668581528943,0.5211627846349985,2.50281646516588,0.1338396809167332,1.9188197122679815,nan,nan
twenty_news,topk_softmax_0125,1,21,0.13735538721084595,0.5196641626159965,0.5148767511695729,2.5674256218804254,0.13383983572324118,1.9204312629169888,nan,nan
twenty_news,topk_softmax_0125,1,22,0.12246450036764145,0.5196641626159965,0.5176790524202485,2.614215956793891,0.1338397678401735,1.9146861301528082,nan,nan
twenty_news,topk_softmax_0125,1,23,0.10636169463396072,0.5209898365002209,0.5103611185595722,2.671758492787679,0.13383981751071083,1.9156244330936008,nan,nan
twenty_news,topk_softmax_0125,1,24,0.09511184692382812,0.5267344233318604,0.5219488952106504,2.683983219994439,0.1338396900229984,1.9122298227416143,nan,nan
twenty_news,topk_softmax_0125,1,25,0.08140630275011063,0.5298276623950509,0.5224957646039341,2.7399077680375843,0.13383960889445412,1.9148928589291043,nan,nan
twenty_news,topk_softmax_0125,1,26,0.07390677183866501,0.516570923552806,0.5119575219629635,2.8034412595960827,0.133839697473579,1.9055390357971191,nan,nan
twenty_news,topk_softmax_0125,1,27,0.06534392386674881,0.5258506407423774,0.5203389745791304,2.8563329643673367,0.13383949796358743,1.9068747096591525,nan,nan
twenty_news,topk_softmax_0125,1,28,0.057774875313043594,0.5276182059213433,0.5236177185934504,2.863370180130005,0.1338394342197312,1.9041351411077712,nan,nan
twenty_news,topk_softmax_0125,1,29,0.05437278002500534,0.5236411842686699,0.5194159184319118,2.8920940823025174,0.13383926285637748,1.9036242829428778,nan,nan
twenty_news,topk_softmax_0125,2,0,2.9720449447631836,0.12903225806451613,0.09626728500482536,2.8505027823978,0.1337968044810825,2.146260725127326,nan,nan
twenty_news,topk_softmax_0125,2,1,2.734586238861084,0.2328767123287671,0.19047293058572662,2.6010352505577936,0.1337968044810825,2.1429428921805487,nan,nan
twenty_news,topk_softmax_0125,2,2,2.4150776863098145,0.30181175430844015,0.26690307364712285,2.330012003580729,0.1337968044810825,2.121381852361891,nan,nan
twenty_news,topk_softmax_0125,2,3,2.095625162124634,0.3809102960671675,0.3516133581887752,2.093253175417582,0.1337968044810825,2.078156610329946,nan,nan
twenty_news,topk_softmax_0125,2,4,1.7917276620864868,0.4264250994255413,0.40776855352029706,1.9324273003472223,0.13379675729407203,2.0556753277778625,nan,nan
twenty_news,topk_softmax_0125,2,5,1.5544207096099854,0.4626601855943438,0.4469835738135258,1.8409580522113376,0.13379648990101284,2.040371186203427,nan,nan
twenty_news,topk_softmax_0125,2,6,1.3390032052993774,0.4768007070260716,0.4542695242161864,1.7996946043438382,0.133796369863881,2.0353684226671853,nan,nan
twenty_news,topk_softmax_0125,2,7,1.1770268678665161,0.4958020326999558,0.47691168811669693,1.7666663726170857,0.13379633095529345,2.0282307929462857,nan,nan
twenty_news,topk_softmax_0125,2,8,1.0046600103378296,0.5050817498895271,0.4904325358501561,1.7765058146582708,0.13379605611165366,2.0201419062084622,nan,nan
twenty_news,topk_softmax_0125,2,9,0.866631031036377,0.5143614670790986,0.5022640919809698,1.7977022462420993,0.13379583176639345,2.0073373913764954,nan,nan
twenty_news,topk_softmax_0125,2,10,0.7508772015571594,0.5227574016791869,0.5114146519465185,1.8414282004038494,0.13379541205035317,2.004487627082401,nan,nan
twenty_news,topk_softmax_0125,2,11,0.6357883214950562,0.519222271321255,0.5118775097163013,1.8855227894253201,0.13379518356588152,1.9988947179582384,nan,nan
twenty_news,topk_softmax_0125,2,12,0.5530394315719604,0.5271763146266019,0.5179898319159298,1.9385755327012804,0.1337950337264273,1.991712795363532,nan,nan
twenty_news,topk_softmax_0125,2,13,0.4672929346561432,0.5293857711003094,0.5177903471798593,1.9988259474436443,0.13379469348324668,1.9844626254505582,nan,nan
twenty_news,topk_softmax_0125,2,14,0.39236393570899963,0.5262925320371189,0.5171508580073442,2.0795561340120106,0.13379489299323824,1.981027238898807,nan,nan
twenty_news,topk_softmax_0125,2,15,0.33524662256240845,0.5271763146266019,0.5194496261414041,2.1423942115571766,0.1337948946489228,1.9698753092024062,nan,nan
twenty_news,topk_softmax_0125,2,16,0.2873110771179199,0.5373398144056563,0.528022734690449,2.214877062373691,0.1337946371899711,1.9653236203723483,nan,nan
twenty_news,topk_softmax_0125,2,17,0.2424309253692627,0.5333627927529828,0.5235073810650734,2.288216988245646,0.1337944335407681,1.9599179294374254,nan,nan
twenty_news,topk_softmax_0125,2,18,0.20718979835510254,0.5249668581528943,0.5182448537468998,2.344788259930081,0.13379459497001436,1.9583420356114705,nan,nan
twenty_news,topk_softmax_0125,2,19,0.17276515066623688,0.5351303579319487,0.5275711706445289,2.3993729750315347,0.13379445340898302,1.9513358606232538,nan,nan
twenty_news,topk_softmax_0125,2,20,0.14598365128040314,0.5262925320371189,0.5207484848625603,2.467033863067627,0.13379453288184273,1.9442670543988545,nan,nan
twenty_news,topk_softmax_0125,2,21,0.130450040102005,0.5320371188687583,0.522251217505814,2.5386176904042563,0.13379447493288252,1.941979746023814,nan,nan
twenty_news,topk_softmax_0125,3,0,2.9626963138580322,0.1520106053910738,0.12360792928529814,2.806891361872355,0.13372033834457397,2.164486037360297,nan,nan
twenty_news,topk_softmax_0125,3,1,2.674532651901245,0.2275740167918692,0.19525948942614177,2.566069338056776,0.13372033834457397,2.1586824125713773,nan,nan
twenty_news,topk_softmax_0125,3,2,2.400275707244873,0.2920901458241273,0.26516564058316916,2.318248060014513,0.13372033834457397,2.1387423939175076,nan,nan
twenty_news,topk_softmax_0125,3,3,2.1256253719329834,0.3517454706142289,0.3252390955679367,2.1251474221547446,0.13372007922993767,2.1068544917636447,nan,nan
twenty_news,topk_softmax_0125,3,4,1.8793184757232666,0.4021210782147592,0.3732073470422518,1.9929320414861043,0.13371947076585558,2.086439503563775,nan,nan
twenty_news,topk_softmax_0125,3,5,1.6550947427749634,0.44056562085726914,0.4175190757889279,1.8886580997043185,0.1337190734015571,2.0682082772254944,nan,nan
twenty_news,topk_softmax_0125,3,6,1.4544756412506104,0.4684047724259832,0.4543850199712611,1.7973848051495023,0.1337186238831944,2.054237855805291,nan,nan
twenty_news,topk_softmax_0125,3,7,1.272000789642334,0.4949182501104728,0.4810860898529537,1.7497471968332927,0.13371844093004862,2.0430931051572165,nan,nan
twenty_news,topk_softmax_0125,3,8,1.098151683807373,0.5108263367211666,0.49639177538825663,1.7407724459966023,0.13371830681959787,2.0338412390814886,nan,nan
twenty_news,topk_softmax_0125,3,9,0.9641170501708984,0.5231992929739284,0.5131386804058226,1.7597142855326335,0.13371800382932028,2.0262153016196356,nan,nan
twenty_news,topk_softmax_0125,3,10,0.8414077758789062,0.5302695536897923,0.5185266713142875,1.7703053553899128,0.1337176130877601,2.01731938123703,nan,nan
twenty_news,topk_softmax_0125,3,11,0.7235797047615051,0.5276182059213433,0.5112186000034961,1.8224594328138564,0.1337176188826561,2.010201030307346,nan,nan
twenty_news,topk_softmax_0125,3,12,0.6179971098899841,0.5293857711003094,0.5180248795872957,1.8713146183225844,0.13371761557128695,2.003379656208886,nan,nan
twenty_news,topk_softmax_0125,3,13,0.5284725427627563,0.5333627927529828,0.5222781438025418,1.935702509350247,0.13371719502740437,1.9923309087753296,nan,nan
twenty_news,topk_softmax_0125,3,14,0.4571566581726074,0.5342465753424658,0.5229012715993451,2.014779488245646,0.13371720496151182,1.9882892370224,nan,nan
twenty_news,topk_softmax_0125,3,15,0.37536388635635376,0.5333627927529828,0.5246671324877861,2.080879873699612,0.13371695329745611,1.9806060194969177,nan,nan
twenty_news,topk_softmax_0125,3,16,0.3324199914932251,0.5338046840477243,0.5247962372360251,2.1496277120378284,0.13371586468484667,1.9770961271391974,nan,nan
twenty_news,topk_softmax_0125,3,17,0.27823150157928467,0.5346884666372073,0.5261443043350209,2.1838109493255615,0.13371613290574816,1.97071463531918,nan,nan
twenty_news,topk_softmax_0125,3,18,0.2339480221271515,0.5298276623950509,0.5200309182266547,2.2745668623182507,0.13371572395165762,1.9664758576287165,nan,nan
twenty_news,topk_softmax_0125,3,19,0.18743835389614105,0.5377817057003977,0.5303390911808472,2.3354249000549316,0.1337154507637024,1.95980923043357,nan,nan
twenty_news,topk_softmax_0125,3,20,0.16876043379306793,0.5351303579319487,0.5261132013420654,2.3970677852630615,0.13371486713488898,1.9586649272176955,nan,nan
twenty_news,topk_softmax_0125,3,21,0.1461770087480545,0.5346884666372073,0.5280314927461252,2.4653416209750705,0.13371531085835564,1.9554206199116178,nan,nan
twenty_news,topk_softmax_0125,3,22,0.1326351910829544,0.5329209014582412,0.5255084937917525,2.537059439553155,0.13371473716364968,1.9534477194150288,nan,nan
twenty_news,topk_softmax_0125,3,23,0.10684611648321152,0.5338046840477243,0.5254459767157007,2.6029897265964084,0.1337139755487442,1.9525866442256503,nan,nan
twenty_news,topk_softmax_0125,3,24,0.0934833362698555,0.5346884666372073,0.5292272026159814,2.6077902581956653,0.13371394160721037,1.9467099110285442,nan,nan
twenty_news,topk_softmax_0125,4,0,2.9458134174346924,0.14670790985417587,0.10458675818076493,2.817822906706068,0.13390673365857866,2.149167153570387,nan,nan
twenty_news,topk_softmax_0125,4,1,2.685089349746704,0.22359699513919576,0.18756893652691123,2.560058355331421,0.13390673365857866,2.1301871670617,nan,nan
twenty_news,topk_softmax_0125,4,2,2.3865435123443604,0.30092797171895713,0.2699963166777938,2.330418268839518,0.13390673365857866,2.1043727795283,nan,nan
twenty_news,topk_softmax_0125,4,3,2.1002650260925293,0.3711886875828546,0.3479593077924653,2.117091655731201,0.13390673365857866,2.0817276901668973,nan,nan
twenty_news,topk_softmax_0125,4,4,1.8279271125793457,0.42686699072028284,0.40464749245028553,1.957756174935235,0.13390673365857866,2.064780977037218,nan,nan
twenty_news,topk_softmax_0125,4,5,1.6001290082931519,0.448519664162616,0.4275664426484841,1.8697601821687486,0.13390673365857866,2.048958010143704,nan,nan
twenty_news,topk_softmax_0125,4,6,1.4035930633544922,0.4622182942996023,0.4476502403849433,1.841027021408081,0.13390673365857866,2.0422807269626193,nan,nan
twenty_news,topk_softmax_0125,4,7,1.2405776977539062,0.4962439239946973,0.4785260258058945,1.7833566268285115,0.13390673365857866,2.038459791077508,nan,nan
twenty_news,topk_softmax_0125,4,8,1.0859651565551758,0.4980114891736633,0.4832366004339792,1.7941314114464655,0.1339067022005717,2.030454542901781,nan,nan
twenty_news,topk_softmax_0125,4,9,0.943821370601654,0.5095006628369421,0.49750386083262504,1.809280236562093,0.13390667902098763,2.02828409936693,nan,nan
twenty_news,topk_softmax_0125,4,10,0.8302538394927979,0.5139195757843571,0.5012878903293745,1.8564949830373128,0.13390663183397716,2.0186544126934476,nan,nan
twenty_news,topk_softmax_0125,4,11,0.7312312722206116,0.521873619089704,0.5082045496963735,1.8850430382622614,0.13390645881493887,2.012264457013872,nan,nan
twenty_news,topk_softmax_0125,4,12,0.6351636648178101,0.521873619089704,0.5105215347388056,1.9497346613142226,0.13390660120381248,2.0035344229804144,nan,nan
twenty_news,topk_softmax_0125,4,13,0.5490772128105164,0.5298276623950509,0.5188421773798824,2.0118286874559193,0.13390650186273786,1.9979646470811632,nan,nan
twenty_news,topk_softmax_0125,4,14,0.46387985348701477,0.5276182059213433,0.5154237706518887,2.080560392803616,0.13390644060240853,1.9952813055780199,nan,nan
twenty_news,topk_softmax_0125,4,15,0.39722833037376404,0.5302695536897923,0.5209958533541447,2.145926912625631,0.13390645550356972,1.9895909031232197,nan,nan
twenty_news,topk_softmax_0125,4,16,0.333499938249588,0.5249668581528943,0.5152281606416393,2.21053327454461,0.13390644060240853,1.9827985697322421,nan,nan
twenty_news,topk_softmax_0125,4,17,0.2795865833759308,0.5293857711003094,0.5181032316158305,2.305508163240221,0.13390627089473936,1.9814362857076857,nan,nan
twenty_news,topk_softmax_0125,4,18,0.24944676458835602,0.5404330534688466,0.5307203755732525,2.3723190095689564,0.13390632304880354,1.9758671853277419,nan,nan
twenty_news,topk_softmax_0125,4,19,0.21195316314697266,0.5320371188687583,0.5237941460861111,2.4443262153201633,0.13390614754623836,1.9688241018189325,nan,nan
twenty_news,topk_softmax_0125,4,20,0.18630972504615784,0.5338046840477243,0.5254623039689956,2.4894764158460827,0.13390621542930603,1.9699429273605347,nan,nan
twenty_news,topk_softmax_0125,4,21,0.15339218080043793,0.5413168360583297,0.5324784594931998,2.5342714256710477,0.1339062179128329,1.969496402475569,nan,nan
twenty_news,topk_softmax_0125,4,22,0.13220614194869995,0.5364560318161732,0.5266314798481618,2.6314649316999645,0.1339061823156145,1.9649038314819336,nan,nan
twenty_news,topk_softmax_0125,4,23,0.12233112007379532,0.5346884666372073,0.5264935984644301,2.7218097580803766,0.13390621211793688,1.9605925612979465,nan,nan
twenty_news,topk_softmax_0125,4,24,0.10394889116287231,0.5355722492266902,0.5269953908351463,2.7716643280453153,0.13390603164831796,1.9599311749140422,nan,nan
twenty_news,topk_softmax_0125,4,25,0.08365107327699661,0.5315952275740168,0.5229325687884773,2.8107719686296253,0.13390608297453988,1.9625513487392001,nan,nan
twenty_news,topk_softmax_0125,4,26,0.07872811704874039,0.5404330534688466,0.5301147041855663,2.829150093926324,0.13390615002976525,1.9575288891792297,nan,nan
twenty_news,topk_softmax_0125,5,0,2.9554009437561035,0.1520106053910738,0.10994485405716845,2.802339686287774,0.13380230963230133,2.1622772216796875,nan,nan
twenty_news,topk_softmax_0125,5,1,2.700063705444336,0.208572691117985,0.17470459712822098,2.600068039364285,0.13380230963230133,2.160068008634779,nan,nan
twenty_news,topk_softmax_0125,5,2,2.4201958179473877,0.2907644719399028,0.25697801378911883,2.3477354844411216,0.13380230963230133,2.1458654933505588,nan,nan
twenty_news,topk_softmax_0125,5,3,2.12345814704895,0.3610251878038003,0.32637592895607614,2.123013416926066,0.13380230963230133,2.115086396535238,nan,nan
twenty_news,topk_softmax_0125,5,4,1.8760422468185425,0.4083075563411401,0.38130077541952445,1.982201549741957,0.13380230963230133,2.0913281970553927,nan,nan
twenty_news,topk_softmax_0125,5,5,1.6443431377410889,0.44631020768890856,0.4223443941301298,1.8954283661312528,0.13380230963230133,2.0801215171813965,nan,nan
twenty_news,topk_softmax_0125,5,6,1.4666476249694824,0.46531153336279274,0.4400379400048065,1.8090923759672377,0.13380230963230133,2.0682364437315197,nan,nan
twenty_news,topk_softmax_0125,5,7,1.2634332180023193,0.484312859036677,0.4660627336818372,1.7962470981809828,0.13380230963230133,2.063458310233222,nan,nan
twenty_news,topk_softmax_0125,5,8,1.1172856092453003,0.4913831197525409,0.47576010699158033,1.7753124369515314,0.13380230963230133,2.054599708980984,nan,nan
twenty_news,topk_softmax_0125,5,9,0.9656199216842651,0.5077330976579761,0.4911368246729312,1.804595152537028,0.13380230963230133,2.048148420121935,nan,nan
twenty_news,topk_softmax_0125,5,10,0.8356707692146301,0.5086168802474591,0.49122844936260596,1.8275885846879747,0.13380230963230133,2.0416525337431164,nan,nan
twenty_news,topk_softmax_0125,5,11,0.7256890535354614,0.5271763146266019,0.5137211166943557,1.8203406863742404,0.13380230218172073,2.0327386723624334,nan,nan
twenty_news,topk_softmax_0125,5,12,0.6091209650039673,0.5231992929739284,0.5094531103999818,1.892115871111552,0.13380229473114014,2.0262937545776367,nan,nan
twenty_news,topk_softmax_0125,5,13,0.526561975479126,0.5311533362792753,0.5213559316653091,1.9325222041871812,0.13380230963230133,2.019376403755612,nan,nan
twenty_news,topk_softmax_0125,5,14,0.45053592324256897,0.5368979231109147,0.5230147218166011,1.9828048679563735,0.13380230218172073,2.0141922434171042,nan,nan
twenty_news,topk_softmax_0125,5,15,0.3879584074020386,0.5302695536897923,0.5183477928658569,2.05890855524275,0.13380230963230133,2.009044435289171,nan,nan
twenty_news,topk_softmax_0125,5,16,0.318295419216156,0.5324790101634997,0.5236966519179033,2.1085055536693997,0.13380230963230133,2.0004512468973794,nan,nan
twenty_news,topk_softmax_0125,5,17,0.2662845253944397,0.5368979231109147,0.5261114455900568,2.1966271665361194,0.13380226327313316,1.9968709879451327,nan,nan
twenty_news,topk_softmax_0125,5,18,0.22076602280139923,0.5324790101634997,0.525784523992343,2.2812792195214167,0.1338022748629252,1.9952153695954218,nan,nan
twenty_news,topk_softmax_0125,5,19,0.1940431445837021,0.5280600972160848,0.519795776359895,2.347230010562473,0.13380219704575008,1.989368326134152,nan,nan
twenty_news,topk_softmax_0125,6,0,2.96063494682312,0.136986301369863,0.10282500026153765,2.855127731959025,0.1337075647380617,2.173249363899231,nan,nan
twenty_news,topk_softmax_0125,6,1,2.6948845386505127,0.2147591692443659,0.18072313151192188,2.6153551207648382,0.1337075647380617,2.1663175026575723,nan,nan
twenty_news,topk_softmax_0125,6,2,2.4162299633026123,0.29783473265576665,0.270438757480431,2.325160185496012,0.1337075647380617,2.137151453230116,nan,nan
twenty_news,topk_softmax_0125,6,3,2.0831761360168457,0.3623508616880248,0.3339089413283986,2.0891564554638333,0.1337075647380617,2.112605916129218,nan,nan
twenty_news,topk_softmax_0125,6,4,1.8248356580734253,0.41670349094122844,0.3934147186839463,1.9591791762246027,0.1337075647380617,2.1025925079981485,nan,nan
twenty_news,topk_softmax_0125,6,5,1.616127371788025,0.4418912947414936,0.42008329637588043,1.8523318105273776,0.1337075647380617,2.091355151600308,nan,nan
twenty_news,topk_softmax_0125,6,6,1.4085334539413452,0.4626601855943438,0.44041530179979116,1.790023234155443,0.1337075647380617,2.0815121465259128,nan,nan
twenty_news,topk_softmax_0125,6,7,1.2357584238052368,0.49403446752098984,0.4751896908556435,1.7674589951833088,0.1337075647380617,2.072611755794949,nan,nan
twenty_news,topk_softmax_0125,6,8,1.0854642391204834,0.5033141847105612,0.4855728179869249,1.7574610047870212,0.1337075647380617,2.0670302973853216,nan,nan
twenty_news,topk_softmax_0125,6,9,0.9380143284797668,0.5205479452054794,0.5034638919361101,1.7553822994232178,0.1337075647380617,2.063031487994724,nan,nan
twenty_news,topk_softmax_0125,6,10,0.8054171800613403,0.5231992929739284,0.5077990814648893,1.8036490148968167,0.1337075647380617,2.058564609951443,nan,nan
twenty_news,topk_softmax_0125,6,11,0.6949777603149414,0.5342465753424658,0.5202384951344899,1.8095631334516737,0.1337075647380617,2.055112706290351,nan,nan
twenty_news,topk_softmax_0125,6,12,0.5929604172706604,0.5293857711003094,0.5145136311101739,1.8682468334833782,0.1337075647380617,2.0447532600826688,nan,nan
twenty_news,topk_softmax_0125,6,13,0.5099955201148987,0.5373398144056563,0.5263509770967445,1.9126306374867756,0.1337075647380617,2.03891603814231,nan,nan
twenty_news,topk_softmax_0125,6,14,0.4282544255256653,0.5422006186478127,0.5345431813148573,1.9719269673029582,0.1337075647380617,2.036235597398546,nan,nan
twenty_news,topk_softmax_0125,6,15,0.37916484475135803,0.5346884666372073,0.5252347260103024,2.049888266457452,0.1337075647380617,2.027415672938029,nan,nan
twenty_news,topk_softmax_0125,6,16,0.3086397349834442,0.5444100751215201,0.5329491126213196,2.114277203877767,0.1337075647380617,2.024359875255161,nan,nan
twenty_news,topk_softmax_0125,6,17,0.264697790145874,0.5475033141847105,0.5354515360224593,2.1901919311947293,0.1337075647380617,2.022016578250461,nan,nan
twenty_news,topk_softmax_0125,6,18,0.22609379887580872,0.5426425099425541,0.5331221446902703,2.2239245308770075,0.1337075647380617,2.0156869292259216,nan,nan
twenty_news,topk_softmax_0125,6,19,0.18963095545768738,0.5475033141847105,0.5401309047069727,2.3015823629167347,0.1337075647380617,2.013257543245951,nan,nan
twenty_news,topk_softmax_0125,6,20,0.1583637297153473,0.5408749447635881,0.5331792383983185,2.3795585367414684,0.1337075647380617,2.011610163582696,nan,nan
twenty_news,topk_softmax_0125,6,21,0.1361527442932129,0.5422006186478127,0.5357664683501827,2.413348992665609,0.1337075647380617,2.002698759237925,nan,nan
twenty_news,topk_softmax_0125,6,22,0.12352433800697327,0.5399911621741051,0.5304097303991783,2.5054013994004993,0.1337075647380617,2.0028217368655734,nan,nan
twenty_news,topk_softmax_0125,7,0,2.9562313556671143,0.1515687140963323,0.11016078903411482,2.815587600072225,0.13386770751741198,2.1561149888568454,nan,nan
twenty_news,topk_softmax_0125,7,1,2.6530864238739014,0.20945647370746795,0.17768423169681544,2.593188656700982,0.13386770751741198,2.1471438805262246,nan,nan
twenty_news,topk_softmax_0125,7,2,2.3651745319366455,0.30004418912947417,0.27336752682086085,2.329351796044244,0.1338676694366667,2.1110907793045044,nan,nan
twenty_news,topk_softmax_0125,7,3,2.0583856105804443,0.36146707909854175,0.3397894498201609,2.1369268894195557,0.13386770751741198,2.095729284816318,nan,nan
twenty_news,topk_softmax_0125,7,4,1.807586908340454,0.4052143172779496,0.3843046581470751,2.0001200437545776,0.13386770751741198,2.0778381294674344,nan,nan
twenty_news,topk_softmax_0125,7,5,1.5792654752731323,0.44233318603623506,0.4236112662381434,1.8921903636720445,0.13386770751741198,2.0634716086917453,nan,nan
twenty_news,topk_softmax_0125,7,6,1.3961724042892456,0.4613345117101193,0.44750964163197227,1.8650996817482843,0.13386770751741198,2.0502886176109314,nan,nan
twenty_news,topk_softmax_0125,7,7,1.21396803855896,0.48652231551038444,0.4712367766984733,1.8037439982096355,0.13386769261625078,2.042565153704749,nan,nan
twenty_news,topk_softmax_0125,7,8,1.0555611848831177,0.5006628369421122,0.48468377942950835,1.7900896469751995,0.13386769261625078,2.0363780193858676,nan,nan
twenty_news,topk_softmax_0125,7,9,0.9077900648117065,0.49536014140521434,0.4814498889952473,1.8199626869625516,0.1338676694366667,2.02627561489741,nan,nan
twenty_news,topk_softmax_0125,7,10,0.7953222393989563,0.5019885108263368,0.49154526400202636,1.8542869223488703,0.1338676537076632,2.0177814298205905,nan,nan
twenty_news,topk_softmax_0125,7,11,0.6847039461135864,0.515687140963323,0.5010853173327192,1.8908510870403714,0.13386763715081745,2.0088040894932218,nan,nan
twenty_news,topk_softmax_0125,7,12,0.5742000937461853,0.5178965974370305,0.5041128283365246,1.9518258439169989,0.13386759079164928,2.002293884754181,nan,nan
twenty_news,topk_softmax_0125,7,13,0.48619815707206726,0.5209898365002209,0.5086440197551026,1.976616621017456,0.1338675320148468,1.9958144028981526,nan,nan
twenty_news,topk_softmax_0125,7,14,0.4139324426651001,0.5254087494476359,0.5141870728359283,2.062230944633484,0.13386746909883288,1.9906608859697978,nan,nan
twenty_news,topk_softmax_0125,7,15,0.34738972783088684,0.5245249668581529,0.5088785793291009,2.12406407462226,0.13386743598514134,1.9871098200480144,nan,nan
twenty_news,topk_softmax_0125,7,16,0.29809728264808655,0.5231992929739284,0.5118619973437765,2.235496547487047,0.13386747654941347,1.9824024240175884,nan,nan
twenty_news,topk_softmax_0125,7,17,0.2500055730342865,0.5161290322580645,0.5094484572909629,2.266590224372016,0.13386746164825228,1.97494637966156,nan,nan
twenty_news,topk_softmax_0125,7,18,0.20765800774097443,0.5236411842686699,0.5123388965174662,2.339926666683621,0.13386736975775826,1.9734768470128377,nan,nan
twenty_news,topk_softmax_0125,7,19,0.17761366069316864,0.5152452496685815,0.5056212782256373,2.443843947516547,0.13386737058560053,1.96907067961163,nan,nan
twenty_news,topk_softmax_0125,8,0,2.951787233352661,0.13300927971718957,0.08818177261015633,2.8108237054612903,0.1337392893102434,2.1605557600657144,nan,nan
twenty_news,topk_softmax_0125,8,1,2.7060306072235107,0.22536456031816174,0.18664865146720838,2.567093425326877,0.1337392893102434,2.1579062011506824,nan,nan
twenty_news,topk_softmax_0125,8,2,2.3976852893829346,0.3040212107821476,0.2644881909923402,2.2747554779052734,0.1337392893102434,2.128352337413364,nan,nan
twenty_news,topk_softmax_0125,8,3,2.100703477859497,0.3636765355722492,0.3397966832546532,2.0757483111487494,0.1337392893102434,2.1131514840655856,nan,nan
twenty_news,topk_softmax_0125,8,4,1.8345900774002075,0.41140079540433055,0.3897912857756799,1.950400047832065,0.1337392893102434,2.1010113292270236,nan,nan
twenty_news,topk_softmax_0125,8,5,1.6179172992706299,0.44365885992045956,0.42264850853401487,1.866814586851332,0.1337392893102434,2.0898545715543957,nan,nan
twenty_news,topk_softmax_0125,8,6,1.4304234981536865,0.4856385329209015,0.46756767589851755,1.7663131819831,0.1337392893102434,2.079932861857944,nan,nan
twenty_news,topk_softmax_0125,8,7,1.252886414527893,0.5086168802474591,0.4958776968043924,1.7327965100606282,0.1337392893102434,2.074189609951443,nan,nan
twenty_news,topk_softmax_0125,8,8,1.0941047668457031,0.5227574016791869,0.5041840443386141,1.698796100086636,0.1337392893102434,2.0673432217703924,nan,nan
twenty_news,topk_softmax_0125,8,9,0.9531703591346741,0.5214317277949624,0.5054519112266712,1.7258590989642673,0.1337392893102434,2.060766617457072,nan,nan
twenty_news,topk_softmax_0125,8,10,0.8308581113815308,0.5285019885108263,0.513376827198581,1.7465442154142592,0.1337392893102434,2.051840477519565,nan,nan
twenty_news,topk_softmax_0125,8,11,0.7126864194869995,0.5430844012372956,0.5325474179400456,1.7504815657933552,0.1337392893102434,2.0446002152231006,nan,nan
twenty_news,topk_softmax_0125,8,12,0.6127126216888428,0.5368979231109147,0.52635546706305,1.8236522409651015,0.1337392893102434,2.0370221402910023,nan,nan
twenty_news,topk_softmax_0125,8,13,0.53387051820755,0.5386654882898807,0.5267112561703081,1.8690368334452312,0.1337392893102434,2.035947302977244,nan,nan
twenty_news,topk_softmax_0125,8,14,0.4473433494567871,0.5452938577110031,0.5363527179804798,1.9309652778837416,0.1337392893102434,2.0318579541312323,nan,nan
twenty_news,topk_softmax_0125,8,15,0.3755743205547333,0.552364118426867,0.5396251451480767,2.0022695461908975,0.1337392893102434,2.028214626842075,nan,nan
twenty_news,topk_softmax_0125,8,16,0.327499121427536,0.5497127706584181,0.5378139235373066,2.0532105763753257,0.1337392893102434,2.0230306651857166,nan,nan
twenty_news,topk_softmax_0125,8,17,0.2735840678215027,0.5550154661953159,0.5440674514239869,2.114726503690084,0.1337392818596628,2.0171436866124473,nan,nan
twenty_news,topk_softmax_0125,8,18,0.2311062514781952,0.547945205479452,0.5383446910724408,2.187757306628757,0.1337392818596628,2.0083327955669827,nan,nan
twenty_news,topk_softmax_0125,8,19,0.20735235512256622,0.5422006186478127,0.5336991437262839,2.2641109890407987,0.1337392893102434,2.0110187331835427,nan,nan
twenty_news,topk_softmax_0125,8,20,0.17327067255973816,0.5536897923110915,0.5464853104141941,2.3332429197099476,0.1337392818596628,2.00684916973114,nan,nan
twenty_news,topk_softmax_0125,8,21,0.14625096321105957,0.5492708793636766,0.5406959340705708,2.400799963209364,0.1337392893102434,2.0022001928753324,nan,nan
twenty_news,topk_softmax_0125,8,22,0.1290072798728943,0.5448519664162615,0.5360935127089383,2.443196031782362,0.1337392744090822,1.9948235485288832,nan,nan
twenty_news,topk_softmax_0125,9,0,2.946294069290161,0.14007954043305346,0.10547945972278365,2.797081470489502,0.13379419181081983,2.1700963841544256,nan,nan
twenty_news,topk_softmax_0125,9,1,2.6564114093780518,0.2205037560760053,0.19071703535233753,2.5676119327545166,0.13379419181081983,2.163932787047492,nan,nan
twenty_news,topk_softmax_0125,9,2,2.368898630142212,0.30623066725585507,0.27717106126876734,2.3198850419786243,0.13379419181081983,2.1348208453920154,nan,nan
twenty_news,topk_softmax_0125,9,3,2.071568250656128,0.37030490499337165,0.33933223343955454,2.108655479219225,0.13379419181081983,2.103053675757514,nan,nan
twenty_news,topk_softmax_0125,9,4,1.7837693691253662,0.41758727353071146,0.396112804193275,1.9469205141067505,0.1337940932975875,2.073311938179864,nan,nan
twenty_news,topk_softmax_0125,9,5,1.544786810874939,0.4538223596995139,0.4265370920864845,1.861523946126302,0.13379394263029099,2.0630866156684027,nan,nan
twenty_news,topk_softmax_0125,9,6,1.3489353656768799,0.4794520547945205,0.4610268948730544,1.8032303121354845,0.1337937679555681,2.0517433683077493,nan,nan
twenty_news,topk_softmax_0125,9,7,1.1834155321121216,0.49845338046840476,0.47977798480445033,1.7799695332845051,0.13379372159639993,2.042799585395389,nan,nan
twenty_news,topk_softmax_0125,9,8,1.0273557901382446,0.5059655324790102,0.4889754833653616,1.799649053149753,0.1337933846645885,2.037888685862223,nan,nan
twenty_news,topk_softmax_0125,9,9,0.8957537412643433,0.5121520106053911,0.49815376636021974,1.7822998232311673,0.13379337969753477,2.0313501755396524,nan,nan
twenty_news,topk_softmax_0125,9,10,0.7811083793640137,0.5236411842686699,0.50537344044846,1.8194031185574002,0.13379312886132133,2.0248798860443964,nan,nan
twenty_news,topk_softmax_0125,9,11,0.6662659049034119,0.5276182059213433,0.5155626305132766,1.8665908972422283,0.13379307008451885,2.0135184791353016,nan,nan
twenty_news,topk_softmax_0125,9,12,0.5609965920448303,0.5236411842686699,0.5119864829571603,1.910673009024726,0.1337927985522482,2.01312036646737,nan,nan
twenty_news,topk_softmax_0125,9,13,0.48037827014923096,0.5262925320371189,0.5177103523825599,1.9730500247743394,0.13379253364271587,2.0063022573788962,nan,nan
twenty_news,topk_softmax_0125,9,14,0.40675169229507446,0.5355722492266902,0.5229509071381792,2.015690154499478,0.13379244920280245,2.0050961110326977,nan,nan
twenty_news,topk_softmax_0125,9,15,0.34637540578842163,0.5276182059213433,0.5136770259398908,2.092457373936971,0.13379221740696165,1.9938525689972773,nan,nan
twenty_news,topk_softmax_0125,9,16,0.30036598443984985,0.5346884666372073,0.5256302650269792,2.134053256776598,0.13379211723804474,1.9903189142545064,nan,nan
twenty_news,topk_softmax_0125,9,17,0.25934532284736633,0.5280600972160848,0.5212534919781618,2.221384710735745,0.13379202120833927,1.9837905565897624,nan,nan
twenty_news,topk_softmax_0125,9,18,0.21625381708145142,0.5289438798055678,0.5234284281466546,2.268371025721232,0.13379202948676217,1.9808174901538425,nan,nan
twenty_news,topk_softmax_0125,9,19,0.18636643886566162,0.5320371188687583,0.5214042163208158,2.313441276550293,0.13379144503010643,1.9769505328602262,nan,nan
twenty_news,topk_softmax_025,1,0,2.9446775913238525,0.12859036676977464,0.09445672969305803,2.819020562701755,0.2576061387856801,2.786820928255717,nan,nan
twenty_news,topk_softmax_025,1,1,2.645465135574341,0.22536456031816174,0.19924399272198023,2.5611519548628063,0.2576061387856801,2.7695564958784313,nan,nan
twenty_news,topk_softmax_025,1,2,2.303539991378784,0.30667255855059655,0.27888308073209467,2.290400743484497,0.2576061387856801,2.720486217074924,nan,nan
twenty_news,topk_softmax_025,1,3,1.9906196594238281,0.38179407865665044,0.36332046924742273,2.056387292014228,0.25760576294528115,2.6649218135409884,nan,nan
twenty_news,topk_softmax_025,1,4,1.7259255647659302,0.42244807777286786,0.4024025546994747,1.893089943461948,0.2576061387856801,2.624641087320116,nan,nan
twenty_news,topk_softmax_025,1,5,1.482595443725586,0.4675209898365002,0.4477237789910572,1.7977617979049683,0.2576061387856801,2.6065915293163724,nan,nan
twenty_news,topk_softmax_025,1,6,1.2806237936019897,0.49226690234202386,0.47562233986054403,1.7364022731781006,0.25760597983996075,2.587272432115343,nan,nan
twenty_news,topk_softmax_025,1,7,1.1073038578033447,0.49889527176314624,0.48262646633374234,1.7186937199698553,0.25760607918103534,2.5814222362306385,nan,nan
twenty_news,topk_softmax_025,1,8,0.9653427600860596,0.5170128148475475,0.49883088420037625,1.7231918043560452,0.25760611560609603,2.5681551032596164,nan,nan
twenty_news,topk_softmax_025,1,9,0.8388091325759888,0.5231992929739284,0.5049415994155961,1.7481710645887587,0.25760600633091396,2.5538012848960028,nan,nan
twenty_news,topk_softmax_025,1,10,0.7227509617805481,0.5320371188687583,0.5205437531689542,1.765071365568373,0.2576058871216244,2.540683971510993,nan,nan
twenty_news,topk_softmax_025,1,11,0.6010407209396362,0.5307114449845338,0.5128648968911091,1.7956533167097304,0.2576059516933229,2.5288421975241766,nan,nan
twenty_news,topk_softmax_025,1,12,0.5109078288078308,0.5201060539107379,0.5097544528051288,1.867802553706699,0.25760576625665027,2.5179807212617664,nan,nan
twenty_news,topk_softmax_025,1,13,0.4292832016944885,0.5187803800265135,0.5130105238055561,1.9092199802398682,0.25760555929607815,2.507157656881544,nan,nan
twenty_news,topk_softmax_025,1,14,0.3605457544326782,0.519222271321255,0.5115209772182986,1.9680856731202867,0.2576056437359916,2.505597790082296,nan,nan
twenty_news,topk_softmax_025,1,15,0.304300457239151,0.5262925320371189,0.5179873714167176,2.0398031738069324,0.25760560234387714,2.497231059604221,nan,nan
twenty_news,topk_softmax_025,2,0,2.9659016132354736,0.13389306230667256,0.10138372398416076,2.8351937929789224,0.25753111640612286,2.792322701878018,nan,nan
twenty_news,topk_softmax_025,2,1,2.7197842597961426,0.22403888643393724,0.18623582811987568,2.573213126924303,0.25753111640612286,2.789023756980896,nan,nan
twenty_news,topk_softmax_025,2,2,2.4145395755767822,0.31595227574016793,0.27981696465367134,2.290495130750868,0.25753111640612286,2.7452219459745617,nan,nan
twenty_news,topk_softmax_025,2,3,2.059144973754883,0.3884224480777729,0.3547348248711251,2.0489897463056774,0.2575309607717726,2.6774501668082342,nan,nan
twenty_news,topk_softmax_025,2,4,1.7558294534683228,0.4401237295625276,0.41701888276964977,1.858749058511522,0.2575308514965905,2.6380847030215793,nan,nan
twenty_news,topk_softmax_025,2,5,1.5008392333984375,0.4622182942996023,0.44162123855951724,1.7671182288063898,0.25753071904182434,2.6211043066448636,nan,nan
twenty_news,topk_softmax_025,2,6,1.299314022064209,0.4891736632788334,0.4626053875239019,1.7061176300048828,0.2575298994779587,2.5994680325190225,nan,nan
twenty_news,topk_softmax_025,2,7,1.139946460723877,0.5019885108263368,0.4855639213554198,1.6883276303609211,0.2575298382176293,2.5884561008877225,nan,nan
twenty_news,topk_softmax_025,2,8,0.9749229550361633,0.5143614670790986,0.4990410068345068,1.6859982013702393,0.2575290881925159,2.576737297905816,nan,nan
twenty_news,topk_softmax_025,2,9,0.8364222049713135,0.519222271321255,0.5013626020342825,1.7009452713860407,0.2575289441479577,2.5656828350490994,nan,nan
twenty_news,topk_softmax_025,2,10,0.7223551869392395,0.5223155103844455,0.5058252278905451,1.7504136164983113,0.25752854347229004,2.5561815235349865,nan,nan
twenty_news,topk_softmax_025,2,11,0.6092748045921326,0.5271763146266019,0.5180000715883729,1.775329179233975,0.25752825869454277,2.553895910580953,nan,nan
twenty_news,topk_softmax_025,2,12,0.5162906646728516,0.5360141405214317,0.5220795060045983,1.8364607360627916,0.25752795073721146,2.539425015449524,nan,nan
twenty_news,topk_softmax_025,2,13,0.4328778088092804,0.5386654882898807,0.5244962385961818,1.89826148086124,0.2575276676151488,2.527413421207004,nan,nan
twenty_news,topk_softmax_025,2,14,0.36056575179100037,0.5346884666372073,0.5237951868845183,1.9738664229710896,0.257527415951093,2.511600441402859,nan,nan
twenty_news,topk_softmax_025,2,15,0.2981904447078705,0.5439681838267786,0.5359037187159345,2.0118103424708047,0.2575266874498791,2.491560803519355,nan,nan
twenty_news,topk_softmax_025,2,16,0.2498629093170166,0.5475033141847105,0.5354403758239045,2.0929428339004517,0.25752638777097064,2.4921625587675305,nan,nan
twenty_news,topk_softmax_025,2,17,0.20925500988960266,0.5488289880689351,0.5356106321757287,2.1800301604800754,0.2575262702173657,2.4764575958251953,nan,nan
twenty_news,topk_softmax_025,2,18,0.1774517297744751,0.5470614228899691,0.5372162355491226,2.2412869930267334,0.25752535959084827,2.475479178958469,nan,nan
twenty_news,topk_softmax_025,2,19,0.14758603274822235,0.5461776403004861,0.5340314266740942,2.3252025180392795,0.25752607153521645,2.467639512485928,nan,nan
twenty_news,topk_softmax_025,2,20,0.12541192770004272,0.5435262925320371,0.5340876723235873,2.3867443402608237,0.25752608974774677,2.4647970464494495,nan,nan
twenty_news,topk_softmax_025,2,21,0.10718737542629242,0.5404330534688466,0.5295032509360753,2.43681083785163,0.25752560132079655,2.4594673845503063,nan,nan
twenty_news,topk_softmax_025,2,22,0.08975134789943695,0.551480335837384,0.5380450753326522,2.489879025353326,0.2575256625811259,2.4583713081147938,nan,nan
twenty_news,topk_softmax_025,2,23,0.08212650567293167,0.5497127706584181,0.5361975314793843,2.525832520590888,0.25752559469805825,2.4584818151262073,nan,nan
twenty_news,topk_softmax_025,2,24,0.06844489276409149,0.5528060097216085,0.5411685359722,2.5612607267167835,0.2575255615843667,2.4526157644059925,nan,nan
twenty_news,topk_softmax_025,2,25,0.059015896171331406,0.5519222271321255,0.5392851154782485,2.606802781422933,0.25752553674909806,2.447987993558248,nan,nan
twenty_news,topk_softmax_025,2,26,0.05821755900979042,0.5457357490057446,0.533685306502134,2.653157419628567,0.25752538608180153,2.442051980230543,nan,nan
twenty_news,topk_softmax_025,2,27,0.05268019437789917,0.5466195315952276,0.534872805196277,2.7125787999894886,0.25752495725949603,2.446319235695733,nan,nan
twenty_news,topk_softmax_025,2,28,0.047057703137397766,0.5404330534688466,0.5289056858074306,2.740045282575819,0.2575248082478841,2.450887852244907,nan,nan
twenty_news,topk_softmax_025,2,29,0.04680236801505089,0.5470614228899691,0.5338162415846721,2.809004863103231,0.2575247685114543,2.4491323232650757,nan,nan
twenty_news,topk_softmax_025,3,0,2.955204725265503,0.1506849315068493,0.11720571288231611,2.7989132669236927,0.2574662533071306,2.8076867792341442,nan,nan
twenty_news,topk_softmax_025,3,1,2.6786015033721924,0.20945647370746795,0.17969717028995347,2.579518265194363,0.2574662533071306,2.7960336340798273,nan,nan
twenty_news,topk_softmax_025,3,2,2.391813039779663,0.31904551480335835,0.2945891153618957,2.2951017220815024,0.2574662533071306,2.766731169488695,nan,nan
twenty_news,topk_softmax_025,3,3,2.08061146736145,0.3725143614670791,0.3465572277052341,2.056708508067661,0.2574662466843923,2.710377905103895,nan,nan
twenty_news,topk_softmax_025,3,4,1.7937895059585571,0.4184710561201944,0.39074848027321313,1.90879668129815,0.25746596687369877,2.67146544986301,nan,nan
twenty_news,topk_softmax_025,3,5,1.5623142719268799,0.46354396818382676,0.43544647997302766,1.8042068348990545,0.257465672161844,2.6507548093795776,nan,nan
twenty_news,topk_softmax_025,3,6,1.3698667287826538,0.49270879363676534,0.47492641105534084,1.7480673789978027,0.25746529135439133,2.636306974622938,nan,nan
twenty_news,topk_softmax_025,3,7,1.1962730884552002,0.5006628369421122,0.4853883093018559,1.7447850439283583,0.25746507942676544,2.629522588517931,nan,nan
twenty_news,topk_softmax_025,3,8,1.0462307929992676,0.5178965974370305,0.5034321492658971,1.7093908389409382,0.25746484100818634,2.6165854136149087,nan,nan
twenty_news,topk_softmax_025,3,9,0.9164823889732361,0.5245249668581529,0.5106038122265796,1.735497686598036,0.2574647201432122,2.599055541886224,nan,nan
twenty_news,topk_softmax_025,3,10,0.7803428769111633,0.5271763146266019,0.514950296825389,1.7349254952536688,0.2574642068809933,2.5830967558754816,nan,nan
twenty_news,topk_softmax_025,3,11,0.6666736602783203,0.5289438798055678,0.5110224522007328,1.812426315413581,0.25746414065361023,2.570805377430386,nan,nan
twenty_news,topk_softmax_025,3,12,0.5764926075935364,0.5364560318161732,0.5249515200374714,1.8410727315478854,0.25746407442622715,2.559066229396396,nan,nan
twenty_news,topk_softmax_025,3,13,0.48154938220977783,0.5368979231109147,0.5283153655299608,1.8718314833111234,0.25746429794364506,2.54833624098036,nan,nan
twenty_news,topk_softmax_025,3,14,0.3976477384567261,0.5408749447635881,0.5349227358446137,1.9388628403345745,0.25746356778674656,2.5352287424935236,nan,nan
twenty_news,topk_softmax_025,3,15,0.3318629562854767,0.5391073795846222,0.532445034241394,2.017628961139255,0.2574634618229336,2.530543631977505,nan,nan
twenty_news,topk_softmax_025,3,16,0.28703707456588745,0.5377817057003977,0.5297280890359807,2.097729722658793,0.25746340718534255,2.5120254357655845,nan,nan
twenty_news,topk_softmax_025,3,17,0.22911874949932098,0.5439681838267786,0.5394656031537813,2.1376489400863647,0.2574636737505595,2.513624840312534,nan,nan
twenty_news,topk_softmax_025,3,18,0.18884380161762238,0.5448519664162615,0.5360203159987321,2.214349720213148,0.25746289061175454,2.503387358453539,nan,nan
twenty_news,topk_softmax_025,3,19,0.15708981454372406,0.5422006186478127,0.5375023569554924,2.2774632506900363,0.257463448577457,2.500756608115302,nan,nan
twenty_news,topk_softmax_025,3,20,0.13715508580207825,0.5457357490057446,0.5402433690248303,2.2988377147250705,0.2574632532066769,2.4940194951163397,nan,nan
twenty_news,topk_softmax_025,3,21,0.11688558012247086,0.5466195315952276,0.5395365368073021,2.39624293645223,0.25746264060338336,2.488490488794115,nan,nan
twenty_news,topk_softmax_025,3,22,0.10662276297807693,0.5439681838267786,0.5379147045224586,2.446330812242296,0.25746317870087093,2.4983405007256403,nan,nan
twenty_news,topk_softmax_025,3,23,0.08462341129779816,0.5501546619531595,0.543675172044693,2.4934422175089517,0.2574623508585824,2.4865744511286416,nan,nan
twenty_news,topk_softmax_025,3,24,0.07139954715967178,0.5426425099425541,0.5374321816316872,2.585390249888102,0.257462309466468,2.478936698701647,nan,nan
twenty_news,topk_softmax_025,3,25,0.06627026945352554,0.5470614228899691,0.5388770049511179,2.6360841857062445,0.25746246841218734,2.477876477771335,nan,nan
twenty_news,topk_softmax_025,3,26,0.0598069429397583,0.5510384445426425,0.5416829708527405,2.6292177306281195,0.2574618177281486,2.477323399649726,nan,nan
twenty_news,topk_softmax_025,3,27,0.055514633655548096,0.5492708793636766,0.5419766076245381,2.675951666302151,0.2574613193670909,2.4761832687589855,nan,nan
twenty_news,topk_softmax_025,3,28,0.04743311181664467,0.5519222271321255,0.5438187839779998,2.7107231616973877,0.2574610594246123,2.473523047235277,nan,nan
twenty_news,topk_softmax_025,3,29,0.04165658727288246,0.5488289880689351,0.5411305962800352,2.730177985297309,0.25746143195364213,2.472833408249749,nan,nan
twenty_news,topk_softmax_025,4,0,2.9238598346710205,0.1515687140963323,0.10893850041322248,2.7812446753184,0.2575605544779036,2.7921764055887857,nan,nan
twenty_news,topk_softmax_025,4,1,2.633056163787842,0.2275740167918692,0.19422605899232953,2.544138405058119,0.2575605544779036,2.7800156275431314,nan,nan
twenty_news,topk_softmax_025,4,2,2.3654420375823975,0.2969509500662837,0.26573550799183326,2.314268456565009,0.2575605544779036,2.748149209552341,nan,nan
twenty_news,topk_softmax_025,4,3,2.08455228805542,0.36942112240388864,0.33721295537647833,2.093066109551324,0.2575605544779036,2.7019936905966864,nan,nan
twenty_news,topk_softmax_025,4,4,1.8036412000656128,0.4343791427308882,0.41008096223673646,1.9185305966271295,0.25756046341525185,2.663162191708883,nan,nan
twenty_news,topk_softmax_025,4,5,1.565869927406311,0.4684047724259832,0.4460543261327275,1.8022551933924358,0.25755838056405383,2.642881896760729,nan,nan
twenty_news,topk_softmax_025,4,6,1.353971004486084,0.48740609809986746,0.4734991655305619,1.7634066475762262,0.2575569897890091,2.62945646709866,nan,nan
twenty_news,topk_softmax_025,4,7,1.180517315864563,0.5059655324790102,0.4876950122266983,1.713658716943529,0.2575552413860957,2.615366061528524,nan,nan
twenty_news,topk_softmax_025,4,8,1.0305049419403076,0.5209898365002209,0.5092678053599969,1.7270655499564276,0.2575533406602012,2.605163190099928,nan,nan
twenty_news,topk_softmax_025,4,9,0.8754953145980835,0.5293857711003094,0.5169251436017623,1.735909382502238,0.25755318502585095,2.5984849532445273,nan,nan
twenty_news,topk_softmax_025,4,10,0.7504814863204956,0.5346884666372073,0.5202170325711167,1.765169620513916,0.2575509498516719,2.5766146315468683,nan,nan
twenty_news,topk_softmax_025,4,11,0.651016891002655,0.5488289880689351,0.5369314200533445,1.7955225441190932,0.2575494911935594,2.5711718797683716,nan,nan
twenty_news,topk_softmax_025,4,12,0.5533193349838257,0.5435262925320371,0.5344699518886328,1.881008916431003,0.25754983060889775,2.561271495289273,nan,nan
twenty_news,topk_softmax_025,4,13,0.4658833146095276,0.5413168360583297,0.5302360546141772,1.9295048713684082,0.257547742790646,2.549956281979879,nan,nan
twenty_news,topk_softmax_025,4,14,0.37999194860458374,0.5528060097216085,0.5413715964532619,1.9634044567743938,0.2575467725594838,2.5443351003858776,nan,nan
twenty_news,topk_softmax_025,4,15,0.31381574273109436,0.5510384445426425,0.5435463384970299,2.0547812514834933,0.25754714839988285,2.535143401887682,nan,nan
twenty_news,topk_softmax_025,4,16,0.2696090340614319,0.5519222271321255,0.5386980386178742,2.1185313728120594,0.2575460771719615,2.5316775374942355,nan,nan
twenty_news,topk_softmax_025,4,17,0.20944786071777344,0.5545735749005745,0.54838089076064,2.1798894935184054,0.2575445804331038,2.5225271119011774,nan,nan
twenty_news,topk_softmax_025,4,18,0.18131203949451447,0.5497127706584181,0.5397411605891981,2.2364391485850015,0.2575456218587028,2.517470373047723,nan,nan
twenty_news,topk_softmax_025,4,19,0.150200754404068,0.5554573574900574,0.5482005963134958,2.2780299451616077,0.25754657222165,2.5120588143666587,nan,nan
twenty_news,topk_softmax_025,4,20,0.1340344250202179,0.5497127706584181,0.5414424272737461,2.366230593787299,0.25754419134722817,2.5073463122049966,nan,nan
twenty_news,topk_softmax_025,4,21,0.11398553848266602,0.5519222271321255,0.5436464304655614,2.4043606917063394,0.25754307376013863,2.510914232995775,nan,nan
twenty_news,topk_softmax_025,4,22,0.09608499705791473,0.5585505965532479,0.5499284148716381,2.4561413394080267,0.2575421631336212,2.5047142373190985,nan,nan
twenty_news,topk_softmax_025,4,23,0.07830357551574707,0.5594343791427309,0.5510818446463197,2.536117368274265,0.2575419992208481,2.4979454941219754,nan,nan
twenty_news,topk_softmax_025,4,24,0.0729222446680069,0.5642951833848873,0.5548424908118326,2.561215453677707,0.25754311515225303,2.4962680207358465,nan,nan
twenty_news,topk_softmax_025,4,25,0.06617376953363419,0.5625276182059213,0.5529775508792698,2.5902909437815347,0.25754542979929185,2.4994603792826333,nan,nan
twenty_news,topk_softmax_025,4,26,0.0615319199860096,0.5594343791427309,0.55106336726505,2.655175632900662,0.25754374431239235,2.499119838078817,nan,nan
twenty_news,topk_softmax_025,4,27,0.05518413335084915,0.5616438356164384,0.5525085314514546,2.6713234318627253,0.2575446102354262,2.491508682568868,nan,nan
twenty_news,topk_softmax_025,4,28,0.04518169164657593,0.5620857269111799,0.55353088686687,2.725029548009237,0.257544317179256,2.492849442693922,nan,nan
twenty_news,topk_softmax_025,4,29,0.04244280233979225,0.5589924878479894,0.5488803894688081,2.7717233763800726,0.25754133529133266,2.491983824306064,nan,nan
twenty_news,topk_softmax_025,5,0,2.9442903995513916,0.14626601855943439,0.10359927705585788,2.7705871793958874,0.2575408418973287,2.8037390973832874,nan,nan
twenty_news,topk_softmax_025,5,1,2.6475250720977783,0.21210782147591692,0.1848225399070364,2.5397872659895153,0.2575408418973287,2.801129036479526,nan,nan
twenty_news,topk_softmax_025,5,2,2.378965377807617,0.28501988510826337,0.2534818929581016,2.3141332732306585,0.2575408418973287,2.786678194999695,nan,nan
twenty_news,topk_softmax_025,5,3,2.081669330596924,0.36146707909854175,0.3309884230203321,2.097037765714857,0.2575408418973287,2.7398617267608643,nan,nan
twenty_news,topk_softmax_025,5,4,1.8320685625076294,0.42996022978347326,0.40055892236536234,1.9170891576343112,0.2575407889154222,2.7024929258558483,nan,nan
twenty_news,topk_softmax_025,5,5,1.6003297567367554,0.4657534246575342,0.44249190094526797,1.813587850994534,0.25754068460729385,2.677263021469116,nan,nan
twenty_news,topk_softmax_025,5,6,1.4150482416152954,0.482545293857711,0.457415235120588,1.7404306199815538,0.2575405372513665,2.666289620929294,nan,nan
twenty_news,topk_softmax_025,5,7,1.2125005722045898,0.5041979673000442,0.48490153190034874,1.6995494365692139,0.25754046108987594,2.6541427108976574,nan,nan
twenty_news,topk_softmax_025,5,8,1.060469150543213,0.5161290322580645,0.5037775383701643,1.6921280225118,0.25754022267129684,2.63944051000807,nan,nan
twenty_news,topk_softmax_025,5,9,0.9114207029342651,0.5231992929739284,0.5054331638594541,1.7170450422498915,0.2575400157107247,2.631480230225457,nan,nan
twenty_news,topk_softmax_025,5,10,0.7894344925880432,0.5289438798055678,0.5177451262993945,1.7394660711288452,0.2575399660401874,2.6201859845055475,nan,nan
twenty_news,topk_softmax_025,5,11,0.6807828545570374,0.5351303579319487,0.5201466527036145,1.7766923374599881,0.25753982696268296,2.6038747231165567,nan,nan
twenty_news,topk_softmax_025,5,12,0.566055953502655,0.5368979231109147,0.5245234728933823,1.8245028919643826,0.25753947926892173,2.597368743684557,nan,nan
twenty_news,topk_softmax_025,5,13,0.486538827419281,0.5444100751215201,0.5292249532081641,1.879036135143704,0.25753942959838444,2.5896986458036633,nan,nan
twenty_news,topk_softmax_025,5,14,0.40977758169174194,0.5408749447635881,0.5272484603210417,1.9431829982333713,0.2575393964846929,2.5796465078989663,nan,nan
twenty_news,topk_softmax_025,5,15,0.34066131711006165,0.5333627927529828,0.5218722257638145,2.0063578022850885,0.25753917793432873,2.567609190940857,nan,nan
twenty_news,topk_softmax_025,5,16,0.28535255789756775,0.5470614228899691,0.5363661390371893,2.0681059492958918,0.2575392524401347,2.557054426934984,nan,nan
twenty_news,topk_softmax_025,5,17,0.23404985666275024,0.5382235969951392,0.5255980585532003,2.152347763379415,0.2575388765997357,2.5559845765431723,nan,nan
twenty_news,topk_softmax_025,5,18,0.1987445205450058,0.5417587273530712,0.5309862035908984,2.2187627951304116,0.2575386232799954,2.550154195891486,nan,nan
twenty_news,topk_softmax_025,5,19,0.1681654304265976,0.547945205479452,0.5377152490812886,2.2985993756188288,0.2575383600261476,2.540309879514906,nan,nan
twenty_news,topk_softmax_025,5,20,0.13846297562122345,0.5364560318161732,0.5299953409782532,2.3567100630866156,0.25753814975420636,2.5372992621527777,nan,nan
twenty_news,topk_softmax_025,5,21,0.11987466365098953,0.5360141405214317,0.5244818418252731,2.4254830413394504,0.2575381331973606,2.527474774254693,nan,nan
twenty_news,topk_softmax_025,5,22,0.10306283831596375,0.5470614228899691,0.5349050332722852,2.467610147264269,0.2575376464260949,2.526525166299608,nan,nan
twenty_news,topk_softmax_025,5,23,0.08498002588748932,0.5492708793636766,0.5381187811935321,2.512736161549886,0.25753703051143223,2.521334343486362,nan,nan
twenty_news,topk_softmax_025,5,24,0.07842297852039337,0.5510384445426425,0.541688209259366,2.5619269476996527,0.25753717290030587,2.519522878858778,nan,nan
twenty_news,topk_softmax_025,5,25,0.06892810761928558,0.554131683605833,0.5444850117291977,2.593164602915446,0.25753680533832973,2.5183763106664023,nan,nan
twenty_news,topk_softmax_025,5,26,0.06064146012067795,0.55324790101635,0.5446175104659534,2.6530923313564725,0.2575368583202362,2.512857357660929,nan,nan
twenty_news,topk_softmax_025,5,27,0.0603252574801445,0.5501546619531595,0.5408537262524226,2.6968662208980985,0.2575366165902879,2.5088093943066068,nan,nan
twenty_news,topk_softmax_025,5,28,0.0491580069065094,0.547945205479452,0.5378034398759349,2.745650741789076,0.2575358831220203,2.508487966325548,nan,nan
twenty_news,topk_softmax_025,5,29,0.04486634209752083,0.5470614228899691,0.5371619109258801,2.7535894181993275,0.2575356827841865,2.5053757429122925,nan,nan
twenty_news,topk_softmax_025,6,0,2.9442057609558105,0.13963764913831198,0.10357990415543701,2.818626986609565,0.2574477361308204,2.815619852807787,nan,nan
twenty_news,topk_softmax_025,6,1,2.6545510292053223,0.20813079982324348,0.1720425739738446,2.5707044336530895,0.2574477361308204,2.812328961160448,nan,nan
twenty_news,topk_softmax_025,6,2,2.3910701274871826,0.28546177640300485,0.2602895507600597,2.3567363686031766,0.2574477361308204,2.792861726548937,nan,nan
twenty_news,topk_softmax_025,6,3,2.1041641235351562,0.36897923110914715,0.3403399060893876,2.0920314921273127,0.2574477361308204,2.724019077089098,nan,nan
twenty_news,topk_softmax_025,6,4,1.8178715705871582,0.4215642951833849,0.39388226563686113,1.9271526998943753,0.2574477361308204,2.6964552137586804,nan,nan
twenty_news,topk_softmax_025,6,5,1.5836586952209473,0.4684047724259832,0.4458902919981787,1.8054103718863592,0.2574477361308204,2.671721246507433,nan,nan
twenty_news,topk_softmax_025,6,6,1.380974531173706,0.4975695978789218,0.4783708322449821,1.7461960050794814,0.2574477361308204,2.6513929102155895,nan,nan
twenty_news,topk_softmax_025,6,7,1.207334041595459,0.5037560760053027,0.4836463966705649,1.7304926051033869,0.2574477361308204,2.6418846580717297,nan,nan
twenty_news,topk_softmax_025,6,8,1.0246058702468872,0.515687140963323,0.5019584147137898,1.7301280630959406,0.2574477129512363,2.640004316965739,nan,nan
twenty_news,topk_softmax_025,6,9,0.8867970108985901,0.5223155103844455,0.5033544381566054,1.7181126409106784,0.2574477129512363,2.6316921446058483,nan,nan
twenty_news,topk_softmax_025,6,10,0.7542253732681274,0.5271763146266019,0.5097325266081317,1.742271966404385,0.2574475755294164,2.6167164511150784,nan,nan
twenty_news,topk_softmax_025,6,11,0.6368671655654907,0.5342465753424658,0.516219957327759,1.7858543793360393,0.2574474447303348,2.6023563146591187,nan,nan
twenty_news,topk_softmax_025,6,12,0.538762629032135,0.5386654882898807,0.5222738894780322,1.8410102128982544,0.25744746294286514,2.5920584996541343,nan,nan
twenty_news,topk_softmax_025,6,13,0.4564754068851471,0.5426425099425541,0.5289147739047825,1.8831997050179377,0.2574473006857766,2.580637362268236,nan,nan
twenty_news,topk_softmax_025,6,14,0.3782433867454529,0.5422006186478127,0.5331178052436337,1.9606207609176636,0.2574470208750831,2.571899175643921,nan,nan
twenty_news,topk_softmax_025,6,15,0.3178919851779938,0.5355722492266902,0.5225954546779615,2.037044644355774,0.25744715332984924,2.565939916504754,nan,nan
twenty_news,topk_softmax_025,6,16,0.2693113088607788,0.5452938577110031,0.5390628960733282,2.095291084713406,0.25744709372520447,2.5587056610319348,nan,nan
twenty_news,topk_softmax_025,6,17,0.2157411128282547,0.5395492708793637,0.5287500720160696,2.1778757439719305,0.25744710862636566,2.553518189324273,nan,nan
twenty_news,topk_softmax_025,6,18,0.18087834119796753,0.5497127706584181,0.5402084759115936,2.2139951388041177,0.2574470324648751,2.547193818622165,nan,nan
twenty_news,topk_softmax_025,6,19,0.1553867757320404,0.5430844012372956,0.535663110274532,2.2803403006659613,0.25744695630338454,2.5468154880735607,nan,nan
twenty_news,topk_softmax_025,6,20,0.12236002087593079,0.5519222271321255,0.544522682513731,2.3519872029622397,0.2574469397465388,2.5487467315461902,nan,nan
twenty_news,topk_softmax_025,6,21,0.10551189631223679,0.5488289880689351,0.5386516984410277,2.416236056221856,0.25744687848620945,2.5404108232922025,nan,nan
twenty_news,topk_softmax_025,6,22,0.08871664851903915,0.5470614228899691,0.53917719128935,2.474310186174181,0.2574469182226393,2.538555476400587,nan,nan
twenty_news,topk_softmax_025,6,23,0.07745186239480972,0.5475033141847105,0.5392331894936047,2.501536554760403,0.2574468172258801,2.533052272266812,nan,nan
twenty_news,topk_softmax_025,6,24,0.07285047322511673,0.5497127706584181,0.5425186765204791,2.590252161026001,0.2574468404054642,2.5346605512830944,nan,nan
twenty_news,topk_softmax_025,6,25,0.06572825461626053,0.5470614228899691,0.5403396818611264,2.624955415725708,0.2574467162291209,2.5272840129004583,nan,nan
twenty_news,topk_softmax_025,7,0,2.947643995285034,0.15731330092797172,0.12384925358028524,2.7877685758802624,0.2575507428910997,2.7977126439412436,nan,nan
twenty_news,topk_softmax_025,7,1,2.6208245754241943,0.21652673442333187,0.186218908552974,2.550159109963311,0.2575507428910997,2.7877249717712402,nan,nan
twenty_news,topk_softmax_025,7,2,2.322460412979126,0.3163941670349094,0.2831321824381185,2.2862875726487903,0.2575507428910997,2.750648087925381,nan,nan
twenty_news,topk_softmax_025,7,3,2.0053021907806396,0.3583738400353513,0.33623709738215524,2.100615315967136,0.2575507428910997,2.7032305002212524,nan,nan
twenty_news,topk_softmax_025,7,4,1.7289092540740967,0.4228899690676094,0.4039744390853728,1.9316420952479045,0.2575507279899385,2.6709326373206244,nan,nan
twenty_news,topk_softmax_025,7,5,1.4916409254074097,0.4489615554573575,0.42237531247998283,1.8508814838197496,0.2575507279899385,2.640112704700894,nan,nan
twenty_news,topk_softmax_025,7,6,1.2963473796844482,0.4794520547945205,0.45951212351007864,1.7969808710945978,0.25755065348413253,2.6364253759384155,nan,nan
twenty_news,topk_softmax_025,7,7,1.1286026239395142,0.48652231551038444,0.46705736843856993,1.7736657328075833,0.2575506452057097,2.6214179197947183,nan,nan
twenty_news,topk_softmax_025,7,8,0.969451904296875,0.49977905435262926,0.48270634298734266,1.7906466722488403,0.25755061043633354,2.6110365523232355,nan,nan
twenty_news,topk_softmax_025,7,9,0.8323299884796143,0.5187803800265135,0.5030380314617575,1.7870706054899428,0.25755049453841317,2.596115642123752,nan,nan
twenty_news,topk_softmax_025,7,10,0.7131819725036621,0.5205479452054794,0.5053459285755437,1.822099659177992,0.2575505210293664,2.5780811972088284,nan,nan
twenty_news,topk_softmax_025,7,11,0.5978744029998779,0.5227574016791869,0.5111911635819296,1.8607403569751315,0.2575504266553455,2.5667622221840753,nan,nan
twenty_news,topk_softmax_025,7,12,0.5076168179512024,0.5236411842686699,0.5132051928302228,1.9475558069017198,0.2575503985087077,2.5542395379808216,nan,nan
twenty_news,topk_softmax_025,7,13,0.42752957344055176,0.5307114449845338,0.5163921025241545,1.9733610550562541,0.2575503604279624,2.5512694120407104,nan,nan
twenty_news,topk_softmax_025,7,14,0.3603319227695465,0.5214317277949624,0.5112244616922783,2.054124699698554,0.25755029254489475,2.5348731411827936,nan,nan
twenty_news,topk_softmax_025,7,15,0.2979418635368347,0.5262925320371189,0.5129365833667796,2.1096113125483194,0.2575502163834042,2.530617502000597,nan,nan
twenty_news,topk_softmax_025,7,16,0.24324549734592438,0.518338488731772,0.5063335519738564,2.2022784286075168,0.25755010214116836,2.521112084388733,nan,nan
twenty_news,topk_softmax_025,7,17,0.20134977996349335,0.5280600972160848,0.516108468569279,2.258896244896783,0.2575499316056569,2.511318246523539,nan,nan
twenty_news,topk_softmax_025,7,18,0.1753331571817398,0.5262925320371189,0.5170686914437679,2.3180279201931424,0.25754984716574353,2.5103486511442394,nan,nan
twenty_news,topk_softmax_025,8,0,2.954275369644165,0.1383119752540875,0.08438273682440454,2.794566684299045,0.2574944231245253,2.7902076774173312,nan,nan
twenty_news,topk_softmax_025,8,1,2.6727776527404785,0.2350861688024746,0.191502400065603,2.5100314617156982,0.2574944231245253,2.79234778881073,nan,nan
twenty_news,topk_softmax_025,8,2,2.356259346008301,0.3256738842244808,0.286119138728494,2.2523737483554416,0.2574944231245253,2.760864324039883,nan,nan
twenty_news,topk_softmax_025,8,3,2.0611629486083984,0.38135218736190896,0.35211100228938447,2.0294545359081693,0.2574944231245253,2.728316346804301,nan,nan
twenty_news,topk_softmax_025,8,4,1.7804815769195557,0.415377817057004,0.38974576834322733,1.902172777387831,0.2574944231245253,2.702140768369039,nan,nan
twenty_news,topk_softmax_025,8,5,1.5555343627929688,0.4697304463102077,0.4460650091348402,1.794664396180047,0.2574944231245253,2.6733189158969455,nan,nan
twenty_news,topk_softmax_025,8,6,1.3597159385681152,0.48784798939460894,0.4705525544596193,1.731104811032613,0.2574944231245253,2.662686069806417,nan,nan
twenty_news,topk_softmax_025,8,7,1.176526427268982,0.5196641626159965,0.5028939810439154,1.6638247569402058,0.2574944231245253,2.6557201411989,nan,nan
twenty_news,topk_softmax_025,8,8,1.0258455276489258,0.5395492708793637,0.5220986679125948,1.639419953028361,0.2574944231245253,2.632661501566569,nan,nan
twenty_news,topk_softmax_025,8,9,0.8848252892494202,0.5603181617322138,0.5437279579838561,1.6312991380691528,0.2574944231245253,2.6265486213896008,nan,nan
twenty_news,topk_softmax_025,8,10,0.7716456651687622,0.5612019443216969,0.5403155881538395,1.6655739810731676,0.2574944231245253,2.6123682657877603,nan,nan
twenty_news,topk_softmax_025,8,11,0.6594218611717224,0.5709235528060097,0.5590969901518128,1.673081398010254,0.25749438504378,2.5966669188605414,nan,nan
twenty_news,topk_softmax_025,8,12,0.5555775165557861,0.5718073353954927,0.5634305729368461,1.7155414289898343,0.2574943999449412,2.5878301196628146,nan,nan
twenty_news,topk_softmax_025,8,13,0.46924570202827454,0.5749005744586831,0.5603653799824329,1.7831479443444147,0.2574942476219601,2.5759322113460965,nan,nan
twenty_news,topk_softmax_025,8,14,0.3949914574623108,0.5709235528060097,0.5608706614103777,1.8229249318440754,0.25749413669109344,2.575669672754076,nan,nan
twenty_news,topk_softmax_025,8,15,0.33252328634262085,0.5740167918692002,0.5627637559131559,1.8750831021202936,0.25749410192171734,2.5584005779690213,nan,nan
twenty_news,topk_softmax_025,8,16,0.2836282253265381,0.5735749005744587,0.5641382669250072,1.9439497258928087,0.2574940207931731,2.544448481665717,nan,nan
twenty_news,topk_softmax_025,8,17,0.23338249325752258,0.5819708351745471,0.5720963615672211,1.998534573449029,0.2574937873416477,2.539630572001139,nan,nan
twenty_news,topk_softmax_025,8,18,0.19396300613880157,0.5762262483429077,0.5667757283049994,2.0769149462381997,0.25749403569433427,2.5366262992223105,nan,nan
twenty_news,topk_softmax_025,8,19,0.16567015647888184,0.5784357048166151,0.5689728186240545,2.125294711854723,0.2574939164850447,2.528651237487793,nan,nan
twenty_news,topk_softmax_025,8,20,0.1417270004749298,0.5726911179849757,0.5658828782480457,2.1928900877634683,0.25749388999409145,2.5260234938727484,nan,nan
twenty_news,topk_softmax_025,8,21,0.1263769418001175,0.5669465311533363,0.5583504628444974,2.262554155455695,0.25749390489525265,2.519459459516737,nan,nan
twenty_news,topk_softmax_025,8,22,0.10630673170089722,0.5802032699955811,0.5694505624707975,2.2698910236358643,0.25749389496114516,2.5189360512627497,nan,nan
twenty_news,topk_softmax_025,9,0,2.956632137298584,0.13610251878038002,0.09968939540480926,2.8181184927622476,0.25752363602320355,2.809284793006049,nan,nan
twenty_news,topk_softmax_025,9,1,2.664026975631714,0.22536456031816174,0.18856905782561917,2.5335959593454995,0.25752363602320355,2.80490779876709,nan,nan
twenty_news,topk_softmax_025,9,2,2.327205181121826,0.30976579761378703,0.2806954451107804,2.2753360006544323,0.25752363602320355,2.763019972377353,nan,nan
twenty_news,topk_softmax_025,9,3,2.0117485523223877,0.39195757843570483,0.36513382509974796,2.034177409278022,0.25752363602320355,2.713194211324056,nan,nan
twenty_news,topk_softmax_025,9,4,1.7166359424591064,0.44233318603623506,0.4215529257014092,1.8850696881612141,0.257523485355907,2.6718653705385,nan,nan
twenty_news,topk_softmax_025,9,5,1.4708982706069946,0.47282368537339814,0.4441864592704598,1.7822409470876057,0.25752347542179954,2.6582537094751992,nan,nan
twenty_news,topk_softmax_025,9,6,1.2727514505386353,0.49226690234202386,0.4726398215545208,1.7344446182250977,0.25752342243989307,2.640755375226339,nan,nan
twenty_news,topk_softmax_025,9,7,1.108319878578186,0.5028722934158197,0.4871343965295146,1.7016130288441975,0.2575233777364095,2.6216011974546642,nan,nan
twenty_news,topk_softmax_025,9,8,0.9578641057014465,0.5236411842686699,0.5037685545284811,1.7200260029898748,0.2575233711136712,2.614180405934652,nan,nan
twenty_news,topk_softmax_025,9,9,0.8227630257606506,0.5342465753424658,0.5218851714751744,1.7208850383758545,0.2575231028927697,2.603708028793335,nan,nan
twenty_news,topk_softmax_025,9,10,0.7081080675125122,0.5391073795846222,0.5263902018720524,1.7577397558424208,0.25752320720089805,2.5938391817940607,nan,nan
twenty_news,topk_softmax_025,9,11,0.5949772000312805,0.5413168360583297,0.530994694314916,1.7976366016599867,0.25752290421062046,2.5881278779771595,nan,nan
twenty_news,topk_softmax_025,9,12,0.5046848058700562,0.5417587273530712,0.529125376647265,1.8635295629501343,0.2575225647952821,2.5771836042404175,nan,nan
twenty_news,topk_softmax_025,9,13,0.420273095369339,0.5426425099425541,0.5349398109465813,1.9324663347668118,0.2575220465660095,2.568455179532369,nan,nan
twenty_news,topk_softmax_025,9,14,0.3594902753829956,0.5457357490057446,0.5396246643330235,1.9868468311097887,0.25752191576692796,2.5602721638149686,nan,nan
twenty_news,topk_softmax_025,9,15,0.29516562819480896,0.5470614228899691,0.5363989137326879,2.0411624246173434,0.257521101170116,2.5463601880603366,nan,nan
twenty_news,topk_softmax_025,9,16,0.2474147230386734,0.5399911621741051,0.5304687181733296,2.142372104856703,0.25752098030514187,2.539731740951538,nan,nan
twenty_news,topk_softmax_025,9,17,0.20512330532073975,0.5382235969951392,0.5315694065836853,2.1836976210276284,0.25752044717470807,2.530079894595676,nan,nan
twenty_news,topk_softmax_025,9,18,0.1723669171333313,0.5377817057003977,0.5304466208888478,2.2476316822899713,0.2575204504860772,2.518994609514872,nan,nan
twenty_news,topk_softmax_025,9,19,0.14030252397060394,0.5324790101634997,0.5232740398877438,2.336746825112237,0.2575199239783817,2.5132141510645547,nan,nan
twenty_news,topk_softmax_025,9,20,0.12008193135261536,0.5333627927529828,0.5248984899586557,2.380873362223307,0.25751934780014885,2.512932631704542,nan,nan
twenty_news,topk_softmax_05,1,0,2.9506676197052,0.13256738842244808,0.09131680390767852,2.8109655645158558,0.50512166817983,3.4456930690341525,nan,nan
twenty_news,topk_softmax_05,1,1,2.6502954959869385,0.1917808219178082,0.16411491130182354,2.6044344107309976,0.50512166817983,3.4344361093309193,nan,nan
twenty_news,topk_softmax_05,1,2,2.3456459045410156,0.2832523199292974,0.25294184161239924,2.3259495894114175,0.505121519168218,3.3589420451058283,nan,nan
twenty_news,topk_softmax_05,1,3,2.0266623497009277,0.3504197967300044,0.32754040323888517,2.1124437517589993,0.5051215456591712,3.2934092945522733,nan,nan
twenty_news,topk_softmax_05,1,4,1.7522169351577759,0.41626159964648696,0.39416777042552525,1.9439887470669217,0.5051213370429145,3.2316442728042603,nan,nan
twenty_news,topk_softmax_05,1,5,1.495181679725647,0.44365885992045956,0.42358025500718044,1.8331094185511272,0.5051214132044051,3.197413682937622,nan,nan
twenty_news,topk_softmax_05,1,6,1.2971417903900146,0.4719399027839152,0.455404383941391,1.7864117754830255,0.5051207840442657,3.169619917869568,nan,nan
twenty_news,topk_softmax_05,1,7,1.12071692943573,0.484312859036677,0.46854167168818617,1.7480190727445815,0.5051205125119951,3.1507306628757052,nan,nan
twenty_news,topk_softmax_05,1,8,0.9753295183181763,0.4962439239946973,0.47910833085096016,1.7634761068556044,0.5051186978816986,3.1249330043792725,nan,nan
twenty_news,topk_softmax_05,1,9,0.8535558581352234,0.4944763588157313,0.47732368802863456,1.7905075947443645,0.5051180786556668,3.1154655747943454,nan,nan
twenty_news,topk_softmax_05,1,10,0.7207121849060059,0.5214317277949624,0.5109412341481014,1.7778868012958102,0.5051160819000668,3.092014710108439,nan,nan
twenty_news,topk_softmax_05,1,11,0.6107946038246155,0.5187803800265135,0.5020617479125893,1.8219719462924533,0.5051134725411733,3.0716240406036377,nan,nan
twenty_news,topk_softmax_05,1,12,0.5211539268493652,0.5355722492266902,0.5254262490441411,1.8510941929287381,0.5051100187831454,3.0602465867996216,nan,nan
twenty_news,topk_softmax_05,1,13,0.4302290976047516,0.5227574016791869,0.5162336864022631,1.9223187102211847,0.5051041940848032,3.0362429089016385,nan,nan
twenty_news,topk_softmax_05,1,14,0.3588971197605133,0.5329209014582412,0.5260117089457195,1.9818754593531291,0.5050982236862183,3.0246231423483954,nan,nan
twenty_news,topk_softmax_05,1,15,0.30149927735328674,0.5293857711003094,0.5230829938746935,2.049378752708435,0.5050998760594262,3.0177720255321927,nan,nan
twenty_news,topk_softmax_05,1,16,0.25828948616981506,0.5333627927529828,0.5234972062478785,2.1155430210961237,0.5050978196991814,2.9891162051094904,nan,nan
twenty_news,topk_softmax_05,1,17,0.21303234994411469,0.5333627927529828,0.5257089358625207,2.1729314194785223,0.5050974422030978,2.9893241855833264,nan,nan
twenty_news,topk_softmax_05,2,0,2.959469795227051,0.15112682280159082,0.11215592466461777,2.7945974667867026,0.5049958295292325,3.4524503813849554,nan,nan
twenty_news,topk_softmax_05,2,1,2.6639606952667236,0.23331860362350862,0.18779120369245378,2.5173700385623508,0.5049958295292325,3.443340367741055,nan,nan
twenty_news,topk_softmax_05,2,2,2.382258653640747,0.30799823243482105,0.27043722055427544,2.2790406545003257,0.5049958295292325,3.3938137822681003,nan,nan
twenty_news,topk_softmax_05,2,3,2.071995973587036,0.37870083959346,0.340679265750505,2.0612248712115817,0.5049932334158156,3.3083692524168224,nan,nan
twenty_news,topk_softmax_05,2,4,1.7909984588623047,0.4352629253203712,0.4107879283144523,1.8506591320037842,0.5049887233310275,3.2420147922303943,nan,nan
twenty_news,topk_softmax_05,2,5,1.5376545190811157,0.4701723376049492,0.44757622816043263,1.7538135184182062,0.5049852828184763,3.206489986843533,nan,nan
twenty_news,topk_softmax_05,2,6,1.3343071937561035,0.49359257622624836,0.4657298103974313,1.6932051181793213,0.5049802230464088,3.162866711616516,nan,nan
twenty_news,topk_softmax_05,2,7,1.1742479801177979,0.513035793194874,0.4953173700089054,1.6583763360977173,0.5049773984485202,3.1459960672590466,nan,nan
twenty_news,topk_softmax_05,2,8,1.0162073373794556,0.5139195757843571,0.49775101265448124,1.6495335631900363,0.5049716532230377,3.100580546591017,nan,nan
twenty_news,topk_softmax_05,2,9,0.8799698948860168,0.5201060539107379,0.4977135442163968,1.6633721457587347,0.504970692925983,3.0938564671410456,nan,nan
twenty_news,topk_softmax_05,2,10,0.7594044804573059,0.5236411842686699,0.5056294519409819,1.711928579542372,0.5049603117836846,3.0701993968751697,nan,nan
twenty_news,topk_softmax_05,2,11,0.6410863995552063,0.5452938577110031,0.5302197831832096,1.712436040242513,0.5049599077966478,3.0519525607426963,nan,nan
twenty_news,topk_softmax_05,2,12,0.5492887496948242,0.5519222271321255,0.5370699222938027,1.7795203526814778,0.5049548414018419,3.041877826054891,nan,nan
twenty_news,topk_softmax_05,2,13,0.4639236032962799,0.551480335837384,0.5353730756492319,1.8318952586915758,0.5049522320429484,3.0369596083958945,nan,nan
twenty_news,topk_softmax_05,2,14,0.3791896104812622,0.5642951833848873,0.5524392552251842,1.8678860267003377,0.5049441953500112,3.0141286982430353,nan,nan
twenty_news,topk_softmax_05,2,15,0.3266594707965851,0.5558992487847989,0.545870525433785,1.9531603124406602,0.5049383872085147,2.9823354615105524,nan,nan
twenty_news,topk_softmax_05,2,16,0.2690563499927521,0.5558992487847989,0.5444013981139839,2.0111951960457697,0.504931691620085,2.973467747370402,nan,nan
twenty_news,topk_softmax_05,2,17,0.2215416580438614,0.5612019443216969,0.5491989992115757,2.08394898308648,0.5049277245998383,2.9634218083487616,nan,nan
twenty_news,topk_softmax_05,2,18,0.18487106263637543,0.5581087052585064,0.5489347656953648,2.1438881158828735,0.5049224529001448,2.9541799227396646,nan,nan
twenty_news,topk_softmax_05,2,19,0.15493252873420715,0.5607600530269554,0.5498445895898258,2.209011289808485,0.5049183567365011,2.940476377805074,nan,nan
twenty_news,topk_softmax_05,3,0,2.947782278060913,0.15112682280159082,0.1156062246192882,2.7992828687032065,0.5050032006369697,3.467057718171014,nan,nan
twenty_news,topk_softmax_05,3,1,2.6728286743164062,0.22536456031816174,0.19307645347168428,2.5666854911380343,0.5050032006369697,3.4554990794923572,nan,nan
twenty_news,topk_softmax_05,3,2,2.401862859725952,0.30711444984533803,0.27905570320401785,2.3207675086127386,0.5050032006369697,3.4183531999588013,nan,nan
twenty_news,topk_softmax_05,3,3,2.0996508598327637,0.37516570923552806,0.3443377396088238,2.0811622672610812,0.5050032006369697,3.330973638428582,nan,nan
twenty_news,topk_softmax_05,3,4,1.8207130432128906,0.4074237737516571,0.3804400225141343,1.9113054143057928,0.5050012303723229,3.262637654940287,nan,nan
twenty_news,topk_softmax_05,3,5,1.5916142463684082,0.4569155987627044,0.42791450069958226,1.8154869079589844,0.5049985282950931,3.243403765890333,nan,nan
twenty_news,topk_softmax_05,3,6,1.3946869373321533,0.4754750331418471,0.4582575115684596,1.7558709118101332,0.5049926042556763,3.2080790201822915,nan,nan
twenty_news,topk_softmax_05,3,7,1.2244597673416138,0.49094122845779936,0.47434832286401696,1.745867994096544,0.5049917466110654,3.182884176572164,nan,nan
twenty_news,topk_softmax_05,3,8,1.0739495754241943,0.5033141847105612,0.4864992373900602,1.7195716169145372,0.5049867596891191,3.148004558351305,nan,nan
twenty_news,topk_softmax_05,3,9,0.9291325807571411,0.515687140963323,0.497356680243047,1.726148459646437,0.5049829449918535,3.112388941976759,nan,nan
twenty_news,topk_softmax_05,3,10,0.7909332513809204,0.5148033583738401,0.503364669979843,1.7497835556666057,0.5049794581201341,3.0883947875764637,nan,nan
twenty_news,topk_softmax_05,3,11,0.6743853092193604,0.5205479452054794,0.5038540278836922,1.7973021666208904,0.5049752857949998,3.0711084604263306,nan,nan
twenty_news,topk_softmax_05,3,12,0.5675715804100037,0.5338046840477243,0.5198009154107285,1.822298566500346,0.504968696170383,3.050229880544874,nan,nan
twenty_news,topk_softmax_05,3,13,0.48306041955947876,0.5373398144056563,0.530445469446019,1.871899406115214,0.5049637258052826,3.0289058023028903,nan,nan
twenty_news,topk_softmax_05,3,14,0.3940173089504242,0.5430844012372956,0.5379373032540499,1.9510705206129286,0.5049587190151215,3.012880113389757,nan,nan
twenty_news,topk_softmax_05,3,15,0.3312169015407562,0.5329209014582412,0.5275655115775462,2.054978860749139,0.5049538314342499,3.006038784980774,nan,nan
twenty_news,topk_softmax_05,3,16,0.2833612263202667,0.5466195315952276,0.5396529059184063,2.1068215899997287,0.5049558447466956,2.981654405593872,nan,nan
twenty_news,topk_softmax_05,3,17,0.22425515949726105,0.547945205479452,0.5400265966706577,2.1748396025763617,0.5049459702438779,2.9788289997312756,nan,nan
twenty_news,topk_softmax_05,3,18,0.18466371297836304,0.5545735749005745,0.5438485996351695,2.235849804348416,0.504941506518258,2.96587344010671,nan,nan
twenty_news,topk_softmax_05,3,19,0.14762577414512634,0.5536897923110915,0.54706070528832,2.2624883916642933,0.5049426058928171,2.969887786441379,nan,nan
twenty_news,topk_softmax_05,3,20,0.1330382376909256,0.5457357490057446,0.5391502578431331,2.3487434917026095,0.5049359467294481,2.955249269803365,nan,nan
twenty_news,topk_softmax_05,3,21,0.10836195945739746,0.554131683605833,0.5433143360504602,2.4112968974643283,0.5049337645371755,2.946216450797187,nan,nan
twenty_news,topk_softmax_05,3,22,0.09539858251810074,0.5576668139637649,0.549346621374158,2.4712519910600452,0.5049306584729089,2.943632576200697,nan,nan
twenty_news,topk_softmax_05,3,23,0.07994327694177628,0.5585505965532479,0.5489468669155138,2.512987984551324,0.5049273073673248,2.934288501739502,nan,nan
twenty_news,topk_softmax_05,3,24,0.06502705812454224,0.5607600530269554,0.5534424888903916,2.5636434819963245,0.5049237708250681,2.9352283345328436,nan,nan
twenty_news,topk_softmax_05,3,25,0.058922428637742996,0.5572249226690235,0.5494104076675864,2.626269128587511,0.504925443066491,2.9168438381618924,nan,nan
twenty_news,topk_softmax_05,3,26,0.0541466660797596,0.5594343791427309,0.5537910264778462,2.663990444607205,0.5049221449428134,2.9188774029413858,nan,nan
twenty_news,topk_softmax_05,3,27,0.04655572026968002,0.5572249226690235,0.5517941360509611,2.705518192715115,0.5049213369687399,2.9124151468276978,nan,nan
twenty_news,topk_softmax_05,3,28,0.04291463643312454,0.5638532920901458,0.5562023056841667,2.701490799585978,0.5049212177594503,2.923550181918674,nan,nan
twenty_news,topk_softmax_05,3,29,0.040607012808322906,0.5594343791427309,0.5520999409212145,2.754995690451728,0.504920717742708,2.9185412459903293,nan,nan
twenty_news,topk_softmax_05,4,0,2.919999361038208,0.14714980114891738,0.10521415390445779,2.763455788294474,0.5050688849555122,3.451773073938158,nan,nan
twenty_news,topk_softmax_05,4,1,2.624586343765259,0.22359699513919576,0.19197201058273744,2.53380725118849,0.5050688849555122,3.4425656530592175,nan,nan
twenty_news,topk_softmax_05,4,2,2.3682472705841064,0.28855501546619533,0.25326312488748737,2.3319950103759766,0.5050684710343679,3.4011219475004406,nan,nan
twenty_news,topk_softmax_05,4,3,2.0960049629211426,0.3596995139195758,0.33121081787147144,2.134275939729479,0.5050371819072299,3.334792309337192,nan,nan
twenty_news,topk_softmax_05,4,4,1.821008324623108,0.4202386212991604,0.3973768384743676,1.9375289678573608,0.505035529534022,3.261810965008206,nan,nan
twenty_news,topk_softmax_05,4,5,1.5871708393096924,0.4626601855943438,0.4427034788329829,1.8149572875764635,0.5050220290819804,3.221631328264872,nan,nan
twenty_news,topk_softmax_05,4,6,1.3690825700759888,0.48166151126822804,0.47062982936241593,1.7684984074698553,0.5049958328406016,3.2075614266925387,nan,nan
twenty_news,topk_softmax_05,4,7,1.1993932723999023,0.516570923552806,0.5014598152240335,1.7233384847640991,0.5049667888217502,3.1803038517634072,nan,nan
twenty_news,topk_softmax_05,4,8,1.0483274459838867,0.5311533362792753,0.5182024736818558,1.6979717943403456,0.5049595998393165,3.1613075335820517,nan,nan
twenty_news,topk_softmax_05,4,9,0.8898336887359619,0.5333627927529828,0.5194336905944671,1.708448674943712,0.5049462053510878,3.1373506784439087,nan,nan
twenty_news,topk_softmax_05,4,10,0.7567906975746155,0.552364118426867,0.5410885268376355,1.7188663217756484,0.5049278173181746,3.117298165957133,nan,nan
twenty_news,topk_softmax_05,4,11,0.6611793041229248,0.5444100751215201,0.5297021584071686,1.7894201676050823,0.5049241681893667,3.107476989428202,nan,nan
twenty_news,topk_softmax_05,4,12,0.5664846897125244,0.5576668139637649,0.548910973999876,1.819549798965454,0.5048989454905192,3.0885643826590643,nan,nan
twenty_news,topk_softmax_05,4,13,0.473012238740921,0.5572249226690235,0.5468376824080304,1.8595753378338284,0.5049054225285848,3.070971449216207,nan,nan
twenty_news,topk_softmax_05,4,14,0.4047643840312958,0.5647370746796289,0.5545636643834426,1.9269784424040053,0.5048817661073473,3.055236405796475,nan,nan
twenty_news,topk_softmax_05,4,15,0.33998411893844604,0.5687140963323023,0.5580850597657512,1.9861637221442328,0.5048684279123942,3.0474431117375693,nan,nan
twenty_news,topk_softmax_05,4,16,0.2912027835845947,0.5656208572691118,0.5550798915944977,2.022965351740519,0.504846046368281,3.0251077810923257,nan,nan
twenty_news,topk_softmax_05,4,17,0.23308409750461578,0.5642951833848873,0.5501102659118022,2.124283790588379,0.504844413863288,3.0267256763246326,nan,nan
twenty_news,topk_softmax_05,4,18,0.20004995167255402,0.5629695095006628,0.5554663834572802,2.1826614803738065,0.5048429601722293,3.016118394003974,nan,nan
twenty_news,topk_softmax_05,4,19,0.16713853180408478,0.5585505965532479,0.5489409752523012,2.263397137324015,0.5048214462068346,3.006959252887302,nan,nan
twenty_news,topk_softmax_05,4,20,0.14555983245372772,0.5607600530269554,0.549627831543864,2.3209606541527643,0.504793557855818,3.0093436241149902,nan,nan
twenty_news,topk_softmax_05,5,0,2.9558157920837402,0.14803358373840036,0.10342570057969074,2.80038849512736,0.505057175954183,3.4638496372434826,nan,nan
twenty_news,topk_softmax_05,5,1,2.6478159427642822,0.21873619089703933,0.18221131269385865,2.5353493955400257,0.505057175954183,3.457186632686191,nan,nan
twenty_news,topk_softmax_05,5,2,2.3790695667266846,0.28634555899248787,0.2522642780227384,2.333123207092285,0.505057175954183,3.4406968884997897,nan,nan
twenty_news,topk_softmax_05,5,3,2.102201223373413,0.3654441007512152,0.33019122274472756,2.1212777031792536,0.505057113038169,3.376274267832438,nan,nan
twenty_news,topk_softmax_05,5,4,1.8395954370498657,0.41316836058329653,0.3861921541221966,1.9625321759117975,0.5050529274675581,3.3119069602754383,nan,nan
twenty_news,topk_softmax_05,5,5,1.6058732271194458,0.44984533804684046,0.4350612581245046,1.8377727137671576,0.5050514803992378,3.268457214037577,nan,nan
twenty_news,topk_softmax_05,5,6,1.4301286935806274,0.47856827220503756,0.4544343523631961,1.7485815551545885,0.5050464802318149,3.2460108730528088,nan,nan
twenty_news,topk_softmax_05,5,7,1.2424012422561646,0.5072912063632347,0.4882606896278636,1.7107854286829631,0.5050453576776717,3.2288274102740817,nan,nan
twenty_news,topk_softmax_05,5,8,1.0957993268966675,0.5121520106053911,0.49854080199424766,1.6797617541419134,0.5050397084818946,3.196702520052592,nan,nan
twenty_news,topk_softmax_05,5,9,0.9507165551185608,0.5245249668581529,0.5107694002244811,1.6942087676790025,0.5050361686282687,3.17752472559611,nan,nan
twenty_news,topk_softmax_05,5,10,0.825991153717041,0.5355722492266902,0.5237451058742248,1.698352336883545,0.5050298704041375,3.1486291620466442,nan,nan
twenty_news,topk_softmax_05,5,11,0.7199426293373108,0.5382235969951392,0.5239341468956731,1.732537521256341,0.5050264298915863,3.1228275299072266,nan,nan
twenty_news,topk_softmax_05,5,12,0.6065137982368469,0.5550154661953159,0.543957983157648,1.7747160726123385,0.5050315956274668,3.118937465879652,nan,nan
twenty_news,topk_softmax_05,5,13,0.5045432448387146,0.5457357490057446,0.5346258573139209,1.8280387454562717,0.5050252709123824,3.0991767512427435,nan,nan
twenty_news,topk_softmax_05,5,14,0.42982545495033264,0.556783031374282,0.5438753725144725,1.8872964117262099,0.5050206349955665,3.0812175141440497,nan,nan
twenty_news,topk_softmax_05,5,15,0.36562949419021606,0.5536897923110915,0.5457546457915152,1.9488189882702298,0.5050180719958411,3.0670401652654014,nan,nan
twenty_news,topk_softmax_05,5,16,0.2979218065738678,0.554131683605833,0.5466959717134915,1.999526686138577,0.5050088796350691,3.041093733575609,nan,nan
twenty_news,topk_softmax_05,5,17,0.243146613240242,0.5536897923110915,0.5427634068048725,2.089236259460449,0.5050093664063348,3.03584803475274,nan,nan
twenty_news,topk_softmax_05,5,18,0.1982754021883011,0.5576668139637649,0.5500163221342591,2.14476834403144,0.5050043563048044,3.0325492885377674,nan,nan
twenty_news,topk_softmax_05,5,19,0.1620837152004242,0.5594343791427309,0.5514064418022372,2.2177147600385876,0.5050001475546095,3.0153579976823597,nan,nan
twenty_news,topk_softmax_05,5,20,0.13731126487255096,0.5625276182059213,0.555882321104514,2.271384040514628,0.5050007137987349,3.014894313282437,nan,nan
twenty_news,topk_softmax_05,5,21,0.11610404402017593,0.5620857269111799,0.5541878099873496,2.3491681151919894,0.504994680484136,3.0095190472073026,nan,nan
twenty_news,topk_softmax_05,5,22,0.09835918247699738,0.5554573574900574,0.5465873356728443,2.4106569819980197,0.5049904584884644,3.004844546318054,nan,nan
twenty_news,topk_softmax_05,5,23,0.07992322742938995,0.5598762704374723,0.5529143359776276,2.4361662599775524,0.5049831006262038,2.9956956969367132,nan,nan
twenty_news,topk_softmax_05,5,24,0.07570468634366989,0.5554573574900574,0.5468600302429589,2.513689544465807,0.5049882233142853,2.9919015566507974,nan,nan
twenty_news,topk_softmax_05,5,25,0.06913121789693832,0.5576668139637649,0.5518486242781104,2.5644347137875028,0.5049856536918216,2.991203917397393,nan,nan
twenty_news,topk_softmax_05,6,0,2.961676597595215,0.13742819266460451,0.09699062654672896,2.846975670920478,0.504922952916887,3.4763598442077637,nan,nan
twenty_news,topk_softmax_05,6,1,2.673630952835083,0.21078214759169245,0.17921994548289538,2.579465044869317,0.504922952916887,3.4707945585250854,nan,nan
twenty_news,topk_softmax_05,6,2,2.3891398906707764,0.27794962439239945,0.25727298515423014,2.3718371391296387,0.504922952916887,3.441227263874478,nan,nan
twenty_news,topk_softmax_05,6,3,2.118318557739258,0.3424657534246575,0.31339858060666526,2.161777284410265,0.504922952916887,3.375556720627679,nan,nan
twenty_news,topk_softmax_05,6,4,1.842255711555481,0.40565620857269113,0.38160394998730646,1.9792221387227376,0.5049223932955,3.3101312981711493,nan,nan
twenty_news,topk_softmax_05,6,5,1.6033298969268799,0.45293857711003094,0.426702699118514,1.8476000361972384,0.5049219495720334,3.2625295188691883,nan,nan
twenty_news,topk_softmax_05,6,6,1.3973182439804077,0.48475475033141846,0.4670496408357934,1.7625766197840373,0.5049219164583418,3.2278505033916898,nan,nan
twenty_news,topk_softmax_05,6,7,1.2083173990249634,0.49977905435262926,0.480517570662521,1.733302116394043,0.5049208071496751,3.2057385312186346,nan,nan
twenty_news,topk_softmax_05,6,8,1.04215407371521,0.5134776844896155,0.5009454856240375,1.7157708936267428,0.5049202144145966,3.1903393268585205,nan,nan
twenty_news,topk_softmax_05,6,9,0.9044201374053955,0.5258506407423774,0.5090625064538933,1.699414504898919,0.5049190719922384,3.159088386429681,nan,nan
twenty_news,topk_softmax_05,6,10,0.7676814794540405,0.5324790101634997,0.5152383715499551,1.7189794646369085,0.5049175090259976,3.151107178794013,nan,nan
twenty_news,topk_softmax_05,6,11,0.6562474370002747,0.5338046840477243,0.518158185289814,1.750250260035197,0.5049157440662384,3.119421455595228,nan,nan
twenty_news,topk_softmax_05,6,12,0.5503427982330322,0.5417587273530712,0.527623648024681,1.8079942597283258,0.5049136181672415,3.1050806045532227,nan,nan
twenty_news,topk_softmax_05,6,13,0.46378013491630554,0.5492708793636766,0.5388225227430276,1.8612253533469305,0.504913843340344,3.0861351357565985,nan,nan
twenty_news,topk_softmax_05,6,14,0.3827066421508789,0.5594343791427309,0.5502672943788751,1.9239247507519193,0.5049112836519877,3.071722004148695,nan,nan
twenty_news,topk_softmax_05,6,15,0.3319706320762634,0.5594343791427309,0.5479160867554419,1.974320888519287,0.504907058344947,3.061344305674235,nan,nan
twenty_news,topk_softmax_05,6,16,0.26621299982070923,0.547945205479452,0.5411333246649538,2.0241765048768787,0.5049082504378425,3.0470174815919666,nan,nan
twenty_news,topk_softmax_05,6,17,0.21740011870861053,0.5594343791427309,0.5517903676017913,2.113775465223524,0.5049087703227997,3.0394196112950644,nan,nan
twenty_news,topk_softmax_05,6,18,0.18611644208431244,0.5660627485638533,0.556203920881366,2.1441044542524548,0.5049076808823479,3.03030792872111,nan,nan
twenty_news,topk_softmax_05,6,19,0.16009509563446045,0.5678303137428192,0.5576376551999997,2.2224131292766995,0.5049043628904555,3.0225988626480103,nan,nan
twenty_news,topk_softmax_05,6,20,0.1295561045408249,0.554131683605833,0.5464947900615239,2.302123361163669,0.5049024522304535,3.0268699990378485,nan,nan
twenty_news,topk_softmax_05,6,21,0.10965152829885483,0.5563411400795404,0.5498673503210971,2.327825175391303,0.5049005581272973,3.016040709283617,nan,nan
twenty_news,topk_softmax_05,6,22,0.0978100523352623,0.556783031374282,0.550341190266027,2.414754099316067,0.5048965546819899,3.0163925223880343,nan,nan
twenty_news,topk_softmax_05,6,23,0.08623427897691727,0.5572249226690235,0.5486820968174836,2.4714347786373563,0.504897223578559,3.008691602283054,nan,nan
twenty_news,topk_softmax_05,6,24,0.07532468438148499,0.5638532920901458,0.5566749159968563,2.4778092172410755,0.50490074356397,3.0048670768737793,nan,nan
twenty_news,topk_softmax_05,7,0,2.9348747730255127,0.17498895271763146,0.1374420054330398,2.7535845703548856,0.5049227807256911,3.4553288486268787,nan,nan
twenty_news,topk_softmax_05,7,1,2.609657049179077,0.23066725585505965,0.19554517353345283,2.5339970853593616,0.5049227807256911,3.4435984161165027,nan,nan
twenty_news,topk_softmax_05,7,2,2.3191418647766113,0.29253203711886877,0.2639820892469568,2.319019900427924,0.5049227807256911,3.403384632534451,nan,nan
twenty_news,topk_softmax_05,7,3,2.037184715270996,0.36146707909854175,0.340210180241057,2.107528660032484,0.5049227509233687,3.3348560333251953,nan,nan
twenty_news,topk_softmax_05,7,4,1.7621663808822632,0.41714538223597,0.3937850894649134,1.9411128097110324,0.5049227807256911,3.2868778308232627,nan,nan
twenty_news,topk_softmax_05,7,5,1.526965618133545,0.45161290322580644,0.4289746704701772,1.8275401592254639,0.5049227178096771,3.253832075330946,nan,nan
twenty_news,topk_softmax_05,7,6,1.3379372358322144,0.4891736632788334,0.4699553196256585,1.7671167188220553,0.5049220820267996,3.229962123764886,nan,nan
twenty_news,topk_softmax_05,7,7,1.153196096420288,0.4913831197525409,0.47538648958460394,1.766266663869222,0.5049218866560194,3.2133902178870306,nan,nan
twenty_news,topk_softmax_05,7,8,0.9992783069610596,0.5148033583738401,0.4949420193394274,1.7528059879938762,0.5049207574791379,3.1905448569191828,nan,nan
twenty_news,topk_softmax_05,7,9,0.857314944267273,0.5112682280159081,0.4942299111367322,1.7714454068077936,0.5049187474780612,3.1635032892227173,nan,nan
twenty_news,topk_softmax_05,7,10,0.7323631644248962,0.5254087494476359,0.5062760023301275,1.8141721222135756,0.5049180587132772,3.1539707581202188,nan,nan
twenty_news,topk_softmax_05,7,11,0.6138067245483398,0.5209898365002209,0.5064803191550213,1.831140359242757,0.5049165056811439,3.1383297310935125,nan,nan
twenty_news,topk_softmax_05,7,12,0.5213677287101746,0.5161290322580645,0.5026490350150653,1.9253378709157307,0.5049159030119578,3.1089684036042957,nan,nan
twenty_news,topk_softmax_05,7,13,0.43881404399871826,0.519222271321255,0.5078361523065527,1.9789915084838867,0.5049129823843638,3.0922459496392145,nan,nan
twenty_news,topk_softmax_05,7,14,0.3662567138671875,0.5223155103844455,0.5060866174879239,2.013977302445306,0.5049103266663022,3.0737446943918862,nan,nan
twenty_news,topk_softmax_05,7,15,0.3059915602207184,0.5214317277949624,0.5038588438037876,2.1020861069361367,0.5049090021186404,3.0637318160798817,nan,nan
twenty_news,topk_softmax_05,8,0,2.9432296752929688,0.15996464869642069,0.11030935500986494,2.7626343303256564,0.5050208303663466,3.4481886757744684,nan,nan
twenty_news,topk_softmax_05,8,1,2.6311943531036377,0.2465753424657534,0.20967747275052556,2.4735882547166614,0.5050208303663466,3.4433386193381414,nan,nan
twenty_news,topk_softmax_05,8,2,2.3151464462280273,0.31595227574016793,0.2778861739521251,2.2370677524142795,0.5050205091635386,3.403996785481771,nan,nan
twenty_news,topk_softmax_05,8,3,2.0170679092407227,0.3990278391515687,0.37158631837637096,2.009362128045824,0.5050199462307824,3.3565322822994657,nan,nan
twenty_news,topk_softmax_05,8,4,1.7521092891693115,0.4281926646045073,0.40766334477012356,1.889299472173055,0.5050188567903307,3.323088116115994,nan,nan
twenty_news,topk_softmax_05,8,5,1.5371229648590088,0.46796288113124174,0.44869299401664253,1.8124088048934937,0.5050188501675924,3.2956302165985107,nan,nan
twenty_news,topk_softmax_05,8,6,1.3654817342758179,0.4949182501104728,0.4771147271279128,1.7161007192399766,0.5050181945164999,3.26896431710985,nan,nan
twenty_news,topk_softmax_05,8,7,1.187095284461975,0.5258506407423774,0.5089405319918011,1.6633617215686374,0.5050172838899825,3.24646880891588,nan,nan
twenty_news,topk_softmax_05,8,8,1.0403631925582886,0.5408749447635881,0.5223219196117233,1.6327101919386122,0.5050158070193397,3.2162746058570013,nan,nan
twenty_news,topk_softmax_05,8,9,0.897175669670105,0.547945205479452,0.5333068595782435,1.6275357405344646,0.5050139559639825,3.1899104780621,nan,nan
twenty_news,topk_softmax_05,8,10,0.7788217663764954,0.5589924878479894,0.5405452684859384,1.6524791452619765,0.5050143036577437,3.17713107003106,nan,nan
twenty_news,topk_softmax_05,8,11,0.6598976850509644,0.5607600530269554,0.5459381056777842,1.674952122900221,0.5050126645300124,3.1668346987830267,nan,nan
twenty_news,topk_softmax_05,8,12,0.5550264716148376,0.556783031374282,0.5479377759777789,1.7028662231233385,0.5050116082032522,3.15525311893887,nan,nan
twenty_news,topk_softmax_05,8,13,0.4721475839614868,0.5607600530269554,0.547779816682195,1.7551827960544162,0.5050113300482432,3.135167400042216,nan,nan
twenty_news,topk_softmax_05,8,14,0.3990958333015442,0.5550154661953159,0.5437674946987057,1.8256551954481337,0.5050096743636661,3.125184112124973,nan,nan
twenty_news,topk_softmax_05,8,15,0.33288076519966125,0.5678303137428192,0.5544752740716721,1.8697018888261583,0.5050066080358293,3.103421754307217,nan,nan
twenty_news,topk_softmax_05,8,16,0.28134673833847046,0.5545735749005745,0.5446251815101351,1.9529026216930814,0.5050081014633179,3.0990501907136707,nan,nan
twenty_news,topk_softmax_05,8,17,0.2307586669921875,0.5656208572691118,0.5570057337170579,1.985319150818719,0.5050062636534373,3.0892200072606406,nan,nan
twenty_news,topk_softmax_05,8,18,0.18990381062030792,0.5651789659743703,0.5539632959331429,2.017702433798048,0.5050014058748881,3.0711125400331287,nan,nan
twenty_news,topk_softmax_05,8,19,0.15696637332439423,0.5695978789217853,0.5590208172853297,2.0846536424424915,0.5050013893180423,3.0598491695192127,nan,nan
twenty_news,topk_softmax_05,8,20,0.13313095271587372,0.5665046398585948,0.5526565139102002,2.1416813797420926,0.5050036145581139,3.0587743520736694,nan,nan
twenty_news,topk_softmax_05,8,21,0.12218417227268219,0.5634114007954043,0.5544409749702846,2.210776779386732,0.5049999091360304,3.048449820942349,nan,nan
twenty_news,topk_softmax_05,8,22,0.09955844283103943,0.5660627485638533,0.5514672665022861,2.253361635737949,0.5050000382794274,3.0417292250527277,nan,nan
twenty_news,topk_softmax_05,8,23,0.0846707671880722,0.5629695095006628,0.5533688952871842,2.2993120087517633,0.505001468790902,3.0354033178753324,nan,nan
twenty_news,topk_softmax_05,8,24,0.07412585616111755,0.5656208572691118,0.5560547697678735,2.3507269753350153,0.5050030516253577,3.0321694480048285,nan,nan
twenty_news,topk_softmax_05,9,0,2.953855514526367,0.13433495360141406,0.09604286294764643,2.8390126493242054,0.505006319946713,3.4686765140957303,nan,nan
twenty_news,topk_softmax_05,9,1,2.6990153789520264,0.21431727794962438,0.18181960466801206,2.578733046849569,0.505006319946713,3.4629845486746893,nan,nan
twenty_news,topk_softmax_05,9,2,2.3739943504333496,0.30799823243482105,0.2771027103223467,2.313989241917928,0.5050060318575965,3.4135244952307806,nan,nan
twenty_news,topk_softmax_05,9,3,2.0589993000030518,0.37207247017233763,0.3417987353421478,2.098120782110426,0.5050062106715308,3.350754737854004,nan,nan
twenty_news,topk_softmax_05,9,4,1.7732349634170532,0.4220061864781264,0.40675471403974506,1.9482947720421686,0.5050059590074751,3.2718562285105386,nan,nan
twenty_news,topk_softmax_05,9,5,1.51441490650177,0.46000883782589486,0.43491987790522424,1.819781528578864,0.505005356338289,3.2387157016330295,nan,nan
twenty_news,topk_softmax_05,9,6,1.3031190633773804,0.4869642068051259,0.46450725994943254,1.7532778845893011,0.5050050814946493,3.2110645241207547,nan,nan
twenty_news,topk_softmax_05,9,7,1.1398242712020874,0.5041979673000442,0.48722598661743277,1.7346053388383653,0.5050031675232781,3.171140445603265,nan,nan
twenty_news,topk_softmax_05,9,8,0.9843246936798096,0.5178965974370305,0.5020983254038188,1.7092060645421345,0.5050028330749936,3.158659259478251,nan,nan
twenty_news,topk_softmax_05,9,9,0.8430282473564148,0.5373398144056563,0.5237650384707526,1.7131905158360798,0.5050012038813697,3.1393255127800836,nan,nan
twenty_news,topk_softmax_05,9,10,0.7197625041007996,0.5399911621741051,0.5287487108847753,1.749514897664388,0.5050012899769677,3.1188116206063166,nan,nan
twenty_news,topk_softmax_05,9,11,0.5941750407218933,0.5395492708793637,0.5277005989604684,1.806976530287001,0.5049995415740542,3.105464564429389,nan,nan
twenty_news,topk_softmax_05,9,12,0.5169457197189331,0.5413168360583297,0.5310369762494168,1.8451542854309082,0.5049971010949876,3.0882877641254,nan,nan
twenty_news,topk_softmax_05,9,13,0.43866798281669617,0.5457357490057446,0.5349841786084741,1.9077127642101712,0.50499603483412,3.0692738559510975,nan,nan
twenty_news,topk_softmax_05,9,14,0.3669356107711792,0.552364118426867,0.5405255786685784,1.9304703738954332,0.5049871272510953,3.0516547626919217,nan,nan
twenty_news,topk_softmax_05,9,15,0.300293505191803,0.5519222271321255,0.540287695401442,2.011325889163547,0.504984951681561,3.048364188936022,nan,nan
twenty_news,topk_softmax_05,9,16,0.24738873541355133,0.5466195315952276,0.5357054698733633,2.096622453795539,0.5049837794568803,3.040111223856608,nan,nan
twenty_news,topk_softmax_05,9,17,0.20960289239883423,0.5457357490057446,0.5394189328337541,2.1577297846476235,0.5049816999170516,3.024544702635871,nan,nan
twenty_news,topk_softmax_05,9,18,0.1713857352733612,0.5448519664162615,0.5381470169778185,2.211506724357605,0.5049792561266158,3.010972672038608,nan,nan
twenty_news,topk_softmax_05,9,19,0.14694076776504517,0.5461776403004861,0.5353548377747972,2.26877138349745,0.5049768255816566,3.0074900256262884,nan,nan
twenty_news,sparsemax,1,0,2.9226725101470947,0.1528943879805568,0.12420843680658392,2.7493718465169272,0.1295220773253176,1.8025612036387126,nan,nan
twenty_news,sparsemax,1,1,2.509868621826172,0.2624834290764472,0.23800706458013948,2.430510256025526,0.12258795979950163,1.7369644575648837,nan,nan
twenty_news,sparsemax,1,2,2.122457504272461,0.347326557666814,0.319333495270595,2.196724149915907,0.11843590852287081,1.6959003607432048,nan,nan
twenty_news,sparsemax,1,3,1.8070684671401978,0.3937251436146708,0.3727890267919691,2.0345519516203137,0.11522053306301434,1.6684025592274137,nan,nan
twenty_news,sparsemax,1,4,1.5400322675704956,0.4189129474149359,0.4015322022006303,1.9850819243325128,0.11363616378770934,1.654992851946089,nan,nan
twenty_news,sparsemax,1,5,1.3335630893707275,0.4370304904993372,0.41846601315265525,1.9364352623621623,0.11135408737593228,1.6339116030269198,nan,nan
twenty_news,sparsemax,1,6,1.1398214101791382,0.4520547945205479,0.43815963146449455,1.9355805317560832,0.11018396748436822,1.625809133052826,nan,nan
twenty_news,sparsemax,1,7,0.970122754573822,0.4507291206363235,0.43683566607994423,1.9760625627305772,0.10878234480818112,1.6138542228274875,nan,nan
twenty_news,sparsemax,1,8,0.8344143033027649,0.4547061422889969,0.4418715103966321,2.016755713356866,0.10712367254826757,1.5976184871461656,nan,nan
twenty_news,sparsemax,1,9,0.7094982862472534,0.4613345117101193,0.4501815879145803,2.081676642100016,0.10540588282876545,1.5829579499032762,nan,nan
twenty_news,sparsemax,1,10,0.6020029187202454,0.4617764030048608,0.45160722096252065,2.124584515889486,0.10537138001786338,1.5857628252771165,nan,nan
twenty_news,sparsemax,1,11,0.5093287229537964,0.4538223596995139,0.44282645946743465,2.2330207294887967,0.10335374747713406,1.5615134636561077,nan,nan
twenty_news,sparsemax,1,12,0.4304218590259552,0.47370746796288116,0.46400838507206654,2.2676075299580893,0.10274498992496067,1.5568674670325384,nan,nan
twenty_news,sparsemax,1,13,0.35078755021095276,0.46619531595227576,0.4578119205450717,2.3635190063052707,0.10166148965557416,1.5455013182428148,nan,nan
twenty_news,sparsemax,1,14,0.2943839132785797,0.4684047724259832,0.4605855478465273,2.405423879623413,0.1016240165465408,1.5474452045228746,nan,nan
twenty_news,sparsemax,1,15,0.2586369216442108,0.4670790985417587,0.4614747652161638,2.540478070576986,0.10013931120435397,1.5319055782424078,nan,nan
twenty_news,sparsemax,1,16,0.22122310101985931,0.4732655766681396,0.46753007984789086,2.5948676268259683,0.09939412068989542,1.5242345929145813,nan,nan
twenty_news,sparsemax,1,17,0.17639054358005524,0.46663720724701724,0.4604842415042696,2.681203259362115,0.09896148492892583,1.517773151397705,nan,nan
twenty_news,sparsemax,2,0,2.9438364505767822,0.1643835616438356,0.1308917586963716,2.7562006844414606,0.13194658607244492,1.8028247223960028,nan,nan
twenty_news,sparsemax,2,1,2.5604488849639893,0.27883340698188247,0.23860336494663495,2.3936085965898304,0.12755350437429216,1.7776051097446017,nan,nan
twenty_news,sparsemax,2,2,2.187058687210083,0.35704816615112683,0.32638527408559376,2.165006743537055,0.12333781893054645,1.7440822190708585,nan,nan
twenty_news,sparsemax,2,3,1.8689844608306885,0.40388864339372516,0.3730124759247292,2.0029013421800403,0.11876635584566328,1.7021864652633667,nan,nan
twenty_news,sparsemax,2,4,1.601190447807312,0.4410075121520106,0.42117766790082706,1.890516784456041,0.11703534879618221,1.6860860188802083,nan,nan
twenty_news,sparsemax,2,5,1.3642512559890747,0.45868316394167036,0.44459183937641333,1.850125339296129,0.11487192081080543,1.6717103521029155,nan,nan
twenty_news,sparsemax,2,6,1.1973222494125366,0.47414935925762264,0.45322234286882085,1.825009822845459,0.11301182293229634,1.6547719637552898,nan,nan
twenty_news,sparsemax,2,7,1.0191837549209595,0.4838709677419355,0.46890547043374714,1.8359144926071167,0.1107721407380369,1.6316087643305461,nan,nan
twenty_news,sparsemax,2,8,0.8771296143531799,0.4913831197525409,0.4772662865624621,1.8658876419067383,0.10905704812871085,1.6180274155404832,nan,nan
twenty_news,sparsemax,2,9,0.7454527020454407,0.4975695978789218,0.47972159193351926,1.9061691893471613,0.10762216564681795,1.601943724685245,nan,nan
twenty_news,sparsemax,2,10,0.6335087418556213,0.5139195757843571,0.5029408153070862,1.9420053561528523,0.10644944591654672,1.5925569732983906,nan,nan
twenty_news,sparsemax,2,11,0.5337767601013184,0.5095006628369421,0.5050151115900537,2.0193566746181912,0.10550402063462469,1.585835059483846,nan,nan
twenty_news,sparsemax,2,12,0.4391266703605652,0.5108263367211666,0.501279068051877,2.062343226538764,0.10439392468995518,1.574788749217987,nan,nan
twenty_news,sparsemax,2,13,0.3707387447357178,0.5050817498895271,0.49377044909094375,2.190161201688978,0.10320081106490558,1.5648109515508015,nan,nan
twenty_news,sparsemax,2,14,0.3111221194267273,0.5002209456473707,0.4883833889865762,2.2583879629770913,0.10210995044973162,1.5529020892249212,nan,nan
twenty_news,sparsemax,2,15,0.2746052145957947,0.5068493150684932,0.4966032342863203,2.2968247731526694,0.1014300146036678,1.5450370974010892,nan,nan
twenty_news,sparsemax,3,0,2.927405595779419,0.17675651789659744,0.14194636650628295,2.7202973100874157,0.13164072525170115,1.8215405411190457,nan,nan
twenty_news,sparsemax,3,1,2.5163540840148926,0.27485638532920903,0.24299822505100868,2.377956019507514,0.12657505232426855,1.788081990347968,nan,nan
twenty_news,sparsemax,3,2,2.1636886596679688,0.37384003535130356,0.3471059161880779,2.1309271123674183,0.12091289005345768,1.738776233461168,nan,nan
twenty_news,sparsemax,3,3,1.8617098331451416,0.41714538223597,0.39107896307743206,1.9735562536451552,0.11676191579964426,1.701874355475108,nan,nan
twenty_news,sparsemax,3,4,1.5993857383728027,0.44498453380468406,0.42357550624095036,1.8987762530644734,0.11411471706297663,1.680611577298906,nan,nan
twenty_news,sparsemax,3,5,1.4000532627105713,0.4706142288996907,0.44982240363149817,1.8336655961142645,0.11138280563884312,1.6582461595535278,nan,nan
twenty_news,sparsemax,3,6,1.2050926685333252,0.4763588157313301,0.4645841985336022,1.8534505897098117,0.11010570368833011,1.647413432598114,nan,nan
twenty_news,sparsemax,3,7,1.0364762544631958,0.4944763588157313,0.4834765386438097,1.8511714670393202,0.10841688017050426,1.6336334943771362,nan,nan
twenty_news,sparsemax,3,8,0.9049782156944275,0.4900574458683164,0.47853052505876176,1.8853125042385526,0.10614004151688682,1.610769722196791,nan,nan
twenty_news,sparsemax,3,9,0.7752669453620911,0.49889527176314624,0.4865354906551528,1.9549032184812758,0.10474281302756733,1.59864921702279,nan,nan
twenty_news,sparsemax,3,10,0.6687064170837402,0.5068493150684932,0.49488084411583994,2.001173350546095,0.10372835728857252,1.5879135330518086,nan,nan
twenty_news,sparsemax,3,11,0.5641562938690186,0.5037560760053027,0.4851772881668886,2.107365197605557,0.10247924675544103,1.5740175512101915,nan,nan
twenty_news,sparsemax,3,12,0.496340274810791,0.5059655324790102,0.49538167305361397,2.1585221555497913,0.1012300555076864,1.5606679717699687,nan,nan
twenty_news,sparsemax,3,13,0.4109565317630768,0.5037560760053027,0.49701877756198537,2.2304393450419107,0.10051985333363216,1.556430869632297,nan,nan
twenty_news,sparsemax,3,14,0.34129348397254944,0.4980114891736633,0.48863915196805224,2.3223884370591907,0.10000047170453602,1.5529552830590143,nan,nan
twenty_news,sparsemax,3,15,0.2931068241596222,0.5011047282368537,0.4933423124174464,2.4069428178999157,0.09935629947317971,1.5461442006958857,nan,nan
twenty_news,sparsemax,4,0,2.9021027088165283,0.17145382235969953,0.12354337631042281,2.69460490014818,0.13296458704604042,1.8226790097024705,nan,nan
twenty_news,sparsemax,4,1,2.509777307510376,0.28236853733981443,0.24683785183284512,2.3796323670281305,0.12707437947392464,1.7674747109413147,nan,nan
twenty_news,sparsemax,4,2,2.187542676925659,0.3384887317719841,0.30683182073649545,2.1872016853756375,0.12241503886050648,1.7285210092862446,nan,nan
twenty_news,sparsemax,4,3,1.8829309940338135,0.4003535130357932,0.368588292279066,2.020936065249973,0.11970740887853834,1.7100524571206834,nan,nan
twenty_news,sparsemax,4,4,1.6259807348251343,0.43747238179407866,0.41677208781800645,1.9312786526150174,0.1167195522122913,1.6857278479470148,nan,nan
twenty_news,sparsemax,4,5,1.4161258935928345,0.45603181617322136,0.4355676839590818,1.884290920363532,0.1137707316213184,1.660539084010654,nan,nan
twenty_news,sparsemax,4,6,1.2211053371429443,0.46531153336279274,0.45158129789487694,1.9020561244752672,0.11236803813113107,1.6500773562325373,nan,nan
twenty_news,sparsemax,4,7,1.0627193450927734,0.48033583738400354,0.46914590991670424,1.9023691415786743,0.11021877287162675,1.6301043695873685,nan,nan
twenty_news,sparsemax,4,8,0.9088156819343567,0.4856385329209015,0.4768780354226205,1.9132306708229914,0.10922874137759209,1.6247024933497112,nan,nan
twenty_news,sparsemax,4,9,0.7702049612998962,0.4993371630578878,0.4892848527396277,1.9624505970213149,0.1073350931207339,1.604876352681054,nan,nan
twenty_news,sparsemax,4,10,0.6612645387649536,0.4962439239946973,0.4864533363813776,2.0158094035254583,0.10641097360187107,1.59464211596383,nan,nan
twenty_news,sparsemax,4,11,0.5630078911781311,0.5002209456473707,0.49030280274808363,2.070592906739977,0.10554167048798667,1.5920294788148668,nan,nan
twenty_news,sparsemax,4,12,0.4799000024795532,0.4993371630578878,0.4917031320167647,2.137155373891195,0.10427639881769817,1.579230739010705,nan,nan
twenty_news,sparsemax,4,13,0.40349912643432617,0.5037560760053027,0.49370992997455476,2.214361230532328,0.10269765555858612,1.5607797172334459,nan,nan
twenty_news,sparsemax,4,14,0.33706703782081604,0.5041979673000442,0.49369684552140736,2.3067254755232067,0.10242707530657451,1.5626666280958388,nan,nan
twenty_news,sparsemax,4,15,0.2850803732872009,0.5086168802474591,0.502665604122159,2.350058423148261,0.1020688335928652,1.5593653917312622,nan,nan
twenty_news,sparsemax,4,16,0.24138906598091125,0.5046398585947857,0.4948424767755415,2.4361389213138156,0.10166511312127113,1.5565291576915317,nan,nan
twenty_news,sparsemax,4,17,0.20038847625255585,0.5055236411842686,0.49589609829338654,2.5152118470933704,0.10125839710235596,1.5524000260565016,nan,nan
twenty_news,sparsemax,4,18,0.17004621028900146,0.5117101193106496,0.5039605640065284,2.5919804308149548,0.10041757548848788,1.543572637769911,nan,nan
twenty_news,sparsemax,4,19,0.15352864563465118,0.5187803800265135,0.5058225244563549,2.630480474895901,0.10019017962945832,1.5424271557066176,nan,nan
twenty_news,sparsemax,4,20,0.13673031330108643,0.5041979673000442,0.4946654965696907,2.7325582769181995,0.09958027179042499,1.536696904235416,nan,nan
twenty_news,sparsemax,4,21,0.11640799045562744,0.5139195757843571,0.50461643882072,2.7890514267815485,0.09919336686531703,1.53374355369144,nan,nan
twenty_news,sparsemax,4,22,0.10699170082807541,0.5086168802474591,0.5021675601412479,2.8614422745174832,0.09926741528842184,1.5326394902335272,nan,nan
twenty_news,sparsemax,4,23,0.1017739474773407,0.5095006628369421,0.4981911911701437,2.911035802629259,0.09875188064244059,1.528743478986952,nan,nan
twenty_news,sparsemax,4,24,0.0871649757027626,0.5125939019001325,0.5042954812553495,2.939935498767429,0.09813662452830209,1.5223358339733548,nan,nan
twenty_news,sparsemax,5,0,2.925502300262451,0.17675651789659744,0.1285055632035961,2.692807250552707,0.12946550672252974,1.807815068297916,nan,nan
twenty_news,sparsemax,5,1,2.5208215713500977,0.2646928855501547,0.23822961747582352,2.411691109339396,0.12511566571063465,1.7774909602271185,nan,nan
twenty_news,sparsemax,5,2,2.178218126296997,0.3517454706142289,0.3184402339360069,2.159086545308431,0.12036641562978427,1.7375940018230014,nan,nan
twenty_news,sparsemax,5,3,1.8745713233947754,0.4052143172779496,0.3779520132362243,2.008289416631063,0.11750636539525455,1.714942541387346,nan,nan
twenty_news,sparsemax,5,4,1.6386098861694336,0.43614670790985416,0.4092358466681952,1.9238837030198839,0.11475244619780117,1.693489756849077,nan,nan
twenty_news,sparsemax,5,5,1.4137730598449707,0.46619531595227576,0.4472536765242056,1.8814947605133057,0.1120489239692688,1.6680950456195407,nan,nan
twenty_news,sparsemax,5,6,1.2499247789382935,0.47724259832081306,0.4541381058637416,1.8372714519500732,0.11037260542313258,1.6548014614317152,nan,nan
twenty_news,sparsemax,5,7,1.0652365684509277,0.4900574458683164,0.4759628489868505,1.8610990312364366,0.10912495851516724,1.6423997349209256,nan,nan
twenty_news,sparsemax,5,8,0.9246348142623901,0.49359257622624836,0.4816858246252046,1.8763051562839084,0.10736426752474573,1.6274088356229994,nan,nan
twenty_news,sparsemax,5,9,0.7840772867202759,0.5064074237737517,0.4903477366055801,1.906467702653673,0.10585925396945742,1.6113545033666823,nan,nan
twenty_news,sparsemax,5,10,0.6674730181694031,0.4918250110472824,0.47763175681855063,2.011444409688314,0.10462704549233119,1.598249614238739,nan,nan
twenty_news,sparsemax,5,11,0.5717852711677551,0.5024304021210783,0.4923039925504737,2.0346125099394055,0.10328153769175212,1.588205913702647,nan,nan
twenty_news,sparsemax,5,12,0.4696022570133209,0.5095006628369421,0.4970910589311822,2.1042376359303794,0.10266892860333125,1.583134949207306,nan,nan
twenty_news,sparsemax,5,13,0.41194412112236023,0.5068493150684932,0.49763308982437815,2.187904477119446,0.10207670802871387,1.5764985084533691,nan,nan
twenty_news,sparsemax,5,14,0.3576253354549408,0.5015466195315952,0.4901188330247194,2.2697589927249484,0.10120112035009596,1.5684894389576383,nan,nan
twenty_news,sparsemax,5,15,0.2900109589099884,0.513035793194874,0.5050259101976194,2.3187298244900174,0.10088388456238641,1.5656220184432135,nan,nan
twenty_news,sparsemax,5,16,0.2500932514667511,0.5117101193106496,0.5028785066074613,2.378602080874973,0.1002405294113689,1.5595486296547785,nan,nan
twenty_news,sparsemax,5,17,0.20364175736904144,0.513035793194874,0.5035080064228831,2.4231220881144204,0.09974101434151332,1.5524444182713826,nan,nan
twenty_news,sparsemax,5,18,0.17850525677204132,0.5201060539107379,0.511922678088566,2.503065162234836,0.09900785071982278,1.544197095765008,nan,nan
twenty_news,sparsemax,5,19,0.1627582460641861,0.5121520106053911,0.5059966193223561,2.6122626993391247,0.09850796146525277,1.5389083822568257,nan,nan
twenty_news,sparsemax,5,20,0.14080148935317993,0.5187803800265135,0.5109796888130906,2.6391106711493597,0.09830337390303612,1.5386233263545566,nan,nan
twenty_news,sparsemax,5,21,0.11893835663795471,0.5152452496685815,0.5061286832068322,2.7302107281155057,0.09792601731088427,1.535931838883294,nan,nan
twenty_news,sparsemax,5,22,0.10339365899562836,0.5086168802474591,0.5001422828249804,2.7886123922136097,0.0975537465678321,1.5304098460409377,nan,nan
twenty_news,sparsemax,5,23,0.09287264198064804,0.521873619089704,0.5117664204880785,2.820347679985894,0.09743567970063952,1.5296755101945665,nan,nan
twenty_news,sparsemax,5,24,0.08458690345287323,0.5099425541316837,0.49657098701284486,2.895908302730984,0.09715109691023827,1.5265396899647183,nan,nan
twenty_news,sparsemax,5,25,0.08609581738710403,0.5201060539107379,0.5115071096532848,2.9079689979553223,0.09669964967502488,1.5201275414890714,nan,nan
twenty_news,sparsemax,5,26,0.08261553198099136,0.5214317277949624,0.5142345590273235,2.958735466003418,0.09660517010423872,1.5203507675064936,nan,nan
twenty_news,sparsemax,5,27,0.0768359825015068,0.518338488731772,0.5126937977806801,2.971906476550632,0.09626888525154856,1.5178563727272882,nan,nan
twenty_news,sparsemax,5,28,0.0710701122879982,0.5134776844896155,0.5059607651001514,2.9719051784939237,0.09561215258306927,1.5105946328904893,nan,nan
twenty_news,sparsemax,6,0,2.9193501472473145,0.16129032258064516,0.13040872929567743,2.738994148042467,0.12929968784252802,1.8084569109810724,nan,nan
twenty_news,sparsemax,6,1,2.515794277191162,0.28678745028722935,0.2516697512425598,2.403037283155653,0.12357790933714972,1.7592110368940566,nan,nan
twenty_news,sparsemax,6,2,2.15343976020813,0.35704816615112683,0.33418063021293304,2.1748061180114746,0.11958125399218665,1.7236254943741693,nan,nan
twenty_news,sparsemax,6,3,1.8443063497543335,0.3928413610251878,0.3703829576206469,2.020020683606466,0.11697215586900711,1.6993668013148837,nan,nan
twenty_news,sparsemax,6,4,1.596572756767273,0.4189129474149359,0.39807515254830883,1.9373340209325154,0.11423516852988137,1.6774007346895006,nan,nan
twenty_news,sparsemax,6,5,1.3819327354431152,0.43040212107821474,0.40662586208964874,1.9242902729246352,0.11231196920077006,1.6603974501291912,nan,nan
twenty_news,sparsemax,6,6,1.194120168685913,0.445868316394167,0.4272004667497445,1.8996724287668865,0.11031131943066914,1.6439536015192668,nan,nan
twenty_news,sparsemax,6,7,1.009351372718811,0.4684047724259832,0.4506931431054772,1.927290227678087,0.1091056755847401,1.634431991312239,nan,nan
twenty_news,sparsemax,6,8,0.8774253129959106,0.47414935925762264,0.4653785272203067,1.9522893693712022,0.1077584649125735,1.6235255466567144,nan,nan
twenty_news,sparsemax,6,9,0.7501041293144226,0.4794520547945205,0.4656708798134196,1.9960333771175809,0.10602498716778225,1.6040494640668232,nan,nan
twenty_news,sparsemax,6,10,0.6370089650154114,0.4821034025629695,0.465335368955615,2.048113809691535,0.1051273023088773,1.5971550941467285,nan,nan
twenty_news,sparsemax,6,11,0.5495513081550598,0.48740609809986746,0.4751980168821458,2.1217659182018704,0.1035971629122893,1.58108471499549,nan,nan
twenty_news,sparsemax,6,12,0.45033755898475647,0.5024304021210783,0.4882848567178244,2.160539150238037,0.10321774292323324,1.5768456591500177,nan,nan
twenty_news,sparsemax,6,13,0.3846047818660736,0.4887317719840919,0.4787375191266163,2.2484138276841907,0.1028989776968956,1.5752823087904189,nan,nan
twenty_news,sparsemax,6,14,0.3236246109008789,0.4887317719840919,0.4802581773795732,2.344474924935235,0.10157033221589194,1.5584603945414226,nan,nan
twenty_news,sparsemax,6,15,0.28532376885414124,0.49226690234202386,0.4809603637690077,2.418906503253513,0.10100093608101209,1.5553799867630005,nan,nan
twenty_news,sparsemax,6,16,0.23255208134651184,0.4949182501104728,0.4884427773802947,2.4919130537245007,0.10079161740011638,1.552948256333669,nan,nan
twenty_news,sparsemax,6,17,0.19460007548332214,0.4931506849315068,0.48169588617380843,2.570981846915351,0.09983788803219795,1.5451661282115512,nan,nan
twenty_news,sparsemax,7,0,2.9053423404693604,0.18824569155987628,0.15133425520656296,2.6688399049970837,0.1334165305727058,1.8346211380428739,nan,nan
twenty_news,sparsemax,7,1,2.478264093399048,0.26999558108705257,0.24294375875357171,2.4009582466549344,0.12870648420519298,1.7990190254317389,nan,nan
twenty_news,sparsemax,7,2,2.1276042461395264,0.3521873619089704,0.32641963074475216,2.1580285496181912,0.12473503541615275,1.7620285550753276,nan,nan
twenty_news,sparsemax,7,3,1.8200384378433228,0.3928413610251878,0.37441450051210884,2.0219241513146295,0.12134010137783156,1.7313087979952495,nan,nan
twenty_news,sparsemax,7,4,1.556217074394226,0.42377375165709236,0.40334896045347735,1.9303190443250868,0.11875709063476986,1.712658206621806,nan,nan
twenty_news,sparsemax,7,5,1.3399364948272705,0.45779938135218734,0.43726692350716795,1.8753276268641155,0.11601065471768379,1.686298476325141,nan,nan
twenty_news,sparsemax,7,6,1.154544472694397,0.46354396818382676,0.45137156197833617,1.8900377220577664,0.11425175393621127,1.6716378861003451,nan,nan
twenty_news,sparsemax,7,7,1.0051549673080444,0.4688466637207247,0.45755271915934725,1.886723346180386,0.11217313011487325,1.6534526149431865,nan,nan
twenty_news,sparsemax,7,8,0.8432124257087708,0.48784798939460894,0.4681508844954019,1.9286845260196261,0.11019458621740341,1.6357181668281555,nan,nan
twenty_news,sparsemax,7,9,0.7090205550193787,0.4913831197525409,0.47506066673076974,1.9704389174779255,0.10904650348756048,1.6272887521319919,nan,nan
twenty_news,sparsemax,7,10,0.6042911410331726,0.4904993371630579,0.47613528039788616,2.0368738969167075,0.10722404511438476,1.6070357031292386,nan,nan
twenty_news,sparsemax,7,11,0.4951339364051819,0.49359257622624836,0.47710070406276384,2.1058102448781333,0.10626550349924299,1.6008756823009915,nan,nan
twenty_news,sparsemax,7,12,0.4283152222633362,0.49270879363676534,0.4771369400952783,2.1759480900234647,0.10529888172944386,1.590061068534851,nan,nan
twenty_news,sparsemax,7,13,0.3535453677177429,0.4975695978789218,0.4836215894112882,2.2594189643859863,0.10441731454597579,1.582618898815579,nan,nan
twenty_news,sparsemax,7,14,0.2987920343875885,0.48608042421564296,0.4728133058156477,2.3546903928120932,0.10373825579881668,1.5760692689153883,nan,nan
twenty_news,sparsemax,7,15,0.26312705874443054,0.4949182501104728,0.48240294148498186,2.4263433615366616,0.10283973606096374,1.5678806768523321,nan,nan
twenty_news,sparsemax,7,16,0.21656280755996704,0.5002209456473707,0.4899934535099564,2.4802125295003257,0.10225189187460476,1.5609248876571655,nan,nan
twenty_news,sparsemax,7,17,0.18405961990356445,0.4993371630578878,0.4932703492094898,2.5570965343051486,0.1014780348373784,1.5522342920303345,nan,nan
twenty_news,sparsemax,7,18,0.16131947934627533,0.4993371630578878,0.48849032601558645,2.617915259467231,0.10090817511081696,1.5458835429615445,nan,nan
twenty_news,sparsemax,7,19,0.14380675554275513,0.5059655324790102,0.4937777265975919,2.6655266020033093,0.10049721226096153,1.54272813267178,nan,nan
twenty_news,sparsemax,7,20,0.12280828505754471,0.4962439239946973,0.4849379018654352,2.737398386001587,0.10012874007225037,1.5397960940996807,nan,nan
twenty_news,sparsemax,7,21,0.10265699774026871,0.5081749889527176,0.4946369544059966,2.765025430255466,0.09987731195158428,1.5364962816238403,nan,nan
twenty_news,sparsemax,7,22,0.09108562022447586,0.5024304021210783,0.49340272936372953,2.8375392225053577,0.09931597444746229,1.5308527615335252,nan,nan
twenty_news,sparsemax,7,23,0.08867456763982773,0.5055236411842686,0.493565215744069,2.8853753672705755,0.0992343235347006,1.5302592052353754,nan,nan
twenty_news,sparsemax,7,24,0.0750308409333229,0.5068493150684932,0.49273011154831686,2.956732564502292,0.09869322056571643,1.5235409670405917,nan,nan
twenty_news,sparsemax,7,25,0.06776980310678482,0.5046398585947857,0.4971772358584136,2.9909064769744873,0.09864488823546304,1.5249292055765789,nan,nan
twenty_news,sparsemax,7,26,0.06045664846897125,0.5108263367211666,0.5014490466067145,3.0065852801005044,0.09844142695267995,1.5215425954924688,nan,nan
twenty_news,sparsemax,7,27,0.06314665824174881,0.5041979673000442,0.49323562146854105,3.0950161616007485,0.0981266117758221,1.5195652047793071,nan,nan
twenty_news,sparsemax,7,28,0.06572151929140091,0.49977905435262926,0.488254615669962,3.116473224427965,0.0978050906625059,1.5169156458642747,nan,nan
twenty_news,sparsemax,7,29,0.0629027858376503,0.5068493150684932,0.4952591322697284,3.095924139022827,0.09766564559605387,1.5145988861719768,nan,nan
twenty_news,sparsemax,8,0,2.923858165740967,0.17675651789659744,0.12247615153997733,2.7212452358669705,0.12762080960803562,1.8053603967030842,nan,nan
twenty_news,sparsemax,8,1,2.554594039916992,0.27308882015024305,0.23600846265451164,2.37212692366706,0.12311761826276779,1.7712550560633342,nan,nan
twenty_news,sparsemax,8,2,2.1784965991973877,0.3504197967300044,0.3146307393787925,2.139516009224786,0.1192093330125014,1.7346214652061462,nan,nan
twenty_news,sparsemax,8,3,1.8924429416656494,0.40123729562527616,0.3750628196115532,1.9906315406163533,0.11603768294056256,1.7115304933653936,nan,nan
twenty_news,sparsemax,8,4,1.6564462184906006,0.4233318603623509,0.405721564558863,1.9216283162434895,0.11461284384131432,1.6973241104020014,nan,nan
twenty_news,sparsemax,8,5,1.4480148553848267,0.43614670790985416,0.4149830671410335,1.9042970736821492,0.1124082352552149,1.6837245689498053,nan,nan
twenty_news,sparsemax,8,6,1.2711749076843262,0.4613345117101193,0.44131263489820133,1.8756993611653645,0.11119752873977025,1.672014594078064,nan,nan
twenty_news,sparsemax,8,7,1.0989658832550049,0.4692885550154662,0.4522238832964477,1.8881426652272542,0.10932016745209694,1.6548427873187594,nan,nan
twenty_news,sparsemax,8,8,0.9471695423126221,0.4887317719840919,0.4687609795041725,1.8767786158455744,0.10814824576179187,1.648189319504632,nan,nan
twenty_news,sparsemax,8,9,0.8106828927993774,0.4896155545735749,0.4750835386081406,1.9408822192086115,0.10613178627358542,1.6276046766175165,nan,nan
twenty_news,sparsemax,8,10,0.6934155821800232,0.49403446752098984,0.4787362890892458,2.011602441469828,0.10506282622615497,1.6179576251241896,nan,nan
twenty_news,sparsemax,8,11,0.5820722579956055,0.4975695978789218,0.48610494600952503,2.045176943143209,0.1037012818786833,1.6035774879985385,nan,nan
twenty_news,sparsemax,8,12,0.48925188183784485,0.5037560760053027,0.49649511226424875,2.1178743044535318,0.10282710608508852,1.5956047375996907,nan,nan
twenty_news,sparsemax,8,13,0.412712961435318,0.5103844454264251,0.49944949179693604,2.1776529947916665,0.10196074719230334,1.5860052108764648,nan,nan
twenty_news,sparsemax,8,14,0.3489012122154236,0.5108263367211666,0.50058038230595,2.264683246612549,0.10100801703002718,1.5787843863169353,nan,nan
twenty_news,sparsemax,8,15,0.29289552569389343,0.5152452496685815,0.5017428353119149,2.3239985042148166,0.10044913159476386,1.5740696920288935,nan,nan
twenty_news,sparsemax,8,16,0.25388526916503906,0.5223155103844455,0.5129613733535778,2.381459871927897,0.09963445572389497,1.5661196112632751,nan,nan
twenty_news,sparsemax,8,17,0.19990763068199158,0.5152452496685815,0.5079810035067337,2.4668942557440863,0.09941503571139441,1.563678503036499,nan,nan
twenty_news,sparsemax,8,18,0.17655231058597565,0.5262925320371189,0.5145960344433218,2.5206538571251764,0.09951192720068826,1.5655351082483928,nan,nan
twenty_news,sparsemax,8,19,0.15787117183208466,0.517454706142289,0.5050272216020055,2.620045132107205,0.0987671125266287,1.55725316868888,nan,nan
twenty_news,sparsemax,8,20,0.13950811326503754,0.5231992929739284,0.514491538866453,2.6286350356207953,0.09840533923771647,1.5524966716766357,nan,nan
twenty_news,sparsemax,8,21,0.12689152359962463,0.5214317277949624,0.5149278029052498,2.7060895495944552,0.09820292972856098,1.5518699023458693,nan,nan
twenty_news,sparsemax,8,22,0.11292648315429688,0.5139195757843571,0.50606507694969,2.770074446996053,0.09769433654016918,1.547733532057868,nan,nan
twenty_news,sparsemax,8,23,0.09791362285614014,0.5254087494476359,0.5165767619598569,2.789269871181912,0.0966748595237732,1.5372266703181796,nan,nan
twenty_news,sparsemax,9,0,2.929434061050415,0.15466195315952275,0.11847143451375719,2.7542498641543918,0.13181533705857065,1.822451929251353,nan,nan
twenty_news,sparsemax,9,1,2.5462048053741455,0.24922669023420238,0.20789604456695382,2.4418892595503063,0.12556982495718533,1.7780378460884094,nan,nan
twenty_news,sparsemax,9,2,2.1649467945098877,0.3504197967300044,0.3238307893828571,2.1718941264682345,0.12151707377698687,1.7431718905766804,nan,nan
twenty_news,sparsemax,9,3,1.8643289804458618,0.3897481219619974,0.36130086930141225,2.0602423747380576,0.11878812023335034,1.7231536242696974,nan,nan
twenty_news,sparsemax,9,4,1.6030550003051758,0.4308440123729563,0.41422087898959986,1.9175007740656536,0.11540478136804369,1.6916064355108473,nan,nan
twenty_news,sparsemax,9,5,1.361676573753357,0.4613345117101193,0.43885995286942625,1.856300049357944,0.11379645806219843,1.6787500116560194,nan,nan
twenty_news,sparsemax,9,6,1.1697347164154053,0.484312859036677,0.46612286689720095,1.8650459580951266,0.11168422136041853,1.6605643961164687,nan,nan
twenty_news,sparsemax,9,7,0.9910193681716919,0.4900574458683164,0.4739274460471445,1.8572231928507488,0.10924744647410181,1.6346767942110698,nan,nan
twenty_news,sparsemax,9,8,0.8502159714698792,0.5011047282368537,0.4877339029781159,1.88849675655365,0.1079247502817048,1.6244839429855347,nan,nan
twenty_news,sparsemax,9,9,0.7115005254745483,0.5015466195315952,0.48744141712932915,1.9361519813537598,0.10608907126718098,1.6068782475259569,nan,nan
twenty_news,sparsemax,9,10,0.60047447681427,0.5108263367211666,0.5019321336806021,2.00241302119361,0.10486575671368176,1.597227116425832,nan,nan
twenty_news,sparsemax,9,11,0.49705755710601807,0.5059655324790102,0.4944217599219721,2.111738986439175,0.10346784525447422,1.5841483275095622,nan,nan
twenty_news,sparsemax,9,12,0.4109279215335846,0.4975695978789218,0.48544740996644,2.1914949549569025,0.10220041746894519,1.5687810315026178,nan,nan
twenty_news,sparsemax,9,13,0.3414596915245056,0.519222271321255,0.5062919142806396,2.2571473121643066,0.10191410448816088,1.5684506760703192,nan,nan
twenty_news,sparsemax,9,14,0.3000938892364502,0.5077330976579761,0.4980142865487426,2.3144496811760797,0.10075645728243722,1.5530317425727844,nan,nan
twenty_news,sparsemax,9,15,0.2560734152793884,0.5121520106053911,0.5029484681445772,2.362550391091241,0.09972744724816746,1.541791194015079,nan,nan
twenty_news,sparsemax,9,16,0.20996259152889252,0.5214317277949624,0.5092817291152414,2.44547258483039,0.09891036732329263,1.5357540845870972,nan,nan
twenty_news,sparsemax,9,17,0.1746278554201126,0.5050817498895271,0.5004974641889057,2.5560978253682456,0.09843858372833994,1.5306856897142198,nan,nan
twenty_news,sparsemax,9,18,0.15233498811721802,0.5050817498895271,0.49863512169057034,2.6041118568844266,0.09790931352310711,1.5256025062666998,nan,nan
twenty_news,sparsemax,9,19,0.13097499310970306,0.5161290322580645,0.5088556584395428,2.6096474594540067,0.09783749489320649,1.5262982183032565,nan,nan
twenty_news,sparsemax,9,20,0.1212659552693367,0.5209898365002209,0.510251493807826,2.6517798635694714,0.09733126312494278,1.5214051206906636,nan,nan
twenty_news,sparsemax,9,21,0.09798155725002289,0.5249668581528943,0.5156206718796764,2.7164511150783963,0.0971925627026293,1.5199284023708768,nan,nan
twenty_news,sparsemax,9,22,0.08521722257137299,0.5209898365002209,0.5108925845890601,2.7635472085740833,0.09661064421137174,1.5134383771154616,nan,nan
twenty_news,sparsemax,9,23,0.0837845727801323,0.5170128148475475,0.5055154856267914,2.8462724685668945,0.09638379307256804,1.5111718045340643,nan,nan
twenty_news,sparsemax,9,24,0.08081504702568054,0.5240830755634114,0.5143653877325894,2.8718188603719077,0.09573189458913273,1.5029948751131694,nan,nan
twenty_news,sparsemax,9,25,0.06724010407924652,0.518338488731772,0.5066081128655318,2.8843826982710095,0.09589509583181804,1.5085816582043965,nan,nan
twenty_news,sparsemax,9,26,0.05982493609189987,0.5139195757843571,0.5032806042945748,2.926702234480116,0.09551616220010652,1.5026052395502727,nan,nan
twenty_news,entmax15,1,0,2.944718599319458,0.15112682280159082,0.10793912588708188,2.78291482395596,0.5086009618308809,2.890855458047655,nan,nan
twenty_news,entmax15,1,1,2.5738422870635986,0.22801590808661068,0.206694813815743,2.509440395567152,0.4666869557566113,2.7578393750720553,nan,nan
twenty_news,entmax15,1,2,2.17608642578125,0.33406981882456915,0.3031367435161187,2.1827882395850287,0.43376685347821975,2.6485660870869956,nan,nan
twenty_news,entmax15,1,3,1.8398946523666382,0.412726469288555,0.3945790832268466,1.9793776273727417,0.41461289756827885,2.589579357041253,nan,nan
twenty_news,entmax15,1,4,1.5739954710006714,0.44498453380468406,0.4260056954401478,1.8835941685570612,0.4010940161016252,2.5502427286571927,nan,nan
twenty_news,entmax15,1,5,1.3547924757003784,0.4622182942996023,0.4428769756581775,1.837813629044427,0.3862065457635456,2.506963358985053,nan,nan
twenty_news,entmax15,1,6,1.1713391542434692,0.48166151126822804,0.4673448848142585,1.7907424105538263,0.3735380487309562,2.4689485364490085,nan,nan
twenty_news,entmax15,1,7,0.997929036617279,0.49403446752098984,0.4759693997706287,1.806127905845642,0.3620210438966751,2.435734338230557,nan,nan
twenty_news,entmax15,1,8,0.8601134419441223,0.4993371630578878,0.48350314197445615,1.8540986643897162,0.3484852744473351,2.392826557159424,nan,nan
twenty_news,entmax15,1,9,0.7192415595054626,0.5046398585947857,0.487580021819376,1.8911420901616414,0.3405060155524148,2.3717302083969116,nan,nan
twenty_news,entmax15,1,10,0.6057499051094055,0.5086168802474591,0.49912417419594635,1.930702222718133,0.3293563607666228,2.3307770093282065,nan,nan
twenty_news,entmax15,1,11,0.5028025507926941,0.5002209456473707,0.4852189436054136,2.003807610935635,0.32392160925600266,2.3179921176698475,nan,nan
twenty_news,entmax15,1,12,0.41792094707489014,0.5064074237737517,0.4956207779297376,2.0834952327940197,0.31656080070469117,2.2934983571370444,nan,nan
twenty_news,entmax15,1,13,0.34931060671806335,0.5081749889527176,0.5004749270962895,2.174327426486545,0.3116266768839624,2.2776247461636863,nan,nan
twenty_news,entmax15,1,14,0.29589179158210754,0.5086168802474591,0.5007636190989198,2.2508731948004828,0.30711889680888915,2.2623095313707986,nan,nan
twenty_news,entmax15,1,15,0.24751980602741241,0.5139195757843571,0.5046545543210583,2.2922690179612903,0.30313531474934685,2.2490979962878757,nan,nan
twenty_news,entmax15,1,16,0.20029300451278687,0.5148033583738401,0.508941678080621,2.360986868540446,0.2962537515494559,2.2192798852920532,nan,nan
twenty_news,entmax15,1,17,0.16748294234275818,0.5170128148475475,0.508807360714963,2.43236509958903,0.2944041010406282,2.2151929405000477,nan,nan
twenty_news,entmax15,1,18,0.14912648499011993,0.518338488731772,0.5105538738566595,2.4871709611680775,0.29316287487745285,2.2114679747157626,nan,nan
twenty_news,entmax15,1,19,0.12276320904493332,0.516570923552806,0.5099940809312351,2.534258577558729,0.2906433476342095,2.200146132045322,nan,nan
twenty_news,entmax15,1,20,0.10122603923082352,0.5178965974370305,0.5128481438658585,2.5834818945990667,0.288604822423723,2.1924865444501243,nan,nan
twenty_news,entmax15,1,21,0.08843285590410233,0.518338488731772,0.512156648905664,2.650154855516222,0.2901876163151529,2.203847097025977,nan,nan
twenty_news,entmax15,1,22,0.08160552382469177,0.518338488731772,0.5107647127702879,2.71343821949429,0.2879171048601468,2.1942247019873724,nan,nan
twenty_news,entmax15,1,23,0.07745768874883652,0.5139195757843571,0.5067539242731983,2.765233039855957,0.28488028628958595,2.1808009677463107,nan,nan
twenty_news,entmax15,2,0,2.9558098316192627,0.16217410517012815,0.11709845730748333,2.7774595154656305,0.5048172258668475,2.8916424910227456,nan,nan
twenty_news,entmax15,2,1,2.585301399230957,0.27971718957136543,0.24226508728525512,2.3662026988135443,0.45857561462455326,2.7370450099309287,nan,nan
twenty_news,entmax15,2,2,2.1812679767608643,0.3742819266460451,0.3458023505553232,2.0833996269438,0.4263436843951543,2.637040270699395,nan,nan
twenty_news,entmax15,2,3,1.840605616569519,0.41493592576226246,0.3845507906607627,1.9161844385994806,0.4062514669365353,2.5687980784310236,nan,nan
twenty_news,entmax15,2,4,1.577181100845337,0.4613345117101193,0.4421537932280916,1.7759447230233087,0.3925594521893395,2.5298715035120645,nan,nan
twenty_news,entmax15,2,5,1.3502870798110962,0.4684047724259832,0.4484977789887842,1.7357114156087239,0.3791847460799747,2.488834540049235,nan,nan
twenty_news,entmax15,2,6,1.1677504777908325,0.5019885108263368,0.47791104184346916,1.692602554957072,0.3653307358423869,2.447276340590583,nan,nan
twenty_news,entmax15,2,7,1.0048547983169556,0.513035793194874,0.49615467846289085,1.7000149885813396,0.3547380218903224,2.4211464855406017,nan,nan
twenty_news,entmax15,2,8,0.8593199849128723,0.5209898365002209,0.505513295023615,1.7317957215838962,0.34223418103324044,2.3788815869225397,nan,nan
twenty_news,entmax15,2,9,0.7304496765136719,0.5108263367211666,0.49182181551366944,1.780791375372145,0.3331857489215003,2.3531619707743325,nan,nan
twenty_news,entmax15,2,10,0.6212377548217773,0.5161290322580645,0.5018483028344459,1.8432684871885512,0.32505055103037095,2.3253030247158475,nan,nan
twenty_news,entmax15,2,11,0.5122143626213074,0.5315952275740168,0.5215837629500524,1.8537109427981906,0.3177032222350438,2.305042650964525,nan,nan
twenty_news,entmax15,2,12,0.424752801656723,0.5231992929739284,0.5106721493246414,1.9652155637741089,0.3095172353916698,2.274728278319041,nan,nan
twenty_news,entmax15,2,13,0.35506024956703186,0.5271763146266019,0.5134162756778495,2.035037040710449,0.3024480450484488,2.248405483033922,nan,nan
twenty_news,entmax15,2,14,0.29291051626205444,0.5223155103844455,0.5109245750505023,2.1148413022359214,0.2976435116595692,2.2325810260242887,nan,nan
twenty_news,entmax15,2,15,0.2358984500169754,0.5201060539107379,0.5087495947483769,2.1793991327285767,0.29358407855033875,2.2165996630986533,nan,nan
twenty_news,entmax15,2,16,0.19573867321014404,0.5271763146266019,0.5173378433180253,2.2457952234480114,0.2908083415693707,2.207288132773505,nan,nan
twenty_news,entmax15,3,0,2.9344685077667236,0.1590808661069377,0.12111091828839662,2.759559737311469,0.5064472423659431,2.9049283133612738,nan,nan
twenty_news,entmax15,3,1,2.5742180347442627,0.27176314626601855,0.23585224026763435,2.423870086669922,0.47676150500774384,2.8161331282721624,nan,nan
twenty_news,entmax15,3,2,2.2146360874176025,0.3641184268669907,0.3386969260822579,2.155069457160102,0.43992823196782005,2.6966575384140015,nan,nan
twenty_news,entmax15,3,3,1.909903883934021,0.41051701281484754,0.382778381028798,1.9612674713134766,0.41618312067455715,2.624368111292521,nan,nan
twenty_news,entmax15,3,4,1.6545095443725586,0.4396818382677861,0.4168559673130597,1.8360167211956449,0.3995918565326267,2.5723869535658093,nan,nan
twenty_news,entmax15,3,5,1.4333850145339966,0.47238179407865666,0.4474075490456075,1.7528200546900432,0.3808966759178374,2.512688954671224,nan,nan
twenty_news,entmax15,3,6,1.2495366334915161,0.48740609809986746,0.47199361082969365,1.723551525010003,0.3664126478963428,2.471208996242947,nan,nan
twenty_news,entmax15,3,7,1.0780845880508423,0.5002209456473707,0.4866247008862229,1.7339832385381062,0.3558251311381658,2.4403545988930597,nan,nan
twenty_news,entmax15,3,8,0.9265872240066528,0.5099425541316837,0.49739138645536257,1.7263722817103069,0.344405945804384,2.405608230166965,nan,nan
twenty_news,entmax15,3,9,0.7928288578987122,0.5209898365002209,0.5068746517657889,1.782843788464864,0.33248187767134774,2.365859693951077,nan,nan
twenty_news,entmax15,3,10,0.678255558013916,0.5139195757843571,0.5018225690502842,1.8345829380883112,0.3221861306164,2.3312216997146606,nan,nan
twenty_news,entmax15,3,11,0.5622925162315369,0.5258506407423774,0.5146453955623745,1.8826760318544176,0.3143650558259752,2.305673215124342,nan,nan
twenty_news,entmax15,3,12,0.48690780997276306,0.5254087494476359,0.5142940711804586,1.939194189177619,0.3079221546649933,2.281521479288737,nan,nan
twenty_news,entmax15,3,13,0.40768980979919434,0.5143614670790986,0.5071903012282744,2.010696808497111,0.3011823660797543,2.257693284087711,nan,nan
twenty_news,entmax15,3,14,0.33001986145973206,0.5254087494476359,0.5160884560643134,2.0775540934668646,0.29579902523093754,2.2390604085392423,nan,nan
twenty_news,entmax15,3,15,0.2708137035369873,0.5276182059213433,0.5176963287241609,2.1453926828172474,0.29256649646494126,2.2277407712406583,nan,nan
twenty_news,entmax15,3,16,0.23503835499286652,0.5161290322580645,0.5081739209955375,2.2374971177842884,0.2884289307726754,2.209921750757429,nan,nan
twenty_news,entmax15,3,17,0.19589440524578094,0.5262925320371189,0.517597215750624,2.2618799209594727,0.28661981225013733,2.209192203150855,nan,nan
twenty_news,entmax15,3,18,0.16352446377277374,0.5178965974370305,0.5082401476557621,2.3663855128818088,0.2849805951118469,2.200081215964423,nan,nan
twenty_news,entmax15,3,19,0.13952864706516266,0.5134776844896155,0.5059619110795287,2.426355097028944,0.28205910325050354,2.188189321094089,nan,nan
twenty_news,entmax15,3,20,0.12031303346157074,0.5267344233318604,0.5189341004962281,2.468238433202108,0.2814656537440088,2.188412196106381,nan,nan
twenty_news,entmax15,4,0,2.91921067237854,0.16924436588599204,0.12307376946165705,2.72119148572286,0.5114878962437311,2.904180394278632,nan,nan
twenty_news,entmax15,4,1,2.55078125,0.2646928855501547,0.22936812212258245,2.393489042917887,0.47288866009977126,2.772567550341288,nan,nan
twenty_news,entmax15,4,2,2.2108051776885986,0.3376049491825011,0.3007741196809291,2.1699097951253257,0.44419298072655994,2.681186411115858,nan,nan
twenty_news,entmax15,4,3,1.9022526741027832,0.41493592576226246,0.3838352672747874,1.960579170121087,0.42420778837468887,2.624040616883172,nan,nan
twenty_news,entmax15,4,4,1.6487263441085815,0.450287229341582,0.4229180162007273,1.8520593908098009,0.4061567038297653,2.57168181737264,nan,nan
twenty_news,entmax15,4,5,1.439810037612915,0.4750331418471056,0.4555639914265238,1.7684123118718464,0.3940783358282513,2.5372831424077353,nan,nan
twenty_news,entmax15,4,6,1.2422682046890259,0.4993371630578878,0.48519268372475166,1.7480432722303603,0.3788536489009857,2.4872987932629056,nan,nan
twenty_news,entmax15,4,7,1.0708866119384766,0.5117101193106496,0.4980416201407105,1.7474640078014798,0.3649810701608658,2.449689653184679,nan,nan
twenty_news,entmax15,4,8,0.9210089445114136,0.5205479452054794,0.5082197262870584,1.7278378804524739,0.3540005005068249,2.414829042222765,nan,nan
twenty_news,entmax15,4,9,0.7660995721817017,0.5240830755634114,0.5095150570498621,1.7887712717056274,0.3425317274199592,2.3788041008843317,nan,nan
twenty_news,entmax15,4,10,0.6513067483901978,0.5386654882898807,0.5270660186864528,1.8304590781529744,0.33355218337641823,2.3521130879720054,nan,nan
twenty_news,entmax15,4,11,0.5550685524940491,0.5342465753424658,0.521239831530911,1.90639148818122,0.3228115008936988,2.3156477212905884,nan,nan
twenty_news,entmax15,4,12,0.47364506125450134,0.5333627927529828,0.518968887276368,1.9873419735166762,0.313575391140249,2.2822162906328836,nan,nan
twenty_news,entmax15,4,13,0.38441935181617737,0.5386654882898807,0.525243152287094,2.026292085647583,0.30809498247173095,2.2643321686320834,nan,nan
twenty_news,entmax15,4,14,0.3194204866886139,0.5346884666372073,0.5234886013995333,2.0791359080208673,0.30517491946617764,2.2554157376289368,nan,nan
twenty_news,entmax15,4,15,0.26431551575660706,0.5302695536897923,0.5208825294518232,2.1778893073399863,0.29870864831739,2.2305203543768988,nan,nan
twenty_news,entmax15,5,0,2.9549665451049805,0.15466195315952275,0.10372172285771111,2.7816123167673745,0.5093257791466184,2.9077639712227716,nan,nan
twenty_news,entmax15,5,1,2.5826220512390137,0.26557666813963765,0.23292436957909937,2.416505071851942,0.47596171829435563,2.8089085155063205,nan,nan
twenty_news,entmax15,5,2,2.189063549041748,0.34644277507733096,0.3115567650634255,2.1268241140577526,0.4452377392186059,2.7069964011510215,nan,nan
twenty_news,entmax15,5,3,1.8521836996078491,0.41758727353071146,0.3858182928002717,1.9648511674669054,0.4304570307334264,2.664529389805264,nan,nan
twenty_news,entmax15,5,4,1.620668649673462,0.44542642509942554,0.4198178211832217,1.8574648565716214,0.40995706452263725,2.608332011434767,nan,nan
twenty_news,entmax15,5,5,1.3913077116012573,0.4697304463102077,0.4573948857685163,1.8388274245791965,0.39590897493892246,2.565272503428989,nan,nan
twenty_news,entmax15,5,6,1.2363635301589966,0.4896155545735749,0.46703454056696403,1.7475137048297458,0.38278523915343815,2.529559678501553,nan,nan
twenty_news,entmax15,5,7,1.0541236400604248,0.5059655324790102,0.4912530873699762,1.766088326772054,0.3685221854183409,2.482998318142361,nan,nan
twenty_news,entmax15,5,8,0.922144889831543,0.5099425541316837,0.4967160747222031,1.7701671255959406,0.35558658838272095,2.441667464044359,nan,nan
twenty_news,entmax15,5,9,0.7607957124710083,0.515687140963323,0.5045529484229299,1.8201444546381633,0.34404049979315865,2.402613745795356,nan,nan
twenty_news,entmax15,5,10,0.657319188117981,0.5223155103844455,0.509737836994659,1.8555170959896512,0.332324559489886,2.3643240928649902,nan,nan
twenty_news,entmax15,5,11,0.565385639667511,0.5342465753424658,0.5223927438670495,1.8986515998840332,0.32652072277334,2.348503523402744,nan,nan
twenty_news,entmax15,5,12,0.4728299379348755,0.5298276623950509,0.5173862232615558,1.949448651737637,0.3199462973409229,2.3288003736072116,nan,nan
twenty_news,entmax15,5,13,0.39456790685653687,0.5139195757843571,0.5066724899933562,2.038424425654941,0.3134961442814933,2.3044050799475775,nan,nan
twenty_news,entmax15,5,14,0.33001095056533813,0.5231992929739284,0.5131438474499561,2.116986142264472,0.30715831286377376,2.280701822704739,nan,nan
twenty_news,entmax15,5,15,0.2769169211387634,0.5267344233318604,0.5207915412004138,2.17704447110494,0.3040671530697081,2.272114939159817,nan,nan
twenty_news,entmax15,5,16,0.22635909914970398,0.5289438798055678,0.5200699715387642,2.2529962592654758,0.2995478105213907,2.252939608361986,nan,nan
twenty_news,entmax15,6,0,2.949397087097168,0.13610251878038002,0.104420455782375,2.8276293012830944,0.5036320007509656,2.923148764504327,nan,nan
twenty_news,entmax15,6,1,2.5951051712036133,0.27132125497127707,0.23877397867227632,2.4537833531697593,0.4668264670504464,2.79862724410163,nan,nan
twenty_news,entmax15,6,2,2.1923274993896484,0.34909412284577995,0.3265768834804679,2.162539588080512,0.4299845000108083,2.673895173602634,nan,nan
twenty_news,entmax15,6,3,1.8819830417633057,0.3946089262041538,0.36784199378363286,1.9985017511579726,0.4127732233868705,2.624729209476047,nan,nan
twenty_news,entmax15,6,4,1.627644658088684,0.43747238179407866,0.4118492504516613,1.8831002314885457,0.3953215430180232,2.5707975890901356,nan,nan
twenty_news,entmax15,6,5,1.4085108041763306,0.4564737074679629,0.4273917502604069,1.8159566322962444,0.3809774981604682,2.5294769869910345,nan,nan
twenty_news,entmax15,6,6,1.2092251777648926,0.49094122845779936,0.47180937059223177,1.7771644194920857,0.36809346576531726,2.490212917327881,nan,nan
twenty_news,entmax15,6,7,1.0328718423843384,0.4949182501104728,0.4761677158585858,1.7817291816075642,0.35844730503029293,2.466320527924432,nan,nan
twenty_news,entmax15,6,8,0.87208092212677,0.5059655324790102,0.4929907929244548,1.8049521976047092,0.3489592373371124,2.43829345703125,nan,nan
twenty_news,entmax15,6,9,0.729928195476532,0.5050817498895271,0.4893151463074984,1.8544522788789537,0.33697223166624707,2.396358013153076,nan,nan
twenty_news,entmax15,6,10,0.6093977093696594,0.5139195757843571,0.49901046502686286,1.9003417359458075,0.3295057300064299,2.3782776991526284,nan,nan
twenty_news,entmax15,6,11,0.5054078698158264,0.5205479452054794,0.508099896788097,1.987050731976827,0.3199569169018004,2.340628902117411,nan,nan
twenty_news,entmax15,6,12,0.4196383059024811,0.5125939019001325,0.4973124776691996,2.0663707521226673,0.3140428496731652,2.3224692742029824,nan,nan
twenty_news,entmax15,6,13,0.34547340869903564,0.5223155103844455,0.5126982030104285,2.1519376966688366,0.30853623317347634,2.302890340487162,nan,nan
twenty_news,entmax15,6,14,0.2783454358577728,0.516570923552806,0.5069555918356343,2.241255415810479,0.3053850564691756,2.29219471083747,nan,nan
twenty_news,entmax15,6,15,0.23772083222866058,0.5227574016791869,0.5115965535384751,2.3047534359825983,0.3009238946768973,2.277918153338962,nan,nan
twenty_news,entmax15,6,16,0.19008110463619232,0.513035793194874,0.507917013056818,2.398450162675646,0.296247242225541,2.255722416771783,nan,nan
twenty_news,entmax15,6,17,0.1610747128725052,0.516570923552806,0.5074504250319206,2.4951234923468695,0.2941704789797465,2.251650187704298,nan,nan
twenty_news,entmax15,6,18,0.13430285453796387,0.5134776844896155,0.5047102596608699,2.5430689652760825,0.29215700510475373,2.2446529467900596,nan,nan
twenty_news,entmax15,6,19,0.11454810202121735,0.5178965974370305,0.5099901788411403,2.6077493296729193,0.28997505952914554,2.237638314565023,nan,nan
twenty_news,entmax15,6,20,0.10004493594169617,0.5148033583738401,0.5094967886044961,2.6974949836730957,0.2904865617553393,2.2408275339338513,nan,nan
twenty_news,entmax15,7,0,2.930826425552368,0.18073353954927088,0.1443421029531261,2.713407728407118,0.5058562407890955,2.9135765631993613,nan,nan
twenty_news,entmax15,7,1,2.5100557804107666,0.3026955368979231,0.275507684271763,2.3404935465918646,0.4590122633510166,2.761803984642029,nan,nan
twenty_news,entmax15,7,2,2.101835250854492,0.36897923110914715,0.3414225337408353,2.080985360675388,0.43560659554269576,2.6830979453192816,nan,nan
twenty_news,entmax15,7,3,1.7892295122146606,0.41758727353071146,0.39991283554897394,1.929115613301595,0.4183791114224328,2.629323032167223,nan,nan
twenty_news,entmax15,7,4,1.532971978187561,0.46000883782589486,0.43858645085474113,1.8388303253385756,0.40120829641819,2.5775075356165567,nan,nan
twenty_news,entmax15,7,5,1.3195208311080933,0.47282368537339814,0.449460788497266,1.8034679624769423,0.3873068441947301,2.5344072182973227,nan,nan
twenty_news,entmax15,7,6,1.1355808973312378,0.48475475033141846,0.46764479637225076,1.7938661840226915,0.3738927162355847,2.49694922235277,nan,nan
twenty_news,entmax15,7,7,0.9718578457832336,0.4949182501104728,0.4770253378555761,1.829071627722846,0.36252304911613464,2.466878970464071,nan,nan
twenty_news,entmax15,7,8,0.826777458190918,0.49359257622624836,0.4724361366744378,1.8736525906456842,0.3484657555818558,2.419081926345825,nan,nan
twenty_news,entmax15,7,9,0.7017977237701416,0.5064074237737517,0.48998256282057967,1.9002471102608576,0.3421517312526703,2.4036796490351358,nan,nan
twenty_news,entmax15,7,10,0.5778809785842896,0.5112682280159081,0.4942463861596623,1.9618480073081122,0.3334559632672204,2.3758729298909507,nan,nan
twenty_news,entmax15,7,11,0.48068344593048096,0.5134776844896155,0.5017018716598562,2.054620544115702,0.32453104025787777,2.342527601453993,nan,nan
twenty_news,entmax15,7,12,0.4069374203681946,0.5108263367211666,0.5013135007721661,2.135843197504679,0.3184632973538505,2.320668657620748,nan,nan
twenty_news,entmax15,7,13,0.3369915187358856,0.516570923552806,0.5075194887484887,2.1864891846974692,0.31452233095963794,2.310323887401157,nan,nan
twenty_news,entmax15,7,14,0.282027006149292,0.5046398585947857,0.49295995523993047,2.270397345225016,0.3096192446019914,2.2911025947994657,nan,nan
twenty_news,entmax15,7,15,0.22988925874233246,0.5121520106053911,0.49939645865232823,2.337633397844103,0.30537880460421246,2.2746355732282004,nan,nan
twenty_news,entmax15,7,16,0.19528362154960632,0.5072912063632347,0.4977303393746806,2.4248665703667536,0.30122868965069455,2.258845786253611,nan,nan
twenty_news,entmax15,7,17,0.1657596081495285,0.5112682280159081,0.5021992795045053,2.4765138891008167,0.2987863024075826,2.250663287109799,nan,nan
twenty_news,entmax15,7,18,0.1436520367860794,0.5117101193106496,0.49907456022879276,2.5684312184651694,0.2971552138527234,2.24583500623703,nan,nan
twenty_news,entmax15,8,0,2.9254539012908936,0.16968625718073355,0.11854679803792215,2.7349052164289684,0.5083068642351363,2.9145327276653714,nan,nan
twenty_news,entmax15,8,1,2.5764758586883545,0.27353071144498453,0.23779359144902554,2.3850007322099476,0.482106132639779,2.8399124013053045,nan,nan
twenty_news,entmax15,8,2,2.187173366546631,0.3672116659301812,0.3316236862639842,2.089100334379408,0.4465759214427736,2.720516390270657,nan,nan
twenty_news,entmax15,8,3,1.8810958862304688,0.4246575342465753,0.39680274105339114,1.910526500807868,0.43285633954736924,2.6841069327460394,nan,nan
twenty_news,entmax15,8,4,1.628379464149475,0.46000883782589486,0.43548532358752745,1.825805253452725,0.41794148584206897,2.6404086218939886,nan,nan
twenty_news,entmax15,8,5,1.4198598861694336,0.46531153336279274,0.4413365469680107,1.781480484538608,0.40453381339708966,2.597772624757555,nan,nan
twenty_news,entmax15,8,6,1.248724341392517,0.5064074237737517,0.4852131362107606,1.7131173875596788,0.3945966164271037,2.572025113635593,nan,nan
twenty_news,entmax15,8,7,1.0812783241271973,0.5196641626159965,0.5002873670569056,1.6968636512756348,0.3853888577885098,2.548544512854682,nan,nan
twenty_news,entmax15,8,8,0.927575409412384,0.5209898365002209,0.5019230531707921,1.729513128598531,0.3719104809893502,2.504885647031996,nan,nan
twenty_news,entmax15,8,9,0.7944698929786682,0.5258506407423774,0.5140902541916385,1.7508315642674763,0.36009252733654445,2.468348158730401,nan,nan
twenty_news,entmax15,8,10,0.6960789561271667,0.5315952275740168,0.5159252570011428,1.7894615862104628,0.35133907695611316,2.44110808107588,nan,nan
twenty_news,entmax15,8,11,0.5767925977706909,0.5368979231109147,0.5213384615642408,1.8403414487838745,0.34457114670011735,2.420731888877021,nan,nan
twenty_news,entmax15,8,12,0.4940975606441498,0.5435262925320371,0.5353679152058426,1.8921425077650282,0.3350371999873055,2.3889514870113797,nan,nan
twenty_news,entmax15,8,13,0.40410736203193665,0.5413168360583297,0.5306472589045935,1.9676433669196234,0.3299120714267095,2.3733780913882785,nan,nan
twenty_news,entmax15,8,14,0.34128376841545105,0.5452938577110031,0.534488685718727,2.0363648997412787,0.3243541568517685,2.356717891163296,nan,nan
twenty_news,entmax15,8,15,0.2884060740470886,0.5483870967741935,0.5347065455261684,2.1306069956885443,0.31917062236203086,2.3395883639653525,nan,nan
twenty_news,entmax15,8,16,0.23816002905368805,0.5461776403004861,0.5375624083852059,2.1791371504465737,0.3159775783618291,2.329131828414069,nan,nan
twenty_news,entmax15,8,17,0.19434112310409546,0.5360141405214317,0.5264522446440794,2.2383355034722223,0.31274792551994324,2.3158384693993463,nan,nan
twenty_news,entmax15,8,18,0.16517724096775055,0.5417587273530712,0.5337219762238755,2.291723198360867,0.31013907657729256,2.306547668245104,nan,nan
twenty_news,entmax15,8,19,0.1414293646812439,0.5382235969951392,0.5290683462420143,2.3786381085713706,0.30760923359129166,2.2972222566604614,nan,nan
twenty_news,entmax15,8,20,0.12337116152048111,0.5346884666372073,0.5254665467764175,2.468789921866523,0.30532115201155346,2.2885065343644886,nan,nan
twenty_news,entmax15,9,0,2.943965196609497,0.1524524966858153,0.112108954078932,2.7943911022610135,0.513418381412824,2.9434219068951077,nan,nan
twenty_news,entmax15,9,1,2.5992116928100586,0.25231992929739283,0.21535755068152757,2.4308211538526745,0.47521860400835675,2.822247942288717,nan,nan
twenty_news,entmax15,9,2,2.196204900741577,0.35086168802474593,0.32455962635870755,2.153828250037299,0.44478875067498946,2.7242747412787542,nan,nan
twenty_news,entmax15,9,3,1.8668338060379028,0.4069818824569156,0.38544601424003117,1.9800594912634955,0.4220358630021413,2.6543149020936756,nan,nan
twenty_news,entmax15,9,4,1.5859161615371704,0.44365885992045956,0.4306382105129864,1.877186073197259,0.40484781397713554,2.5978934367497764,nan,nan
twenty_news,entmax15,9,5,1.3570890426635742,0.4631020768890853,0.4446894968371488,1.8270814286337957,0.3891872862974803,2.5561256408691406,nan,nan
twenty_news,entmax15,9,6,1.1721913814544678,0.483429076447194,0.46826369852202043,1.787047306696574,0.3739893055624432,2.508152140511407,nan,nan
twenty_news,entmax15,9,7,1.0115385055541992,0.4966858152894388,0.48654598395283843,1.806821386019389,0.3596048355102539,2.460269053777059,nan,nan
twenty_news,entmax15,9,8,0.8652642965316772,0.5033141847105612,0.4881835656379332,1.8379478322135077,0.35161182118786705,2.443278537856208,nan,nan
twenty_news,entmax15,9,9,0.7414248585700989,0.5095006628369421,0.4957151142779552,1.8593516482247248,0.33936405016316307,2.401237381829156,nan,nan
twenty_news,entmax15,9,10,0.6136338710784912,0.5152452496685815,0.504222379591226,1.910997337765164,0.3312047521273295,2.375365283754137,nan,nan
twenty_news,entmax15,9,11,0.5140434503555298,0.5196641626159965,0.5075848646145981,1.9837801456451416,0.3232130838765038,2.34923083252377,nan,nan
twenty_news,entmax15,9,12,0.4276142120361328,0.5152452496685815,0.5027486488745394,2.050779700279236,0.31671304835213554,2.324503262837728,nan,nan
twenty_news,entmax15,9,13,0.35607394576072693,0.5271763146266019,0.5190288311785629,2.1189316378699408,0.3130863226122326,2.3169298304451837,nan,nan
twenty_news,entmax15,9,14,0.29397740960121155,0.5289438798055678,0.5237683266535189,2.1888490517934165,0.30707819677061504,2.2932122945785522,nan,nan
twenty_news,entmax15,9,15,0.23895958065986633,0.5267344233318604,0.5195037486078258,2.258140246073405,0.3024490939246284,2.2737529608938427,nan,nan
twenty_news,entmax15,9,16,0.19803716242313385,0.5267344233318604,0.5202835869832076,2.336734665764703,0.29977470884720486,2.265158931414286,nan,nan
twenty_news,entmax15,9,17,0.16713941097259521,0.518338488731772,0.5127285716442398,2.396721919377645,0.29824019223451614,2.2638029389911227,nan,nan
twenty_news,entmax15,9,18,0.14542050659656525,0.5187803800265135,0.5088990612508025,2.517052756415473,0.29571283525890774,2.2528083854251437,nan,nan
twenty_news,entmax15,9,19,0.14050689339637756,0.5254087494476359,0.5137631064362144,2.537481837802463,0.29312344309356475,2.243218865659502,nan,nan
twenty_news,headwise_adaptive_entmax,1,0,2.944727897644043,0.15112682280159082,0.10784700791647941,2.783051994111803,0.5065805299414529,2.887462231847975,1.5010067224502563,0.0013385595666477457
twenty_news,headwise_adaptive_entmax,1,1,2.5734732151031494,0.23022536456031817,0.20880591636488602,2.5074978139665394,0.45765106711122727,2.741732676823934,1.5050017833709717,0.002517952467314899
twenty_news,headwise_adaptive_entmax,1,2,2.175368309020996,0.3362792752982766,0.30595719211679573,2.18176974190606,0.4225576122601827,2.628587497605218,1.507025122642517,0.0027057462139055133
twenty_news,headwise_adaptive_entmax,1,3,1.839491367340088,0.41051701281484754,0.3937992584373946,1.9760667747921414,0.40275800228118896,2.5673429833518133,1.5078577995300293,0.0026244533946737647
twenty_news,headwise_adaptive_entmax,1,4,1.5722960233688354,0.4414494034467521,0.42293011610040293,1.879997518327501,0.38805941575103337,2.525733987490336,1.5089539289474487,0.002533065475290641
twenty_news,headwise_adaptive_entmax,1,5,1.3533955812454224,0.45912505523641184,0.4398047688326884,1.834757645924886,0.37316255271434784,2.4829362630844116,1.509492814540863,0.003600701515097171
twenty_news,headwise_adaptive_entmax,1,6,1.1696646213531494,0.48033583738400354,0.46487922569707657,1.7910978264278836,0.3603346165683534,2.4440810018115573,1.5101972818374634,0.004195232002530247
twenty_news,headwise_adaptive_entmax,1,7,0.9976651072502136,0.49536014140521434,0.4769321754481924,1.8062392208311293,0.34815208779440987,2.408320188522339,1.5108726620674133,0.004439933458343148
twenty_news,headwise_adaptive_entmax,1,8,0.859200656414032,0.4966858152894388,0.48073623951280126,1.860276420911153,0.334625749124421,2.3654246065351696,1.511697232723236,0.005251693422906101
twenty_news,headwise_adaptive_entmax,1,9,0.7195647358894348,0.5046398585947857,0.48822543189242384,1.8940509425269232,0.3263395494884915,2.3424332539240518,1.5122058391571045,0.0059808745863847435
twenty_news,headwise_adaptive_entmax,1,10,0.6052468419075012,0.5077330976579761,0.49683538606452826,1.932121369573805,0.3156961724162102,2.3028979765044317,1.5129039287567139,0.005894072150113061
twenty_news,headwise_adaptive_entmax,1,11,0.5007908344268799,0.5024304021210783,0.48806523944339764,2.003181126382616,0.31028639773527783,2.290766782230801,1.5134289860725403,0.006575646693818271
twenty_news,headwise_adaptive_entmax,1,12,0.4162009358406067,0.5125939019001325,0.500715420554988,2.0883875952826605,0.3025328227215343,2.263188454839918,1.5141459703445435,0.0071975503815338016
twenty_news,headwise_adaptive_entmax,1,13,0.3456672728061676,0.5086168802474591,0.5010313159623271,2.1785952117707996,0.2973116214076678,2.245352175500658,1.5143231749534607,0.007857855292968452
twenty_news,headwise_adaptive_entmax,1,14,0.29420119524002075,0.5068493150684932,0.49916611872478844,2.2510174247953625,0.29323579619328183,2.232372177971734,1.5146507024765015,0.008056015009060502
twenty_news,headwise_adaptive_entmax,1,15,0.24761632084846497,0.5134776844896155,0.5029168511598052,2.3030595779418945,0.28914792835712433,2.2177097135119967,1.5145732760429382,0.008288681623525918
twenty_news,headwise_adaptive_entmax,1,16,0.19981993734836578,0.5148033583738401,0.5089056647514728,2.360986100302802,0.2837534894545873,2.1910853717062206,1.5138855576515198,0.008225814788602293
twenty_news,headwise_adaptive_entmax,1,17,0.16418784856796265,0.517454706142289,0.5081618389975274,2.4420361783769398,0.2820996642112732,2.1873508294423423,1.5141618847846985,0.008259975700639188
twenty_news,headwise_adaptive_entmax,1,18,0.14816956222057343,0.5178965974370305,0.5089215449463802,2.4915830294291177,0.28052762233548695,2.183684309323629,1.5147274732589722,0.008142297971062362
twenty_news,headwise_adaptive_entmax,1,19,0.12229977548122406,0.5143614670790986,0.5079186209026232,2.5449150138431125,0.27862949834929573,2.173348698351118,1.5146864652633667,0.008758848416619003
twenty_news,headwise_adaptive_entmax,1,20,0.09716393053531647,0.5086168802474591,0.5030174023809844,2.6157520612080893,0.2755289276440938,2.160002483261956,1.5146849751472473,0.008608566073235124
twenty_news,headwise_adaptive_entmax,1,21,0.08866878598928452,0.5152452496685815,0.5101180563874398,2.6634985076056585,0.27704842223061454,2.173022164238824,1.5148488879203796,0.009009349625557661
twenty_news,headwise_adaptive_entmax,1,22,0.08439109474420547,0.5178965974370305,0.5112904335266216,2.729186587863498,0.2752228097783195,2.1652382214864097,1.5148526430130005,0.009205184411257505
twenty_news,headwise_adaptive_entmax,1,23,0.07853402197360992,0.5139195757843571,0.5090254536495837,2.779164261288113,0.2716836995548672,2.14626626835929,1.5148159861564636,0.009372209548018873
twenty_news,headwise_adaptive_entmax,2,0,2.9557979106903076,0.16173221387538667,0.11666187109070943,2.777156935797797,0.5023909244272444,2.8878543112013073,1.5012855529785156,0.0019365684129297733
twenty_news,headwise_adaptive_entmax,2,1,2.58437442779541,0.2770658418029165,0.2396633533858071,2.365279965930515,0.44662045935789746,2.7164462672339544,1.5068528652191162,0.0024353006738238037
twenty_news,headwise_adaptive_entmax,2,2,2.179715633392334,0.3742819266460451,0.34493528476517926,2.082646263970269,0.41255096594492596,2.611895587709215,1.5088289976119995,0.0033980647567659616
twenty_news,headwise_adaptive_entmax,2,3,1.839172601699829,0.414494034467521,0.3846011876138315,1.9149298800362482,0.3935786916149987,2.546433793173896,1.5089061856269836,0.0029476142954081297
twenty_news,headwise_adaptive_entmax,2,4,1.5772145986557007,0.4622182942996023,0.4435893042438974,1.7761860688527424,0.3799720952908198,2.506243427594503,1.509094476699829,0.0030802541878074408
twenty_news,headwise_adaptive_entmax,2,5,1.3499116897583008,0.46796288113124174,0.44822219321934453,1.7380376789304945,0.36642048756281537,2.463472154405382,1.5092105269432068,0.0034582368680275977
twenty_news,headwise_adaptive_entmax,2,6,1.169037103652954,0.5055236411842686,0.4814952596766885,1.692940314610799,0.35241110457314384,2.421825581126743,1.51029372215271,0.004145142971538007
twenty_news,headwise_adaptive_entmax,2,7,1.0048041343688965,0.5148033583738401,0.49872067624014865,1.7027803394529555,0.34065699577331543,2.3915962245729236,1.5113736987113953,0.004021465545520186
twenty_news,headwise_adaptive_entmax,2,8,0.8610256910324097,0.5178965974370305,0.5024425013542548,1.7321998410754733,0.3275093403127458,2.346233990457323,1.5123533010482788,0.004584650858305395
twenty_news,headwise_adaptive_entmax,2,9,0.7299217581748962,0.5068493150684932,0.4892058850028881,1.7878189086914062,0.3183148031433423,2.321080207824707,1.5135661363601685,0.004977942910045385
twenty_news,headwise_adaptive_entmax,2,10,0.6208092570304871,0.5161290322580645,0.501044926253554,1.8460661835140653,0.3083735977609952,2.2871037655406528,1.514809250831604,0.006271176040172577
twenty_news,headwise_adaptive_entmax,2,11,0.511695921421051,0.5342465753424658,0.5250118016561218,1.8571335739559598,0.300968570013841,2.265967627366384,1.515445053577423,0.00620041333604604
twenty_news,headwise_adaptive_entmax,2,12,0.42460352182388306,0.5258506407423774,0.5130947147284066,1.9685129854414198,0.2928318522042698,2.2347386015786066,1.5163071155548096,0.0057816277258098125
twenty_news,headwise_adaptive_entmax,2,13,0.3533371388912201,0.5236411842686699,0.5093891545532994,2.037612385219998,0.286259946723779,2.210256371233198,1.5165812969207764,0.00592995504848659
twenty_news,headwise_adaptive_entmax,2,14,0.28834471106529236,0.5196641626159965,0.5081273657958365,2.1130621565712824,0.2815943914983008,2.1938780546188354,1.5168066024780273,0.005974663072265685
twenty_news,headwise_adaptive_entmax,2,15,0.23581354320049286,0.521873619089704,0.5110769413581597,2.1773934099409313,0.2775443088677194,2.1771041419770985,1.5170613527297974,0.006336800986900926
twenty_news,headwise_adaptive_entmax,2,16,0.19523487985134125,0.5227574016791869,0.5115003777392821,2.242765055762397,0.274992725915379,2.169327629937066,1.5175859332084656,0.006366518093273044
twenty_news,headwise_adaptive_entmax,3,0,2.934478282928467,0.1586389748121962,0.12067942723264664,2.759518437915378,0.5040218200948503,2.90025876628028,1.501128077507019,0.0013648337335325778
twenty_news,headwise_adaptive_entmax,3,1,2.5744757652282715,0.27176314626601855,0.2360601668688127,2.4244374434153237,0.4691484206252628,2.804241246647305,1.5044671893119812,0.002125282713677734
twenty_news,headwise_adaptive_entmax,3,2,2.2169718742370605,0.3588157313300928,0.3343846349163432,2.157565620210436,0.42847490310668945,2.6792893277274237,1.5072790384292603,0.00217901956057176
twenty_news,headwise_adaptive_entmax,3,3,1.911744475364685,0.4074237737516571,0.38052944603896516,1.9623341957728069,0.4034632527165943,2.6030552519692316,1.5085828304290771,0.0027030667988583446
twenty_news,headwise_adaptive_entmax,3,4,1.6536543369293213,0.44410075121520104,0.42147447168035307,1.8342111772961087,0.38706403970718384,2.549194243219164,1.5088196992874146,0.0033322530798614025
twenty_news,headwise_adaptive_entmax,3,5,1.4312905073165894,0.47149801148917364,0.44727870782478096,1.750264909532335,0.36842351655165356,2.4892901447084217,1.5093122720718384,0.00436436862219125
twenty_news,headwise_adaptive_entmax,3,6,1.2464438676834106,0.4869642068051259,0.47189758908260426,1.723147498236762,0.35457661913500893,2.449237280421787,1.5099178552627563,0.005305266939103603
twenty_news,headwise_adaptive_entmax,3,7,1.0739808082580566,0.49889527176314624,0.4859206417377309,1.7411144971847534,0.3428957644436095,2.414005014631483,1.5105273723602295,0.006102454150095582
twenty_news,headwise_adaptive_entmax,3,8,0.9214884638786316,0.5086168802474591,0.49602019452515994,1.7260046667522855,0.3313990765147739,2.3793902132246227,1.511041522026062,0.006849732017144561
twenty_news,headwise_adaptive_entmax,3,9,0.7909130454063416,0.5240830755634114,0.51056603272461,1.7892074717415705,0.3195660263299942,2.336867094039917,1.5113639831542969,0.007510425057262182
twenty_news,headwise_adaptive_entmax,3,10,0.6681841015815735,0.519222271321255,0.5076926720997743,1.8379245201746623,0.3095713001158502,2.302888380156623,1.5121428966522217,0.007730740122497082
twenty_news,headwise_adaptive_entmax,3,11,0.558276355266571,0.5271763146266019,0.5161554199867053,1.8904006216261122,0.3025043168001705,2.279736498991648,1.5125746726989746,0.00832542055286467
twenty_news,headwise_adaptive_entmax,3,12,0.4748455584049225,0.521873619089704,0.5120030052680911,1.9576318793826633,0.2961500999000337,2.255081739690569,1.5125231742858887,0.008684868458658457
twenty_news,headwise_adaptive_entmax,3,13,0.399909108877182,0.5227574016791869,0.514193451034836,2.014910022417704,0.2899704890118705,2.2347327205869885,1.5129905939102173,0.009095814544707537
twenty_news,headwise_adaptive_entmax,3,14,0.32743221521377563,0.5298276623950509,0.5221635352492904,2.0993565453423395,0.2847745219866435,2.2132636507352195,1.5129236578941345,0.009537156438454986
twenty_news,headwise_adaptive_entmax,3,15,0.27775371074676514,0.5262925320371189,0.5180030385012674,2.134440024693807,0.2814249437716272,2.2033298015594482,1.5128377079963684,0.009804682107642293
twenty_news,headwise_adaptive_entmax,3,16,0.23448044061660767,0.5258506407423774,0.5186371313696182,2.2214671505822077,0.276505080362161,2.180951635042826,1.5133139491081238,0.010408232919871807
twenty_news,headwise_adaptive_entmax,3,17,0.20123730599880219,0.5302695536897923,0.521953823794511,2.2513429588741727,0.2747854499353303,2.177061763074663,1.5137784481048584,0.011252736672759056
twenty_news,headwise_adaptive_entmax,3,18,0.16052447259426117,0.5280600972160848,0.5168912673483523,2.3623956309424505,0.27364738699462676,2.174546864297655,1.514061987400055,0.011374001624062657
twenty_news,headwise_adaptive_entmax,3,19,0.13602176308631897,0.5346884666372073,0.525987091918031,2.3805627557966442,0.27066490136914784,2.1624527242448597,1.5144058465957642,0.011701077921316028
twenty_news,headwise_adaptive_entmax,3,20,0.12248899042606354,0.5223155103844455,0.5157925858703314,2.438707881503635,0.26911387426985633,2.1573266651895313,1.514289379119873,0.012460958678275347
twenty_news,headwise_adaptive_entmax,3,21,0.10211599618196487,0.5231992929739284,0.516961699673877,2.4836569362216525,0.2686170174015893,2.157716393470764,1.5144938230514526,0.012856092536821961
twenty_news,headwise_adaptive_entmax,3,22,0.09756611287593842,0.5298276623950509,0.5220466178896228,2.5391967561509876,0.2664526402950287,2.1475380857785544,1.5147253274917603,0.012866576667875051
twenty_news,headwise_adaptive_entmax,3,23,0.07155071198940277,0.5351303579319487,0.5304117370454632,2.578316158718533,0.2660217293434673,2.1479659809006586,1.5146568417549133,0.01242531300522387
twenty_news,headwise_adaptive_entmax,3,24,0.07411462068557739,0.5351303579319487,0.5304790399481745,2.6201185120476618,0.2640162466300858,2.1383010811275907,1.514574646949768,0.01268055196851492
twenty_news,headwise_adaptive_entmax,3,25,0.0643530860543251,0.5444100751215201,0.5385491114456993,2.6306229167514377,0.26516520728667575,2.1425924234920077,1.514182209968567,0.013022295432165265
twenty_news,headwise_adaptive_entmax,3,26,0.05489839240908623,0.5404330534688466,0.5323154011503003,2.711755010816786,0.262782515750991,2.1325521137979297,1.5142168998718262,0.013172660255804658
twenty_news,headwise_adaptive_entmax,3,27,0.05292191356420517,0.5338046840477243,0.5263231956907457,2.7590548197428384,0.262400043507417,2.133144027656979,1.514120876789093,0.013020402984693646
twenty_news,headwise_adaptive_entmax,3,28,0.054615143686532974,0.5267344233318604,0.521351929513152,2.8202930291493735,0.26152053227027255,2.1278489033381143,1.5137953162193298,0.012918455293402076
twenty_news,headwise_adaptive_entmax,3,29,0.05048021301627159,0.5315952275740168,0.5256744419955611,2.8058897919125028,0.2599598318338394,2.120131168100569,1.5138226747512817,0.012818458955734968
twenty_news,headwise_adaptive_entmax,4,0,2.9191830158233643,0.16924436588599204,0.12313234438214911,2.721121761533949,0.5066215048233668,2.8962530957327948,1.5023698806762695,0.0014869726728647947
twenty_news,headwise_adaptive_entmax,4,1,2.5507516860961914,0.26513477684489617,0.22999244636293104,2.393954250547621,0.46202944384680855,2.7543705304463706,1.5060456991195679,0.002683085622265935
twenty_news,headwise_adaptive_entmax,4,2,2.2112746238708496,0.3376049491825011,0.300951549195141,2.1707768970065646,0.43160347143809,2.6597308847639294,1.5079023241996765,0.0025070285191759467
twenty_news,headwise_adaptive_entmax,4,3,1.9022423028945923,0.4122845779938135,0.3810570023175924,1.9622589747111003,0.4095461550686095,2.596906370586819,1.5093972086906433,0.002324760425835848
twenty_news,headwise_adaptive_entmax,4,4,1.6478670835494995,0.44631020768890856,0.41865781104984257,1.8545443879233465,0.3925129936801063,2.5465060737397938,1.5095771551132202,0.004069549264386296
twenty_news,headwise_adaptive_entmax,4,5,1.4393190145492554,0.4745912505523641,0.4544910039955973,1.772158635987176,0.3797832214170032,2.509563340081109,1.5101365447044373,0.005598939256742597
twenty_news,headwise_adaptive_entmax,4,6,1.243062138557434,0.5002209456473707,0.4864624075444882,1.7528038422266643,0.3636333230468962,2.457621799574958,1.511639952659607,0.006752579705789685
twenty_news,headwise_adaptive_entmax,4,7,1.0728050470352173,0.5117101193106496,0.4984833331088101,1.7505232757992215,0.34878067175547284,2.417051090134515,1.5129506587982178,0.007469262927770615
twenty_news,headwise_adaptive_entmax,4,8,0.9201850891113281,0.5187803800265135,0.50614982896763,1.7350612878799438,0.3383474730783039,2.383792440096537,1.5135483145713806,0.007745971670374274
twenty_news,headwise_adaptive_entmax,4,9,0.7660694718360901,0.5258506407423774,0.5107049832769541,1.796526935365465,0.3271559774875641,2.34772166940901,1.5138865113258362,0.008184672566130757
twenty_news,headwise_adaptive_entmax,4,10,0.6511370539665222,0.5360141405214317,0.5242462941673628,1.8401715093188815,0.3181361398763127,2.3187314404381647,1.5142632722854614,0.00852647190913558
twenty_news,headwise_adaptive_entmax,4,11,0.5563462972640991,0.5338046840477243,0.5205621945607912,1.9129571517308552,0.3084178434477912,2.286153104570177,1.5144689083099365,0.008217120077461004
twenty_news,headwise_adaptive_entmax,4,12,0.4720975458621979,0.5351303579319487,0.5196203559435061,1.9961426655451457,0.30066353496578,2.2585095233387418,1.5147903561592102,0.00837436132133007
twenty_news,headwise_adaptive_entmax,4,13,0.38518109917640686,0.5368979231109147,0.5246132824816971,2.0247866577572293,0.2944976016879082,2.2376795013745627,1.5154197812080383,0.007961312308907509
twenty_news,headwise_adaptive_entmax,4,14,0.3190130293369293,0.5391073795846222,0.5289809968814778,2.077377345826891,0.2918573601378335,2.228679246372647,1.5152592658996582,0.008151895366609097
twenty_news,headwise_adaptive_entmax,4,15,0.26441261172294617,0.5231992929739284,0.5134510447332237,2.1908427344428167,0.2853176337149408,2.2008905741903515,1.5150277018547058,0.0082665397785604
twenty_news,headwise_adaptive_entmax,4,16,0.219020277261734,0.5386654882898807,0.5278841159254152,2.2603509691026478,0.28076314760579,2.1846293608347573,1.515425443649292,0.008456834126263857
twenty_news,headwise_adaptive_entmax,4,17,0.18047218024730682,0.5289438798055678,0.5175969565734608,2.3406179745992026,0.2797048141558965,2.182114793194665,1.5147160291671753,0.008512364700436592
twenty_news,headwise_adaptive_entmax,4,18,0.14852873980998993,0.5315952275740168,0.5228670277741088,2.3784815205468073,0.2789086103439331,2.179967522621155,1.5144479274749756,0.008644098648801446
twenty_news,headwise_adaptive_entmax,4,19,0.1268932968378067,0.5293857711003094,0.5194474410821656,2.4691202110714383,0.27740583568811417,2.1723079482714334,1.513932704925537,0.008696126285940409
twenty_news,headwise_adaptive_entmax,5,0,2.9550721645355225,0.15333627927529828,0.10314812662634187,2.7817743354373508,0.5060704929961098,2.902442971865336,1.5015723705291748,0.0010889495024457574
twenty_news,headwise_adaptive_entmax,5,1,2.5823490619659424,0.26690234202386215,0.23449551951503098,2.4146409034729004,0.46422818468676674,2.7896589173210993,1.506377398967743,0.000933150906348601
twenty_news,headwise_adaptive_entmax,5,2,2.1877052783966064,0.34821034025629694,0.31385799012876475,2.1261921988593206,0.4303466777006785,2.6817809343338013,1.5089951157569885,0.0015609923284500837
twenty_news,headwise_adaptive_entmax,5,3,1.8514482975006104,0.41714538223597,0.3864170809975536,1.9651407665676541,0.41644984980424243,2.6402778228123984,1.5088139772415161,0.0024052654625847936
twenty_news,headwise_adaptive_entmax,5,4,1.6202583312988281,0.44498453380468406,0.418558144040999,1.8556765053007338,0.3956376396947437,2.5820841789245605,1.50945246219635,0.0033055123640224338
twenty_news,headwise_adaptive_entmax,5,5,1.3905237913131714,0.4675209898365002,0.4554137555766918,1.8418991565704346,0.3814239766862657,2.538716846042209,1.5099453926086426,0.003929796977899969
twenty_news,headwise_adaptive_entmax,5,6,1.2362583875656128,0.48740609809986746,0.46584687575866157,1.7462456623713176,0.36856867207421196,2.5027167797088623,1.5101259350776672,0.0051807735580950975
twenty_news,headwise_adaptive_entmax,5,7,1.0516003370285034,0.5011047282368537,0.48718279644546375,1.7673268185721502,0.3536996808316972,2.454541908370124,1.5111754536628723,0.006026997230947018
twenty_news,headwise_adaptive_entmax,5,8,0.9234283566474915,0.5143614670790986,0.5018106203247951,1.7711235682169597,0.3407157642973794,2.4114988247553506,1.511898159980774,0.006406654138118029
twenty_news,headwise_adaptive_entmax,5,9,0.7587287425994873,0.5178965974370305,0.5056590266997742,1.8239584896299574,0.3294004731708103,2.373049259185791,1.5124664306640625,0.006337375147268176
twenty_news,headwise_adaptive_entmax,5,10,0.6558541655540466,0.5231992929739284,0.5120132243085485,1.8600559367073908,0.3177829600042767,2.3339561223983765,1.5131973624229431,0.0065418502781540155
twenty_news,headwise_adaptive_entmax,5,11,0.5632303357124329,0.5377817057003977,0.5254919699462549,1.8973304960462782,0.3121197803152932,2.319106274180942,1.513569951057434,0.007248792331665754
twenty_news,headwise_adaptive_entmax,5,12,0.4712657034397125,0.5302695536897923,0.516088549774772,1.9542478322982788,0.305127340886328,2.2962191237343683,1.5140745043754578,0.007820007856935263
twenty_news,headwise_adaptive_entmax,5,13,0.39405637979507446,0.516570923552806,0.5100956593112387,2.0430191887749567,0.2989377338025305,2.2712598509258695,1.5140871405601501,0.007991518592461944
twenty_news,headwise_adaptive_entmax,5,14,0.33122581243515015,0.5258506407423774,0.5160458384673823,2.11138469643063,0.29220978418986004,2.2457524471812778,1.5150677561759949,0.008611072786152363
twenty_news,headwise_adaptive_entmax,5,15,0.2781732678413391,0.5262925320371189,0.5199667576889269,2.170219580332438,0.2885118110312356,2.235072387589349,1.515794277191162,0.008915771031752229
twenty_news,headwise_adaptive_entmax,5,16,0.2258325219154358,0.5338046840477243,0.527141591182908,2.2635090351104736,0.2846334965692626,2.218503726853265,1.5156410932540894,0.008817740948870778
twenty_news,headwise_adaptive_entmax,6,0,2.9493770599365234,0.13566062748563854,0.10399308535154543,2.82745181189643,0.5008863889508777,2.9187497165468006,1.5014101266860962,0.0021543054026551545
twenty_news,headwise_adaptive_entmax,6,1,2.594182014465332,0.2708793636765356,0.23821059000202444,2.4528955353630915,0.4570757961935467,2.7819900512695312,1.505446195602417,0.0036989935906603932
twenty_news,headwise_adaptive_entmax,6,2,2.19101619720459,0.35086168802474593,0.3284660851483482,2.161342329449124,0.4170782483286328,2.651037679778205,1.5079070925712585,0.003281403915025294
twenty_news,headwise_adaptive_entmax,6,3,1.8804067373275757,0.3910737958462218,0.36364106650328665,1.9980741209454007,0.40053575734297436,2.603727552625868,1.5081519484519958,0.0035445138346403837
twenty_news,headwise_adaptive_entmax,6,4,1.6254684925079346,0.4365885992045957,0.4107163438756377,1.883793248070611,0.382931199338701,2.5485982629987927,1.5087705850601196,0.003974357969127595
twenty_news,headwise_adaptive_entmax,6,5,1.4074703454971313,0.45735749005744586,0.42937790434344614,1.8179127640194364,0.36797457271152073,2.5055686367882624,1.509537398815155,0.004905165871605277
twenty_news,headwise_adaptive_entmax,6,6,1.2086975574493408,0.48652231551038444,0.46757950789890224,1.7794293297661676,0.3551960537830989,2.4659254021114774,1.5099316835403442,0.005655323737300932
twenty_news,headwise_adaptive_entmax,6,7,1.0316866636276245,0.4958020326999558,0.4772944204374898,1.7848887178632948,0.34502193166149986,2.439649807082282,1.5107870697975159,0.005772763048298657
twenty_news,headwise_adaptive_entmax,6,8,0.8706786036491394,0.5037560760053027,0.4895650632907982,1.8121000793245103,0.3361234962940216,2.41324774424235,1.5108839273452759,0.006004289840348065
twenty_news,headwise_adaptive_entmax,6,9,0.7305952310562134,0.49889527176314624,0.48458935859102076,1.8636430237028334,0.32432686123583054,2.3710224760903253,1.5111647844314575,0.0062558697536587715
twenty_news,headwise_adaptive_entmax,6,10,0.6116780042648315,0.518338488731772,0.5033027725087038,1.904193149672614,0.3169088363647461,2.3531757328245373,1.5117555856704712,0.005919228889979422
twenty_news,headwise_adaptive_entmax,6,11,0.5066254138946533,0.518338488731772,0.5047344037193732,1.9881872865888808,0.307258235083686,2.3154956764645047,1.512306272983551,0.006100309547036886
twenty_news,headwise_adaptive_entmax,6,12,0.42079824209213257,0.5095006628369421,0.4956731017048244,2.0745669735802545,0.3014660957786772,2.2980999681684704,1.5124787092208862,0.00590583065059036
twenty_news,headwise_adaptive_entmax,6,13,0.34407415986061096,0.5143614670790986,0.5036878085384805,2.1644638776779175,0.2967824356423484,2.2801327970292835,1.5125243067741394,0.005577530013397336
twenty_news,headwise_adaptive_entmax,6,14,0.2749500572681427,0.5205479452054794,0.5108838917715065,2.2501374218198986,0.2934087456928359,2.2671060959498086,1.5123459100723267,0.005670117912814021
twenty_news,headwise_adaptive_entmax,6,15,0.24492743611335754,0.5196641626159965,0.5062988834630032,2.310798592037625,0.29008790685070884,2.257225592931112,1.512234091758728,0.005396037362515926
twenty_news,headwise_adaptive_entmax,6,16,0.19249065220355988,0.5117101193106496,0.5060875897005814,2.4039192464616566,0.28638436810837853,2.239219413863288,1.5119149088859558,0.005224133376032114
twenty_news,headwise_adaptive_entmax,6,17,0.1579335778951645,0.519222271321255,0.5109332023465314,2.4948310587141247,0.2831443523367246,2.2268299195501537,1.5118675827980042,0.004553147009573877
twenty_news,headwise_adaptive_entmax,6,18,0.13637284934520721,0.5196641626159965,0.5101700503986146,2.517573356628418,0.2830345117383533,2.227402846018473,1.511417269706726,0.0043786633759737015
twenty_news,headwise_adaptive_entmax,6,19,0.12444150447845459,0.5245249668581529,0.5156752774893806,2.579560306337145,0.2810871973633766,2.2199279997083874,1.510933518409729,0.004290419863536954
twenty_news,headwise_adaptive_entmax,6,20,0.10361165553331375,0.5209898365002209,0.5146811717110789,2.67553268538581,0.2807405624124739,2.21655093299018,1.5103543996810913,0.003988094860687852
twenty_news,headwise_adaptive_entmax,6,21,0.09461410343647003,0.5249668581528943,0.5182575130829871,2.672672086291843,0.2781042887104882,2.202835818131765,1.5100336074829102,0.0035709470976144075
twenty_news,headwise_adaptive_entmax,6,22,0.07904589921236038,0.517454706142289,0.5118276957354675,2.747741381327311,0.2771057610710462,2.2013375759124756,1.5102858543395996,0.003276870585978031
twenty_news,headwise_adaptive_entmax,6,23,0.06835894286632538,0.5298276623950509,0.5215938962517029,2.7790155145857067,0.2769005083375507,2.2035143309169345,1.510037899017334,0.0026674680411815643
twenty_news,headwise_adaptive_entmax,6,24,0.06503120064735413,0.5329209014582412,0.5258169006068033,2.837752209769355,0.2755044624209404,2.1938750214046903,1.5095220804214478,0.002933416166342795
twenty_news,headwise_adaptive_entmax,6,25,0.05934669449925423,0.5302695536897923,0.5236327477115249,2.8811438613467746,0.27448344230651855,2.1903015110227795,1.5093254446983337,0.0034173938911408186
twenty_news,headwise_adaptive_entmax,6,26,0.06239013001322746,0.5302695536897923,0.5223276314334101,2.888298643959893,0.2739919788307614,2.187093529436323,1.5092166662216187,0.0036185981007292867
twenty_news,headwise_adaptive_entmax,6,27,0.05248721316456795,0.5285019885108263,0.5182918202488448,2.9245626661512585,0.2721177422338062,2.1773433685302734,1.5090800523757935,0.0032457855995744467
twenty_news,headwise_adaptive_entmax,6,28,0.050020981580019,0.5355722492266902,0.524572367988938,2.9890874226888022,0.2719769287440512,2.178470551967621,1.509160339832306,0.0032194629311561584
twenty_news,headwise_adaptive_entmax,6,29,0.04399114102125168,0.5298276623950509,0.5183412767510618,3.0037554105122886,0.2728349839647611,2.1836474537849426,1.5089111328125,0.003355878172442317
twenty_news,headwise_adaptive_entmax,7,0,2.930744171142578,0.1802916482545294,0.14421771241919107,2.7128637631734214,0.5008716219001346,2.9055479102664523,1.5025068521499634,0.002605193993076682
twenty_news,headwise_adaptive_entmax,7,1,2.5091469287872314,0.3013698630136986,0.2743857909345442,2.3396912150912814,0.44526538252830505,2.738700336880154,1.5081074237823486,0.0028827921487390995
twenty_news,headwise_adaptive_entmax,7,2,2.1004674434661865,0.37207247017233763,0.3443487778650979,2.0809447235531278,0.4200514389408959,2.655716472201877,1.509831726551056,0.0031271871412172914
twenty_news,headwise_adaptive_entmax,7,3,1.7882264852523804,0.4158197083517455,0.3969246660135669,1.931668308046129,0.4020920726988051,2.600221210055881,1.510739803314209,0.0025178208015859127
twenty_news,headwise_adaptive_entmax,7,4,1.532920479774475,0.4582412726469289,0.4360976651671325,1.8429859611723158,0.38497135208712685,2.547574586338467,1.5113897919654846,0.002602267311885953
twenty_news,headwise_adaptive_entmax,7,5,1.3192572593688965,0.4692885550154662,0.44611846871113503,1.8037228716744318,0.37074539065361023,2.502872599495782,1.511950671672821,0.002368440735153854
twenty_news,headwise_adaptive_entmax,7,6,1.1355785131454468,0.4829871851524525,0.4666853866045826,1.7960898611280653,0.35676604840490556,2.462763057814704,1.512885332107544,0.0021861419081687927
twenty_news,headwise_adaptive_entmax,7,7,0.9719076156616211,0.4887317719840919,0.47026253827683195,1.8322590721978083,0.3448673900630739,2.4309954113430448,1.5137203335762024,0.0023674077820032835
twenty_news,headwise_adaptive_entmax,7,8,0.8255994319915771,0.4966858152894388,0.4756186308556368,1.8729445669386122,0.33101576069990796,2.383094973034329,1.514636754989624,0.003023990080691874
twenty_news,headwise_adaptive_entmax,7,9,0.6999049186706543,0.5064074237737517,0.4897432523369797,1.901008791393704,0.3249320189158122,2.369019137488471,1.515108585357666,0.0027219437761232257
twenty_news,headwise_adaptive_entmax,7,10,0.57618248462677,0.5134776844896155,0.4957600940051906,1.9650188154644437,0.3161326547463735,2.3390091260274253,1.5155037641525269,0.003707175492309034
twenty_news,headwise_adaptive_entmax,7,11,0.4777834713459015,0.5134776844896155,0.4998315589144678,2.053231954574585,0.30709192984633976,2.3028608428107367,1.5158976912498474,0.004346249275840819
twenty_news,headwise_adaptive_entmax,7,12,0.4071994721889496,0.5117101193106496,0.5016467907221653,2.1537305778927274,0.3016168764895863,2.2841147316826715,1.5163756608963013,0.004444419639185071
twenty_news,headwise_adaptive_entmax,7,13,0.3375185430049896,0.516570923552806,0.5057393803628588,2.1912487612830267,0.29700010021527606,2.270004861884647,1.517161786556244,0.005284547572955489
twenty_news,headwise_adaptive_entmax,7,14,0.27903464436531067,0.5033141847105612,0.4916167297838328,2.2878796259562173,0.2922430568271213,2.250401026672787,1.517393946647644,0.005887154024094343
twenty_news,headwise_adaptive_entmax,7,15,0.2281135469675064,0.5103844454264251,0.4982735952373033,2.358883089489407,0.288947897652785,2.2355943984455533,1.5169093012809753,0.006333523662760854
twenty_news,headwise_adaptive_entmax,7,16,0.19831235706806183,0.5028722934158197,0.4910818202618323,2.4439778327941895,0.2855360698368814,2.221145126554701,1.5168735980987549,0.007000580197200179
twenty_news,headwise_adaptive_entmax,7,17,0.16878297924995422,0.5143614670790986,0.5032102598125376,2.5006554391649036,0.28349072403377956,2.216642883088854,1.5171452760696411,0.007967117009684443
twenty_news,headwise_adaptive_entmax,7,18,0.14708445966243744,0.5006628369421122,0.48910344882208373,2.5795634852515326,0.28232505255275303,2.212326857778761,1.5171270966529846,0.008182298624888062
twenty_news,headwise_adaptive_entmax,8,0,2.9254581928253174,0.16968625718073355,0.11852813534181583,2.7348924742804632,0.5050484008259244,2.909202257792155,1.5016180276870728,0.002051218063570559
twenty_news,headwise_adaptive_entmax,8,1,2.5758800506591797,0.275740167918692,0.23926610656978559,2.3833550877041287,0.47243616812758976,2.823938700887892,1.5052202343940735,0.0021510465594474226
twenty_news,headwise_adaptive_entmax,8,2,2.185716390609741,0.36809544851966414,0.3328317266973515,2.0879352622561984,0.4349258955981996,2.7012299829059176,1.5072808265686035,0.00280209188349545
twenty_news,headwise_adaptive_entmax,8,3,1.880351185798645,0.42554131683605834,0.3981338805552473,1.909508466720581,0.42095942464139724,2.6641981071896024,1.5076560974121094,0.0025829238584265113
twenty_news,headwise_adaptive_entmax,8,4,1.6281332969665527,0.46045072912063634,0.4350804280845989,1.8226797845628526,0.4065796385208766,2.620953996976217,1.5076377987861633,0.0023047940339893103
twenty_news,headwise_adaptive_entmax,8,5,1.4195380210876465,0.4631020768890853,0.4391456891062247,1.7830284304089017,0.39288698964648777,2.577311979399787,1.5080803632736206,0.002879539504647255
twenty_news,headwise_adaptive_entmax,8,6,1.2478731870651245,0.5059655324790102,0.48544559917061136,1.7121889061397977,0.38323354555500877,2.552077372868856,1.5085211992263794,0.0032750136451795697
twenty_news,headwise_adaptive_entmax,8,7,1.0817437171936035,0.517454706142289,0.4976956455727521,1.6970786386066012,0.37394896811909145,2.527404930856493,1.508683681488037,0.003742493805475533
twenty_news,headwise_adaptive_entmax,8,8,0.9271157383918762,0.5227574016791869,0.5036272242187102,1.7294292847315471,0.36088943150308395,2.4848295185301037,1.5090917944908142,0.004038182203657925
twenty_news,headwise_adaptive_entmax,8,9,0.7929039001464844,0.5280600972160848,0.5162938364986839,1.751476036177741,0.34789908428986865,2.4450380537245007,1.5103341341018677,0.004699887940660119
twenty_news,headwise_adaptive_entmax,8,10,0.6942121982574463,0.5320371188687583,0.5162087230061995,1.790879978073968,0.33779056039121413,2.4137822124693127,1.5118178129196167,0.005377114983275533
twenty_news,headwise_adaptive_entmax,8,11,0.5758360028266907,0.5413168360583297,0.5253283715313252,1.8350337346394856,0.33120972249242997,2.39602353837755,1.5127394795417786,0.005550775909796357
twenty_news,headwise_adaptive_entmax,8,12,0.4949103593826294,0.5391073795846222,0.5304973528702888,1.8913557794358995,0.32113024592399597,2.360778636402554,1.513198733329773,0.005665638018399477
twenty_news,headwise_adaptive_entmax,8,13,0.4044934809207916,0.5408749447635881,0.5319023492130794,1.9735054969787598,0.31568880875905353,2.3436292012532554,1.5134032368659973,0.005907438462600112
twenty_news,headwise_adaptive_entmax,8,14,0.3431045114994049,0.5404330534688466,0.5286881758008704,2.0472280316882663,0.3113284475273556,2.330416374736362,1.513432800769806,0.006375405704602599
twenty_news,headwise_adaptive_entmax,8,15,0.28827211260795593,0.547945205479452,0.5339711190746788,2.124783886803521,0.30684274103906417,2.3159898254606457,1.5132364630699158,0.006773833651095629
twenty_news,headwise_adaptive_entmax,8,16,0.23849818110466003,0.5399911621741051,0.5313792598872676,2.177284691068861,0.30301306313938564,2.300678703520033,1.5131888389587402,0.007135840132832527
twenty_news,headwise_adaptive_entmax,8,17,0.1955128312110901,0.5351303579319487,0.5254390560314443,2.2352071868048773,0.30036335852411056,2.2897596491707697,1.5131993293762207,0.007729826960712671
twenty_news,headwise_adaptive_entmax,8,18,0.16856522858142853,0.5457357490057446,0.5365727571226194,2.289672268761529,0.2975189917617374,2.280316220389472,1.5133283734321594,0.007613760884851217
twenty_news,headwise_adaptive_entmax,8,19,0.14084577560424805,0.5382235969951392,0.5274120993731406,2.343689203262329,0.2955750682287746,2.2733581993314953,1.5134767293930054,0.007709253113716841
twenty_news,headwise_adaptive_entmax,8,20,0.11828099191188812,0.5422006186478127,0.533756465355515,2.4550062550438776,0.29291945116387474,2.262125107977125,1.5134954452514648,0.008028491400182247
twenty_news,headwise_adaptive_entmax,9,0,2.9439444541931152,0.15333627927529828,0.11316409527929472,2.7943997383117676,0.5104073087374369,2.938789619339837,1.501591980457306,0.0028621945530176163
twenty_news,headwise_adaptive_entmax,9,1,2.598453998565674,0.2527618205921343,0.21597934488410014,2.43019347720676,0.46417000889778137,2.8031940857569375,1.5061908960342407,0.00413291493896395
twenty_news,headwise_adaptive_entmax,9,2,2.195587396621704,0.3521873619089704,0.32512683162775435,2.153910583919949,0.4300168239408069,2.699253797531128,1.5092055797576904,0.003739686799235642
twenty_news,headwise_adaptive_entmax,9,3,1.8671743869781494,0.4065399911621741,0.38424052141412524,1.9802900287840102,0.4065849764479531,2.6278047296735974,1.5102859139442444,0.004077488090842962
twenty_news,headwise_adaptive_entmax,9,4,1.5851554870605469,0.4410075121520106,0.4272619485955551,1.8777002625995212,0.3908287932475408,2.5732862684461804,1.5096028447151184,0.004515164764598012
twenty_news,headwise_adaptive_entmax,9,5,1.3587825298309326,0.4622182942996023,0.44472187666101515,1.8305173714955647,0.37470199333296883,2.529084086418152,1.510346531867981,0.003889136016368866
twenty_news,headwise_adaptive_entmax,9,6,1.1738951206207275,0.4856385329209015,0.47040400633466256,1.7890854014290705,0.35993799567222595,2.4823998080359564,1.5109903812408447,0.003627435420639813
twenty_news,headwise_adaptive_entmax,9,7,1.0128724575042725,0.4993371630578878,0.4868376078123081,1.8062101867463853,0.3450745526287291,2.433207114537557,1.5121190547943115,0.0034533228026703
twenty_news,headwise_adaptive_entmax,9,8,0.8649048805236816,0.5033141847105612,0.48791572967880387,1.8344680203331842,0.33684469593895805,2.4151850408977933,1.5124182105064392,0.002852932666428387
twenty_news,headwise_adaptive_entmax,9,9,0.7412235140800476,0.5139195757843571,0.5018274617235664,1.8659948772854276,0.32466526163948906,2.3711816469828286,1.5127081871032715,0.0034692983608692884
twenty_news,headwise_adaptive_entmax,9,10,0.617186427116394,0.5112682280159081,0.5004736870360016,1.9109918541378446,0.3172280490398407,2.346917986869812,1.5127907991409302,0.00412167445756495
twenty_news,headwise_adaptive_entmax,9,11,0.5144039988517761,0.5209898365002209,0.5085260233105214,1.9831768936581082,0.3110168981883261,2.3255898687574597,1.5124866366386414,0.004385145381093025
twenty_news,headwise_adaptive_entmax,9,12,0.4258154034614563,0.5223155103844455,0.5102470403692643,2.050825185245938,0.30480434083276325,2.3026670482423572,1.5124934315681458,0.005343309952877462
twenty_news,headwise_adaptive_entmax,9,13,0.3579007685184479,0.5214317277949624,0.5139249092677671,2.130699952443441,0.3000366629825698,2.28847783141666,1.5127490758895874,0.005134587991051376
twenty_news,headwise_adaptive_entmax,9,14,0.29351624846458435,0.5214317277949624,0.5158989999436855,2.190787606769138,0.2934854668047693,2.2629574802186756,1.5130233764648438,0.005180147127248347
twenty_news,headwise_adaptive_entmax,9,15,0.23813529312610626,0.5329209014582412,0.5240443772921937,2.2542159292432995,0.28992853148116005,2.249563455581665,1.5134704113006592,0.005076132831163704
twenty_news,headwise_adaptive_entmax,9,16,0.19842755794525146,0.5258506407423774,0.5179114315576124,2.326337072584364,0.28577714827325607,2.2330716384781732,1.5141180753707886,0.005066885380074382
twenty_news,headwise_adaptive_entmax,9,17,0.1706596314907074,0.521873619089704,0.5157792400314412,2.395141124725342,0.2839948121044371,2.2300091319613986,1.5142969489097595,0.004940380225889385
twenty_news,headwise_adaptive_entmax,9,18,0.14683611690998077,0.5271763146266019,0.5152532378533808,2.498392899831136,0.28152498851219815,2.2197303308380976,1.5143572688102722,0.00473253324162215
twenty_news,headwise_adaptive_entmax,9,19,0.13943052291870117,0.5262925320371189,0.5151208916913429,2.521002345614963,0.2780403296152751,2.2051002515686884,1.5146470665931702,0.004974041599780321
twenty_news,headwise_adaptive_entmax,9,20,0.11301730573177338,0.5298276623950509,0.5206993685556943,2.5622818734910755,0.277168901430236,2.202898542086283,1.5148137211799622,0.005366812460124493
