dataset,method,seed,epoch,train_loss,val_accuracy,val_macro_f1,val_loss,attention_density,attention_entropy,alpha_mean,alpha_std
cifar10,softmax,0,0,2.0317301750183105,0.3384,0.3269620077293037,1.813293632864952,0.999999749660492,2.6532363831996917,nan,nan
cifar10,softmax,0,1,1.7430071830749512,0.4005,0.38653382755418,1.6434837996959686,0.9999976806342602,2.61497315466404,nan,nan
cifar10,softmax,0,2,1.588350534439087,0.4534,0.4358510209318628,1.496394047141075,0.999919593334198,2.5519780218601227,nan,nan
cifar10,softmax,0,3,1.500614881515503,0.4562,0.45005396135093256,1.4888979494571686,0.9991073802113533,2.4785126745700836,nan,nan
cifar10,softmax,0,4,1.4333945512771606,0.493,0.4893660402818448,1.4129995346069335,0.9993209838867188,2.5166418999433517,nan,nan
cifar10,softmax,0,5,1.3861660957336426,0.5128,0.5112013026400162,1.3599971234798431,0.9992160201072693,2.4908293575048446,nan,nan
cifar10,softmax,0,6,1.3365329504013062,0.5265,0.5249437317309579,1.3260345607995987,0.9982096374034881,2.4356697112321855,nan,nan
cifar10,softmax,0,7,1.3098558187484741,0.5265,0.5163414480167641,1.3454807728528977,0.9974822849035263,2.452412185072899,nan,nan
cifar10,softmax,0,8,1.2752578258514404,0.5358,0.5286978182419813,1.2926791697740554,0.9972514890134334,2.430848067998886,nan,nan
cifar10,softmax,0,9,1.2477617263793945,0.5455,0.5373143743861011,1.2842483907938003,0.9967539586126805,2.4379187554121016,nan,nan
cifar10,softmax,0,10,1.2271887063980103,0.5519,0.5434057372946561,1.2738965779542923,0.9972600668668747,2.4548159807920458,nan,nan
cifar10,softmax,0,11,1.1945459842681885,0.5596,0.5582059033468761,1.2234510809183121,0.9968562632799148,2.4456652998924255,nan,nan
cifar10,softmax,0,12,1.1751502752304077,0.5702,0.5679653857611301,1.2185154676437377,0.9937065109610558,2.375103896856308,nan,nan
cifar10,softmax,0,13,1.1538527011871338,0.5741,0.5747187274122375,1.203524002432823,0.9898732468485832,2.315893603861332,nan,nan
cifar10,softmax,0,14,1.133278727531433,0.5884,0.5882075475850695,1.17662732899189,0.9936489813029766,2.385442340373993,nan,nan
cifar10,softmax,0,15,1.1141279935836792,0.5889,0.5869578974182362,1.171520119905472,0.9907568417489528,2.3365367650985718,nan,nan
cifar10,softmax,0,16,1.0904046297073364,0.5774,0.5762098632569226,1.184886184334755,0.9928469493985176,2.3726776361465456,nan,nan
cifar10,softmax,0,17,1.0787336826324463,0.5826,0.5759751046223502,1.1886071056127547,0.9937117494642734,2.3803079962730407,nan,nan
cifar10,softmax,0,18,1.0644153356552124,0.5928,0.5906115182511518,1.1582360967993737,0.9936270169913769,2.38400074839592,nan,nan
cifar10,softmax,0,19,1.0431023836135864,0.5921,0.5902336109638636,1.1406654611229896,0.9947106122970581,2.40478101670742,nan,nan
cifar10,softmax,0,20,1.0322262048721313,0.6033,0.5999891883227282,1.1370518445968627,0.9941140696406364,2.4066002875566483,nan,nan
cifar10,softmax,0,21,1.0154081583023071,0.6065,0.6062348287346622,1.1209804654121398,0.992494211345911,2.3692560106515885,nan,nan
cifar10,softmax,0,22,1.0069472789764404,0.6079,0.6037099616660864,1.1163737267255782,0.9954651676118373,2.4461619198322295,nan,nan
cifar10,softmax,0,23,0.9986445307731628,0.6082,0.6083538379077478,1.1122508659958839,0.9935830876231193,2.3796462774276734,nan,nan
cifar10,softmax,0,24,0.9733302593231201,0.606,0.6069668486405888,1.1306663542985915,0.995191290974617,2.4342944979667664,nan,nan
cifar10,softmax,0,25,0.9589031338691711,0.613,0.6116660149265604,1.1136157348752023,0.9925073049962521,2.345318505167961,nan,nan
cifar10,softmax,0,26,0.9574002027511597,0.604,0.6048903540974986,1.1255356416106224,0.9905101232230663,2.3208991184830667,nan,nan
cifar10,softmax,0,27,0.9426232576370239,0.6121,0.611597174882519,1.11099151968956,0.9910886287689209,2.3439514875411986,nan,nan
cifar10,softmax,0,28,0.9351158738136292,0.6051,0.6042070130384456,1.121429120004177,0.9867325760424137,2.283312554657459,nan,nan
cifar10,softmax,0,29,0.9169458150863647,0.6136,0.6105552353147636,1.136632439494133,0.9885588578879834,2.2844113618135453,nan,nan
cifar10,softmax,1,0,1.9883006811141968,0.3481,0.3417905889989118,1.7816264629364014,1.0,2.646332988142967,nan,nan
cifar10,softmax,1,1,1.7059797048568726,0.4001,0.38202425667466744,1.6284106701612473,1.0,2.678007209300995,nan,nan
cifar10,softmax,1,2,1.5836732387542725,0.4378,0.41166572119626654,1.535550606250763,0.9999869562685489,2.684588086605072,nan,nan
cifar10,softmax,1,3,1.5075626373291016,0.464,0.45100509678302103,1.466813215613365,0.9999590404331684,2.6488281697034837,nan,nan
cifar10,softmax,1,4,1.4473315477371216,0.4646,0.4622817800544211,1.473158496618271,0.9998874492943287,2.6362237989902497,nan,nan
cifar10,softmax,1,5,1.3923816680908203,0.4984,0.4911114995382205,1.4148118585348128,0.999871227145195,2.616463077068329,nan,nan
cifar10,softmax,1,6,1.3458755016326904,0.5116,0.5033133471234854,1.3609002441167832,0.9998142056167125,2.6004080802202223,nan,nan
cifar10,softmax,1,7,1.3108035326004028,0.5282,0.5158986721426061,1.3189509987831116,0.9997342050075531,2.5857470989227296,nan,nan
cifar10,softmax,1,8,1.2748709917068481,0.5319,0.528850361955712,1.3092963457107545,0.9996615961194039,2.5669209539890288,nan,nan
cifar10,softmax,1,9,1.2467707395553589,0.5432,0.5432154664677034,1.2885487020015716,0.9996057152748108,2.5226465344429014,nan,nan
cifar10,softmax,1,10,1.2198493480682373,0.555,0.5498354881196832,1.2520659983158111,0.9996772244572639,2.544835996627808,nan,nan
cifar10,softmax,1,11,1.1904329061508179,0.5543,0.5448913781841271,1.2579906165599823,0.9996599085628987,2.5259115934371947,nan,nan
cifar10,softmax,1,12,1.1711950302124023,0.549,0.5500455681673226,1.301459762454033,0.9995320931077003,2.4746482968330383,nan,nan
cifar10,softmax,1,13,1.1512079238891602,0.5715,0.5680400722154566,1.214099007844925,0.9995148606598377,2.5008803248405456,nan,nan
cifar10,softmax,1,14,1.1264612674713135,0.5735,0.5715223294936664,1.2061348050832748,0.9995943151414395,2.507360565662384,nan,nan
cifar10,softmax,1,15,1.099015235900879,0.5809,0.5751953949342077,1.1832775175571442,0.9994755774736405,2.4952340185642243,nan,nan
cifar10,softmax,1,16,1.0811066627502441,0.5815,0.5762791307175392,1.2177795141935348,0.9992105267941952,2.4866156011819838,nan,nan
cifar10,softmax,1,17,1.064646601676941,0.5929,0.592118797315465,1.189315402507782,0.9994768872857094,2.479178085923195,nan,nan
cifar10,softmax,1,18,1.0449371337890625,0.5929,0.5874282428689034,1.1800471618771553,0.9993199683725834,2.4883793205022813,nan,nan
cifar10,softmax,1,19,1.0264477729797363,0.5992,0.5964620944265214,1.163350300490856,0.9993957050144673,2.464359480142593,nan,nan
cifar10,softmax,1,20,1.0125583410263062,0.5927,0.5898638664176381,1.183976474404335,0.9990678027272224,2.440858581662178,nan,nan
cifar10,softmax,1,21,1.0027223825454712,0.6028,0.5983397507503463,1.1437408566474914,0.9993554927408695,2.4561960369348528,nan,nan
cifar10,softmax,1,22,0.9887689352035522,0.6065,0.6045595888754839,1.1412407353520393,0.9989677838981151,2.429378068447113,nan,nan
cifar10,softmax,1,23,0.971419632434845,0.6083,0.6061761080390775,1.1362361073493958,0.9991824813187122,2.449238654971123,nan,nan
cifar10,softmax,1,24,0.9625422358512878,0.6097,0.6033668153172477,1.1349145635962485,0.9990087136626243,2.4406522691249846,nan,nan
cifar10,softmax,1,25,0.9453455805778503,0.6067,0.6038971334311449,1.1525108218193054,0.9993978135287762,2.4641609251499177,nan,nan
cifar10,softmax,1,26,0.9349619746208191,0.6157,0.6147080736674925,1.118138276040554,0.9986742220818996,2.4202518194913862,nan,nan
cifar10,softmax,1,27,0.9281545281410217,0.6148,0.6151325706889641,1.1365513071417808,0.9984888799488545,2.4039640337228776,nan,nan
cifar10,softmax,1,28,0.9137841463088989,0.6121,0.611153903644473,1.1293325111269952,0.9984165221452713,2.4182160288095473,nan,nan
cifar10,softmax,1,29,0.8939449191093445,0.6181,0.6160974382958807,1.1302461832761765,0.9986577913165092,2.4165511578321457,nan,nan
cifar10,softmax,2,0,1.9962018728256226,0.3302,0.3013296641592718,1.8155182421207428,1.0,2.6711398005485534,nan,nan
cifar10,softmax,2,1,1.7154463529586792,0.4001,0.39201363066633993,1.6240854501724242,0.999999663233757,2.641842842102051,nan,nan
cifar10,softmax,2,2,1.5768400430679321,0.4448,0.4316023766266427,1.526078435778618,0.999996667355299,2.5906652718782426,nan,nan
cifar10,softmax,2,3,1.5057495832443237,0.4611,0.4503418252572364,1.4727065443992615,0.9999783024191856,2.5612348526716233,nan,nan
cifar10,softmax,2,4,1.4465315341949463,0.484,0.4850588917757988,1.4224530756473541,0.9999265618622303,2.544051191210747,nan,nan
cifar10,softmax,2,5,1.3863763809204102,0.4859,0.4832315290337686,1.4252527415752412,0.9999485664069653,2.5679724544286726,nan,nan
cifar10,softmax,2,6,1.3469406366348267,0.5221,0.515621565897874,1.3322769284248352,0.9998573750257492,2.533730778098106,nan,nan
cifar10,softmax,2,7,1.3098664283752441,0.5103,0.5131906426315866,1.359236216545105,0.9996711015701294,2.499598154425621,nan,nan
cifar10,softmax,2,8,1.2774062156677246,0.5451,0.5374073436829514,1.2654716461896895,0.9987186998128891,2.45898922085762,nan,nan
cifar10,softmax,2,9,1.2572530508041382,0.5446,0.5440843605968169,1.2526584416627884,0.9983114317059517,2.4710415661334992,nan,nan
cifar10,softmax,2,10,1.2244905233383179,0.5555,0.546631919290554,1.255020621418953,0.9971828944981098,2.4156239479780197,nan,nan
cifar10,softmax,2,11,1.2002077102661133,0.5622,0.557488806086063,1.2211068660020827,0.9975159488618374,2.4277096658945085,nan,nan
cifar10,softmax,2,12,1.1759668588638306,0.5714,0.5678838591319024,1.1967699199914932,0.9982763729989529,2.4395214051008223,nan,nan
cifar10,softmax,2,13,1.1650434732437134,0.5732,0.5762173344180681,1.2040552765130996,0.9983713276684284,2.44264660179615,nan,nan
cifar10,softmax,2,14,1.137380838394165,0.5623,0.5570612847873784,1.2287354975938798,0.9993084378540515,2.4770129889249803,nan,nan
cifar10,softmax,2,15,1.119787335395813,0.5762,0.5672632301984633,1.1929946571588517,0.9983894899487495,2.431019496917725,nan,nan
cifar10,softmax,2,16,1.0973329544067383,0.5896,0.5824210517892513,1.1627415642142296,0.9987042531371116,2.436994877457619,nan,nan
cifar10,softmax,2,17,1.0840685367584229,0.5945,0.5943830083773705,1.1547551825642586,0.9981424331665039,2.4186288207769393,nan,nan
cifar10,softmax,2,18,1.0657650232315063,0.5865,0.5807653010338832,1.1846242725849152,0.9985608972609044,2.425484424829483,nan,nan
cifar10,softmax,2,19,1.054734230041504,0.5995,0.5990833896540362,1.1373348116874695,0.9974498011171817,2.3789736151695253,nan,nan
cifar10,softmax,2,20,1.0368366241455078,0.5896,0.5796579677317959,1.1709591954946519,0.997994390130043,2.389838719367981,nan,nan
cifar10,softmax,2,21,1.0214920043945312,0.605,0.6058653843356756,1.136041171848774,0.9970903918147087,2.3437392592430113,nan,nan
cifar10,softmax,2,22,1.007826566696167,0.6125,0.610853105100398,1.1180111944675446,0.9971341907978057,2.364416575431824,nan,nan
cifar10,softmax,2,23,0.985680878162384,0.605,0.6013391462590264,1.1214091703295708,0.9972871407866478,2.378441646695137,nan,nan
cifar10,softmax,2,24,0.9840754866600037,0.6049,0.6052929481880083,1.1298760160803796,0.9984419941902161,2.3803754329681395,nan,nan
cifar10,softmax,2,25,0.9688806533813477,0.6075,0.6012616153824848,1.1367373794317246,0.9982260264456272,2.401753452420235,nan,nan
cifar10,softmax,2,26,0.9571862816810608,0.6164,0.6153912774263307,1.1038702204823494,0.9968975722789765,2.3595538437366486,nan,nan
cifar10,softmax,2,27,0.9396193623542786,0.6207,0.6190233903834396,1.0981054455041885,0.996074040979147,2.3389428794384,nan,nan
cifar10,softmax,2,28,0.9264441132545471,0.6139,0.6085908345207296,1.1097214460372924,0.9969024270772934,2.3718603551387787,nan,nan
cifar10,softmax,2,29,0.9124060869216919,0.6187,0.6180745833766725,1.1023013070225716,0.9978277556598186,2.3558802574872972,nan,nan
cifar10,softmax,3,0,2.0623385906219482,0.3029,0.2738143054279431,1.8660957098007203,0.9999900028109551,2.579303976893425,nan,nan
cifar10,softmax,3,1,1.7587391138076782,0.401,0.3876850507808015,1.6384563982486724,0.9999995790421963,2.6297401428222655,nan,nan
cifar10,softmax,3,2,1.6029702425003052,0.4472,0.44132940462925996,1.5213796198368073,0.9999998740851879,2.6161096513271334,nan,nan
cifar10,softmax,3,3,1.5169751644134521,0.4606,0.4498197046057153,1.4690767258405686,0.9999956987798214,2.6075771927833555,nan,nan
cifar10,softmax,3,4,1.4603195190429688,0.4811,0.48036423317168636,1.4238787084817885,0.9999878898262977,2.567894047498703,nan,nan
cifar10,softmax,3,5,1.4057021141052246,0.4853,0.48148230926442465,1.4055180728435517,0.9999054864048957,2.550146037340164,nan,nan
cifar10,softmax,3,6,1.3707021474838257,0.4963,0.48991136406557034,1.3874482840299607,0.999466621875763,2.5108876049518587,nan,nan
cifar10,softmax,3,7,1.3275172710418701,0.5143,0.5093622553330459,1.3366634398698807,0.99895358979702,2.5045216619968413,nan,nan
cifar10,softmax,3,8,1.3033589124679565,0.5343,0.5278036591390524,1.292835596203804,0.9986705906689167,2.4988932251930236,nan,nan
cifar10,softmax,3,9,1.2683439254760742,0.5282,0.5241889127548073,1.2934708386659621,0.9994316056370736,2.5149696856737136,nan,nan
cifar10,softmax,3,10,1.2432972192764282,0.5484,0.5449532813767071,1.257960957288742,0.998920601606369,2.4910802215337755,nan,nan
cifar10,softmax,3,11,1.2222903966903687,0.5498,0.5505549780197209,1.2574348449707031,0.9982253067195416,2.479338765144348,nan,nan
cifar10,softmax,3,12,1.194505214691162,0.5533,0.5430473172675893,1.2522491067647934,0.9976577028632164,2.4849248945713045,nan,nan
cifar10,softmax,3,13,1.1800973415374756,0.5695,0.5638516107508532,1.1974501401185988,0.9979022659361363,2.502385875582695,nan,nan
cifar10,softmax,3,14,1.1501073837280273,0.5706,0.5712583760594854,1.197013756632805,0.9972623452544213,2.4565825909376144,nan,nan
cifar10,softmax,3,15,1.1340930461883545,0.5755,0.5729762340394605,1.197370383143425,0.9984756976366043,2.473016655445099,nan,nan
cifar10,softmax,3,16,1.1097862720489502,0.5774,0.5744902862936092,1.1839976251125335,0.9968103066086769,2.4569184631109238,nan,nan
cifar10,softmax,3,17,1.0953844785690308,0.5853,0.5821211774686436,1.1654294013977051,0.9988205820322037,2.498984271287918,nan,nan
cifar10,softmax,3,18,1.0779749155044556,0.5838,0.5800214101739762,1.1681942075490952,0.9970834225416183,2.4550848454236984,nan,nan
cifar10,softmax,3,19,1.0658864974975586,0.5899,0.5825136635020131,1.1649007081985474,0.9970426186919212,2.4405364841222763,nan,nan
cifar10,softmax,3,20,1.0480680465698242,0.5963,0.5955661534979225,1.129613296687603,0.9978773012757302,2.4755767703056337,nan,nan
cifar10,softmax,3,21,1.0355775356292725,0.5977,0.5912079874324485,1.140556126832962,0.9965555645525456,2.4567956984043122,nan,nan
cifar10,softmax,3,22,1.0143712759017944,0.6004,0.5971978467591726,1.1135015696287156,0.9971149764955044,2.4524783700704575,nan,nan
cifar10,softmax,3,23,1.0003128051757812,0.6027,0.6021167205491541,1.123819148540497,0.9973188601434231,2.471952334046364,nan,nan
cifar10,softmax,3,24,0.9917421936988831,0.5982,0.5946838344884295,1.126272714138031,0.9983537554740906,2.4901561081409453,nan,nan
cifar10,softmax,3,25,0.9774003028869629,0.6053,0.6056881124590598,1.123065422475338,0.9959093526005744,2.4350685328245163,nan,nan
cifar10,softmax,3,26,0.9597986340522766,0.6067,0.6026638397783,1.1159078389406205,0.996210428327322,2.424075847864151,nan,nan
cifar10,softmax,3,27,0.948758065700531,0.6051,0.6061395678214551,1.12026486992836,0.9979257911443711,2.4831858038902284,nan,nan
cifar10,softmax,3,28,0.9337614178657532,0.6142,0.6128065749399587,1.0966563746333122,0.9976112827658653,2.4468945145606993,nan,nan
cifar10,softmax,3,29,0.9199137091636658,0.6176,0.6147123388511508,1.101360884308815,0.9964202307164669,2.453012317419052,nan,nan
cifar10,softmax,4,0,2.041902542114258,0.3221,0.299193719828463,1.816383183002472,1.0,2.680300295352936,nan,nan
cifar10,softmax,4,1,1.7460393905639648,0.3748,0.3590846231658695,1.6705608427524568,1.0,2.687443870306015,nan,nan
cifar10,softmax,4,2,1.6141936779022217,0.4231,0.4036139854893742,1.567192193865776,1.0,2.6541479408740996,nan,nan
cifar10,softmax,4,3,1.524492859840393,0.4463,0.4360109242666181,1.4971335738897324,1.0,2.6235502630472185,nan,nan
cifar10,softmax,4,4,1.4604605436325073,0.4781,0.47681908908742193,1.4282703071832656,0.9999999158084393,2.6095527797937392,nan,nan
cifar10,softmax,4,5,1.4015074968338013,0.4936,0.4885252115836489,1.3738634884357452,0.9999951884150505,2.5772869139909744,nan,nan
cifar10,softmax,4,6,1.3651984930038452,0.5081,0.5037374682585406,1.3652381300926208,0.9999901227653026,2.5229893416166305,nan,nan
cifar10,softmax,4,7,1.3234223127365112,0.5234,0.5225601555384728,1.3088867157697677,0.9999845921993256,2.536157113313675,nan,nan
cifar10,softmax,4,8,1.2932734489440918,0.5181,0.515601472387625,1.318297654390335,0.9999781310558319,2.530576413869858,nan,nan
cifar10,softmax,4,9,1.2618951797485352,0.5274,0.523804757132516,1.2867441564798354,0.9999140173196792,2.4550909996032715,nan,nan
cifar10,softmax,4,10,1.240159511566162,0.5469,0.5436019660373289,1.253672820329666,0.9999195910990238,2.4840261161327364,nan,nan
cifar10,softmax,4,11,1.2186646461486816,0.5483,0.5508041065441678,1.2475547701120377,0.9999255493283272,2.492106094956398,nan,nan
cifar10,softmax,4,12,1.2006393671035767,0.5605,0.5590274051466179,1.2280712187290193,0.9999075531959534,2.501961517333984,nan,nan
cifar10,softmax,4,13,1.1742429733276367,0.5552,0.5494499045797896,1.2319218546152115,0.9998953901231289,2.4857612431049345,nan,nan
cifar10,softmax,4,14,1.1512178182601929,0.5548,0.5514781832945786,1.241308531165123,0.9999149866402149,2.505883824825287,nan,nan
cifar10,softmax,4,15,1.1354868412017822,0.561,0.5559557571428146,1.2090530335903167,0.999904851615429,2.4899804681539535,nan,nan
cifar10,softmax,4,16,1.1176642179489136,0.5729,0.5733450942488083,1.1870251804590226,0.9998330861330033,2.4783272057771684,nan,nan
cifar10,softmax,4,17,1.1110800504684448,0.5806,0.5785779835998078,1.1638460755348206,0.9998534455895424,2.484905081987381,nan,nan
cifar10,softmax,4,18,1.085504412651062,0.5733,0.5688181557150472,1.1881433606147767,0.9996532328426838,2.410347843170166,nan,nan
cifar10,softmax,4,19,1.0696570873260498,0.5907,0.5885309538075479,1.1562488853931427,0.9996909953653812,2.4290104687213896,nan,nan
cifar10,softmax,4,20,1.048256516456604,0.5845,0.5845203723602876,1.1747150659561156,0.9996414482593536,2.4231614798307417,nan,nan
cifar10,softmax,4,21,1.0360158681869507,0.594,0.5947418003509746,1.1388875275850296,0.999689431488514,2.421275556087494,nan,nan
cifar10,softmax,4,22,1.013160228729248,0.5973,0.5966798199895581,1.144455510377884,0.9997693069279194,2.441848358511925,nan,nan
cifar10,softmax,4,23,1.0061804056167603,0.5962,0.5943626610172739,1.1521150380373002,0.9997889049351215,2.452469950914383,nan,nan
cifar10,softmax,4,24,0.9941235184669495,0.6066,0.6083643390175871,1.1230724632740021,0.9994642548263073,2.360860362648964,nan,nan
cifar10,softmax,4,25,0.9756313562393188,0.6023,0.603108230676194,1.1406877934932709,0.9996086321771145,2.4012850880622865,nan,nan
cifar10,softmax,4,26,0.9684315323829651,0.5969,0.591431092652523,1.1619706645607948,0.9993112668395042,2.3823366910219193,nan,nan
cifar10,softmax,4,27,0.955035388469696,0.5978,0.5962730760163132,1.1446937814354896,0.9995403721928596,2.3859114438295363,nan,nan
cifar10,softmax,4,28,0.9385673403739929,0.6071,0.6087367718857556,1.1084763452410697,0.9995713777840137,2.3842550337314607,nan,nan
cifar10,softmax,4,29,0.9220531582832336,0.6089,0.6054890239850517,1.1363467216491698,0.9996054627001285,2.3875877618789674,nan,nan
cifar10,softmax,5,0,2.0367796421051025,0.321,0.3045539521008238,1.8768022000789641,0.9999999582767487,2.6829894095659257,nan,nan
cifar10,softmax,5,1,1.742367148399353,0.38,0.3550292615860189,1.6732610285282135,1.0,2.66937293112278,nan,nan
cifar10,softmax,5,2,1.5935778617858887,0.43,0.42122951890989746,1.564321342110634,0.9999568477272988,2.646381178498268,nan,nan
cifar10,softmax,5,3,1.5113162994384766,0.4694,0.46626818944655896,1.4629941195249558,0.9996897295117378,2.593240338563919,nan,nan
cifar10,softmax,5,4,1.4333847761154175,0.4774,0.46726138397573946,1.4448471754789352,0.9992222726345062,2.5804738849401474,nan,nan
cifar10,softmax,5,5,1.3899487257003784,0.5057,0.5062145801057099,1.3768357396125794,0.9988930620253086,2.5518256187438966,nan,nan
cifar10,softmax,5,6,1.3356082439422607,0.5116,0.5022268409106229,1.3629061996936798,0.9977563314139843,2.5261120021343233,nan,nan
cifar10,softmax,5,7,1.309096097946167,0.5245,0.5157425583402961,1.3107068538665771,0.9984593547880649,2.5356828778982163,nan,nan
cifar10,softmax,5,8,1.280253529548645,0.5307,0.5307606873411945,1.301312220096588,0.9986349411308766,2.542065766453743,nan,nan
cifar10,softmax,5,9,1.2403472661972046,0.5379,0.537909611926312,1.2870850026607514,0.9974619247019291,2.462678152322769,nan,nan
cifar10,softmax,5,10,1.22250497341156,0.5503,0.5469852322762055,1.2668021589517593,0.9977090649306775,2.5200551062822343,nan,nan
cifar10,softmax,5,11,1.197608470916748,0.5515,0.5498228158772301,1.23815358877182,0.9978998161852359,2.4988244622945786,nan,nan
cifar10,softmax,5,12,1.1728739738464355,0.5626,0.5590280103662402,1.2305731773376465,0.9974414810538292,2.4631834477186203,nan,nan
cifar10,softmax,5,13,1.1478415727615356,0.566,0.5643351824549963,1.2166296184062957,0.9979078404605388,2.465701252222061,nan,nan
cifar10,softmax,5,14,1.1348915100097656,0.5755,0.5697154277037683,1.1842346966266633,0.9969672247767448,2.443025368452072,nan,nan
cifar10,softmax,5,15,1.108954906463623,0.574,0.5700697594099515,1.197027814388275,0.9967267990112305,2.448557922244072,nan,nan
cifar10,softmax,5,16,1.0906925201416016,0.5846,0.584217215733504,1.1659325778484344,0.9979330971837044,2.4717826753854752,nan,nan
cifar10,softmax,5,17,1.0737417936325073,0.5804,0.579222683144957,1.1671414583921433,0.9978895537555218,2.451500529050827,nan,nan
cifar10,softmax,5,18,1.0579413175582886,0.5879,0.5860114221753332,1.1517689645290374,0.997004646062851,2.429423126578331,nan,nan
cifar10,softmax,5,19,1.0417271852493286,0.5963,0.5931942280243867,1.145848336815834,0.9972689360380173,2.4493442863225936,nan,nan
cifar10,softmax,5,20,1.0333302021026611,0.5876,0.5885632106868169,1.1538829654455185,0.9975569605827331,2.4431192964315414,nan,nan
cifar10,softmax,5,21,1.0176763534545898,0.6006,0.5976420991974462,1.1352153569459915,0.9965240515768528,2.4111703246831895,nan,nan
cifar10,softmax,5,22,0.9992872476577759,0.6031,0.6039336406558621,1.142571011185646,0.9961722031235695,2.40638382434845,nan,nan
cifar10,softmax,5,23,0.986606776714325,0.601,0.5981991728899845,1.1333917438983918,0.9970956720411778,2.4355166256427765,nan,nan
cifar10,softmax,5,24,0.9753378033638,0.6054,0.6038628951041136,1.1166853606700897,0.9962662287056446,2.396780568361282,nan,nan
cifar10,softmax,5,25,0.9572053551673889,0.6052,0.6000627287058211,1.133394494652748,0.9959137424826622,2.4010696709156036,nan,nan
cifar10,softmax,5,26,0.9497079253196716,0.6048,0.6041919162522797,1.1381589621305466,0.9958388105034828,2.383832025527954,nan,nan
cifar10,softmax,5,27,0.9456606507301331,0.6095,0.6100025999182951,1.1142133101820946,0.9966901369392872,2.381151816248894,nan,nan
cifar10,softmax,5,28,0.9195319414138794,0.6052,0.6090362681721406,1.1352072030305862,0.9960999332368374,2.387047678232193,nan,nan
cifar10,softmax,5,29,0.9147439002990723,0.6058,0.6061331128382536,1.1381626039743424,0.9973430648446083,2.4035690516233443,nan,nan
cifar10,softmax,6,0,2.021409749984741,0.3049,0.2763369113843097,1.8688450664281846,1.0,2.7003825455904007,nan,nan
cifar10,softmax,6,1,1.7365500926971436,0.3796,0.3671174341919792,1.6880366414785386,0.9999920673668384,2.6465227514505387,nan,nan
cifar10,softmax,6,2,1.6064634323120117,0.4431,0.432940330168987,1.5078013479709624,0.9999865330755711,2.636674791574478,nan,nan
cifar10,softmax,6,3,1.5084779262542725,0.4564,0.4533071357163941,1.4730893105268479,0.9999774560332299,2.6180348247289658,nan,nan
cifar10,softmax,6,4,1.4486337900161743,0.4871,0.4824180170520128,1.4105388581752778,0.9999608598649502,2.6280716180801393,nan,nan
cifar10,softmax,6,5,1.3873192071914673,0.5166,0.5152184121456133,1.3549403727054596,0.9999329820275307,2.6022480756044386,nan,nan
cifar10,softmax,6,6,1.341880202293396,0.5216,0.5164919375690151,1.3240837663412095,0.9999240286648273,2.590794453024864,nan,nan
cifar10,softmax,6,7,1.3153884410858154,0.5371,0.5316928290468307,1.2962341457605362,0.9998419143259525,2.566994681954384,nan,nan
cifar10,softmax,6,8,1.2805447578430176,0.5395,0.5360080410497489,1.2970913350582123,0.9998154304921627,2.5427968382835386,nan,nan
cifar10,softmax,6,9,1.251784086227417,0.5556,0.545712177956012,1.259618553519249,0.9998600371181965,2.5723415464162827,nan,nan
cifar10,softmax,6,10,1.231311559677124,0.5568,0.554324883050926,1.235422670841217,0.9996686920523643,2.5178359538316726,nan,nan
cifar10,softmax,6,11,1.1983262300491333,0.5676,0.5683421170135088,1.2114182069897652,0.9998045727610588,2.54618476331234,nan,nan
cifar10,softmax,6,12,1.1772512197494507,0.5641,0.5636493249843282,1.2293798118829726,0.9995647430419922,2.4981256067752837,nan,nan
cifar10,softmax,6,13,1.1560094356536865,0.5781,0.577282214214641,1.1842681810259819,0.9997758105397224,2.5426120817661286,nan,nan
cifar10,softmax,6,14,1.1403685808181763,0.5816,0.5768051101578889,1.1806843146681785,0.9997513130307197,2.522094315290451,nan,nan
cifar10,softmax,6,15,1.1124144792556763,0.5769,0.5764924427215898,1.1989169239997863,0.9995936349034309,2.489286297559738,nan,nan
cifar10,softmax,6,16,1.093245267868042,0.588,0.5847603092292022,1.1508056953549386,0.9997336573898792,2.537954142689705,nan,nan
cifar10,softmax,6,17,1.077279806137085,0.5924,0.592302895734248,1.163319033384323,0.9996255695819855,2.4902956247329713,nan,nan
cifar10,softmax,6,18,1.0656344890594482,0.5846,0.5833766851671137,1.1714871183037758,0.999552495032549,2.4706130534410478,nan,nan
cifar10,softmax,6,19,1.0517629384994507,0.6018,0.6020395697211638,1.1574170023202897,0.9996052920818329,2.4745887577533723,nan,nan
cifar10,softmax,6,20,1.0273303985595703,0.6063,0.6025996999772416,1.1345382004976272,0.9993862003087998,2.462941598892212,nan,nan
cifar10,softmax,6,21,1.0139236450195312,0.5878,0.589730735402855,1.1886549115180969,0.9995395720005036,2.470362189412117,nan,nan
cifar10,softmax,6,22,1.0042275190353394,0.6034,0.6023558226477235,1.1298165693879128,0.999439251422882,2.4518277078866957,nan,nan
cifar10,softmax,6,23,0.9904934763908386,0.6117,0.6061370887426175,1.1213308945298195,0.9994631193578243,2.460147887468338,nan,nan
cifar10,softmax,6,24,0.9746512770652771,0.6049,0.6054027916300927,1.1248706489801408,0.9994729153811932,2.470778188109398,nan,nan
cifar10,softmax,6,25,0.9637172222137451,0.6036,0.5998092218054609,1.1365195617079735,0.9993429064750672,2.4521176666021347,nan,nan
cifar10,softmax,6,26,0.9489665627479553,0.609,0.6042382006925657,1.1362144768238067,0.9995811767876148,2.492457684874535,nan,nan
cifar10,softmax,6,27,0.9418889880180359,0.6146,0.6082700959833882,1.1219887107610702,0.9994226127862931,2.4534505635499952,nan,nan
cifar10,softmax,6,28,0.9247949123382568,0.6096,0.6117788439922512,1.1334333389997482,0.9993123225867748,2.4523998886346816,nan,nan
cifar10,softmax,6,29,0.9179220199584961,0.6101,0.6080569941163267,1.1335421234369278,0.9990446992218495,2.4245391130447387,nan,nan
cifar10,softmax,7,0,2.0391685962677,0.307,0.2899805348832053,1.8339880108833313,1.0,2.65365908741951,nan,nan
cifar10,softmax,7,1,1.749662160873413,0.3894,0.37519283545652243,1.6364497631788253,0.9999974690377712,2.6490070283412934,nan,nan
cifar10,softmax,7,2,1.6144496202468872,0.4299,0.4122874308399653,1.5401206821203233,0.9999930769205093,2.6239318668842317,nan,nan
cifar10,softmax,7,3,1.5174870491027832,0.4646,0.45543151998753845,1.4536044210195542,0.9999875918030738,2.6078941583633424,nan,nan
cifar10,softmax,7,4,1.4550385475158691,0.4767,0.4769156126314213,1.4335070341825484,0.9999883934855461,2.597565823793411,nan,nan
cifar10,softmax,7,5,1.3944727182388306,0.5009,0.4903647488278803,1.375269627571106,0.9998884633183479,2.5783924877643587,nan,nan
cifar10,softmax,7,6,1.3535676002502441,0.5198,0.5153261024954034,1.309195426106453,0.9999585397541523,2.576911172270775,nan,nan
cifar10,softmax,7,7,1.3122199773788452,0.5192,0.5183011274104207,1.322752806544304,0.9989818044006824,2.5357372969388963,nan,nan
cifar10,softmax,7,8,1.2826058864593506,0.5333,0.5252159598281938,1.2839569747447968,0.9993491999804973,2.526729720830917,nan,nan
cifar10,softmax,7,9,1.2538262605667114,0.5351,0.5298638264622754,1.2716164588928223,0.9994330830872059,2.5308258682489395,nan,nan
cifar10,softmax,7,10,1.2260035276412964,0.5501,0.5469053681574219,1.2378256231546403,0.997789741307497,2.4860010981559753,nan,nan
cifar10,softmax,7,11,1.2025848627090454,0.5517,0.545781159327043,1.234425202012062,0.998672491312027,2.485873985290527,nan,nan
cifar10,softmax,7,12,1.1833741664886475,0.5629,0.558740030421977,1.222370871901512,0.9991440869867801,2.499416154623032,nan,nan
cifar10,softmax,7,13,1.1652541160583496,0.5529,0.5444118177825154,1.2385974258184433,0.99708371758461,2.445543995499611,nan,nan
cifar10,softmax,7,14,1.1395504474639893,0.5775,0.571991110849149,1.200597020983696,0.9986484579741954,2.488480570912361,nan,nan
cifar10,softmax,7,15,1.1352286338806152,0.5763,0.5737635929599654,1.184224510192871,0.998615299910307,2.4781067341566088,nan,nan
cifar10,softmax,7,16,1.105197548866272,0.5875,0.5833488514739187,1.157989686727524,0.9980843156576157,2.459022119641304,nan,nan
cifar10,softmax,7,17,1.0949052572250366,0.5903,0.5870898190914626,1.1554092347621918,0.9976148299872876,2.456034952402115,nan,nan
cifar10,softmax,7,18,1.0708410739898682,0.5888,0.5836737092365257,1.1517825216054915,0.9991796515882015,2.4859643280506134,nan,nan
cifar10,softmax,7,19,1.0560917854309082,0.5898,0.5851414232845693,1.141580307483673,0.9982547909021378,2.459274435043335,nan,nan
cifar10,softmax,7,20,1.0441476106643677,0.5907,0.5922403703221564,1.1500079482793808,0.9979186542332172,2.445764848589897,nan,nan
cifar10,softmax,7,21,1.0275999307632446,0.5999,0.5963275068069187,1.1404420375823974,0.9969898626208306,2.426269292831421,nan,nan
cifar10,softmax,7,22,1.0127792358398438,0.5893,0.5843700648804107,1.173345398902893,0.9940866999328136,2.3769119560718535,nan,nan
cifar10,softmax,7,23,0.9979420304298401,0.5982,0.5967595795441817,1.1372366011142732,0.9991948157548904,2.466429391503334,nan,nan
cifar10,softmax,7,24,0.9765241146087646,0.5946,0.5929790368493733,1.1435244485735894,0.9964827418327331,2.4004510909318926,nan,nan
cifar10,softmax,7,25,0.9774348735809326,0.5965,0.5921029239956122,1.1338099896907807,0.9939264051616192,2.3726420223712923,nan,nan
cifar10,softmax,7,26,0.9593086242675781,0.6023,0.6027027934889958,1.1179807126522063,0.9965141698718071,2.406354436278343,nan,nan
cifar10,softmax,7,27,0.944300651550293,0.6079,0.6051691941382301,1.1141741156578064,0.9960219167172909,2.3920300394296645,nan,nan
cifar10,softmax,7,28,0.9380016922950745,0.606,0.6042567108213449,1.110890631377697,0.9969481728971005,2.401666450500488,nan,nan
cifar10,softmax,7,29,0.9181424379348755,0.6099,0.6089719760885344,1.1180074647068978,0.9959523916244507,2.3781871825456617,nan,nan
cifar10,softmax,8,0,2.007148027420044,0.3311,0.3094117084026621,1.8264388769865036,0.9999971814453602,2.642136374115944,nan,nan
cifar10,softmax,8,1,1.735603928565979,0.388,0.38187234119843894,1.691725453734398,0.9999813489615917,2.5586128324270248,nan,nan
cifar10,softmax,8,2,1.6126779317855835,0.4416,0.4363138621574369,1.56346615254879,0.9988610863685607,2.509380966424942,nan,nan
cifar10,softmax,8,3,1.5220814943313599,0.455,0.45039418694050426,1.5120275735855102,0.9996083356440068,2.518135291337967,nan,nan
cifar10,softmax,8,4,1.4616442918777466,0.4609,0.45174776949889595,1.4753851979970931,0.9996077865362167,2.499486643075943,nan,nan
cifar10,softmax,8,5,1.413510799407959,0.4881,0.48230103156867177,1.4136608004570008,0.9988365031778812,2.460942327976227,nan,nan
cifar10,softmax,8,6,1.3726574182510376,0.5042,0.5017901594937292,1.3796365469694138,0.997702856361866,2.4242229133844377,nan,nan
cifar10,softmax,8,7,1.33089017868042,0.5151,0.5103155859429842,1.3531635612249375,0.9963416211307049,2.3876087427139283,nan,nan
cifar10,softmax,8,8,1.3002251386642456,0.5204,0.513113069980591,1.3296408534049988,0.9992570765316486,2.4868709594011307,nan,nan
cifar10,softmax,8,9,1.2747522592544556,0.533,0.5320982517565493,1.3179059743881225,0.9977794349193573,2.428484645485878,nan,nan
cifar10,softmax,8,10,1.2459914684295654,0.5369,0.5342913327644675,1.2877862215042115,0.9963903687894344,2.3831864655017854,nan,nan
cifar10,softmax,8,11,1.2270468473434448,0.543,0.5452163708190073,1.2741029262542725,0.9968893341720104,2.368041253089905,nan,nan
cifar10,softmax,8,12,1.1956309080123901,0.5447,0.5350597410172052,1.2618363499641418,0.996703228354454,2.4044497340917586,nan,nan
cifar10,softmax,8,13,1.1807973384857178,0.5551,0.549156286774256,1.2449028968811036,0.9966617941856384,2.368376076221466,nan,nan
cifar10,softmax,8,14,1.1616220474243164,0.5629,0.5647203397392893,1.2250947296619414,0.9958259724080563,2.3244107931852342,nan,nan
cifar10,softmax,8,15,1.1496508121490479,0.5682,0.5662926582736264,1.2093756169080734,0.9963120564818382,2.3440959751605988,nan,nan
cifar10,softmax,8,16,1.1226015090942383,0.576,0.5759036614924685,1.2021126240491866,0.9951448693871499,2.3524796426296235,nan,nan
cifar10,softmax,8,17,1.1105308532714844,0.5798,0.5796641391344762,1.186206378042698,0.9970780178904534,2.398058792948723,nan,nan
cifar10,softmax,8,18,1.092240810394287,0.5817,0.5867789752799673,1.1895829409360885,0.9962276630103588,2.3358135491609575,nan,nan
cifar10,softmax,8,19,1.0773202180862427,0.5802,0.581016264083345,1.1848773941397668,0.9962886974215508,2.3307287737727167,nan,nan
cifar10,softmax,8,20,1.063605546951294,0.5909,0.5885077958526018,1.1601905077695847,0.9961099416017533,2.3317872405052187,nan,nan
cifar10,softmax,8,21,1.0445973873138428,0.5918,0.5912503685506594,1.1533841595053673,0.9959730476140976,2.3271068334579468,nan,nan
cifar10,softmax,8,22,1.0276503562927246,0.5937,0.5996979895269872,1.1559033885598182,0.9970293141901493,2.373817527294159,nan,nan
cifar10,softmax,8,23,1.010240077972412,0.5788,0.5751642372119218,1.1967584013938903,0.9952501289546489,2.3363334953784944,nan,nan
cifar10,softmax,8,24,0.9923274517059326,0.5946,0.5926407381228384,1.1785660356283187,0.99607163220644,2.3493037194013597,nan,nan
cifar10,softmax,8,25,0.9809771776199341,0.6014,0.5994468009821096,1.1543428137898446,0.9951275065541267,2.326008826494217,nan,nan
cifar10,softmax,8,26,0.969193696975708,0.6012,0.6002517884561602,1.1396510511636735,0.9959896869957447,2.3115422412753106,nan,nan
cifar10,softmax,8,27,0.9612825512886047,0.5941,0.5954135886452536,1.1690961882472037,0.9950564630329609,2.2960559099912645,nan,nan
cifar10,softmax,8,28,0.943696141242981,0.6075,0.6072677185295222,1.1409337028861046,0.9959267944097518,2.304735413193703,nan,nan
cifar10,softmax,8,29,0.9305127263069153,0.6032,0.6058294555761307,1.1427843779325486,0.9944871246814728,2.2700265392661096,nan,nan
cifar10,softmax,9,0,2.0052173137664795,0.3286,0.30119148887788794,1.8335745245218278,1.0,2.6830126255750657,nan,nan
cifar10,softmax,9,1,1.7140918970108032,0.397,0.38306359456971306,1.6382992714643478,1.0,2.666847911477089,nan,nan
cifar10,softmax,9,2,1.5770251750946045,0.4296,0.41667167692842294,1.5413024991750717,0.9999989032745361,2.652672919631004,nan,nan
cifar10,softmax,9,3,1.4960061311721802,0.4633,0.45402448679919266,1.468189287185669,0.9999866232275962,2.6042834371328354,nan,nan
cifar10,softmax,9,4,1.4373475313186646,0.4811,0.4764873459641713,1.4179127663373947,0.9999618731439114,2.6047347247600556,nan,nan
cifar10,softmax,9,5,1.3834830522537231,0.4769,0.4758673322895203,1.4111491203308106,0.9999406665563584,2.6009698808193207,nan,nan
cifar10,softmax,9,6,1.3433232307434082,0.5072,0.509827536561168,1.3550004601478576,0.9999084822833538,2.566091477870941,nan,nan
cifar10,softmax,9,7,1.3071606159210205,0.5208,0.5168955708432105,1.3100383162498475,0.9998326621949672,2.5840377420186997,nan,nan
cifar10,softmax,9,8,1.2752745151519775,0.5295,0.5235711618892518,1.2976921111345292,0.9996597379446029,2.5663225263357163,nan,nan
cifar10,softmax,9,9,1.2513147592544556,0.55,0.547277755230428,1.2494653910398483,0.9998809859156609,2.5741213232278826,nan,nan
cifar10,softmax,9,10,1.2259340286254883,0.5549,0.5531083135382734,1.2408418208360672,0.9985684975981712,2.5122889995574953,nan,nan
cifar10,softmax,9,11,1.1951156854629517,0.5558,0.5506263653639553,1.2324105232954026,0.9994586408138275,2.5508444130420687,nan,nan
cifar10,softmax,9,12,1.180983304977417,0.574,0.5748582092418801,1.1973888486623765,0.9997987478971482,2.5769162684679032,nan,nan
cifar10,softmax,9,13,1.150187373161316,0.561,0.5627167116149043,1.2211269170045853,0.9994727045297622,2.538820394873619,nan,nan
cifar10,softmax,9,14,1.1294975280761719,0.5704,0.571111896685573,1.1893644154071807,0.9987227559089661,2.5443893909454345,nan,nan
cifar10,softmax,9,15,1.1174546480178833,0.583,0.5837399013142683,1.1823238104581832,0.9988811902701855,2.5226590543985368,nan,nan
cifar10,softmax,9,16,1.0975351333618164,0.5884,0.5882874065746279,1.1709871113300323,0.9995916090905667,2.5651936411857603,nan,nan
cifar10,softmax,9,17,1.0703999996185303,0.5951,0.5941953660539473,1.1482022553682327,0.9990808553993702,2.5368164747953417,nan,nan
cifar10,softmax,9,18,1.0613473653793335,0.598,0.6003112450547416,1.1356656759977342,0.9987596280872821,2.5300404518842696,nan,nan
cifar10,softmax,9,19,1.0454730987548828,0.5966,0.5960342835944423,1.1473304003477096,0.9992966137826442,2.5611309468746186,nan,nan
cifar10,softmax,9,20,1.0217771530151367,0.6049,0.6029209739004947,1.1301754623651505,0.9992276348173619,2.5426535576581957,nan,nan
cifar10,softmax,9,21,1.013547658920288,0.6094,0.6074692318314899,1.118617331981659,0.9982000485062599,2.4905122607946395,nan,nan
cifar10,softmax,9,22,0.9974135160446167,0.6125,0.608807947894517,1.119433182477951,0.9988536097109317,2.5354035079479216,nan,nan
cifar10,softmax,9,23,0.9820183515548706,0.6032,0.600038780689951,1.1301175326108932,0.9990251421928406,2.5347278743982313,nan,nan
cifar10,softmax,9,24,0.967054545879364,0.6133,0.6112701468633959,1.1080933958292007,0.9989222906529903,2.523347941040993,nan,nan
cifar10,softmax,9,25,0.9604052305221558,0.5994,0.5972587911508376,1.140039674937725,0.9982694044709206,2.498410332202911,nan,nan
cifar10,softmax,9,26,0.9470838904380798,0.614,0.6153153234548799,1.1128747135400772,0.9980757795274258,2.4913850724697113,nan,nan
cifar10,softmax,9,27,0.9372677206993103,0.5996,0.5947493355611466,1.1890738546848296,0.9953702963888645,2.4345144748687746,nan,nan
cifar10,softmax,9,28,0.9246693849563599,0.6177,0.6160594395464541,1.1135673001408577,0.9976858340203762,2.4671307414770127,nan,nan
cifar10,softmax,9,29,0.903669536113739,0.6178,0.6167833767429151,1.1032901465892793,0.9982308827340602,2.490211379528046,nan,nan
cifar10,topk_softmax_0125,0,0,1.966449499130249,0.3668,0.3571585331024173,1.7518852382898331,0.1764705926179886,1.0924144849181174,nan,nan
cifar10,topk_softmax_0125,0,1,1.6751585006713867,0.414,0.38772327234801385,1.59283646941185,0.1764705926179886,1.0887411788105965,nan,nan
cifar10,topk_softmax_0125,0,2,1.558578372001648,0.4559,0.4424107458256893,1.508541151881218,0.1764705926179886,1.086968931555748,nan,nan
cifar10,topk_softmax_0125,0,3,1.4891735315322876,0.4749,0.4733924086657205,1.4626071393489837,0.1764705926179886,1.081540796160698,nan,nan
cifar10,topk_softmax_0125,0,4,1.4293471574783325,0.4956,0.4889434633512411,1.4146018713712691,0.1764705926179886,1.0774397894740104,nan,nan
cifar10,topk_softmax_0125,0,5,1.3904454708099365,0.5,0.49339522136259434,1.3919016420841217,0.1764705926179886,1.0739915519952774,nan,nan
cifar10,topk_softmax_0125,0,6,1.344868779182434,0.5198,0.5193284084190644,1.345834842324257,0.17647050824016333,1.0678679928183556,nan,nan
cifar10,topk_softmax_0125,0,7,1.3192532062530518,0.5161,0.507629121670473,1.3616175562143327,0.17647021245211364,1.0553498446941376,nan,nan
cifar10,topk_softmax_0125,0,8,1.290631651878357,0.5266,0.519801161672811,1.325520208477974,0.1764702547341585,1.0545713171362876,nan,nan
cifar10,topk_softmax_0125,0,9,1.2611912488937378,0.5279,0.5180244634190945,1.3216809719800948,0.1764700857922435,1.0477297946810722,nan,nan
cifar10,topk_softmax_0125,0,10,1.2445918321609497,0.5306,0.5237830793924982,1.309896633028984,0.17647017035633325,1.0446108728647232,nan,nan
cifar10,topk_softmax_0125,0,11,1.2222230434417725,0.5428,0.5429901797182605,1.2785854876041411,0.1764700012281537,1.0330507844686507,nan,nan
cifar10,topk_softmax_0125,0,12,1.2026402950286865,0.5485,0.5487236182304531,1.2701003074645996,0.1764697477221489,1.0290054462850093,nan,nan
cifar10,topk_softmax_0125,0,13,1.1880791187286377,0.5539,0.555145409358027,1.2432140797376632,0.17646936811506747,1.0227614000439644,nan,nan
cifar10,topk_softmax_0125,0,14,1.1646689176559448,0.5472,0.5451558097033044,1.278249019384384,0.1764694105833769,1.0219286143779756,nan,nan
cifar10,topk_softmax_0125,0,15,1.1534802913665771,0.5585,0.554396422188672,1.2460366010665893,0.17646928373724222,1.0192541755735873,nan,nan
cifar10,topk_softmax_0125,0,16,1.1341588497161865,0.5582,0.5604041574775395,1.2428343266248703,0.17646962143480777,1.0147804915904999,nan,nan
cifar10,topk_softmax_0125,0,17,1.122169852256775,0.5645,0.5609737882039176,1.2393202662467957,0.17646962106227876,1.0161005899310112,nan,nan
cifar10,topk_softmax_0125,0,18,1.1084166765213013,0.5675,0.5663520346504839,1.2226647853851318,0.1764697479084134,1.0205528244376183,nan,nan
cifar10,topk_softmax_0125,0,19,1.0900377035140991,0.5629,0.5567087627910384,1.2351477324962616,0.17646962124854326,1.0134807586669923,nan,nan
cifar10,topk_softmax_0125,0,20,1.0679973363876343,0.5725,0.5677134081448602,1.2214918375015258,0.17646957896649837,1.0080754563212395,nan,nan
cifar10,topk_softmax_0125,0,21,1.0585957765579224,0.5648,0.5616281219490411,1.2360952585935592,0.176469536870718,1.0076120048761368,nan,nan
cifar10,topk_softmax_0125,0,22,1.046899676322937,0.5729,0.5674444843161519,1.233703139424324,0.17646945267915726,0.9974625736474991,nan,nan
cifar10,topk_softmax_0125,0,23,1.0368072986602783,0.5792,0.581107044374544,1.1981371492147446,0.17646941021084786,1.0023834191262722,nan,nan
cifar10,topk_softmax_0125,0,24,1.0189718008041382,0.5695,0.5661165013379124,1.2202370524406434,0.17646873462945223,0.9976257316768169,nan,nan
cifar10,topk_softmax_0125,0,25,1.0102006196975708,0.5814,0.581857180527345,1.2076323956251145,0.1764682698994875,0.9886446259915829,nan,nan
cifar10,topk_softmax_0125,0,26,0.9965577721595764,0.5837,0.582660353134403,1.190685585141182,0.17646894566714763,0.9969273835420609,nan,nan
cifar10,topk_softmax_0125,0,27,0.9875730276107788,0.5893,0.5899810911747667,1.1832381784915924,0.17646860796958208,0.987563518434763,nan,nan
cifar10,topk_softmax_0125,0,28,0.9791682958602905,0.5855,0.5864077058271133,1.2008887737989427,0.1764685230329633,0.9819945588707923,nan,nan
cifar10,topk_softmax_0125,0,29,0.9611201286315918,0.5788,0.5749408716677384,1.2167475312948226,0.1764682276174426,0.9750661656260491,nan,nan
cifar10,topk_softmax_0125,1,0,1.9356898069381714,0.3675,0.3503243198787387,1.735491043329239,0.1764705926179886,1.0935172006487845,nan,nan
cifar10,topk_softmax_0125,1,1,1.6735895872116089,0.4187,0.40410763096867974,1.6021278917789459,0.1764705926179886,1.0862095102667808,nan,nan
cifar10,topk_softmax_0125,1,2,1.5601986646652222,0.4512,0.4417809070642281,1.5212886124849319,0.1764705926179886,1.0852774381637573,nan,nan
cifar10,topk_softmax_0125,1,3,1.4891257286071777,0.4725,0.464680667150561,1.4744827270507812,0.1764705926179886,1.0808608099818229,nan,nan
cifar10,topk_softmax_0125,1,4,1.44028639793396,0.4785,0.4742396721998426,1.4492019206285476,0.1764705926179886,1.0801196590065956,nan,nan
cifar10,topk_softmax_0125,1,5,1.3908275365829468,0.4956,0.4883218105987754,1.4322945684194566,0.17647050824016333,1.0709741592407227,nan,nan
cifar10,topk_softmax_0125,1,6,1.3562793731689453,0.5018,0.49450279647141493,1.3776839524507523,0.17647050824016333,1.0684653744101524,nan,nan
cifar10,topk_softmax_0125,1,7,1.318899393081665,0.5192,0.5074132946381364,1.3650049656629561,0.17647038158029318,1.063231498003006,nan,nan
cifar10,topk_softmax_0125,1,8,1.2882531881332397,0.5206,0.5228835868063938,1.3448547571897507,0.1764703392982483,1.0599264070391654,nan,nan
cifar10,topk_softmax_0125,1,9,1.2689999341964722,0.5256,0.5250798517665727,1.3273027420043946,0.1764702547341585,1.0480842292308807,nan,nan
cifar10,topk_softmax_0125,1,10,1.245940089225769,0.5328,0.5318201766711712,1.3163306683301925,0.17647012807428836,1.0578812956809998,nan,nan
cifar10,topk_softmax_0125,1,11,1.2167965173721313,0.5488,0.5454736627612613,1.2877280473709107,0.17646995913237334,1.046469694375992,nan,nan
cifar10,topk_softmax_0125,1,12,1.2030199766159058,0.5549,0.5550077447932138,1.2725386202335358,0.17646987456828356,1.042639783024788,nan,nan
cifar10,topk_softmax_0125,1,13,1.18580162525177,0.5488,0.5412389792336444,1.286615714430809,0.176469536870718,1.0396017655730247,nan,nan
cifar10,topk_softmax_0125,1,14,1.1645227670669556,0.559,0.5578949960024169,1.2611729741096496,0.1764695791527629,1.0377538695931434,nan,nan
cifar10,topk_softmax_0125,1,15,1.144308090209961,0.5537,0.5486133273259987,1.2661444634199142,0.17646890319883823,1.0374302797019481,nan,nan
cifar10,topk_softmax_0125,1,16,1.1249085664749146,0.5553,0.5491033342231871,1.2679458528757095,0.1764683123677969,1.0361969351768494,nan,nan
cifar10,topk_softmax_0125,1,17,1.1086347103118896,0.5592,0.554223847343715,1.2662870109081268,0.17646818570792674,1.032316792011261,nan,nan
cifar10,topk_softmax_0125,1,18,1.0951495170593262,0.5641,0.5609894732258014,1.250533178448677,0.17646839674562215,1.037633202970028,nan,nan
cifar10,topk_softmax_0125,1,19,1.0829451084136963,0.5598,0.5588845890902909,1.2761823177337646,0.17646814323961735,1.0364853516221046,nan,nan
cifar10,topk_softmax_0125,1,20,1.0630662441253662,0.5589,0.5514077788488368,1.2595643371343612,0.17646755203604697,1.021444743871689,nan,nan
cifar10,topk_softmax_0125,1,21,1.0531362295150757,0.573,0.5662891438039773,1.2504019498825074,0.17646755184978247,1.027046724408865,nan,nan
cifar10,topk_softmax_0125,1,22,1.0384016036987305,0.5659,0.5610558243997691,1.27371686398983,0.17646767850965261,1.0290265902876854,nan,nan
cifar10,topk_softmax_0125,1,23,1.0204107761383057,0.5666,0.5651066741273288,1.250510686635971,0.176466622389853,1.0207585595548152,nan,nan
cifar10,topk_softmax_0125,1,24,1.0130462646484375,0.5754,0.5729151174016385,1.218548047542572,0.17646586243063211,1.0188004098832608,nan,nan
cifar10,topk_softmax_0125,1,25,0.9956268668174744,0.575,0.5741585295710212,1.2430492430925368,0.17646586261689662,1.0195618100464343,nan,nan
cifar10,topk_softmax_0125,1,26,0.9831450581550598,0.573,0.5711707125581469,1.2537720590829848,0.17646514382213355,1.0166183881461621,nan,nan
cifar10,topk_softmax_0125,1,27,0.970598578453064,0.5742,0.5735018530844902,1.2372654795646667,0.17646425738930702,1.0022606700658798,nan,nan
cifar10,topk_softmax_0125,1,28,0.9644449949264526,0.5849,0.583921319816373,1.2484216272830964,0.1764633284881711,1.0087628670036792,nan,nan
cifar10,topk_softmax_0125,1,29,0.9549713134765625,0.5775,0.5775542728889922,1.269608125090599,0.17646311670541764,1.0015492960810661,nan,nan
cifar10,topk_softmax_0125,2,0,1.925603985786438,0.3764,0.36594281996337846,1.7007664173841477,0.1764705926179886,1.091098429262638,nan,nan
cifar10,topk_softmax_0125,2,1,1.6564216613769531,0.372,0.36419298250948867,1.711998787522316,0.1764705926179886,1.0850621223449708,nan,nan
cifar10,topk_softmax_0125,2,2,1.5478768348693848,0.4506,0.43844957087604264,1.5104897409677505,0.1764705926179886,1.0822021976113319,nan,nan
cifar10,topk_softmax_0125,2,3,1.4766334295272827,0.4628,0.45871946567123967,1.4918378680944442,0.1764705926179886,1.076491318643093,nan,nan
cifar10,topk_softmax_0125,2,4,1.4293575286865234,0.4962,0.4901032118348251,1.4044905662536622,0.17647050824016333,1.0609024450182916,nan,nan
cifar10,topk_softmax_0125,2,5,1.378503680229187,0.4966,0.49050376949999475,1.4072412312030793,0.17647050824016333,1.054035733640194,nan,nan
cifar10,topk_softmax_0125,2,6,1.3461652994155884,0.5118,0.5018490153100879,1.3602419197559357,0.17647050824016333,1.0514046609401704,nan,nan
cifar10,topk_softmax_0125,2,7,1.3147274255752563,0.5059,0.501529870527988,1.3669277101755142,0.17647038139402865,1.042974552512169,nan,nan
cifar10,topk_softmax_0125,2,8,1.2916862964630127,0.5211,0.517735766993088,1.3336853563785553,0.17647025492042304,1.037295039743185,nan,nan
cifar10,topk_softmax_0125,2,9,1.2695492506027222,0.5373,0.5360508173002785,1.2971282124519348,0.1764702970162034,1.0325518064200878,nan,nan
cifar10,topk_softmax_0125,2,10,1.2433758974075317,0.54,0.5376180545941829,1.2953059256076813,0.17646983209997416,1.0224968917667865,nan,nan
cifar10,topk_softmax_0125,2,11,1.2207952737808228,0.5512,0.5467923230511617,1.2614279359579086,0.17647029720246793,1.022058543562889,nan,nan
cifar10,topk_softmax_0125,2,12,1.2053364515304565,0.541,0.5388194170967713,1.264745357632637,0.1764662003144622,0.999576709419489,nan,nan
cifar10,topk_softmax_0125,2,13,1.1834183931350708,0.5535,0.5520411823519561,1.2554964393377304,0.1764695791527629,1.005212664604187,nan,nan
cifar10,topk_softmax_0125,2,14,1.1669812202453613,0.5557,0.5492590042460045,1.2453068733215331,0.17646987438201905,1.0152189329266548,nan,nan
cifar10,topk_softmax_0125,2,15,1.1504721641540527,0.5664,0.5628465976332921,1.2340000540018081,0.17646970581263305,1.007287222146988,nan,nan
cifar10,topk_softmax_0125,2,16,1.1267791986465454,0.5585,0.5502354734283522,1.2477056056261062,0.17646843902766704,1.000590232759714,nan,nan
cifar10,topk_softmax_0125,2,17,1.1132338047027588,0.5698,0.5669169520641977,1.2128959149122238,0.17646881882101298,0.9942809760570526,nan,nan
cifar10,topk_softmax_0125,2,18,1.0937681198120117,0.5674,0.562716954441062,1.2205805733799935,0.17646949458867311,0.9966805800795555,nan,nan
cifar10,topk_softmax_0125,2,19,1.0777628421783447,0.5648,0.5619500964194276,1.2253874748945237,0.1764661155641079,0.9820535406470299,nan,nan
cifar10,topk_softmax_0125,2,20,1.0723659992218018,0.5704,0.5641526388177935,1.2260854929685592,0.176468101516366,0.9921507135033607,nan,nan
cifar10,topk_softmax_0125,2,21,1.0546584129333496,0.5722,0.572848173399805,1.2044983863830567,0.17646759413182736,0.9873513586819171,nan,nan
cifar10,topk_softmax_0125,2,22,1.0439666509628296,0.5824,0.5790619136053605,1.1837662324309348,0.17646746784448625,0.9843004092574119,nan,nan
cifar10,topk_softmax_0125,2,23,1.0205281972885132,0.576,0.5748092005366681,1.1912947118282318,0.17646696083247662,0.9692336224019528,nan,nan
cifar10,topk_softmax_0125,2,24,1.0191987752914429,0.5753,0.5762636262260339,1.2176673159003257,0.17646822817623614,0.9819168910384178,nan,nan
cifar10,topk_softmax_0125,2,25,1.000858187675476,0.5765,0.5756488425886817,1.2223548218607903,0.17646569330245257,0.9731310315430164,nan,nan
cifar10,topk_softmax_0125,2,26,0.985029399394989,0.5804,0.5763999690885503,1.2037149891257286,0.17646472249180079,0.9573376141488552,nan,nan
cifar10,topk_softmax_0125,2,27,0.9770559668540955,0.5835,0.5834033670614154,1.1980960950255395,0.17646476346999407,0.9699177034199238,nan,nan
cifar10,topk_softmax_0125,2,28,0.9661039113998413,0.5812,0.5783002501659347,1.1990330070257187,0.1764664961025119,0.9721635304391384,nan,nan
cifar10,topk_softmax_0125,2,29,0.9496952891349792,0.5932,0.5907130040016491,1.190839597582817,0.17646653838455678,0.9735816508531571,nan,nan
cifar10,topk_softmax_0125,3,0,1.9949111938476562,0.3516,0.32931380628830353,1.7824456423521042,0.1764705926179886,1.0907355457544328,nan,nan
cifar10,topk_softmax_0125,3,1,1.6742287874221802,0.4199,0.4061983681862527,1.592021146416664,0.1764705926179886,1.083311814069748,nan,nan
cifar10,topk_softmax_0125,3,2,1.55687415599823,0.4539,0.44390867610864426,1.511239007115364,0.1764705926179886,1.071289663016796,nan,nan
cifar10,topk_softmax_0125,3,3,1.483720302581787,0.4669,0.46458823130822413,1.4644005000591278,0.1764705926179886,1.0653159230947495,nan,nan
cifar10,topk_softmax_0125,3,4,1.4340060949325562,0.4829,0.47566212301071653,1.4183900564908982,0.1764705503359437,1.057262733578682,nan,nan
cifar10,topk_softmax_0125,3,5,1.3888754844665527,0.4822,0.4839098508016645,1.4363493263721465,0.1764693262055516,1.037103408575058,nan,nan
cifar10,topk_softmax_0125,3,6,1.3495413064956665,0.5121,0.5072023624250822,1.3583457320928574,0.1764698324725032,1.036293664574623,nan,nan
cifar10,topk_softmax_0125,3,7,1.3227119445800781,0.5156,0.5120582987527262,1.3463060170412064,0.1764641735702753,1.019339944422245,nan,nan
cifar10,topk_softmax_0125,3,8,1.2879550457000732,0.5196,0.5175507309725587,1.329932290315628,0.17646332774311305,1.0212623670697212,nan,nan
cifar10,topk_softmax_0125,3,9,1.263726830482483,0.5251,0.5205604730607197,1.317582568526268,0.17646569311618804,1.0160376012325287,nan,nan
cifar10,topk_softmax_0125,3,10,1.238954782485962,0.539,0.5358682330948249,1.2801615804433824,0.176457878947258,0.9937117546796799,nan,nan
cifar10,topk_softmax_0125,3,11,1.2227745056152344,0.5323,0.5318140769708689,1.2953983575105668,0.17645982187241316,0.9998670287430287,nan,nan
cifar10,topk_softmax_0125,3,12,1.197187066078186,0.5462,0.5426675158102067,1.2785831540822983,0.1764584282413125,0.9960208378732205,nan,nan
cifar10,topk_softmax_0125,3,13,1.1833125352859497,0.5525,0.5505158879969437,1.2372328728437423,0.1764566119760275,1.0047653540968895,nan,nan
cifar10,topk_softmax_0125,3,14,1.1617416143417358,0.5503,0.5504035290165848,1.2536560386419295,0.1764592733234167,0.9951597973704338,nan,nan
cifar10,topk_softmax_0125,3,15,1.1485651731491089,0.5582,0.5558872641427443,1.2503494143486023,0.17645923066884278,0.9920415572822094,nan,nan
cifar10,topk_softmax_0125,3,16,1.1252745389938354,0.5592,0.5576388541075312,1.2267076164484023,0.17644900865852833,0.9839524611830711,nan,nan
cifar10,topk_softmax_0125,3,17,1.1132802963256836,0.5631,0.5597563201329727,1.2327265053987504,0.17646539825946092,1.0054926104843616,nan,nan
cifar10,topk_softmax_0125,3,18,1.0991069078445435,0.5667,0.5618223630288958,1.2295992851257325,0.17644736133515834,0.976334123313427,nan,nan
cifar10,topk_softmax_0125,3,19,1.0866312980651855,0.5686,0.5642972131421673,1.233932939171791,0.17645695041865112,0.9775694899260998,nan,nan
cifar10,topk_softmax_0125,3,20,1.0644197463989258,0.5662,0.5671561338090901,1.2290506273508073,0.17644030787050724,0.9756534583866596,nan,nan
cifar10,topk_softmax_0125,3,21,1.0567985773086548,0.5746,0.5681425688850666,1.2153599202632903,0.17645471151918174,0.9741741187870503,nan,nan
cifar10,topk_softmax_0125,3,22,1.0382661819458008,0.5731,0.5681207715579,1.218102541565895,0.17645099386572838,0.9750033721327782,nan,nan
cifar10,topk_softmax_0125,3,23,1.028775691986084,0.5749,0.5732756341836305,1.2218487292528153,0.17646062467247248,0.9821918621659279,nan,nan
cifar10,topk_softmax_0125,3,24,1.0173081159591675,0.5782,0.5794772276355006,1.2021678894758225,0.17646142710000276,0.9748208701610566,nan,nan
cifar10,topk_softmax_0125,3,25,1.0067987442016602,0.5767,0.5762291480270162,1.2176678597927093,0.17643975783139468,0.9553101152181626,nan,nan
cifar10,topk_softmax_0125,3,26,1.0005276203155518,0.5793,0.5786816696111104,1.2073546409606934,0.17645116336643696,0.962553258985281,nan,nan
cifar10,topk_softmax_0125,3,27,0.9851956963539124,0.5797,0.5783211573341753,1.2278865188360215,0.17643283158540726,0.9556016810238361,nan,nan
cifar10,topk_softmax_0125,3,28,0.9768784642219543,0.5803,0.5751905898768781,1.21188445687294,0.17644668594002724,0.9574044920504093,nan,nan
cifar10,topk_softmax_0125,3,29,0.9605627655982971,0.5851,0.5807048785879261,1.2207738906145096,0.17644136399030685,0.9594657331705093,nan,nan
cifar10,topk_softmax_0125,4,0,1.9807180166244507,0.344,0.3205624790138051,1.7750212609767915,0.1764705926179886,1.0910518616437912,nan,nan
cifar10,topk_softmax_0125,4,1,1.6909469366073608,0.403,0.38704718701302704,1.6106493800878525,0.1764705926179886,1.0818437114357948,nan,nan
cifar10,topk_softmax_0125,4,2,1.5720477104187012,0.44,0.4277504888248041,1.5460079938173295,0.1764705926179886,1.0775858923792838,nan,nan
cifar10,topk_softmax_0125,4,3,1.5075693130493164,0.473,0.4661459547768911,1.4499602049589158,0.1764705926179886,1.066655047237873,nan,nan
cifar10,topk_softmax_0125,4,4,1.4480936527252197,0.4839,0.4825151154951177,1.4277005255222321,0.1764705926179886,1.0669074311852456,nan,nan
cifar10,topk_softmax_0125,4,5,1.4171397686004639,0.4848,0.4760569191669477,1.415394139289856,0.1764705080538988,1.0519666120409965,nan,nan
cifar10,topk_softmax_0125,4,6,1.3676429986953735,0.4947,0.4942975081216363,1.3809515446424485,0.1764705080538988,1.0534037083387375,nan,nan
cifar10,topk_softmax_0125,4,7,1.3317142724990845,0.5127,0.5103376976064311,1.3461440056562424,0.1764703391119838,1.040418504178524,nan,nan
cifar10,topk_softmax_0125,4,8,1.3071165084838867,0.5167,0.5104628231947104,1.318539771437645,0.17647025492042304,1.0448049664497376,nan,nan
cifar10,topk_softmax_0125,4,9,1.2821507453918457,0.5197,0.5170036201940583,1.3328104197978974,0.17647000160068274,1.037229710817337,nan,nan
cifar10,topk_softmax_0125,4,10,1.2570346593856812,0.5352,0.5344475762326235,1.2982600629329681,0.1764702547341585,1.0381258606910706,nan,nan
cifar10,topk_softmax_0125,4,11,1.232493281364441,0.5389,0.5403845155209142,1.2996674537658692,0.17646991666406392,1.034482155740261,nan,nan
cifar10,topk_softmax_0125,4,12,1.2135246992111206,0.5385,0.5373668715126524,1.2875494539737702,0.1764690725132823,1.0220033377408981,nan,nan
cifar10,topk_softmax_0125,4,13,1.1897106170654297,0.5432,0.5386032984448892,1.2760453879833222,0.17646886110305787,1.0239620365202426,nan,nan
cifar10,topk_softmax_0125,4,14,1.1683707237243652,0.5447,0.5402089086322863,1.2787880510091783,0.1764655662700534,1.0079361334443093,nan,nan
cifar10,topk_softmax_0125,4,15,1.1592174768447876,0.5527,0.5494982461366749,1.2620724081993102,0.17646894566714763,1.010630375146866,nan,nan
cifar10,topk_softmax_0125,4,16,1.137204885482788,0.5558,0.5543697369607409,1.2481206744909286,0.17646919917315246,1.0180446617305279,nan,nan
cifar10,topk_softmax_0125,4,17,1.1222825050354004,0.5651,0.5617823941913168,1.2312766581773757,0.17646894566714763,1.0136641152203083,nan,nan
cifar10,topk_softmax_0125,4,18,1.1070823669433594,0.56,0.5548299225262733,1.258356049656868,0.1764671292155981,0.997697439789772,nan,nan
cifar10,topk_softmax_0125,4,19,1.091059923171997,0.5641,0.5631949477976452,1.2372760981321336,0.1764671290293336,0.9910722151398659,nan,nan
cifar10,topk_softmax_0125,4,20,1.0783568620681763,0.5678,0.5632721127861862,1.2249942868947983,0.17646700255572795,0.9961306639015675,nan,nan
cifar10,topk_softmax_0125,4,21,1.0624970197677612,0.5734,0.5703523225857642,1.2122803211212159,0.17646780516952276,1.0009648010134697,nan,nan
cifar10,topk_softmax_0125,4,22,1.0458348989486694,0.5694,0.5671971956284267,1.2278304487466811,0.17646451089531184,0.9893521398305893,nan,nan
cifar10,topk_softmax_0125,4,23,1.0377068519592285,0.5654,0.5625077581568417,1.2365352183580398,0.17646527122706174,0.9896285928785801,nan,nan
cifar10,topk_softmax_0125,4,24,1.025830626487732,0.5679,0.5657650453423568,1.2284765750169755,0.17646734062582253,0.9891027316451073,nan,nan
cifar10,topk_softmax_0125,4,25,1.0144680738449097,0.5733,0.5737299691282339,1.2264881402254104,0.17646746784448625,0.9904613204300403,nan,nan
cifar10,topk_softmax_0125,4,26,1.0022532939910889,0.5745,0.5725888951781902,1.2265262961387635,0.17646446861326695,0.9827142089605332,nan,nan
cifar10,topk_softmax_0125,4,27,0.9881062507629395,0.5788,0.5786974104220963,1.2143638730049133,0.1764676783233881,0.9955075636506081,nan,nan
cifar10,topk_softmax_0125,4,28,0.9831973910331726,0.5727,0.5724126458230847,1.2182112365961075,0.17646632734686135,0.9887791700661183,nan,nan
cifar10,topk_softmax_0125,4,29,0.9658216834068298,0.5795,0.5763699097991196,1.2186884552240371,0.1764654405415058,0.9866605132818222,nan,nan
cifar10,topk_softmax_0125,5,0,1.9513524770736694,0.3654,0.3492120306882781,1.7313672393560409,0.1764705926179886,1.0931014329195023,nan,nan
cifar10,topk_softmax_0125,5,1,1.6698604822158813,0.4075,0.38387365135738194,1.6082809001207352,0.1764705926179886,1.090484231710434,nan,nan
cifar10,topk_softmax_0125,5,2,1.5563997030258179,0.4353,0.4286959622904778,1.549753412604332,0.1764705926179886,1.0835020780563354,nan,nan
cifar10,topk_softmax_0125,5,3,1.4875078201293945,0.4723,0.4734591596610714,1.4766217648983002,0.1764705926179886,1.081533095240593,nan,nan
cifar10,topk_softmax_0125,5,4,1.4355837106704712,0.4792,0.4732595156038596,1.4459908157587051,0.1764705926179886,1.071138682961464,nan,nan
cifar10,topk_softmax_0125,5,5,1.3936818838119507,0.4954,0.48623748440521153,1.4012547045946122,0.1764705926179886,1.0635167047381402,nan,nan
cifar10,topk_softmax_0125,5,6,1.3566572666168213,0.4928,0.4849676758289256,1.4111279517412185,0.1764705926179886,1.0569730311632157,nan,nan
cifar10,topk_softmax_0125,5,7,1.3302537202835083,0.5012,0.4916770467802709,1.3673826098442077,0.1764705503359437,1.04362390935421,nan,nan
cifar10,topk_softmax_0125,5,8,1.3002395629882812,0.5189,0.5173952984531083,1.3445316702127457,0.1764705503359437,1.0417454279959202,nan,nan
cifar10,topk_softmax_0125,5,9,1.284737467765808,0.5295,0.5266787494219021,1.3269136279821396,0.1764705503359437,1.0372000120580196,nan,nan
cifar10,topk_softmax_0125,5,10,1.2563178539276123,0.5284,0.5292742490100548,1.3264376759529113,0.1764705503359437,1.0383910171687603,nan,nan
cifar10,topk_softmax_0125,5,11,1.2315373420715332,0.5336,0.530161912974547,1.308878755569458,0.1764705926179886,1.033108826726675,nan,nan
cifar10,topk_softmax_0125,5,12,1.215050458908081,0.5338,0.5318271681410028,1.312917447090149,0.1764705503359437,1.0282018467783929,nan,nan
cifar10,topk_softmax_0125,5,13,1.193806767463684,0.5302,0.5309046542837701,1.3264744937419892,0.1764705503359437,1.0215092882514,nan,nan
cifar10,topk_softmax_0125,5,14,1.1843031644821167,0.5406,0.5321470521459413,1.3015743970870972,0.17647050824016333,1.0158752448856831,nan,nan
cifar10,topk_softmax_0125,5,15,1.165991187095642,0.5497,0.5476684676175808,1.2728578716516494,0.1764705503359437,1.010281789302826,nan,nan
cifar10,topk_softmax_0125,5,16,1.1480978727340698,0.5397,0.5348280951128423,1.309681385755539,0.17647050824016333,1.0030520029366017,nan,nan
cifar10,topk_softmax_0125,5,17,1.130550742149353,0.5589,0.5583854893682964,1.2634037882089615,0.1764705503359437,1.0072292909026146,nan,nan
cifar10,topk_softmax_0125,5,18,1.119870662689209,0.558,0.5566685318315556,1.2571097880601882,0.1764705503359437,1.001293758302927,nan,nan
cifar10,topk_softmax_0125,5,19,1.1032912731170654,0.5576,0.5551604873676725,1.2643359035253525,0.1764705503359437,1.005235880613327,nan,nan
cifar10,topk_softmax_0125,5,20,1.0947834253311157,0.5491,0.5486900685934988,1.2790969461202621,0.1764705503359437,1.0056409239768982,nan,nan
cifar10,topk_softmax_0125,5,21,1.0746791362762451,0.5607,0.5575504155219528,1.2653691798448563,0.17647050824016333,1.0040980592370032,nan,nan
cifar10,topk_softmax_0125,5,22,1.0566893815994263,0.5633,0.5650550405850983,1.2451671838760376,0.1764705503359437,0.9925979450345039,nan,nan
cifar10,topk_softmax_0125,5,23,1.0516040325164795,0.5642,0.5628393234347773,1.2490855395793914,0.1764705503359437,0.9875770635902882,nan,nan
cifar10,topk_softmax_0125,5,24,1.039449691772461,0.5595,0.5594290365510652,1.2495269179344177,0.1764705503359437,0.9933351047337056,nan,nan
cifar10,topk_softmax_0125,5,25,1.027438759803772,0.5651,0.5622073617246862,1.2402031749486924,0.1764705503359437,0.9894130051136016,nan,nan
cifar10,topk_softmax_0125,5,26,1.0240262746810913,0.566,0.5641847942392054,1.242967665195465,0.1764705503359437,0.9890745185315609,nan,nan
cifar10,topk_softmax_0125,5,27,1.005530834197998,0.5599,0.5585293358317818,1.2586912304162978,0.1764705926179886,0.9926599062979221,nan,nan
cifar10,topk_softmax_0125,5,28,0.9930169582366943,0.5681,0.567495308460242,1.249737310409546,0.1764705080538988,0.9739842027425766,nan,nan
cifar10,topk_softmax_0125,5,29,0.9818475246429443,0.5662,0.5654783933237069,1.241677588224411,0.17647042367607355,0.9732376724481583,nan,nan
cifar10,topk_softmax_0125,6,0,1.9478226900100708,0.3558,0.336009304544825,1.7785856634378434,0.1764705926179886,1.0905684992671012,nan,nan
cifar10,topk_softmax_0125,6,1,1.6845695972442627,0.4135,0.4023298752912872,1.6070134520530701,0.1764705926179886,1.0856497675180434,nan,nan
cifar10,topk_softmax_0125,6,2,1.5827125310897827,0.4555,0.45157597525413234,1.503519031405449,0.1764705926179886,1.0839675188064575,nan,nan
cifar10,topk_softmax_0125,6,3,1.4971919059753418,0.4743,0.46943783461511235,1.4812862664461135,0.1764705926179886,1.0730055689811706,nan,nan
cifar10,topk_softmax_0125,6,4,1.447830080986023,0.4576,0.4588217546018816,1.5224082261323928,0.1764705926179886,1.072937047481537,nan,nan
cifar10,topk_softmax_0125,6,5,1.3960400819778442,0.5057,0.5018715841311405,1.3875752180814742,0.17647050824016333,1.0618484705686568,nan,nan
cifar10,topk_softmax_0125,6,6,1.3502603769302368,0.5161,0.509574664161091,1.3676542967557908,0.17647042367607355,1.055832102894783,nan,nan
cifar10,topk_softmax_0125,6,7,1.321696400642395,0.5247,0.5202329825342245,1.3433371961116791,0.17647012807428836,1.052466207742691,nan,nan
cifar10,topk_softmax_0125,6,8,1.2911866903305054,0.5231,0.5184086623704749,1.3538275688886643,0.1764700014144182,1.0443164110183716,nan,nan
cifar10,topk_softmax_0125,6,9,1.2687174081802368,0.5314,0.5244861663891225,1.315492820739746,0.1764698324725032,1.0414034485816956,nan,nan
cifar10,topk_softmax_0125,6,10,1.2524672746658325,0.5438,0.5431914408078558,1.291100800037384,0.17646957896649837,1.0302451461553574,nan,nan
cifar10,topk_softmax_0125,6,11,1.224233865737915,0.5459,0.5415030595635144,1.2862664878368377,0.1764694944024086,1.028787763416767,nan,nan
cifar10,topk_softmax_0125,6,12,1.2135961055755615,0.5447,0.5433002562975647,1.2850378274917602,0.1764689452946186,1.0252952076494695,nan,nan
cifar10,topk_softmax_0125,6,13,1.1891647577285767,0.5455,0.5420096517876973,1.2736945509910584,0.176468607224524,1.0160451456904411,nan,nan
cifar10,topk_softmax_0125,6,14,1.1738122701644897,0.5543,0.55173004772425,1.2621661186218263,0.1764685230329633,1.0145165637135505,nan,nan
cifar10,topk_softmax_0125,6,15,1.1615298986434937,0.5537,0.5523553718877172,1.261941945552826,0.17646826952695846,1.016906341165304,nan,nan
cifar10,topk_softmax_0125,6,16,1.1437338590621948,0.5576,0.5530028261272333,1.2443702816963196,0.17646788954734802,1.0068267330527305,nan,nan
cifar10,topk_softmax_0125,6,17,1.1310666799545288,0.5552,0.5554676573698571,1.269923782348633,0.17646721415221692,1.0073641382157803,nan,nan
cifar10,topk_softmax_0125,6,18,1.1110353469848633,0.5559,0.553612442239253,1.2537649333477021,0.17646704483777284,1.0046276435256005,nan,nan
cifar10,topk_softmax_0125,6,19,1.098502278327942,0.5606,0.5589433180412186,1.2529904246330261,0.17646734062582253,0.9980025619268418,nan,nan
cifar10,topk_softmax_0125,6,20,1.0784034729003906,0.5606,0.5558897100520701,1.2595580250024796,0.17646548245102167,0.9904206715524196,nan,nan
cifar10,topk_softmax_0125,6,21,1.0648844242095947,0.5523,0.5507228451065483,1.2734642535448075,0.17646717168390752,1.0020228274166585,nan,nan
cifar10,topk_softmax_0125,6,22,1.0554312467575073,0.5595,0.5564967718162758,1.2477922707796096,0.1764664113521576,0.9999120019376277,nan,nan
cifar10,topk_softmax_0125,6,23,1.037953495979309,0.5648,0.5627577936222411,1.2456447303295135,0.17646734043955803,1.0001173138618469,nan,nan
cifar10,topk_softmax_0125,6,24,1.0313612222671509,0.5637,0.5627297585030211,1.2497925192117691,0.1764618070796132,0.9863971576094628,nan,nan
cifar10,topk_softmax_0125,6,25,1.024071455001831,0.5596,0.5571490964362031,1.2511640310287475,0.17646413072943687,0.9850373968482018,nan,nan
cifar10,topk_softmax_0125,6,26,1.009459137916565,0.5654,0.5623181103605971,1.2465077817440033,0.17646256778389216,0.9900305911898613,nan,nan
cifar10,topk_softmax_0125,6,27,0.9974252581596375,0.5695,0.5666237061875343,1.248044925928116,0.17646125853061675,0.9814589492976665,nan,nan
cifar10,topk_softmax_0125,6,28,0.9889581799507141,0.5698,0.568143394492366,1.2328016579151153,0.17645893543958663,0.9749308578670025,nan,nan
cifar10,topk_softmax_0125,6,29,0.9749997854232788,0.5766,0.575932760601426,1.2328239649534225,0.1764587240293622,0.9737679436802864,nan,nan
cifar10,topk_softmax_0125,7,0,1.9491169452667236,0.3649,0.3564865716545679,1.7263617902994155,0.1764705926179886,1.0917007058858872,nan,nan
cifar10,topk_softmax_0125,7,1,1.683231234550476,0.4239,0.4172033057868121,1.568976527452469,0.1764705926179886,1.0874025851488114,nan,nan
cifar10,topk_softmax_0125,7,2,1.5599486827850342,0.448,0.4357968199021379,1.5127017050981522,0.1764705926179886,1.0839652463793754,nan,nan
cifar10,topk_softmax_0125,7,3,1.4900563955307007,0.4838,0.4768854992509784,1.4255780100822448,0.1764705926179886,1.081563575565815,nan,nan
cifar10,topk_softmax_0125,7,4,1.4373878240585327,0.4923,0.49574834749418767,1.4225953102111817,0.1764705926179886,1.0804936543107033,nan,nan
cifar10,topk_softmax_0125,7,5,1.3923635482788086,0.4962,0.49162247999652964,1.3852378606796265,0.1764705926179886,1.074055939912796,nan,nan
cifar10,topk_softmax_0125,7,6,1.3600151538848877,0.5129,0.506944833027628,1.3386328935623169,0.1764705926179886,1.0638886764645576,nan,nan
cifar10,topk_softmax_0125,7,7,1.3157888650894165,0.5272,0.5243762827036776,1.3250601768493653,0.1764705926179886,1.061495004594326,nan,nan
cifar10,topk_softmax_0125,7,8,1.2914313077926636,0.5283,0.5228487778480775,1.3186581522226333,0.1764705926179886,1.0539531648159026,nan,nan
cifar10,topk_softmax_0125,7,9,1.2701215744018555,0.5319,0.5277819181769065,1.3130431532859803,0.1764705503359437,1.050248809158802,nan,nan
cifar10,topk_softmax_0125,7,10,1.2460675239562988,0.5349,0.5341248721770289,1.2908015429973603,0.1764705926179886,1.0542319655418395,nan,nan
cifar10,topk_softmax_0125,7,11,1.2234927415847778,0.5454,0.5421700359275665,1.2792722433805466,0.1764705926179886,1.0485907390713691,nan,nan
cifar10,topk_softmax_0125,7,12,1.2083286046981812,0.5477,0.5445608932214642,1.2607282191514968,0.1764705503359437,1.040520303696394,nan,nan
cifar10,topk_softmax_0125,7,13,1.1905593872070312,0.5515,0.5457125423197916,1.24468052983284,0.1764705503359437,1.039736734330654,nan,nan
cifar10,topk_softmax_0125,7,14,1.1701098680496216,0.5593,0.5577635469126627,1.245436927676201,0.17647046577185393,1.0357874840497971,nan,nan
cifar10,topk_softmax_0125,7,15,1.1468051671981812,0.5631,0.5610707093052683,1.2493954002857208,0.1764702547341585,1.0285852238535882,nan,nan
cifar10,topk_softmax_0125,7,16,1.1313179731369019,0.5611,0.5577010377036931,1.223313495516777,0.17647038139402865,1.0253089129924775,nan,nan
cifar10,topk_softmax_0125,7,17,1.1217710971832275,0.5663,0.564034136038804,1.2222497671842576,0.17647038139402865,1.0280420780181885,nan,nan
cifar10,topk_softmax_0125,7,18,1.10514235496521,0.5577,0.555833953415388,1.257148090004921,0.17647038139402865,1.0223596580326557,nan,nan
cifar10,topk_softmax_0125,7,19,1.0880130529403687,0.5686,0.5673556471811845,1.2233357161283493,0.1764700436964631,1.012740045040846,nan,nan
cifar10,topk_softmax_0125,7,20,1.07538640499115,0.5657,0.565682664052419,1.2312044590711593,0.17647021245211364,1.014113759994507,nan,nan
cifar10,topk_softmax_0125,7,21,1.0630220174789429,0.5661,0.5669213776312206,1.2314946353435516,0.1764700857922435,1.0069280467927455,nan,nan
cifar10,topk_softmax_0125,7,22,1.043992519378662,0.5656,0.5596420501160604,1.2533318728208542,0.17646995913237334,1.0099160462617873,nan,nan
cifar10,topk_softmax_0125,7,23,1.0349982976913452,0.5727,0.5687288245379838,1.2148487836122512,0.1764700014144182,1.0096880860626698,nan,nan
cifar10,topk_softmax_0125,7,24,1.018593430519104,0.5715,0.5722755176630316,1.2124551773071288,0.17646949458867311,0.9935917600989341,nan,nan
cifar10,topk_softmax_0125,7,25,1.011361837387085,0.5838,0.5837917937697029,1.2092132836580276,0.17646936774253846,0.9917475335299969,nan,nan
cifar10,topk_softmax_0125,7,26,0.9958027601242065,0.5877,0.5885966402037959,1.2090892121195793,0.17646962124854326,0.9995506465435028,nan,nan
cifar10,topk_softmax_0125,7,27,0.9858112931251526,0.5798,0.576380819494464,1.2134764671325684,0.17646822780370713,0.9884220279753209,nan,nan
cifar10,topk_softmax_0125,7,28,0.9680599570274353,0.5838,0.579882498352024,1.2113486707210541,0.17646932564675807,0.9943400368094444,nan,nan
cifar10,topk_softmax_0125,7,29,0.9547687768936157,0.5913,0.5909869899705166,1.201759895682335,0.17646890338510274,0.9887849636375904,nan,nan
cifar10,topk_softmax_0125,8,0,1.9295015335083008,0.3594,0.3342439365378155,1.7675917893648148,0.1764705926179886,1.0911446288228035,nan,nan
cifar10,topk_softmax_0125,8,1,1.6717538833618164,0.4118,0.4041219352612342,1.6171583652496337,0.1764705926179886,1.0834264218807221,nan,nan
cifar10,topk_softmax_0125,8,2,1.5635532140731812,0.4551,0.45122136258560824,1.5200068324804306,0.1764705926179886,1.0788900166749955,nan,nan
cifar10,topk_softmax_0125,8,3,1.4925825595855713,0.4721,0.4668211458857769,1.4687675058841705,0.17647042386233808,1.073453563451767,nan,nan
cifar10,topk_softmax_0125,8,4,1.4343533515930176,0.4695,0.4601085010232424,1.4534307301044465,0.1764702970162034,1.0648830860853196,nan,nan
cifar10,topk_softmax_0125,8,5,1.3885612487792969,0.4848,0.4788527494664086,1.415963664650917,0.17646995931863785,1.0654465183615685,nan,nan
cifar10,topk_softmax_0125,8,6,1.3500947952270508,0.5067,0.49912638731591424,1.3817189574241637,0.1764683121815324,1.0561724230647087,nan,nan
cifar10,topk_softmax_0125,8,7,1.3231548070907593,0.5083,0.5025897545898912,1.3497422277927398,0.17646683361381293,1.0516412451863288,nan,nan
cifar10,topk_softmax_0125,8,8,1.2969015836715698,0.5265,0.524114107728057,1.3224390536546706,0.17646527085453273,1.049415935575962,nan,nan
cifar10,topk_softmax_0125,8,9,1.26846182346344,0.5281,0.5227276053142134,1.3283891409635544,0.17646387740969657,1.0457637712359429,nan,nan
cifar10,topk_softmax_0125,8,10,1.2450006008148193,0.5312,0.528658857627991,1.2978727787733078,0.17646379321813582,1.0493658617138863,nan,nan
cifar10,topk_softmax_0125,8,11,1.227376937866211,0.5359,0.5359445562993518,1.280189749598503,0.1764594003558159,1.0351577796041966,nan,nan
cifar10,topk_softmax_0125,8,12,1.1998364925384521,0.5462,0.543158654461336,1.2786925822496413,0.17646108902990817,1.04137232452631,nan,nan
cifar10,topk_softmax_0125,8,13,1.1751278638839722,0.5509,0.5465353966146186,1.2699695020914077,0.17645868174731733,1.029856314510107,nan,nan
cifar10,topk_softmax_0125,8,14,1.1561477184295654,0.5509,0.548215775400826,1.2683899790048598,0.17645961102098226,1.0329143837094308,nan,nan
cifar10,topk_softmax_0125,8,15,1.1439627408981323,0.5525,0.5485849562041629,1.2521274179220199,0.1764563163742423,1.026756127178669,nan,nan
cifar10,topk_softmax_0125,8,16,1.1293096542358398,0.5569,0.5599199892934505,1.2505898088216783,0.17645758334547282,1.024150615185499,nan,nan
cifar10,topk_softmax_0125,8,17,1.111594319343567,0.5581,0.556774202121202,1.225846752524376,0.17645910419523717,1.0216588139533997,nan,nan
cifar10,topk_softmax_0125,8,18,1.0984433889389038,0.5662,0.5679211222268873,1.2323490679264069,0.1764570765197277,1.0170132033526897,nan,nan
cifar10,topk_softmax_0125,8,19,1.0809880495071411,0.5536,0.5525937029935124,1.2451453119516374,0.1764568654820323,1.0183126956224442,nan,nan
cifar10,topk_softmax_0125,8,20,1.0700253248214722,0.5655,0.5651133703485762,1.2299165099859237,0.17645496409386396,1.0148942098021507,nan,nan
cifar10,topk_softmax_0125,8,21,1.0528522729873657,0.5643,0.5632099149612577,1.2389635115861892,0.17645454164594412,1.0163761503994464,nan,nan
cifar10,topk_softmax_0125,8,22,1.0410473346710205,0.5656,0.5672340872134003,1.2301246285438538,0.17644943110644817,1.0105897590517998,nan,nan
cifar10,topk_softmax_0125,8,23,1.0296303033828735,0.5758,0.5746125798043757,1.2226021587848663,0.1764438135549426,1.0053790807724,nan,nan
cifar10,topk_softmax_0125,8,24,1.0145683288574219,0.5635,0.558082297916522,1.2628249943256378,0.17643422558903693,0.9925799049437046,nan,nan
cifar10,topk_softmax_0125,8,25,0.9957602024078369,0.5685,0.5654348013956408,1.2393127858638764,0.1764450803399086,0.9954781115055085,nan,nan
cifar10,topk_softmax_0125,8,26,0.9884748458862305,0.5709,0.5699982380454462,1.2455423057079316,0.17644972652196883,1.0114534378051758,nan,nan
cifar10,topk_softmax_0125,8,27,0.9835001826286316,0.5712,0.5761767931538679,1.2234138011932374,0.17644279934465884,0.9973734311759472,nan,nan
cifar10,topk_softmax_0125,8,28,0.9681260585784912,0.5776,0.5771544594314038,1.244221965968609,0.17644127905368806,0.9945882737636567,nan,nan
cifar10,topk_softmax_0125,8,29,0.9538894891738892,0.5696,0.5724775411230509,1.2666004717350006,0.1764417439699173,0.9971598483622074,nan,nan
cifar10,topk_softmax_0125,9,0,1.941057801246643,0.365,0.34084137948982995,1.738596925139427,0.1764705926179886,1.0930117517709732,nan,nan
cifar10,topk_softmax_0125,9,1,1.6656965017318726,0.4179,0.40651414223579724,1.5877947747707366,0.1764705926179886,1.084303829073906,nan,nan
cifar10,topk_softmax_0125,9,2,1.5547170639038086,0.4465,0.43574932912827646,1.5265285313129424,0.1764705926179886,1.0773309722542763,nan,nan
cifar10,topk_softmax_0125,9,3,1.4839208126068115,0.4701,0.46228012438085014,1.4626259684562684,0.1764705926179886,1.071852722764015,nan,nan
cifar10,topk_softmax_0125,9,4,1.4259021282196045,0.4864,0.48454361845007865,1.4056144863367082,0.1764705926179886,1.065921176970005,nan,nan
cifar10,topk_softmax_0125,9,5,1.3914636373519897,0.4759,0.47621364618548945,1.4510113805532456,0.1764705503359437,1.0560070753097535,nan,nan
cifar10,topk_softmax_0125,9,6,1.3548105955123901,0.5089,0.5065822192178953,1.3694827526807785,0.17647046595811844,1.055147060751915,nan,nan
cifar10,topk_softmax_0125,9,7,1.3285585641860962,0.5089,0.5067034098114735,1.3660056382417678,0.17647046595811844,1.0533625915646554,nan,nan
cifar10,topk_softmax_0125,9,8,1.2967487573623657,0.5176,0.5076478612460956,1.3623244374990464,0.176469536870718,1.042817732691765,nan,nan
cifar10,topk_softmax_0125,9,9,1.2815865278244019,0.5175,0.5119178939306366,1.333432349562645,0.17646991703659295,1.0430582150816918,nan,nan
cifar10,topk_softmax_0125,9,10,1.2588552236557007,0.5375,0.5355866273639821,1.2985521137714386,0.17646936792880297,1.0340663820505143,nan,nan
cifar10,topk_softmax_0125,9,11,1.229359745979309,0.538,0.5327689811017852,1.2936385184526444,0.17646962124854326,1.0329463548958302,nan,nan
cifar10,topk_softmax_0125,9,12,1.2094358205795288,0.5457,0.5411325992750737,1.2764831125736236,0.17646953668445348,1.0281303144991398,nan,nan
cifar10,topk_softmax_0125,9,13,1.189054012298584,0.5368,0.537716266192828,1.2893601328134536,0.17646873481571673,1.0213901832699777,nan,nan
cifar10,topk_softmax_0125,9,14,1.1704895496368408,0.552,0.5497048343706192,1.26861432492733,0.17646877691149712,1.025361180305481,nan,nan
cifar10,topk_softmax_0125,9,15,1.1528223752975464,0.5534,0.54971322893983,1.2600330054759978,0.1764685234054923,1.0181670121848583,nan,nan
cifar10,topk_softmax_0125,9,16,1.1367589235305786,0.5529,0.5528516080675566,1.261884880065918,0.17646755259484054,1.0054764211177827,nan,nan
cifar10,topk_softmax_0125,9,17,1.1204854249954224,0.5636,0.5633061214118649,1.2362820744514464,0.1764678904786706,1.0048872336745263,nan,nan
cifar10,topk_softmax_0125,9,18,1.1054046154022217,0.5607,0.560511826480777,1.2503822177648545,0.17646742574870586,1.0052329204976558,nan,nan
cifar10,topk_softmax_0125,9,19,1.088621735572815,0.5699,0.5691577696157089,1.2249153584241868,0.17646729946136475,1.0082411766052246,nan,nan
cifar10,topk_softmax_0125,9,20,1.0750913619995117,0.5675,0.5672707617425978,1.2222124993801118,0.17646539807319642,0.992756450176239,nan,nan
cifar10,topk_softmax_0125,9,21,1.0688830614089966,0.5759,0.5749456142903178,1.209156297147274,0.1764654405415058,0.9914037525653839,nan,nan
cifar10,topk_softmax_0125,9,22,1.0480753183364868,0.5613,0.5571253571209718,1.250641107559204,0.17646620087325574,0.9959104679524898,nan,nan
cifar10,topk_softmax_0125,9,23,1.0325586795806885,0.5624,0.5580102432113829,1.2564091384410858,0.17646687682718037,0.9982606776058673,nan,nan
cifar10,topk_softmax_0125,9,24,1.021606206893921,0.5732,0.5711576955193324,1.2194591820240022,0.17646620105952024,0.9945224031805993,nan,nan
cifar10,topk_softmax_0125,9,25,1.0083131790161133,0.5738,0.5698114037836953,1.228970441222191,0.1764645954594016,0.9867374949157238,nan,nan
cifar10,topk_softmax_0125,9,26,0.9971708059310913,0.571,0.5721972762879939,1.223773440718651,0.17646265290677549,0.9778833292424679,nan,nan
cifar10,topk_softmax_025,0,0,1.9539778232574463,0.3673,0.3637607404275106,1.736818367242813,0.29411765933036804,1.5905306220054627,nan,nan
cifar10,topk_softmax_025,0,1,1.659194827079773,0.4322,0.4169956338960025,1.5680147796869277,0.29411765933036804,1.5799397364258767,nan,nan
cifar10,topk_softmax_025,0,2,1.5315845012664795,0.4616,0.45116285093825137,1.4969060093164444,0.29411765933036804,1.5731742516160012,nan,nan
cifar10,topk_softmax_025,0,3,1.463452935218811,0.4619,0.4615503419444007,1.494848382472992,0.29411749020218847,1.564596053957939,nan,nan
cifar10,topk_softmax_025,0,4,1.4099634885787964,0.5028,0.4944583578666302,1.3910008370876312,0.2941157162189484,1.5501680642366409,nan,nan
cifar10,topk_softmax_025,0,5,1.3640782833099365,0.5082,0.502259596096047,1.3615133196115494,0.29411575831472875,1.5378532260656357,nan,nan
cifar10,topk_softmax_025,0,6,1.3149875402450562,0.5186,0.5105572809816403,1.3334578663110732,0.29411280043423177,1.529216542840004,nan,nan
cifar10,topk_softmax_025,0,7,1.2934924364089966,0.5243,0.5154662306865684,1.3336380392313003,0.29410836584866046,1.5088627621531487,nan,nan
cifar10,topk_softmax_025,0,8,1.2646169662475586,0.5316,0.5251728888114421,1.3009225189685822,0.2941098023205996,1.5131644055247306,nan,nan
cifar10,topk_softmax_025,0,9,1.2325447797775269,0.5449,0.5393620695232344,1.2819723665714264,0.2941051136702299,1.5028912395238876,nan,nan
cifar10,topk_softmax_025,0,10,1.2198617458343506,0.546,0.54302463250907,1.27631017267704,0.29410448037087916,1.492440539598465,nan,nan
cifar10,topk_softmax_025,0,11,1.1930487155914307,0.5562,0.5548206750580036,1.2573465794324874,0.2940992835909128,1.4788238853216171,nan,nan
cifar10,topk_softmax_025,0,12,1.1700032949447632,0.5538,0.5551720697695827,1.2642499804496765,0.29410236813127993,1.4816476359963417,nan,nan
cifar10,topk_softmax_025,0,13,1.157381534576416,0.5564,0.5551258889153575,1.241994646191597,0.2940968759357929,1.464610593020916,nan,nan
cifar10,topk_softmax_025,0,14,1.1307604312896729,0.5664,0.5676001882786241,1.236082285642624,0.2941012270748615,1.4800926208496095,nan,nan
cifar10,topk_softmax_025,0,15,1.1188116073608398,0.5629,0.5612569801125253,1.2438353270292282,0.2940816290676594,1.4476471453905106,nan,nan
cifar10,topk_softmax_025,0,16,1.101531744003296,0.5642,0.5669151437672268,1.2166660845279693,0.2940881758928299,1.4522672533988952,nan,nan
cifar10,topk_softmax_025,0,17,1.0837432146072388,0.569,0.5636081761177913,1.2256711214780807,0.2940940044820309,1.4614326313138009,nan,nan
cifar10,topk_softmax_025,0,18,1.0766364336013794,0.5743,0.5714403620959849,1.2160961270332336,0.2941040150821209,1.476881316304207,nan,nan
cifar10,topk_softmax_025,0,19,1.0552163124084473,0.5773,0.5750975027671843,1.2000559374690056,0.29410384632647035,1.4766920432448387,nan,nan
cifar10,topk_softmax_025,0,20,1.0340619087219238,0.584,0.5812925515264922,1.2080825820565224,0.29408893547952175,1.4508974388241769,nan,nan
cifar10,topk_softmax_025,0,21,1.0220959186553955,0.5839,0.5801618195665392,1.2029889166355132,0.29408606328070164,1.4425084248185158,nan,nan
cifar10,topk_softmax_025,0,22,1.0128846168518066,0.5795,0.5780337938627275,1.186797347664833,0.2941050291061401,1.4497679367661476,nan,nan
cifar10,topk_softmax_025,0,23,0.9997316598892212,0.5913,0.5921345634412858,1.1827556490898132,0.2940995801240206,1.4434926852583885,nan,nan
cifar10,topk_softmax_025,0,24,0.9848508834838867,0.5784,0.5777865995796351,1.1958697408437728,0.2940918918699026,1.4335103616118432,nan,nan
cifar10,topk_softmax_025,0,25,0.9733183979988098,0.5923,0.5931421608167282,1.1804677918553352,0.2940958201885223,1.4347725614905358,nan,nan
cifar10,topk_softmax_025,0,26,0.9626950025558472,0.582,0.5827213170841471,1.1944918036460876,0.29410359300673006,1.4456992223858833,nan,nan
cifar10,topk_softmax_025,0,27,0.954924464225769,0.5881,0.5882502188545807,1.1791193529963493,0.2940976798534393,1.4307777419686318,nan,nan
cifar10,topk_softmax_025,0,28,0.9388874769210815,0.5871,0.5862448642374835,1.1891025871038436,0.2940952304750681,1.4353317111730575,nan,nan
cifar10,topk_softmax_025,0,29,0.9324827790260315,0.5828,0.5806374858752457,1.2096578180789948,0.2940985672175884,1.4332996740937234,nan,nan
cifar10,topk_softmax_025,1,0,1.9190186262130737,0.3668,0.34551972497239725,1.719772818684578,0.29411765933036804,1.58659820407629,nan,nan
cifar10,topk_softmax_025,1,1,1.6644532680511475,0.4133,0.39338432327849276,1.6008282482624054,0.29411765933036804,1.5815595760941505,nan,nan
cifar10,topk_softmax_025,1,2,1.5530177354812622,0.4413,0.4194965975773754,1.5407611012458802,0.2941175326704979,1.5730408802628517,nan,nan
cifar10,topk_softmax_025,1,3,1.4829668998718262,0.48,0.4735758048348056,1.450104609131813,0.29411740563809874,1.5685891404747963,nan,nan
cifar10,topk_softmax_025,1,4,1.4309436082839966,0.4742,0.47368235685419346,1.4661806523799896,0.2941170256584883,1.5650323405861855,nan,nan
cifar10,topk_softmax_025,1,5,1.382537603378296,0.4954,0.48669219385789625,1.4236393868923187,0.2941168986260891,1.5586424350738526,nan,nan
cifar10,topk_softmax_025,1,6,1.343850016593933,0.5112,0.5024858742904315,1.369381657242775,0.29411681443452836,1.5590972200036048,nan,nan
cifar10,topk_softmax_025,1,7,1.311511516571045,0.5149,0.5051536884955606,1.3512943595647813,0.2941158007830381,1.5503669157624245,nan,nan
cifar10,topk_softmax_025,1,8,1.2737972736358643,0.5269,0.5258232549624966,1.3332343995571136,0.2941152933984995,1.5434866771101952,nan,nan
cifar10,topk_softmax_025,1,9,1.24490487575531,0.5372,0.5370130393291582,1.2984711945056915,0.2941157158464193,1.534761230647564,nan,nan
cifar10,topk_softmax_025,1,10,1.2211451530456543,0.5443,0.5423943783101436,1.2844184339046478,0.2941125065088272,1.5269065871834755,nan,nan
cifar10,topk_softmax_025,1,11,1.1974084377288818,0.5499,0.5455736800084003,1.2675299793481827,0.2941128443926573,1.5228659570217133,nan,nan
cifar10,topk_softmax_025,1,12,1.1809706687927246,0.5508,0.5494774122683292,1.2744873762130737,0.2941108163446188,1.5114774420857429,nan,nan
cifar10,topk_softmax_025,1,13,1.1557599306106567,0.5553,0.5511606669213134,1.2570129036903381,0.29410967566072943,1.5094177827239037,nan,nan
cifar10,topk_softmax_025,1,14,1.131948471069336,0.5658,0.5620713009566625,1.2391385972499847,0.2941116619855165,1.5103098079562187,nan,nan
cifar10,topk_softmax_025,1,15,1.1111557483673096,0.5744,0.5701651476874081,1.2282001048326492,0.2941107328981161,1.5127646937966346,nan,nan
cifar10,topk_softmax_025,1,16,1.0990766286849976,0.5567,0.5492123103084773,1.2542101085186004,0.2941059168428183,1.479759657382965,nan,nan
cifar10,topk_softmax_025,1,17,1.0827802419662476,0.573,0.5702361924472712,1.2174093782901765,0.2941071406006813,1.490019330382347,nan,nan
cifar10,topk_softmax_025,1,18,1.0614943504333496,0.5751,0.5695873611289171,1.215409165620804,0.29410862028598783,1.5034404307603837,nan,nan
cifar10,topk_softmax_025,1,19,1.0457144975662231,0.5723,0.5653753650777938,1.2363242834806443,0.29410714097321033,1.4980246171355247,nan,nan
cifar10,topk_softmax_025,1,20,1.0336426496505737,0.5757,0.571187150901356,1.2327870666980743,0.29410274773836137,1.4816478580236434,nan,nan
cifar10,topk_softmax_025,1,21,1.0243217945098877,0.5853,0.5818315911710894,1.2056732028722763,0.2941006779670715,1.485344225168228,nan,nan
cifar10,topk_softmax_025,1,22,1.004495620727539,0.5743,0.5697998617786986,1.2566049188375472,0.29410177655518055,1.472057145833969,nan,nan
cifar10,topk_softmax_025,1,23,0.9938380122184753,0.5774,0.5732914250366956,1.22938933968544,0.29409641288220884,1.4690749809145927,nan,nan
cifar10,topk_softmax_025,1,24,0.9880121350288391,0.5894,0.5838740207406801,1.1966704249382019,0.29409713111817837,1.464170128107071,nan,nan
cifar10,topk_softmax_025,1,25,0.9677191972732544,0.5868,0.5852075636180956,1.1897718846797942,0.29409742616117,1.4605623841285706,nan,nan
cifar10,topk_softmax_025,1,26,0.9531463980674744,0.5811,0.5793896928095397,1.2211990892887115,0.29409907348454,1.470444069802761,nan,nan
cifar10,topk_softmax_025,1,27,0.9424934983253479,0.5815,0.5797767828263247,1.2242447316646576,0.294095566496253,1.4474401399493217,nan,nan
cifar10,topk_softmax_025,1,28,0.9362381100654602,0.5841,0.5832597235457336,1.20412620306015,0.29409455321729183,1.448564612865448,nan,nan
cifar10,topk_softmax_025,1,29,0.9159841537475586,0.5915,0.5893576691878957,1.1999891087412835,0.29409586302936075,1.4587064921855926,nan,nan
cifar10,topk_softmax_025,2,0,1.9202840328216553,0.366,0.34747809338121477,1.7383924514055251,0.29411765933036804,1.5932584077119827,nan,nan
cifar10,topk_softmax_025,2,1,1.6549944877624512,0.3977,0.3839702107333216,1.6365662187337875,0.29411765933036804,1.5849294990301133,nan,nan
cifar10,topk_softmax_025,2,2,1.5408473014831543,0.4582,0.4465005845816532,1.487946155667305,0.29411765933036804,1.5744313061237336,nan,nan
cifar10,topk_softmax_025,2,3,1.4655205011367798,0.4764,0.4764515726090847,1.4534454077482224,0.2941176172345877,1.5406381487846375,nan,nan
cifar10,topk_softmax_025,2,4,1.4109400510787964,0.4969,0.49474264692562936,1.3820783138275146,0.2941164348274469,1.52177092730999,nan,nan
cifar10,topk_softmax_025,2,5,1.3585546016693115,0.5068,0.4987621947657951,1.3649367064237594,0.2941126324236393,1.5236998930573464,nan,nan
cifar10,topk_softmax_025,2,6,1.3170300722122192,0.5287,0.5239138456279192,1.313545924425125,0.2941084083169699,1.5182168930768967,nan,nan
cifar10,topk_softmax_025,2,7,1.2879509925842285,0.5251,0.5225601375094143,1.3109840244054793,0.2940871618688107,1.4959241464734077,nan,nan
cifar10,topk_softmax_025,2,8,1.2575806379318237,0.5506,0.5470037818311073,1.266915738582611,0.2940834447741508,1.4933658480644225,nan,nan
cifar10,topk_softmax_025,2,9,1.239332675933838,0.5462,0.5480174644953131,1.2528369158506394,0.2940730959177017,1.4832781627774239,nan,nan
cifar10,topk_softmax_025,2,10,1.2051700353622437,0.55,0.5467275632664947,1.2520366460084915,0.2940570879727602,1.462220798432827,nan,nan
cifar10,topk_softmax_025,2,11,1.1854294538497925,0.5501,0.546464474062414,1.2522071957588197,0.29403736218810084,1.4652643650770187,nan,nan
cifar10,topk_softmax_025,2,12,1.1631431579589844,0.566,0.5604870653986718,1.215664193034172,0.2940375741571188,1.4620486870408058,nan,nan
cifar10,topk_softmax_025,2,13,1.1464163064956665,0.5674,0.5689894312121508,1.2062812268733978,0.2940100755542517,1.460731254518032,nan,nan
cifar10,topk_softmax_025,2,14,1.1318060159683228,0.5711,0.5667911818872431,1.192167879641056,0.2939895063638687,1.4476511374115943,nan,nan
cifar10,topk_softmax_025,2,15,1.1118086576461792,0.5762,0.573478311697806,1.1922886565327644,0.29399330615997316,1.461982899904251,nan,nan
cifar10,topk_softmax_025,2,16,1.0934604406356812,0.5678,0.5651358922660769,1.191878718137741,0.29398599863052366,1.456532670557499,nan,nan
cifar10,topk_softmax_025,2,17,1.0768171548843384,0.5854,0.5859537057635279,1.1641621381044387,0.29397244155406954,1.4515779852867126,nan,nan
cifar10,topk_softmax_025,2,18,1.0521605014801025,0.5706,0.5660660695533355,1.208123542368412,0.29398126862943175,1.4507327556610108,nan,nan
cifar10,topk_softmax_025,2,19,1.04866623878479,0.5834,0.5804105677757749,1.1802442640066146,0.2939278781414032,1.43012755215168,nan,nan
cifar10,topk_softmax_025,2,20,1.0207970142364502,0.5813,0.5778559748680763,1.1823023319244386,0.29394413977861406,1.440428751707077,nan,nan
cifar10,topk_softmax_025,2,21,1.0110654830932617,0.5884,0.5844555187692121,1.171405953168869,0.2939122084528208,1.4331878677010537,nan,nan
cifar10,topk_softmax_025,2,22,1.000747561454773,0.5956,0.5939692268363432,1.1564699769020081,0.29391719214618206,1.4405558362603188,nan,nan
cifar10,topk_softmax_025,2,23,0.9766973853111267,0.587,0.5855699303307695,1.171878845989704,0.29381307289004327,1.4119583398103714,nan,nan
cifar10,topk_softmax_025,2,24,0.9771062731742859,0.584,0.5841521483496012,1.172872345149517,0.29386194460093973,1.4191839843988419,nan,nan
cifar10,topk_softmax_025,2,25,0.9634793400764465,0.5938,0.5936556083477098,1.168544240295887,0.2938882581889629,1.4322658628225327,nan,nan
cifar10,topk_softmax_025,2,26,0.9480850696563721,0.5848,0.5828535305216775,1.192470169067383,0.2938576344400644,1.4232350394129754,nan,nan
cifar10,topk_softmax_025,2,27,0.9343748688697815,0.5946,0.5926965286061356,1.1491447359323501,0.2938985649496317,1.42803602963686,nan,nan
cifar10,topk_softmax_025,3,0,1.9893392324447632,0.3566,0.3412848124768265,1.7631737440824509,0.29411765933036804,1.5872980862855912,nan,nan
cifar10,topk_softmax_025,3,1,1.6771221160888672,0.404,0.38987307747279054,1.604611349105835,0.29411765933036804,1.5662796452641488,nan,nan
cifar10,topk_softmax_025,3,2,1.557789921760559,0.4485,0.44341458950968243,1.5149898916482925,0.29411765933036804,1.5481106981635093,nan,nan
cifar10,topk_softmax_025,3,3,1.484434723854065,0.4688,0.4639119190348028,1.4554960250854492,0.2941176172345877,1.5472628861665725,nan,nan
cifar10,topk_softmax_025,3,4,1.4235128164291382,0.4841,0.4735267656968446,1.4228217095136642,0.2941171947866678,1.5173158288002013,nan,nan
cifar10,topk_softmax_025,3,5,1.380914568901062,0.4795,0.47896147146428375,1.4436378300189971,0.29411499835550786,1.4886885315179825,nan,nan
cifar10,topk_softmax_025,3,6,1.345618724822998,0.5115,0.5086296930662898,1.3440709918737412,0.2941160127520561,1.506003475189209,nan,nan
cifar10,topk_softmax_025,3,7,1.310677170753479,0.5113,0.5027341631720748,1.3475897520780564,0.2941077325493097,1.4932639315724372,nan,nan
cifar10,topk_softmax_025,3,8,1.2862741947174072,0.5313,0.5259303343200845,1.3064436346292496,0.29411115385591985,1.4868411377072335,nan,nan
cifar10,topk_softmax_025,3,9,1.2554593086242676,0.5376,0.5360945937907996,1.2861997842788697,0.294111618027091,1.4974698066711425,nan,nan
cifar10,topk_softmax_025,3,10,1.2340552806854248,0.5399,0.5372583494124973,1.2735733568668366,0.2941136471927166,1.4990975305438041,nan,nan
cifar10,topk_softmax_025,3,11,1.2091935873031616,0.5432,0.5401833594372826,1.2861019790172576,0.29411174580454824,1.4927630305290223,nan,nan
cifar10,topk_softmax_025,3,12,1.1942377090454102,0.5413,0.5359354720017484,1.2755831956863404,0.2941135622560978,1.4981563687324524,nan,nan
cifar10,topk_softmax_025,3,13,1.1725527048110962,0.5464,0.5392575898895202,1.2516837775707246,0.29410633854568,1.4827038690447807,nan,nan
cifar10,topk_softmax_025,3,14,1.1468034982681274,0.5648,0.5645444858592401,1.219355073571205,0.2941067606210709,1.474263596534729,nan,nan
cifar10,topk_softmax_025,3,15,1.1261783838272095,0.5587,0.5570614137675249,1.2368156731128692,0.29410528130829333,1.486483608186245,nan,nan
cifar10,topk_softmax_025,3,16,1.1028339862823486,0.5591,0.5558623582215628,1.2268560141324998,0.2940834451466799,1.4662801891565322,nan,nan
cifar10,topk_softmax_025,3,17,1.088484525680542,0.5704,0.5696136815428249,1.2125553041696548,0.29411001205444337,1.479004980623722,nan,nan
cifar10,topk_softmax_025,3,18,1.0741113424301147,0.5722,0.5681058208035441,1.1998201936483384,0.2940977215766907,1.4768640369176864,nan,nan
cifar10,topk_softmax_025,3,19,1.0610333681106567,0.5712,0.5656396079788779,1.2018961578607559,0.2940954402089119,1.4682928755879403,nan,nan
cifar10,topk_softmax_025,3,20,1.041337490081787,0.569,0.5727072110388105,1.208334568142891,0.2940926104784012,1.4707063674926757,nan,nan
cifar10,topk_softmax_025,3,21,1.0296692848205566,0.5826,0.5758850371584201,1.1868689507246017,0.2941070143133402,1.4765941306948662,nan,nan
cifar10,topk_softmax_025,3,22,1.008396863937378,0.5855,0.5825341310021168,1.1821121454238892,0.2940734762698412,1.4475225165486336,nan,nan
cifar10,topk_softmax_025,3,23,1.0027273893356323,0.5841,0.5823772093266728,1.1950888186693192,0.29410853423178196,1.4823563724756241,nan,nan
cifar10,topk_softmax_025,3,24,0.9835901856422424,0.5892,0.5881030544124013,1.1702441558241845,0.29410105794668195,1.457346397638321,nan,nan
cifar10,topk_softmax_025,3,25,0.9725441336631775,0.5826,0.5823587962338415,1.1866095066070557,0.2940744910389185,1.4438274875283241,nan,nan
cifar10,topk_softmax_025,3,26,0.9613564014434814,0.5801,0.5803550901056508,1.196546083688736,0.2940934970974922,1.4431595847010612,nan,nan
cifar10,topk_softmax_025,3,27,0.9595794677734375,0.5799,0.5784784947664404,1.203090387582779,0.29409130178391935,1.4452937513589859,nan,nan
cifar10,topk_softmax_025,3,28,0.9362422823905945,0.5915,0.5892732251175185,1.1683662384748459,0.29409544095396994,1.452693198621273,nan,nan
cifar10,topk_softmax_025,3,29,0.9251419305801392,0.5955,0.5921629577410206,1.1852560639381409,0.2940934970974922,1.4461217448115349,nan,nan
cifar10,topk_softmax_025,4,0,1.9753056764602661,0.3357,0.3072427191234453,1.779215794801712,0.29411765933036804,1.5892917394638062,nan,nan
cifar10,topk_softmax_025,4,1,1.6925883293151855,0.3972,0.3872440052703423,1.6215736359357833,0.29411740638315675,1.5607330322265625,nan,nan
cifar10,topk_softmax_025,4,2,1.5656358003616333,0.4487,0.43646880475833266,1.514882692694664,0.29411685690283773,1.5611653715372085,nan,nan
cifar10,topk_softmax_025,4,3,1.503340721130371,0.4735,0.4667149986586388,1.45150625705719,0.29411246404051783,1.541443982720375,nan,nan
cifar10,topk_softmax_025,4,4,1.4390053749084473,0.4747,0.46736871021990034,1.4376609474420547,0.29411322474479673,1.5319721579551697,nan,nan
cifar10,topk_softmax_025,4,5,1.400080680847168,0.4974,0.4934799438789882,1.3751173585653305,0.29409844018518927,1.5233270645141601,nan,nan
cifar10,topk_softmax_025,4,6,1.3590896129608154,0.5009,0.4979141254779276,1.3740427881479262,0.2940967071801424,1.5127819150686264,nan,nan
cifar10,topk_softmax_025,4,7,1.3223575353622437,0.5224,0.5214632922784724,1.3139135152101518,0.29408407807350156,1.5052337110042573,nan,nan
cifar10,topk_softmax_025,4,8,1.2933446168899536,0.522,0.519260333703508,1.3193401932716369,0.29410025477409363,1.5135694414377212,nan,nan
cifar10,topk_softmax_025,4,9,1.2635424137115479,0.5273,0.5215570535694521,1.3005704611539841,0.29408969543874264,1.506388147175312,nan,nan
cifar10,topk_softmax_025,4,10,1.2487804889678955,0.5349,0.5338709341378026,1.288739264011383,0.2940714493393898,1.498477567732334,nan,nan
cifar10,topk_softmax_025,4,11,1.223230242729187,0.5379,0.5393197259925492,1.2841638803482056,0.2940550595521927,1.4778912544250489,nan,nan
cifar10,topk_softmax_025,4,12,1.1997337341308594,0.5424,0.5429068999298641,1.260760673880577,0.29406409822404384,1.4863149747252464,nan,nan
cifar10,topk_softmax_025,4,13,1.1817399263381958,0.558,0.5542979462738951,1.2338939666748048,0.2940705198794603,1.4904654413461684,nan,nan
cifar10,topk_softmax_025,4,14,1.154880404472351,0.5466,0.5425402284568979,1.261659374833107,0.2940523136407137,1.4765922218561172,nan,nan
cifar10,topk_softmax_025,4,15,1.1429376602172852,0.56,0.5551686158778983,1.219700241088867,0.294065872579813,1.4789137154817582,nan,nan
cifar10,topk_softmax_025,4,16,1.1213603019714355,0.5651,0.5626809477285066,1.205434611439705,0.29406405687332154,1.4802992194890976,nan,nan
cifar10,topk_softmax_025,4,17,1.1008483171463013,0.5717,0.5688981280289788,1.2020453661680222,0.2940697580575943,1.4843581363558769,nan,nan
cifar10,topk_softmax_025,4,18,1.0897362232208252,0.5726,0.5678497135152797,1.1930593311786652,0.2940241824835539,1.4527646958827973,nan,nan
cifar10,topk_softmax_025,4,19,1.0737130641937256,0.5741,0.5769786648720677,1.196574831008911,0.29403237663209436,1.4603973090648652,nan,nan
cifar10,topk_softmax_025,4,20,1.0575025081634521,0.5737,0.5736474520919719,1.1912088125944138,0.2940239291638136,1.447006806731224,nan,nan
cifar10,topk_softmax_025,4,21,1.0476601123809814,0.5848,0.5829235184406105,1.1709699988365174,0.29405375085771085,1.454867246747017,nan,nan
cifar10,topk_softmax_025,4,22,1.0266013145446777,0.5818,0.5829859741385623,1.1841930091381072,0.2940327156335115,1.4427043437957763,nan,nan
cifar10,topk_softmax_025,4,23,1.0169233083724976,0.5823,0.5799001076704993,1.176998993754387,0.29406629540026186,1.4605158925056458,nan,nan
cifar10,topk_softmax_025,4,24,1.0002892017364502,0.5858,0.5878736552659165,1.1627237886190414,0.2940538350492716,1.4527978494763374,nan,nan
cifar10,topk_softmax_025,4,25,0.993312418460846,0.5808,0.5815167374310911,1.1686709314584731,0.2940359264612198,1.4394548282027244,nan,nan
cifar10,topk_softmax_025,4,26,0.9796333909034729,0.5801,0.5792097743678652,1.1901705503463744,0.2940202966332436,1.4257197260856629,nan,nan
cifar10,topk_softmax_025,4,27,0.9670150876045227,0.586,0.5877546175772652,1.1678237080574037,0.29404661282896993,1.4388164415955544,nan,nan
cifar10,topk_softmax_025,4,28,0.9547644257545471,0.5904,0.5908250995789668,1.157437489926815,0.29404386654496195,1.4306464776396752,nan,nan
cifar10,topk_softmax_025,4,29,0.9371277689933777,0.5958,0.5936480986112151,1.1544007807970047,0.29403284303843974,1.4257462933659553,nan,nan
cifar10,topk_softmax_025,5,0,1.9513808488845825,0.3616,0.34120556197578006,1.748090958595276,0.29411765933036804,1.5941460564732552,nan,nan
cifar10,topk_softmax_025,5,1,1.6728438138961792,0.402,0.38349721282838195,1.6347638100385666,0.29411765933036804,1.5838897094130515,nan,nan
cifar10,topk_softmax_025,5,2,1.5489505529403687,0.4442,0.4355611576988636,1.5434886008501052,0.29411765933036804,1.571508440375328,nan,nan
cifar10,topk_softmax_025,5,3,1.4768983125686646,0.4675,0.46909756142447295,1.4822003215551376,0.29411765933036804,1.5667851552367211,nan,nan
cifar10,topk_softmax_025,5,4,1.4238511323928833,0.4842,0.47684946877260687,1.431754285097122,0.29411765933036804,1.5440289407968522,nan,nan
cifar10,topk_softmax_025,5,5,1.3793843984603882,0.4998,0.49582210248248754,1.389256027340889,0.29411765933036804,1.5313408255577088,nan,nan
cifar10,topk_softmax_025,5,6,1.3326314687728882,0.4948,0.4845614818792628,1.4038121908903123,0.29411765933036804,1.5225979894399644,nan,nan
cifar10,topk_softmax_025,5,7,1.3027516603469849,0.5117,0.5039263957013439,1.3493711471557617,0.29411765933036804,1.5083187490701675,nan,nan
cifar10,topk_softmax_025,5,8,1.2733039855957031,0.5326,0.5344300023559663,1.3046957314014436,0.29411765933036804,1.5136210590600967,nan,nan
cifar10,topk_softmax_025,5,9,1.250131368637085,0.5373,0.5348242788646038,1.2863793581724168,0.29411749057471753,1.4951540932059288,nan,nan
cifar10,topk_softmax_025,5,10,1.220201849937439,0.5416,0.5393922679738217,1.278469702601433,0.2941175326704979,1.5013050198554994,nan,nan
cifar10,topk_softmax_025,5,11,1.1947789192199707,0.5479,0.5424362874244466,1.2622396379709244,0.29411765933036804,1.4892002418637276,nan,nan
cifar10,topk_softmax_025,5,12,1.1786086559295654,0.5628,0.5590029970918373,1.2326983958482742,0.29411673061549665,1.4633380770683289,nan,nan
cifar10,topk_softmax_025,5,13,1.151652216911316,0.5508,0.5487914565150633,1.2632289975881577,0.2941175330430269,1.4803825587034225,nan,nan
cifar10,topk_softmax_025,5,14,1.1419278383255005,0.5648,0.5607113349967197,1.2226746261119843,0.2941171947866678,1.470416197180748,nan,nan
cifar10,topk_softmax_025,5,15,1.1198307275772095,0.562,0.5588862839359496,1.225389540195465,0.29411322474479673,1.4379753917455673,nan,nan
cifar10,topk_softmax_025,5,16,1.100793719291687,0.5593,0.5604276465666729,1.2501598000526428,0.2941147029399872,1.4555677309632302,nan,nan
cifar10,topk_softmax_025,5,17,1.0815438032150269,0.5738,0.5723555319119955,1.1947114288806915,0.29411559030413625,1.4547766909003257,nan,nan
cifar10,topk_softmax_025,5,18,1.0703660249710083,0.5684,0.5667731494673605,1.2158577680587768,0.2941147454082966,1.4436292842030525,nan,nan
cifar10,topk_softmax_025,5,19,1.0500171184539795,0.5826,0.5817672357202088,1.187360441684723,0.2941154632717371,1.439617133140564,nan,nan
cifar10,topk_softmax_025,5,20,1.039632797241211,0.5783,0.5815897167625964,1.200670713186264,0.29411656185984614,1.4540232032537461,nan,nan
cifar10,topk_softmax_025,5,21,1.0182346105575562,0.5839,0.5804343488067158,1.178133499622345,0.2941141948103905,1.4487923935055733,nan,nan
cifar10,topk_softmax_025,5,22,1.0051761865615845,0.5876,0.5886721487920432,1.1730550915002822,0.29411664642393587,1.446439228951931,nan,nan
cifar10,topk_softmax_025,5,23,0.997704029083252,0.5873,0.5866358232820222,1.180451014637947,0.29411026686429975,1.4445536077022552,nan,nan
cifar10,topk_softmax_025,5,24,0.9820806384086609,0.5916,0.5910360491657066,1.1757149964570999,0.294112928211689,1.4394864916801453,nan,nan
cifar10,topk_softmax_025,5,25,0.9698643684387207,0.5934,0.5895835712832959,1.163623434305191,0.29411297030746936,1.4270560920238495,nan,nan
cifar10,topk_softmax_025,5,26,0.9633104801177979,0.5917,0.5900906271796499,1.1739084839820861,0.2941062103956938,1.4102713644504548,nan,nan
cifar10,topk_softmax_025,5,27,0.9442712068557739,0.5895,0.5845409993009468,1.1961117029190063,0.2941124625504017,1.4299661427736283,nan,nan
cifar10,topk_softmax_025,5,28,0.9374421834945679,0.5922,0.5915201465634852,1.1844534188508988,0.29411436542868613,1.4361745402216912,nan,nan
cifar10,topk_softmax_025,5,29,0.9246109127998352,0.5921,0.5930884861527123,1.1699385583400725,0.2941111955791712,1.4210263803601264,nan,nan
cifar10,topk_softmax_025,6,0,1.9309895038604736,0.3668,0.351435394852819,1.7478128969669342,0.29411765933036804,1.5859526887536048,nan,nan
cifar10,topk_softmax_025,6,1,1.6780247688293457,0.4128,0.4048628529841631,1.6153913229703902,0.29411765933036804,1.5722199738025666,nan,nan
cifar10,topk_softmax_025,6,2,1.5659235715866089,0.4609,0.45115182450705166,1.4931631445884705,0.29411765933036804,1.5681389570236206,nan,nan
cifar10,topk_softmax_025,6,3,1.4811753034591675,0.476,0.47603233712467885,1.4555581748485564,0.2941174481064081,1.5390389427542686,nan,nan
cifar10,topk_softmax_025,6,4,1.4199621677398682,0.4747,0.47287460715115115,1.4712479084730148,0.29411660358309744,1.5448058426380158,nan,nan
cifar10,topk_softmax_025,6,5,1.3737244606018066,0.5143,0.5107660110821881,1.362229236960411,0.2941141538321972,1.5187101349234582,nan,nan
cifar10,topk_softmax_025,6,6,1.3291823863983154,0.5228,0.5177814324925862,1.323460218310356,0.29411132335662843,1.50699093490839,nan,nan
cifar10,topk_softmax_025,6,7,1.3007258176803589,0.531,0.5272239697642396,1.3221286296844483,0.2941030874848366,1.4847382023930549,nan,nan
cifar10,topk_softmax_025,6,8,1.2742441892623901,0.5203,0.5169043997294573,1.3199800670146942,0.29410904198884963,1.505407801270485,nan,nan
cifar10,topk_softmax_025,6,9,1.2411115169525146,0.5422,0.5342519821268801,1.2775568187236785,0.29409658163785934,1.482118333876133,nan,nan
cifar10,topk_softmax_025,6,10,1.2187646627426147,0.5559,0.5563200689938739,1.2400876224040984,0.2940940897911787,1.4764943182468415,nan,nan
cifar10,topk_softmax_025,6,11,1.199625849723816,0.5567,0.5538630409769201,1.2348917841911315,0.2940955676138401,1.4848825201392173,nan,nan
cifar10,topk_softmax_025,6,12,1.1813228130340576,0.566,0.563893424524928,1.2267459332942963,0.2940723355859518,1.468577317893505,nan,nan
cifar10,topk_softmax_025,6,13,1.155745267868042,0.5664,0.5607467934758631,1.2223801851272582,0.2940868653357029,1.4670156821608544,nan,nan
cifar10,topk_softmax_025,6,14,1.135756015777588,0.5683,0.5650121810639246,1.22030608355999,0.29408061504364014,1.4692529067397118,nan,nan
cifar10,topk_softmax_025,6,15,1.1160557270050049,0.5755,0.5747228630114264,1.2029677361249924,0.29406726695597174,1.463180784881115,nan,nan
cifar10,topk_softmax_025,6,16,1.0991411209106445,0.5858,0.5815481859820586,1.1898353010416032,0.29407748878002166,1.4626135990023612,nan,nan
cifar10,topk_softmax_025,6,17,1.0800127983093262,0.582,0.5818468217508527,1.197035087645054,0.29406713992357253,1.4459971010684967,nan,nan
cifar10,topk_softmax_025,6,18,1.0670053958892822,0.5814,0.5771376115792652,1.1902188956737518,0.2940754186362028,1.4462410852313041,nan,nan
cifar10,topk_softmax_025,6,19,1.0504014492034912,0.5839,0.5840956369600125,1.193575021624565,0.29403406754136086,1.4296139881014824,nan,nan
cifar10,topk_softmax_025,6,20,1.0311977863311768,0.5858,0.5809459211346082,1.1763238310813904,0.29407220967113973,1.4356585815548897,nan,nan
cifar10,topk_softmax_025,6,21,1.0186578035354614,0.5811,0.5788246836590296,1.195621630549431,0.29408555552363397,1.4448319360613824,nan,nan
cifar10,topk_softmax_025,7,0,1.9448140859603882,0.354,0.3483129215974698,1.748392614722252,0.29411765933036804,1.5895729839801789,nan,nan
cifar10,topk_softmax_025,7,1,1.6741228103637695,0.4263,0.4192673471171102,1.5661553621292115,0.29411765933036804,1.5814919576048851,nan,nan
cifar10,topk_softmax_025,7,2,1.543684720993042,0.4665,0.45515938841187753,1.4613792032003403,0.29411765933036804,1.5738777458667754,nan,nan
cifar10,topk_softmax_025,7,3,1.4658515453338623,0.4843,0.47601929404493915,1.4048890948295594,0.29411765933036804,1.5691248908638955,nan,nan
cifar10,topk_softmax_025,7,4,1.4135035276412964,0.4931,0.4921362636693868,1.389204752445221,0.29411765933036804,1.5547953307628632,nan,nan
cifar10,topk_softmax_025,7,5,1.3613858222961426,0.5131,0.5076490242590508,1.331461563706398,0.29411765933036804,1.5520811051130294,nan,nan
cifar10,topk_softmax_025,7,6,1.3250391483306885,0.5169,0.515221588568384,1.3246176183223723,0.29411765933036804,1.5446868896484376,nan,nan
cifar10,topk_softmax_025,7,7,1.2862555980682373,0.5358,0.5312873945353337,1.2868379682302475,0.29411744847893717,1.5329078659415245,nan,nan
cifar10,topk_softmax_025,7,8,1.254713773727417,0.5445,0.5359746643281758,1.2760548651218415,0.29411706812679766,1.524575437605381,nan,nan
cifar10,topk_softmax_025,7,9,1.2304633855819702,0.5498,0.5471434830204825,1.262431988120079,0.29411673098802565,1.5225060656666756,nan,nan
cifar10,topk_softmax_025,7,10,1.1997594833374023,0.557,0.5547497496837638,1.2202062517404557,0.294116772711277,1.5149144262075425,nan,nan
cifar10,topk_softmax_025,7,11,1.1776220798492432,0.5558,0.5536281606484071,1.2284757226705552,0.29411618150770663,1.5069019198417664,nan,nan
cifar10,topk_softmax_025,7,12,1.1545546054840088,0.5755,0.5706481120050794,1.1955094367265702,0.2941161386668682,1.507476606965065,nan,nan
cifar10,topk_softmax_025,7,13,1.1340197324752808,0.557,0.5501165662018115,1.2224346607923509,0.2941162656992674,1.5019065961241722,nan,nan
cifar10,topk_softmax_025,7,14,1.1182289123535156,0.5725,0.5719413149405568,1.2017069041728974,0.294116223230958,1.4964054018259048,nan,nan
cifar10,topk_softmax_025,7,15,1.1033153533935547,0.5846,0.5838069861907937,1.192139631509781,0.29411613903939726,1.4984154418110847,nan,nan
cifar10,topk_softmax_025,7,16,1.0852843523025513,0.5828,0.5770297229967952,1.1837366461753844,0.29411525167524816,1.4879170402884483,nan,nan
cifar10,topk_softmax_025,7,17,1.0611939430236816,0.5855,0.5803436369107098,1.1745354235172272,0.29411225356161597,1.479071596264839,nan,nan
cifar10,topk_softmax_025,7,18,1.0441746711730957,0.5915,0.5880411458209622,1.1535813927650451,0.29411444924771785,1.4715984880924224,nan,nan
cifar10,topk_softmax_025,7,19,1.030249834060669,0.5871,0.5864675397056474,1.1664576828479767,0.29411592818796634,1.4806070521473884,nan,nan
cifar10,topk_softmax_025,7,20,1.0171170234680176,0.5889,0.5901361729761228,1.1569029986858368,0.29411305487155914,1.4747222721576692,nan,nan
cifar10,topk_softmax_025,7,21,0.9974004626274109,0.5881,0.5889747099508104,1.160732278227806,0.2941150411963463,1.4779320061206818,nan,nan
cifar10,topk_softmax_025,7,22,0.9912919402122498,0.5862,0.5843409912940093,1.1529361575841903,0.29410857819020747,1.4601468697190285,nan,nan
cifar10,topk_softmax_025,7,23,0.9743605852127075,0.5975,0.5938917866158351,1.1623858720064164,0.29411263167858126,1.4571373596787454,nan,nan
cifar10,topk_softmax_025,7,24,0.9619373083114624,0.5984,0.594906354615931,1.148600834608078,0.29411064721643926,1.4537314236164094,nan,nan
cifar10,topk_softmax_025,7,25,0.9496972560882568,0.5986,0.5979078438177668,1.140103431046009,0.29411047846078875,1.4482519894838333,nan,nan
cifar10,topk_softmax_025,7,26,0.9384788870811462,0.5906,0.5911584474812493,1.167106094956398,0.29411115422844886,1.4637142091989517,nan,nan
cifar10,topk_softmax_025,7,27,0.9195871949195862,0.5994,0.5963704564010699,1.150552397966385,0.2941123377531767,1.454757508635521,nan,nan
cifar10,topk_softmax_025,7,28,0.917112410068512,0.6056,0.6034004551414389,1.1398205399513244,0.2941130980849266,1.452766339480877,nan,nan
cifar10,topk_softmax_025,7,29,0.9006817936897278,0.6015,0.6018000543731385,1.1319122418761254,0.29411018192768096,1.452657388150692,nan,nan
cifar10,topk_softmax_025,8,0,1.9318288564682007,0.347,0.3197350804807747,1.7816789865493774,0.29411765933036804,1.5932460233569146,nan,nan
cifar10,topk_softmax_025,8,1,1.6753833293914795,0.4218,0.419154335674082,1.6031805545091629,0.29411765933036804,1.573263445496559,nan,nan
cifar10,topk_softmax_025,8,2,1.5641762018203735,0.4519,0.44554653414386536,1.5274179100990295,0.29411673061549665,1.564771793782711,nan,nan
cifar10,topk_softmax_025,8,3,1.4856113195419312,0.4746,0.4677377639278424,1.4747458457946778,0.2941137317568064,1.5486941546201707,nan,nan
cifar10,topk_softmax_025,8,4,1.4221105575561523,0.4727,0.4628923541398331,1.4410437047481537,0.2941130556166172,1.5380009055137633,nan,nan
cifar10,topk_softmax_025,8,5,1.3826332092285156,0.4977,0.49273009580746646,1.3941827654838561,0.29411123879253864,1.5233165308833123,nan,nan
cifar10,topk_softmax_025,8,6,1.3401100635528564,0.5109,0.5056018014464119,1.3491688162088393,0.2941089142113924,1.5137441754341125,nan,nan
cifar10,topk_softmax_025,8,7,1.3089810609817505,0.5215,0.5180985158111924,1.3200247228145598,0.29410612732172015,1.503784228861332,nan,nan
cifar10,topk_softmax_025,8,8,1.2812517881393433,0.523,0.5202078013623626,1.3119731009006501,0.29410207234323027,1.4957611843943597,nan,nan
cifar10,topk_softmax_025,8,9,1.2547094821929932,0.5277,0.5248767761409925,1.301338219642639,0.294102706387639,1.4951985701918602,nan,nan
cifar10,topk_softmax_025,8,10,1.2236534357070923,0.5312,0.5291299852240161,1.2916768729686736,0.2940999180078506,1.491910944879055,nan,nan
cifar10,topk_softmax_025,8,11,1.2023530006408691,0.5428,0.5420722990912309,1.2640273064374923,0.2940787557512522,1.4731138736009597,nan,nan
cifar10,topk_softmax_025,8,12,1.1767544746398926,0.5457,0.5410007376121587,1.2678804397583008,0.29408863969147203,1.4796609073877334,nan,nan
cifar10,topk_softmax_025,8,13,1.1557103395462036,0.5448,0.540068499140071,1.2616717010736465,0.29408128969371317,1.4708321869373322,nan,nan
cifar10,topk_softmax_025,8,14,1.1362956762313843,0.5568,0.5557138343651056,1.2478481501340866,0.29407677091658113,1.4614011287689208,nan,nan
cifar10,topk_softmax_025,8,15,1.120968222618103,0.5644,0.5629346019886518,1.2216972649097442,0.29405489191412926,1.448687481880188,nan,nan
cifar10,topk_softmax_025,8,16,1.1047433614730835,0.5641,0.5668239981849605,1.2185783416032792,0.2940556090325117,1.4253974840044976,nan,nan
cifar10,topk_softmax_025,8,17,1.0893388986587524,0.5634,0.5625158385080232,1.2207601010799407,0.29406021237373353,1.4408083721995353,nan,nan
cifar10,topk_softmax_025,8,18,1.0710572004318237,0.5735,0.5752959458956691,1.2047888904809951,0.29406304433941843,1.4517212614417077,nan,nan
cifar10,topk_softmax_025,8,19,1.0572872161865234,0.5695,0.5667705275336401,1.2043897598981856,0.2940482161939144,1.4457044810056687,nan,nan
cifar10,topk_softmax_025,8,20,1.040789008140564,0.5772,0.5768928401411422,1.2050259754061698,0.294041333347559,1.4426745176315308,nan,nan
cifar10,topk_softmax_025,8,21,1.0274633169174194,0.5782,0.5776223873701284,1.197907966375351,0.2940648593008518,1.449408021569252,nan,nan
cifar10,topk_softmax_025,8,22,1.0158944129943848,0.5863,0.5906726362104858,1.2005944564938544,0.29405210390686987,1.4482992127537728,nan,nan
cifar10,topk_softmax_025,8,23,0.9946913123130798,0.5847,0.582923090319692,1.1908224493265152,0.2940387140959501,1.436532972753048,nan,nan
cifar10,topk_softmax_025,8,24,0.9832614064216614,0.5785,0.5763617162642728,1.2193809136748315,0.294059369713068,1.4441331312060357,nan,nan
cifar10,topk_softmax_025,8,25,0.9689204692840576,0.589,0.5902198407678807,1.1980568811297416,0.2940187755972147,1.415090100467205,nan,nan
cifar10,topk_softmax_025,8,26,0.9587602615356445,0.5914,0.5915414483884286,1.1734170839190483,0.29404116347432135,1.4325971394777297,nan,nan
cifar10,topk_softmax_025,8,27,0.9427767395973206,0.5817,0.5844744370496502,1.2161357909440995,0.2940282389521599,1.4074992686510086,nan,nan
cifar10,topk_softmax_025,8,28,0.934890866279602,0.5918,0.5946177954425018,1.1911227151751518,0.29402815401554105,1.4267384231090545,nan,nan
cifar10,topk_softmax_025,8,29,0.925649106502533,0.5901,0.5942388912682799,1.195001545548439,0.29401945136487484,1.417007252573967,nan,nan
cifar10,topk_softmax_025,9,0,1.935923457145691,0.3562,0.33722363788132464,1.7512565702199936,0.29411765933036804,1.5972665876150132,nan,nan
cifar10,topk_softmax_025,9,1,1.667806625366211,0.4256,0.4191913402597861,1.573287132382393,0.29411765933036804,1.5734782189130783,nan,nan
cifar10,topk_softmax_025,9,2,1.5373543500900269,0.4511,0.4418276827741531,1.4927930563688279,0.29411656111478807,1.5536563292145729,nan,nan
cifar10,topk_softmax_025,9,3,1.4640940427780151,0.4816,0.477493604340738,1.4485230684280395,0.2941141534596682,1.531308974325657,nan,nan
cifar10,topk_softmax_025,9,4,1.4037024974822998,0.4946,0.49108124180493756,1.4000224769115448,0.2941102243959904,1.5134559348225594,nan,nan
cifar10,topk_softmax_025,9,5,1.3693221807479858,0.4843,0.48636408317979746,1.4282855480909347,0.2941034659743309,1.4876262441277504,nan,nan
cifar10,topk_softmax_025,9,6,1.3281092643737793,0.5179,0.5177037008597571,1.3357018142938615,0.2941121254116297,1.5135407373309135,nan,nan
cifar10,topk_softmax_025,9,7,1.2958019971847534,0.5221,0.5186861604706363,1.3235358476638794,0.2941119998693466,1.4995572105050088,nan,nan
cifar10,topk_softmax_025,9,8,1.2652380466461182,0.539,0.5347176613380323,1.304777055978775,0.2940978482365608,1.4779523774981498,nan,nan
cifar10,topk_softmax_025,9,9,1.2460434436798096,0.542,0.5392743928714931,1.2755480796098708,0.29408589452505113,1.4651329711079597,nan,nan
cifar10,topk_softmax_025,9,10,1.2213886976242065,0.549,0.5493118850702388,1.2537411391735076,0.2941111113876104,1.485806441307068,nan,nan
cifar10,topk_softmax_025,9,11,1.1932543516159058,0.5536,0.549535312343287,1.2327433466911315,0.29410697259008883,1.4778928309679031,nan,nan
cifar10,topk_softmax_025,9,12,1.1715447902679443,0.5567,0.5530055063428503,1.2296130448579787,0.2941100563853979,1.4767425820231437,nan,nan
cifar10,topk_softmax_025,9,13,1.1492908000946045,0.5612,0.5640892235827195,1.2336453527212143,0.2941122956573963,1.4856212720274926,nan,nan
cifar10,topk_softmax_025,9,14,1.1338672637939453,0.5704,0.5668513330635039,1.2241323113441467,0.29411478713154793,1.5004662364721297,nan,nan
cifar10,topk_softmax_025,9,15,1.1195601224899292,0.5731,0.5706513926013506,1.2050897657871247,0.29410963244736194,1.4689176335930825,nan,nan
cifar10,topk_softmax_025,9,16,1.0993679761886597,0.5741,0.5768638380436835,1.20073764026165,0.29410583190619943,1.4645665258169174,nan,nan
cifar10,topk_softmax_025,9,17,1.0824944972991943,0.5803,0.5801213077397481,1.1918841630220414,0.29410447999835015,1.4712982013821603,nan,nan
cifar10,topk_softmax_025,9,18,1.0658305883407593,0.5841,0.5827236138892574,1.2015727549791335,0.29409552440047265,1.4390777722001076,nan,nan
cifar10,topk_softmax_025,9,19,1.060897707939148,0.5844,0.5837335808446589,1.1899677515029907,0.2941067613661289,1.4612638175487518,nan,nan
cifar10,topk_softmax_025,9,20,1.0340791940689087,0.5789,0.5772441424820661,1.1955407738685608,0.2941035497933626,1.468053364753723,nan,nan
cifar10,topk_softmax_025,9,21,1.027252197265625,0.5885,0.5888193102135554,1.1714819759130477,0.294104141369462,1.4703592166304589,nan,nan
cifar10,topk_softmax_025,9,22,1.0123392343521118,0.5963,0.5941959042799435,1.175095534324646,0.29409544095396994,1.4465896010398864,nan,nan
cifar10,topk_softmax_025,9,23,0.9916139841079712,0.5883,0.5833750875200661,1.1982625603675843,0.29409522973001,1.4467458784580232,nan,nan
cifar10,topk_softmax_025,9,24,0.9823395013809204,0.6023,0.5988718749756909,1.1663559675216675,0.294097001850605,1.4490632757544517,nan,nan
cifar10,topk_softmax_025,9,25,0.9672882556915283,0.5974,0.5938674707725735,1.1823740273714065,0.2940919354557991,1.4306769743561745,nan,nan
cifar10,topk_softmax_025,9,26,0.9552054405212402,0.5979,0.5994223081960376,1.166059097647667,0.29409506022930143,1.4263844683766365,nan,nan
cifar10,topk_softmax_025,9,27,0.9462429881095886,0.5889,0.584347288920763,1.200296875834465,0.29405721463263035,1.4127540007233619,nan,nan
cifar10,topk_softmax_025,9,28,0.9345011115074158,0.6016,0.6014615207273623,1.1643643617630004,0.29407423734664917,1.4126208752393723,nan,nan
cifar10,topk_softmax_025,9,29,0.9173232316970825,0.6001,0.5979314265252945,1.1546956941485405,0.2940823882818222,1.4165080279111861,nan,nan
cifar10,sparsemax,0,0,1.9791259765625,0.3433,0.3191888675826372,1.7798939913511276,0.5255607772618532,1.8617322891950607,nan,nan
cifar10,sparsemax,0,1,1.689441442489624,0.4163,0.3982782543108764,1.5958347171545029,0.5127131950110198,1.831933507323265,nan,nan
cifar10,sparsemax,0,2,1.566212773323059,0.4436,0.4211120961580975,1.522537511587143,0.4721191104501486,1.7383189439773559,nan,nan
cifar10,sparsemax,0,3,1.4926667213439941,0.4703,0.47041120828179056,1.4620747059583663,0.43820506557822225,1.6739247277379037,nan,nan
cifar10,sparsemax,0,4,1.422706127166748,0.4862,0.48071658406964196,1.4158057421445847,0.4586486767977476,1.7189301684498788,nan,nan
cifar10,sparsemax,0,5,1.3795688152313232,0.512,0.5078756911700699,1.3619105964899063,0.433018259331584,1.6643072590231895,nan,nan
cifar10,sparsemax,0,6,1.3354264497756958,0.5149,0.5111452133442212,1.3285505026578903,0.4283936955034733,1.6519145041704177,nan,nan
cifar10,sparsemax,0,7,1.3041058778762817,0.5156,0.5063870785747292,1.3702218800783157,0.41918021738529204,1.6195423692464828,nan,nan
cifar10,sparsemax,0,8,1.2701455354690552,0.5242,0.5194713664279862,1.319717565178871,0.427507397159934,1.6521621644496918,nan,nan
cifar10,sparsemax,0,9,1.2524399757385254,0.5319,0.5241551896039713,1.3049793303012849,0.4335312504321337,1.6667799264192582,nan,nan
cifar10,sparsemax,0,10,1.2258353233337402,0.5365,0.5329977164260471,1.2764082491397857,0.41566142328083516,1.6207750990986824,nan,nan
cifar10,sparsemax,0,11,1.2036288976669312,0.5563,0.5545279332190934,1.243951353430748,0.42831652648746965,1.6546794325113297,nan,nan
cifar10,sparsemax,0,12,1.1866695880889893,0.5593,0.5565168344385525,1.2400090664625167,0.41172755025327207,1.614470286667347,nan,nan
cifar10,sparsemax,0,13,1.1593140363693237,0.5615,0.563821645016501,1.2392343044281007,0.42821067459881307,1.653475469350815,nan,nan
cifar10,sparsemax,0,14,1.1362183094024658,0.5624,0.5599225188071053,1.2363287448883056,0.44084474109113214,1.6822857439517975,nan,nan
cifar10,sparsemax,0,15,1.1267988681793213,0.5571,0.5570532515841993,1.2427666455507278,0.4135799340903759,1.613659705221653,nan,nan
cifar10,sparsemax,0,16,1.0992482900619507,0.5655,0.5647750457134578,1.2226968169212342,0.417567790299654,1.629928058385849,nan,nan
cifar10,sparsemax,0,17,1.0853084325790405,0.5721,0.5678982940845034,1.2077547132968902,0.41590357907116415,1.6285544008016586,nan,nan
cifar10,sparsemax,0,18,1.0734630823135376,0.5731,0.5719497709818258,1.2076257646083832,0.4209919672459364,1.6450739040970803,nan,nan
cifar10,sparsemax,0,19,1.0576838254928589,0.5758,0.571500218748182,1.1898582339286805,0.4260672204196453,1.656778772175312,nan,nan
cifar10,sparsemax,0,20,1.0380650758743286,0.5884,0.5871507501360487,1.1741286128759385,0.4157417621463537,1.6355594903230668,nan,nan
cifar10,sparsemax,0,21,1.021361231803894,0.5842,0.5816370249602532,1.1713718444108963,0.4181155003607273,1.6384839355945586,nan,nan
cifar10,sparsemax,0,22,1.0081679821014404,0.5839,0.5814841316198089,1.186261385679245,0.4218269884586334,1.6516277015209198,nan,nan
cifar10,sparsemax,0,23,0.9980659484863281,0.5821,0.5820144941791245,1.1975975021719933,0.41575189754366876,1.6376438811421394,nan,nan
cifar10,sparsemax,0,24,0.9797434210777283,0.5856,0.5850723282845827,1.166250365972519,0.4027981247752905,1.6040568113327027,nan,nan
cifar10,sparsemax,0,25,0.9729661345481873,0.5906,0.5880608302457577,1.1691152989864348,0.39641595892608167,1.5863339215517045,nan,nan
cifar10,sparsemax,0,26,0.9582729339599609,0.5886,0.5871470356198779,1.1775951534509659,0.3987394370138645,1.5910312056541442,nan,nan
cifar10,sparsemax,0,27,0.9443958401679993,0.589,0.5882951092306979,1.1799096047878266,0.40272205509245396,1.5984346345067024,nan,nan
cifar10,sparsemax,0,28,0.9377622604370117,0.5892,0.5880326242445306,1.1887512683868409,0.38839450292289257,1.5588595390319824,nan,nan
cifar10,sparsemax,0,29,0.9220950603485107,0.5977,0.5960535050300066,1.1752496838569642,0.4106389243155718,1.6155134543776513,nan,nan
cifar10,sparsemax,1,0,1.9490996599197388,0.3588,0.33724288106259237,1.7510075360536574,0.5597511548548937,1.8780967816710472,nan,nan
cifar10,sparsemax,1,1,1.6927733421325684,0.4048,0.38408342751979524,1.6235105752944947,0.5564882852137089,1.8869742631912232,nan,nan
cifar10,sparsemax,1,2,1.5673644542694092,0.4341,0.4200725624730045,1.5448797047138214,0.5378448132425546,1.8778627246618271,nan,nan
cifar10,sparsemax,1,3,1.4937621355056763,0.4625,0.4548264459050085,1.4830890268087387,0.5225618626922369,1.8532353535294532,nan,nan
cifar10,sparsemax,1,4,1.4393377304077148,0.4693,0.4698155225948456,1.4730108737945558,0.526912422478199,1.8654336497187614,nan,nan
cifar10,sparsemax,1,5,1.3892961740493774,0.4784,0.47443489063583294,1.4454454481601715,0.49934552535414695,1.798463186621666,nan,nan
cifar10,sparsemax,1,6,1.3488988876342773,0.5122,0.5063126951595508,1.367227303981781,0.5044970165938139,1.820492759346962,nan,nan
cifar10,sparsemax,1,7,1.3251038789749146,0.5236,0.5124079238885108,1.3334786415100097,0.4781842306256294,1.7642960488796233,nan,nan
cifar10,sparsemax,1,8,1.2863069772720337,0.5202,0.5212129835271837,1.3425559401512146,0.48446810692548753,1.7810740709304809,nan,nan
cifar10,sparsemax,1,9,1.2573848962783813,0.5197,0.5177830686885543,1.3363761276006698,0.47810533121228216,1.7637662276625634,nan,nan
cifar10,sparsemax,1,10,1.2368364334106445,0.5309,0.5294057738679911,1.3069790810346604,0.48795792683959005,1.7983154997229576,nan,nan
cifar10,sparsemax,1,11,1.2027918100357056,0.5445,0.5400697823525266,1.2799961596727372,0.4786715433001518,1.7755181834101676,nan,nan
cifar10,sparsemax,1,12,1.190977692604065,0.543,0.541984614142914,1.283699196577072,0.4748260769993067,1.767145748436451,nan,nan
cifar10,sparsemax,1,13,1.1712522506713867,0.5483,0.5435224179967957,1.276572722196579,0.4839840099215508,1.7914203509688378,nan,nan
cifar10,sparsemax,1,14,1.1485846042633057,0.5566,0.5528584056806688,1.2594294190406798,0.4927349742501974,1.8137939795851707,nan,nan
cifar10,sparsemax,1,15,1.1280412673950195,0.5611,0.5577644541508174,1.240968441963196,0.4722016051411629,1.769091609120369,nan,nan
cifar10,sparsemax,1,16,1.106766939163208,0.5506,0.5486631459265374,1.2617380142211914,0.46328265853226186,1.7428628832101822,nan,nan
cifar10,sparsemax,1,17,1.093204140663147,0.5673,0.5612365869116334,1.248936539888382,0.46724373400211333,1.7593244478106498,nan,nan
cifar10,sparsemax,1,18,1.0664302110671997,0.5726,0.5673780076887533,1.21967051923275,0.4704407934099436,1.7646727427840232,nan,nan
cifar10,sparsemax,1,19,1.0591883659362793,0.5679,0.5643781676238395,1.2475936263799667,0.46230630576610565,1.742205660045147,nan,nan
cifar10,sparsemax,1,20,1.0483375787734985,0.5795,0.5760395928668965,1.199638730287552,0.4569807033985853,1.7332521215081216,nan,nan
cifar10,sparsemax,1,21,1.0297586917877197,0.5742,0.5704465163213449,1.2169260680675507,0.4546485286206007,1.7254892617464066,nan,nan
cifar10,sparsemax,1,22,1.013018250465393,0.5756,0.5722693237693651,1.2058559715747834,0.4561263810843229,1.7282470703125,nan,nan
cifar10,sparsemax,1,23,1.0018398761749268,0.5784,0.5772685060906577,1.2031422883272171,0.45447522178292277,1.7296589642763138,nan,nan
cifar10,sparsemax,1,24,0.9854989051818848,0.5776,0.575164858937986,1.2073986440896989,0.4503750968724489,1.7170392721891403,nan,nan
cifar10,sparsemax,1,25,0.9728484153747559,0.5792,0.5765080020323716,1.212574851512909,0.4493300627917051,1.7115356609225274,nan,nan
cifar10,sparsemax,2,0,1.9392517805099487,0.3609,0.34566555748806993,1.7271417647600174,0.577991246804595,1.9364674344658852,nan,nan
cifar10,sparsemax,2,1,1.688561201095581,0.3882,0.3780830784051069,1.661693173646927,0.5449084587395191,1.8854680195450784,nan,nan
cifar10,sparsemax,2,2,1.5683120489120483,0.4518,0.44434422173385013,1.5172715425491332,0.5371231596916914,1.8728446438908577,nan,nan
cifar10,sparsemax,2,3,1.4901248216629028,0.4644,0.4581874132574703,1.4744493126869203,0.4872161291539669,1.7817733630537986,nan,nan
cifar10,sparsemax,2,4,1.4304081201553345,0.4861,0.48916023804686015,1.4137024760246277,0.47785012423992157,1.766995133459568,nan,nan
cifar10,sparsemax,2,5,1.3773601055145264,0.4856,0.4785251207265701,1.4108730107545853,0.48628239557147024,1.7904249608516694,nan,nan
cifar10,sparsemax,2,6,1.3435118198394775,0.5132,0.5038473474355465,1.3511670768260955,0.4727353770285845,1.7618817940354348,nan,nan
cifar10,sparsemax,2,7,1.305809736251831,0.5162,0.5175242930575371,1.3390764951705934,0.4600600887089968,1.7352242708206176,nan,nan
cifar10,sparsemax,2,8,1.272462010383606,0.5306,0.5242534857673765,1.305658182501793,0.4387957327067852,1.6807429760694503,nan,nan
cifar10,sparsemax,2,9,1.2462351322174072,0.5436,0.5426079417313359,1.264616107940674,0.431007731333375,1.66681549847126,nan,nan
cifar10,sparsemax,2,10,1.2197638750076294,0.5458,0.5387194302753207,1.2777338773012161,0.42541864402592183,1.646229949593544,nan,nan
cifar10,sparsemax,2,11,1.1970030069351196,0.544,0.5414564193615037,1.2471728652715683,0.4333158299326897,1.6734991624951363,nan,nan
cifar10,sparsemax,2,12,1.169758915901184,0.5563,0.5517380690455819,1.2442495197057724,0.42606164552271364,1.6560072854161263,nan,nan
cifar10,sparsemax,2,13,1.1548954248428345,0.5661,0.5686192637465698,1.2359550714492797,0.42044493220746515,1.6407836899161339,nan,nan
cifar10,sparsemax,2,14,1.1300405263900757,0.5587,0.5536390644068587,1.2415686160326005,0.42168552838265894,1.6463593497872353,nan,nan
cifar10,sparsemax,2,15,1.1198912858963013,0.5647,0.564816874586347,1.2210686206817627,0.41367522440850735,1.6258045852184295,nan,nan
cifar10,sparsemax,2,16,1.093910813331604,0.577,0.5717535225827408,1.2218643128871918,0.4113565217703581,1.616707718372345,nan,nan
cifar10,sparsemax,2,17,1.0752835273742676,0.5768,0.5735269518747486,1.2008365392684937,0.42059128992259504,1.6444541454315185,nan,nan
cifar10,sparsemax,2,18,1.0590972900390625,0.5814,0.5776376795551101,1.1937146693468095,0.4228144470602274,1.6510654017329216,nan,nan
cifar10,sparsemax,2,19,1.0422111749649048,0.5831,0.5786100824548361,1.1898738756775855,0.39590106830000876,1.5747188717126845,nan,nan
cifar10,sparsemax,2,20,1.0254029035568237,0.5841,0.5770803732629931,1.185793286561966,0.4186790518462658,1.6411135002970696,nan,nan
cifar10,sparsemax,2,21,1.0120574235916138,0.5925,0.5921937257515817,1.1767933070659637,0.3934613958001137,1.5703640803694725,nan,nan
cifar10,sparsemax,2,22,0.9977586269378662,0.5903,0.5842501961011173,1.1664766281843186,0.40453456714749336,1.5962753295898438,nan,nan
cifar10,sparsemax,2,23,0.973974347114563,0.5913,0.589043429520809,1.1932330429553986,0.3941401720046997,1.5762250646948814,nan,nan
cifar10,sparsemax,2,24,0.975578784942627,0.5927,0.5932744917907715,1.1763568118214607,0.42052117399871347,1.6473944664001465,nan,nan
cifar10,sparsemax,2,25,0.9520183205604553,0.5919,0.5883844630366252,1.1807576417922974,0.41239598020911217,1.6239689975976943,nan,nan
cifar10,sparsemax,2,26,0.9403740167617798,0.5953,0.5953868402184334,1.1770222425460815,0.4148286860436201,1.6280498802661896,nan,nan
cifar10,sparsemax,2,27,0.935208261013031,0.5984,0.5983006571258878,1.152142235636711,0.3940739009529352,1.5706256106495857,nan,nan
cifar10,sparsemax,2,28,0.9135862588882446,0.5986,0.5959901113875541,1.1707052275538445,0.40566715635359285,1.605086235702038,nan,nan
cifar10,sparsemax,2,29,0.9023196697235107,0.597,0.5951604279579558,1.1686663016676904,0.40076715424656867,1.588992039859295,nan,nan
cifar10,sparsemax,3,0,2.0111546516418457,0.329,0.2957692351031914,1.8219591856002808,0.5595743421465158,1.86775441467762,nan,nan
cifar10,sparsemax,3,1,1.7082226276397705,0.4065,0.39341200431320955,1.6325506627559663,0.5114574786275625,1.8043426290154456,nan,nan
cifar10,sparsemax,3,2,1.5929347276687622,0.4444,0.44019342449143206,1.5320897579193116,0.48947375155985356,1.767232219874859,nan,nan
cifar10,sparsemax,3,3,1.5046117305755615,0.4545,0.4500407407767141,1.4931105971336365,0.5034606870263815,1.80542431473732,nan,nan
cifar10,sparsemax,3,4,1.4468573331832886,0.4775,0.46931177077701836,1.4269971340894698,0.46199470944702625,1.7207088202238083,nan,nan
cifar10,sparsemax,3,5,1.3946919441223145,0.4719,0.4640307208286404,1.4263201385736466,0.456829446926713,1.7188396900892258,nan,nan
cifar10,sparsemax,3,6,1.3587932586669922,0.5002,0.49589720863246634,1.3695727229118346,0.45506534092128276,1.7122150510549545,nan,nan
cifar10,sparsemax,3,7,1.321991205215454,0.5142,0.5032846895505249,1.3369970262050628,0.46028995104134085,1.7257129177451134,nan,nan
cifar10,sparsemax,3,8,1.2914000749588013,0.5296,0.5276243225627061,1.3053211838006973,0.4368401996791363,1.6696753561496736,nan,nan
cifar10,sparsemax,3,9,1.262525200843811,0.5247,0.5197401374956202,1.3236675143241883,0.4549178868532181,1.7187727838754654,nan,nan
cifar10,sparsemax,3,10,1.2438123226165771,0.5357,0.5342702567746362,1.2810387372970582,0.45080626867711543,1.708954207599163,nan,nan
cifar10,sparsemax,3,11,1.2199732065200806,0.5346,0.5350689558371217,1.294437402486801,0.4462982006371021,1.6963660925626756,nan,nan
cifar10,sparsemax,3,12,1.1926325559616089,0.5359,0.5295009099011161,1.3023370862007142,0.4586909990757704,1.7309563875198364,nan,nan
cifar10,sparsemax,3,13,1.1757473945617676,0.5426,0.5343077968817577,1.2765635937452315,0.44265188798308375,1.6903910785913467,nan,nan
cifar10,sparsemax,3,14,1.1573046445846558,0.5529,0.5519967484705914,1.2439759433269502,0.4368058603256941,1.6784620150923728,nan,nan
cifar10,sparsemax,3,15,1.132393479347229,0.5441,0.542331710929288,1.2668631434440614,0.4639340229332447,1.7405689179897308,nan,nan
cifar10,sparsemax,3,16,1.1126587390899658,0.5586,0.5571725097356423,1.242695438861847,0.4460603103041649,1.7034461691975593,nan,nan
cifar10,sparsemax,3,17,1.0993123054504395,0.5695,0.5663768065498369,1.2136183708906174,0.45753145702183246,1.727390044927597,nan,nan
cifar10,sparsemax,3,18,1.075464129447937,0.5673,0.561968675329259,1.226621326804161,0.4462536387145519,1.7034706965088844,nan,nan
cifar10,sparsemax,3,19,1.070008397102356,0.574,0.5728283550766292,1.1983359292149545,0.443623973429203,1.6955818250775336,nan,nan
cifar10,sparsemax,3,20,1.0448426008224487,0.5691,0.5664390584609389,1.2003255039453506,0.43826939202845094,1.6820973977446556,nan,nan
cifar10,sparsemax,3,21,1.0334469079971313,0.5715,0.5637032810661404,1.2134366750717163,0.4318943668156862,1.6673180654644966,nan,nan
cifar10,sparsemax,3,22,1.0132722854614258,0.5803,0.5774631823351697,1.2013863921165466,0.42909946441650393,1.6634921506047249,nan,nan
cifar10,sparsemax,3,23,1.0062990188598633,0.5791,0.5783104843354451,1.1984024688601493,0.42968493700027466,1.6660053938627244,nan,nan
cifar10,sparsemax,3,24,0.991007924079895,0.5856,0.5812108035013045,1.1956856787204742,0.43166433498263357,1.668815378844738,nan,nan
cifar10,sparsemax,3,25,0.9874458909034729,0.5761,0.5793807583777932,1.2030214607715606,0.4142333272844553,1.6192635476589203,nan,nan
cifar10,sparsemax,3,26,0.9732887744903564,0.5865,0.5852215225987438,1.1879377946257592,0.43060776963829994,1.6652095958590507,nan,nan
cifar10,sparsemax,3,27,0.9604439735412598,0.5745,0.5739152754229689,1.2147395461797714,0.4406601555645466,1.6874976336956025,nan,nan
cifar10,sparsemax,3,28,0.9454522728919983,0.5916,0.5894847233807569,1.1913029670715332,0.43158099614083767,1.6688100650906563,nan,nan
cifar10,sparsemax,3,29,0.9302332401275635,0.5863,0.5814359806020681,1.2129259750247001,0.43594967797398565,1.6825559914112092,nan,nan
cifar10,sparsemax,4,0,2.0055902004241943,0.328,0.2968988929157255,1.8079246073961257,0.561338659375906,1.884804654121399,nan,nan
cifar10,sparsemax,4,1,1.6859451532363892,0.4125,0.39726251885592784,1.6041706413030625,0.4953978378325701,1.7875513851642608,nan,nan
cifar10,sparsemax,4,2,1.5587658882141113,0.4452,0.4375823350223008,1.5373440265655518,0.4849574875086546,1.7590848311781884,nan,nan
cifar10,sparsemax,4,3,1.4913984537124634,0.4668,0.4612476544238099,1.4720423996448517,0.4850613120943308,1.7679812103509902,nan,nan
cifar10,sparsemax,4,4,1.4306769371032715,0.4854,0.48264667902400216,1.4096914947032928,0.47815487794578077,1.7483538866043091,nan,nan
cifar10,sparsemax,4,5,1.3892446756362915,0.4994,0.49452652631060845,1.3754128098487854,0.4711214296519756,1.740138541162014,nan,nan
cifar10,sparsemax,4,6,1.350690245628357,0.5059,0.503517263693059,1.3555612355470656,0.4632984962314367,1.7260383039712905,nan,nan
cifar10,sparsemax,4,7,1.3130980730056763,0.5153,0.5138262205516428,1.3315232783555984,0.4557222370058298,1.7083290204405785,nan,nan
cifar10,sparsemax,4,8,1.2858796119689941,0.5175,0.5113291395785031,1.3321662336587905,0.4640461679548025,1.7321436285972596,nan,nan
cifar10,sparsemax,4,9,1.259151577949524,0.5308,0.5306219077390704,1.2905717700719834,0.44785736240446566,1.692687664926052,nan,nan
cifar10,sparsemax,4,10,1.2359675168991089,0.5415,0.5393517067597788,1.2763036042451859,0.4600421763956547,1.7188879743218421,nan,nan
cifar10,sparsemax,4,11,1.2092652320861816,0.5409,0.5441062163754637,1.2852422535419463,0.44022370167076585,1.6777147561311723,nan,nan
cifar10,sparsemax,4,12,1.1916868686676025,0.5537,0.5526449546898509,1.2349972158670426,0.43775188401341436,1.6705423653125764,nan,nan
cifar10,sparsemax,4,13,1.1722105741500854,0.5567,0.5543856733092395,1.2454869478940964,0.43543757386505605,1.66392752379179,nan,nan
cifar10,sparsemax,4,14,1.1462509632110596,0.5634,0.5595562972892874,1.2428833216428756,0.42394830733537675,1.6329535290598869,nan,nan
cifar10,sparsemax,4,15,1.1302037239074707,0.5602,0.5552652225967829,1.221512147784233,0.4253924533724785,1.6478288978338242,nan,nan
cifar10,sparsemax,4,16,1.1072384119033813,0.5724,0.5725203254933946,1.2019711792469026,0.4296933863312006,1.6508156046271325,nan,nan
cifar10,sparsemax,4,17,1.0901103019714355,0.5744,0.5694423692025221,1.2038577973842621,0.426672800257802,1.646010234951973,nan,nan
cifar10,sparsemax,4,18,1.0759022235870361,0.5809,0.5785247856326509,1.183464553952217,0.4124313324689865,1.6114089623093606,nan,nan
cifar10,sparsemax,4,19,1.0535138845443726,0.5812,0.5828083931378861,1.1849204361438752,0.4303783308714628,1.6576297268271447,nan,nan
cifar10,sparsemax,4,20,1.038928508758545,0.5849,0.5834052151651661,1.1770131647586823,0.4145616076886654,1.6120028048753738,nan,nan
cifar10,sparsemax,4,21,1.0270613431930542,0.5869,0.585697144290106,1.1626496613025665,0.4155582323670387,1.6131628274917602,nan,nan
cifar10,sparsemax,4,22,1.012176275253296,0.5858,0.5837645028155417,1.185562899708748,0.41223090924322603,1.61202724725008,nan,nan
cifar10,sparsemax,4,23,0.997087836265564,0.5952,0.5958455331121991,1.1691279411315918,0.41415311582386494,1.6153754130005837,nan,nan
cifar10,sparsemax,4,24,0.9763581156730652,0.5927,0.5955830717161243,1.162866923213005,0.40017353035509584,1.5829914495348931,nan,nan
cifar10,sparsemax,4,25,0.9684654474258423,0.587,0.5874015041990278,1.17474867105484,0.3975972969084978,1.5751860916614533,nan,nan
cifar10,sparsemax,4,26,0.9597586989402771,0.5913,0.5887378876963787,1.183499950170517,0.39686994403600695,1.5716424062848091,nan,nan
cifar10,sparsemax,4,27,0.9397432208061218,0.5943,0.594401130950785,1.1713286876678466,0.3974393233656883,1.5769951164722442,nan,nan
cifar10,sparsemax,4,28,0.9288502931594849,0.5944,0.5917287838739658,1.1558055579662323,0.4026646502315998,1.5905034244060516,nan,nan
cifar10,sparsemax,5,0,1.981024146080017,0.3454,0.3262621573369397,1.787810555100441,0.5918823853135109,1.9631774425506592,nan,nan
cifar10,sparsemax,5,1,1.6960643529891968,0.382,0.3629282386876357,1.6664624720811845,0.5687330804765225,1.9226203620433808,nan,nan
cifar10,sparsemax,5,2,1.5724409818649292,0.4415,0.4318681866983186,1.544530561566353,0.5558405555784702,1.9209519416093825,nan,nan
cifar10,sparsemax,5,3,1.499579906463623,0.4672,0.46497815829536754,1.4737228065729142,0.5263463370501995,1.8671509459614755,nan,nan
cifar10,sparsemax,5,4,1.4336084127426147,0.48,0.47279544629038117,1.4357804745435714,0.4937617566436529,1.8053148686885834,nan,nan
cifar10,sparsemax,5,5,1.384324073791504,0.5047,0.5008496919503542,1.3821982890367508,0.5051411587744952,1.8231455698609351,nan,nan
cifar10,sparsemax,5,6,1.3460832834243774,0.5022,0.4955002996544976,1.3868056684732437,0.5078162316232919,1.8320105016231536,nan,nan
cifar10,sparsemax,5,7,1.3067888021469116,0.531,0.5235264139086879,1.32527836561203,0.5009515736252069,1.8235574170947075,nan,nan
cifar10,sparsemax,5,8,1.2820298671722412,0.5272,0.5284017047939715,1.320342081785202,0.5156548775732517,1.8554408982396127,nan,nan
cifar10,sparsemax,5,9,1.254130482673645,0.5453,0.5428090272356845,1.2824433147907257,0.48799277283251286,1.7934729874134063,nan,nan
cifar10,sparsemax,5,10,1.2272738218307495,0.5388,0.5383100014162764,1.2972271531820296,0.47672259956598284,1.7683835610747338,nan,nan
cifar10,sparsemax,5,11,1.2023073434829712,0.5395,0.5298577179041238,1.3062164813280106,0.4905691359192133,1.7975712418556213,nan,nan
cifar10,sparsemax,5,12,1.1862331628799438,0.5522,0.5442775397105734,1.272049966454506,0.48864696770906446,1.7967119216918945,nan,nan
cifar10,sparsemax,5,13,1.162600040435791,0.5536,0.5484842142269276,1.257805696129799,0.4786276988685131,1.7782503753900527,nan,nan
cifar10,sparsemax,5,14,1.1457328796386719,0.5558,0.5487977144669622,1.243431195616722,0.47726891897618773,1.7700340494513511,nan,nan
cifar10,sparsemax,5,15,1.1262975931167603,0.5677,0.5608470759804189,1.233881226181984,0.4895301412791014,1.801863045990467,nan,nan
cifar10,sparsemax,5,16,1.1028441190719604,0.5636,0.5685551050257233,1.2326919317245484,0.46916370317339895,1.756044015288353,nan,nan
cifar10,sparsemax,5,17,1.0850744247436523,0.5687,0.5634585618565346,1.225024050474167,0.4722893785685301,1.7663133695721627,nan,nan
cifar10,sparsemax,5,18,1.0710976123809814,0.5745,0.5731366001282654,1.2153728634119034,0.4620362728834152,1.7389221295714379,nan,nan
cifar10,sparsemax,5,19,1.052790641784668,0.5762,0.5693347807627692,1.2167208403348924,0.4768715348094702,1.773249401152134,nan,nan
cifar10,sparsemax,5,20,1.0434125661849976,0.572,0.5719659579659555,1.2114341735839844,0.4671606484800577,1.7544487237930297,nan,nan
cifar10,sparsemax,5,21,1.0274351835250854,0.5841,0.580978546867892,1.2020508497953415,0.46283235065639017,1.7435138359665872,nan,nan
cifar10,sparsemax,5,22,1.0053057670593262,0.5875,0.5895490144860127,1.1888666212558747,0.4680746145546436,1.7563417926430702,nan,nan
cifar10,sparsemax,5,23,0.9956750869750977,0.5807,0.5760767488691173,1.1859808832406997,0.46620833314955235,1.7551293224096298,nan,nan
cifar10,sparsemax,5,24,0.9859318733215332,0.5731,0.5742263686308593,1.2121196806430816,0.46100387163460255,1.735442189872265,nan,nan
cifar10,sparsemax,5,25,0.9726630449295044,0.5846,0.582289079419658,1.184913343191147,0.45461292155086996,1.7238061159849167,nan,nan
cifar10,sparsemax,5,26,0.9595636129379272,0.589,0.5896711916550557,1.1847037553787232,0.4585181150585413,1.737182968854904,nan,nan
cifar10,sparsemax,5,27,0.9507301449775696,0.5909,0.5865641374975661,1.1991779625415802,0.44552087783813477,1.6970485270023346,nan,nan
cifar10,sparsemax,5,28,0.9324530363082886,0.5908,0.5920825901732887,1.2010158747434616,0.45006459653377534,1.712039503455162,nan,nan
cifar10,sparsemax,5,29,0.9246647357940674,0.5871,0.5871802044013059,1.1971921741962432,0.44582521058619023,1.7081016272306442,nan,nan
cifar10,sparsemax,6,0,1.9661118984222412,0.3402,0.3109145753930322,1.7708231210708618,0.5732919622212649,1.912679450213909,nan,nan
cifar10,sparsemax,6,1,1.702923059463501,0.3923,0.3824567401890049,1.6646540105342864,0.5767038457095623,1.931178680062294,nan,nan
cifar10,sparsemax,6,2,1.591502070426941,0.4488,0.4472081295029405,1.526380330324173,0.538218418136239,1.878933635354042,nan,nan
cifar10,sparsemax,6,3,1.5127300024032593,0.4701,0.46858901404350056,1.4785551369190215,0.4977555241435766,1.78372553139925,nan,nan
cifar10,sparsemax,6,4,1.4508564472198486,0.4653,0.46086244289310196,1.5011327624320985,0.4777670826762915,1.7658270299434662,nan,nan
cifar10,sparsemax,6,5,1.40108060836792,0.5048,0.5049377496094317,1.386986842751503,0.4805889368057251,1.7768090203404427,nan,nan
cifar10,sparsemax,6,6,1.3541895151138306,0.5116,0.508064876456744,1.3493362098932267,0.46765438206493853,1.7515312388539315,nan,nan
cifar10,sparsemax,6,7,1.3230775594711304,0.5274,0.5214506937484179,1.3260269999504088,0.4462019383907318,1.701470036804676,nan,nan
cifar10,sparsemax,6,8,1.2913936376571655,0.5377,0.532869382023612,1.3080263406038284,0.4398760739713907,1.6873157039284705,nan,nan
cifar10,sparsemax,6,9,1.2570900917053223,0.5425,0.5353397056530204,1.284371593594551,0.4376336563378572,1.6852409690618515,nan,nan
cifar10,sparsemax,6,10,1.237106442451477,0.5548,0.5505075706940732,1.245359867811203,0.448429698869586,1.713837991654873,nan,nan
cifar10,sparsemax,6,11,1.213840365409851,0.5634,0.5601197786682153,1.2247915357351302,0.43717097155749796,1.6883081495761871,nan,nan
cifar10,sparsemax,6,12,1.1901037693023682,0.5607,0.5578274059857533,1.2324982911348343,0.41389803402125835,1.6296058878302575,nan,nan
cifar10,sparsemax,6,13,1.1652240753173828,0.5667,0.5616591844996047,1.2223010450601577,0.42009236551821233,1.6488412290811538,nan,nan
cifar10,sparsemax,6,14,1.1490840911865234,0.5764,0.5729832157461127,1.1996252596378327,0.42295936942100526,1.6567656442523002,nan,nan
cifar10,sparsemax,6,15,1.1242573261260986,0.5737,0.5688791693934493,1.1957824528217316,0.4229023478925228,1.658380126953125,nan,nan
cifar10,sparsemax,6,16,1.1071432828903198,0.5818,0.5765922729043835,1.195834967494011,0.4238618012517691,1.655933280289173,nan,nan
cifar10,sparsemax,6,17,1.086077332496643,0.5843,0.5809475183689254,1.188753405213356,0.42732484117150304,1.6724987670779228,nan,nan
cifar10,sparsemax,6,18,1.0751590728759766,0.5844,0.5822006949074732,1.1821202337741852,0.43293479532003404,1.6807777002453803,nan,nan
cifar10,sparsemax,6,19,1.0598855018615723,0.5831,0.5825636605433271,1.1883055865764618,0.4156173266470432,1.6438252359628678,nan,nan
cifar10,sparsemax,6,20,1.036112666130066,0.5853,0.577672169696241,1.192256098985672,0.41776799969375134,1.6444605007767676,nan,nan
cifar10,sparsemax,6,21,1.0220969915390015,0.5899,0.5883320036734961,1.1743892639875413,0.43092963099479675,1.679523603618145,nan,nan
cifar10,sparsemax,6,22,1.012373924255371,0.595,0.5927650015190036,1.1756689861416816,0.41016027629375457,1.6254956737160682,nan,nan
cifar10,sparsemax,6,23,0.9931700229644775,0.59,0.5868180200755337,1.191253015398979,0.42539680674672126,1.669063676893711,nan,nan
cifar10,sparsemax,6,24,0.989262580871582,0.5969,0.5987368994985962,1.1644752010703088,0.43552598133683207,1.6909336909651755,nan,nan
cifar10,sparsemax,6,25,0.9689284563064575,0.5925,0.5915244117408878,1.1795402824878694,0.4167596325278282,1.6451050698757173,nan,nan
cifar10,sparsemax,6,26,0.9530158638954163,0.5955,0.5912982079699873,1.188481755554676,0.42525226399302485,1.665186059474945,nan,nan
cifar10,sparsemax,6,27,0.9422283172607422,0.5996,0.5969725305122583,1.1612840563058853,0.42956122010946274,1.678187221288681,nan,nan
cifar10,sparsemax,6,28,0.9289777278900146,0.5984,0.5974225187304107,1.1732833668589593,0.4129503209143877,1.6366936057806014,nan,nan
cifar10,sparsemax,6,29,0.9161400198936462,0.6068,0.6058071428069165,1.1567747682332992,0.4104267179965973,1.6263943016529083,nan,nan
cifar10,sparsemax,7,0,1.9735137224197388,0.3411,0.3247494250564021,1.7627654761075973,0.5612598415464163,1.8802893579006195,nan,nan
cifar10,sparsemax,7,1,1.6957001686096191,0.423,0.419119869822077,1.574672242999077,0.559534552693367,1.9064368590712548,nan,nan
cifar10,sparsemax,7,2,1.5650932788848877,0.4595,0.4457922138457294,1.492287003993988,0.508759594336152,1.8106841012835502,nan,nan
cifar10,sparsemax,7,3,1.48366117477417,0.4776,0.4706286967297489,1.4496019512414933,0.5098568759858608,1.8155406042933464,nan,nan
cifar10,sparsemax,7,4,1.436018705368042,0.4885,0.4886279718763106,1.4074756026268005,0.5112556602805853,1.8344842568039894,nan,nan
cifar10,sparsemax,7,5,1.3818153142929077,0.4995,0.49172970434035046,1.3747933059930801,0.4812069308012724,1.7719660207629204,nan,nan
cifar10,sparsemax,7,6,1.341697096824646,0.5245,0.519342370899557,1.3185009449720382,0.48784320540726184,1.7914158448576927,nan,nan
cifar10,sparsemax,7,7,1.3034906387329102,0.5183,0.5151597111471277,1.3194082349538803,0.46477706655859946,1.7359600469470025,nan,nan
cifar10,sparsemax,7,8,1.276116967201233,0.535,0.5282127828324953,1.282290181517601,0.47771276272833346,1.7614605620503425,nan,nan
cifar10,sparsemax,7,9,1.2531201839447021,0.5315,0.5250390742841384,1.288789191842079,0.46543050594627855,1.7379271760582924,nan,nan
cifar10,sparsemax,7,10,1.2231906652450562,0.5424,0.5414520629841214,1.2582020610570908,0.45946371667087077,1.7350164577364922,nan,nan
cifar10,sparsemax,7,11,1.2006418704986572,0.5502,0.546111026479772,1.2438654601573944,0.45726813934743404,1.717413705587387,nan,nan
cifar10,sparsemax,7,12,1.1844112873077393,0.5589,0.5565258828029458,1.2451047778129578,0.4443615894764662,1.689956147968769,nan,nan
cifar10,sparsemax,7,13,1.159891128540039,0.5525,0.5452215557500731,1.2428809970617294,0.43834495916962624,1.686887151002884,nan,nan
cifar10,sparsemax,7,14,1.1335598230361938,0.566,0.5642121059128249,1.2069558024406433,0.44870556220412255,1.711403700709343,nan,nan
cifar10,sparsemax,7,15,1.118333339691162,0.5679,0.5674408464239338,1.2190855592489243,0.4176431857049465,1.6338051766157151,nan,nan
cifar10,sparsemax,7,16,1.0985678434371948,0.5734,0.5703276356913326,1.1886056423187257,0.4454718392342329,1.7051178231835364,nan,nan
cifar10,sparsemax,7,17,1.0835009813308716,0.5675,0.5633546536357621,1.2238203465938569,0.4250395055860281,1.6536447271704673,nan,nan
cifar10,sparsemax,7,18,1.0623115301132202,0.5714,0.5673327352745805,1.2149101614952087,0.42541678436100483,1.6560261368751525,nan,nan
cifar10,sparsemax,7,19,1.046584129333496,0.5827,0.5804329036347998,1.1763620764017104,0.4374404985457659,1.6932192221283913,nan,nan
cifar10,sparsemax,7,20,1.032090663909912,0.5762,0.5769791420322496,1.1926896214485168,0.43197196163237095,1.6780764698982238,nan,nan
cifar10,sparsemax,7,21,1.0177288055419922,0.5849,0.5854874712242216,1.1773862957954406,0.42398336753249166,1.6585013374686242,nan,nan
cifar10,sparsemax,7,22,0.9980193972587585,0.5883,0.5860218476483151,1.188345730304718,0.4076759543269873,1.6130348235368728,nan,nan
cifar10,sparsemax,7,23,0.9818252325057983,0.5815,0.5800961342752837,1.2026283115148544,0.4049413684755564,1.6100057378411292,nan,nan
cifar10,sparsemax,7,24,0.9713638424873352,0.5922,0.5924675426412439,1.1687266916036605,0.4034954886883497,1.610694633424282,nan,nan
cifar10,sparsemax,7,25,0.9550110101699829,0.5883,0.5854483954875354,1.1877952694892884,0.3934372752904892,1.5832227796316147,nan,nan
cifar10,sparsemax,7,26,0.9459501504898071,0.5866,0.5870332737313487,1.1844994634389878,0.4011398296803236,1.6009389951825141,nan,nan
cifar10,sparsemax,7,27,0.9298011064529419,0.5913,0.5894434131703038,1.1756393790245057,0.3992419932037592,1.6002154871821404,nan,nan
cifar10,sparsemax,7,28,0.9252813458442688,0.5937,0.5938200710518786,1.1736314684152602,0.4037384454160929,1.6098446637392043,nan,nan
cifar10,sparsemax,7,29,0.9047606587409973,0.5943,0.5946884227447558,1.1668209582567215,0.4065156951546669,1.6134437873959542,nan,nan
cifar10,sparsemax,8,0,1.9589223861694336,0.3681,0.3450513670521927,1.7425188213586806,0.5165327709168196,1.829410009086132,nan,nan
cifar10,sparsemax,8,1,1.6851756572723389,0.4174,0.41278857088920756,1.6264109939336777,0.4940080106258392,1.7869223058223724,nan,nan
cifar10,sparsemax,8,2,1.5626507997512817,0.4485,0.44028813457101335,1.5336893767118454,0.4867588058114052,1.7895104750990867,nan,nan
cifar10,sparsemax,8,3,1.4889320135116577,0.4702,0.46174779924767,1.4687151879072189,0.4672452978789806,1.7493411958217622,nan,nan
cifar10,sparsemax,8,4,1.4228826761245728,0.474,0.46255611425574283,1.4469370633363723,0.4608885567635298,1.733484797179699,nan,nan
cifar10,sparsemax,8,5,1.3820087909698486,0.4917,0.4903976313030854,1.404404154419899,0.4657118137925863,1.7509351149201393,nan,nan
cifar10,sparsemax,8,6,1.340744137763977,0.5149,0.5067025836852068,1.3475140661001206,0.48631931096315384,1.8024162545800209,nan,nan
cifar10,sparsemax,8,7,1.3008606433868408,0.5273,0.5245423210705288,1.31257706284523,0.46256223171949384,1.7456359297037125,nan,nan
cifar10,sparsemax,8,8,1.2754887342453003,0.5374,0.5356272809968587,1.2932861626148224,0.47323531433939936,1.7647600516676902,nan,nan
cifar10,sparsemax,8,9,1.2558228969573975,0.5384,0.5333009961116773,1.296128860116005,0.4472865894436836,1.7136196061968803,nan,nan
cifar10,sparsemax,8,10,1.2263402938842773,0.5427,0.5416227784970191,1.2699322760105134,0.4488277580589056,1.7108306780457496,nan,nan
cifar10,sparsemax,8,11,1.1960269212722778,0.5437,0.5417165249958595,1.2771395146846771,0.4440287914127111,1.7021581262350083,nan,nan
cifar10,sparsemax,8,12,1.1784727573394775,0.5458,0.541222222273576,1.261606013774872,0.4434222403913736,1.6979508861899375,nan,nan
cifar10,sparsemax,8,13,1.1587870121002197,0.5513,0.5437245147735734,1.2451463341712952,0.43583994209766386,1.680867525935173,nan,nan
cifar10,sparsemax,8,14,1.1383477449417114,0.5584,0.5548053365660978,1.2283946514129638,0.431764567270875,1.6748170971870422,nan,nan
cifar10,sparsemax,8,15,1.1206830739974976,0.5672,0.5653179746932561,1.216010069847107,0.44152140580117705,1.6973244592547416,nan,nan
cifar10,sparsemax,8,16,1.1027214527130127,0.5705,0.5743578406523298,1.2087641656398773,0.43601772710680964,1.6824107706546783,nan,nan
cifar10,sparsemax,8,17,1.0800467729568481,0.5668,0.5665961481858848,1.2182712763547898,0.43294113129377365,1.6754891753196717,nan,nan
cifar10,sparsemax,8,18,1.0716371536254883,0.5704,0.5734153201626399,1.2047081738710403,0.42738925442099573,1.6562015295028687,nan,nan
cifar10,sparsemax,8,19,1.0496593713760376,0.5745,0.574092351397673,1.1970427572727202,0.4307820491492748,1.6704065904021264,nan,nan
cifar10,sparsemax,8,20,1.0337458848953247,0.5817,0.580817209886258,1.188737891614437,0.4164874877780676,1.6368504360318183,nan,nan
cifar10,sparsemax,8,21,1.0237371921539307,0.5797,0.5786908667835282,1.1842584893107415,0.4169701099395752,1.6405553445219994,nan,nan
cifar10,sparsemax,8,22,1.0047794580459595,0.5786,0.5818368644740352,1.1935004025697709,0.4254338465631008,1.659871657192707,nan,nan
cifar10,sparsemax,8,23,0.9867464303970337,0.5796,0.5762341555932294,1.1969774574041367,0.4026769418269396,1.601827372610569,nan,nan
cifar10,sparsemax,8,24,0.9727420806884766,0.5817,0.5778351021309978,1.214422383904457,0.41236408688127996,1.6249863162636757,nan,nan
cifar10,sparsemax,8,25,0.9614593982696533,0.5773,0.5731549613040895,1.2195697724819183,0.4091184541583061,1.6152492329478263,nan,nan
cifar10,sparsemax,9,0,1.9683763980865479,0.3466,0.317503644945146,1.7785244703292846,0.5915421508252621,1.9669358655810356,nan,nan
cifar10,sparsemax,9,1,1.6843345165252686,0.4155,0.4109745241245714,1.6114145755767821,0.5416273884475231,1.8826741680502892,nan,nan
cifar10,sparsemax,9,2,1.5569698810577393,0.429,0.40877006061168475,1.564285483956337,0.482693187892437,1.7738707780838012,nan,nan
cifar10,sparsemax,9,3,1.483208417892456,0.4587,0.44384714221873295,1.4756662249565125,0.5025640033185482,1.8283282563090324,nan,nan
cifar10,sparsemax,9,4,1.433450698852539,0.4811,0.4786885840573262,1.4374901443719863,0.46696466468274594,1.7523425325751305,nan,nan
cifar10,sparsemax,9,5,1.3955914974212646,0.4747,0.47466508969446997,1.4508356988430022,0.45976378172636034,1.7415941134095192,nan,nan
cifar10,sparsemax,9,6,1.35614013671875,0.5047,0.5016219922191395,1.3700082361698152,0.43676290288567543,1.6855792641639709,nan,nan
cifar10,sparsemax,9,7,1.322325348854065,0.5053,0.5016655604322834,1.382834181189537,0.46742658615112304,1.759867124259472,nan,nan
cifar10,sparsemax,9,8,1.2889363765716553,0.522,0.5146177227521993,1.3497590094804763,0.44798103757202623,1.717209030687809,nan,nan
cifar10,sparsemax,9,9,1.2669439315795898,0.5304,0.5291729823420224,1.3123721808195115,0.4413781326264143,1.6934108465909958,nan,nan
cifar10,sparsemax,9,10,1.2434148788452148,0.5396,0.5366204656039921,1.2870076298713684,0.43733072094619274,1.6884491324424744,nan,nan
cifar10,sparsemax,9,11,1.2198765277862549,0.5424,0.5361434527198317,1.2841578483581544,0.4353010173887014,1.677730417251587,nan,nan
cifar10,sparsemax,9,12,1.1903964281082153,0.5486,0.5452312391671236,1.2522856384515761,0.42743537984788416,1.6583842143416405,nan,nan
cifar10,sparsemax,9,13,1.1719728708267212,0.5499,0.5504650688872335,1.2582574158906936,0.4184213109314442,1.6396459475159646,nan,nan
cifar10,sparsemax,9,14,1.151036024093628,0.568,0.5663976918905547,1.216951134800911,0.42128603495657446,1.6471456006169318,nan,nan
cifar10,sparsemax,9,15,1.1381380558013916,0.5635,0.56204708672616,1.2321663111448289,0.40278879217803476,1.5988420054316521,nan,nan
cifar10,sparsemax,9,16,1.122130036354065,0.5654,0.5649918287377872,1.2291299790143966,0.40599244125187395,1.606143493950367,nan,nan
cifar10,sparsemax,9,17,1.0986636877059937,0.5684,0.568688755960024,1.2209558248519898,0.4171894550323486,1.6343694537878037,nan,nan
cifar10,sparsemax,9,18,1.0846080780029297,0.5694,0.5682006219711402,1.218519538640976,0.41614750623703,1.6334171175956727,nan,nan
cifar10,sparsemax,9,19,1.0684759616851807,0.5716,0.5702069405429695,1.216916710138321,0.411709300801158,1.626429870724678,nan,nan
cifar10,sparsemax,9,20,1.0535082817077637,0.5647,0.5600942248254096,1.2368731856346131,0.4124163806438446,1.6271919026970862,nan,nan
cifar10,sparsemax,9,21,1.0379244089126587,0.5823,0.5804156378482483,1.1931692898273467,0.4064251761883497,1.6057253018021584,nan,nan
cifar10,sparsemax,9,22,1.026126503944397,0.5827,0.5789668625706735,1.2045565456151963,0.4119011931121349,1.6286432936787605,nan,nan
cifar10,sparsemax,9,23,1.0027399063110352,0.5718,0.5692183563256736,1.224912804365158,0.41226174458861353,1.6275601029396056,nan,nan
cifar10,sparsemax,9,24,0.9929115772247314,0.5854,0.5853554234668225,1.1879344642162324,0.4156938627362251,1.6355096831917764,nan,nan
cifar10,sparsemax,9,25,0.9766101241111755,0.5813,0.5778644524060625,1.1984368532896041,0.3935561362653971,1.5838255807757378,nan,nan
cifar10,sparsemax,9,26,0.9716320037841797,0.5971,0.5972747146832317,1.1661775141954422,0.39490456990897654,1.5791527763009072,nan,nan
cifar10,sparsemax,9,27,0.9603201746940613,0.5911,0.5890825533123248,1.1979150503873826,0.39597059339284896,1.5851530894637107,nan,nan
cifar10,sparsemax,9,28,0.9481250047683716,0.5921,0.5902022220775549,1.1703930050134659,0.4072571977972984,1.6153026044368743,nan,nan
cifar10,sparsemax,9,29,0.9332457184791565,0.5945,0.5939875590911917,1.1796571850776671,0.3968700714409351,1.5939523920416832,nan,nan
cifar10,entmax15,0,0,2.007655620574951,0.3394,0.3187900550116739,1.7983587324619292,0.832757743448019,2.257369002699852,nan,nan
cifar10,entmax15,0,1,1.709649920463562,0.3968,0.3857869658817202,1.649277499318123,0.7944808013737201,2.153228072822094,nan,nan
cifar10,entmax15,0,2,1.5836435556411743,0.4527,0.437030160798924,1.51975938975811,0.7712642915546895,2.1084850788116456,nan,nan
cifar10,entmax15,0,3,1.5000150203704834,0.4536,0.4503071349531897,1.4947487264871597,0.7409491635859012,2.0388586595654488,nan,nan
cifar10,entmax15,0,4,1.431997299194336,0.4909,0.4838201583011254,1.4116994559764862,0.7812092192471027,2.108308473229408,nan,nan
cifar10,entmax15,0,5,1.3813722133636475,0.5121,0.5100848267071918,1.353125086426735,0.7610173545777797,2.050525425374508,nan,nan
cifar10,entmax15,0,6,1.3286007642745972,0.5242,0.5173142190470494,1.3284982979297637,0.7405029512941838,2.007887767255306,nan,nan
cifar10,entmax15,0,7,1.3084652423858643,0.5243,0.5125768457764804,1.3405440688133239,0.7656263314187527,2.068895322084427,nan,nan
cifar10,entmax15,0,8,1.2733373641967773,0.5262,0.5200345625195146,1.3136091768741607,0.7811213687062264,2.104345054924488,nan,nan
cifar10,entmax15,0,9,1.2464969158172607,0.5466,0.5397317006361778,1.2814089894294738,0.7723350025713444,2.07473973184824,nan,nan
cifar10,entmax15,0,10,1.228794813156128,0.5337,0.5264613111567273,1.2914001524448395,0.7715833254158497,2.0702066659927367,nan,nan
cifar10,entmax15,0,11,1.1980923414230347,0.5548,0.5507272311045837,1.2477665364742279,0.7709840357303619,2.076188363134861,nan,nan
cifar10,entmax15,0,12,1.1795214414596558,0.5568,0.556410199815154,1.2371601581573486,0.7610557071864605,2.0546714320778845,nan,nan
cifar10,entmax15,0,13,1.1627885103225708,0.57,0.5733717085443649,1.2253483533859253,0.7558310128748417,2.038021571934223,nan,nan
cifar10,entmax15,0,14,1.1366022825241089,0.5706,0.5672032071120078,1.2161255359649659,0.7778276652097702,2.0877415388822556,nan,nan
cifar10,entmax15,0,15,1.1243594884872437,0.5837,0.5845765726940391,1.1858088552951813,0.7628131002187729,2.0547984808683397,nan,nan
cifar10,entmax15,0,16,1.104636549949646,0.5738,0.5723176023319179,1.2023581862449646,0.7649539336562157,2.0556111097335816,nan,nan
cifar10,entmax15,0,17,1.0875779390335083,0.5795,0.5721057856265599,1.2080408453941345,0.7614915691316128,2.050184877216816,nan,nan
cifar10,entmax15,0,18,1.072221279144287,0.5885,0.5869777414241449,1.1727814614772796,0.7725894510746002,2.0820844933390616,nan,nan
cifar10,entmax15,0,19,1.0557560920715332,0.5785,0.575959971313303,1.186311036348343,0.7705828092992306,2.0766082987189294,nan,nan
cifar10,entmax15,0,20,1.0368130207061768,0.5932,0.591691054081825,1.1579462528228759,0.7504097439348698,2.0315427258610725,nan,nan
cifar10,entmax15,0,21,1.0237281322479248,0.5973,0.5964069805049083,1.1408745288848876,0.7687116310000419,2.0691405892372132,nan,nan
cifar10,entmax15,0,22,1.0032837390899658,0.594,0.5883490426391113,1.1660907596349717,0.7584157802164555,2.0458902969956396,nan,nan
cifar10,entmax15,0,23,0.9928470253944397,0.5986,0.5989096542777299,1.1412620946764946,0.7423793710768223,2.0115088313817977,nan,nan
cifar10,entmax15,0,24,0.9769976139068604,0.5967,0.5957217820975779,1.1505568414926528,0.7549752160906792,2.042738090455532,nan,nan
cifar10,entmax15,0,25,0.9644864797592163,0.5983,0.5981195794131147,1.1392318159341812,0.7563615798950195,2.0371637791395187,nan,nan
cifar10,entmax15,0,26,0.954818069934845,0.5954,0.5930221786841974,1.1571671575307847,0.752452452480793,2.040446785092354,nan,nan
cifar10,entmax15,0,27,0.9409752488136292,0.6019,0.6029588049117776,1.14514240026474,0.7330401472747325,1.9891253590583802,nan,nan
cifar10,entmax15,0,28,0.9374677538871765,0.6031,0.6029474650922226,1.1384956300258637,0.7388664945960045,2.000999628007412,nan,nan
cifar10,entmax15,0,29,0.9158371090888977,0.6014,0.600897228095626,1.1591193079948425,0.7268953643739223,1.976737830042839,nan,nan
cifar10,entmax15,1,0,1.962354302406311,0.359,0.3461091514331972,1.7466542750597,0.9001073129475117,2.436376836895943,nan,nan
cifar10,entmax15,1,1,1.6936827898025513,0.4084,0.3982326346012278,1.6123325496912002,0.9163049064576626,2.4654896706342697,nan,nan
cifar10,entmax15,1,2,1.569606900215149,0.4464,0.43072934656863804,1.533019059896469,0.8859163232147693,2.400440141558647,nan,nan
cifar10,entmax15,1,3,1.489707350730896,0.477,0.47096817389166823,1.4536036550998688,0.8836780056357384,2.37983224093914,nan,nan
cifar10,entmax15,1,4,1.4213823080062866,0.4818,0.47933010443267765,1.447578564286232,0.8809520758688449,2.3649012088775634,nan,nan
cifar10,entmax15,1,5,1.3720728158950806,0.4848,0.47698852829189553,1.4592023193836212,0.8823751010000705,2.3545862585306168,nan,nan
cifar10,entmax15,1,6,1.3310853242874146,0.5186,0.5095039021301101,1.354221197962761,0.8684061646461487,2.3307880431413652,nan,nan
cifar10,entmax15,1,7,1.3015516996383667,0.5347,0.5250110699645442,1.319303423166275,0.869745010882616,2.3255218863487244,nan,nan
cifar10,entmax15,1,8,1.2626241445541382,0.5432,0.5417516605533703,1.2913772016763687,0.8579407222568989,2.3033141285181045,nan,nan
cifar10,entmax15,1,9,1.2336426973342896,0.5446,0.5488226757226851,1.283198457956314,0.8394978418946266,2.2530235290527343,nan,nan
cifar10,entmax15,1,10,1.2060582637786865,0.5541,0.5510904116836255,1.268434876203537,0.8481496684253216,2.2726087749004362,nan,nan
cifar10,entmax15,1,11,1.184335708618164,0.5682,0.5678638019387611,1.2443684548139573,0.836563590168953,2.242588958144188,nan,nan
cifar10,entmax15,1,12,1.1580289602279663,0.5436,0.5432728961053732,1.3085484743118285,0.8448595993220807,2.263280934095383,nan,nan
cifar10,entmax15,1,13,1.1410855054855347,0.5704,0.566906054817513,1.2351724565029145,0.8272299006581306,2.2187563449144365,nan,nan
cifar10,entmax15,1,14,1.1171505451202393,0.5764,0.570884893305419,1.2124895632266999,0.8292067639529705,2.225041064620018,nan,nan
cifar10,entmax15,1,15,1.095850944519043,0.5865,0.5842690416629283,1.1808081567287445,0.822050192207098,2.209063231945038,nan,nan
cifar10,entmax15,1,16,1.0766270160675049,0.5828,0.5778467207873001,1.1915841698646545,0.8091114960610867,2.1716724902391435,nan,nan
cifar10,entmax15,1,17,1.0506235361099243,0.5979,0.5954372485606958,1.1716446667909621,0.8145543165504933,2.1845939844846725,nan,nan
cifar10,entmax15,1,18,1.0339057445526123,0.5879,0.5818614289889689,1.1856572031974792,0.8142089240252972,2.187430480122566,nan,nan
cifar10,entmax15,1,19,1.0236225128173828,0.5954,0.5932602703099532,1.1920402511954307,0.8071555010974407,2.1732343941926957,nan,nan
cifar10,entmax15,1,20,1.000405192375183,0.5954,0.592662824052927,1.1730247542262078,0.7905654296278953,2.1321239680051804,nan,nan
cifar10,entmax15,1,21,0.9906039237976074,0.6085,0.6053604208787364,1.1496118977665901,0.8081358186900616,2.1718499183654787,nan,nan
cifar10,entmax15,1,22,0.9731740951538086,0.607,0.6041270723548591,1.1595348417758942,0.8043831117451191,2.163299632072449,nan,nan
cifar10,entmax15,1,23,0.955849826335907,0.6036,0.5983958578804756,1.1450141668319702,0.8064828880131245,2.163599133491516,nan,nan
cifar10,entmax15,1,24,0.9507721662521362,0.6044,0.6008619497299866,1.1385399088263513,0.7835917450487614,2.1143128246068956,nan,nan
cifar10,entmax15,1,25,0.9320681691169739,0.6018,0.6009278681085819,1.1673360526561738,0.7878374718129635,2.1228610455989836,nan,nan
cifar10,entmax15,1,26,0.9163777828216553,0.6091,0.6078926014548068,1.1488770127296448,0.7900884263217449,2.131488797068596,nan,nan
cifar10,entmax15,1,27,0.9128414988517761,0.6148,0.6158017099973989,1.1493015810847282,0.7843820780515671,2.1126702204346657,nan,nan
cifar10,entmax15,1,28,0.8932387232780457,0.6148,0.6135144926243792,1.1318451195955277,0.7825932197272778,2.1113009944558145,nan,nan
cifar10,entmax15,1,29,0.8813670873641968,0.6175,0.6125800430073206,1.1281251952052116,0.778631766885519,2.1041771680116654,nan,nan
cifar10,entmax15,2,0,1.9650989770889282,0.3571,0.3324879945148801,1.7396090894937515,0.8545265540480613,2.309717619419098,nan,nan
cifar10,entmax15,2,1,1.6917188167572021,0.4091,0.4028874958306634,1.6090138524770736,0.8219770327210426,2.2109270840883255,nan,nan
cifar10,entmax15,2,2,1.5728741884231567,0.4484,0.4373625273370287,1.5206111371517181,0.8200896322727204,2.1920962572097777,nan,nan
cifar10,entmax15,2,3,1.494196891784668,0.4581,0.43677934467600676,1.481322768330574,0.7874557621777057,2.115523326396942,nan,nan
cifar10,entmax15,2,4,1.4359612464904785,0.49,0.48477231132842624,1.4194379329681397,0.7817802034318447,2.1058656513690948,nan,nan
cifar10,entmax15,2,5,1.37590754032135,0.5063,0.5004684445279698,1.3697638511657715,0.788964320719242,2.115128791332245,nan,nan
cifar10,entmax15,2,6,1.3341914415359497,0.5137,0.5041631639870305,1.3407560557126998,0.7584616497159005,2.0518619582057,nan,nan
cifar10,entmax15,2,7,1.3029706478118896,0.52,0.5195224834997976,1.3237172484397888,0.7581287682056427,2.0504985600709915,nan,nan
cifar10,entmax15,2,8,1.2705934047698975,0.549,0.541636139600268,1.2777115374803543,0.7534639433026313,2.0330876514315603,nan,nan
cifar10,entmax15,2,9,1.2474677562713623,0.55,0.5492751095474272,1.257561731338501,0.743941406160593,2.0203645050525667,nan,nan
cifar10,entmax15,2,10,1.215451717376709,0.5579,0.5530588736002334,1.234890553355217,0.7227456077933312,1.9696268528699874,nan,nan
cifar10,entmax15,2,11,1.1953833103179932,0.5582,0.5542506378539646,1.2337391048669815,0.7129780411720276,1.9505648732185363,nan,nan
cifar10,entmax15,2,12,1.1650352478027344,0.5614,0.5563379690371031,1.2369684427976608,0.736854612082243,2.001676245033741,nan,nan
cifar10,entmax15,2,13,1.147740364074707,0.5732,0.5726352501142415,1.204628559947014,0.7382877349853516,2.0088232710957525,nan,nan
cifar10,entmax15,2,14,1.1323292255401611,0.5667,0.5609652265946787,1.2235083162784577,0.7361474514007569,2.0030021712183954,nan,nan
cifar10,entmax15,2,15,1.1170434951782227,0.5859,0.5842831320505262,1.172747626900673,0.7108173951506614,1.9526333704590797,nan,nan
cifar10,entmax15,2,16,1.0915263891220093,0.5867,0.5802492146187388,1.1920370608568192,0.6917802564799785,1.906090833246708,nan,nan
cifar10,entmax15,2,17,1.0805935859680176,0.5841,0.58473227851456,1.16744394749403,0.6991579078137875,1.9276714861392974,nan,nan
cifar10,entmax15,2,18,1.0634865760803223,0.5846,0.5778386924121537,1.2102616980671883,0.6835585847496987,1.89271929115057,nan,nan
cifar10,entmax15,2,19,1.0495091676712036,0.5923,0.5879361242925268,1.1638878136873245,0.6874364517629147,1.9014643147587775,nan,nan
cifar10,entmax15,2,20,1.0326193571090698,0.5918,0.5850838723993906,1.1719732612371445,0.7107071503996849,1.9520637452602387,nan,nan
cifar10,entmax15,2,21,1.013095736503601,0.5931,0.5929903280321658,1.1660224422812462,0.6871226154267788,1.901048244535923,nan,nan
cifar10,entmax15,2,22,1.0039602518081665,0.6069,0.6048897645123945,1.1428190156817437,0.7061561673879624,1.942780290544033,nan,nan
cifar10,entmax15,2,23,0.9817901849746704,0.5979,0.594298075678462,1.1503336876630783,0.6901907198131084,1.9046062514185906,nan,nan
cifar10,entmax15,2,24,0.9790408611297607,0.5907,0.5916290362470671,1.1728105396032333,0.704193115234375,1.9360037431120873,nan,nan
cifar10,entmax15,2,25,0.9587854146957397,0.6027,0.5960854817079121,1.1583136275410653,0.6937696188688278,1.9131727501749993,nan,nan
cifar10,entmax15,2,26,0.9543085098266602,0.6003,0.6013216261323201,1.158589355647564,0.6680486880242824,1.8625888332724572,nan,nan
cifar10,entmax15,2,27,0.9362441301345825,0.6099,0.6090254379969076,1.1367263734340667,0.6752965390682221,1.8711343809962273,nan,nan
cifar10,entmax15,2,28,0.9269129633903503,0.6013,0.5953101377283934,1.156511315703392,0.6631119325757027,1.844314157962799,nan,nan
cifar10,entmax15,2,29,0.9160515069961548,0.6105,0.6091588712169587,1.1440117731690407,0.6570697896182537,1.8380045622587204,nan,nan
cifar10,entmax15,3,0,2.03865647315979,0.3251,0.2862969127288046,1.8201341509819031,0.8453279003500939,2.2720010429620743,nan,nan
cifar10,entmax15,3,1,1.7241204977035522,0.3802,0.36676616791689887,1.6521145552396774,0.7968142859637737,2.149464154243469,nan,nan
cifar10,entmax15,3,2,1.5948383808135986,0.434,0.4296317974410032,1.5345367729663848,0.8336711592972279,2.220106193423271,nan,nan
cifar10,entmax15,3,3,1.5067243576049805,0.457,0.4531191002081808,1.465623614192009,0.7774409227073192,2.107065498828888,nan,nan
cifar10,entmax15,3,4,1.4500463008880615,0.4758,0.4655977217424988,1.4291934221982956,0.775664483755827,2.099862313270569,nan,nan
cifar10,entmax15,3,5,1.3931586742401123,0.4831,0.4757956410840268,1.3940016686916352,0.7392623603343964,2.02120455801487,nan,nan
cifar10,entmax15,3,6,1.3524221181869507,0.503,0.5017858830111066,1.3665208131074906,0.7452974431216717,2.032489636540413,nan,nan
cifar10,entmax15,3,7,1.3188436031341553,0.5196,0.5123497629232971,1.3358773708343505,0.7538873486220836,2.0511047050356863,nan,nan
cifar10,entmax15,3,8,1.2869229316711426,0.5273,0.5246515277880989,1.3140541344881058,0.7321722239255906,2.0082698225975038,nan,nan
cifar10,entmax15,3,9,1.2538959980010986,0.5398,0.535005695112348,1.2839520841836929,0.7719232566654682,2.0874807223677636,nan,nan
cifar10,entmax15,3,10,1.228671908378601,0.5422,0.5390737000619236,1.261619570851326,0.7434245705604553,2.024880659580231,nan,nan
cifar10,entmax15,3,11,1.2042055130004883,0.5425,0.5407270664880172,1.2711528480052947,0.7283646441996098,1.993040782213211,nan,nan
cifar10,entmax15,3,12,1.1857043504714966,0.5602,0.5546680922554321,1.2421270698308944,0.7378063797950745,2.0111828193068506,nan,nan
cifar10,entmax15,3,13,1.1634052991867065,0.5667,0.5612924856837284,1.2085060745477676,0.7285648517310619,1.9980286732316017,nan,nan
cifar10,entmax15,3,14,1.1461652517318726,0.5692,0.5679504915474183,1.2052324563264847,0.695838774740696,1.9193221524357795,nan,nan
cifar10,entmax15,3,15,1.121166706085205,0.5679,0.5656734037584764,1.214325162768364,0.7517245531082153,2.0384966284036636,nan,nan
cifar10,entmax15,3,16,1.0999811887741089,0.5747,0.5726831536539112,1.1832028299570083,0.7203927330672741,1.975596895813942,nan,nan
cifar10,entmax15,3,17,1.080360770225525,0.5771,0.5723557675226167,1.1942845731973648,0.701718720048666,1.9393923982977868,nan,nan
cifar10,entmax15,3,18,1.0617421865463257,0.5805,0.5761109805039827,1.1668740540742875,0.7237146101891995,1.9813129723072052,nan,nan
cifar10,entmax15,3,19,1.0462403297424316,0.5894,0.5862966812496594,1.170198231935501,0.7136451192200184,1.9588696122169496,nan,nan
cifar10,entmax15,3,20,1.0299345254898071,0.5866,0.5870719635435444,1.1656510949134826,0.7108380936086178,1.9528951585292815,nan,nan
cifar10,entmax15,3,21,1.0223432779312134,0.5885,0.5866353834843638,1.1627505451440812,0.7123341917991638,1.9585649967193604,nan,nan
cifar10,entmax15,3,22,1.0060759782791138,0.5939,0.5914844879446989,1.1498614728450776,0.7155812606215477,1.9616490975022316,nan,nan
cifar10,entmax15,3,23,0.984825074672699,0.5947,0.5935780479480279,1.1482387080788612,0.7102896578609943,1.9464941278100014,nan,nan
cifar10,entmax15,3,24,0.9728465676307678,0.5961,0.5942239805994954,1.146199780702591,0.7144821673631668,1.9551305413246154,nan,nan
cifar10,entmax15,3,25,0.9602269530296326,0.5934,0.5957785014648558,1.1620835483074188,0.6894134439527988,1.8976458474993705,nan,nan
cifar10,entmax15,3,26,0.9444969892501831,0.5942,0.590927983403841,1.158297573029995,0.713402497023344,1.9474124014377594,nan,nan
cifar10,entmax15,3,27,0.9402866363525391,0.5931,0.5901610879685704,1.1754717707633973,0.7030239842832089,1.9300531953573228,nan,nan
cifar10,entmax15,3,28,0.9125539064407349,0.6082,0.6055229369054652,1.1249043822288514,0.691759853810072,1.907365481555462,nan,nan
cifar10,entmax15,3,29,0.9072590470314026,0.6033,0.6014200228064558,1.1349402114748954,0.6882260255515575,1.9006122082471848,nan,nan
cifar10,entmax15,4,0,2.027864933013916,0.3041,0.2713916915066153,1.833967724442482,0.857882010191679,2.316724717617035,nan,nan
cifar10,entmax15,4,1,1.7235053777694702,0.3854,0.3709524476126787,1.6484306693077087,0.7955641843378544,2.1550321012735365,nan,nan
cifar10,entmax15,4,2,1.5850791931152344,0.4348,0.4207955621123496,1.547206887602806,0.7978242993354797,2.1601582169532776,nan,nan
cifar10,entmax15,4,3,1.5077015161514282,0.4692,0.4676796492191732,1.4665034413337708,0.7872238673269749,2.1380799472332,nan,nan
cifar10,entmax15,4,4,1.4473601579666138,0.4746,0.4749521893044085,1.430056270956993,0.795187882333994,2.151129040122032,nan,nan
cifar10,entmax15,4,5,1.401917815208435,0.4933,0.48932898119163115,1.3840855479240417,0.792322052270174,2.1533987879753114,nan,nan
cifar10,entmax15,4,6,1.3590832948684692,0.502,0.49989726544628976,1.372006094455719,0.7948648363351822,2.1550519675016404,nan,nan
cifar10,entmax15,4,7,1.3175904750823975,0.5181,0.5152137351616288,1.3320688009262085,0.7819650001823902,2.130721265077591,nan,nan
cifar10,entmax15,4,8,1.2944328784942627,0.5215,0.5122451768189635,1.3329882621765137,0.7699337229132652,2.1018162682652473,nan,nan
cifar10,entmax15,4,9,1.2693127393722534,0.5293,0.5305088642250855,1.2897249042987824,0.7648817040026188,2.092749148607254,nan,nan
cifar10,entmax15,4,10,1.243487000465393,0.5378,0.5365529230860313,1.2687781870365142,0.7556800961494445,2.0767007172107697,nan,nan
cifar10,entmax15,4,11,1.220626711845398,0.5239,0.5235608512715666,1.3223338037729264,0.7276974387466908,2.0077096700668333,nan,nan
cifar10,entmax15,4,12,1.200981616973877,0.5439,0.5453214963192062,1.264230063557625,0.7347980871796608,2.030733236670494,nan,nan
cifar10,entmax15,4,13,1.1778583526611328,0.5546,0.5529735172186728,1.2337302774190904,0.7429371364414692,2.050604996085167,nan,nan
cifar10,entmax15,4,14,1.1469231843948364,0.5535,0.5498905609968519,1.2349264323711395,0.7386341772973537,2.0358806654810904,nan,nan
cifar10,entmax15,4,15,1.1366000175476074,0.5622,0.5593678403465023,1.2246907114982606,0.7399435430765152,2.0438372641801834,nan,nan
cifar10,entmax15,4,16,1.1179795265197754,0.5677,0.5701384734496958,1.198274266719818,0.7294187568128109,2.012595196068287,nan,nan
cifar10,entmax15,4,17,1.0928672552108765,0.5701,0.5690363967903262,1.1876015305519103,0.7277654856443405,2.014775788784027,nan,nan
cifar10,entmax15,4,18,1.0767545700073242,0.5719,0.5683532406539695,1.2017360180616379,0.7222784869372845,2.0021161779761316,nan,nan
cifar10,entmax15,4,19,1.061379313468933,0.5763,0.5771532167133792,1.1812120139598847,0.7274590864777565,2.0155213832855225,nan,nan
cifar10,entmax15,4,20,1.0414042472839355,0.5698,0.5666252002299395,1.2014684289693833,0.7153772935271263,1.9860446333885193,nan,nan
cifar10,entmax15,4,21,1.0343470573425293,0.5832,0.5836780480561627,1.1694678574800492,0.7171837218105793,1.9898290500044822,nan,nan
cifar10,entmax15,4,22,1.006081461906433,0.5816,0.5804890465178815,1.1848175555467606,0.7293986946344375,2.010718235373497,nan,nan
cifar10,entmax15,4,23,0.9977205395698547,0.5834,0.5807155941613553,1.1784745141863824,0.7187449976801872,1.992675557732582,nan,nan
cifar10,entmax15,4,24,0.9811604619026184,0.5926,0.5931064325863857,1.1636282086372376,0.7120130509138107,1.9776860252022743,nan,nan
cifar10,entmax15,4,25,0.9696909785270691,0.5963,0.5952269549043011,1.1481738686561584,0.7266607254743576,2.004783996939659,nan,nan
cifar10,entmax15,4,26,0.9639022946357727,0.5915,0.5902298646806959,1.1688511610031127,0.7075316302478314,1.9654684036970138,nan,nan
cifar10,entmax15,4,27,0.9508574604988098,0.5862,0.587891447147434,1.170318454504013,0.7191237099468708,1.9866717085242271,nan,nan
cifar10,entmax15,4,28,0.9322885274887085,0.5824,0.5837400012266598,1.1883243501186371,0.6993802487850189,1.9516002282500267,nan,nan
cifar10,entmax15,4,29,0.9185582399368286,0.5873,0.5848624478678633,1.2094592928886414,0.7005054973065853,1.9495698302984237,nan,nan
cifar10,entmax15,5,0,2.008401393890381,0.3405,0.32355837983807206,1.8130839467048645,0.8749411456286907,2.363150379061699,nan,nan
cifar10,entmax15,5,1,1.7089482545852661,0.4024,0.3803864383257917,1.6372013300657273,0.8417890436947346,2.2592341989278792,nan,nan
cifar10,entmax15,5,2,1.5765739679336548,0.4323,0.4208963030218412,1.5652581870555877,0.8563327297568322,2.2871211260557174,nan,nan
cifar10,entmax15,5,3,1.4912660121917725,0.4661,0.4629169501136558,1.4567886412143707,0.8267141662538051,2.214213702082634,nan,nan
cifar10,entmax15,5,4,1.4275243282318115,0.4783,0.471314973613683,1.4316399961709976,0.8282676264643669,2.217963081598282,nan,nan
cifar10,entmax15,5,5,1.3819770812988281,0.5005,0.4957438688466106,1.368237927556038,0.7997070141136646,2.139784350991249,nan,nan
cifar10,entmax15,5,6,1.3291778564453125,0.5092,0.5052982468849567,1.3608890146017074,0.8106676205992699,2.160469889640808,nan,nan
cifar10,entmax15,5,7,1.2983092069625854,0.5273,0.517878831420888,1.3168260127305984,0.7899738721549511,2.1135646522045137,nan,nan
cifar10,entmax15,5,8,1.2680445909500122,0.5348,0.5331564907714743,1.2910380005836486,0.8113196179270744,2.161813718080521,nan,nan
cifar10,entmax15,5,9,1.2331516742706299,0.55,0.5465860159189653,1.2799642264842988,0.7507037229835987,2.020477923750877,nan,nan
cifar10,entmax15,5,10,1.2119032144546509,0.5361,0.5317496427983313,1.2925632119178772,0.7482556834816932,2.017161524295807,nan,nan
cifar10,entmax15,5,11,1.1903742551803589,0.5605,0.5575206147369783,1.2416075676679612,0.7616534702479839,2.043239416182041,nan,nan
cifar10,entmax15,5,12,1.1716363430023193,0.5548,0.545360484138894,1.2518565773963928,0.7765201985836029,2.0799395993351935,nan,nan
cifar10,entmax15,5,13,1.1407313346862793,0.5605,0.5558460303478814,1.2376074701547624,0.7604381330311298,2.0441472828388214,nan,nan
cifar10,entmax15,5,14,1.1275115013122559,0.5711,0.5678169217284921,1.195531439781189,0.7574440754950047,2.0351702690124513,nan,nan
cifar10,entmax15,5,15,1.1018280982971191,0.5712,0.5678688805597808,1.1953567534685134,0.7640675939619541,2.0532001674175264,nan,nan
cifar10,entmax15,5,16,1.0890787839889526,0.5596,0.5632045092388782,1.2438273698091507,0.7604304865002632,2.037347565591335,nan,nan
cifar10,entmax15,5,17,1.0673521757125854,0.5752,0.5724107528052903,1.187647733092308,0.7645513556897641,2.049212084710598,nan,nan
cifar10,entmax15,5,18,1.0494908094406128,0.5761,0.5733886034405058,1.1935958057641982,0.7614187076687813,2.0426936492323877,nan,nan
cifar10,entmax15,5,19,1.0333195924758911,0.5848,0.5818983429120507,1.174220046401024,0.7417347237467766,1.99665737003088,nan,nan
cifar10,entmax15,5,20,1.0211191177368164,0.5905,0.5894101312833376,1.1726975619792939,0.7559318393468857,2.025580386817455,nan,nan
cifar10,entmax15,5,21,1.0083860158920288,0.5936,0.5892724394104126,1.170885607600212,0.7570301741361618,2.0312969967722894,nan,nan
cifar10,entmax15,5,22,0.9860339760780334,0.5891,0.592098998172122,1.1630028396844865,0.7508115164935589,2.0209672436118127,nan,nan
cifar10,entmax15,5,23,0.976990818977356,0.5957,0.5909699062340186,1.1701867878437042,0.7382109023630619,1.991988617181778,nan,nan
cifar10,entmax15,5,24,0.9611003994941711,0.5943,0.5945577913055631,1.1665785372257234,0.7331546165049077,1.9718774959445,nan,nan
cifar10,entmax15,5,25,0.947134792804718,0.6051,0.6023149373727087,1.1561655193567275,0.7216506458818912,1.9420582309365273,nan,nan
cifar10,entmax15,5,26,0.9370218515396118,0.593,0.5918244183639201,1.1624594718217849,0.7241360262036324,1.9578460603952408,nan,nan
cifar10,entmax15,5,27,0.9286970496177673,0.599,0.596497914364418,1.1599458366632462,0.7254466138780117,1.953366006910801,nan,nan
cifar10,entmax15,5,28,0.9071823358535767,0.5992,0.600342069027854,1.185133981704712,0.7406669683754444,1.9921008095145225,nan,nan
cifar10,entmax15,5,29,0.9033102989196777,0.5885,0.586824440846125,1.1857728838920594,0.695288909971714,1.8926762476563455,nan,nan
cifar10,entmax15,6,0,1.9854748249053955,0.3416,0.3273107139375555,1.7965150058269501,0.8422924496233464,2.2415296912193297,nan,nan
cifar10,entmax15,6,1,1.6972190141677856,0.4057,0.39240779388171865,1.6045477092266083,0.8409987553954125,2.2360619574785234,nan,nan
cifar10,entmax15,6,2,1.571418285369873,0.45,0.4449712038982252,1.508865612745285,0.8232257813215256,2.2054084479808806,nan,nan
cifar10,entmax15,6,3,1.484535813331604,0.4793,0.47808279103900214,1.4517182469367982,0.8251680091023446,2.2024906486272813,nan,nan
cifar10,entmax15,6,4,1.4298357963562012,0.4556,0.4558215151952421,1.5206214666366578,0.8294183798134327,2.2277872771024705,nan,nan
cifar10,entmax15,6,5,1.3780699968338013,0.516,0.5130701928174408,1.3656039088964462,0.7960027068853378,2.1400036603212356,nan,nan
cifar10,entmax15,6,6,1.3350672721862793,0.5336,0.531929103994145,1.306146788597107,0.8115333028137683,2.183712339401245,nan,nan
cifar10,entmax15,6,7,1.2994117736816406,0.5423,0.5366618926517954,1.28465279340744,0.7878626018762589,2.1283543795347213,nan,nan
cifar10,entmax15,6,8,1.2682281732559204,0.5468,0.5427580339235064,1.2862436771392822,0.7770701058208942,2.1009348690509797,nan,nan
cifar10,entmax15,6,9,1.2407402992248535,0.5544,0.5467111622492118,1.246624732017517,0.781073085963726,2.114994838833809,nan,nan
cifar10,entmax15,6,10,1.2175788879394531,0.5684,0.5663801540365764,1.2206654652953148,0.7833066768944263,2.117571991682053,nan,nan
cifar10,entmax15,6,11,1.1818199157714844,0.5652,0.5606382479241726,1.2255087703466416,0.767049067467451,2.082660047709942,nan,nan
cifar10,entmax15,6,12,1.165202021598816,0.563,0.5630275157580202,1.2522811830043792,0.7432879731059074,2.0330631539225577,nan,nan
cifar10,entmax15,6,13,1.1465346813201904,0.5778,0.5752608681055662,1.2030417025089264,0.7644642174243927,2.079793983697891,nan,nan
cifar10,entmax15,6,14,1.1329296827316284,0.5741,0.5674073643986717,1.2039861530065536,0.7569043017923832,2.066119386255741,nan,nan
cifar10,entmax15,6,15,1.1004741191864014,0.5827,0.5822255590186363,1.204680335521698,0.7611768037080765,2.0755650267004966,nan,nan
cifar10,entmax15,6,16,1.0873695611953735,0.5924,0.5886797226231446,1.1633811563253402,0.7371490158140659,2.0208588004112245,nan,nan
cifar10,entmax15,6,17,1.0694494247436523,0.5884,0.5861825639405666,1.1838627308607101,0.7498943857848644,2.0491730719804764,nan,nan
cifar10,entmax15,6,18,1.0522500276565552,0.5911,0.5875346918173296,1.1697634622454642,0.7625516884028911,2.080905683338642,nan,nan
cifar10,entmax15,6,19,1.0386958122253418,0.5957,0.5966173804617806,1.156892105937004,0.7425898917019367,2.035037636756897,nan,nan
cifar10,entmax15,6,20,1.0199273824691772,0.5943,0.591834141182846,1.1673510760068893,0.7289843291044236,2.001609927415848,nan,nan
cifar10,entmax15,6,21,1.0096944570541382,0.5956,0.5981393816349931,1.1690005287528038,0.745807982236147,2.037745961546898,nan,nan
cifar10,entmax15,6,22,0.9947990775108337,0.5999,0.6009908076969492,1.1371026545763017,0.7348703563213348,2.0184571385383605,nan,nan
cifar10,entmax15,6,23,0.9765121936798096,0.5997,0.5968893392109826,1.1504850924015044,0.7127484276890754,1.970988743007183,nan,nan
cifar10,entmax15,6,24,0.9689693450927734,0.6035,0.6034988159550445,1.157551383972168,0.7056793354451656,1.9520070806145668,nan,nan
cifar10,entmax15,6,25,0.9539462924003601,0.6033,0.5995428868097721,1.1464150846004486,0.7090814210474491,1.9660474121570588,nan,nan
cifar10,entmax15,6,26,0.9399195313453674,0.6092,0.6067494067316794,1.139596240222454,0.7313610665500164,2.004765136539936,nan,nan
cifar10,entmax15,6,27,0.9326572418212891,0.6104,0.6065991492434961,1.1313278019428252,0.6974991433322429,1.9320851162075996,nan,nan
cifar10,entmax15,6,28,0.9175524115562439,0.6083,0.6095809496235055,1.1408929020166396,0.6986905753612518,1.940276452898979,nan,nan
cifar10,entmax15,6,29,0.9073626399040222,0.6118,0.6120803571654544,1.1262148410081863,0.698054664582014,1.9399057045578956,nan,nan
cifar10,entmax15,7,0,1.9951876401901245,0.324,0.30302651585872037,1.7955121487379073,0.8899849846959114,2.3963156193494797,nan,nan
cifar10,entmax15,7,1,1.7043277025222778,0.4134,0.40350950912432476,1.5833721935749054,0.8477428257465363,2.2980101615190507,nan,nan
cifar10,entmax15,7,2,1.5742522478103638,0.4478,0.43724773442143394,1.509876874089241,0.8298633210361004,2.251018527150154,nan,nan
cifar10,entmax15,7,3,1.4912760257720947,0.472,0.459213285869546,1.441709190607071,0.8161079421639442,2.21507328748703,nan,nan
cifar10,entmax15,7,4,1.431947946548462,0.4784,0.4772403240313448,1.4178246885538102,0.8191543392837047,2.210027265548706,nan,nan
cifar10,entmax15,7,5,1.3841798305511475,0.5085,0.5009909587418151,1.342844980955124,0.8017304264008999,2.164656785130501,nan,nan
cifar10,entmax15,7,6,1.34107506275177,0.5258,0.5230525542133018,1.2921716004610062,0.8187263742089271,2.2063150227069857,nan,nan
cifar10,entmax15,7,7,1.2998346090316772,0.527,0.5240978947273782,1.3020673185586928,0.7981431610882282,2.164452403783798,nan,nan
cifar10,entmax15,7,8,1.2757437229156494,0.5414,0.5332265912740244,1.2699299186468125,0.8080083027482032,2.183101627230644,nan,nan
cifar10,entmax15,7,9,1.2541033029556274,0.5407,0.5332115191498097,1.2617520272731781,0.7946572735905647,2.1534887492656707,nan,nan
cifar10,entmax15,7,10,1.2161914110183716,0.5531,0.550581213483432,1.2267178148031235,0.7981308273971081,2.154525175690651,nan,nan
cifar10,entmax15,7,11,1.201775074005127,0.5426,0.5378137968564543,1.2458008915185927,0.7670616112649441,2.097647432982922,nan,nan
cifar10,entmax15,7,12,1.1743055582046509,0.5713,0.5651595557084294,1.2046286195516587,0.7682807892560959,2.0931048139929773,nan,nan
cifar10,entmax15,7,13,1.155028223991394,0.5606,0.5531834123265866,1.2116840749979019,0.7692169778048992,2.0922341302037237,nan,nan
cifar10,entmax15,7,14,1.1278249025344849,0.5715,0.5637814149876316,1.2018074840307236,0.7886550068855286,2.1349868178367615,nan,nan
cifar10,entmax15,7,15,1.119869351387024,0.5763,0.5714031148194709,1.19290671646595,0.7851474046707153,2.1256224542856215,nan,nan
cifar10,entmax15,7,16,1.1015465259552002,0.5802,0.5707441414492301,1.1965646743774414,0.7703810788691043,2.0940567418932914,nan,nan
cifar10,entmax15,7,17,1.083534598350525,0.5896,0.5894034107955859,1.1600369215011597,0.7464875258505345,2.0426142439246178,nan,nan
cifar10,entmax15,7,18,1.0638041496276855,0.5854,0.5806719857536351,1.168509778380394,0.7577283822000027,2.069794537127018,nan,nan
cifar10,entmax15,7,19,1.0447964668273926,0.592,0.5856286546842739,1.1425965115427972,0.7592786334455013,2.0722951024770735,nan,nan
cifar10,entmax15,7,20,1.0317615270614624,0.5849,0.5882279457036461,1.1627469837665558,0.7497834652662277,2.0461184442043305,nan,nan
cifar10,entmax15,7,21,1.014792799949646,0.5962,0.5956130996768721,1.1583461582660675,0.746733608096838,2.0473204851150513,nan,nan
cifar10,entmax15,7,22,1.0018268823623657,0.5907,0.5876355574308512,1.1655538231134415,0.7285360895097256,2.008690747618675,nan,nan
cifar10,entmax15,7,23,0.9918639659881592,0.586,0.5806717006909043,1.1729256942868234,0.7382203228771687,2.026497060060501,nan,nan
cifar10,entmax15,7,24,0.9721530079841614,0.5983,0.5957522711776652,1.1489093795418739,0.7420513883233071,2.0351812317967415,nan,nan
cifar10,entmax15,7,25,0.9676839113235474,0.5959,0.5938703043964135,1.1553278356790542,0.7397872567176819,2.0269344359636308,nan,nan
cifar10,entmax15,7,26,0.943687379360199,0.5997,0.5974980850624017,1.134241908788681,0.7225157037377358,1.9947401136159897,nan,nan
cifar10,entmax15,7,27,0.9364281296730042,0.6067,0.6027561419165309,1.1324434265494348,0.7444818533957005,2.039286006987095,nan,nan
cifar10,entmax15,7,28,0.9279624223709106,0.597,0.5929168578322832,1.150453807413578,0.7354581996798515,2.0253304690122604,nan,nan
cifar10,entmax15,7,29,0.9159576892852783,0.5942,0.5948561978500355,1.1576076373457909,0.7306963995099067,2.010504749417305,nan,nan
cifar10,entmax15,8,0,1.9742194414138794,0.3572,0.33430398923773186,1.761392468214035,0.7882221400737762,2.1250895619392396,nan,nan
cifar10,entmax15,8,1,1.6998450756072998,0.4015,0.39637439831669574,1.671017986536026,0.7781783767044544,2.097553065419197,nan,nan
cifar10,entmax15,8,2,1.5889215469360352,0.4502,0.44537035722246704,1.5456085205078125,0.7480347774922848,2.0235400438308715,nan,nan
cifar10,entmax15,8,3,1.5029793977737427,0.4606,0.4517775294782663,1.498762810230255,0.7280925437808037,1.98134543299675,nan,nan
cifar10,entmax15,8,4,1.4441978931427002,0.4549,0.4394585433704091,1.4923859983682632,0.7586000680923461,2.041269896924496,nan,nan
cifar10,entmax15,8,5,1.3928531408309937,0.4938,0.487538923436264,1.4080783069133758,0.7303611911833287,1.9977497145533563,nan,nan
cifar10,entmax15,8,6,1.3506453037261963,0.5088,0.5021591945423857,1.3661548435688018,0.7236880451440811,1.9725375726819039,nan,nan
cifar10,entmax15,8,7,1.313283085823059,0.5052,0.4978531938698222,1.349396076798439,0.7088008694350719,1.938885933160782,nan,nan
cifar10,entmax15,8,8,1.2870591878890991,0.5301,0.5261400389935971,1.3109073698520661,0.7474035553634166,2.028713692724705,nan,nan
cifar10,entmax15,8,9,1.2577168941497803,0.5333,0.5306420317225108,1.3064251631498336,0.7103507436811924,1.9514003291726112,nan,nan
cifar10,entmax15,8,10,1.2317804098129272,0.5356,0.5337988326334924,1.2898072630167008,0.729012505710125,1.9891683414578438,nan,nan
cifar10,entmax15,8,11,1.207744836807251,0.5508,0.5511467848369895,1.2572330057621002,0.723058557510376,1.976642645895481,nan,nan
cifar10,entmax15,8,12,1.181501030921936,0.5427,0.5363709227331055,1.2740501493215561,0.7141589961946011,1.958958385884762,nan,nan
cifar10,entmax15,8,13,1.1654903888702393,0.5391,0.5312734619508298,1.2680916428565978,0.7060161024332047,1.934293520450592,nan,nan
cifar10,entmax15,8,14,1.1439030170440674,0.563,0.5637761616966345,1.2281635224819183,0.715845088660717,1.9657795816659926,nan,nan
cifar10,entmax15,8,15,1.1280829906463623,0.56,0.5610344112497102,1.238478496670723,0.7203579679131508,1.9688984870910644,nan,nan
cifar10,entmax15,8,16,1.1104834079742432,0.5626,0.5653946451796267,1.219749429821968,0.7069043882191182,1.9360487744212151,nan,nan
cifar10,entmax15,8,17,1.0908081531524658,0.5687,0.57000907378655,1.2016890347003937,0.6981581538915634,1.9217706352472306,nan,nan
cifar10,entmax15,8,18,1.080154538154602,0.5671,0.5702869726967608,1.204727727174759,0.6898370966315269,1.8953558027744293,nan,nan
cifar10,entmax15,8,19,1.0557011365890503,0.5786,0.5779892733334817,1.1932870715856552,0.6952442213892936,1.90505910217762,nan,nan
cifar10,entmax15,8,20,1.0457793474197388,0.5802,0.5807078861616336,1.188804218173027,0.6862212792038918,1.8876052543520927,nan,nan
cifar10,entmax15,8,21,1.0392056703567505,0.5757,0.5731174988768247,1.1832722812891006,0.6888305023312569,1.8919205009937285,nan,nan
cifar10,entmax15,8,22,1.0181695222854614,0.5861,0.5881421661810219,1.1809288337826729,0.7040129706263543,1.930892114341259,nan,nan
cifar10,entmax15,8,23,0.9984784126281738,0.5759,0.5712863890532778,1.201725333929062,0.6994680672883987,1.9168779745697975,nan,nan
cifar10,entmax15,8,24,0.9871383905410767,0.5873,0.5858484716186323,1.187657505273819,0.6933451622724534,1.905711854994297,nan,nan
cifar10,entmax15,8,25,0.9676917195320129,0.5857,0.5838536829234595,1.1854541569948196,0.7031139150261879,1.928742627799511,nan,nan
cifar10,entmax15,8,26,0.9621020555496216,0.5841,0.5830416380262352,1.1827717483043672,0.6640093386173248,1.8439238309860229,nan,nan
cifar10,entmax15,8,27,0.9475401043891907,0.5885,0.5908025862808541,1.178175875544548,0.6666134517639876,1.8476870089769364,nan,nan
cifar10,entmax15,8,28,0.9284854531288147,0.5861,0.5853118986587382,1.1929339528083802,0.6804512411355972,1.877224077284336,nan,nan
cifar10,entmax15,8,29,0.9254224300384521,0.5736,0.5799146009109082,1.2035426288843154,0.6738302160054446,1.857595793902874,nan,nan
cifar10,entmax15,9,0,1.9836431741714478,0.3419,0.31383205087339905,1.8102381110191346,0.8900042846798897,2.3853241711854936,nan,nan
cifar10,entmax15,9,1,1.6862730979919434,0.4147,0.4066496117425603,1.6112302273511887,0.8424053095281124,2.2554328083992004,nan,nan
cifar10,entmax15,9,2,1.5566349029541016,0.4501,0.4341995944016605,1.514959341287613,0.8169635742902756,2.1917665600776672,nan,nan
cifar10,entmax15,9,3,1.477463722229004,0.4778,0.4688937264077425,1.450134426355362,0.8044947050511837,2.164482843875885,nan,nan
cifar10,entmax15,9,4,1.4151010513305664,0.4869,0.4819890635346661,1.4026650786399841,0.8180915214121341,2.1896470189094543,nan,nan
cifar10,entmax15,9,5,1.3709796667099,0.4876,0.4865444650896755,1.4125037163496017,0.8109388336539268,2.1722747683525085,nan,nan
cifar10,entmax15,9,6,1.3323774337768555,0.5219,0.5223263939356253,1.327550968527794,0.7892420835793018,2.132022961974144,nan,nan
cifar10,entmax15,9,7,1.2906544208526611,0.5277,0.5249091794618879,1.3113257110118866,0.815369437634945,2.1915784955024717,nan,nan
cifar10,entmax15,9,8,1.259480595588684,0.5375,0.5347933046479673,1.2946667969226837,0.776397031545639,2.1060798928141593,nan,nan
cifar10,entmax15,9,9,1.2370107173919678,0.5523,0.548827629749732,1.2510194897651672,0.7825199790298939,2.1139940559864043,nan,nan
cifar10,entmax15,9,10,1.2134865522384644,0.545,0.5489065337661885,1.2442040711641311,0.7831454105675221,2.114512437582016,nan,nan
cifar10,entmax15,9,11,1.1791698932647705,0.5567,0.5523355025929151,1.2379298090934754,0.7940371640026569,2.1332293465733527,nan,nan
cifar10,entmax15,9,12,1.1688438653945923,0.5678,0.5649752708264529,1.209259217977524,0.7671918712556363,2.0718252152204513,nan,nan
cifar10,entmax15,9,13,1.141442894935608,0.5578,0.5612763539963669,1.2379918307065965,0.7510460689663887,2.0396437019109728,nan,nan
cifar10,entmax15,9,14,1.1180055141448975,0.5729,0.571759938865658,1.1939069420099258,0.7536076873540878,2.0439460933208466,nan,nan
cifar10,entmax15,9,15,1.1040931940078735,0.5699,0.5680488067285929,1.2057837396860123,0.7682195462286472,2.073828747868538,nan,nan
cifar10,entmax15,9,16,1.0825976133346558,0.5833,0.5821386106948747,1.178567609190941,0.7518035806715488,2.0387462824583054,nan,nan
cifar10,entmax15,9,17,1.0665106773376465,0.5785,0.5794237990050182,1.1788978815078734,0.7846622072160244,2.108723981678486,nan,nan
cifar10,entmax15,9,18,1.0489765405654907,0.5782,0.5780409061240727,1.1667758077383041,0.7719496585428715,2.0827301323413847,nan,nan
cifar10,entmax15,9,19,1.0335453748703003,0.5844,0.5820314204856981,1.1628097653388978,0.7375270582735538,2.0129027247428892,nan,nan
cifar10,entmax15,9,20,1.0092488527297974,0.5981,0.5964940560671035,1.1435995280742646,0.7455216065049172,2.024748845398426,nan,nan
cifar10,entmax15,9,21,0.9993014335632324,0.5938,0.5902338718409357,1.1539505809545516,0.7368462532758713,2.0080688327550886,nan,nan
cifar10,entmax15,9,22,0.987159013748169,0.5948,0.5888598376846623,1.144093894958496,0.7268396079540252,1.9843370765447617,nan,nan
cifar10,entmax15,9,23,0.9697226881980896,0.59,0.5855517614829837,1.1741004526615142,0.7157716788351536,1.9669078782200813,nan,nan
cifar10,entmax15,9,24,0.9543893337249756,0.5976,0.5955445369047268,1.1324719861149788,0.7188326403498649,1.9657932102680207,nan,nan
cifar10,entmax15,9,25,0.9411948919296265,0.5954,0.5922930071892509,1.159990581870079,0.7321882732212543,2.003547582030296,nan,nan
