dataset,method,seed,epoch,train_loss,val_accuracy,val_macro_f1,val_loss,attention_density,attention_entropy,alpha_mean,alpha_std
cifar10,softmax,1,0,1.985395908355713,0.3363,0.3069995016307991,1.75974882543087,0.9999844089150429,3.9981134325265884,nan,nan
cifar10,softmax,1,1,1.6484800577163696,0.4391,0.43375015352833807,1.52628393471241,1.0,3.9980985909700393,nan,nan
cifar10,softmax,1,2,1.4936716556549072,0.4712,0.4598794959120841,1.4465199619531632,0.9999993503093719,3.9818650126457213,nan,nan
cifar10,softmax,1,3,1.4109495878219604,0.5055,0.5048897351972862,1.3686055064201355,0.9999948084354401,3.982868120074272,nan,nan
cifar10,softmax,1,4,1.3537307977676392,0.5144,0.5051210549601315,1.3357136487960815,0.9999757938086986,3.94703172147274,nan,nan
cifar10,softmax,1,5,1.2995781898498535,0.5285,0.5252682474076882,1.309946483373642,0.9999444216489792,3.933046615123749,nan,nan
cifar10,softmax,1,6,1.2611523866653442,0.5389,0.5363296466869147,1.2727757394313812,0.999907348304987,3.929281759262085,nan,nan
cifar10,softmax,1,7,1.2228976488113403,0.5615,0.5594527725257492,1.2288817703723907,0.9998601026833057,3.9051091998815535,nan,nan
cifar10,softmax,1,8,1.1860860586166382,0.5687,0.5636963982442403,1.2090591847896577,0.9998134762048722,3.9252032369375227,nan,nan
cifar10,softmax,1,9,1.1548219919204712,0.5868,0.5860458060839353,1.1633200705051423,0.9997772589325905,3.904976800084114,nan,nan
cifar10,softmax,1,10,1.1168218851089478,0.5822,0.5767613449901969,1.176456269621849,0.9996544882655144,3.8847438961267473,nan,nan
cifar10,softmax,1,11,1.0925769805908203,0.603,0.5979360752560426,1.1311847448349,0.9996751196682453,3.8802894830703734,nan,nan
cifar10,softmax,1,12,1.0663889646530151,0.612,0.6064697004831803,1.1033707827329635,0.9996536239981652,3.8759178102016447,nan,nan
cifar10,softmax,1,13,1.0420434474945068,0.6091,0.6055681816604186,1.1117384910583497,0.9995253182947635,3.8622030556201934,nan,nan
cifar10,softmax,1,14,1.0164859294891357,0.6151,0.6081016746451959,1.107316403090954,0.9995405450463295,3.880583491921425,nan,nan
cifar10,softmax,1,15,0.9964707493782043,0.6346,0.6324096173553664,1.0456782117486,0.999405175447464,3.8425382405519484,nan,nan
cifar10,softmax,1,16,0.9691277742385864,0.6309,0.6298232561534154,1.0583013996481896,0.9993707530200482,3.8435959041118624,nan,nan
cifar10,softmax,1,17,0.9491192698478699,0.6318,0.6331680081135773,1.0541743278503417,0.9992717318236828,3.829821619391441,nan,nan
cifar10,softmax,1,18,0.9320465326309204,0.6351,0.6302375670288345,1.0448399379849433,0.9993162631988526,3.829576650261879,nan,nan
cifar10,softmax,1,19,0.9160969853401184,0.6457,0.6454094541903437,1.0090071201324462,0.9992641672492028,3.8258370488882063,nan,nan
cifar10,softmax,1,20,0.902182400226593,0.6479,0.6454890647055966,1.011800867319107,0.9993750251829624,3.83454971909523,nan,nan
cifar10,softmax,1,21,0.8803468942642212,0.6405,0.6377886386853593,1.0327517569065094,0.9991605155169964,3.7977000534534455,nan,nan
cifar10,softmax,1,22,0.8693167567253113,0.6547,0.650925902966998,0.9936341717839241,0.9991272941231728,3.8138258546590804,nan,nan
cifar10,softmax,1,23,0.8507463335990906,0.6609,0.6600212141833974,0.9921902313828468,0.9990302421152591,3.8027480244636536,nan,nan
cifar10,softmax,1,24,0.8331383466720581,0.6605,0.6534261281311535,1.0025908380746842,0.9992051005363465,3.8155226349830627,nan,nan
cifar10,softmax,1,25,0.8281647562980652,0.6622,0.6598630682826215,0.981272803246975,0.9991607829928398,3.823676547408104,nan,nan
cifar10,softmax,1,26,0.8108643293380737,0.6605,0.6581796591766513,1.0187260150909423,0.9989501744508743,3.799949052929878,nan,nan
cifar10,softmax,1,27,0.7974308729171753,0.6541,0.6498237232934881,1.0185454875230788,0.9992407403886319,3.8251815348863603,nan,nan
cifar10,softmax,1,28,0.7870925068855286,0.6676,0.6658742705666778,0.9775476410984993,0.9989546082913876,3.80998854637146,nan,nan
cifar10,softmax,1,29,0.7790853381156921,0.6605,0.6590952803085843,0.9878858178853989,0.9989619493484497,3.8038521617650987,nan,nan
cifar10,softmax,2,0,1.9711692333221436,0.3522,0.34046717084285444,1.7330068111419679,1.0,4.027820047736168,nan,nan
cifar10,softmax,2,1,1.6480811834335327,0.418,0.4090307259406707,1.573759725689888,0.9999998733401299,3.985348305106163,nan,nan
cifar10,softmax,2,2,1.487935185432434,0.476,0.47362609164992264,1.431348791718483,0.9999913267791272,3.9540217518806458,nan,nan
cifar10,softmax,2,3,1.3839478492736816,0.5079,0.5050843117606065,1.3437253057956695,0.9998436562716961,3.935489994287491,nan,nan
cifar10,softmax,2,4,1.3168563842773438,0.527,0.5233367952925742,1.3045040994882584,0.9998938374221324,3.9500297635793684,nan,nan
cifar10,softmax,2,5,1.260024905204773,0.5473,0.5428693868844532,1.2439157977700233,0.9996682107448578,3.917533853650093,nan,nan
cifar10,softmax,2,6,1.2122409343719482,0.5492,0.544475047652078,1.2312795862555503,0.9994898475706577,3.9098827213048937,nan,nan
cifar10,softmax,2,7,1.1774942874908447,0.5742,0.5729141151237445,1.1676257595419883,0.9997003518044949,3.910969007015228,nan,nan
cifar10,softmax,2,8,1.1379722356796265,0.575,0.575789893030856,1.1854504361748694,0.9996699899435043,3.9263107031583786,nan,nan
cifar10,softmax,2,9,1.1086214780807495,0.5766,0.5756038961790113,1.1813470810651778,0.9995376169681549,3.9083231806755068,nan,nan
cifar10,softmax,2,10,1.082777500152588,0.597,0.5936964011981125,1.1171715259552002,0.9995928794145584,3.915909531712532,nan,nan
cifar10,softmax,2,11,1.0677120685577393,0.613,0.6100423772884895,1.0830691024661063,0.9990541346371173,3.8706389337778093,nan,nan
cifar10,softmax,2,12,1.036307454109192,0.6127,0.6039025057746645,1.0854477033019065,0.9990116074681282,3.8830597370862963,nan,nan
cifar10,softmax,2,13,1.0048683881759644,0.6238,0.622280043275669,1.0583114683628083,0.9989756539463996,3.8762265175580977,nan,nan
cifar10,softmax,2,14,0.9881771802902222,0.6272,0.6281185377394379,1.03870330452919,0.9987385548651219,3.869698849320412,nan,nan
cifar10,softmax,2,15,0.9674184322357178,0.6247,0.6192833857184222,1.0415822267532349,0.9987495690584183,3.8593084156513213,nan,nan
cifar10,softmax,2,16,0.9557108283042908,0.6353,0.6305405685394936,1.0303919479250907,0.998873881995678,3.84849214553833,nan,nan
cifar10,softmax,2,17,0.9353925585746765,0.649,0.6495149366453136,0.983925849199295,0.9979712136089802,3.839766797423363,nan,nan
cifar10,softmax,2,18,0.914564311504364,0.6438,0.6360257812045383,1.0157303601503371,0.9984398543834686,3.8539620667695997,nan,nan
cifar10,softmax,2,19,0.904198169708252,0.655,0.6523862142953378,0.9931270450353622,0.9982572585344315,3.833055192232132,nan,nan
cifar10,softmax,2,20,0.8846867084503174,0.6608,0.6603606790761354,0.9585703000426292,0.9985379301011562,3.8441835403442384,nan,nan
cifar10,softmax,2,21,0.8659185767173767,0.6653,0.6632679498768695,0.9539084598422051,0.9975103348493576,3.8107447594404222,nan,nan
cifar10,softmax,2,22,0.8542795777320862,0.6603,0.6538820868283558,0.9941932186484337,0.9986428871750832,3.854484537243843,nan,nan
cifar10,softmax,2,23,0.8456881642341614,0.673,0.669995099618062,0.9416756376624107,0.9978510200977325,3.8219544649124146,nan,nan
cifar10,softmax,2,24,0.8305270671844482,0.6648,0.6620751850502592,0.9579315483570099,0.9978122316300869,3.803606688976288,nan,nan
cifar10,softmax,2,25,0.8131047487258911,0.6754,0.6753773846953044,0.9440975204110146,0.9982346892356873,3.832954803109169,nan,nan
cifar10,softmax,2,26,0.8077492117881775,0.6783,0.6767337604725052,0.9240729793906212,0.9976278491318226,3.8107332080602645,nan,nan
cifar10,softmax,2,27,0.7973471879959106,0.6711,0.6690360226144074,0.9541566655039787,0.9966430805623532,3.785422295331955,nan,nan
cifar10,softmax,2,28,0.7832967638969421,0.6705,0.6667509139441019,0.9844375923275948,0.9977082669734955,3.812828651070595,nan,nan
cifar10,softmax,2,29,0.7725124359130859,0.6845,0.6807125747553695,0.925720751285553,0.9979488752782345,3.810052105784416,nan,nan
cifar10,softmax,3,0,2.0110766887664795,0.3593,0.32146458127196087,1.7403340697288514,0.9998844750225544,3.9425401628017425,nan,nan
cifar10,softmax,3,1,1.635939359664917,0.4133,0.39453129874588744,1.57214295566082,0.99996297955513,3.9372566819190977,nan,nan
cifar10,softmax,3,2,1.4933698177337646,0.447,0.43950954205854115,1.5054774165153504,0.9999417029321194,3.9355518758296966,nan,nan
cifar10,softmax,3,3,1.388403058052063,0.4947,0.48682525806992133,1.367232584953308,0.9997909300029277,3.861190712451935,nan,nan
cifar10,softmax,3,4,1.3288682699203491,0.5095,0.49884116731288425,1.326988160610199,0.9997861467301845,3.881559956073761,nan,nan
cifar10,softmax,3,5,1.278759479522705,0.5311,0.5197939442174081,1.2899894416332245,0.9996756039559841,3.8808975398540495,nan,nan
cifar10,softmax,3,6,1.2375576496124268,0.5592,0.5583361530372282,1.2073167860507965,0.9996165640652179,3.8770055413246154,nan,nan
cifar10,softmax,3,7,1.1972570419311523,0.5626,0.5596013858882838,1.206964585185051,0.9997068919241429,3.874269685149193,nan,nan
cifar10,softmax,3,8,1.1680387258529663,0.5729,0.5656347923006328,1.1859561890363692,0.9996323734521866,3.870349133014679,nan,nan
cifar10,softmax,3,9,1.1385737657546997,0.5761,0.5728586902205637,1.1809744715690613,0.9994424000382424,3.8549128592014315,nan,nan
cifar10,softmax,3,10,1.1153956651687622,0.5979,0.5939960621351329,1.1165513888001442,0.9994676120579242,3.8589107900857926,nan,nan
cifar10,softmax,3,11,1.0837762355804443,0.601,0.6034318104297257,1.104420106112957,0.9986956797540187,3.8190227866172792,nan,nan
cifar10,softmax,3,12,1.0608171224594116,0.6089,0.6079010138635911,1.0884249791502953,0.99956891015172,3.857021173834801,nan,nan
cifar10,softmax,3,13,1.0364975929260254,0.6076,0.6007525969242005,1.0682055085897446,0.9997562728822231,3.857056996226311,nan,nan
cifar10,softmax,3,14,1.0195530652999878,0.6191,0.615055673847374,1.071416199207306,0.9993984557688236,3.831113201379776,nan,nan
cifar10,softmax,3,15,1.0042635202407837,0.6103,0.6005745942425337,1.068656176328659,0.9993072882294655,3.827354207634926,nan,nan
cifar10,softmax,3,16,0.9876580834388733,0.6283,0.6267239855230086,1.0446809366345406,0.9983773835003376,3.7838503539562227,nan,nan
cifar10,softmax,3,17,0.9657536745071411,0.6172,0.6132850165993746,1.074522788822651,0.9985323287546635,3.783004066348076,nan,nan
cifar10,softmax,3,18,0.9515644311904907,0.6237,0.6271410675286638,1.0656037300825119,0.9988017410039902,3.789938414096832,nan,nan
cifar10,softmax,3,19,0.9381892681121826,0.6308,0.6286495483438337,1.0322305649518966,0.9985451698303223,3.7833149522542953,nan,nan
cifar10,softmax,3,20,0.9260571002960205,0.6479,0.6451260597675998,0.9896293133497238,0.9988656289875507,3.7928820729255674,nan,nan
cifar10,softmax,3,21,0.9056416749954224,0.637,0.6317501416730278,1.013175094127655,0.9984901763498784,3.7740522772073746,nan,nan
cifar10,softmax,3,22,0.8925919532775879,0.6444,0.6434048476843206,1.0075122922658921,0.99735858887434,3.740752047300339,nan,nan
cifar10,softmax,3,23,0.8753812909126282,0.6547,0.6551878190203471,0.9677720993757248,0.9987022876739502,3.7848073542118073,nan,nan
cifar10,softmax,3,24,0.8679814338684082,0.6461,0.6429934425841634,0.9964751303195953,0.9987823367118835,3.7802833884954454,nan,nan
cifar10,softmax,3,25,0.852459192276001,0.6594,0.657248823267199,0.9663572549819947,0.997660344094038,3.7531957179307938,nan,nan
cifar10,softmax,3,26,0.841720700263977,0.6492,0.6507017677998242,0.982384717464447,0.997996361553669,3.75884063243866,nan,nan
cifar10,softmax,3,27,0.8355657458305359,0.6589,0.6547741353998104,0.9891665369272232,0.9971587926149368,3.732957848906517,nan,nan
cifar10,softmax,3,28,0.8247253894805908,0.6608,0.6540666953129947,0.976060101389885,0.9975626714527607,3.7435992687940596,nan,nan
cifar10,softmax,3,29,0.8074332475662231,0.6726,0.6696900738212934,0.9547954767942428,0.9988226771354676,3.7824921280145647,nan,nan
cifar10,softmax,4,0,2.018707036972046,0.3461,0.3245749521258738,1.766480427980423,0.9999990507960319,3.9560644298791887,nan,nan
cifar10,softmax,4,1,1.6408497095108032,0.44,0.4255151194449919,1.546071782708168,0.999947139620781,3.9278845101594926,nan,nan
cifar10,softmax,4,2,1.4734385013580322,0.4738,0.46650840129854065,1.452992770075798,0.9999912314116954,3.9464518040418626,nan,nan
cifar10,softmax,4,3,1.3954745531082153,0.498,0.4913713843937801,1.3560558915138246,0.9999421827495099,3.914452812075615,nan,nan
cifar10,softmax,4,4,1.3238887786865234,0.5342,0.5294932355052291,1.2806494563817978,0.9996406026184559,3.902519789338112,nan,nan
cifar10,softmax,4,5,1.2725428342819214,0.5383,0.5366114342794192,1.2666556537151337,0.9993411011993885,3.8728388369083406,nan,nan
cifar10,softmax,4,6,1.2249815464019775,0.5619,0.5630996902566485,1.2049313366413117,0.9990253955125808,3.8696195095777512,nan,nan
cifar10,softmax,4,7,1.1955064535140991,0.5776,0.5739516552320214,1.1779178634285927,0.9993550911545753,3.8773647785186767,nan,nan
cifar10,softmax,4,8,1.1590832471847534,0.5923,0.5869520640989583,1.127541546523571,0.9985697910189628,3.860318186879158,nan,nan
cifar10,softmax,4,9,1.1211975812911987,0.5911,0.583489917006667,1.1418139457702636,0.9983893103897572,3.8609721779823305,nan,nan
cifar10,softmax,4,10,1.0987244844436646,0.5948,0.590559832997306,1.1287590324878694,0.9980703875422478,3.8511115223169328,nan,nan
cifar10,softmax,4,11,1.073245882987976,0.6123,0.6138341467493533,1.0820559799671172,0.9971163399517536,3.8221628218889236,nan,nan
cifar10,softmax,4,12,1.0444260835647583,0.621,0.6184195475984663,1.0453952968120575,0.9972724974155426,3.825285291671753,nan,nan
cifar10,softmax,4,13,1.016129970550537,0.6226,0.6223596364370491,1.0559503078460692,0.9970399305224419,3.823429411649704,nan,nan
cifar10,softmax,4,14,0.9956629276275635,0.625,0.6194104524175816,1.043661779165268,0.9974371276795864,3.8219824880361557,nan,nan
cifar10,softmax,4,15,0.9839885830879211,0.6378,0.6366627107226178,1.0208885058760644,0.9972191572189331,3.800496605038643,nan,nan
cifar10,softmax,4,16,0.9662240743637085,0.6353,0.6321149772961446,1.0226895928382873,0.997059740126133,3.789517578482628,nan,nan
cifar10,softmax,4,17,0.9577059745788574,0.6473,0.6447909755969181,1.0000792562961578,0.9960424967110157,3.782226946949959,nan,nan
cifar10,softmax,4,18,0.9292823076248169,0.6551,0.653487879003553,0.9832570165395736,0.9960687987506389,3.7908375740051268,nan,nan
cifar10,softmax,4,19,0.9072983860969543,0.6542,0.6537526559156234,0.9696822211146354,0.9952761821448803,3.7621541053056715,nan,nan
cifar10,softmax,4,20,0.8970057368278503,0.6552,0.6557329886241252,0.9658844321966171,0.997225708514452,3.7877000659704207,nan,nan
cifar10,softmax,4,21,0.8860021829605103,0.6554,0.6538047384795239,0.98173668384552,0.9966076046228409,3.778768780827522,nan,nan
cifar10,softmax,4,22,0.871395468711853,0.6537,0.6511253982406252,0.9981186345219613,0.9972699768841267,3.7873583763837813,nan,nan
cifar10,softmax,4,23,0.8592506051063538,0.6577,0.6579678051660747,0.9782531917095184,0.9962201498448848,3.7766893804073334,nan,nan
cifar10,softmax,4,24,0.8415923714637756,0.6641,0.6609916923571282,0.9756437823176384,0.9954975627362728,3.763734292984009,nan,nan
cifar10,softmax,4,25,0.8344214558601379,0.6712,0.6708554283867094,0.9549122348427772,0.9958308838307858,3.7623247414827348,nan,nan
cifar10,softmax,4,26,0.8279435634613037,0.6743,0.6716148313997805,0.9420552045106888,0.995693764090538,3.75778047144413,nan,nan
cifar10,softmax,4,27,0.8136797547340393,0.6579,0.6570115999053023,0.9863543510437012,0.9964941412210464,3.763639250397682,nan,nan
cifar10,softmax,4,28,0.8022639155387878,0.6745,0.6707073780265715,0.9367103710770607,0.9951381266117096,3.7382829546928407,nan,nan
cifar10,softmax,4,29,0.7896843552589417,0.6746,0.6708435112814567,0.953209501504898,0.9942133486270904,3.7260092318058016,nan,nan
cifar10,softmax,5,0,1.9837390184402466,0.3435,0.32834205496345387,1.7806947350502014,0.9999985285103321,4.027780294418335,nan,nan
cifar10,softmax,5,1,1.634249210357666,0.4408,0.43803565342964984,1.5364991486072541,0.9999980434775353,3.8586295366287233,nan,nan
cifar10,softmax,5,2,1.4880496263504028,0.4808,0.47579692563569287,1.4255198061466217,0.9999892555177212,3.851535913348198,nan,nan
cifar10,softmax,5,3,1.395928144454956,0.4968,0.4856869206585677,1.3806418240070344,0.9999518431723118,3.856255891919136,nan,nan
cifar10,softmax,5,4,1.340085744857788,0.5189,0.5119931224810659,1.3130837976932526,0.9998665302991867,3.8597201287746428,nan,nan
cifar10,softmax,5,5,1.283830165863037,0.551,0.5490092817047907,1.2530398815870285,0.9997247606515884,3.8573343724012377,nan,nan
cifar10,softmax,5,6,1.2356290817260742,0.5611,0.5609071975643958,1.2207760483026504,0.9994007371366024,3.8476252228021623,nan,nan
cifar10,softmax,5,7,1.1936506032943726,0.5621,0.5654596235851442,1.2214489340782166,0.9991958476603031,3.8346261411905287,nan,nan
cifar10,softmax,5,8,1.162906289100647,0.5798,0.575031533544176,1.1776281118392944,0.9989516489207745,3.8266926169395448,nan,nan
cifar10,softmax,5,9,1.1264209747314453,0.5876,0.5858327105449065,1.1484366565942765,0.9988610498607159,3.8191510111093523,nan,nan
cifar10,softmax,5,10,1.1040877103805542,0.5918,0.5886031589885212,1.1447050094604492,0.998284786194563,3.7892795979976652,nan,nan
cifar10,softmax,5,11,1.0819224119186401,0.6024,0.5991318208087106,1.1137181684374808,0.9983539827167988,3.795414161682129,nan,nan
cifar10,softmax,5,12,1.055463433265686,0.6058,0.6036449887596556,1.0896951884031296,0.9978576093912125,3.780762165784836,nan,nan
cifar10,softmax,5,13,1.029348373413086,0.6172,0.6120549418468133,1.0846945703029633,0.997948656976223,3.7806037336587908,nan,nan
cifar10,softmax,5,14,1.008649230003357,0.6218,0.6214870315828073,1.0638497099280357,0.9971747368574142,3.7482051491737365,nan,nan
cifar10,softmax,5,15,0.9912856817245483,0.6109,0.604475287646105,1.1012764364480971,0.9975571237504482,3.7705789864063264,nan,nan
cifar10,softmax,5,16,0.9719429016113281,0.6334,0.6324091564136542,1.0275598987936974,0.9982148170471191,3.7846232533454893,nan,nan
cifar10,softmax,5,17,0.9525378942489624,0.6354,0.6340557753164522,1.0229849338531494,0.9970005251467228,3.7514731168746946,nan,nan
cifar10,softmax,5,18,0.9402589201927185,0.6372,0.6352904626602894,1.0374196633696555,0.9968079872429371,3.750058415532112,nan,nan
cifar10,softmax,5,19,0.921500027179718,0.6434,0.6435905588497149,1.0081056728959084,0.9973959624767303,3.7698673456907272,nan,nan
cifar10,softmax,5,20,0.9025038480758667,0.6439,0.6406567878791636,1.0125969290733337,0.9968647219240665,3.745474490523338,nan,nan
cifar10,softmax,5,21,0.8915930390357971,0.642,0.6379228753545323,1.0304651647806167,0.9955165654420852,3.7130104184150694,nan,nan
cifar10,softmax,5,22,0.8842541575431824,0.6455,0.643727215844485,1.014585192501545,0.9960431307554245,3.7288278192281723,nan,nan
cifar10,softmax,5,23,0.8616011142730713,0.6406,0.6344641257854403,1.0357691138982772,0.9963362149894237,3.7320095986127853,nan,nan
cifar10,softmax,5,24,0.8563961386680603,0.6526,0.6483821277184496,0.9900302335619926,0.9969249002635479,3.7602599263191223,nan,nan
cifar10,softmax,5,25,0.8372750282287598,0.6503,0.6447689269487944,1.0096772521734239,0.9951015196740627,3.7045659005641935,nan,nan
cifar10,softmax,5,26,0.8235945105552673,0.6465,0.6468284219293482,1.012920393049717,0.9962803855538368,3.738690710067749,nan,nan
cifar10,softmax,5,27,0.8174908757209778,0.6559,0.6532494226527569,0.9983317166566849,0.9956767216324807,3.712437278032303,nan,nan
cifar10,softmax,5,28,0.8100723028182983,0.6534,0.6504895680445102,1.0117878139019012,0.9958516016602517,3.7210251152515412,nan,nan
cifar10,softmax,5,29,0.7937502861022949,0.6556,0.6571906324060499,1.0091417521238326,0.9957271918654442,3.7216861456632615,nan,nan
cifar10,softmax,6,0,1.9965027570724487,0.3539,0.3351988029936512,1.7806732326745986,0.9989925019443036,3.8424448549747465,nan,nan
cifar10,softmax,6,1,1.6486799716949463,0.4284,0.4231394159328774,1.5561202049255372,0.9997683934867382,3.865648812055588,nan,nan
cifar10,softmax,6,2,1.4916380643844604,0.4748,0.4642024522971626,1.4361248284578323,0.9993651866912842,3.8400073289871215,nan,nan
cifar10,softmax,6,3,1.4008970260620117,0.5153,0.5014391909597045,1.3406551331281662,0.9993621543049812,3.850729712843895,nan,nan
cifar10,softmax,6,4,1.3356784582138062,0.5292,0.5194517509861062,1.307787537574768,0.9994649685919285,3.8622719675302504,nan,nan
cifar10,softmax,6,5,1.2869693040847778,0.5538,0.5490568572389171,1.2516622602939607,0.999172554910183,3.836373934149742,nan,nan
cifar10,softmax,6,6,1.239919900894165,0.5576,0.5517018113537003,1.2246357411146165,0.9991981074213981,3.8231135219335557,nan,nan
cifar10,softmax,6,7,1.1992130279541016,0.5769,0.5757047408361304,1.197316327691078,0.9987852849066258,3.8282055377960207,nan,nan
cifar10,softmax,6,8,1.1667855978012085,0.5835,0.5803144768918383,1.1593338161706925,0.9993501469492913,3.8391492664813995,nan,nan
cifar10,softmax,6,9,1.131078839302063,0.593,0.5875308821533116,1.1366114795207978,0.999180144071579,3.829419845342636,nan,nan
cifar10,softmax,6,10,1.0970841646194458,0.5997,0.5909253286219919,1.1249121978878975,0.9991087958216667,3.800094500184059,nan,nan
cifar10,softmax,6,11,1.0691801309585571,0.6123,0.606736731543994,1.1065496802330017,0.9991700187325477,3.82736357152462,nan,nan
cifar10,softmax,6,12,1.0445950031280518,0.6226,0.6233259697718163,1.0747692838311196,0.9992525964975357,3.8250115692615507,nan,nan
cifar10,softmax,6,13,1.02406907081604,0.6255,0.6221127216592149,1.0638941034674645,0.9986224703490734,3.7840721189975737,nan,nan
cifar10,softmax,6,14,0.9992606043815613,0.6358,0.6328276059019073,1.0460328578948974,0.9989382334053516,3.809415724873543,nan,nan
cifar10,softmax,6,15,0.9814841151237488,0.6268,0.6252879939849378,1.056577594578266,0.9981924369931221,3.7799069374799728,nan,nan
cifar10,softmax,6,16,0.9583874344825745,0.6295,0.6225812213709387,1.0502947196364403,0.9989957734942436,3.829209479689598,nan,nan
cifar10,softmax,6,17,0.9462922811508179,0.646,0.6451423170948093,1.0211806893348694,0.9982300862669945,3.7698067307472227,nan,nan
cifar10,softmax,6,18,0.9293616414070129,0.6482,0.6465183394262237,1.0068481594324112,0.9983419805765152,3.768887919187546,nan,nan
cifar10,softmax,6,19,0.9057862162590027,0.6507,0.6487898169956613,1.015377002954483,0.997208659350872,3.7491376996040344,nan,nan
cifar10,softmax,6,20,0.8918148875236511,0.6487,0.6443408318867017,1.0071951776742936,0.9973602294921875,3.729536736011505,nan,nan
cifar10,softmax,6,21,0.8782590627670288,0.6561,0.6554787737013099,0.9807818233966827,0.9984621986746788,3.775959685444832,nan,nan
cifar10,softmax,6,22,0.8607906699180603,0.6681,0.6668830377972139,0.9645882979035377,0.9976380653679371,3.7608831197023393,nan,nan
cifar10,softmax,6,23,0.850432276725769,0.663,0.6602166955899607,0.9731936499476432,0.9975386030972004,3.7515488773584367,nan,nan
cifar10,softmax,6,24,0.8361837863922119,0.6617,0.6581359761844071,0.9655066564679146,0.9970639690756797,3.744407618045807,nan,nan
cifar10,softmax,6,25,0.820904016494751,0.6688,0.6668707422531546,0.9558899104595184,0.9970015056431294,3.7506382793188093,nan,nan
cifar10,softmax,6,26,0.8152102828025818,0.674,0.6705885465192388,0.9487186834216118,0.9971592530608178,3.7473545223474503,nan,nan
cifar10,softmax,6,27,0.8006771206855774,0.6772,0.6797045182659657,0.9418078660964966,0.9972195871174335,3.7417867362499235,nan,nan
cifar10,softmax,6,28,0.790700376033783,0.6704,0.6700682608388562,0.9638058498501778,0.9971710599958896,3.75486099421978,nan,nan
cifar10,softmax,6,29,0.780918538570404,0.6796,0.6788368769345088,0.9339923158288002,0.9969932585954666,3.7298345774412156,nan,nan
cifar10,softmax,7,0,1.941386103630066,0.3766,0.3618909344553262,1.6632270127534867,0.9999977372586727,4.069453424215316,nan,nan
cifar10,softmax,7,1,1.596701741218567,0.4443,0.4316642821125665,1.5148018270730972,0.9999999828636646,4.050700426101685,nan,nan
cifar10,softmax,7,2,1.4893313646316528,0.4686,0.46606839484442153,1.452624750137329,1.0,4.032909896969795,nan,nan
cifar10,softmax,7,3,1.4064265489578247,0.4834,0.4712427100835028,1.4080450743436814,0.9999993242323398,4.001472419500351,nan,nan
cifar10,softmax,7,4,1.354851484298706,0.5053,0.5071866684759371,1.3415176331996919,0.9999960966408252,3.9894982516765594,nan,nan
cifar10,softmax,7,5,1.2974063158035278,0.5401,0.5389503714802714,1.2504583418369293,0.99999318420887,3.988829842209816,nan,nan
cifar10,softmax,7,6,1.2616580724716187,0.5499,0.546524476304104,1.237003442645073,0.9999866299331188,3.9811135113239287,nan,nan
cifar10,softmax,7,7,1.2204841375350952,0.5511,0.5523565238108863,1.2226816952228545,0.9999829322099686,3.969661867618561,nan,nan
cifar10,softmax,7,8,1.1806284189224243,0.5776,0.5683435267139747,1.1716208189725876,0.9999548584222794,3.9512161701917647,nan,nan
cifar10,softmax,7,9,1.1516636610031128,0.5693,0.5631076089685632,1.183667254447937,0.9999250195920467,3.937793943285942,nan,nan
cifar10,softmax,7,10,1.1173971891403198,0.5905,0.590629578433284,1.1296570718288421,0.999804712831974,3.915791168808937,nan,nan
cifar10,softmax,7,11,1.0953184366226196,0.5902,0.5888153859743459,1.1256278678774834,0.9999270215630531,3.9290754228830336,nan,nan
cifar10,softmax,7,12,1.0735447406768799,0.5981,0.5944278282096708,1.1241906329989433,0.9998505346477031,3.9008478790521623,nan,nan
cifar10,softmax,7,13,1.0497899055480957,0.6137,0.6055984759276459,1.073967595398426,0.9998362809419632,3.8971593379974365,nan,nan
cifar10,softmax,7,14,1.028148889541626,0.6173,0.6148678451204364,1.0859767466783523,0.9997148893773555,3.8789463579654693,nan,nan
cifar10,softmax,7,15,1.007608413696289,0.6279,0.6259278943595856,1.038879331946373,0.9998422518372536,3.8895239770412444,nan,nan
cifar10,softmax,7,16,0.9821481108665466,0.6296,0.627227155465769,1.0329341128468514,0.9998408608138561,3.883181893825531,nan,nan
cifar10,softmax,7,17,0.9691442251205444,0.639,0.6366092959661768,1.0165760189294815,0.9997385747730732,3.8678024768829347,nan,nan
cifar10,softmax,7,18,0.9492456912994385,0.6376,0.6355288562576188,1.0401076599955559,0.9995974220335484,3.842736449837685,nan,nan
cifar10,softmax,7,19,0.931324303150177,0.639,0.6317233132155857,1.0051438197493554,0.9998122893273831,3.8716631650924684,nan,nan
cifar10,softmax,7,20,0.9239179491996765,0.6429,0.6404213774096242,1.0010962963104248,0.9992457382380963,3.815543460845947,nan,nan
cifar10,softmax,7,21,0.9004800319671631,0.6511,0.6455592752090136,0.991161921620369,0.999725803732872,3.8578062444925307,nan,nan
cifar10,softmax,7,22,0.8932414650917053,0.654,0.6526691685003688,0.9672648116946221,0.9993496105074883,3.812356045842171,nan,nan
cifar10,softmax,7,23,0.877974808216095,0.6467,0.644108065787098,0.9861246183514595,0.9991085104644298,3.7958851784467695,nan,nan
cifar10,softmax,7,24,0.8607850670814514,0.6453,0.6430898733434809,1.0216305777430534,0.999195110797882,3.8066436469554903,nan,nan
cifar10,softmax,7,25,0.8513781428337097,0.658,0.6541751862260596,0.9640536472201348,0.9995604157447815,3.811991575360298,nan,nan
cifar10,softmax,7,26,0.8361928462982178,0.6579,0.6575336253584407,0.955925951898098,0.9994039908051491,3.803348904848099,nan,nan
cifar10,softmax,7,27,0.8276903033256531,0.6591,0.6620970615643257,0.9661856725811958,0.9992852628231048,3.792358413338661,nan,nan
cifar10,softmax,7,28,0.8208807110786438,0.6564,0.6530258032913524,0.9591202571988106,0.9987157106399536,3.7710023134946824,nan,nan
cifar10,softmax,7,29,0.8017990589141846,0.6651,0.6629190511671926,0.9634359821677208,0.9985565483570099,3.7501047790050506,nan,nan
cifar10,softmax,8,0,1.9760997295379639,0.3424,0.31220478878873836,1.7741942018270493,0.9999984681606293,3.9739293992519378,nan,nan
cifar10,softmax,8,1,1.6229946613311768,0.4488,0.4320824215101166,1.5142473936080934,0.9999985702335834,3.901709517836571,nan,nan
cifar10,softmax,8,2,1.4580227136611938,0.4902,0.4801225686710068,1.4090506732463837,0.9999981194734573,3.9049600809812546,nan,nan
cifar10,softmax,8,3,1.3696964979171753,0.5144,0.509767568460396,1.33098406791687,0.9999945588409901,3.8628688365221024,nan,nan
cifar10,softmax,8,4,1.3172181844711304,0.5378,0.541273266074952,1.2874718725681304,0.9999934777617454,3.85912546813488,nan,nan
cifar10,softmax,8,5,1.2634916305541992,0.5368,0.5345369503872163,1.2905565202236176,0.9999888829886914,3.8566772043704987,nan,nan
cifar10,softmax,8,6,1.2316290140151978,0.5571,0.5565413260874078,1.2322073787450791,0.9999854065477848,3.839176094532013,nan,nan
cifar10,softmax,8,7,1.1941118240356445,0.5751,0.574101458889676,1.1853792756795882,0.9999493002891541,3.8381596952676773,nan,nan
cifar10,softmax,8,8,1.166529893875122,0.5681,0.567115682095902,1.208624866604805,0.9999001279473305,3.823723015189171,nan,nan
cifar10,softmax,8,9,1.1414109468460083,0.5697,0.5635826499215207,1.2069811999797821,0.999960108846426,3.8409015238285065,nan,nan
cifar10,softmax,8,10,1.1083842515945435,0.5942,0.5928596549056204,1.1341792300343514,0.9998341888189316,3.8298736214637756,nan,nan
cifar10,softmax,8,11,1.0917173624038696,0.5997,0.5995080851203318,1.1079645976424217,0.999909171462059,3.8148995101451875,nan,nan
cifar10,softmax,8,12,1.0668712854385376,0.6098,0.6096553941925633,1.084738053381443,0.9998272508382797,3.8281055212020876,nan,nan
cifar10,softmax,8,13,1.0495083332061768,0.6031,0.6009414628358213,1.1257132411003112,0.9997367225587368,3.814614886045456,nan,nan
cifar10,softmax,8,14,1.0276782512664795,0.615,0.6147024041519662,1.0883042484521865,0.9998917929828167,3.840868446230888,nan,nan
cifar10,softmax,8,15,1.0128101110458374,0.6194,0.6189865698836392,1.074460330605507,0.9995238862931728,3.7889329969882963,nan,nan
cifar10,softmax,8,16,0.9895424842834473,0.622,0.6196977033861948,1.0631667032837868,0.9995897576212883,3.783195298910141,nan,nan
cifar10,softmax,8,17,0.977632462978363,0.6249,0.6232825011668426,1.066263946890831,0.999551496654749,3.7998977303504944,nan,nan
cifar10,softmax,8,18,0.959101676940918,0.6383,0.6406760457456631,1.0251443728804588,0.9995890900492668,3.8069832146167757,nan,nan
cifar10,softmax,8,19,0.9400978088378906,0.6359,0.6353495276404592,1.0465601429343223,0.9993943892419338,3.7844563096761705,nan,nan
cifar10,softmax,8,20,0.9263700246810913,0.6446,0.6465409760748007,1.014078888297081,0.9995565816760064,3.791815850138664,nan,nan
cifar10,softmax,8,21,0.9170523881912231,0.6404,0.639735434928227,1.0140894070267676,0.9994809329509735,3.7824808686971663,nan,nan
cifar10,softmax,8,22,0.8984782099723816,0.6476,0.647132696907917,1.0074252620339395,0.998950607329607,3.7631707340478897,nan,nan
cifar10,softmax,8,23,0.8825579881668091,0.657,0.6575301046366355,0.979661437869072,0.998785999417305,3.757036378979683,nan,nan
cifar10,softmax,8,24,0.870108962059021,0.6511,0.6512843591741384,0.9837717577815056,0.99919553399086,3.762006515264511,nan,nan
cifar10,softmax,8,25,0.85500568151474,0.6517,0.6519008055964423,0.9882376939058304,0.9995888099074364,3.8133942425251006,nan,nan
cifar10,softmax,8,26,0.8450127243995667,0.6555,0.6549600174123169,0.9823671400547027,0.9984169498085975,3.730181190371513,nan,nan
cifar10,softmax,8,27,0.8353795409202576,0.6576,0.6571788789131399,0.9803151175379753,0.9991775810718536,3.7732444912195207,nan,nan
cifar10,softmax,8,28,0.8227347731590271,0.6664,0.6671397686308834,0.9553567349910737,0.9992058865725995,3.758726340532303,nan,nan
cifar10,softmax,8,29,0.8145621418952942,0.6637,0.665449607625128,0.9672874689102173,0.9991280183196067,3.767331999540329,nan,nan
cifar10,softmax,9,0,1.9766420125961304,0.3498,0.31323453976350535,1.7262701958417892,0.9999992929399013,4.038508108258247,nan,nan
cifar10,softmax,9,1,1.6278325319290161,0.4417,0.4359124200722511,1.5208204567432404,1.0,3.9443059086799623,nan,nan
cifar10,softmax,9,2,1.4858120679855347,0.4726,0.4673687514183961,1.439231240749359,0.9999983496963978,3.9201327532529833,nan,nan
cifar10,softmax,9,3,1.395042896270752,0.5005,0.49570029975653795,1.388254165649414,0.999993135035038,3.9145499229431153,nan,nan
cifar10,softmax,9,4,1.3340815305709839,0.5195,0.5185294187118363,1.3247225672006606,0.9999821595847607,3.8757701873779298,nan,nan
cifar10,softmax,9,5,1.2923134565353394,0.5229,0.5184994650596167,1.2927614450454712,0.9999600820243358,3.85242038667202,nan,nan
cifar10,softmax,9,6,1.2378711700439453,0.5392,0.5398242048138588,1.2668540626764297,0.9999103419482708,3.863142654299736,nan,nan
cifar10,softmax,9,7,1.1968297958374023,0.5592,0.5517171088160212,1.1921844691038133,0.9998024880886078,3.8459698259830475,nan,nan
cifar10,softmax,9,8,1.1627734899520874,0.5842,0.5816374589566088,1.1673696994781495,0.9998354323208332,3.835091507434845,nan,nan
cifar10,softmax,9,9,1.133211374282837,0.5876,0.5849979231253596,1.1407638415694237,0.9996078014373779,3.811752888560295,nan,nan
cifar10,softmax,9,10,1.099168300628662,0.5926,0.5850981383011645,1.1524870961904525,0.9995030708611011,3.814394849538803,nan,nan
cifar10,softmax,9,11,1.0740708112716675,0.6104,0.6069722747370396,1.105659979581833,0.9996779948472977,3.8268819779157637,nan,nan
cifar10,softmax,9,12,1.0471669435501099,0.6104,0.6055112017527798,1.0820612445473672,0.9989527985453606,3.7790172696113586,nan,nan
cifar10,softmax,9,13,1.022099256515503,0.6032,0.5953594993732763,1.0996588960289955,0.9991751573979855,3.8000088572502135,nan,nan
cifar10,softmax,9,14,0.9982162117958069,0.6261,0.627050304901503,1.0511471971869468,0.9983162671327591,3.7546248495578767,nan,nan
cifar10,softmax,9,15,0.9863783121109009,0.6312,0.63052317296401,1.0440577566623688,0.9981414265930653,3.7608246713876725,nan,nan
cifar10,softmax,9,16,0.9673324227333069,0.6393,0.6389921308751512,1.0181089967489243,0.998450418561697,3.7739979922771454,nan,nan
cifar10,softmax,9,17,0.9455174803733826,0.6395,0.6374978157710082,1.0155640572309494,0.9972681306302548,3.7351082116365433,nan,nan
cifar10,softmax,9,18,0.9297016859054565,0.6449,0.6417018208742045,0.9979056730866432,0.9980291567742825,3.746579334139824,nan,nan
cifar10,softmax,9,19,0.9120503664016724,0.6451,0.6425525504456486,0.9979990854859352,0.9962482929229737,3.711087679862976,nan,nan
cifar10,softmax,9,20,0.8983180522918701,0.6558,0.6546723154589237,0.9714928224682808,0.9973854415118695,3.7469985485076904,nan,nan
cifar10,softmax,9,21,0.8802705407142639,0.6511,0.6476797092338924,0.9891867935657501,0.9957017667591572,3.706667050719261,nan,nan
cifar10,softmax,9,22,0.8689123392105103,0.6588,0.6615266883957618,0.9576143905520439,0.9961613915860653,3.7109113842248918,nan,nan
cifar10,softmax,9,23,0.8526626825332642,0.6593,0.6583560862510509,0.9640144005417823,0.9957058124244214,3.7052238166332243,nan,nan
cifar10,softmax,9,24,0.8431174159049988,0.6656,0.6629169945618952,0.9517726674675941,0.9967285774648189,3.7218340665102003,nan,nan
cifar10,softmax,9,25,0.8316916823387146,0.6644,0.6650611619522578,0.9572041928768158,0.994741678237915,3.679048901796341,nan,nan
cifar10,softmax,9,26,0.8240483999252319,0.6658,0.6662005436362788,0.9450260668992996,0.9959284611046314,3.70951429605484,nan,nan
cifar10,softmax,9,27,0.8048112988471985,0.6697,0.6646442731421982,0.9489800587296486,0.9955243580043316,3.698419412970543,nan,nan
cifar10,softmax,9,28,0.7965917587280273,0.6776,0.6805328292745374,0.9154993370175362,0.9958404444158078,3.71214003264904,nan,nan
cifar10,softmax,9,29,0.7882295250892639,0.6632,0.6648163104307464,0.9586337208747864,0.9944965489208698,3.6732990384101867,nan,nan
cifar10,topk_softmax_0125,0,0,1.8506368398666382,0.4144,0.4134951261229376,1.6225073039531708,0.13846154510974884,2.1923379570245745,nan,nan
cifar10,topk_softmax_0125,0,1,1.5123275518417358,0.465,0.4627007072144506,1.4578669041395187,0.13846154510974884,2.187347087264061,nan,nan
cifar10,topk_softmax_0125,0,2,1.388403058052063,0.5131,0.5063140603381218,1.3539259642362595,0.13846154510974884,2.1874973982572556,nan,nan
cifar10,topk_softmax_0125,0,3,1.3191273212432861,0.5422,0.5383870737147911,1.2737390756607057,0.13846154510974884,2.1873317658901215,nan,nan
cifar10,topk_softmax_0125,0,4,1.265546202659607,0.5452,0.5348222905688342,1.2495311409235001,0.13846154510974884,2.1864066630601884,nan,nan
cifar10,topk_softmax_0125,0,5,1.2292035818099976,0.5724,0.5685357218431243,1.1972281962633133,0.13846154510974884,2.184307408332825,nan,nan
cifar10,topk_softmax_0125,0,6,1.18320631980896,0.5748,0.5684704345553517,1.1946375161409377,0.13846154510974884,2.1825989872217177,nan,nan
cifar10,topk_softmax_0125,0,7,1.1527049541473389,0.5918,0.5919735920009532,1.1461702093482018,0.13846154510974884,2.179943686723709,nan,nan
cifar10,topk_softmax_0125,0,8,1.1238665580749512,0.5888,0.5870636262466433,1.1512887179851532,0.13846154510974884,2.181872883439064,nan,nan
cifar10,topk_softmax_0125,0,9,1.0995301008224487,0.5793,0.5708176139499104,1.1987354397773742,0.13846154510974884,2.1781431645154954,nan,nan
cifar10,topk_softmax_0125,0,10,1.0738463401794434,0.5991,0.6002016468610232,1.1225790679454803,0.13846154510974884,2.1789378196001055,nan,nan
cifar10,topk_softmax_0125,0,11,1.051074504852295,0.6064,0.6048042085737,1.1158308625221252,0.13846154510974884,2.1799331575632097,nan,nan
cifar10,topk_softmax_0125,0,12,1.0290980339050293,0.6097,0.6032448641830188,1.139304918050766,0.13846154510974884,2.17771862745285,nan,nan
cifar10,topk_softmax_0125,0,13,1.0082886219024658,0.6188,0.617292057285453,1.0800706699490548,0.13846154510974884,2.1744386196136474,nan,nan
cifar10,topk_softmax_0125,0,14,0.9901590943336487,0.6189,0.6211767087457439,1.0781931281089783,0.13846154510974884,2.175554183125496,nan,nan
cifar10,topk_softmax_0125,0,15,0.9699715971946716,0.626,0.6232882971277098,1.0732409611344338,0.13846154510974884,2.1744803905487062,nan,nan
cifar10,topk_softmax_0125,0,16,0.9476317763328552,0.6334,0.6346133044511952,1.0423898935317992,0.13846154510974884,2.1711692243814467,nan,nan
cifar10,topk_softmax_0125,0,17,0.9358059167861938,0.6361,0.6316646801934708,1.0644819110631942,0.13846154510974884,2.1675838857889174,nan,nan
cifar10,topk_softmax_0125,0,18,0.9224709868431091,0.6298,0.6237846231105985,1.0740492701530457,0.13846154510974884,2.1686298191547393,nan,nan
cifar10,topk_softmax_0125,0,19,0.907809317111969,0.6338,0.6306264572902636,1.054961410164833,0.13846154510974884,2.170687499642372,nan,nan
cifar10,topk_softmax_0125,0,20,0.8858888745307922,0.6402,0.641698980815491,1.0350555256009102,0.13846154510974884,2.16515192091465,nan,nan
cifar10,topk_softmax_0125,0,21,0.8733810186386108,0.6445,0.6429114662420615,1.0392755016684532,0.13846154510974884,2.1592563092708588,nan,nan
cifar10,topk_softmax_0125,0,22,0.8641498684883118,0.6355,0.6317330541239983,1.0526614055037498,0.13846154510974884,2.160791942477226,nan,nan
cifar10,topk_softmax_0125,0,23,0.8506740927696228,0.6352,0.6337225407153474,1.0623762518167497,0.13846154510974884,2.1570970207452773,nan,nan
cifar10,topk_softmax_0125,0,24,0.8370898962020874,0.6371,0.6323397130219417,1.0732243791222573,0.13846154510974884,2.161504864692688,nan,nan
cifar10,topk_softmax_0125,0,25,0.8264790773391724,0.6454,0.6461833250981781,1.0245453223586083,0.13846154510974884,2.1575881958007814,nan,nan
cifar10,topk_softmax_0125,0,26,0.8191066980361938,0.6529,0.6556685503745519,1.026915581524372,0.13846154510974884,2.1564069032669066,nan,nan
cifar10,topk_softmax_0125,0,27,0.8037185072898865,0.6457,0.6430994548297346,1.0465128883719443,0.13846154510974884,2.1524721443653108,nan,nan
cifar10,topk_softmax_0125,0,28,0.7949830889701843,0.649,0.6462160951916117,1.0366159245371818,0.13846154510974884,2.1510021686553955,nan,nan
cifar10,topk_softmax_0125,0,29,0.77780681848526,0.6534,0.6551668717551109,1.046029758453369,0.13846154510974884,2.15082046687603,nan,nan
cifar10,topk_softmax_0125,1,0,1.8503879308700562,0.4115,0.4011893224797568,1.6229295670986175,0.13846154510974884,2.190757316350937,nan,nan
cifar10,topk_softmax_0125,1,1,1.5300322771072388,0.4752,0.46477319690505003,1.4399323999881743,0.13846154510974884,2.1876950204372405,nan,nan
cifar10,topk_softmax_0125,1,2,1.3989026546478271,0.4907,0.4906747387823144,1.4005287766456604,0.13846154510974884,2.1877869725227357,nan,nan
cifar10,topk_softmax_0125,1,3,1.3192729949951172,0.5288,0.5257605955896069,1.3088660299777986,0.13846154510974884,2.186225137114525,nan,nan
cifar10,topk_softmax_0125,1,4,1.271845817565918,0.5264,0.516226235046548,1.3331573903560638,0.13846154510974884,2.1820995599031447,nan,nan
cifar10,topk_softmax_0125,1,5,1.2256306409835815,0.5535,0.5511152396242378,1.268553254008293,0.13846154510974884,2.1805592656135557,nan,nan
cifar10,topk_softmax_0125,1,6,1.189538598060608,0.5689,0.5685673068446524,1.2256495356559753,0.13846154510974884,2.1761922985315323,nan,nan
cifar10,topk_softmax_0125,1,7,1.1523194313049316,0.5667,0.5605347566506922,1.212195160984993,0.13846154510974884,2.1738053530454637,nan,nan
cifar10,topk_softmax_0125,1,8,1.1283326148986816,0.5875,0.5802883624262049,1.1644984245300294,0.13846154510974884,2.1716428250074387,nan,nan
cifar10,topk_softmax_0125,1,9,1.099045991897583,0.5889,0.5892523729287125,1.1762543797492981,0.13846154510974884,2.1688336789608003,nan,nan
cifar10,topk_softmax_0125,1,10,1.0796043872833252,0.5933,0.58838235483657,1.139414730668068,0.13846154510974884,2.1666329115629197,nan,nan
cifar10,topk_softmax_0125,1,11,1.060886263847351,0.605,0.5989168742292924,1.1364871263504028,0.13846154510974884,2.165356996655464,nan,nan
cifar10,topk_softmax_0125,1,12,1.038340449333191,0.6066,0.6008233832982206,1.1204280704259872,0.13846154510974884,2.163671910762787,nan,nan
cifar10,topk_softmax_0125,1,13,1.0185513496398926,0.6056,0.603136203646852,1.1187883839011192,0.13846154510974884,2.164791876077652,nan,nan
cifar10,topk_softmax_0125,1,14,0.997165858745575,0.6067,0.6096482505681725,1.1174212783575057,0.13846154510974884,2.1589005142450333,nan,nan
cifar10,topk_softmax_0125,1,15,0.9862619638442993,0.6159,0.6141466125930621,1.1028357148170471,0.13846154510974884,2.1601017326116563,nan,nan
cifar10,topk_softmax_0125,1,16,0.9696164727210999,0.6179,0.6183116799364203,1.0984886601567267,0.13846154510974884,2.1568818926811217,nan,nan
cifar10,topk_softmax_0125,1,17,0.9506259560585022,0.6235,0.6210944159485446,1.0878561332821846,0.1384615393355489,2.155095401406288,nan,nan
cifar10,topk_softmax_0125,1,18,0.930789053440094,0.6039,0.6018359873677277,1.1367353901267052,0.1384615421295166,2.1551261872053145,nan,nan
cifar10,topk_softmax_0125,1,19,0.9222214818000793,0.6221,0.6231498867570724,1.0823515698313713,0.1384615393355489,2.1495691299438477,nan,nan
cifar10,topk_softmax_0125,1,20,0.9031997919082642,0.6306,0.6271079017625092,1.0835802525281906,0.1384615421295166,2.1502075254917146,nan,nan
cifar10,topk_softmax_0125,1,21,0.8936282992362976,0.6262,0.6227406623829118,1.0824640557169913,0.1384615393355489,2.1489800989627836,nan,nan
cifar10,topk_softmax_0125,1,22,0.8786463737487793,0.6269,0.6226613001031382,1.0812531992793084,0.1384615393355489,2.146528509259224,nan,nan
cifar10,topk_softmax_0125,1,23,0.857941746711731,0.6319,0.631792979523243,1.093932320177555,0.1384615393355489,2.1483732163906097,nan,nan
cifar10,topk_softmax_0125,1,24,0.8549631834030151,0.6174,0.6116079595818013,1.1200939849019051,0.1384615393355489,2.14588420689106,nan,nan
cifar10,topk_softmax_0125,1,25,0.8516307473182678,0.6352,0.6316448802096112,1.0666242241859436,0.1384615393355489,2.1424260199069978,nan,nan
cifar10,topk_softmax_0125,1,26,0.8335578441619873,0.6221,0.6205430770630198,1.105410212278366,0.1384615421295166,2.137685737013817,nan,nan
cifar10,topk_softmax_0125,1,27,0.8191230893135071,0.6383,0.6352095006112795,1.0709880337119102,0.1384615393355489,2.144567546248436,nan,nan
cifar10,topk_softmax_0125,1,28,0.8067499995231628,0.6365,0.6352808086211256,1.0847056671977042,0.1384615421295166,2.1379839897155763,nan,nan
cifar10,topk_softmax_0125,1,29,0.7908852696418762,0.64,0.639186162478396,1.0872862845659257,0.1384615393355489,2.1412288367748262,nan,nan
cifar10,topk_softmax_0125,2,0,1.892074704170227,0.3982,0.38618901494902635,1.6447645843029022,0.13846154510974884,2.1900520652532576,nan,nan
cifar10,topk_softmax_0125,2,1,1.5598931312561035,0.4626,0.45656699499336106,1.4786183953285217,0.13846154510974884,2.188100290298462,nan,nan
cifar10,topk_softmax_0125,2,2,1.4210809469223022,0.4909,0.4796639788697936,1.397479498386383,0.13846154510974884,2.184681662917137,nan,nan
cifar10,topk_softmax_0125,2,3,1.3463964462280273,0.5251,0.524264602048508,1.3058295279741288,0.13846154510974884,2.185812446475029,nan,nan
cifar10,topk_softmax_0125,2,4,1.2830796241760254,0.5409,0.5426163555971798,1.2755576133728028,0.13846154510974884,2.183056601881981,nan,nan
cifar10,topk_softmax_0125,2,5,1.2303180694580078,0.5435,0.5380161414218916,1.265861415863037,0.13846154510974884,2.1817818135023117,nan,nan
cifar10,topk_softmax_0125,2,6,1.1990994215011597,0.5541,0.5507108594672869,1.2307379961013794,0.13846154510974884,2.1792194545269012,nan,nan
cifar10,topk_softmax_0125,2,7,1.167871356010437,0.5691,0.567066180167251,1.1803424865007401,0.13846154510974884,2.1766879886388777,nan,nan
cifar10,topk_softmax_0125,2,8,1.1363242864608765,0.5752,0.578050150738489,1.1716156989336013,0.13846154510974884,2.1750599414110185,nan,nan
cifar10,topk_softmax_0125,2,9,1.1106128692626953,0.5826,0.581160918548173,1.1518330693244934,0.13846154510974884,2.1721353411674498,nan,nan
cifar10,topk_softmax_0125,2,10,1.092089295387268,0.5945,0.5961343808643115,1.1355406239628791,0.13846154510974884,2.168966215848923,nan,nan
cifar10,topk_softmax_0125,2,11,1.0696628093719482,0.5915,0.5903777215730074,1.13801216930151,0.13846154510974884,2.1665333062410355,nan,nan
cifar10,topk_softmax_0125,2,12,1.0510327816009521,0.5998,0.592160152478274,1.1220462292432785,0.13846154510974884,2.1637504518032076,nan,nan
cifar10,topk_softmax_0125,2,13,1.0247541666030884,0.5889,0.5851926742777367,1.1562298625707625,0.13846154510974884,2.161169970035553,nan,nan
cifar10,topk_softmax_0125,2,14,1.0195931196212769,0.6101,0.6100928042462219,1.0896428883075715,0.13846154510974884,2.162841683626175,nan,nan
cifar10,topk_softmax_0125,2,15,0.9944614768028259,0.6052,0.6056864091448346,1.1171463012695313,0.13846154510974884,2.161607539653778,nan,nan
cifar10,topk_softmax_0125,2,16,0.9805341958999634,0.6187,0.615160504797491,1.0828559130430222,0.13846154510974884,2.1564500272274016,nan,nan
cifar10,topk_softmax_0125,2,17,0.9658613204956055,0.6031,0.6031653458376545,1.1183703154325486,0.13846154510974884,2.1528675675392153,nan,nan
cifar10,topk_softmax_0125,2,18,0.9562403559684753,0.6086,0.6048904312433984,1.1076394766569138,0.13846154510974884,2.152273878455162,nan,nan
cifar10,topk_softmax_0125,2,19,0.9333927631378174,0.621,0.616205615722033,1.0840224385261537,0.13846154510974884,2.1497544199228287,nan,nan
cifar10,topk_softmax_0125,2,20,0.9216688871383667,0.6145,0.6149337566493656,1.0915317997336387,0.13846154510974884,2.151003807783127,nan,nan
cifar10,topk_softmax_0125,2,21,0.9157973527908325,0.6224,0.6201461969940224,1.0639945641160011,0.13846154510974884,2.150339424610138,nan,nan
cifar10,topk_softmax_0125,2,22,0.8982264995574951,0.6194,0.6152279419606836,1.078587394952774,0.13846154510974884,2.141795685887337,nan,nan
cifar10,topk_softmax_0125,2,23,0.8841159343719482,0.6254,0.6244357310475986,1.0649316340684891,0.13846154510974884,2.1450838834047317,nan,nan
cifar10,topk_softmax_0125,2,24,0.8731898665428162,0.6233,0.620404399866145,1.1070166930556298,0.13846154510974884,2.1410248547792436,nan,nan
cifar10,topk_softmax_0125,2,25,0.8658338785171509,0.6297,0.6295318266353188,1.052788656949997,0.13846154510974884,2.140490460395813,nan,nan
cifar10,topk_softmax_0125,2,26,0.8487114310264587,0.6272,0.6247437106384623,1.06975676715374,0.13846154510974884,2.138660630583763,nan,nan
cifar10,topk_softmax_0125,2,27,0.8394575119018555,0.6373,0.635738949922042,1.0431554093956947,0.13846154510974884,2.1384124785661696,nan,nan
cifar10,topk_softmax_0125,2,28,0.8307417631149292,0.634,0.6325434668641955,1.0598842293024062,0.13846154510974884,2.1389122128486635,nan,nan
cifar10,topk_softmax_0125,2,29,0.8216105103492737,0.6317,0.6273012471671101,1.0689255341887474,0.13846154510974884,2.1377002626657484,nan,nan
cifar10,topk_softmax_0125,3,0,1.8910093307495117,0.3892,0.35700265625816463,1.651440355181694,0.13846154510974884,2.190063378214836,nan,nan
cifar10,topk_softmax_0125,3,1,1.5648571252822876,0.4697,0.46039675055168516,1.4577593386173249,0.13846154510974884,2.188320979475975,nan,nan
cifar10,topk_softmax_0125,3,2,1.418548583984375,0.4846,0.47182023946547114,1.4090877056121827,0.13846154510974884,2.187454080581665,nan,nan
cifar10,topk_softmax_0125,3,3,1.3296589851379395,0.5225,0.5210155744511902,1.3280207514762878,0.13846154510974884,2.1848803132772447,nan,nan
cifar10,topk_softmax_0125,3,4,1.275657296180725,0.5463,0.5428968520019843,1.2708845883607864,0.13846154510974884,2.1837000399827957,nan,nan
cifar10,topk_softmax_0125,3,5,1.2308350801467896,0.561,0.5548837700757503,1.2309101819992065,0.13846154510974884,2.181741899251938,nan,nan
cifar10,topk_softmax_0125,3,6,1.197157621383667,0.5706,0.5652632543066064,1.1971414715051651,0.13846154510974884,2.1774123936891554,nan,nan
cifar10,topk_softmax_0125,3,7,1.1653368473052979,0.5663,0.5645259027817199,1.2186392188072204,0.13846154510974884,2.176697039604187,nan,nan
cifar10,topk_softmax_0125,3,8,1.1450918912887573,0.5666,0.5588744658596949,1.2235128968954085,0.13846154510974884,2.1721278548240663,nan,nan
cifar10,topk_softmax_0125,3,9,1.1063286066055298,0.5751,0.5701238088856051,1.194956550002098,0.13846154510974884,2.1729057252407076,nan,nan
cifar10,topk_softmax_0125,3,10,1.0873684883117676,0.5967,0.596464169881006,1.1189366027712822,0.13846154510974884,2.1705302357673646,nan,nan
cifar10,topk_softmax_0125,3,11,1.0585284233093262,0.5919,0.5944882653570924,1.135331454873085,0.13846154510974884,2.1668139725923536,nan,nan
cifar10,topk_softmax_0125,3,12,1.0416582822799683,0.5912,0.5888819134796022,1.136106950044632,0.13846154510974884,2.16417710185051,nan,nan
cifar10,topk_softmax_0125,3,13,1.0205206871032715,0.601,0.5947125320374366,1.1328113943338394,0.13846154510974884,2.164062362909317,nan,nan
cifar10,topk_softmax_0125,3,14,1.0039517879486084,0.6015,0.5986249159745087,1.117458814382553,0.13846154510974884,2.163594573736191,nan,nan
cifar10,topk_softmax_0125,3,15,0.985336422920227,0.6078,0.602825343125011,1.1158949539065361,0.13846154510974884,2.157342830300331,nan,nan
cifar10,topk_softmax_0125,3,16,0.9693453311920166,0.6117,0.6061028399281769,1.0928045123815537,0.1384615421295166,2.15158888399601,nan,nan
cifar10,topk_softmax_0125,3,17,0.9476004838943481,0.6183,0.6129121909207031,1.0868108496069908,0.1384615421295166,2.1511392533779143,nan,nan
cifar10,topk_softmax_0125,3,18,0.9311574101448059,0.623,0.6210950468336021,1.0871421217918396,0.13846153635531663,2.150607371330261,nan,nan
cifar10,topk_softmax_0125,3,19,0.9179055690765381,0.6158,0.6154476285448615,1.0807938933372498,0.1384615393355489,2.1474555373191833,nan,nan
cifar10,topk_softmax_0125,3,20,0.902500331401825,0.6247,0.6221365853850755,1.0658729672431946,0.13846153635531663,2.1455549120903017,nan,nan
cifar10,topk_softmax_0125,3,21,0.8884577751159668,0.6342,0.6304597261991473,1.0701403617858887,0.13846153058111668,2.1438254445791243,nan,nan
cifar10,topk_softmax_0125,3,22,0.87819904088974,0.6333,0.6298814044768892,1.0610833495855332,0.1384615335613489,2.1446745663881304,nan,nan
cifar10,topk_softmax_0125,3,23,0.861183226108551,0.6328,0.6311105923991108,1.0590460464358329,0.13846153058111668,2.1448740750551223,nan,nan
cifar10,topk_softmax_0125,3,24,0.8526113033294678,0.6339,0.634040261682326,1.066320677101612,0.1384615246206522,2.138850975036621,nan,nan
cifar10,topk_softmax_0125,3,25,0.8453839421272278,0.6348,0.6346509926167064,1.0580844581127167,0.13846151884645225,2.1369535624980927,nan,nan
cifar10,topk_softmax_0125,3,26,0.835845947265625,0.6283,0.6294545723385826,1.0636304870247841,0.13846151307225227,2.1355143666267393,nan,nan
cifar10,topk_softmax_0125,3,27,0.8290550112724304,0.6372,0.6316616970851647,1.0551120430231093,0.13846150152385234,2.132569807767868,nan,nan
cifar10,topk_softmax_0125,3,28,0.811648964881897,0.6337,0.6298495608773903,1.0835263952612877,0.13846147526055574,2.132397198677063,nan,nan
cifar10,topk_softmax_0125,3,29,0.7955958247184753,0.6377,0.6382188949381798,1.0347506880760193,0.13846151903271675,2.1345881909132003,nan,nan
cifar10,topk_softmax_0125,4,0,1.8919470310211182,0.4015,0.39505209152073306,1.6389648765325546,0.13846154510974884,2.187189081311226,nan,nan
cifar10,topk_softmax_0125,4,1,1.5421867370605469,0.4762,0.46792037447262363,1.4532907366752625,0.13846154510974884,2.1774774521589277,nan,nan
cifar10,topk_softmax_0125,4,2,1.4011822938919067,0.5028,0.49554952774778654,1.3781796604394914,0.13846154510974884,2.1769858807325364,nan,nan
cifar10,topk_softmax_0125,4,3,1.3272525072097778,0.5151,0.5163645956695971,1.3497751265764237,0.13846154510974884,2.1754290789365767,nan,nan
cifar10,topk_softmax_0125,4,4,1.271104335784912,0.5448,0.5382715197689785,1.2697200030088425,0.13846154510974884,2.17236907184124,nan,nan
cifar10,topk_softmax_0125,4,5,1.2293938398361206,0.5644,0.5624619184204457,1.2181751787662507,0.13846154510974884,2.170696920156479,nan,nan
cifar10,topk_softmax_0125,4,6,1.1854630708694458,0.5627,0.5651296942952284,1.2242635875940322,0.13846154510974884,2.166676351428032,nan,nan
cifar10,topk_softmax_0125,4,7,1.1606935262680054,0.576,0.5730534813504652,1.1898643493652343,0.13846154510974884,2.163511285185814,nan,nan
cifar10,topk_softmax_0125,4,8,1.1248811483383179,0.5856,0.5815906711117085,1.1669352799654007,0.13846154510974884,2.163474065065384,nan,nan
cifar10,topk_softmax_0125,4,9,1.094810962677002,0.585,0.5773176585321045,1.175678151845932,0.13846154510974884,2.164490094780922,nan,nan
cifar10,topk_softmax_0125,4,10,1.0752848386764526,0.5915,0.5915968257245138,1.1440608888864516,0.13846154510974884,2.1632709950208664,nan,nan
cifar10,topk_softmax_0125,4,11,1.0538182258605957,0.6053,0.6018217042396664,1.11132792532444,0.13846154510974884,2.155279812216759,nan,nan
cifar10,topk_softmax_0125,4,12,1.0316121578216553,0.6091,0.6068482509807931,1.097535638511181,0.13846154510974884,2.1524819821119308,nan,nan
cifar10,topk_softmax_0125,4,13,1.0071005821228027,0.6085,0.6049197900537227,1.1022553414106369,0.13846154510974884,2.1504934251308443,nan,nan
cifar10,topk_softmax_0125,4,14,0.9895467758178711,0.616,0.6125495593312776,1.0900303676724434,0.13846154510974884,2.1501927196979524,nan,nan
cifar10,topk_softmax_0125,4,15,0.9717559218406677,0.6183,0.6196040297396117,1.0887562930583954,0.13846154510974884,2.1453534424304963,nan,nan
cifar10,topk_softmax_0125,4,16,0.9552620053291321,0.6189,0.6171085997188107,1.0790535628795623,0.13846154510974884,2.148523399233818,nan,nan
cifar10,topk_softmax_0125,4,17,0.9375008940696716,0.6219,0.6242410308061432,1.0659724369645118,0.13846154510974884,2.1451032727956774,nan,nan
cifar10,topk_softmax_0125,4,18,0.9170926809310913,0.6311,0.6280730777084593,1.0550169855356217,0.13846154510974884,2.1423767536878584,nan,nan
cifar10,topk_softmax_0125,4,19,0.9065451622009277,0.6244,0.6262055224750049,1.0584809884428978,0.13846154510974884,2.138342395424843,nan,nan
cifar10,topk_softmax_0125,4,20,0.894985556602478,0.624,0.6238218173246481,1.064330703020096,0.13846154510974884,2.144721034169197,nan,nan
cifar10,topk_softmax_0125,4,21,0.8761367201805115,0.63,0.627380777116886,1.0470568731427192,0.13846154510974884,2.1384385019540786,nan,nan
cifar10,topk_softmax_0125,4,22,0.8604398369789124,0.6297,0.6279174111995125,1.0635078072547912,0.13846154510974884,2.1315223604440687,nan,nan
cifar10,topk_softmax_0125,4,23,0.8540206551551819,0.6188,0.615703626594371,1.0912941083312035,0.13846154510974884,2.1334014356136324,nan,nan
cifar10,topk_softmax_0125,5,0,1.8802027702331543,0.3987,0.38682377726268663,1.658938577771187,0.13846154510974884,2.1907759696245193,nan,nan
cifar10,topk_softmax_0125,5,1,1.541765809059143,0.4795,0.4748825744254712,1.4477755188941956,0.13846154510974884,2.185250851511955,nan,nan
cifar10,topk_softmax_0125,5,2,1.4073675870895386,0.5008,0.4941202341070808,1.3756431996822358,0.13846154510974884,2.18275043964386,nan,nan
cifar10,topk_softmax_0125,5,3,1.3221627473831177,0.5245,0.5102056898695415,1.302915021777153,0.13846154510974884,2.1827103227376936,nan,nan
cifar10,topk_softmax_0125,5,4,1.2739542722702026,0.5459,0.5432109348734521,1.2642285227775574,0.13846154510974884,2.180099666118622,nan,nan
cifar10,topk_softmax_0125,5,5,1.2261887788772583,0.5662,0.5612325347545701,1.2146614015102386,0.13846154510974884,2.1793957948684692,nan,nan
cifar10,topk_softmax_0125,5,6,1.1798888444900513,0.5676,0.5648710566140374,1.198933756351471,0.13846154510974884,2.175316160917282,nan,nan
cifar10,topk_softmax_0125,5,7,1.1539663076400757,0.5872,0.5875197414485268,1.1633256793022155,0.13846154510974884,2.172083619236946,nan,nan
cifar10,topk_softmax_0125,5,8,1.122227668762207,0.5799,0.5743110155612393,1.1836763471364975,0.13846154510974884,2.1695628583431246,nan,nan
cifar10,topk_softmax_0125,5,9,1.1030800342559814,0.5969,0.5970122581850171,1.1433664560317993,0.13846154510974884,2.168437048792839,nan,nan
cifar10,topk_softmax_0125,5,10,1.073527455329895,0.5927,0.589939437036322,1.1388110280036927,0.13846154510974884,2.166687509417534,nan,nan
cifar10,topk_softmax_0125,5,11,1.0547535419464111,0.6035,0.6065784178713148,1.1300259977579117,0.13846154510974884,2.166146311163902,nan,nan
cifar10,topk_softmax_0125,5,12,1.03192138671875,0.5986,0.6000155446926575,1.1263578981161118,0.13846154510974884,2.165749302506447,nan,nan
cifar10,topk_softmax_0125,5,13,1.0119532346725464,0.5911,0.5885003295393803,1.1648541957139968,0.13846154510974884,2.165126383304596,nan,nan
cifar10,topk_softmax_0125,5,14,0.9996333122253418,0.6103,0.6098668849144585,1.0897071003913879,0.13846154510974884,2.1602916389703752,nan,nan
cifar10,topk_softmax_0125,5,15,0.9779182076454163,0.6123,0.6112085675500483,1.1108467504382133,0.13846154510974884,2.160504308342934,nan,nan
cifar10,topk_softmax_0125,5,16,0.9654553532600403,0.6122,0.6138651446848894,1.1032277256250382,0.13846154510974884,2.155279365181923,nan,nan
cifar10,topk_softmax_0125,5,17,0.947808027267456,0.6117,0.6099026685753721,1.0991723373532296,0.13846154510974884,2.1533331900835035,nan,nan
cifar10,topk_softmax_0125,5,18,0.9287189245223999,0.6111,0.6081306717549397,1.1235134422779083,0.13846154510974884,2.154113808274269,nan,nan
cifar10,topk_softmax_0125,5,19,0.9194321632385254,0.6225,0.6201087473867692,1.0815804988145827,0.13846154510974884,2.1516744196414948,nan,nan
cifar10,topk_softmax_0125,5,20,0.9057137966156006,0.614,0.6131402356581515,1.1034128367900848,0.13846154510974884,2.147225150465965,nan,nan
cifar10,topk_softmax_0125,5,21,0.8951029181480408,0.6216,0.6196909039935863,1.0996159106492995,0.13846154510974884,2.14915032684803,nan,nan
cifar10,topk_softmax_0125,5,22,0.8773143887519836,0.6288,0.6302986417383205,1.07224642932415,0.13846154510974884,2.146965432167053,nan,nan
cifar10,topk_softmax_0125,5,23,0.8672134876251221,0.6294,0.6280664443223054,1.094004897773266,0.1384615393355489,2.1451701164245605,nan,nan
cifar10,topk_softmax_0125,5,24,0.8601295948028564,0.6286,0.628663842850862,1.0728619664907455,0.13846154510974884,2.149260976910591,nan,nan
cifar10,topk_softmax_0125,5,25,0.8450486660003662,0.6248,0.621120370915079,1.0819609805941581,0.13846154510974884,2.1399289071559906,nan,nan
cifar10,topk_softmax_0125,5,26,0.836881697177887,0.6347,0.6354133193768486,1.0637648403644562,0.13846154510974884,2.139609161019325,nan,nan
cifar10,topk_softmax_0125,5,27,0.8234360814094543,0.6322,0.6298676651406174,1.0688354775309563,0.13846154510974884,2.1398648768663406,nan,nan
cifar10,topk_softmax_0125,5,28,0.8123827576637268,0.639,0.6372084225180121,1.0843484103679657,0.13846154510974884,2.1435854524374007,nan,nan
cifar10,topk_softmax_0125,5,29,0.7964738011360168,0.6262,0.6261782185034893,1.1080635637044907,0.1384615248069167,2.1314249873161315,nan,nan
cifar10,topk_softmax_0125,6,0,1.855715274810791,0.4151,0.39922960488287296,1.6076423525810242,0.13846154510974884,2.1855068832635878,nan,nan
cifar10,topk_softmax_0125,6,1,1.5232616662979126,0.4815,0.4838085490885968,1.437570756673813,0.13846154510974884,2.1812453627586366,nan,nan
cifar10,topk_softmax_0125,6,2,1.3988263607025146,0.5112,0.5047646058786228,1.3613176345825195,0.13846154510974884,2.182858929038048,nan,nan
cifar10,topk_softmax_0125,6,3,1.3228679895401,0.5371,0.5268211331549477,1.298879462480545,0.13846154510974884,2.182189130783081,nan,nan
cifar10,topk_softmax_0125,6,4,1.2660951614379883,0.5542,0.547154089094328,1.2530486345291139,0.13846154510974884,2.174162545800209,nan,nan
cifar10,topk_softmax_0125,6,5,1.2259554862976074,0.5722,0.5651890370087476,1.223135992884636,0.13846154510974884,2.1771209955215456,nan,nan
cifar10,topk_softmax_0125,6,6,1.1869629621505737,0.574,0.5668368608546496,1.209174597263336,0.13846154510974884,2.174447003006935,nan,nan
cifar10,topk_softmax_0125,6,7,1.1572659015655518,0.5786,0.5767184426999543,1.1944505393505096,0.13846154510974884,2.172461634874344,nan,nan
cifar10,topk_softmax_0125,6,8,1.1327000856399536,0.5883,0.5881708873726601,1.17478646337986,0.13846154510974884,2.169612431526184,nan,nan
cifar10,topk_softmax_0125,6,9,1.0979492664337158,0.5975,0.5965439773879134,1.1342487201094626,0.13846154510974884,2.168323665857315,nan,nan
cifar10,topk_softmax_0125,6,10,1.0726492404937744,0.5946,0.5871988979652362,1.14795830398798,0.13846153635531663,2.1663549721240996,nan,nan
cifar10,topk_softmax_0125,6,11,1.0572752952575684,0.6138,0.6117739747760363,1.0984050288796425,0.1384615335613489,2.1661257058382035,nan,nan
cifar10,topk_softmax_0125,6,12,1.033914566040039,0.6143,0.6152647733360197,1.1017227351665497,0.13846152778714896,2.1633803606033326,nan,nan
cifar10,topk_softmax_0125,6,13,1.0207667350769043,0.611,0.6102933626869135,1.1072406709194182,0.13846152201294898,2.1615255147218706,nan,nan
cifar10,topk_softmax_0125,6,14,0.9973130822181702,0.6131,0.6096496817021351,1.1136894047260284,0.1384615132585168,2.1635199457407,nan,nan
cifar10,topk_softmax_0125,6,15,0.983609139919281,0.6254,0.620122254617175,1.0830751672387122,0.13846148699522018,2.162152197957039,nan,nan
cifar10,topk_softmax_0125,6,16,0.9659147262573242,0.6114,0.6059194782360849,1.1083817347884177,0.13846150171011687,2.161350059509277,nan,nan
cifar10,topk_softmax_0125,6,17,0.9544177055358887,0.6148,0.6118261114832597,1.1098910972476006,0.13846145551651717,2.1572142601013184,nan,nan
cifar10,topk_softmax_0125,6,18,0.9362205862998962,0.6245,0.6252680455511943,1.0782985851168632,0.13846143204718828,2.156784272193909,nan,nan
cifar10,topk_softmax_0125,6,19,0.9222763776779175,0.6338,0.6332104135638796,1.0603435352444648,0.1384614583104849,2.1565088421106338,nan,nan
cifar10,topk_softmax_0125,6,20,0.9117323160171509,0.6376,0.6366936389590461,1.0603515058755875,0.13846142329275607,2.155353990197182,nan,nan
cifar10,topk_softmax_0125,6,21,0.8910239934921265,0.6311,0.630184821968115,1.05747502297163,0.13846143204718828,2.1517093986272813,nan,nan
cifar10,topk_softmax_0125,6,22,0.8757826089859009,0.6368,0.6342665882825295,1.059241032600403,0.13846133928745985,2.150865164399147,nan,nan
cifar10,topk_softmax_0125,6,23,0.8735854029655457,0.6375,0.632479959895928,1.066478607058525,0.1384614145383239,2.1525408029556274,nan,nan
cifar10,topk_softmax_0125,6,24,0.8615515828132629,0.645,0.6423674830186299,1.0516213342547416,0.13846130166202783,2.1470045506954194,nan,nan
cifar10,topk_softmax_0125,6,25,0.8481844067573547,0.6419,0.640858103133194,1.0376462191343307,0.1384613076224923,2.1473079890012743,nan,nan
cifar10,topk_softmax_0125,6,26,0.8346628546714783,0.6369,0.6363225532884644,1.060688604414463,0.13846121467649936,2.1405421823263167,nan,nan
cifar10,topk_softmax_0125,6,27,0.8287265300750732,0.6414,0.6437520351471625,1.062425869703293,0.13846121188253163,2.1418658286333083,nan,nan
cifar10,topk_softmax_0125,6,28,0.817417323589325,0.6376,0.6353924776291416,1.0911889955401421,0.1384612698107958,2.145659923553467,nan,nan
cifar10,topk_softmax_0125,6,29,0.8114839196205139,0.6456,0.646034847413955,1.040791465342045,0.1384611539542675,2.1424073219299316,nan,nan
cifar10,topk_softmax_0125,7,0,1.8292368650436401,0.391,0.3797215895069913,1.655692321062088,0.13846154510974884,2.190399041771889,nan,nan
cifar10,topk_softmax_0125,7,1,1.5191333293914795,0.4791,0.4689929639457401,1.415522536635399,0.13846154510974884,2.185412123799324,nan,nan
cifar10,topk_softmax_0125,7,2,1.3868669271469116,0.5097,0.49524638891680023,1.3517833769321441,0.13846154510974884,2.1852488189935686,nan,nan
cifar10,topk_softmax_0125,7,3,1.3090523481369019,0.5208,0.5109368730582075,1.3450933307409287,0.13846154510974884,2.18008893430233,nan,nan
cifar10,topk_softmax_0125,7,4,1.2584052085876465,0.5409,0.5365518440663053,1.259627252817154,0.13846154510974884,2.1831962168216705,nan,nan
cifar10,topk_softmax_0125,7,5,1.2219375371932983,0.5581,0.5512276549343598,1.2350460112094879,0.13846154510974884,2.177827998995781,nan,nan
cifar10,topk_softmax_0125,7,6,1.186723232269287,0.5581,0.5569554577290591,1.2125079095363618,0.13846154510974884,2.1784507513046263,nan,nan
cifar10,topk_softmax_0125,7,7,1.1546281576156616,0.5623,0.5613327309822118,1.2064004689455032,0.13846154510974884,2.1760614693164824,nan,nan
cifar10,topk_softmax_0125,7,8,1.1303298473358154,0.5798,0.579845014101515,1.1804908394813538,0.13846154510974884,2.170759326219559,nan,nan
cifar10,topk_softmax_0125,7,9,1.099561333656311,0.5863,0.5785470325462405,1.1541083008050919,0.13846154510974884,2.1703947335481644,nan,nan
cifar10,topk_softmax_0125,7,10,1.0775755643844604,0.5961,0.5953688262434353,1.1345293432474137,0.13846154510974884,2.171728175878525,nan,nan
cifar10,topk_softmax_0125,7,11,1.054274082183838,0.6035,0.5997145118731093,1.1309159964323043,0.13846154510974884,2.1686458587646484,nan,nan
cifar10,topk_softmax_0125,7,12,1.0454026460647583,0.5985,0.5931928622881442,1.142278891801834,0.13846154510974884,2.166843646764755,nan,nan
cifar10,topk_softmax_0125,7,13,1.0111579895019531,0.6065,0.6016159255149198,1.1304313659667968,0.13846154510974884,2.163689085841179,nan,nan
cifar10,topk_softmax_0125,7,14,0.9976423978805542,0.6029,0.6034156527973539,1.1299087017774583,0.13846154510974884,2.1607728093862533,nan,nan
cifar10,topk_softmax_0125,7,15,0.9808039665222168,0.6159,0.6150203911184687,1.0991966396570205,0.13846154510974884,2.1610669136047362,nan,nan
cifar10,topk_softmax_0125,7,16,0.9641262888908386,0.6159,0.6141383617283974,1.1045942649245262,0.13846154510974884,2.1561781108379363,nan,nan
cifar10,topk_softmax_0125,7,17,0.954397439956665,0.6212,0.6190155772095709,1.0975193068385125,0.13846154510974884,2.1552532255649566,nan,nan
cifar10,topk_softmax_0125,7,18,0.9396889209747314,0.6192,0.6206420368885904,1.1023629307746887,0.13846154510974884,2.159840649366379,nan,nan
cifar10,topk_softmax_0125,7,19,0.9182352423667908,0.6127,0.6099348997368202,1.0915853559970856,0.13846154510974884,2.152489146590233,nan,nan
cifar10,topk_softmax_0125,7,20,0.9089224338531494,0.6267,0.6284958121406558,1.076827695965767,0.13846154510974884,2.1475322961807253,nan,nan
cifar10,topk_softmax_0125,7,21,0.8862201571464539,0.6276,0.6253041123674551,1.0745225355029107,0.13846154510974884,2.148179790377617,nan,nan
cifar10,topk_softmax_0125,7,22,0.8842806816101074,0.6297,0.6291092856898615,1.074876682460308,0.13846154510974884,2.1467834234237673,nan,nan
cifar10,topk_softmax_0125,7,23,0.8706285357475281,0.6289,0.6288001515807875,1.0751541808247567,0.13846154510974884,2.149131175875664,nan,nan
cifar10,topk_softmax_0125,7,24,0.8534976840019226,0.6221,0.6178437586351605,1.1258797615766525,0.13846154510974884,2.145164954662323,nan,nan
cifar10,topk_softmax_0125,7,25,0.8514542579650879,0.6316,0.6316733696063637,1.0641194418072701,0.13846154510974884,2.140648013353348,nan,nan
cifar10,topk_softmax_0125,7,26,0.8350827097892761,0.6344,0.6314615061194011,1.0741773426532746,0.13846154510974884,2.1351583510637284,nan,nan
cifar10,topk_softmax_0125,7,27,0.8253605365753174,0.6371,0.6372672715090549,1.0642777785658837,0.13846154510974884,2.135793831944466,nan,nan
cifar10,topk_softmax_0125,7,28,0.817354142665863,0.6303,0.6310051263509093,1.0841313943266868,0.13846154510974884,2.1386778116226197,nan,nan
cifar10,topk_softmax_0125,7,29,0.8068520426750183,0.6352,0.6339859616911725,1.0793875247240066,0.13846154510974884,2.1330194771289825,nan,nan
cifar10,topk_softmax_0125,8,0,1.8503997325897217,0.4064,0.38905693859030116,1.6323111206293106,0.13846154510974884,2.1926788300275804,nan,nan
cifar10,topk_softmax_0125,8,1,1.5356508493423462,0.4789,0.4728215548401594,1.448730856180191,0.13846154510974884,2.1867499232292174,nan,nan
cifar10,topk_softmax_0125,8,2,1.4025007486343384,0.506,0.5015883386394189,1.3659263908863069,0.13846154510974884,2.1834397673606873,nan,nan
cifar10,topk_softmax_0125,8,3,1.3273286819458008,0.5322,0.530540075678487,1.3051264017820359,0.13846154510974884,2.181547740101814,nan,nan
cifar10,topk_softmax_0125,8,4,1.279430866241455,0.5349,0.5397232065700468,1.2955083847045898,0.13846154510974884,2.1797624111175535,nan,nan
cifar10,topk_softmax_0125,8,5,1.2354739904403687,0.5538,0.5545444333706866,1.2375721156597137,0.13846154510974884,2.1730896919965743,nan,nan
cifar10,topk_softmax_0125,8,6,1.1904857158660889,0.5655,0.5633525341439791,1.2040481746196747,0.13846154510974884,2.169705036282539,nan,nan
cifar10,topk_softmax_0125,8,7,1.1567590236663818,0.5709,0.5681540410199896,1.2006945788860321,0.13846154510974884,2.1651405841112137,nan,nan
cifar10,topk_softmax_0125,8,8,1.1308143138885498,0.5662,0.5637542213075741,1.2107806354761124,0.13846154510974884,2.157295873761177,nan,nan
cifar10,topk_softmax_0125,8,9,1.1070654392242432,0.5885,0.5871492374431473,1.1540634885430336,0.13846154510974884,2.161398872733116,nan,nan
cifar10,topk_softmax_0125,8,10,1.0818977355957031,0.5894,0.5938242555212232,1.1461611717939377,0.13846154510974884,2.155927675962448,nan,nan
cifar10,topk_softmax_0125,8,11,1.066175103187561,0.5805,0.576843986695134,1.1569661915302276,0.13846154510974884,2.1486892610788346,nan,nan
cifar10,topk_softmax_0125,8,12,1.0443201065063477,0.5934,0.5959960782617477,1.132498848438263,0.13846154510974884,2.148243772983551,nan,nan
cifar10,topk_softmax_0125,8,13,1.0228691101074219,0.5921,0.5909048460205238,1.1405803278088569,0.13846154510974884,2.1433929026126863,nan,nan
cifar10,topk_softmax_0125,8,14,1.0034459829330444,0.6045,0.603803331302084,1.113204325735569,0.13846154510974884,2.1424560964107515,nan,nan
cifar10,topk_softmax_0125,8,15,0.9869868159294128,0.6081,0.6079636377402478,1.105116069316864,0.13846154510974884,2.1407773166894914,nan,nan
cifar10,topk_softmax_0125,8,16,0.9719763994216919,0.6018,0.6007705769646698,1.112126748263836,0.13846154510974884,2.1373761504888535,nan,nan
cifar10,topk_softmax_0125,8,17,0.9567589163780212,0.6045,0.6035317317937318,1.1135422050952912,0.13846154510974884,2.1383311957120896,nan,nan
cifar10,topk_softmax_0125,8,18,0.9425925612449646,0.6098,0.6125301732788152,1.105778557062149,0.13846154510974884,2.1317918419837953,nan,nan
cifar10,topk_softmax_0125,8,19,0.9286133050918579,0.6154,0.6179983112338154,1.0882268756628037,0.13846154510974884,2.1323569506406783,nan,nan
cifar10,topk_softmax_0125,8,20,0.9121042490005493,0.6146,0.6160765950489582,1.0937234565615654,0.13846154510974884,2.12713842689991,nan,nan
cifar10,topk_softmax_0125,8,21,0.8964838981628418,0.6261,0.6245367775206632,1.0737424984574317,0.13846154510974884,2.1325856864452364,nan,nan
cifar10,topk_softmax_0125,8,22,0.8894868493080139,0.62,0.6214501105216668,1.0736402779817582,0.13846154510974884,2.123645558953285,nan,nan
cifar10,topk_softmax_0125,8,23,0.8733437061309814,0.6205,0.6217986206020713,1.069399246573448,0.13846154510974884,2.1257249653339385,nan,nan
cifar10,topk_softmax_0125,8,24,0.8594679236412048,0.6216,0.6222200070344892,1.0842565238475799,0.13846154510974884,2.1208559215068816,nan,nan
cifar10,topk_softmax_0125,8,25,0.8499172925949097,0.6271,0.6269103380445942,1.0626330554485321,0.13846154510974884,2.1216143131256104,nan,nan
cifar10,topk_softmax_0125,8,26,0.8414711952209473,0.624,0.6238648807289285,1.083791895210743,0.13846154510974884,2.1145959824323652,nan,nan
cifar10,topk_softmax_0125,8,27,0.822472870349884,0.6238,0.623329060734614,1.0955020517110825,0.13846154510974884,2.113330492377281,nan,nan
cifar10,topk_softmax_0125,8,28,0.8237698674201965,0.6269,0.6286866508042286,1.0834113836288453,0.13846154510974884,2.1217047542333605,nan,nan
cifar10,topk_softmax_0125,8,29,0.812127411365509,0.6307,0.6331070542360215,1.0765188589692116,0.13846154510974884,2.108659878373146,nan,nan
cifar10,topk_softmax_0125,9,0,1.8697197437286377,0.3914,0.36828298816571625,1.6668888211250306,0.13846154510974884,2.1908260762691496,nan,nan
cifar10,topk_softmax_0125,9,1,1.5417394638061523,0.4748,0.4659377696272259,1.4383261531591416,0.13846154510974884,2.1867629081010818,nan,nan
cifar10,topk_softmax_0125,9,2,1.398126482963562,0.5089,0.5033269950725732,1.3657182216644288,0.13846154510974884,2.184367248415947,nan,nan
cifar10,topk_softmax_0125,9,3,1.3188438415527344,0.5207,0.5131017797517284,1.3592586129903794,0.13846154510974884,2.1837353885173796,nan,nan
cifar10,topk_softmax_0125,9,4,1.2672456502914429,0.5465,0.542212481741441,1.2637580573558806,0.13846154510974884,2.181252512335777,nan,nan
cifar10,topk_softmax_0125,9,5,1.2256220579147339,0.5427,0.5432093027956804,1.2625234246253967,0.13846154510974884,2.179157814383507,nan,nan
cifar10,topk_softmax_0125,9,6,1.192388892173767,0.5619,0.5590913367443077,1.2017531603574754,0.13846154510974884,2.1766477704048155,nan,nan
cifar10,topk_softmax_0125,9,7,1.1570090055465698,0.5588,0.550782029406175,1.1983797639608382,0.13846154510974884,2.1780706375837324,nan,nan
cifar10,topk_softmax_0125,9,8,1.1383055448532104,0.5818,0.5807009987068663,1.1632270008325576,0.13846154510974884,2.1775407403707505,nan,nan
cifar10,topk_softmax_0125,9,9,1.1099879741668701,0.5828,0.58034177818258,1.156925317645073,0.13846154510974884,2.175222137570381,nan,nan
cifar10,topk_softmax_0125,9,10,1.0826176404953003,0.6007,0.597365116911409,1.1336672097444533,0.13846154510974884,2.173977905511856,nan,nan
cifar10,topk_softmax_0125,9,11,1.069061279296875,0.5951,0.5931060137302102,1.1384948283433913,0.13846154510974884,2.1730766505002976,nan,nan
cifar10,topk_softmax_0125,9,12,1.0478636026382446,0.6059,0.6029886464358072,1.114227870106697,0.13846154510974884,2.1742266327142716,nan,nan
cifar10,topk_softmax_0125,9,13,1.0294474363327026,0.5967,0.5931495489525248,1.1234444215893746,0.13846154510974884,2.173977479338646,nan,nan
cifar10,topk_softmax_0125,9,14,1.015773892402649,0.6064,0.609357972355616,1.0967761352658272,0.13846154510974884,2.171891596913338,nan,nan
cifar10,topk_softmax_0125,9,15,0.997706413269043,0.6106,0.6103720632156248,1.0921863615512848,0.13846154510974884,2.1714752286672594,nan,nan
cifar10,topk_softmax_0125,9,16,0.9872182011604309,0.6108,0.6095448338390128,1.0821947738528253,0.13846154510974884,2.170253223180771,nan,nan
cifar10,topk_softmax_0125,9,17,0.963331401348114,0.616,0.6134011043613248,1.0944168999791146,0.13846154510974884,2.166182333230972,nan,nan
cifar10,topk_softmax_0125,9,18,0.9476903676986694,0.6201,0.6200264136780926,1.0660012021660805,0.13846154510974884,2.164346066117287,nan,nan
cifar10,topk_softmax_0125,9,19,0.9357139468193054,0.6235,0.6201666654153598,1.0699612349271774,0.13846154510974884,2.1662553519010546,nan,nan
cifar10,topk_softmax_0125,9,20,0.9212809205055237,0.6227,0.6218230915257321,1.0555101826786994,0.13846154510974884,2.1637230187654497,nan,nan
cifar10,topk_softmax_0125,9,21,0.9008371233940125,0.6231,0.6211537104585134,1.0731914833188057,0.13846154510974884,2.1617954194545748,nan,nan
cifar10,topk_softmax_0125,9,22,0.897733747959137,0.6279,0.6272285844265696,1.0691948279738426,0.13846154510974884,2.1623559832572936,nan,nan
cifar10,topk_softmax_0125,9,23,0.8849791884422302,0.6277,0.6294492277518398,1.0408197820186615,0.13846154510974884,2.158852106332779,nan,nan
cifar10,topk_softmax_0125,9,24,0.873261570930481,0.6288,0.6259851136433138,1.0519994840025901,0.13846154510974884,2.160836386680603,nan,nan
cifar10,topk_softmax_0125,9,25,0.8530703186988831,0.6265,0.6278236555037724,1.0480880483984947,0.13846154510974884,2.1564574211835863,nan,nan
cifar10,topk_softmax_0125,9,26,0.8505147099494934,0.6274,0.6288823060541302,1.0528583526611328,0.13846154510974884,2.157033050060272,nan,nan
cifar10,topk_softmax_0125,9,27,0.8405405879020691,0.6347,0.6332422870982962,1.0425334766507148,0.13846154510974884,2.157286584377289,nan,nan
cifar10,topk_softmax_0125,9,28,0.8233970999717712,0.6294,0.6306818196951105,1.0553684845566749,0.13846154510974884,2.1532151818275453,nan,nan
cifar10,topk_softmax_0125,9,29,0.818917453289032,0.631,0.6321885320929734,1.0720683321356774,0.13846154510974884,2.153074598312378,nan,nan
cifar10,topk_softmax_025,1,0,1.8648654222488403,0.3955,0.3745646101839001,1.6466953784227372,0.26153847575187683,2.811298856139183,nan,nan
cifar10,topk_softmax_025,1,1,1.5618821382522583,0.4602,0.4490301979764533,1.4806499034166336,0.26153847575187683,2.796806800365448,nan,nan
cifar10,topk_softmax_025,1,2,1.4352468252182007,0.4742,0.467692861613877,1.4373774170875548,0.26153847575187683,2.7984069526195525,nan,nan
cifar10,topk_softmax_025,1,3,1.3518980741500854,0.5209,0.5197035484233854,1.351163586974144,0.26153847575187683,2.8035447120666506,nan,nan
cifar10,topk_softmax_025,1,4,1.287463665008545,0.5407,0.5349906385181569,1.2795372515916825,0.26153847575187683,2.792686253786087,nan,nan
cifar10,topk_softmax_025,1,5,1.2369815111160278,0.5574,0.556721885932884,1.245597642660141,0.26153847575187683,2.7963983684778215,nan,nan
cifar10,topk_softmax_025,1,6,1.198685646057129,0.5663,0.566232360790091,1.2190394520759582,0.26153846122324464,2.7894593507051466,nan,nan
cifar10,topk_softmax_025,1,7,1.1575356721878052,0.5717,0.5706652955565443,1.1995859742164612,0.26153844110667707,2.7936096996068955,nan,nan
cifar10,topk_softmax_025,1,8,1.1244655847549438,0.5859,0.5770017520542969,1.1724762231111527,0.26153840906918047,2.793034613132477,nan,nan
cifar10,topk_softmax_025,1,9,1.0904690027236938,0.5951,0.5944754706339896,1.1471871346235276,0.26153845265507697,2.793718507885933,nan,nan
cifar10,topk_softmax_025,1,10,1.0643635988235474,0.6029,0.5954239802896861,1.1265831589698792,0.2615384265780449,2.786730620265007,nan,nan
cifar10,topk_softmax_025,1,11,1.0450795888900757,0.6082,0.600288570237124,1.1298934370279312,0.2615384265780449,2.785952791571617,nan,nan
cifar10,topk_softmax_025,1,12,1.022396445274353,0.6177,0.6137056859261258,1.078446562588215,0.26153842359781265,2.7870677947998046,nan,nan
cifar10,topk_softmax_025,1,13,0.9965869784355164,0.6172,0.6109677609544037,1.0969251915812492,0.26153844110667707,2.786250227689743,nan,nan
cifar10,topk_softmax_025,1,14,0.9756236672401428,0.6271,0.627704895448924,1.0575287148356438,0.26153846122324464,2.786328783631325,nan,nan
cifar10,topk_softmax_025,1,15,0.9595236778259277,0.6317,0.6310077576621671,1.0587115824222564,0.2615384697914124,2.7811370581388473,nan,nan
cifar10,topk_softmax_025,1,16,0.9401577711105347,0.623,0.6242602843367369,1.0928642243146895,0.26153847575187683,2.780374604463577,nan,nan
cifar10,topk_softmax_025,1,17,0.9308215975761414,0.6282,0.6251559558006051,1.061117796599865,0.2615384265780449,2.776536786556244,nan,nan
cifar10,topk_softmax_025,1,18,0.9121787548065186,0.6356,0.6330552971574182,1.056527116894722,0.2615384377539158,2.7791793256998063,nan,nan
cifar10,topk_softmax_025,1,19,0.8927157521247864,0.643,0.6452806840395912,1.0396310716867447,0.2615384176373482,2.768900927901268,nan,nan
cifar10,topk_softmax_025,1,20,0.8826284408569336,0.6405,0.6407779164832564,1.0506720155477525,0.26153840869665146,2.7716810405254364,nan,nan
cifar10,topk_softmax_025,1,21,0.8661631345748901,0.646,0.6417985020192745,1.0278398036956786,0.26153837963938714,2.763324570655823,nan,nan
cifar10,topk_softmax_025,1,22,0.8489053249359131,0.6486,0.64406834923404,1.0433550089597703,0.26153836511075496,2.7629121452569962,nan,nan
cifar10,topk_softmax_025,1,23,0.8423410654067993,0.649,0.6500270635562845,1.0231729447841644,0.26153838224709036,2.7633386969566347,nan,nan
cifar10,topk_softmax_025,1,24,0.8258904218673706,0.6466,0.6416153925067426,1.0412988290190697,0.26153838224709036,2.759106582403183,nan,nan
cifar10,topk_softmax_025,1,25,0.81806480884552,0.6544,0.6524760581580564,1.0222503244876862,0.2615383706986904,2.7611034065485,nan,nan
cifar10,topk_softmax_025,1,26,0.8047767281532288,0.6423,0.6402891435435083,1.0505319774150848,0.2615383308380842,2.753696957230568,nan,nan
cifar10,topk_softmax_025,1,27,0.795134425163269,0.6532,0.6474854885417386,1.0179016903042792,0.2615383479744196,2.760436215996742,nan,nan
cifar10,topk_softmax_025,1,28,0.7829939126968384,0.6566,0.6541227894814445,1.021878133714199,0.2615383218973875,2.7587413668632506,nan,nan
cifar10,topk_softmax_025,1,29,0.7768792510032654,0.6575,0.6570871329403062,1.016834382712841,0.26153830215334894,2.761652782559395,nan,nan
cifar10,topk_softmax_025,2,0,1.9063987731933594,0.3685,0.36120150475965335,1.7163111329078675,0.26153847575187683,2.8154774725437166,nan,nan
cifar10,topk_softmax_025,2,1,1.5846986770629883,0.4581,0.45234106330011964,1.4917908430099487,0.26153847575187683,2.796491664648056,nan,nan
cifar10,topk_softmax_025,2,2,1.4433554410934448,0.4921,0.481639480916387,1.393655389547348,0.2615384697914124,2.7906558007001876,nan,nan
cifar10,topk_softmax_025,2,3,1.3547426462173462,0.5169,0.5135580689051333,1.3192760974168778,0.2615383192896843,2.78442340195179,nan,nan
cifar10,topk_softmax_025,2,4,1.289067029953003,0.5335,0.5313691509174605,1.281433954834938,0.26153828464448453,2.7860282361507416,nan,nan
cifar10,topk_softmax_025,2,5,1.2361317873001099,0.5532,0.5524214622343661,1.2305347681045533,0.26153821796178817,2.7814766317605972,nan,nan
cifar10,topk_softmax_025,2,6,1.1977880001068115,0.5617,0.5594430777663949,1.2083096385002137,0.26153772249817847,2.7705715924501417,nan,nan
cifar10,topk_softmax_025,2,7,1.162266731262207,0.5685,0.5663456521363125,1.1748318135738374,0.26153806410729885,2.7713571161031725,nan,nan
cifar10,topk_softmax_025,2,8,1.1270227432250977,0.5788,0.5791320385423656,1.17735975086689,0.2615380175411701,2.7692364543676375,nan,nan
cifar10,topk_softmax_025,2,9,1.1048550605773926,0.5863,0.5847605086888722,1.1445761248469353,0.2615372039377689,2.7595643550157547,nan,nan
cifar10,topk_softmax_025,2,10,1.0781134366989136,0.6005,0.5952734628685553,1.103212770819664,0.2615377400070429,2.764526480436325,nan,nan
cifar10,topk_softmax_025,2,11,1.0645006895065308,0.6037,0.6016108471482211,1.107124748826027,0.26153751388192176,2.7628518670797346,nan,nan
cifar10,topk_softmax_025,2,12,1.036309838294983,0.6124,0.601915336612216,1.0985225945711137,0.26153742969036103,2.757838946580887,nan,nan
cifar10,topk_softmax_025,2,13,1.01032555103302,0.6086,0.607433886282849,1.0921843260526658,0.26153669580817224,2.7542641550302505,nan,nan
cifar10,topk_softmax_025,2,14,1.0013285875320435,0.6072,0.6074340381907674,1.1058627769351006,0.26153611689805983,2.751199945807457,nan,nan
cifar10,topk_softmax_025,2,15,0.9846932291984558,0.6202,0.6218926301859699,1.0704120725393296,0.26153533309698107,2.7505425602197646,nan,nan
cifar10,topk_softmax_025,2,16,0.9675160050392151,0.6217,0.6171430079876075,1.0724231958389283,0.26153548918664454,2.7531697154045105,nan,nan
cifar10,topk_softmax_025,2,17,0.9549868702888489,0.6171,0.6156947760450147,1.0798596367239952,0.26153398901224134,2.7462575137615204,nan,nan
cifar10,topk_softmax_025,2,18,0.9408146739006042,0.6172,0.6149325938850134,1.0641559273004533,0.2615345105528831,2.7482635498046877,nan,nan
cifar10,topk_softmax_025,2,19,0.9191931486129761,0.6352,0.6318728039375141,1.040696743130684,0.26153042167425156,2.7346159487962725,nan,nan
cifar10,topk_softmax_025,2,20,0.9125937819480896,0.6349,0.6346229559822568,1.0342570528388024,0.26153247207403185,2.746536123752594,nan,nan
cifar10,topk_softmax_025,2,21,0.8910799622535706,0.6313,0.6298619755986977,1.0422181069850922,0.26153208389878274,2.7330871909856795,nan,nan
cifar10,topk_softmax_025,2,22,0.8828051090240479,0.6362,0.6329711815588943,1.0285964518785478,0.26153377778828146,2.745851668715477,nan,nan
cifar10,topk_softmax_025,2,23,0.874530017375946,0.636,0.6360988392806926,1.0318954333662986,0.2615308739244938,2.736374619603157,nan,nan
cifar10,topk_softmax_025,2,24,0.859121561050415,0.6309,0.6285611565288753,1.0472847774624825,0.26153317987918856,2.744534134864807,nan,nan
cifar10,topk_softmax_025,2,25,0.8509673476219177,0.6389,0.6378643276193691,1.0241384640336038,0.26153051257133486,2.7309856683015825,nan,nan
cifar10,topk_softmax_025,2,26,0.8433938026428223,0.6446,0.6426284303411387,1.0225953727960586,0.2615302387624979,2.7333944737911224,nan,nan
cifar10,topk_softmax_025,2,27,0.8226428031921387,0.648,0.6459989179700257,1.0039590701460839,0.2615317892283201,2.7322967410087586,nan,nan
cifar10,topk_softmax_025,2,28,0.8148833513259888,0.64,0.638430153017931,1.021548567712307,0.26152992956340315,2.7277532398700712,nan,nan
cifar10,topk_softmax_025,2,29,0.8005620241165161,0.6428,0.6391886757505506,1.0174055814743042,0.26153067462146284,2.733807864785194,nan,nan
cifar10,topk_softmax_025,3,0,1.9007195234298706,0.3915,0.36143487731012686,1.6412687033414841,0.26153847575187683,2.8169271856546403,nan,nan
cifar10,topk_softmax_025,3,1,1.5633494853973389,0.4708,0.4617072023400849,1.438494998216629,0.26153847575187683,2.803521767258644,nan,nan
cifar10,topk_softmax_025,3,2,1.4339299201965332,0.4808,0.4731214491993316,1.4253758162260055,0.26153847575187683,2.7995419561862946,nan,nan
cifar10,topk_softmax_025,3,3,1.343966007232666,0.5248,0.5232185853115418,1.3105552732944488,0.26153847575187683,2.7976021587848665,nan,nan
cifar10,topk_softmax_025,3,4,1.279758095741272,0.5491,0.5470649718823474,1.2569996863603592,0.26153847575187683,2.7913643538951876,nan,nan
cifar10,topk_softmax_025,3,5,1.2354944944381714,0.5508,0.5450882027763572,1.235515794157982,0.26153847575187683,2.7906388461589815,nan,nan
cifar10,topk_softmax_025,3,6,1.193426489830017,0.5664,0.5642002473614438,1.190754845738411,0.26153844110667707,2.7860834687948226,nan,nan
cifar10,topk_softmax_025,3,7,1.1657507419586182,0.5702,0.5673205536490683,1.197331166267395,0.26153836511075496,2.781113302707672,nan,nan
cifar10,topk_softmax_025,3,8,1.1389166116714478,0.5809,0.5758163612446656,1.1580048680305481,0.26153834238648416,2.783749148249626,nan,nan
cifar10,topk_softmax_025,3,9,1.1072442531585693,0.5852,0.582608905332352,1.1563650906085967,0.2615382295101881,2.775198754668236,nan,nan
cifar10,topk_softmax_025,3,10,1.0854694843292236,0.6004,0.5997786923086814,1.1055365577340126,0.2615381684154272,2.7726120352745056,nan,nan
cifar10,topk_softmax_025,3,11,1.0528693199157715,0.585,0.5881177664203681,1.151824690401554,0.26153813041746615,2.7685594081878664,nan,nan
cifar10,topk_softmax_025,3,12,1.0285112857818604,0.6172,0.618748354832777,1.0687712579965591,0.2615380808711052,2.769772121310234,nan,nan
cifar10,topk_softmax_025,3,13,1.0063207149505615,0.5983,0.5909386161039238,1.1176655933260917,0.26153806671500207,2.774568012356758,nan,nan
cifar10,topk_softmax_025,3,14,0.9868960976600647,0.6248,0.6244623521086734,1.0573385253548622,0.26153795756399634,2.766196608543396,nan,nan
cifar10,topk_softmax_025,3,15,0.9693784713745117,0.6236,0.6168954398474578,1.0489979952573776,0.2615378316491842,2.765328958630562,nan,nan
cifar10,topk_softmax_025,3,16,0.9542330503463745,0.6204,0.6168593561222709,1.0619649484753608,0.2615376029163599,2.7580542892217634,nan,nan
cifar10,topk_softmax_025,3,17,0.9350622296333313,0.638,0.6362008016712892,1.0283609092235566,0.26153734102845194,2.754473161697388,nan,nan
cifar10,topk_softmax_025,3,18,0.9168329238891602,0.6324,0.6294874209703625,1.0348552122712136,0.2615371223539114,2.748538914322853,nan,nan
cifar10,topk_softmax_025,3,19,0.9050074219703674,0.6432,0.6403291186058858,1.0229532420635223,0.2615363132208586,2.7403615921735764,nan,nan
cifar10,topk_softmax_025,3,20,0.8850427269935608,0.6423,0.6382591013686616,1.0201816737651825,0.26153703927993777,2.746800422668457,nan,nan
cifar10,topk_softmax_025,3,21,0.878909170627594,0.636,0.63139748933366,1.0566114619374276,0.261536955088377,2.7465724676847456,nan,nan
cifar10,topk_softmax_025,3,22,0.864662230014801,0.648,0.6477504557401698,1.0190837249159812,0.26153661124408245,2.739796856045723,nan,nan
cifar10,topk_softmax_025,3,23,0.8437594175338745,0.6506,0.6468869225922647,1.0131099924445153,0.26153666600584985,2.741038057208061,nan,nan
cifar10,topk_softmax_025,3,24,0.8386145830154419,0.6547,0.651857975104664,0.9993448808789254,0.2615363359451294,2.740685111284256,nan,nan
cifar10,topk_softmax_025,3,25,0.8323898911476135,0.6508,0.6521709687311895,0.9988391414284706,0.26153614521026614,2.735689494013786,nan,nan
cifar10,topk_softmax_025,3,26,0.8134920001029968,0.6536,0.6548359721606455,0.9943829953670502,0.2615361772477627,2.735908231139183,nan,nan
cifar10,topk_softmax_025,3,27,0.8035731315612793,0.6501,0.6502109557593568,1.006209024786949,0.2615356925874949,2.734208932518959,nan,nan
cifar10,topk_softmax_025,3,28,0.786988377571106,0.658,0.6547280103283646,1.0075849622488022,0.26153475865721704,2.7245281279087066,nan,nan
cifar10,topk_softmax_025,3,29,0.781170666217804,0.6512,0.6503523831980552,1.002564911544323,0.26153535582125187,2.739549753069878,nan,nan
cifar10,topk_softmax_025,4,0,1.9069383144378662,0.3708,0.35369733369425205,1.6975499778985976,0.26153847575187683,2.8111940741539003,nan,nan
cifar10,topk_softmax_025,4,1,1.5816904306411743,0.4347,0.42004303987017666,1.521342322230339,0.26153847575187683,2.7881520092487335,nan,nan
cifar10,topk_softmax_025,4,2,1.4289606809616089,0.501,0.49464293984919383,1.3680719524621963,0.26153847575187683,2.7869555085897444,nan,nan
cifar10,topk_softmax_025,4,3,1.3393458127975464,0.5181,0.5237519541509663,1.3185180634260179,0.26153847575187683,2.783550852537155,nan,nan
cifar10,topk_softmax_025,4,4,1.2783464193344116,0.5479,0.5422561919927181,1.2507621675729752,0.26153846122324464,2.7807132631540297,nan,nan
cifar10,topk_softmax_025,4,5,1.2261945009231567,0.5625,0.5630695845294713,1.2261703491210938,0.2615383680909872,2.7728917986154555,nan,nan
cifar10,topk_softmax_025,4,6,1.1830072402954102,0.5679,0.5714280134632769,1.1992448151111603,0.2615383017808199,2.771838492155075,nan,nan
cifar10,topk_softmax_025,4,7,1.159433364868164,0.5737,0.5707011973536651,1.2019181698560715,0.2615380872040987,2.7658677816390993,nan,nan
cifar10,topk_softmax_025,4,8,1.1268768310546875,0.5886,0.5825374885753882,1.151964196562767,0.2615380585193634,2.7681570678949354,nan,nan
cifar10,topk_softmax_025,4,9,1.1026506423950195,0.588,0.5833436468235774,1.1400477081537246,0.26153787039220333,2.7666860580444337,nan,nan
cifar10,topk_softmax_025,4,10,1.078018307685852,0.6052,0.60483484066593,1.1145428881049155,0.26153779551386835,2.7666429489851,nan,nan
cifar10,topk_softmax_025,4,11,1.05538010597229,0.6087,0.6078410438513562,1.1050257042050362,0.2615373142063618,2.749653536081314,nan,nan
cifar10,topk_softmax_025,4,12,1.032738447189331,0.611,0.607351399614477,1.0916769489645959,0.26153772287070753,2.762922856211662,nan,nan
cifar10,topk_softmax_025,4,13,1.0151396989822388,0.6151,0.6109694407123429,1.0900014206767081,0.26153770573437213,2.758962020277977,nan,nan
cifar10,topk_softmax_025,4,14,0.9969568848609924,0.6155,0.610862152482386,1.081006607413292,0.26153698451817037,2.750158315896988,nan,nan
cifar10,topk_softmax_025,4,15,0.9809129238128662,0.6206,0.6207777832629898,1.0715210869908334,0.261537067964673,2.7484905511140822,nan,nan
cifar10,topk_softmax_025,4,16,0.964140772819519,0.6245,0.6252072658768657,1.0561559215188026,0.26153729744255544,2.757002031803131,nan,nan
cifar10,topk_softmax_025,4,17,0.945336103439331,0.6241,0.6206040761139293,1.056938886642456,0.2615369319915771,2.747546997666359,nan,nan
cifar10,topk_softmax_025,4,18,0.9314509034156799,0.6346,0.6332232904390274,1.0240850195288658,0.26153649017214775,2.7472220838069914,nan,nan
cifar10,topk_softmax_025,4,19,0.9166257977485657,0.6299,0.6323053078501346,1.039047732949257,0.2615361828356981,2.744087263941765,nan,nan
cifar10,topk_softmax_025,4,20,0.907768726348877,0.6367,0.6337157086209824,1.0502259090542794,0.2615368623286486,2.7498029232025147,nan,nan
cifar10,topk_softmax_025,4,21,0.8850078582763672,0.6361,0.6355020051972688,1.0292203158140183,0.26153598725795746,2.744490870833397,nan,nan
cifar10,topk_softmax_025,4,22,0.8802553415298462,0.6385,0.636962254219906,1.038726982474327,0.26153574846684935,2.7373225569725035,nan,nan
cifar10,topk_softmax_025,4,23,0.863038182258606,0.6361,0.6342731808632013,1.03300548940897,0.2615355584770441,2.740720635652542,nan,nan
cifar10,topk_softmax_025,4,24,0.8489212989807129,0.6455,0.6423022075296811,1.018802897632122,0.26153315380215647,2.732297495007515,nan,nan
cifar10,topk_softmax_025,4,25,0.8360179662704468,0.6394,0.6412648891480209,1.0279356405138969,0.2615336053073406,2.7230136156082154,nan,nan
cifar10,topk_softmax_025,4,26,0.8243091702461243,0.6457,0.6449021961051445,1.0235053464770316,0.26153530143201353,2.7369551360607147,nan,nan
cifar10,topk_softmax_025,4,27,0.8181688189506531,0.6369,0.6356697709691118,1.0275051295757294,0.26153279803693297,2.7251674801111223,nan,nan
cifar10,topk_softmax_025,4,28,0.804349958896637,0.647,0.6473668398825894,1.0184876546263695,0.2615278657525778,2.7175633788108824,nan,nan
cifar10,topk_softmax_025,4,29,0.7954405546188354,0.6518,0.6469503883743425,1.0286086633801461,0.26153002604842185,2.71454456448555,nan,nan
cifar10,topk_softmax_025,5,0,1.8950650691986084,0.3871,0.3772326884005522,1.660557249188423,0.26153847575187683,2.818646749854088,nan,nan
cifar10,topk_softmax_025,5,1,1.5555328130722046,0.4658,0.462737102933312,1.483046904206276,0.26153847575187683,2.789014971256256,nan,nan
cifar10,topk_softmax_025,5,2,1.4249011278152466,0.4964,0.48985444959790847,1.3886200934648514,0.26153847575187683,2.798481619358063,nan,nan
cifar10,topk_softmax_025,5,3,1.3387701511383057,0.5114,0.4967004979757341,1.3360836535692215,0.26153847575187683,2.791076195240021,nan,nan
cifar10,topk_softmax_025,5,4,1.2795132398605347,0.5361,0.5275176464076597,1.285558208823204,0.26153847575187683,2.7891366302967073,nan,nan
cifar10,topk_softmax_025,5,5,1.2346863746643066,0.5602,0.5576000183010181,1.2218465894460677,0.26153847575187683,2.785602906346321,nan,nan
cifar10,topk_softmax_025,5,6,1.188494324684143,0.5609,0.5586749195659254,1.2234967529773713,0.26153847575187683,2.7843474060297013,nan,nan
cifar10,topk_softmax_025,5,7,1.155651569366455,0.5734,0.5703883937194658,1.173713254928589,0.26153847575187683,2.781175601482391,nan,nan
cifar10,topk_softmax_025,5,8,1.1239372491836548,0.5835,0.5800208871926833,1.1646254926919937,0.26153847575187683,2.781407800316811,nan,nan
cifar10,topk_softmax_025,5,9,1.1059361696243286,0.591,0.5905408246805748,1.1359091132879258,0.26153847575187683,2.778718987107277,nan,nan
cifar10,topk_softmax_025,5,10,1.0769301652908325,0.5979,0.5979125458120242,1.132162582874298,0.26153847575187683,2.776175540685654,nan,nan
cifar10,topk_softmax_025,5,11,1.0500423908233643,0.6098,0.611195165980277,1.1084862768650054,0.26153847575187683,2.78019460439682,nan,nan
cifar10,topk_softmax_025,5,12,1.0332094430923462,0.612,0.6110845391232884,1.0881535559892654,0.26153847575187683,2.777656728029251,nan,nan
cifar10,topk_softmax_025,5,13,1.0035039186477661,0.6104,0.6044410306371291,1.1042808875441552,0.26153847575187683,2.771394097805023,nan,nan
cifar10,topk_softmax_025,5,14,0.9868208169937134,0.6237,0.6231483774073656,1.0676960289478301,0.26153847575187683,2.7719084441661836,nan,nan
cifar10,topk_softmax_025,5,15,0.9663837552070618,0.6245,0.6215964646912328,1.0679644539952278,0.26153847575187683,2.7689970314502714,nan,nan
cifar10,topk_softmax_025,5,16,0.9517707824707031,0.6322,0.6315321520398791,1.0618156403303147,0.26153847575187683,2.764422509074211,nan,nan
cifar10,topk_softmax_025,5,17,0.9379987120628357,0.6379,0.635926153627376,1.0335140526294708,0.26153847575187683,2.7645028293132783,nan,nan
cifar10,topk_softmax_025,5,18,0.9173039793968201,0.6323,0.6295942808745421,1.0587964296340941,0.26153847575187683,2.766618549823761,nan,nan
cifar10,topk_softmax_025,5,19,0.9025407433509827,0.6318,0.6290775764771916,1.0550508603453637,0.26153847575187683,2.7687315225601195,nan,nan
cifar10,topk_softmax_025,5,20,0.887246310710907,0.6369,0.6359063914330861,1.0454750150442123,0.26153847575187683,2.7637484073638916,nan,nan
cifar10,topk_softmax_025,5,21,0.8762840628623962,0.6312,0.6261488907511528,1.063304501771927,0.26153847575187683,2.7594683289527895,nan,nan
cifar10,topk_softmax_025,5,22,0.8622277975082397,0.6429,0.6433091510713469,1.037636822462082,0.26153847575187683,2.756320756673813,nan,nan
cifar10,topk_softmax_025,5,23,0.8426963686943054,0.6457,0.6431217817032022,1.0267282351851463,0.26153847575187683,2.75599048435688,nan,nan
cifar10,topk_softmax_025,5,24,0.8379431366920471,0.6546,0.6526527456778025,1.0198061421513558,0.26153847575187683,2.7594212234020232,nan,nan
cifar10,topk_softmax_025,5,25,0.8166516423225403,0.6434,0.6394213730696899,1.0456443175673484,0.26153847575187683,2.7553662031888964,nan,nan
cifar10,topk_softmax_025,5,26,0.8086128830909729,0.6484,0.64695318581934,1.0490989163517952,0.26153847575187683,2.7581561714410783,nan,nan
cifar10,topk_softmax_025,5,27,0.8047829866409302,0.6446,0.6409958431195124,1.0364836394786834,0.26153847575187683,2.7458828717470167,nan,nan
cifar10,topk_softmax_025,5,28,0.7870814204216003,0.6419,0.6368271875210183,1.0651332497596742,0.26153847575187683,2.7584606170654298,nan,nan
cifar10,topk_softmax_025,5,29,0.7779895663261414,0.6429,0.6428369817860288,1.0612181738018989,0.26153847575187683,2.752738317847252,nan,nan
cifar10,topk_softmax_025,6,0,1.8814090490341187,0.3984,0.38473583148034873,1.6307157844305038,0.26153847575187683,2.7724195659160613,nan,nan
cifar10,topk_softmax_025,6,1,1.534652829170227,0.4599,0.46140573555083336,1.4937797635793686,0.26153847575187683,2.7829358011484144,nan,nan
cifar10,topk_softmax_025,6,2,1.4183720350265503,0.5009,0.49056418229798676,1.3803561687469483,0.26153847575187683,2.786991739273071,nan,nan
cifar10,topk_softmax_025,6,3,1.339470386505127,0.5312,0.5175836122371872,1.3062229126691818,0.26153847575187683,2.780039870738983,nan,nan
cifar10,topk_softmax_025,6,4,1.2790757417678833,0.5404,0.5300105388547548,1.281106534600258,0.26153847575187683,2.7734096378087996,nan,nan
cifar10,topk_softmax_025,6,5,1.2346320152282715,0.5676,0.5645222466441756,1.225655549764633,0.26153847575187683,2.7791648119688035,nan,nan
cifar10,topk_softmax_025,6,6,1.2003140449523926,0.5728,0.5686960444563967,1.1983014404773713,0.26153847575187683,2.7729310035705566,nan,nan
cifar10,topk_softmax_025,6,7,1.1676647663116455,0.583,0.5830927352032271,1.1920158177614213,0.26153847575187683,2.7669912934303285,nan,nan
cifar10,topk_softmax_025,6,8,1.1392978429794312,0.5975,0.5981391524452381,1.1541665762662887,0.26153847575187683,2.7639684051275255,nan,nan
cifar10,topk_softmax_025,6,9,1.111625075340271,0.5963,0.5927887130683122,1.1437449589371682,0.2615384727716446,2.7563368558883665,nan,nan
cifar10,topk_softmax_025,6,10,1.0880948305130005,0.6,0.5927137121250383,1.132207876443863,0.26153843477368355,2.7572899222373963,nan,nan
cifar10,topk_softmax_025,6,11,1.0667182207107544,0.6079,0.6023173332598085,1.1217531725764274,0.26153831630945207,2.7521205991506577,nan,nan
cifar10,topk_softmax_025,6,12,1.0437583923339844,0.6192,0.6180822353434394,1.0906108990311623,0.26153812520205977,2.752395460009575,nan,nan
cifar10,topk_softmax_025,6,13,1.0248838663101196,0.6226,0.6201448745928473,1.0788058623671533,0.26153789311647413,2.749070543050766,nan,nan
cifar10,topk_softmax_025,6,14,1.0001739263534546,0.6168,0.61042457701859,1.1001634642481803,0.26153780668973925,2.7416527599096296,nan,nan
cifar10,topk_softmax_025,6,15,0.9840076565742493,0.62,0.6164132248742495,1.0729347094893456,0.26153757199645045,2.7434781789779663,nan,nan
cifar10,topk_softmax_025,6,16,0.9664962887763977,0.6233,0.6193801281999309,1.071242344379425,0.2615375481545925,2.736031612753868,nan,nan
cifar10,topk_softmax_025,6,17,0.9499993920326233,0.6171,0.6162314430361583,1.0961582228541373,0.261537566408515,2.742224195599556,nan,nan
cifar10,topk_softmax_025,6,18,0.9354605078697205,0.6216,0.6234300162783408,1.0892251819372176,0.2615372762084007,2.7330410927534103,nan,nan
cifar10,topk_softmax_025,6,19,0.9202314615249634,0.6359,0.63060460613724,1.0517444789409638,0.2615374159067869,2.737544685602188,nan,nan
cifar10,topk_softmax_025,6,20,0.9018102884292603,0.6393,0.6379764802908007,1.032686711847782,0.2615371271967888,2.734197276830673,nan,nan
cifar10,topk_softmax_025,6,21,0.8866868615150452,0.644,0.6455200297818087,1.0336289197206496,0.26153700388967993,2.7252304583787916,nan,nan
cifar10,topk_softmax_025,6,22,0.8691774010658264,0.6517,0.6512034362605902,1.0212567687034606,0.26153670288622377,2.727285933494568,nan,nan
cifar10,topk_softmax_025,6,23,0.8593435287475586,0.651,0.6451699985443378,1.022764128446579,0.26153643876314164,2.7284463733434676,nan,nan
cifar10,topk_softmax_025,6,24,0.842815637588501,0.6499,0.6478127456157015,1.0189980939030647,0.2615364521741867,2.7246386438608168,nan,nan
cifar10,topk_softmax_025,6,25,0.8286106586456299,0.6434,0.6387597903302249,1.045464037358761,0.26153622902929785,2.7265796095132826,nan,nan
cifar10,topk_softmax_025,6,26,0.8251788020133972,0.6554,0.6539941754022418,1.0184550940990449,0.26153633296489714,2.729575017094612,nan,nan
cifar10,topk_softmax_025,6,27,0.8087332844734192,0.6539,0.6572429061814952,1.0273630067706108,0.2615363072603941,2.7334786325693132,nan,nan
cifar10,topk_softmax_025,6,28,0.8031976222991943,0.6532,0.6515810200197858,1.0209004029631614,0.26153554394841194,2.7299574702978133,nan,nan
cifar10,topk_softmax_025,6,29,0.7899620532989502,0.6609,0.6603948211332862,0.9977998107671737,0.26153608337044715,2.7293505668640137,nan,nan
cifar10,topk_softmax_025,7,0,1.842847466468811,0.3675,0.3614557991399735,1.7229890704154969,0.26153847575187683,2.8162612318992615,nan,nan
cifar10,topk_softmax_025,7,1,1.5382449626922607,0.4685,0.4605608035836265,1.463061946630478,0.26153847575187683,2.8077347368001937,nan,nan
cifar10,topk_softmax_025,7,2,1.404646635055542,0.507,0.49406747952473806,1.3628583788871764,0.26153847575187683,2.8097624331712723,nan,nan
cifar10,topk_softmax_025,7,3,1.3207875490188599,0.5175,0.5049188456913887,1.3567805856466293,0.26153847575187683,2.8054245740175245,nan,nan
cifar10,topk_softmax_025,7,4,1.2662296295166016,0.5498,0.5479076589269036,1.256010290980339,0.26153847575187683,2.8044153094291686,nan,nan
cifar10,topk_softmax_025,7,5,1.2219798564910889,0.5618,0.5577714475568909,1.2370523005723952,0.26153847575187683,2.7919497907161714,nan,nan
cifar10,topk_softmax_025,7,6,1.1873887777328491,0.5633,0.5582321428938066,1.2215947687625885,0.26153847575187683,2.791323161125183,nan,nan
cifar10,topk_softmax_025,7,7,1.1507196426391602,0.5653,0.5646772978839761,1.2161814481019975,0.26153847575187683,2.784450075030327,nan,nan
cifar10,topk_softmax_025,7,8,1.126565933227539,0.5917,0.5883301129799088,1.1614550352096558,0.26153847575187683,2.786183398962021,nan,nan
cifar10,topk_softmax_025,7,9,1.0924317836761475,0.5961,0.5910899374960354,1.1417507231235504,0.26153847575187683,2.7888721406459807,nan,nan
cifar10,topk_softmax_025,7,10,1.0752992630004883,0.5982,0.596339978113174,1.1260869979858399,0.26153847575187683,2.786544305086136,nan,nan
cifar10,topk_softmax_025,7,11,1.0422450304031372,0.5985,0.5925423380892947,1.1378141254186631,0.26153847575187683,2.7794774174690247,nan,nan
cifar10,topk_softmax_025,7,12,1.0354573726654053,0.6064,0.6028131482743313,1.1063118562102319,0.26153847575187683,2.7749975115060805,nan,nan
cifar10,topk_softmax_025,7,13,1.0015931129455566,0.6145,0.6095072163570594,1.1063367515802383,0.26153847575187683,2.7797036945819853,nan,nan
cifar10,topk_softmax_025,7,14,0.9887139797210693,0.6155,0.6138405303078645,1.100483702123165,0.26153847575187683,2.777320870757103,nan,nan
cifar10,topk_softmax_025,7,15,0.969997763633728,0.6249,0.6241926429460851,1.0614107310771943,0.26153847575187683,2.7764745175838472,nan,nan
cifar10,topk_softmax_025,7,16,0.9517655372619629,0.6243,0.6250389420891151,1.0572503969073295,0.26153846420347693,2.775305473804474,nan,nan
cifar10,topk_softmax_025,7,17,0.9344269037246704,0.6306,0.6284069477330734,1.058579747378826,0.2615384668111801,2.7736496925354004,nan,nan
cifar10,topk_softmax_025,7,18,0.9230409860610962,0.6331,0.6344028088075533,1.0571694880723954,0.261538440734148,2.7731867671012878,nan,nan
cifar10,topk_softmax_025,7,19,0.8991843461990356,0.6252,0.6232083512634417,1.0595835134387017,0.2615384206175804,2.7742700278759003,nan,nan
cifar10,topk_softmax_025,7,20,0.8926770687103271,0.6293,0.6299016786234992,1.058647371828556,0.2615383915603161,2.7676647305488586,nan,nan
cifar10,topk_softmax_025,7,21,0.8730682730674744,0.6323,0.6297186817358614,1.0637423753738404,0.26153839714825156,2.765289396047592,nan,nan
cifar10,topk_softmax_025,7,22,0.8608842492103577,0.6318,0.6323010408320896,1.0569547086954116,0.261538365483284,2.766342979669571,nan,nan
cifar10,topk_softmax_025,7,23,0.8539989590644836,0.6356,0.637702573629781,1.0395777925848961,0.26153836250305174,2.7678583353757857,nan,nan
cifar10,topk_softmax_025,7,24,0.8312362432479858,0.6391,0.635042601445147,1.0627930179238319,0.26153838224709036,2.768164277076721,nan,nan
cifar10,topk_softmax_025,7,25,0.8302199244499207,0.6477,0.6451650171607449,1.0203232929110526,0.26153836511075496,2.7684654504060746,nan,nan
cifar10,topk_softmax_025,7,26,0.8197956681251526,0.6435,0.6426678449728901,1.0377612739801407,0.261538415029645,2.7629856556653976,nan,nan
cifar10,topk_softmax_025,7,27,0.8061848878860474,0.6468,0.6467959930249371,1.025053183734417,0.26153839714825156,2.7588892608880995,nan,nan
cifar10,topk_softmax_025,7,28,0.7992687225341797,0.6404,0.6399174785893027,1.0413435027003288,0.26153834238648416,2.763804557919502,nan,nan
cifar10,topk_softmax_025,7,29,0.7852537631988525,0.6452,0.6467935812675428,1.036160883307457,0.26153828389942646,2.7618431568145754,nan,nan
cifar10,topk_softmax_025,8,0,1.8622798919677734,0.3864,0.3683417126865895,1.678818240761757,0.26153847575187683,2.8169892549514772,nan,nan
cifar10,topk_softmax_025,8,1,1.5505081415176392,0.4708,0.4661997358557147,1.4691799968481063,0.26153847575187683,2.796424600481987,nan,nan
cifar10,topk_softmax_025,8,2,1.4166300296783447,0.5093,0.5057644317690431,1.3617026776075363,0.26153847575187683,2.7926045089960096,nan,nan
cifar10,topk_softmax_025,8,3,1.3415465354919434,0.5281,0.5233779915178653,1.3120022594928742,0.26153847575187683,2.7940779745578768,nan,nan
cifar10,topk_softmax_025,8,4,1.2875524759292603,0.5403,0.5440663173647329,1.2816970825195313,0.26153847575187683,2.782115897536278,nan,nan
cifar10,topk_softmax_025,8,5,1.2380123138427734,0.5566,0.5563573210866835,1.2304721146821975,0.26153847575187683,2.781976181268692,nan,nan
cifar10,topk_softmax_025,8,6,1.1978033781051636,0.5643,0.5622561050696705,1.2125541687011718,0.26153847575187683,2.7766079127788545,nan,nan
cifar10,topk_softmax_025,8,7,1.1617692708969116,0.5737,0.5720504419683021,1.1787536799907685,0.26153847575187683,2.7762462377548216,nan,nan
cifar10,topk_softmax_025,8,8,1.1355841159820557,0.5713,0.5700943288120207,1.2019012093544006,0.26153847575187683,2.769696670770645,nan,nan
cifar10,topk_softmax_025,8,9,1.1066983938217163,0.5765,0.5681317890446589,1.185973870754242,0.26153847575187683,2.779048815369606,nan,nan
cifar10,topk_softmax_025,8,10,1.079478144645691,0.5998,0.6013872062138313,1.121862170100212,0.26153847575187683,2.772621801495552,nan,nan
cifar10,topk_softmax_025,8,11,1.0639952421188354,0.6065,0.6082085777919692,1.1021061673760415,0.26153847575187683,2.7637544721364975,nan,nan
cifar10,topk_softmax_025,8,12,1.036687970161438,0.6065,0.6094357582791823,1.1056513667106629,0.26153847575187683,2.7663963198661805,nan,nan
cifar10,topk_softmax_025,8,13,1.0220153331756592,0.6087,0.6065902001105055,1.0929899916052819,0.26153847575187683,2.7632997155189516,nan,nan
cifar10,topk_softmax_025,8,14,0.9993683099746704,0.6189,0.6200256855029314,1.0647539272904396,0.26153847575187683,2.7689020097255708,nan,nan
cifar10,topk_softmax_025,8,15,0.9810687303543091,0.616,0.6146580149682013,1.0955447897315025,0.26153847575187683,2.7648917704820635,nan,nan
cifar10,topk_softmax_025,8,16,0.964133083820343,0.6228,0.6198509913663283,1.0665265396237373,0.26153847575187683,2.754095333814621,nan,nan
cifar10,topk_softmax_025,8,17,0.950032651424408,0.619,0.6162081339958922,1.0838236272335053,0.26153847575187683,2.758813792467117,nan,nan
cifar10,topk_softmax_025,8,18,0.9402932524681091,0.63,0.6341467788267054,1.0525847136974336,0.2615384668111801,2.7566382735967636,nan,nan
cifar10,topk_softmax_025,8,19,0.9200615286827087,0.6345,0.6348700117818351,1.042504607141018,0.2615384668111801,2.752349576354027,nan,nan
cifar10,topk_softmax_025,8,20,0.9045342206954956,0.6307,0.6315167438190932,1.0479323908686637,0.26153844930231573,2.7549586266279222,nan,nan
cifar10,topk_softmax_025,8,21,0.889830470085144,0.6314,0.6300925285448118,1.0551940828561783,0.26153846085071564,2.754330661892891,nan,nan
cifar10,topk_softmax_025,8,22,0.8795657753944397,0.6328,0.6333629087529747,1.0402339905500413,0.26153843514621256,2.747438931465149,nan,nan
cifar10,topk_softmax_025,8,23,0.865169882774353,0.6382,0.6387026465958059,1.023756141960621,0.26153846085071564,2.7485209465026856,nan,nan
cifar10,topk_softmax_025,8,24,0.8494734168052673,0.635,0.6344296658536163,1.049694500863552,0.2615384116768837,2.73959995508194,nan,nan
cifar10,topk_softmax_025,8,25,0.8447443842887878,0.6355,0.6357673861696299,1.034794993698597,0.26153846085071564,2.7518864274024963,nan,nan
cifar10,topk_softmax_025,8,26,0.8264685273170471,0.6405,0.6394010219776025,1.0340713113546371,0.2615384552627802,2.7436159372329714,nan,nan
cifar10,topk_softmax_025,8,27,0.8146929740905762,0.6418,0.6419983768044191,1.0217085465788842,0.2615384727716446,2.739127480983734,nan,nan
cifar10,topk_softmax_025,8,28,0.8085752725601196,0.6493,0.6497208556966062,1.0286705270409584,0.2615384437143803,2.7390353113412855,nan,nan
cifar10,topk_softmax_025,8,29,0.798911452293396,0.6401,0.6420680419929903,1.0351702287793159,0.2615384433418512,2.7411455422639848,nan,nan
cifar10,topk_softmax_025,9,0,1.8798447847366333,0.3823,0.3542141456129636,1.652614837884903,0.26153847575187683,2.810831493139267,nan,nan
cifar10,topk_softmax_025,9,1,1.5699371099472046,0.4622,0.4537299851745729,1.459754553437233,0.26153847575187683,2.784635376930237,nan,nan
cifar10,topk_softmax_025,9,2,1.4155800342559814,0.4924,0.4841240030867799,1.3891394048929215,0.26153847575187683,2.7833176076412203,nan,nan
cifar10,topk_softmax_025,9,3,1.332363247871399,0.5135,0.5033112868976172,1.3636460155248642,0.26153847575187683,2.77751886844635,nan,nan
cifar10,topk_softmax_025,9,4,1.2719991207122803,0.5482,0.5443027925887229,1.2640028893947601,0.2615384291857481,2.7762507140636443,nan,nan
cifar10,topk_softmax_025,9,5,1.2244888544082642,0.553,0.5480355854632175,1.2295279592275619,0.261538365483284,2.7749292969703676,nan,nan
cifar10,topk_softmax_025,9,6,1.18665611743927,0.5536,0.5525592905612436,1.2192587375640869,0.2615383077412844,2.767668768763542,nan,nan
cifar10,topk_softmax_025,9,7,1.159907341003418,0.563,0.5589020150814532,1.1877706125378609,0.26153817400336266,2.7692244589328765,nan,nan
cifar10,topk_softmax_025,9,8,1.1370514631271362,0.5855,0.5825755081573563,1.144876989722252,0.2615381542593241,2.7690443336963653,nan,nan
cifar10,topk_softmax_025,9,9,1.107734203338623,0.5886,0.5849829028269928,1.1386288166046143,0.2615381196141243,2.7703435987234117,nan,nan
cifar10,topk_softmax_025,9,10,1.0766469240188599,0.5888,0.5824081771178569,1.1489654451608657,0.2615379452705383,2.762441721558571,nan,nan
cifar10,topk_softmax_025,9,11,1.0587290525436401,0.5997,0.5969048436737567,1.112453329563141,0.26153812520205977,2.770845338702202,nan,nan
cifar10,topk_softmax_025,9,12,1.0383257865905762,0.5993,0.5975715057871109,1.1136328294873237,0.2615379825234413,2.765046700835228,nan,nan
cifar10,topk_softmax_025,9,13,1.0194382667541504,0.611,0.6091718375129023,1.0884922578930856,0.2615380961447954,2.7716156214475633,nan,nan
cifar10,topk_softmax_025,9,14,1.0012089014053345,0.6153,0.6158908071130382,1.0772672802209855,0.26153765581548216,2.7642643958330155,nan,nan
cifar10,topk_softmax_025,9,15,0.9903815388679504,0.6111,0.6141022559455658,1.0719187200069427,0.26153698191046715,2.757402536273003,nan,nan
cifar10,topk_softmax_025,9,16,0.9792715907096863,0.6195,0.6233015041715486,1.0571439877152442,0.26153730899095534,2.766093134880066,nan,nan
cifar10,topk_softmax_025,9,17,0.9516741633415222,0.6208,0.6211702947425064,1.0493791848421097,0.2615369040518999,2.76028910279274,nan,nan
cifar10,topk_softmax_025,9,18,0.9373534321784973,0.629,0.6280849351771128,1.0438580363988876,0.2615370396524668,2.757347509264946,nan,nan
cifar10,topk_softmax_025,9,19,0.9253390431404114,0.6292,0.6279621725241719,1.042237964272499,0.26153677366673944,2.75828338265419,nan,nan
cifar10,topk_softmax_025,9,20,0.9156866669654846,0.6353,0.6328584468849131,1.0545268118381501,0.2615367565304041,2.7544334143400193,nan,nan
cifar10,topk_softmax_025,9,21,0.8896587491035461,0.6385,0.638198784349851,1.037352056801319,0.26153659969568255,2.7574290364980696,nan,nan
cifar10,topk_softmax_025,9,22,0.8865812420845032,0.6409,0.6410470135983948,1.0195624873042106,0.26153477318584917,2.7477792531251906,nan,nan
cifar10,topk_softmax_025,9,23,0.8692287802696228,0.6393,0.6404818401043595,1.0180754080414771,0.26153574213385583,2.750282195210457,nan,nan
cifar10,topk_softmax_025,9,24,0.8635259866714478,0.6402,0.6395162411394772,1.016164430975914,0.26153547018766404,2.7475145637989042,nan,nan
cifar10,topk_softmax_025,9,25,0.8467724919319153,0.6315,0.6343447407663232,1.0492683127522469,0.2615368600934744,2.7572952777147295,nan,nan
cifar10,topk_softmax_025,9,26,0.8378918766975403,0.6414,0.643427157037932,1.0221386820077896,0.2615362726151943,2.755293369293213,nan,nan
cifar10,topk_softmax_025,9,27,0.8220860362052917,0.6475,0.6467790566266565,1.0101857319474221,0.2615364097058773,2.7551580339670183,nan,nan
cifar10,topk_softmax_025,9,28,0.8108641505241394,0.6475,0.6486297900163971,1.0104210644960403,0.26153596118092537,2.7511736869812013,nan,nan
cifar10,topk_softmax_025,9,29,0.8032024502754211,0.6433,0.6439919107907377,1.0406234055757522,0.2615358751267195,2.749201995134354,nan,nan
cifar10,topk_softmax_05,0,0,1.923452615737915,0.3899,0.3863318395556515,1.655853843688965,0.5076922252774239,3.4507822513580324,nan,nan
cifar10,topk_softmax_05,0,1,1.5822516679763794,0.4455,0.44002912319002674,1.5102408409118653,0.5076923370361328,3.4301894307136536,nan,nan
cifar10,topk_softmax_05,0,2,1.4439454078674316,0.4967,0.48757715002977414,1.3764438092708589,0.5076923370361328,3.414982941746712,nan,nan
cifar10,topk_softmax_05,0,3,1.348945140838623,0.5264,0.5212382804710981,1.3067130953073502,0.5076923310756684,3.394436240196228,nan,nan
cifar10,topk_softmax_05,0,4,1.2891912460327148,0.5342,0.5228341960381738,1.2794876664876937,0.5076923310756684,3.39364478290081,nan,nan
cifar10,topk_softmax_05,0,5,1.2455374002456665,0.5522,0.5511833668632348,1.2394629031419755,0.5076923310756684,3.386339086294174,nan,nan
cifar10,topk_softmax_05,0,6,1.1992741823196411,0.5654,0.5594382049077622,1.2323515385389328,0.5076922468841076,3.3733972519636155,nan,nan
cifar10,topk_softmax_05,0,7,1.1597789525985718,0.5924,0.5911937532506543,1.1491713896393776,0.5076922610402107,3.379123732447624,nan,nan
cifar10,topk_softmax_05,0,8,1.129961609840393,0.5894,0.5852160338176317,1.1389860808849335,0.5076906181871891,3.365308663249016,nan,nan
cifar10,topk_softmax_05,0,9,1.1030634641647339,0.5944,0.5884867354137712,1.1426668778061866,0.507691441476345,3.3675167739391325,nan,nan
cifar10,topk_softmax_05,0,10,1.074317455291748,0.6134,0.616789443890945,1.0883974120020867,0.5076894544064998,3.3552592277526854,nan,nan
cifar10,topk_softmax_05,0,11,1.040718674659729,0.6129,0.6088841910941459,1.0959070861339568,0.5076842769980431,3.3452270925045013,nan,nan
cifar10,topk_softmax_05,0,12,1.0206891298294067,0.6171,0.6133904655345451,1.1008135691285132,0.5076875716447831,3.358046880364418,nan,nan
cifar10,topk_softmax_05,0,13,1.005250334739685,0.6309,0.6293958184387202,1.0580613300204278,0.5076838150620461,3.3497017353773115,nan,nan
cifar10,topk_softmax_05,0,14,0.985896646976471,0.6254,0.6284790286356773,1.0560792416334153,0.5076749838888646,3.3407174438238143,nan,nan
cifar10,topk_softmax_05,0,15,0.9667038917541504,0.6398,0.6389972513184314,1.0281623721122741,0.5076908312737942,3.3586428344249724,nan,nan
cifar10,topk_softmax_05,0,16,0.9443213939666748,0.644,0.6470640141041274,1.013895183801651,0.5076811470091342,3.3344214022159577,nan,nan
cifar10,topk_softmax_05,0,17,0.9321028590202332,0.6448,0.6405596496248176,1.0184121206402779,0.5076588243246078,3.3284904986619948,nan,nan
cifar10,topk_softmax_05,0,18,0.9108389019966125,0.6462,0.6406381025828856,0.9921629145741463,0.5076867617666722,3.342516005039215,nan,nan
cifar10,topk_softmax_05,0,19,0.8911248445510864,0.6534,0.6500811755268161,0.9888986572623253,0.5076890662312508,3.347304531931877,nan,nan
cifar10,topk_softmax_05,0,20,0.880551278591156,0.6584,0.661198795741814,0.9780963316559792,0.5076672926545143,3.3291690915822985,nan,nan
cifar10,topk_softmax_05,0,21,0.868148148059845,0.6645,0.6623183194126232,0.977937875688076,0.5076668858528137,3.323410800099373,nan,nan
cifar10,topk_softmax_05,0,22,0.8532545566558838,0.6591,0.6559313586861363,0.9716089352965355,0.5076280631124973,3.3138413786888123,nan,nan
cifar10,topk_softmax_05,0,23,0.8383526802062988,0.6442,0.6431502892480493,1.03460403829813,0.5076652750372886,3.3248487263917923,nan,nan
cifar10,topk_softmax_05,0,24,0.8280553221702576,0.664,0.6614792943427221,0.9804077997803688,0.5075650557875633,3.304164057970047,nan,nan
cifar10,topk_softmax_05,0,25,0.8086466789245605,0.6618,0.6599907193384233,0.9684948816895484,0.5076752051711082,3.325254166126251,nan,nan
cifar10,topk_softmax_05,0,26,0.8022859692573547,0.665,0.665385885126905,0.963238351047039,0.5076275497674942,3.3050657242536543,nan,nan
cifar10,topk_softmax_05,0,27,0.7873726487159729,0.669,0.667805762805393,0.9503384664654732,0.507656542956829,3.312095108628273,nan,nan
cifar10,topk_softmax_05,0,28,0.7816476821899414,0.6668,0.6669290410791052,0.9786462843418121,0.5076186008751392,3.3019457668066026,nan,nan
cifar10,topk_softmax_05,0,29,0.774211049079895,0.6771,0.678353586758517,0.942003357410431,0.5075965322554111,3.2928734719753265,nan,nan
cifar10,topk_softmax_05,1,0,1.915313959121704,0.3886,0.37014332994223936,1.6828066855669022,0.5076902121305465,3.4121738016605376,nan,nan
cifar10,topk_softmax_05,1,1,1.6124727725982666,0.4434,0.432539787290852,1.535947585105896,0.5076923370361328,3.3909131467342375,nan,nan
cifar10,topk_softmax_05,1,2,1.4791768789291382,0.4812,0.47693950165165583,1.435293021798134,0.5076923370361328,3.415048676729202,nan,nan
cifar10,topk_softmax_05,1,3,1.389418363571167,0.5091,0.5093684824489644,1.3720874786376953,0.5076923370361328,3.4094528794288634,nan,nan
cifar10,topk_softmax_05,1,4,1.3335211277008057,0.5176,0.5081095847210635,1.349180981516838,0.5076923370361328,3.4240787595510485,nan,nan
cifar10,topk_softmax_05,1,5,1.2765214443206787,0.5429,0.5400699430179622,1.2785140067338943,0.5076923370361328,3.4319845169782637,nan,nan
cifar10,topk_softmax_05,1,6,1.233451008796692,0.5451,0.542720162781219,1.259213837981224,0.5076923370361328,3.4310895949602127,nan,nan
cifar10,topk_softmax_05,1,7,1.1935011148452759,0.5595,0.5529294564896998,1.2152529686689377,0.5076923370361328,3.409552440047264,nan,nan
cifar10,topk_softmax_05,1,8,1.158054232597351,0.5778,0.5757521402309306,1.1842759013175965,0.5076923370361328,3.4083608061075212,nan,nan
cifar10,topk_softmax_05,1,9,1.1217212677001953,0.5766,0.5761908571635272,1.1727300763130188,0.5076923370361328,3.435600048303604,nan,nan
cifar10,topk_softmax_05,1,10,1.0904079675674438,0.5829,0.5740761935731222,1.1461306244134903,0.5076923370361328,3.4213027000427245,nan,nan
cifar10,topk_softmax_05,1,11,1.0690793991088867,0.5991,0.5946458602411491,1.1338455140590669,0.5076923370361328,3.4150426208972933,nan,nan
cifar10,topk_softmax_05,1,12,1.0387067794799805,0.6087,0.6037527071762938,1.105501925945282,0.5076923370361328,3.4293525546789168,nan,nan
cifar10,topk_softmax_05,1,13,1.0166407823562622,0.6066,0.6006723397178754,1.1048908039927483,0.5076923370361328,3.419424149394035,nan,nan
cifar10,topk_softmax_05,1,14,0.9981457591056824,0.6266,0.6268761411705038,1.0552444979548454,0.5076923370361328,3.417718729376793,nan,nan
cifar10,topk_softmax_05,1,15,0.9741455316543579,0.6233,0.6214916754834607,1.068408541381359,0.5076923370361328,3.4280190378427506,nan,nan
cifar10,topk_softmax_05,1,16,0.9554416537284851,0.6282,0.6301293911562256,1.0639855921268464,0.5076923370361328,3.418610140681267,nan,nan
cifar10,topk_softmax_05,1,17,0.9358930587768555,0.6356,0.6329251398145386,1.0389135882258416,0.5076923161745072,3.422018086910248,nan,nan
cifar10,topk_softmax_05,1,18,0.9246989488601685,0.6299,0.633263774096808,1.0488854929804803,0.5076923221349716,3.4236759811639788,nan,nan
cifar10,topk_softmax_05,1,19,0.9109038710594177,0.6366,0.636555793911506,1.031275202333927,0.5076922908425331,3.419308215379715,nan,nan
cifar10,topk_softmax_05,1,20,0.8945909142494202,0.6383,0.635791191327599,1.0325889840722084,0.507692313939333,3.415393579006195,nan,nan
cifar10,topk_softmax_05,1,21,0.878684401512146,0.6441,0.6431876349499224,1.0200785726308823,0.5076923079788684,3.4185812711715697,nan,nan
cifar10,topk_softmax_05,1,22,0.8633131384849548,0.65,0.6462548053548822,1.0113733917474748,0.5076922357082367,3.4127020686864853,nan,nan
cifar10,topk_softmax_05,1,23,0.8457067608833313,0.6564,0.6540637930635775,1.0079731717705727,0.5076922759413719,3.4114853382110595,nan,nan
cifar10,topk_softmax_05,1,24,0.8326751589775085,0.6555,0.6496649282035011,1.0075220718979836,0.5076922498643398,3.4103256821632386,nan,nan
cifar10,topk_softmax_05,1,25,0.8305994868278503,0.6594,0.6574289905939628,1.0035395637154578,0.5076921336352825,3.4070353716611863,nan,nan
cifar10,topk_softmax_05,1,26,0.8111713528633118,0.6424,0.6392507815858205,1.0613949805498124,0.5076920092105865,3.4036315947771074,nan,nan
cifar10,topk_softmax_05,1,27,0.8120619058609009,0.6616,0.6588907823706968,0.9901658892631531,0.5076920881867408,3.413231486082077,nan,nan
cifar10,topk_softmax_05,1,28,0.7897238731384277,0.6663,0.6633916503083729,0.9908771306276322,0.5076918259263039,3.4078735768795014,nan,nan
cifar10,topk_softmax_05,1,29,0.7841578125953674,0.6672,0.6656811327786495,0.9926527857780456,0.5076920755207539,3.4066721916198732,nan,nan
cifar10,topk_softmax_05,2,0,1.934183120727539,0.3747,0.3513934086669017,1.6909514784812927,0.5076923370361328,3.4365546464920045,nan,nan
cifar10,topk_softmax_05,2,1,1.5963268280029297,0.4411,0.4303589226619839,1.5195360839366914,0.5076923370361328,3.379099038243294,nan,nan
cifar10,topk_softmax_05,2,2,1.4500170946121216,0.5014,0.5041582118109469,1.401836282014847,0.5076923370361328,3.386550894379616,nan,nan
cifar10,topk_softmax_05,2,3,1.3548638820648193,0.53,0.5279384064942059,1.310092595219612,0.5076923370361328,3.3650385409593584,nan,nan
cifar10,topk_softmax_05,2,4,1.2899384498596191,0.5318,0.5289349915734294,1.2864105761051179,0.5076923161745072,3.37480146586895,nan,nan
cifar10,topk_softmax_05,2,5,1.2325314283370972,0.5458,0.5400874380160161,1.2401695936918258,0.5076921179890632,3.361301600933075,nan,nan
cifar10,topk_softmax_05,2,6,1.1922911405563354,0.5682,0.5621612976320398,1.2061985164880753,0.5076915495097637,3.3634296864271165,nan,nan
cifar10,topk_softmax_05,2,7,1.1587694883346558,0.5769,0.5737017218768325,1.1647460386157036,0.5076910704374313,3.3433564722537996,nan,nan
cifar10,topk_softmax_05,2,8,1.1231080293655396,0.584,0.5843407414256128,1.1473122134804725,0.5076912365853786,3.3686755925416945,nan,nan
cifar10,topk_softmax_05,2,9,1.0939441919326782,0.5914,0.5909802662604904,1.1258452355861663,0.5076882153749466,3.3450026243925093,nan,nan
cifar10,topk_softmax_05,2,10,1.0690970420837402,0.6187,0.61623799278422,1.0663770318031311,0.5076897993683815,3.3534587621688843,nan,nan
cifar10,topk_softmax_05,2,11,1.049655795097351,0.6112,0.6098346829066014,1.0836324334144591,0.5076887264847756,3.3475089251995085,nan,nan
cifar10,topk_softmax_05,2,12,1.0304569005966187,0.6214,0.6123337558939177,1.0744911521673202,0.5076880514621734,3.3521016120910643,nan,nan
cifar10,topk_softmax_05,2,13,0.9941518902778625,0.6276,0.6263836755576478,1.042880855500698,0.5076864086091518,3.342662897706032,nan,nan
cifar10,topk_softmax_05,2,14,0.9747645258903503,0.6149,0.615493101589634,1.0728859201073646,0.5076875746250152,3.353075587749481,nan,nan
cifar10,topk_softmax_05,2,15,0.9626490473747253,0.6261,0.6249902830903987,1.0459200024604798,0.5076874919235707,3.3559171169996262,nan,nan
cifar10,topk_softmax_05,2,16,0.9477488398551941,0.6384,0.6348881011630476,1.0293504640460014,0.507686297595501,3.3436343878507615,nan,nan
cifar10,topk_softmax_05,2,17,0.9299527406692505,0.6285,0.6292928054948633,1.0290262788534164,0.5076675586402416,3.3245506286621094,nan,nan
cifar10,topk_softmax_05,2,18,0.9158292412757874,0.6338,0.6316770127660506,1.022943139076233,0.5076741494238377,3.318301635980606,nan,nan
cifar10,topk_softmax_05,2,19,0.8974151611328125,0.6559,0.6522044543342223,0.9719794631004334,0.5076793543994427,3.3352945864200594,nan,nan
cifar10,topk_softmax_05,2,20,0.8784974813461304,0.6481,0.6457374755974021,0.9848022907972336,0.5076717212796211,3.3258460819721223,nan,nan
cifar10,topk_softmax_05,2,21,0.8697500228881836,0.6493,0.6438605578807367,0.995081116259098,0.5076677471399307,3.3217523485422134,nan,nan
cifar10,topk_softmax_05,2,22,0.8568875193595886,0.6607,0.6570789483257988,0.9589599296450615,0.507677397876978,3.332717564702034,nan,nan
cifar10,topk_softmax_05,2,23,0.8434295654296875,0.6664,0.6650961672041642,0.9518850460648537,0.5076648853719234,3.3139555364847184,nan,nan
cifar10,topk_softmax_05,2,24,0.8277022242546082,0.6624,0.6619039810014961,0.9569888830184936,0.5076768055558205,3.3242298275232316,nan,nan
cifar10,topk_softmax_05,2,25,0.8150211572647095,0.6676,0.6665599986237455,0.9645249634981156,0.5076617442071438,3.31966156065464,nan,nan
cifar10,topk_softmax_05,2,26,0.8037089109420776,0.6674,0.6645727640514455,0.9675856739282608,0.5076675310730934,3.311313968896866,nan,nan
cifar10,topk_softmax_05,2,27,0.8004781007766724,0.6653,0.6615634850106745,0.9717145144939423,0.5076665341854095,3.31452761888504,nan,nan
cifar10,topk_softmax_05,2,28,0.780174195766449,0.6679,0.6639333800211202,0.9605218723416329,0.5076580807566643,3.3111451029777528,nan,nan
cifar10,topk_softmax_05,2,29,0.7710738778114319,0.6728,0.6691683245327558,0.947435836493969,0.5076800122857094,3.331501266360283,nan,nan
cifar10,topk_softmax_05,3,0,1.9408268928527832,0.3676,0.339656087440351,1.6631063908338546,0.5076923370361328,3.4235434412956236,nan,nan
cifar10,topk_softmax_05,3,1,1.5818915367126465,0.454,0.44221267420626587,1.4835280030965805,0.5076923370361328,3.3992690235376357,nan,nan
cifar10,topk_softmax_05,3,2,1.4461108446121216,0.4743,0.4609444464622408,1.448154878616333,0.5076923370361328,3.42104794383049,nan,nan
cifar10,topk_softmax_05,3,3,1.3647918701171875,0.5166,0.5098312518308334,1.3311386674642562,0.5076923370361328,3.407640054821968,nan,nan
cifar10,topk_softmax_05,3,4,1.3008478879928589,0.5371,0.5280617749745949,1.2791454523801804,0.5076923370361328,3.4045888125896453,nan,nan
cifar10,topk_softmax_05,3,5,1.2543059587478638,0.5485,0.5387565203290481,1.2456356525421142,0.5076922930777072,3.3953442692756655,nan,nan
cifar10,topk_softmax_05,3,6,1.212005376815796,0.5596,0.5582262304026431,1.2110140085220338,0.5076922439038754,3.3944445699453354,nan,nan
cifar10,topk_softmax_05,3,7,1.1784424781799316,0.5635,0.5601293274528446,1.206643781065941,0.5076920218765736,3.3720862209796905,nan,nan
cifar10,topk_softmax_05,3,8,1.146796703338623,0.5871,0.5809183229899738,1.1464584693312645,0.50769202709198,3.3770517140626906,nan,nan
cifar10,topk_softmax_05,3,9,1.1177546977996826,0.5778,0.5735004992968008,1.1662967562675477,0.507691963762045,3.3728406697511675,nan,nan
cifar10,topk_softmax_05,3,10,1.0967823266983032,0.6023,0.5989157851388972,1.1053203478455544,0.5076919741928577,3.3781110256910325,nan,nan
cifar10,topk_softmax_05,3,11,1.0654062032699585,0.6019,0.6038239402156009,1.115228720009327,0.507691303640604,3.349603593349457,nan,nan
cifar10,topk_softmax_05,3,12,1.0444536209106445,0.6058,0.6082032613390467,1.10833939909935,0.5076916135847569,3.3648082494735716,nan,nan
cifar10,topk_softmax_05,3,13,1.0258111953735352,0.611,0.6049113333008603,1.0897905945777893,0.5076916083693505,3.3670347392559052,nan,nan
cifar10,topk_softmax_05,3,14,0.9981018900871277,0.6171,0.6153873202040375,1.0663157194852828,0.5076914593577385,3.360097959637642,nan,nan
cifar10,topk_softmax_05,3,15,0.9796567559242249,0.625,0.6197285467358367,1.062332247197628,0.5076917223632336,3.3737454414367676,nan,nan
cifar10,topk_softmax_05,3,16,0.9639736413955688,0.6337,0.6356611588722565,1.0472350522875786,0.5076912887394428,3.3506881475448607,nan,nan
cifar10,topk_softmax_05,3,17,0.9435613751411438,0.6222,0.6168381960574865,1.0660332292318344,0.507691053301096,3.344463881850243,nan,nan
cifar10,topk_softmax_05,3,18,0.9282292723655701,0.6413,0.6415137754414377,1.0193146929144858,0.5076914019882679,3.3547139763832092,nan,nan
cifar10,topk_softmax_05,3,19,0.9100121259689331,0.6416,0.6376163950831196,1.022323915362358,0.5076909892261028,3.340076559782028,nan,nan
cifar10,topk_softmax_05,3,20,0.8999106884002686,0.6489,0.6463984098852171,1.0064268946647643,0.5076905988156796,3.3489556163549423,nan,nan
cifar10,topk_softmax_05,3,21,0.8814302682876587,0.6477,0.6437035690611475,1.0140487998723984,0.5076910257339478,3.336965736746788,nan,nan
cifar10,topk_softmax_05,3,22,0.8688074946403503,0.6409,0.638864241931099,1.0334405407309533,0.5076901957392692,3.348816028237343,nan,nan
cifar10,topk_softmax_05,3,23,0.8525017499923706,0.6594,0.6576014388358483,0.9858233869075775,0.5076854780316353,3.326319521665573,nan,nan
cifar10,topk_softmax_05,3,24,0.8440423607826233,0.6615,0.656870122429933,0.9723865151405334,0.507690104842186,3.334864115715027,nan,nan
cifar10,topk_softmax_05,3,25,0.8301692008972168,0.6579,0.6560854422617085,0.9794506281614304,0.5076894901692868,3.3313482969999315,nan,nan
cifar10,topk_softmax_05,3,26,0.8208221793174744,0.6658,0.666181619263834,0.9540630236268044,0.5076901361346244,3.3463417649269105,nan,nan
cifar10,topk_softmax_05,3,27,0.8141492009162903,0.6589,0.6575519765284501,0.9862479329109192,0.5076860196888446,3.3191540271043776,nan,nan
cifar10,topk_softmax_05,3,28,0.7985970973968506,0.6632,0.6596956148218813,0.9734661504626274,0.5076903522014617,3.3437295496463775,nan,nan
cifar10,topk_softmax_05,3,29,0.781366229057312,0.6687,0.6664027002927395,0.9622142687439919,0.5076896578073502,3.3305207014083864,nan,nan
cifar10,topk_softmax_05,4,0,1.9536994695663452,0.3544,0.3340795704223346,1.7199386715888978,0.5076923370361328,3.440953353047371,nan,nan
cifar10,topk_softmax_05,4,1,1.5976725816726685,0.4558,0.44774133730123655,1.4926340311765671,0.5076923370361328,3.383046728372574,nan,nan
cifar10,topk_softmax_05,4,2,1.447243332862854,0.4847,0.47360545305942026,1.3953745752573012,0.5076923370361328,3.3768577456474302,nan,nan
cifar10,topk_softmax_05,4,3,1.361940860748291,0.5086,0.5074097286482258,1.340441393852234,0.5076923310756684,3.3724116295576096,nan,nan
cifar10,topk_softmax_05,4,4,1.2971081733703613,0.536,0.5295125093195437,1.2647831857204437,0.5076916567981243,3.365305933356285,nan,nan
cifar10,topk_softmax_05,4,5,1.2423348426818848,0.5419,0.5406107260534947,1.242697325348854,0.5076885156333446,3.3484205812215806,nan,nan
cifar10,topk_softmax_05,4,6,1.2058345079421997,0.5537,0.5580603912038107,1.2235366612672807,0.5076862119138241,3.353063851594925,nan,nan
cifar10,topk_softmax_05,4,7,1.1763801574707031,0.5569,0.5502339811385664,1.2208640307188035,0.5076880641281605,3.3573534339666367,nan,nan
cifar10,topk_softmax_05,4,8,1.1460665464401245,0.5796,0.5743747404547745,1.1703502625226974,0.507683876901865,3.3629159718751906,nan,nan
cifar10,topk_softmax_05,4,9,1.1117777824401855,0.57,0.5641129251403418,1.1827904015779496,0.5076747238636017,3.3476162761449815,nan,nan
cifar10,topk_softmax_05,4,10,1.090800404548645,0.5883,0.5818682806551458,1.1386338353157044,0.5076815463602543,3.3639903485774996,nan,nan
cifar10,topk_softmax_05,4,11,1.0688461065292358,0.5962,0.5977600659765315,1.1145662054419518,0.5076689720153809,3.347520852088928,nan,nan
cifar10,topk_softmax_05,4,12,1.0433123111724854,0.6095,0.6082478011454638,1.081979651749134,0.5076711155474186,3.352099007368088,nan,nan
cifar10,topk_softmax_05,4,13,1.023997187614441,0.6169,0.613990699886856,1.0737269788980484,0.5076773308217526,3.3669233173131943,nan,nan
cifar10,topk_softmax_05,4,14,1.0071409940719604,0.6166,0.6124179988018678,1.059221813082695,0.5076595984399319,3.348458135128021,nan,nan
cifar10,topk_softmax_05,4,15,0.9909273386001587,0.6215,0.6218611045406133,1.0513285189867019,0.5076451160013675,3.344408017396927,nan,nan
cifar10,topk_softmax_05,4,16,0.967187225818634,0.6316,0.6301091611453019,1.0283504739403724,0.5076626531779767,3.3572596073150636,nan,nan
cifar10,topk_softmax_05,4,17,0.9591284394264221,0.6311,0.6292416960368005,1.0182086199522018,0.5076418690383434,3.33247849047184,nan,nan
cifar10,topk_softmax_05,4,18,0.9317944049835205,0.638,0.63348370047177,1.0176682680845262,0.5076525278389454,3.338299587368965,nan,nan
cifar10,topk_softmax_05,4,19,0.9181356430053711,0.6391,0.6409690498499226,1.0249796658754349,0.5076344415545464,3.3305999487638474,nan,nan
cifar10,topk_softmax_05,4,20,0.9088894724845886,0.6393,0.6406873096124317,1.0022729545831681,0.5076380744576454,3.3259365290403364,nan,nan
cifar10,topk_softmax_05,4,21,0.8934228420257568,0.6451,0.6463645599166595,0.9950566247105599,0.5075880162417888,3.314434415102005,nan,nan
cifar10,topk_softmax_05,4,22,0.8788028359413147,0.6412,0.6389998340245361,1.0164129495620728,0.5076324306428432,3.334574484825134,nan,nan
cifar10,topk_softmax_05,4,23,0.8622496724128723,0.6393,0.6365265114170816,1.0264201059937477,0.5076224870979786,3.3198005497455596,nan,nan
cifar10,topk_softmax_05,4,24,0.8520904183387756,0.6536,0.6523731675719303,0.9737994447350502,0.507607427239418,3.315664511919022,nan,nan
cifar10,topk_softmax_05,4,25,0.8411888480186462,0.6545,0.6503083953532067,0.9857033476233482,0.507646357268095,3.3335467755794523,nan,nan
cifar10,topk_softmax_05,4,26,0.8351922631263733,0.6552,0.6498887995158399,0.986843253672123,0.5076028302311897,3.319895339012146,nan,nan
cifar10,topk_softmax_05,4,27,0.8190620541572571,0.6488,0.6489135031561175,1.01779403090477,0.5075932279229164,3.309757429361343,nan,nan
cifar10,topk_softmax_05,4,28,0.811782717704773,0.6598,0.6578880253521444,0.9707238361239433,0.5076293542981147,3.324956235289574,nan,nan
cifar10,topk_softmax_05,4,29,0.7981464862823486,0.6581,0.6543783009372871,0.9842786118388176,0.5076096370816231,3.3144095957279207,nan,nan
cifar10,topk_softmax_05,5,0,1.93296480178833,0.3787,0.3667834751701907,1.6971042156219482,0.5076923370361328,3.457670733332634,nan,nan
cifar10,topk_softmax_05,5,1,1.6005052328109741,0.4487,0.44144457603595955,1.5222850024700165,0.5076923370361328,3.42020525932312,nan,nan
cifar10,topk_softmax_05,5,2,1.4713006019592285,0.4857,0.4798531307963444,1.421007439494133,0.5076923370361328,3.428944233059883,nan,nan
cifar10,topk_softmax_05,5,3,1.377728819847107,0.5125,0.4978666270474041,1.350887456536293,0.5076923370361328,3.420812201499939,nan,nan
cifar10,topk_softmax_05,5,4,1.3205645084381104,0.5336,0.5267001739328283,1.2929616898298264,0.5076923370361328,3.4255183428525924,nan,nan
cifar10,topk_softmax_05,5,5,1.2673892974853516,0.5533,0.5510223181162373,1.2507022082805634,0.5076923370361328,3.4131120920181273,nan,nan
cifar10,topk_softmax_05,5,6,1.2131298780441284,0.5497,0.5435972213158952,1.2319423973560333,0.5076923370361328,3.4073362559080125,nan,nan
cifar10,topk_softmax_05,5,7,1.1823692321777344,0.5721,0.5721830517718629,1.1799171954393386,0.5076923370361328,3.415728422999382,nan,nan
cifar10,topk_softmax_05,5,8,1.1415728330612183,0.5803,0.5765439751557714,1.1735390633344651,0.5076923370361328,3.4060090839862824,nan,nan
cifar10,topk_softmax_05,5,9,1.117438793182373,0.5869,0.5874513812088934,1.1478421255946158,0.5076923370361328,3.406945398449898,nan,nan
cifar10,topk_softmax_05,5,10,1.083799123764038,0.5973,0.5939503349704027,1.1253655433654786,0.5076923370361328,3.4029033541679383,nan,nan
cifar10,topk_softmax_05,5,11,1.0582906007766724,0.6151,0.6157375097510992,1.0818995401263236,0.5076923370361328,3.3989821434020997,nan,nan
cifar10,topk_softmax_05,5,12,1.0351237058639526,0.6177,0.6173910926448647,1.0644982993602752,0.5076923370361328,3.4105379790067674,nan,nan
cifar10,topk_softmax_05,5,13,1.0023818016052246,0.6117,0.6102785407526972,1.079263024032116,0.5076923370361328,3.4068415075540543,nan,nan
cifar10,topk_softmax_05,5,14,0.9905210733413696,0.6252,0.6251050403314085,1.0587543234229089,0.5076923251152039,3.3995967894792556,nan,nan
cifar10,topk_softmax_05,5,15,0.9710890054702759,0.624,0.6230465861969002,1.0491388872265817,0.5076923191547393,3.3945695608854294,nan,nan
cifar10,topk_softmax_05,5,16,0.9495225548744202,0.6308,0.6296385038319154,1.0372424215078353,0.5076922588050365,3.388342183828354,nan,nan
cifar10,topk_softmax_05,5,17,0.9295772314071655,0.6321,0.6284399899961963,1.0236241117119789,0.5076921992003918,3.3893277555704118,nan,nan
cifar10,topk_softmax_05,5,18,0.9203963875770569,0.6397,0.637404104119867,1.0235381826758385,0.5076922230422497,3.3974344730377197,nan,nan
cifar10,topk_softmax_05,5,19,0.8935092091560364,0.645,0.6423665180907105,1.0088680520653726,0.5076921567320823,3.397297501564026,nan,nan
cifar10,topk_softmax_05,5,20,0.8815528154373169,0.6441,0.6418037793990062,1.013910746574402,0.5076921157538891,3.3979488760232925,nan,nan
cifar10,topk_softmax_05,5,21,0.8674881458282471,0.6436,0.6428301079905935,0.9971261873841286,0.5076921567320823,3.390414077043533,nan,nan
cifar10,topk_softmax_05,5,22,0.8529741764068604,0.6505,0.650676144627722,0.9960253849625588,0.5076921068131923,3.389855885505676,nan,nan
cifar10,topk_softmax_05,5,23,0.8335141539573669,0.6484,0.6461744107648519,1.0123873740434646,0.5076921045780182,3.3936441957950594,nan,nan
cifar10,topk_softmax_05,5,24,0.8305583596229553,0.658,0.6575905034992005,0.9699358955025673,0.5076919272542,3.394855836033821,nan,nan
cifar10,topk_softmax_05,5,25,0.8138660192489624,0.6615,0.6590276509455791,0.991939389705658,0.5076919972896576,3.392140406370163,nan,nan
cifar10,topk_softmax_05,5,26,0.7983479499816895,0.6612,0.6621691503259857,0.9762257695198059,0.5076920032501221,3.38215491771698,nan,nan
cifar10,topk_softmax_05,5,27,0.7899282574653625,0.659,0.6570173148471214,0.986253522336483,0.5076918214559555,3.3792722880840302,nan,nan
cifar10,topk_softmax_05,5,28,0.7799150347709656,0.6506,0.6472817783746269,1.0271086975932122,0.5076916344463825,3.3889628469944,nan,nan
cifar10,topk_softmax_05,5,29,0.7719985842704773,0.6535,0.6529061399164469,1.00631140768528,0.5076916873455047,3.38472498357296,nan,nan
cifar10,topk_softmax_05,6,0,1.9410653114318848,0.3821,0.3712845657870578,1.6719088226556778,0.5076923370361328,3.3496282756328584,nan,nan
cifar10,topk_softmax_05,6,1,1.5771809816360474,0.4543,0.4524487784657568,1.5074649274349212,0.5076923310756684,3.3642807006835938,nan,nan
cifar10,topk_softmax_05,6,2,1.444070816040039,0.4898,0.48090934855842005,1.4046176284551621,0.5076923370361328,3.3868613719940184,nan,nan
cifar10,topk_softmax_05,6,3,1.36931574344635,0.524,0.5107970488246606,1.3129021972417831,0.5076923161745072,3.3774093329906463,nan,nan
cifar10,topk_softmax_05,6,4,1.3062596321105957,0.5389,0.5310937159632507,1.2928670167922973,0.5076920665800572,3.3704926013946532,nan,nan
cifar10,topk_softmax_05,6,5,1.2629791498184204,0.5607,0.5564043018052041,1.2277516812086104,0.507691141217947,3.3714166581630707,nan,nan
cifar10,topk_softmax_05,6,6,1.223196268081665,0.5659,0.5610432102532639,1.2039941757917405,0.5076898515224457,3.366585981845856,nan,nan
cifar10,topk_softmax_05,6,7,1.1812752485275269,0.5784,0.5752543390966515,1.1959337621927262,0.5076880231499672,3.365858829021454,nan,nan
cifar10,topk_softmax_05,6,8,1.151808738708496,0.5923,0.5921728715506185,1.1424841448664664,0.5076883770525455,3.370536208152771,nan,nan
cifar10,topk_softmax_05,6,9,1.1245489120483398,0.5917,0.5855785236691736,1.1450721889734268,0.5076885633170605,3.3734719455242157,nan,nan
cifar10,topk_softmax_05,6,10,1.090113639831543,0.5998,0.5902868145664184,1.1248927265405655,0.5076902933418751,3.365192472934723,nan,nan
cifar10,topk_softmax_05,6,11,1.069280743598938,0.6159,0.6139998267254678,1.1106071785092353,0.5076852098107338,3.3660755127668383,nan,nan
cifar10,topk_softmax_05,6,12,1.04243803024292,0.6215,0.6243981017006608,1.088480608165264,0.5076886229217052,3.3714739859104155,nan,nan
cifar10,topk_softmax_05,6,13,1.0274996757507324,0.6268,0.6264021298618389,1.0752336144447328,0.5076832003891468,3.3592349886894226,nan,nan
cifar10,topk_softmax_05,6,14,1.0096696615219116,0.6372,0.6327916061036719,1.0616231694817544,0.507674652338028,3.360342675447464,nan,nan
cifar10,topk_softmax_05,6,15,0.9836467504501343,0.6362,0.6304566082064041,1.056883579492569,0.5076797515153885,3.3795208275318145,nan,nan
cifar10,topk_softmax_05,6,16,0.9763468503952026,0.6196,0.6126774765709474,1.1036097034811974,0.5076863124966622,3.385156998038292,nan,nan
cifar10,topk_softmax_05,6,17,0.9527667760848999,0.6373,0.638102194772136,1.0481348559260368,0.5076729550957679,3.3579043596982956,nan,nan
cifar10,topk_softmax_05,6,18,0.9349772334098816,0.6439,0.6421134148625062,1.0401934802532196,0.5076806388795376,3.369914636015892,nan,nan
cifar10,topk_softmax_05,6,19,0.9266898036003113,0.6533,0.6509424073960177,1.012937779724598,0.5076550118625164,3.3545046120882036,nan,nan
cifar10,topk_softmax_05,6,20,0.9101275205612183,0.6542,0.6533409132874678,1.0030376568436623,0.5076717682182789,3.351338404417038,nan,nan
cifar10,topk_softmax_05,6,21,0.8910998702049255,0.6541,0.6524539844635192,1.002861700952053,0.5076717130839825,3.368903875350952,nan,nan
cifar10,topk_softmax_05,6,22,0.8788203597068787,0.6605,0.6584374753484503,0.9810010507702828,0.507649551331997,3.3454835653305053,nan,nan
cifar10,topk_softmax_05,6,23,0.8719073534011841,0.6584,0.6562986987337633,0.9971578240394592,0.5076381728053093,3.35142702460289,nan,nan
cifar10,topk_softmax_05,6,24,0.859077513217926,0.6707,0.6688750495769732,0.9713117897510528,0.5076455742120742,3.353560483455658,nan,nan
cifar10,topk_softmax_05,6,25,0.8377760648727417,0.6586,0.6555234934373162,0.9898834377527237,0.5076533734798432,3.3593308836221696,nan,nan
cifar10,topk_softmax_05,6,26,0.8329437971115112,0.6694,0.6682469875739419,0.9613928586244583,0.5076581820845604,3.3602536022663116,nan,nan
cifar10,topk_softmax_05,6,27,0.8193178772926331,0.6628,0.6638962495873775,0.9813854530453682,0.5076321765780449,3.3541441380977632,nan,nan
cifar10,topk_softmax_05,6,28,0.8109524250030518,0.6529,0.65088497109834,1.0201152682304382,0.5076338358223438,3.3579095900058746,nan,nan
cifar10,topk_softmax_05,6,29,0.8007405400276184,0.6784,0.6793492840125961,0.9402611911296844,0.5076292149722577,3.3450023919343947,nan,nan
cifar10,topk_softmax_05,7,0,1.8699146509170532,0.3661,0.3569762934117119,1.7142658978700638,0.5076890394091607,3.454149341583252,nan,nan
cifar10,topk_softmax_05,7,1,1.5584949254989624,0.4624,0.45192102811044954,1.481694307923317,0.5076920986175537,3.443193534016609,nan,nan
cifar10,topk_softmax_05,7,2,1.4457526206970215,0.4947,0.4879400975273315,1.388348364830017,0.5076923370361328,3.441738802194595,nan,nan
cifar10,topk_softmax_05,7,3,1.3607861995697021,0.5047,0.49150002968817236,1.3654065281152725,0.5076923370361328,3.436835691332817,nan,nan
cifar10,topk_softmax_05,7,4,1.3041812181472778,0.5393,0.5352834259224777,1.2733470737934112,0.5076923370361328,3.440770187973976,nan,nan
cifar10,topk_softmax_05,7,5,1.2542253732681274,0.5586,0.5580836610787211,1.2277703553438186,0.5076923370361328,3.4415340036153794,nan,nan
cifar10,topk_softmax_05,7,6,1.215392827987671,0.5716,0.5664178390377813,1.2003008127212524,0.5076923221349716,3.428976225852966,nan,nan
cifar10,topk_softmax_05,7,7,1.1765118837356567,0.5679,0.5683752199957175,1.2006956964731217,0.5076922699809074,3.430420997738838,nan,nan
cifar10,topk_softmax_05,7,8,1.149206280708313,0.5852,0.5785828500461927,1.16667038500309,0.5076921626925468,3.437494957447052,nan,nan
cifar10,topk_softmax_05,7,9,1.1165282726287842,0.5881,0.582164666646252,1.1527469605207443,0.5076921164989472,3.4206394821405413,nan,nan
cifar10,topk_softmax_05,7,10,1.0891486406326294,0.6006,0.600004588546276,1.1202317386865617,0.5076921075582504,3.4260435551404953,nan,nan
cifar10,topk_softmax_05,7,11,1.0576058626174927,0.6054,0.6008103958491994,1.1035646855831147,0.5076917804777622,3.415446874499321,nan,nan
cifar10,topk_softmax_05,7,12,1.0466523170471191,0.6133,0.610547835893137,1.0978733614087104,0.5076914496719838,3.4256215184926986,nan,nan
cifar10,topk_softmax_05,7,13,1.0140061378479004,0.6244,0.6189290227108358,1.0671541035175323,0.5076906733214855,3.4145526379346847,nan,nan
cifar10,topk_softmax_05,7,14,1.0033000707626343,0.6262,0.6251958976576636,1.0779745534062386,0.5076908096671104,3.412275269627571,nan,nan
cifar10,topk_softmax_05,7,15,0.9797242879867554,0.6351,0.6334395164562465,1.0427449524402619,0.5076899752020836,3.4138579428195954,nan,nan
cifar10,topk_softmax_05,7,16,0.9592909216880798,0.6337,0.6348252662166327,1.0474758759140967,0.5076897397637368,3.4149744510650635,nan,nan
cifar10,topk_softmax_05,7,17,0.9441717863082886,0.6445,0.641822902669763,1.025230960547924,0.5076891325414181,3.3967351853847503,nan,nan
cifar10,topk_softmax_05,7,18,0.9253712296485901,0.6436,0.642267552238413,1.0465200752019883,0.5076897002756595,3.4165094286203384,nan,nan
cifar10,topk_softmax_05,7,19,0.9111464619636536,0.6477,0.638203310896927,1.0418256670236588,0.5076885983347893,3.4093326687812806,nan,nan
cifar10,topk_softmax_05,7,20,0.8978157043457031,0.6472,0.6478543752603679,1.0105007529258727,0.507686921954155,3.4167021930217745,nan,nan
cifar10,topk_softmax_05,7,21,0.881579577922821,0.6516,0.6491823329202597,1.0225772753357887,0.5076876789331436,3.3976842164993286,nan,nan
cifar10,topk_softmax_05,7,22,0.8681231737136841,0.6538,0.6541190356365123,0.9932204693555832,0.5076865226030349,3.404248508810997,nan,nan
cifar10,topk_softmax_05,7,23,0.8547409772872925,0.6558,0.6585129088037321,0.9954279318451882,0.5076863609254361,3.3978866159915926,nan,nan
cifar10,topk_softmax_05,7,24,0.8486126065254211,0.6517,0.6492078884320007,1.0109499618411064,0.5076849721372128,3.4054796278476713,nan,nan
cifar10,topk_softmax_05,7,25,0.8361831307411194,0.6626,0.6637731399456601,0.9715702787041665,0.5076837621629238,3.395731654763222,nan,nan
cifar10,topk_softmax_05,7,26,0.8285876512527466,0.6583,0.6574981144314296,0.9837413743138314,0.5076850652694702,3.4036252915859224,nan,nan
cifar10,topk_softmax_05,7,27,0.8130247592926025,0.6554,0.6563935441728813,0.9944756880402565,0.5076828427612782,3.3947863608598707,nan,nan
cifar10,topk_softmax_05,7,28,0.8013052344322205,0.6595,0.659476371331419,0.9932604402303695,0.5076803147792817,3.4010964930057526,nan,nan
cifar10,topk_softmax_05,7,29,0.7950131893157959,0.6572,0.6560373873735706,0.97809289842844,0.507678984105587,3.39115689098835,nan,nan
cifar10,topk_softmax_05,8,0,1.9085907936096191,0.3792,0.3601658182209219,1.6898217290639876,0.5076923370361328,3.4275794982910157,nan,nan
cifar10,topk_softmax_05,8,1,1.5794471502304077,0.4651,0.45659251513846516,1.476651880145073,0.5076923370361328,3.4051062941551207,nan,nan
cifar10,topk_softmax_05,8,2,1.4392789602279663,0.4932,0.48615138752183074,1.3956796079874039,0.5076923370361328,3.4102013230323793,nan,nan
cifar10,topk_softmax_05,8,3,1.3609064817428589,0.5172,0.5136686179057901,1.33476282954216,0.5076923370361328,3.3877897053956985,nan,nan
cifar10,topk_softmax_05,8,4,1.3108038902282715,0.5306,0.5365583823528288,1.2998732298612594,0.5076923370361328,3.368641698360443,nan,nan
cifar10,topk_softmax_05,8,5,1.2539485692977905,0.5482,0.5497066110174712,1.2472599029541016,0.5076923370361328,3.368618553876877,nan,nan
cifar10,topk_softmax_05,8,6,1.212815761566162,0.5541,0.5505910020145637,1.2270833015441895,0.5076923221349716,3.350613522529602,nan,nan
cifar10,topk_softmax_05,8,7,1.1791026592254639,0.5666,0.564771921154372,1.1903600111603736,0.5076922930777072,3.3429780185222624,nan,nan
cifar10,topk_softmax_05,8,8,1.1532782316207886,0.5575,0.5575232681434762,1.2378977239131927,0.5076922528445721,3.3131356209516527,nan,nan
cifar10,topk_softmax_05,8,9,1.127415657043457,0.5688,0.5651623135621447,1.2063038021326065,0.5076922670006752,3.3462196618318556,nan,nan
cifar10,topk_softmax_05,8,10,1.096687912940979,0.5961,0.5962909116478742,1.1375611692667007,0.5076921440660953,3.324377563595772,nan,nan
cifar10,topk_softmax_05,8,11,1.0750389099121094,0.5985,0.599754561270126,1.1209407284855843,0.507692115008831,3.318656030297279,nan,nan
cifar10,topk_softmax_05,8,12,1.049025535583496,0.6127,0.6109420038292032,1.083015738427639,0.5076911836862564,3.3173505455255508,nan,nan
cifar10,topk_softmax_05,8,13,1.0304633378982544,0.605,0.6032403059164013,1.1015601351857185,0.5076915994286537,3.320895326137543,nan,nan
cifar10,topk_softmax_05,8,14,1.0120155811309814,0.6154,0.6158529870537285,1.0698489665985107,0.507690391689539,3.3168302923440933,nan,nan
cifar10,topk_softmax_05,8,15,0.9920986890792847,0.6067,0.6041690213615227,1.0981099128723144,0.5076864302158356,3.2899790853261948,nan,nan
cifar10,topk_softmax_05,8,16,0.97853022813797,0.6194,0.6162867391227663,1.0660545527935028,0.5076892077922821,3.302588513493538,nan,nan
cifar10,topk_softmax_05,8,17,0.9584697484970093,0.6185,0.616564499250448,1.0778422445058822,0.5076869286596775,3.295666679739952,nan,nan
cifar10,topk_softmax_05,8,18,0.9475018978118896,0.6254,0.6255214119052661,1.0441668719053268,0.5076880693435669,3.3185457468032835,nan,nan
cifar10,topk_softmax_05,8,19,0.924492597579956,0.6331,0.6331587051418076,1.0342828944325446,0.5076785430312156,3.291035935282707,nan,nan
cifar10,topk_softmax_05,8,20,0.911118745803833,0.6334,0.633924752988601,1.0344573482871056,0.5076813898980618,3.284622648358345,nan,nan
cifar10,topk_softmax_05,8,21,0.8959406018257141,0.6404,0.6388049947854839,1.0218650817871093,0.5076864272356033,3.2956839501857758,nan,nan
cifar10,topk_softmax_05,8,22,0.8889673352241516,0.6385,0.6394236066776319,1.0159539625048637,0.5076841160655021,3.29542495906353,nan,nan
cifar10,topk_softmax_05,8,23,0.8729026317596436,0.6479,0.648034021773191,0.9922267645597458,0.5076843552291394,3.2948999047279357,nan,nan
cifar10,topk_softmax_05,8,24,0.8564912676811218,0.6387,0.6379117424799038,1.0423060193657876,0.5076868779957294,3.3104142755270005,nan,nan
cifar10,topk_softmax_05,8,25,0.8437157273292542,0.6323,0.6360733070765898,1.0362964615225791,0.5076836563646794,3.2942905902862547,nan,nan
cifar10,topk_softmax_05,8,26,0.8357548713684082,0.6501,0.6505548097113324,1.0048199400305748,0.5076788000762462,3.2782383859157562,nan,nan
cifar10,topk_softmax_05,8,27,0.8260723352432251,0.6482,0.6485930199644236,1.0102234169840814,0.5076794743537902,3.279119607806206,nan,nan
cifar10,topk_softmax_05,8,28,0.8094128966331482,0.653,0.653314624900763,0.9973328098654747,0.5076832376420498,3.2892120093107224,nan,nan
cifar10,topk_softmax_05,8,29,0.805420994758606,0.6516,0.6507209569153568,1.022129313647747,0.5076732613146305,3.2629708528518675,nan,nan
cifar10,topk_softmax_05,9,0,1.9172004461288452,0.3727,0.3437980467656893,1.7072945982217789,0.5076923370361328,3.4446669071912766,nan,nan
cifar10,topk_softmax_05,9,1,1.6085063219070435,0.4495,0.4420004294943455,1.504385882616043,0.5076923370361328,3.4164033621549605,nan,nan
cifar10,topk_softmax_05,9,2,1.454293966293335,0.478,0.46830905907085507,1.4274536341428756,0.5076923370361328,3.382664942741394,nan,nan
cifar10,topk_softmax_05,9,3,1.3637515306472778,0.5011,0.4944469164578689,1.3876917660236359,0.5076922930777072,3.387646052241325,nan,nan
cifar10,topk_softmax_05,9,4,1.3040105104446411,0.5273,0.5237916837231766,1.3059223234653472,0.5076918423175811,3.387286990880966,nan,nan
cifar10,topk_softmax_05,9,5,1.2581486701965332,0.5349,0.530116503551562,1.2617807149887086,0.5076913699507714,3.3904212594032286,nan,nan
cifar10,topk_softmax_05,9,6,1.2117695808410645,0.5503,0.5472848571661755,1.2281899333000184,0.5076891221106052,3.37626414000988,nan,nan
cifar10,topk_softmax_05,9,7,1.1814239025115967,0.5674,0.5599290158001716,1.189963263273239,0.5076902069151401,3.39936605989933,nan,nan
cifar10,topk_softmax_05,9,8,1.1537415981292725,0.5833,0.5815781436251176,1.148583748936653,0.5076874203979969,3.3889207750558854,nan,nan
cifar10,topk_softmax_05,9,9,1.1240237951278687,0.5833,0.5780079616483308,1.1620180815458299,0.5076844595372677,3.3834549456834795,nan,nan
cifar10,topk_softmax_05,9,10,1.0950942039489746,0.5933,0.590350783853961,1.1383581817150117,0.507686011493206,3.3940050542354583,nan,nan
cifar10,topk_softmax_05,9,11,1.0734614133834839,0.5934,0.5878340890523878,1.1315698727965355,0.5076828867197036,3.3924791365861893,nan,nan
cifar10,topk_softmax_05,9,12,1.0558677911758423,0.6001,0.5973186636136913,1.1015972346067429,0.5076828218996525,3.4023368895053863,nan,nan
cifar10,topk_softmax_05,9,13,1.0360379219055176,0.6047,0.6007500508043477,1.1031993865966796,0.5076806895434857,3.4030603170394897,nan,nan
cifar10,topk_softmax_05,9,14,1.0107812881469727,0.6125,0.6144764286442805,1.0816693484783173,0.5076771974563599,3.401341074705124,nan,nan
cifar10,topk_softmax_05,9,15,0.9968787431716919,0.6173,0.6184777082759563,1.0646402895450593,0.5076710857450962,3.3900921404361726,nan,nan
cifar10,topk_softmax_05,9,16,0.9810934066772461,0.6275,0.6273146430973431,1.0322064086794853,0.5076794326305389,3.4034834027290346,nan,nan
cifar10,topk_softmax_05,9,17,0.9636883735656738,0.6198,0.6163038050696052,1.0553468510508537,0.5076720356941223,3.3869178652763368,nan,nan
cifar10,topk_softmax_05,9,18,0.9469504356384277,0.6267,0.6236195165155529,1.034142903983593,0.5076798804104328,3.3992566585540773,nan,nan
cifar10,topk_softmax_05,9,19,0.930834949016571,0.6262,0.6222635130245505,1.0395225867629052,0.5076799146831036,3.3953611224889757,nan,nan
cifar10,topk_softmax_05,9,20,0.919785737991333,0.6391,0.6355974355623719,1.0243692502379418,0.5076689518988132,3.3868246614933013,nan,nan
cifar10,topk_softmax_05,9,21,0.9054126143455505,0.6372,0.6357523182327807,1.019317652285099,0.5076731517910957,3.3898009687662123,nan,nan
cifar10,topk_softmax_05,9,22,0.8888087272644043,0.6414,0.6428292788613806,1.01481481641531,0.5076788239181041,3.397163051366806,nan,nan
cifar10,topk_softmax_05,9,23,0.880387544631958,0.6366,0.6368473613720427,1.018469502031803,0.5076719522476196,3.3800762951374055,nan,nan
cifar10,topk_softmax_05,9,24,0.8638478517532349,0.6455,0.6407933532502963,1.0092513158917427,0.5076802976429462,3.388989731669426,nan,nan
cifar10,topk_softmax_05,9,25,0.8524873852729797,0.6483,0.6482098660367889,0.9987935185432434,0.507674565911293,3.383599153161049,nan,nan
cifar10,topk_softmax_05,9,26,0.8440589904785156,0.6505,0.6499921572018887,0.9875919997692109,0.5076641134917736,3.372284632921219,nan,nan
cifar10,topk_softmax_05,9,27,0.8264643549919128,0.6544,0.6545058913049883,0.9848643079400062,0.5076718054711818,3.380188313126564,nan,nan
cifar10,topk_softmax_05,9,28,0.814595103263855,0.6505,0.6535035530655731,1.0019656479358674,0.5076814234256745,3.390527665615082,nan,nan
cifar10,topk_softmax_05,9,29,0.8135471343994141,0.6558,0.6556125681544196,0.9834911331534386,0.5076700545847416,3.3740972697734835,nan,nan
cifar10,sparsemax,0,0,1.9053856134414673,0.3796,0.3624030797974617,1.6748736053705215,0.3648106617853045,2.65763238966465,nan,nan
cifar10,sparsemax,0,1,1.5752599239349365,0.4443,0.4349428443006513,1.5258493542671203,0.3699899593368173,2.6718401104211806,nan,nan
cifar10,sparsemax,0,2,1.4496679306030273,0.4834,0.472161694278309,1.4204142361879348,0.3418118065223098,2.60291565656662,nan,nan
cifar10,sparsemax,0,3,1.3567525148391724,0.5172,0.5102411060672956,1.3362624615430831,0.3178975682705641,2.5659857600927354,nan,nan
cifar10,sparsemax,0,4,1.2953306436538696,0.5402,0.5320504963448346,1.274501571059227,0.3192565400153399,2.570657101273537,nan,nan
cifar10,sparsemax,0,5,1.2462588548660278,0.5475,0.5459377430989205,1.2669808864593506,0.31762214936316013,2.572662165760994,nan,nan
cifar10,sparsemax,0,6,1.207983136177063,0.5654,0.5606092013669512,1.2347096174955368,0.3045062221586704,2.5337636321783066,nan,nan
cifar10,sparsemax,0,7,1.1704343557357788,0.5787,0.5784127283614324,1.1910598069429397,0.30713277999311683,2.543286594748497,nan,nan
cifar10,sparsemax,0,8,1.1483279466629028,0.5823,0.5803604427183274,1.1760413944721222,0.3045546427369118,2.546551689505577,nan,nan
cifar10,sparsemax,0,9,1.1122850179672241,0.5814,0.5767266304392548,1.1714873135089874,0.30483368076384065,2.5545294910669325,nan,nan
cifar10,sparsemax,0,10,1.0919345617294312,0.5937,0.5973327388875027,1.1557345017790794,0.3028364496305585,2.5399506956338884,nan,nan
cifar10,sparsemax,0,11,1.0630955696105957,0.6056,0.6018099242765199,1.127941896021366,0.2939220365136862,2.5220810741186144,nan,nan
cifar10,sparsemax,0,12,1.0441814661026,0.5957,0.5914472412348947,1.1485604733228683,0.2972496496513486,2.5448795765638352,nan,nan
cifar10,sparsemax,0,13,1.0240026712417603,0.6051,0.6039392249087581,1.1295966655015945,0.300483782030642,2.5581888049840926,nan,nan
cifar10,sparsemax,0,14,1.0086464881896973,0.6126,0.6140406127462861,1.0921989053487777,0.2894770376384258,2.527377665042877,nan,nan
cifar10,sparsemax,0,15,0.9841923117637634,0.6266,0.6252911691910088,1.06920195966959,0.2873167175799608,2.518245500326157,nan,nan
cifar10,sparsemax,0,16,0.9657818675041199,0.623,0.6250348283317929,1.0843858048319817,0.29255188908427954,2.5327896744012834,nan,nan
cifar10,sparsemax,0,17,0.9503808617591858,0.6268,0.6238289815435543,1.0751947939395905,0.2834213301539421,2.5012748420238493,nan,nan
cifar10,sparsemax,0,18,0.9329438805580139,0.6284,0.6244594672136385,1.073281428217888,0.2811255235224962,2.4948483258485794,nan,nan
cifar10,sparsemax,0,19,0.9160342216491699,0.6381,0.637129835137002,1.046511173248291,0.2791500685736537,2.492040541768074,nan,nan
cifar10,sparsemax,0,20,0.8944479823112488,0.6274,0.630749047056139,1.0619557335972787,0.28001953661441803,2.5013088434934616,nan,nan
cifar10,sparsemax,0,21,0.8897808194160461,0.6432,0.6420829008505208,1.031096176803112,0.2767256636172533,2.4781755089759825,nan,nan
cifar10,sparsemax,0,22,0.8760654926300049,0.6361,0.6338430492220636,1.0481596648693086,0.27345317266881464,2.4775656193494795,nan,nan
cifar10,sparsemax,0,23,0.8570449948310852,0.6294,0.6269972816353498,1.0923572421073913,0.2715455314144492,2.4802441120147707,nan,nan
cifar10,sparsemax,0,24,0.8443452715873718,0.6346,0.6294961557905208,1.0731485977768898,0.2723051026463509,2.4716528385877607,nan,nan
cifar10,sparsemax,0,25,0.8321877121925354,0.6509,0.6502793050716059,1.0100666716694833,0.27063075434416534,2.4732876241207125,nan,nan
cifar10,sparsemax,0,26,0.8189815878868103,0.6514,0.6548990540219083,1.021861656010151,0.2733534095808864,2.4752541095018388,nan,nan
cifar10,sparsemax,0,27,0.8032931685447693,0.6497,0.6462861708681993,1.0362387895584106,0.2692488940432668,2.4703883796930315,nan,nan
cifar10,sparsemax,0,28,0.7909947037696838,0.6436,0.6420287629469517,1.0435532912611962,0.2666935931891203,2.466009920835495,nan,nan
cifar10,sparsemax,0,29,0.7803331017494202,0.6557,0.6558347379562358,1.0175540164113044,0.2642714804038405,2.4524116784334185,nan,nan
cifar10,sparsemax,1,0,1.8927485942840576,0.3897,0.37376911121219125,1.6529924780130387,0.4206590885296464,2.720870965719223,nan,nan
cifar10,sparsemax,1,1,1.5970035791397095,0.4724,0.4707353448972843,1.468075230717659,0.401502095349133,2.704170286655426,nan,nan
cifar10,sparsemax,1,2,1.4597879648208618,0.4897,0.4873918961950142,1.4197356671094894,0.3703674655407667,2.6573605686426163,nan,nan
cifar10,sparsemax,1,3,1.3619053363800049,0.5155,0.5118971635590344,1.3348553448915481,0.3592898877337575,2.635865816473961,nan,nan
cifar10,sparsemax,1,4,1.3020540475845337,0.5348,0.5249455374746236,1.2960296660661696,0.3451721381396055,2.602628692984581,nan,nan
cifar10,sparsemax,1,5,1.2471506595611572,0.5547,0.5560126007469399,1.2548733055591583,0.34810962341725826,2.607697847485542,nan,nan
cifar10,sparsemax,1,6,1.2041090726852417,0.5568,0.5561017793037674,1.2412279039621352,0.338550328835845,2.600316917896271,nan,nan
cifar10,sparsemax,1,7,1.1754754781723022,0.5722,0.5698915520815893,1.2108540773391723,0.33690848518162964,2.591774266958237,nan,nan
cifar10,sparsemax,1,8,1.1427395343780518,0.5695,0.5656822299780261,1.201002150774002,0.3345813948661089,2.592016261816025,nan,nan
cifar10,sparsemax,1,9,1.1119767427444458,0.5836,0.5839421866746777,1.1614086866378783,0.3373991373926401,2.6187680840492247,nan,nan
cifar10,sparsemax,1,10,1.086032748222351,0.5772,0.568007780404423,1.1798523128032685,0.3349497277289629,2.6107581079006197,nan,nan
cifar10,sparsemax,1,11,1.0657949447631836,0.5855,0.5740621890917594,1.1907238632440567,0.33022948894649745,2.5975255906581878,nan,nan
cifar10,sparsemax,1,12,1.0392366647720337,0.5999,0.5923546306832677,1.1389227271080018,0.32499394956976174,2.589316448569298,nan,nan
cifar10,sparsemax,1,13,1.0170698165893555,0.6011,0.5911822402318732,1.136520904302597,0.319696100987494,2.570618197321892,nan,nan
cifar10,sparsemax,1,14,1.000110149383545,0.6003,0.6019976758250609,1.1077307671308518,0.3161829886958003,2.5653725057840346,nan,nan
cifar10,sparsemax,1,15,0.9757477641105652,0.6115,0.6048902476374708,1.1114802569150926,0.32127855960279705,2.5734391778707506,nan,nan
cifar10,sparsemax,1,16,0.9585108757019043,0.6124,0.6118968014948584,1.104341134428978,0.31595205776393415,2.563030278682709,nan,nan
cifar10,sparsemax,1,17,0.9360519051551819,0.6167,0.6160909241816395,1.1144083827733993,0.31652840673923494,2.5610567688941956,nan,nan
cifar10,sparsemax,1,18,0.9241510033607483,0.6162,0.6141409792317215,1.1088384434580802,0.31477648168802264,2.5606249302625654,nan,nan
cifar10,sparsemax,1,19,0.9069889187812805,0.6134,0.6125918504254168,1.084522581100464,0.309022462926805,2.5419990599155424,nan,nan
cifar10,sparsemax,1,20,0.8913467526435852,0.6251,0.6196837109280507,1.0885648399591445,0.3054190678521991,2.525816932320595,nan,nan
cifar10,sparsemax,1,21,0.8747702836990356,0.6353,0.6325858314028039,1.062682457268238,0.29648266900330783,2.513671362400055,nan,nan
cifar10,sparsemax,1,22,0.8588106036186218,0.624,0.620666703575261,1.0802753746509552,0.29674324188381435,2.5113322705030443,nan,nan
cifar10,sparsemax,1,23,0.8466574549674988,0.6307,0.629255011957832,1.066195549070835,0.29647931810468436,2.5115396648645403,nan,nan
cifar10,sparsemax,1,24,0.83210688829422,0.6355,0.6300922073024218,1.077215288579464,0.2855997603386641,2.4691776275634765,nan,nan
cifar10,sparsemax,1,25,0.8218154311180115,0.6289,0.6251727417010357,1.0955895349383353,0.2813075840473175,2.4607900738716126,nan,nan
cifar10,sparsemax,1,26,0.8100848197937012,0.6289,0.628024537519577,1.083154271543026,0.282547833584249,2.4525854140520096,nan,nan
cifar10,sparsemax,1,27,0.7992468476295471,0.6283,0.6278461246986311,1.0667575314640998,0.28428303394466636,2.4714565485715867,nan,nan
cifar10,sparsemax,1,28,0.7909432649612427,0.6395,0.6341486682167202,1.0676385268568993,0.2830351568758488,2.4653559237718583,nan,nan
cifar10,sparsemax,1,29,0.7744782567024231,0.6415,0.6397635489996061,1.0598237991333008,0.2808495905250311,2.455508106946945,nan,nan
cifar10,sparsemax,2,0,1.8972463607788086,0.3897,0.37709878875330016,1.6677388370037078,0.3900642255321145,2.5963714554905892,nan,nan
cifar10,sparsemax,2,1,1.5830386877059937,0.452,0.44909185051322276,1.5095530033111573,0.3472365092486143,2.5468599885702132,nan,nan
cifar10,sparsemax,2,2,1.4485803842544556,0.4964,0.48707699034040586,1.3963317573070526,0.3209115333855152,2.501046212017536,nan,nan
cifar10,sparsemax,2,3,1.3578014373779297,0.5099,0.500158393506343,1.3442965686321258,0.3074089325964451,2.487537169456482,nan,nan
cifar10,sparsemax,2,4,1.3019367456436157,0.5339,0.5339387822335564,1.283489501476288,0.3067996310070157,2.5116072595119476,nan,nan
cifar10,sparsemax,2,5,1.244391918182373,0.5466,0.5405660148916565,1.2600031554698945,0.2906710566952825,2.4947244971990585,nan,nan
cifar10,sparsemax,2,6,1.2043086290359497,0.5576,0.5532644584977652,1.2066112220287324,0.28484613690525296,2.465076732635498,nan,nan
cifar10,sparsemax,2,7,1.1692445278167725,0.5665,0.5676346228011026,1.199171355366707,0.28540144581347704,2.4752349495887755,nan,nan
cifar10,sparsemax,2,8,1.1397150754928589,0.576,0.5778256410691475,1.1709474459290505,0.28667695373296737,2.4881505012512206,nan,nan
cifar10,sparsemax,2,9,1.1122394800186157,0.5776,0.5776715101384344,1.1843047708272934,0.28273973409086467,2.4907848119735716,nan,nan
cifar10,sparsemax,2,10,1.0814120769500732,0.5889,0.584878049501993,1.126436698436737,0.2748637177050114,2.470457860827446,nan,nan
cifar10,sparsemax,2,11,1.064902901649475,0.5953,0.5945470055538865,1.123040871322155,0.28226342890411615,2.4906630992889403,nan,nan
cifar10,sparsemax,2,12,1.0429391860961914,0.605,0.5995598664518103,1.1024696111679078,0.27377075608819723,2.4813406735658647,nan,nan
cifar10,sparsemax,2,13,1.0156463384628296,0.6054,0.6028784112109851,1.1052192345261573,0.2705485297366977,2.4647861301898955,nan,nan
cifar10,sparsemax,2,14,0.9980474710464478,0.6068,0.6056339107291924,1.0905935734510421,0.27634236719459293,2.484103247523308,nan,nan
cifar10,sparsemax,2,15,0.9735792875289917,0.5962,0.5903012083362774,1.1135625824332238,0.2712774781510234,2.477961191534996,nan,nan
cifar10,sparsemax,2,16,0.9661794304847717,0.6213,0.6187725211698407,1.0704452827572823,0.26148781795054676,2.4401218712329866,nan,nan
cifar10,sparsemax,2,17,0.9408047795295715,0.6171,0.6159631542213608,1.0751482486724853,0.26370532494038346,2.454596695303917,nan,nan
cifar10,sparsemax,2,18,0.9298380613327026,0.6194,0.6163547855189246,1.0674298718571662,0.25853762272745373,2.4373936712741853,nan,nan
cifar10,sparsemax,2,19,0.9159282445907593,0.6251,0.6217482404568857,1.0573565125465394,0.26347524151206014,2.4493600875139236,nan,nan
cifar10,sparsemax,2,20,0.8985884785652161,0.6258,0.6240819222254989,1.0567256912589074,0.2616393405944109,2.4480092763900756,nan,nan
cifar10,sparsemax,2,21,0.8820871710777283,0.631,0.6271299540191623,1.041041974723339,0.25943753886967896,2.4396008759737016,nan,nan
cifar10,sparsemax,2,22,0.8696999549865723,0.6339,0.6306353402906327,1.0449600711464881,0.2638896830379963,2.4531005173921585,nan,nan
cifar10,sparsemax,2,23,0.8543095588684082,0.6337,0.6329088832083908,1.0374044001102447,0.25597656071186065,2.4300287693738936,nan,nan
cifar10,sparsemax,2,24,0.8416897058486938,0.6276,0.623113674154206,1.0707001477479934,0.2537265496328473,2.4209835141897202,nan,nan
cifar10,sparsemax,2,25,0.8346811532974243,0.6322,0.6298758101651213,1.043552465736866,0.25177918896079066,2.408757609128952,nan,nan
cifar10,sparsemax,2,26,0.8232275247573853,0.6384,0.6357827430969121,1.026707324385643,0.25058683920651675,2.4047684371471405,nan,nan
cifar10,sparsemax,2,27,0.8055629730224609,0.6377,0.6355675743293752,1.047527624666691,0.2480311209335923,2.401362332701683,nan,nan
cifar10,sparsemax,2,28,0.7942684292793274,0.6382,0.6380261024766156,1.03599022179842,0.2504630260169506,2.4116177767515183,nan,nan
cifar10,sparsemax,2,29,0.7790395021438599,0.639,0.6340534610740394,1.05808078199625,0.25545442998409273,2.43481382727623,nan,nan
cifar10,sparsemax,3,0,1.900048017501831,0.3671,0.33915551405344707,1.6875106424093247,0.3241722501814365,2.5752346336841585,nan,nan
cifar10,sparsemax,3,1,1.5857925415039062,0.4535,0.44088336842182646,1.477029138803482,0.2889165148139,2.4901040136814117,nan,nan
cifar10,sparsemax,3,2,1.4399564266204834,0.4676,0.4599988612210965,1.4278519749641418,0.284242770075798,2.495934310555458,nan,nan
cifar10,sparsemax,3,3,1.3477442264556885,0.5116,0.5028641358826149,1.333566176891327,0.2738191667944193,2.463580918312073,nan,nan
cifar10,sparsemax,3,4,1.286742925643921,0.5353,0.5324364231371547,1.2737365275621415,0.2644493980333209,2.4434675484895707,nan,nan
cifar10,sparsemax,3,5,1.2376459836959839,0.5451,0.5392548575989232,1.2512450695037842,0.26734255310148003,2.450542652606964,nan,nan
cifar10,sparsemax,3,6,1.1998978853225708,0.5593,0.5516319573746707,1.2258919149637222,0.2656019119545817,2.442850688099861,nan,nan
cifar10,sparsemax,3,7,1.1729767322540283,0.5619,0.5587770271881749,1.213622984290123,0.26239660009741783,2.434223711490631,nan,nan
cifar10,sparsemax,3,8,1.1403039693832397,0.5828,0.57745443487036,1.1649396598339081,0.26067033037543297,2.424921476840973,nan,nan
cifar10,sparsemax,3,9,1.1134124994277954,0.5794,0.5755188080883809,1.1861893504858017,0.2622935315594077,2.4460333198308946,nan,nan
cifar10,sparsemax,3,10,1.085835576057434,0.596,0.5939088990619835,1.1211425706744194,0.256483587436378,2.413973790407181,nan,nan
cifar10,sparsemax,3,11,1.0599092245101929,0.605,0.6078582322050107,1.1038409128785134,0.2528086494654417,2.401248958706856,nan,nan
cifar10,sparsemax,3,12,1.0376617908477783,0.5996,0.6010422972081353,1.121588608622551,0.2519599856808782,2.390804633498192,nan,nan
cifar10,sparsemax,3,13,1.0183216333389282,0.5998,0.593291993526947,1.12303429543972,0.25223095063120127,2.394835960865021,nan,nan
cifar10,sparsemax,3,14,0.9937857985496521,0.5974,0.5935478062776137,1.1277260392904283,0.25320632513612507,2.395338088274002,nan,nan
cifar10,sparsemax,3,15,0.9817222952842712,0.6201,0.6163864101510221,1.0764709576964377,0.2615901049226522,2.429661837220192,nan,nan
cifar10,sparsemax,3,16,0.9571090340614319,0.6244,0.6223449330299113,1.073010189831257,0.24836057852953672,2.3832392275333403,nan,nan
cifar10,sparsemax,3,17,0.9442209005355835,0.6103,0.6009144993719792,1.0908480763435364,0.25619893353432416,2.410050481557846,nan,nan
cifar10,sparsemax,3,18,0.9310700297355652,0.6266,0.6284361226471948,1.0630791634321213,0.2551974752917886,2.413281652331352,nan,nan
cifar10,sparsemax,3,19,0.9184338450431824,0.6222,0.6211440263890431,1.0884099632501603,0.2476331891492009,2.384416404366493,nan,nan
cifar10,sparsemax,3,20,0.8999558091163635,0.6292,0.6267013884485719,1.0680754795670508,0.2496599519625306,2.4000319987535477,nan,nan
cifar10,sparsemax,3,21,0.8891294598579407,0.6314,0.6309888064452839,1.048711432516575,0.24619692601263524,2.381338983774185,nan,nan
cifar10,sparsemax,3,22,0.8731080889701843,0.6325,0.6315508141859452,1.059628075361252,0.24547908846288918,2.3812994360923767,nan,nan
cifar10,sparsemax,3,23,0.8509072661399841,0.6384,0.6386836656947613,1.0481367260217667,0.2509944999590516,2.403756269812584,nan,nan
cifar10,sparsemax,3,24,0.8437027931213379,0.6412,0.6378867300111292,1.0357405081391335,0.24680910035967826,2.39096217751503,nan,nan
cifar10,sparsemax,3,25,0.8315500020980835,0.6458,0.6419963412042661,1.0242453143000603,0.24619238954037428,2.38967878818512,nan,nan
cifar10,sparsemax,3,26,0.8164867162704468,0.6362,0.6354725505547042,1.0504837200045585,0.24903897941112518,2.395098167657852,nan,nan
cifar10,sparsemax,3,27,0.8114925622940063,0.6389,0.6320272519940269,1.0470669940114021,0.2489302195608616,2.395410394668579,nan,nan
cifar10,sparsemax,3,28,0.7984573245048523,0.6486,0.6445333649738896,1.018072247505188,0.2451199719682336,2.3840970575809477,nan,nan
cifar10,sparsemax,3,29,0.7851190567016602,0.6508,0.6490535149477282,1.02430971711874,0.2399898011237383,2.3596287459135055,nan,nan
cifar10,sparsemax,4,0,1.918553113937378,0.3863,0.36831144683153444,1.6752126425504685,0.3397161165252328,2.573116734623909,nan,nan
cifar10,sparsemax,4,1,1.5936596393585205,0.4458,0.43448769030627166,1.5048310875892639,0.3151605537161231,2.510651721060276,nan,nan
cifar10,sparsemax,4,2,1.447899341583252,0.4836,0.4735453688104177,1.4182765990495683,0.2922398978844285,2.4916984260082247,nan,nan
cifar10,sparsemax,4,3,1.3560116291046143,0.5175,0.5191703577506889,1.3266485780477524,0.2739598363637924,2.429468020796776,nan,nan
cifar10,sparsemax,4,4,1.2917232513427734,0.5321,0.5241219607149853,1.2889840483665467,0.26965762246400116,2.4149110347032545,nan,nan
cifar10,sparsemax,4,5,1.248185157775879,0.5455,0.5455685752402519,1.2530162334442139,0.2680998682975769,2.4361062914133074,nan,nan
cifar10,sparsemax,4,6,1.2030669450759888,0.5565,0.5574145561462582,1.2176839351654052,0.26438931152224543,2.4243870198726656,nan,nan
cifar10,sparsemax,4,7,1.1718897819519043,0.568,0.5631274403906261,1.208762988448143,0.2696456160396338,2.4369154244661333,nan,nan
cifar10,sparsemax,4,8,1.1427702903747559,0.5741,0.5669018031426865,1.1950264036655427,0.2663096126168966,2.4391828000545503,nan,nan
cifar10,sparsemax,4,9,1.110208511352539,0.5725,0.5664168140922008,1.173186445236206,0.26479520071297885,2.431870850920677,nan,nan
cifar10,sparsemax,4,10,1.0903700590133667,0.5832,0.5805314395374306,1.1619480833411218,0.26904933899641037,2.444003739953041,nan,nan
cifar10,sparsemax,4,11,1.0680352449417114,0.5863,0.5849679203682397,1.1439819946885108,0.26288808789104223,2.425686004757881,nan,nan
cifar10,sparsemax,4,12,1.0407533645629883,0.5943,0.5914534523905026,1.1207504078745842,0.2669490521773696,2.4471523344516752,nan,nan
cifar10,sparsemax,4,13,1.0213828086853027,0.607,0.6077881141014478,1.1238844752311707,0.2688075590878725,2.4603722542524338,nan,nan
cifar10,sparsemax,4,14,1.0027507543563843,0.6069,0.603324457010683,1.1133401542901993,0.2593370836228132,2.419695329666138,nan,nan
cifar10,sparsemax,4,15,0.9825205206871033,0.608,0.6058900919403879,1.1077620208263397,0.2681383274495602,2.461341369152069,nan,nan
cifar10,sparsemax,4,16,0.9694381952285767,0.6063,0.6058336780075453,1.1051869601011277,0.2732957238331437,2.4751607924699783,nan,nan
cifar10,sparsemax,4,17,0.9535368084907532,0.6118,0.610344384729603,1.0868190318346023,0.2705778727307916,2.4643046081066133,nan,nan
cifar10,sparsemax,4,18,0.927190899848938,0.624,0.6222129192414275,1.0756651759147644,0.27056780867278574,2.4573820173740386,nan,nan
cifar10,sparsemax,4,19,0.9085186123847961,0.6215,0.6242964013982916,1.0791121155023575,0.26901629026979207,2.458434593677521,nan,nan
cifar10,sparsemax,4,20,0.8926647305488586,0.6293,0.6270412311881248,1.0602030768990516,0.26786008924245835,2.451550605893135,nan,nan
cifar10,sparsemax,4,21,0.8884599208831787,0.6269,0.6243665928888126,1.0873210221529006,0.2586737437173724,2.4158027142286302,nan,nan
cifar10,sparsemax,4,22,0.8755667209625244,0.6193,0.6186954077559143,1.0922791570425034,0.2683448763564229,2.462076571583748,nan,nan
cifar10,sparsemax,4,23,0.8609626293182373,0.6153,0.6169674522864137,1.1276671528816222,0.2600317742675543,2.430198150873184,nan,nan
cifar10,sparsemax,4,24,0.8467553853988647,0.6356,0.6345307231738901,1.072886872291565,0.2570740381255746,2.417465677857399,nan,nan
cifar10,sparsemax,4,25,0.8280468583106995,0.6278,0.6262699554263641,1.0815277993679047,0.25817714221775534,2.4238570630550385,nan,nan
cifar10,sparsemax,4,26,0.8162897229194641,0.6342,0.6339797676244069,1.0581135660409928,0.25887764859944584,2.4264822870492937,nan,nan
cifar10,sparsemax,4,27,0.808085560798645,0.6289,0.6309066395571121,1.0829913333058356,0.2579491565003991,2.425850883126259,nan,nan
cifar10,sparsemax,4,28,0.8008022308349609,0.6358,0.6353199879328917,1.0631890714168548,0.2565888246521354,2.4136523365974427,nan,nan
cifar10,sparsemax,4,29,0.7901868224143982,0.6346,0.6326786789644144,1.083085022866726,0.25424442887306214,2.416493821144104,nan,nan
cifar10,sparsemax,5,0,1.906213641166687,0.3846,0.3724827625843369,1.6835903763771056,0.3563372191041708,2.602104426920414,nan,nan
cifar10,sparsemax,5,1,1.589119553565979,0.4378,0.4352340089709221,1.5486688643693924,0.33420824240893127,2.5598462134599687,nan,nan
cifar10,sparsemax,5,2,1.45768404006958,0.4838,0.48419466304435393,1.4123034745454788,0.3282791322097182,2.556451804935932,nan,nan
cifar10,sparsemax,5,3,1.3664509057998657,0.5027,0.49246338636225834,1.352490308880806,0.3301482193171978,2.580379104614258,nan,nan
cifar10,sparsemax,5,4,1.3125782012939453,0.5255,0.5200922814426479,1.301162201166153,0.3145283510908484,2.5407726228237153,nan,nan
cifar10,sparsemax,5,5,1.2627464532852173,0.5376,0.5328280067901364,1.2758058905601501,0.3149833519011736,2.537173646688461,nan,nan
cifar10,sparsemax,5,6,1.2209678888320923,0.5485,0.5474562785619508,1.2470653474330902,0.3095093697309494,2.5216964036226273,nan,nan
cifar10,sparsemax,5,7,1.1896859407424927,0.5642,0.5622468181376595,1.2107811897993088,0.30623181983828546,2.526463821530342,nan,nan
cifar10,sparsemax,5,8,1.151679515838623,0.5608,0.5586678851204112,1.2254225194454194,0.2947462428361177,2.4945363283157347,nan,nan
cifar10,sparsemax,5,9,1.1307885646820068,0.5722,0.5723876528033605,1.1829078882932662,0.2952843651175499,2.490400329232216,nan,nan
cifar10,sparsemax,5,10,1.1066629886627197,0.5802,0.5755585237729548,1.187391009926796,0.28688374254852533,2.4808052688837052,nan,nan
cifar10,sparsemax,5,11,1.0801321268081665,0.5914,0.5939306000355795,1.1572761058807373,0.2813352894037962,2.459565821290016,nan,nan
cifar10,sparsemax,5,12,1.061597466468811,0.5912,0.589793068418063,1.1476159542798996,0.2867807989940047,2.488504910469055,nan,nan
cifar10,sparsemax,5,13,1.036314606666565,0.5829,0.5787693341933527,1.1643828392028808,0.2901877712458372,2.4973050504922867,nan,nan
cifar10,sparsemax,5,14,1.0230032205581665,0.5981,0.5976102063212657,1.1221128284931183,0.2850158205255866,2.4737530410289765,nan,nan
cifar10,sparsemax,5,15,0.9971091747283936,0.5988,0.5986606549186202,1.1469183534383773,0.28169618360698223,2.4687736302614214,nan,nan
cifar10,sparsemax,5,16,0.9859535694122314,0.6047,0.6011434656586871,1.1196982830762863,0.27831836976110935,2.4748348236083983,nan,nan
cifar10,sparsemax,5,17,0.9674085974693298,0.6073,0.6045888552869763,1.1263229906558991,0.2823656782507896,2.4898821651935577,nan,nan
cifar10,sparsemax,5,18,0.9465621709823608,0.6157,0.6142265560245099,1.1110909730196,0.2770751047879457,2.4631840974092483,nan,nan
cifar10,sparsemax,5,19,0.9323398470878601,0.6105,0.6098269662271155,1.1185335382819175,0.2715379295870662,2.455345866084099,nan,nan
cifar10,sparsemax,5,20,0.9184984564781189,0.6112,0.6088573700580604,1.1139149248600007,0.27399944309145213,2.4721031159162523,nan,nan
cifar10,sparsemax,5,21,0.9030463695526123,0.6189,0.6168755195978135,1.0857873231172561,0.2821964813396335,2.496646386384964,nan,nan
cifar10,sparsemax,5,22,0.8984277248382568,0.6211,0.6195559485112717,1.1021613493561744,0.27937961332499983,2.4942683070898055,nan,nan
cifar10,sparsemax,5,23,0.8724833726882935,0.6207,0.6170685323707372,1.0964282304048538,0.27890919242054224,2.4891519248485565,nan,nan
cifar10,sparsemax,5,24,0.8745716214179993,0.6162,0.6134221348876758,1.1061605498194695,0.27209449410438535,2.4632468611001967,nan,nan
cifar10,sparsemax,5,25,0.8523428440093994,0.6229,0.6205794791358201,1.0905279248952866,0.2689532021060586,2.459551531076431,nan,nan
cifar10,sparsemax,5,26,0.837546706199646,0.6243,0.6232033765632669,1.089060789346695,0.2682986356317997,2.456079626083374,nan,nan
cifar10,sparsemax,5,27,0.8227148652076721,0.6258,0.624484579967503,1.0899834260344505,0.26101539451628925,2.424580219388008,nan,nan
cifar10,sparsemax,5,28,0.8161631226539612,0.6202,0.6163071046728577,1.1260896772146225,0.27532471287995575,2.4829620480537415,nan,nan
cifar10,sparsemax,5,29,0.8056352138519287,0.6253,0.6259552469315368,1.1159104511141777,0.2723343811929226,2.469363695383072,nan,nan
cifar10,sparsemax,6,0,1.872823715209961,0.3985,0.37301657057422766,1.6383677005767823,0.3593469839543104,2.549519972503185,nan,nan
cifar10,sparsemax,6,1,1.5399744510650635,0.4703,0.46769461448226457,1.47099928855896,0.3770547442138195,2.6242681100964544,nan,nan
cifar10,sparsemax,6,2,1.4294650554656982,0.4969,0.4890623164824725,1.3882969945669175,0.35079997554421427,2.588282233476639,nan,nan
cifar10,sparsemax,6,3,1.3490780591964722,0.5312,0.5192307842313438,1.295996108651161,0.35486593265086414,2.613432842493057,nan,nan
cifar10,sparsemax,6,4,1.2845854759216309,0.5526,0.5477666387477937,1.2555180758237838,0.350923296995461,2.6090246066451073,nan,nan
cifar10,sparsemax,6,5,1.2371301651000977,0.5659,0.5591548785585065,1.2236000746488571,0.3436335677281022,2.6044886499643325,nan,nan
cifar10,sparsemax,6,6,1.199885368347168,0.5588,0.5509232277443543,1.2330373704433442,0.34101740531623365,2.607695922255516,nan,nan
cifar10,sparsemax,6,7,1.1621659994125366,0.5768,0.5719371612898583,1.1883528515696526,0.3335023373365402,2.605514681339264,nan,nan
cifar10,sparsemax,6,8,1.1391135454177856,0.5924,0.5923846894566213,1.159420970082283,0.32434396632015705,2.589595502614975,nan,nan
cifar10,sparsemax,6,9,1.1034212112426758,0.6018,0.5989649607689668,1.1197485595941543,0.3273620480671525,2.6059035062789917,nan,nan
cifar10,sparsemax,6,10,1.0779895782470703,0.6051,0.5989913731725747,1.126234894990921,0.31899481303989885,2.5906008183956146,nan,nan
cifar10,sparsemax,6,11,1.0530059337615967,0.6199,0.6155920941592236,1.0976485908031464,0.31626536305993797,2.5913486212491987,nan,nan
cifar10,sparsemax,6,12,1.0326189994812012,0.6147,0.6159684000896579,1.0996841743588448,0.32021102532744405,2.608512023091316,nan,nan
cifar10,sparsemax,6,13,1.01664137840271,0.6251,0.6223166293182824,1.0699895322322845,0.3244300004094839,2.6027760833501814,nan,nan
cifar10,sparsemax,6,14,0.9910424947738647,0.6321,0.6284107845998821,1.0612090036273003,0.31117606684565546,2.5820076793432234,nan,nan
cifar10,sparsemax,6,15,0.9749414920806885,0.63,0.6230134495123081,1.0630777388811112,0.3038011614233255,2.550859534740448,nan,nan
cifar10,sparsemax,6,16,0.9536502957344055,0.6131,0.6093045613480379,1.1099153906106949,0.3110880056396127,2.5670692771673203,nan,nan
cifar10,sparsemax,6,17,0.9432793855667114,0.6193,0.6194470884708669,1.0864395037293435,0.30259609390050174,2.5529777824878694,nan,nan
cifar10,sparsemax,6,18,0.9281458854675293,0.6298,0.629274790039039,1.0672519579529762,0.30598563216626645,2.568352746963501,nan,nan
cifar10,sparsemax,6,19,0.9090262651443481,0.632,0.6279473162819785,1.0752620249986649,0.31094848792999985,2.575951489806175,nan,nan
cifar10,sparsemax,7,0,1.8627115488052368,0.3868,0.3775795831780512,1.648179280757904,0.4330162012949586,2.7554013416171075,nan,nan
cifar10,sparsemax,7,1,1.5558435916900635,0.4611,0.44629539755944564,1.4601365685462953,0.388772514835,2.660920390486717,nan,nan
cifar10,sparsemax,7,2,1.441017746925354,0.495,0.4835797880160048,1.3745529979467392,0.3769626755267382,2.6768621504306793,nan,nan
cifar10,sparsemax,7,3,1.3642299175262451,0.518,0.5033672271162233,1.3379530400037765,0.3484097929671407,2.6029453799128532,nan,nan
cifar10,sparsemax,7,4,1.2982642650604248,0.5417,0.5395673175920741,1.269693586230278,0.33829689137637614,2.5912273481488226,nan,nan
cifar10,sparsemax,7,5,1.2530288696289062,0.5629,0.5592758525713392,1.222876462340355,0.3312603684142232,2.602308323979378,nan,nan
cifar10,sparsemax,7,6,1.2231935262680054,0.5694,0.5669567341518293,1.2199622005224229,0.3273176455870271,2.5902066826820374,nan,nan
cifar10,sparsemax,7,7,1.1784201860427856,0.569,0.5671390683712237,1.2084956049919129,0.3172939414158463,2.561982014775276,nan,nan
cifar10,sparsemax,7,8,1.1493631601333618,0.5798,0.5717182950248763,1.1823563039302827,0.33308563455939294,2.6110207051038743,nan,nan
cifar10,sparsemax,7,9,1.1203523874282837,0.5875,0.5819980175651712,1.160165673494339,0.3128315191715956,2.5651781797409057,nan,nan
cifar10,sparsemax,7,10,1.089445948600769,0.599,0.5966279289376291,1.1356268882751466,0.32127237431704997,2.5848359525203706,nan,nan
cifar10,sparsemax,7,11,1.059370756149292,0.6001,0.6001623961529301,1.1308861464262008,0.3171041153371334,2.588457354903221,nan,nan
cifar10,sparsemax,7,12,1.047799825668335,0.6089,0.6099911497315524,1.1176266625523568,0.30688179433345797,2.5467804849147795,nan,nan
cifar10,sparsemax,7,13,1.0170851945877075,0.6027,0.5985980851697961,1.1300524681806565,0.3113781981170177,2.563517266511917,nan,nan
cifar10,sparsemax,7,14,0.998907208442688,0.6121,0.611680925990844,1.1174621343612672,0.30593510568141935,2.55361068546772,nan,nan
cifar10,sparsemax,7,15,0.9862902164459229,0.6177,0.6192824821150206,1.092605583369732,0.30362155493348836,2.5433520168066024,nan,nan
cifar10,sparsemax,7,16,0.9581342935562134,0.6267,0.6235027693180857,1.0819219395518302,0.31183923967182636,2.5800128847360613,nan,nan
cifar10,sparsemax,7,17,0.9464607238769531,0.6329,0.6294113665939037,1.0700530037283897,0.3012161947786808,2.540734961628914,nan,nan
cifar10,sparsemax,7,18,0.9303582310676575,0.6178,0.6174095271620245,1.109768533706665,0.3091261971741915,2.5799218475818635,nan,nan
cifar10,sparsemax,7,19,0.910765528678894,0.6173,0.6128723638810407,1.1079463496804238,0.2981677999719977,2.5408674776554108,nan,nan
cifar10,sparsemax,7,20,0.8946948051452637,0.6284,0.6252625202173723,1.079492312669754,0.30219377521425483,2.5583308011293413,nan,nan
cifar10,sparsemax,7,21,0.8760292530059814,0.6245,0.6198868711359822,1.0851773977279664,0.29872647672891617,2.5421213805675507,nan,nan
cifar10,sparsemax,7,22,0.8606571555137634,0.6304,0.6267942914676785,1.090809141099453,0.2955568216741085,2.5250842362642287,nan,nan
cifar10,sparsemax,8,0,1.8892513513565063,0.3866,0.3610284488998741,1.6638988524675369,0.39735315050929787,2.6497394919395445,nan,nan
cifar10,sparsemax,8,1,1.565453290939331,0.46,0.45113744507173015,1.485500580072403,0.363093051686883,2.5792124271392822,nan,nan
cifar10,sparsemax,8,2,1.4328144788742065,0.4958,0.48883597201305984,1.3900291979312898,0.33351935390383003,2.519036075472832,nan,nan
cifar10,sparsemax,8,3,1.3657256364822388,0.5153,0.5119806401097062,1.339006382226944,0.3202180670574307,2.5241870775818827,nan,nan
cifar10,sparsemax,8,4,1.3027459383010864,0.5262,0.5278248851487115,1.3210791230201722,0.30151839517056944,2.4893026888370513,nan,nan
cifar10,sparsemax,8,5,1.2569947242736816,0.5311,0.5260430628296635,1.2899660140275955,0.30016923788934946,2.4936893552541735,nan,nan
cifar10,sparsemax,8,6,1.223158359527588,0.5565,0.5559832605012491,1.236032810807228,0.28533410355448724,2.440101107954979,nan,nan
cifar10,sparsemax,8,7,1.1831176280975342,0.5511,0.5463943779078985,1.238779467344284,0.28817692063748834,2.4800950556993486,nan,nan
cifar10,sparsemax,8,8,1.1588413715362549,0.5558,0.5566006292347561,1.23769191801548,0.28888078574091197,2.4920668601989746,nan,nan
cifar10,sparsemax,8,9,1.1327846050262451,0.5617,0.5593118822644022,1.212520930171013,0.2852714564651251,2.4668400049209596,nan,nan
cifar10,sparsemax,8,10,1.1043847799301147,0.5798,0.580045144878282,1.1861907988786697,0.2874882135540247,2.4847357630729676,nan,nan
cifar10,sparsemax,8,11,1.0880318880081177,0.5815,0.5836846337457269,1.1729477047920227,0.2748608296737075,2.442608657479286,nan,nan
cifar10,sparsemax,8,12,1.064611554145813,0.5819,0.5833746345515503,1.1742224931716918,0.27494082748889925,2.439354246854782,nan,nan
cifar10,sparsemax,8,13,1.0509289503097534,0.5827,0.5802267302520873,1.1810859233140945,0.26990205589681865,2.4235438138246534,nan,nan
cifar10,sparsemax,8,14,1.0280673503875732,0.589,0.5874768537595301,1.150315836071968,0.2696356952190399,2.4162080019712446,nan,nan
cifar10,sparsemax,8,15,1.0105887651443481,0.5946,0.5942701369820935,1.1453121706843377,0.2728758316487074,2.4241718381643294,nan,nan
cifar10,sparsemax,8,16,0.992744505405426,0.6008,0.600603802737019,1.1268358767032622,0.26312744319438935,2.412529355287552,nan,nan
cifar10,sparsemax,8,17,0.9765754342079163,0.5969,0.5969461598002486,1.1490510985255242,0.2684791492298245,2.430072394013405,nan,nan
cifar10,sparsemax,8,18,0.9645519256591797,0.6007,0.603246937508189,1.1311819478869438,0.2635148257017136,2.4101076900959013,nan,nan
cifar10,sparsemax,8,19,0.9498856663703918,0.608,0.6087228747753927,1.1150674402713776,0.26799821816384795,2.427695655822754,nan,nan
cifar10,sparsemax,8,20,0.9289844632148743,0.6075,0.608930565276786,1.1049579739570619,0.26277807354927063,2.412371778488159,nan,nan
cifar10,sparsemax,8,21,0.9174033403396606,0.6123,0.6131509363356772,1.1318908780813217,0.2571025140583515,2.3857154160737992,nan,nan
cifar10,sparsemax,8,22,0.9058769941329956,0.6053,0.6067847818728929,1.119090624153614,0.2583188461139798,2.4065257370471955,nan,nan
cifar10,sparsemax,8,23,0.8906190991401672,0.6177,0.617545612662329,1.1016467601060866,0.2555811142548919,2.3887930512428284,nan,nan
cifar10,sparsemax,8,24,0.8783928155899048,0.6117,0.6137556999546371,1.1105070814490319,0.25503839608281853,2.385994863510132,nan,nan
cifar10,sparsemax,8,25,0.8656715750694275,0.611,0.6165111801441612,1.1247437700629235,0.25409461800009014,2.383412253856659,nan,nan
cifar10,sparsemax,8,26,0.8512665629386902,0.6203,0.6195742165489854,1.1146419852972032,0.25302502792328596,2.380048933625221,nan,nan
cifar10,sparsemax,8,27,0.8449799418449402,0.6171,0.614994455061887,1.1237331941723823,0.25379894152283666,2.3848309189081194,nan,nan
cifar10,sparsemax,8,28,0.8210509419441223,0.6097,0.6119954866669257,1.1393284782767297,0.2532291056588292,2.38589261174202,nan,nan
cifar10,sparsemax,8,29,0.8225582838058472,0.6224,0.6227698393054839,1.0977519825100899,0.25047163646668197,2.3804982632398604,nan,nan
cifar10,sparsemax,9,0,1.878475308418274,0.3922,0.368531338857649,1.685428187251091,0.34608251303434373,2.574229994416237,nan,nan
cifar10,sparsemax,9,1,1.5627883672714233,0.4681,0.4567790183933516,1.4725157380104066,0.31168494168668986,2.500362993776798,nan,nan
cifar10,sparsemax,9,2,1.4374257326126099,0.4805,0.476199072416708,1.438768243789673,0.2901991944760084,2.4547685757279396,nan,nan
cifar10,sparsemax,9,3,1.3595364093780518,0.5045,0.49212811868682804,1.3874939739704133,0.28457778636366127,2.4572478964924813,nan,nan
cifar10,sparsemax,9,4,1.298073410987854,0.5365,0.5336452352832863,1.3002845227718354,0.27557063810527327,2.460494190454483,nan,nan
cifar10,sparsemax,9,5,1.2483924627304077,0.5395,0.5340131735970504,1.270397675037384,0.27407918106764556,2.459509548544884,nan,nan
cifar10,sparsemax,9,6,1.2080397605895996,0.5582,0.5593069422954584,1.2389369547367095,0.2659378184005618,2.451154810190201,nan,nan
cifar10,sparsemax,9,7,1.1754355430603027,0.565,0.5608108916926885,1.2234964549541474,0.2638227466493845,2.449625527858734,nan,nan
cifar10,sparsemax,9,8,1.147652268409729,0.5857,0.5860496188732369,1.1775230050086976,0.26224397830665114,2.4468374997377396,nan,nan
cifar10,sparsemax,9,9,1.1249492168426514,0.5848,0.582264429194882,1.170056825876236,0.260620197840035,2.4360731720924376,nan,nan
cifar10,sparsemax,9,10,1.0921199321746826,0.5895,0.584045385882556,1.1718995571136475,0.26590479630976915,2.4522807002067566,nan,nan
cifar10,sparsemax,9,11,1.074074625968933,0.6032,0.6003375403925235,1.1450741320848465,0.2689614214003086,2.473415431380272,nan,nan
cifar10,sparsemax,9,12,1.0508143901824951,0.5937,0.5859381106917512,1.1486254066228867,0.269210553355515,2.4573714196681977,nan,nan
cifar10,sparsemax,9,13,1.028632402420044,0.6054,0.6017841543824318,1.1196676671504975,0.2610800139605999,2.4517223805189134,nan,nan
cifar10,sparsemax,9,14,1.0066829919815063,0.6077,0.6062127157850223,1.1052956849336624,0.26779487542808056,2.470326855778694,nan,nan
cifar10,sparsemax,9,15,0.9912517666816711,0.6089,0.6086326351303304,1.1212731838226317,0.2708576560020447,2.48276569545269,nan,nan
cifar10,sparsemax,9,16,0.9736934900283813,0.6141,0.6163456739589646,1.0885503098368645,0.2568183774128556,2.420490488409996,nan,nan
cifar10,sparsemax,9,17,0.9572946429252625,0.6183,0.6170383691536656,1.0833777040243149,0.2531258910894394,2.4140598267316817,nan,nan
cifar10,sparsemax,9,18,0.9386499524116516,0.6216,0.617911034458881,1.0717835038900376,0.2641667675226927,2.455955919623375,nan,nan
cifar10,sparsemax,9,19,0.9275209307670593,0.6181,0.6150974326306511,1.0836489275097847,0.260809113830328,2.4477819204330444,nan,nan
cifar10,sparsemax,9,20,0.9071226716041565,0.6283,0.6270559017721556,1.0613253384828567,0.2611842516809702,2.448868656158447,nan,nan
cifar10,sparsemax,9,21,0.8907419443130493,0.6252,0.6238132566683665,1.0665163785219192,0.26596634835004807,2.465859389305115,nan,nan
cifar10,sparsemax,9,22,0.8789569735527039,0.6315,0.6328441370412012,1.0472141444683074,0.25927136912941934,2.4428968012332914,nan,nan
cifar10,sparsemax,9,23,0.8696658611297607,0.6238,0.6288451004081864,1.056222878396511,0.25483464132994416,2.420618695020676,nan,nan
cifar10,sparsemax,9,24,0.8616024255752563,0.636,0.6372275821105793,1.0241809427738189,0.25189832765609027,2.411713808774948,nan,nan
cifar10,sparsemax,9,25,0.8397518992424011,0.6348,0.6368738278794874,1.0383573532104493,0.25156760066747663,2.417320913076401,nan,nan
cifar10,sparsemax,9,26,0.8265946507453918,0.6379,0.6385952232945427,1.0448089957237243,0.25094709247350694,2.4208004981279374,nan,nan
cifar10,sparsemax,9,27,0.8177568316459656,0.6407,0.6425568668612255,1.0324791476130486,0.25526770632714035,2.431021976470947,nan,nan
cifar10,sparsemax,9,28,0.8059983253479004,0.6379,0.6413317547651836,1.0573164537549018,0.24974920228123665,2.415311360359192,nan,nan
cifar10,sparsemax,9,29,0.8019387722015381,0.6384,0.6401523618698393,1.054365949332714,0.2538964940235019,2.4306026697158813,nan,nan
cifar10,entmax15,1,0,1.9317277669906616,0.362,0.33912364633416403,1.712431436777115,0.7396827630698681,3.339171975851059,nan,nan
cifar10,entmax15,1,1,1.6203454732894897,0.4563,0.44390122283664624,1.5012107610702514,0.6958061039447785,3.238272228837013,nan,nan
cifar10,entmax15,1,2,1.4758234024047852,0.4782,0.47907045634496914,1.453283816576004,0.6917976550757885,3.226936948299408,nan,nan
cifar10,entmax15,1,3,1.3900936841964722,0.4962,0.49145395950155846,1.3703551769256592,0.6999863006174565,3.243098321557045,nan,nan
cifar10,entmax15,1,4,1.3202645778656006,0.5176,0.507017228115217,1.3363709032535553,0.6757978513836861,3.181744474172592,nan,nan
cifar10,entmax15,1,5,1.2706838846206665,0.552,0.5516693353179849,1.2687543511390686,0.6768511407077312,3.1832412242889405,nan,nan
cifar10,entmax15,1,6,1.2293809652328491,0.5534,0.5531515982860528,1.2467265754938126,0.661722844094038,3.154546880722046,nan,nan
cifar10,entmax15,1,7,1.186930537223816,0.5532,0.5474400168222064,1.242829868197441,0.6652356259524822,3.1557917952537538,nan,nan
cifar10,entmax15,1,8,1.1585772037506104,0.568,0.5624416949195722,1.2036777943372727,0.6534242823719978,3.136388659477234,nan,nan
cifar10,entmax15,1,9,1.128740906715393,0.5794,0.5779936883019464,1.1714260578155518,0.6492358013987541,3.1166482299566267,nan,nan
cifar10,entmax15,1,10,1.094835638999939,0.5816,0.5741561923772835,1.173288345336914,0.6484332263469696,3.113430029153824,nan,nan
cifar10,entmax15,1,11,1.0763678550720215,0.5893,0.5838132959131039,1.155899515748024,0.6509891480207444,3.119597244262695,nan,nan
cifar10,entmax15,1,12,1.0518046617507935,0.5941,0.5898421733604934,1.1375299274921418,0.6537543632090091,3.121040478348732,nan,nan
cifar10,entmax15,1,13,1.0334382057189941,0.5951,0.593486919962613,1.1294228732585907,0.6619361035525799,3.149808633327484,nan,nan
cifar10,entmax15,1,14,1.004146933555603,0.6118,0.6102348184832386,1.1012655064463615,0.6315476223826408,3.0775009125471113,nan,nan
cifar10,entmax15,1,15,0.9973193407058716,0.6113,0.6088538582547516,1.1052952826023101,0.6383778892457486,3.0917707175016402,nan,nan
cifar10,entmax15,1,16,0.9725884199142456,0.6046,0.6043677255630919,1.1135697454214095,0.6555576518177986,3.132172966003418,nan,nan
cifar10,entmax15,1,17,0.9482426643371582,0.6217,0.6193796159371175,1.0924870729446412,0.632748144865036,3.0856589496135713,nan,nan
cifar10,entmax15,1,18,0.9384084343910217,0.6148,0.6093805863617463,1.1004731819033622,0.6464733123779297,3.1073754012584685,nan,nan
cifar10,entmax15,1,19,0.920835554599762,0.623,0.6248248285435763,1.0724082916975022,0.6388038128614426,3.0993213266134263,nan,nan
cifar10,entmax15,1,20,0.9047969579696655,0.6311,0.6292617842528143,1.0715061455965043,0.6404028497636318,3.099849486351013,nan,nan
cifar10,entmax15,1,21,0.889702558517456,0.6321,0.6311398001804148,1.0590281769633294,0.6318619027733803,3.0748848915100098,nan,nan
cifar10,entmax15,1,22,0.8764777779579163,0.629,0.6258976233468584,1.0642581596970557,0.6106307595968247,3.0317867904901505,nan,nan
cifar10,entmax15,1,23,0.8663368821144104,0.6333,0.6314665126482345,1.0565162003040314,0.6171828471124172,3.042579194903374,nan,nan
cifar10,entmax15,1,24,0.8508562445640564,0.627,0.6221366869758784,1.0992309048771858,0.6330080799758434,3.081830644607544,nan,nan
cifar10,entmax15,1,25,0.8422337770462036,0.637,0.6349223984089614,1.0533515974879264,0.626510389149189,3.0642043530941008,nan,nan
cifar10,entmax15,1,26,0.8230922222137451,0.6312,0.630564803733332,1.0828046202659607,0.6126428484916687,3.0310549437999725,nan,nan
cifar10,entmax15,1,27,0.8098110556602478,0.6467,0.6440107368111648,1.0320578932762146,0.6263898022472858,3.0659162998199463,nan,nan
cifar10,entmax15,1,28,0.8073943853378296,0.6402,0.6376472927063501,1.0801944017410279,0.6309256210923195,3.0800332486629487,nan,nan
cifar10,entmax15,1,29,0.7873676419258118,0.6411,0.6393707776785873,1.0555256739258767,0.6321685537695885,3.08323595225811,nan,nan
cifar10,entmax15,2,0,1.9273347854614258,0.3744,0.3526288187678224,1.6872694373130799,0.7697825372219086,3.3996109277009965,nan,nan
cifar10,entmax15,2,1,1.6134357452392578,0.4349,0.4261074702557755,1.528886616230011,0.7071087114512921,3.2268120676279066,nan,nan
cifar10,entmax15,2,2,1.471675157546997,0.489,0.4794198470995378,1.400093924999237,0.6912540055811405,3.178431731462479,nan,nan
cifar10,entmax15,2,3,1.3767077922821045,0.5054,0.4950395427736236,1.3535618245601655,0.6517950236797333,3.0688307166099547,nan,nan
cifar10,entmax15,2,4,1.3137924671173096,0.5292,0.5305205861611327,1.298355370759964,0.6622443370521068,3.1000734359025954,nan,nan
cifar10,entmax15,2,5,1.2504063844680786,0.5363,0.5319273331821742,1.2785603374242782,0.6690230220556259,3.1206839114427565,nan,nan
cifar10,entmax15,2,6,1.205233097076416,0.5571,0.546142881807964,1.222978690266609,0.6446394890546798,3.056339371204376,nan,nan
cifar10,entmax15,2,7,1.1689679622650146,0.5736,0.5730515185472322,1.1782212942838668,0.6301357068121434,3.0371960192918777,nan,nan
cifar10,entmax15,2,8,1.138161301612854,0.56,0.5633183991496729,1.2073096245527268,0.6413004741072654,3.0599808931350707,nan,nan
cifar10,entmax15,2,9,1.1107202768325806,0.5714,0.5721402242938685,1.1934539079666138,0.6434572443366051,3.0618681728839876,nan,nan
cifar10,entmax15,2,10,1.08487868309021,0.6007,0.5961967856076702,1.1259443625807761,0.6341340333223343,3.052725663781166,nan,nan
cifar10,entmax15,2,11,1.0655152797698975,0.5951,0.5937258707273041,1.123049345612526,0.6231024384498596,3.0299159348011018,nan,nan
cifar10,entmax15,2,12,1.043702244758606,0.6055,0.5982763667544531,1.1118981167674065,0.6245069250464439,3.029489478468895,nan,nan
cifar10,entmax15,2,13,1.0160201787948608,0.5988,0.5971223083476488,1.1172343134880065,0.5985546976327896,2.9695881009101868,nan,nan
cifar10,entmax15,2,14,1.0004661083221436,0.595,0.5964378984577913,1.143300050497055,0.6143659494817257,3.012219008803368,nan,nan
cifar10,entmax15,2,15,0.9784424304962158,0.5887,0.5891846757446014,1.1460395127534866,0.6266868464648724,3.039172074198723,nan,nan
cifar10,entmax15,2,16,0.9639806151390076,0.6205,0.617416390597524,1.0677658662199974,0.6172919780015945,3.0191844433546065,nan,nan
cifar10,entmax15,2,17,0.9470548629760742,0.6223,0.6194163332696682,1.0604354083538055,0.6086136259138584,2.997110775113106,nan,nan
cifar10,entmax15,2,18,0.9293246269226074,0.6123,0.6122881842041887,1.104296687245369,0.6031902156770229,2.984604313969612,nan,nan
cifar10,entmax15,2,19,0.9171355366706848,0.6258,0.6220465240200036,1.059257060289383,0.5981097854673862,2.975489142537117,nan,nan
cifar10,entmax15,2,20,0.8984737396240234,0.6319,0.6324500480648654,1.0518526062369347,0.6005680866539478,2.9729564815759657,nan,nan
cifar10,entmax15,2,21,0.8814221024513245,0.6339,0.6312833980077878,1.058665220439434,0.5837542697787285,2.9388883888721464,nan,nan
cifar10,entmax15,2,22,0.8716273307800293,0.6311,0.6290849533618064,1.0580890014767648,0.5865961879491806,2.9463672548532487,nan,nan
cifar10,entmax15,2,23,0.8590841293334961,0.6344,0.6347830303711276,1.0389252036809922,0.5815989181399346,2.9303418397903442,nan,nan
cifar10,entmax15,2,24,0.8446077108383179,0.6364,0.6364677971114955,1.063553449511528,0.5907551810145378,2.96012581884861,nan,nan
cifar10,entmax15,2,25,0.8268554210662842,0.6397,0.6398658461267516,1.0446001946926118,0.5725417956709862,2.917002135515213,nan,nan
cifar10,entmax15,2,26,0.8215117454528809,0.6365,0.6362136403827734,1.0432648435235023,0.5672248132526875,2.90097553730011,nan,nan
cifar10,entmax15,2,27,0.8080021739006042,0.6438,0.6416180514181342,1.0308031722903253,0.5816103637218475,2.94078124165535,nan,nan
cifar10,entmax15,2,28,0.7973139882087708,0.6395,0.637800583655737,1.0452477470040322,0.5625349216163158,2.894112467765808,nan,nan
cifar10,entmax15,2,29,0.7806859016418457,0.6434,0.6402599182942238,1.0511035338044166,0.5691932909190655,2.9129250228404997,nan,nan
cifar10,entmax15,3,0,1.9533227682113647,0.3801,0.3456141327627395,1.6828793257474899,0.6969715662300586,3.226309072971344,nan,nan
cifar10,entmax15,3,1,1.5819556713104248,0.4679,0.4645362541602882,1.462334895133972,0.7100330524146556,3.269419860839844,nan,nan
cifar10,entmax15,3,2,1.4567488431930542,0.4787,0.47433030419034433,1.4343192815780639,0.7238119781017304,3.2882675170898437,nan,nan
cifar10,entmax15,3,3,1.371644139289856,0.5231,0.5173924499156819,1.3168991595506667,0.7167532287538052,3.257760873436928,nan,nan
cifar10,entmax15,3,4,1.3083739280700684,0.5393,0.5331885283965605,1.272680339217186,0.6902838185429573,3.202998733520508,nan,nan
cifar10,entmax15,3,5,1.2563621997833252,0.5494,0.5425170576460904,1.2437651187181473,0.6955712504684926,3.2112576395273207,nan,nan
cifar10,entmax15,3,6,1.2128640413284302,0.5585,0.5563057926334523,1.2061021149158477,0.6814177863299846,3.1916223138570787,nan,nan
cifar10,entmax15,3,7,1.1798548698425293,0.561,0.5568851312157855,1.2064046889543534,0.6796852953732013,3.167049875855446,nan,nan
cifar10,entmax15,3,8,1.1560975313186646,0.5675,0.5596534890020176,1.2086625397205353,0.6532673843204975,3.116160902380943,nan,nan
cifar10,entmax15,3,9,1.122909426689148,0.5795,0.5760007387098365,1.1697982877492905,0.6517822057008743,3.1018199056386946,nan,nan
cifar10,entmax15,3,10,1.0996973514556885,0.5922,0.5891937985621233,1.1222105517983436,0.6599052891135215,3.1323820680379866,nan,nan
cifar10,entmax15,3,11,1.0660609006881714,0.6045,0.6051202682534791,1.0983714804053306,0.6467226326465607,3.0918018758296966,nan,nan
cifar10,entmax15,3,12,1.0472722053527832,0.61,0.6109821455072241,1.0848978474736213,0.6656734138727188,3.145341286063194,nan,nan
cifar10,entmax15,3,13,1.0270038843154907,0.6045,0.5956649815287977,1.0894585788249969,0.6463625371456146,3.1007544308900834,nan,nan
cifar10,entmax15,3,14,1.006534457206726,0.624,0.6233519559252352,1.0554537683725358,0.6542180106043816,3.121289411187172,nan,nan
cifar10,entmax15,3,15,0.9949374198913574,0.6098,0.599913129289195,1.0761858612298965,0.6421734757721425,3.0866351991891863,nan,nan
cifar10,entmax15,3,16,0.9720272421836853,0.6057,0.6002581749926856,1.1091050073504447,0.6421752139925957,3.087710180878639,nan,nan
cifar10,entmax15,3,17,0.95708829164505,0.6232,0.6176848508409701,1.0502254277467729,0.6384524665772915,3.0816786736249924,nan,nan
cifar10,entmax15,3,18,0.9384514093399048,0.6286,0.6279334458743138,1.0326003149151801,0.6286084622144699,3.069106861948967,nan,nan
cifar10,entmax15,3,19,0.9227136373519897,0.6281,0.6262389287302278,1.0310678139328957,0.6251133851706981,3.0513185560703278,nan,nan
cifar10,entmax15,3,20,0.9063047170639038,0.6293,0.6253788125122738,1.0462411478161813,0.6185674987733364,3.035826697945595,nan,nan
cifar10,entmax15,3,21,0.8906911015510559,0.631,0.6266896905023309,1.0487597227096557,0.6307605020701885,3.062397852540016,nan,nan
cifar10,entmax15,3,22,0.8799359202384949,0.632,0.6301670074116204,1.0238533586263656,0.5950484864413739,2.988040268421173,nan,nan
cifar10,entmax15,3,23,0.8572655916213989,0.6476,0.6475375184201804,1.0025165572762489,0.6110800459980965,3.017417174577713,nan,nan
cifar10,entmax15,3,24,0.8555607795715332,0.6364,0.6332086077403075,1.0238942578434944,0.6141295805573463,3.02432786822319,nan,nan
cifar10,entmax15,3,25,0.8393762111663818,0.6497,0.6508638368789227,0.9845896765589714,0.6245700612664222,3.0543628573417663,nan,nan
cifar10,entmax15,3,26,0.8277923464775085,0.6512,0.6508702328453652,0.9892534464597702,0.6145584940910339,3.025396254658699,nan,nan
cifar10,entmax15,3,27,0.8197779655456543,0.6444,0.6421717487164116,1.001657246053219,0.6171229295432568,3.0330358326435087,nan,nan
cifar10,entmax15,3,28,0.8045666813850403,0.6525,0.6504220568666852,0.9848684355616569,0.6080980636179447,3.011657398939133,nan,nan
cifar10,entmax15,3,29,0.7915703058242798,0.6503,0.648058573036414,0.9918703123927116,0.6224173560738564,3.051281100511551,nan,nan
cifar10,entmax15,4,0,1.973574161529541,0.3836,0.37517787187645746,1.67808797955513,0.7206588394939899,3.298190063238144,nan,nan
cifar10,entmax15,4,1,1.605406403541565,0.4262,0.4056102769623716,1.5629832834005355,0.7228954322636127,3.3045801281929017,nan,nan
cifar10,entmax15,4,2,1.463573932647705,0.4831,0.4770102057796458,1.4349353313446045,0.7190486907958984,3.285627838969231,nan,nan
cifar10,entmax15,4,3,1.377501368522644,0.5041,0.5062354882701743,1.3697145849466323,0.6654144786298275,3.154969161748886,nan,nan
cifar10,entmax15,4,4,1.3061277866363525,0.5264,0.5199079523070477,1.2996759563684464,0.6798831544816494,3.1969555974006654,nan,nan
cifar10,entmax15,4,5,1.2531830072402954,0.5499,0.5519577773008227,1.2397182017564774,0.6673675559461116,3.165469545125961,nan,nan
cifar10,entmax15,4,6,1.2055078744888306,0.5521,0.5532770516917849,1.218127155303955,0.653928006440401,3.1395415008068084,nan,nan
cifar10,entmax15,4,7,1.179410457611084,0.5625,0.5563785147438098,1.2018880009651185,0.6553975567221642,3.138162609934807,nan,nan
cifar10,entmax15,4,8,1.1428401470184326,0.5828,0.5792098379710415,1.1549325972795486,0.6509363159537316,3.127047765254974,nan,nan
cifar10,entmax15,4,9,1.1134532690048218,0.5706,0.5623960838213957,1.1815830498933793,0.6600160822272301,3.140272691845894,nan,nan
cifar10,entmax15,4,10,1.0895038843154907,0.585,0.581410862650739,1.1638775587081909,0.6505933493375778,3.122134676575661,nan,nan
cifar10,entmax15,4,11,1.0646212100982666,0.6,0.6007106579945314,1.1112271681427957,0.6486226744949818,3.1078167647123336,nan,nan
cifar10,entmax15,4,12,1.0405561923980713,0.602,0.5984330403784869,1.118000641465187,0.6451786540448665,3.108789846301079,nan,nan
cifar10,entmax15,4,13,1.0230677127838135,0.6126,0.6137883950731744,1.1005579680204391,0.6453989647328854,3.1077561020851134,nan,nan
cifar10,entmax15,4,14,0.9986430406570435,0.6148,0.610708342177349,1.0820079252123833,0.6421473771333694,3.098561775684357,nan,nan
cifar10,entmax15,4,15,0.9813485145568848,0.6119,0.6074458392435177,1.1061604723334313,0.6351522319018841,3.0880112022161486,nan,nan
cifar10,entmax15,4,16,0.9619523882865906,0.6252,0.6251636072342346,1.0428240224719048,0.6248751804232597,3.062520310282707,nan,nan
cifar10,entmax15,4,17,0.9491638541221619,0.6205,0.6207152646887691,1.0496435761451721,0.6267129264771938,3.0657423228025436,nan,nan
cifar10,entmax15,4,18,0.9265887141227722,0.6401,0.6392595608092095,1.0229816034436225,0.6253605462610722,3.058680680394173,nan,nan
cifar10,entmax15,4,19,0.9097171425819397,0.6445,0.6441533241068228,1.011101821064949,0.612786640971899,3.0310686618089675,nan,nan
cifar10,entmax15,4,20,0.8915953636169434,0.6446,0.6414611988227799,1.0152751907706261,0.6189482860267163,3.0425027698278426,nan,nan
cifar10,entmax15,4,21,0.8818119168281555,0.6396,0.6395691758440939,1.0233384162187575,0.6230813562870026,3.050126302242279,nan,nan
cifar10,entmax15,4,22,0.862468957901001,0.6357,0.6329531143588553,1.0531734630465508,0.6112038269639015,3.0180413007736204,nan,nan
cifar10,entmax15,4,23,0.8465819954872131,0.6415,0.6418942262617175,1.0326468393206596,0.6105675645172596,3.0171140134334564,nan,nan
cifar10,entmax15,4,24,0.840190052986145,0.6443,0.6402731639559806,1.016597855091095,0.6055633366107941,3.0083077013492585,nan,nan
cifar10,entmax15,4,25,0.8277987241744995,0.6546,0.6518300670848275,1.008413852751255,0.6144609540700913,3.0287933379411696,nan,nan
cifar10,entmax15,4,26,0.8153558373451233,0.6526,0.65100786894251,0.9963882356882096,0.6102815963327884,3.024011340737343,nan,nan
cifar10,entmax15,4,27,0.8065305948257446,0.6531,0.6549609682443813,1.00327530503273,0.5942814402282238,2.9807290196418763,nan,nan
cifar10,entmax15,4,28,0.7893825173377991,0.6565,0.6544955821693768,1.0018918752670287,0.5940205536782741,2.979377868771553,nan,nan
cifar10,entmax15,4,29,0.7734492421150208,0.646,0.6446705265943227,1.0279064774513245,0.5835718475282192,2.957055577635765,nan,nan
cifar10,entmax15,5,0,1.9419260025024414,0.3662,0.3527928490808262,1.7153731882572174,0.7641481094062328,3.389991435408592,nan,nan
cifar10,entmax15,5,1,1.598794937133789,0.4359,0.42912071572617305,1.5330768078565598,0.6993514515459538,3.250142353773117,nan,nan
cifar10,entmax15,5,2,1.4584693908691406,0.494,0.48869007865650477,1.391001930832863,0.6754831694066524,3.196882402896881,nan,nan
cifar10,entmax15,5,3,1.3691359758377075,0.5003,0.48528194081805226,1.3676603794097901,0.6499152973294258,3.1229018598794935,nan,nan
cifar10,entmax15,5,4,1.3109428882598877,0.5259,0.5200284259203948,1.2954749435186386,0.6564399592578412,3.153272020816803,nan,nan
cifar10,entmax15,5,5,1.259689450263977,0.5507,0.5461482466654977,1.234688577055931,0.6598852865397931,3.174738183617592,nan,nan
cifar10,entmax15,5,6,1.2103074789047241,0.5604,0.562245217191938,1.2214217096567155,0.6703085817396641,3.185554417967796,nan,nan
cifar10,entmax15,5,7,1.1785392761230469,0.57,0.5675703991392725,1.1850119352340698,0.6546601131558418,3.1496545165777206,nan,nan
cifar10,entmax15,5,8,1.1405824422836304,0.5781,0.5754910738379226,1.1627170383930205,0.6552024632692337,3.1502262741327285,nan,nan
cifar10,entmax15,5,9,1.1112693548202515,0.5993,0.5983785615457877,1.1288497924804688,0.6569295711815357,3.1508778244256974,nan,nan
cifar10,entmax15,5,10,1.09096097946167,0.5851,0.5847304329483649,1.141840174794197,0.6518557287752629,3.1394022524356844,nan,nan
cifar10,entmax15,5,11,1.0662109851837158,0.6047,0.6040670498276591,1.1052519470453261,0.6227408818900585,3.0629517048597337,nan,nan
cifar10,entmax15,5,12,1.0449669361114502,0.6041,0.6026349195989568,1.0917626544833183,0.652083408087492,3.1423557698726654,nan,nan
cifar10,entmax15,5,13,1.0175338983535767,0.6012,0.5985134762732015,1.1029611557722092,0.6342133566737175,3.091363951563835,nan,nan
cifar10,entmax15,5,14,0.9993346333503723,0.6107,0.6084784914998318,1.0753941640257836,0.6471782505512238,3.124473774433136,nan,nan
cifar10,entmax15,5,15,0.9771754741668701,0.6181,0.6149362167690785,1.0751118913292885,0.6461335614323616,3.130771726369858,nan,nan
cifar10,entmax15,5,16,0.9604191184043884,0.6252,0.6247097051259471,1.0501455411314964,0.6263921439647675,3.068237715959549,nan,nan
cifar10,entmax15,5,17,0.9423849582672119,0.6318,0.6306092360753744,1.0485063701868058,0.6216749310493469,3.055938130617142,nan,nan
cifar10,entmax15,5,18,0.9311360120773315,0.6299,0.6285924961336921,1.0556003227829933,0.6307002700865268,3.0830512940883636,nan,nan
cifar10,entmax15,5,19,0.9116623997688293,0.6407,0.6385104961571989,1.0172975227236747,0.6227964267134667,3.063299524784088,nan,nan
cifar10,entmax15,5,20,0.8996549248695374,0.6266,0.6254682201845244,1.0628994762897492,0.6441920675337315,3.120283600687981,nan,nan
cifar10,entmax15,5,21,0.8814917206764221,0.6313,0.6287780412898764,1.0447096705436707,0.6115552343428134,3.019337886571884,nan,nan
cifar10,entmax15,5,22,0.8739314079284668,0.6401,0.6391503570734247,1.0142560765147208,0.6166350305080414,3.041627398133278,nan,nan
cifar10,entmax15,5,23,0.8516772985458374,0.6447,0.6424931390374093,1.0345635429024695,0.6204112626612186,3.0575859606266023,nan,nan
cifar10,entmax15,5,24,0.8460942506790161,0.6449,0.6445792608917312,1.0109517931938172,0.6138753868639469,3.0311113476753233,nan,nan
cifar10,entmax15,5,25,0.8343498110771179,0.642,0.6386191728254915,1.0249362871050836,0.6124065227806568,3.027365210652351,nan,nan
cifar10,entmax15,5,26,0.8191285729408264,0.6481,0.6465149024308311,1.0310860604047776,0.6102777324616909,3.0202376753091813,nan,nan
cifar10,entmax15,5,27,0.807837963104248,0.6548,0.6548218904677076,0.9974875316023827,0.6026801638305187,3.0006481140851973,nan,nan
cifar10,entmax15,5,28,0.7906585335731506,0.6432,0.6380576901814273,1.0564049556851387,0.6203545033931732,3.0480957478284836,nan,nan
cifar10,entmax15,5,29,0.7850238084793091,0.6467,0.6486182770400887,1.033022253215313,0.6108348086476326,3.0327070713043214,nan,nan
cifar10,entmax15,6,0,1.9426515102386475,0.3853,0.36882009721120346,1.6992842167615891,0.6724353782832623,3.1375316113233565,nan,nan
cifar10,entmax15,6,1,1.5991698503494263,0.4461,0.44289794402544436,1.508725994825363,0.6566852442920208,3.1016451478004456,nan,nan
cifar10,entmax15,6,2,1.4692634344100952,0.4884,0.4768851495948686,1.4194317013025284,0.6304755628108978,3.0467735141515733,nan,nan
cifar10,entmax15,6,3,1.3927744626998901,0.5087,0.4945645638165718,1.3489548176527024,0.632361038774252,3.066949796676636,nan,nan
cifar10,entmax15,6,4,1.3304688930511475,0.5319,0.5248907069276143,1.3107837796211244,0.6413602896034718,3.0854762464761736,nan,nan
cifar10,entmax15,6,5,1.281617522239685,0.5513,0.5458769946282833,1.2555713385343552,0.6255383610725402,3.0428525120019914,nan,nan
cifar10,entmax15,6,6,1.2430951595306396,0.5637,0.5601019289158349,1.219021064043045,0.6190461233258248,3.030405631661415,nan,nan
cifar10,entmax15,6,7,1.2064164876937866,0.5687,0.5653776451166237,1.218971136212349,0.6202783495187759,3.0325048327445985,nan,nan
cifar10,entmax15,6,8,1.1683779954910278,0.5725,0.5684180274372167,1.2085002541542054,0.6201593965291977,3.0395978331565856,nan,nan
cifar10,entmax15,6,9,1.1411267518997192,0.5914,0.5844350807737058,1.1461689084768296,0.6150118671357632,3.0245785772800446,nan,nan
cifar10,entmax15,6,10,1.1099339723587036,0.5939,0.5847477174324556,1.1448569864034652,0.625355664640665,3.062347888946533,nan,nan
cifar10,entmax15,6,11,1.0801175832748413,0.6136,0.6073022642591533,1.107994297146797,0.625771027803421,3.051557019352913,nan,nan
cifar10,entmax15,6,12,1.0587602853775024,0.624,0.6226244066814899,1.0785128816962242,0.5974265068769455,2.995275762677193,nan,nan
cifar10,entmax15,6,13,1.0392197370529175,0.6184,0.615215398852554,1.0941318839788436,0.6089252218604088,3.027688372135162,nan,nan
cifar10,entmax15,6,14,1.011012077331543,0.6228,0.614258504252362,1.074739269912243,0.6093708775937557,3.0178336590528487,nan,nan
cifar10,entmax15,6,15,0.9968424439430237,0.6243,0.6216598840415336,1.0606562152504921,0.605926152318716,3.0157161235809324,nan,nan
cifar10,entmax15,6,16,0.9756236672401428,0.6164,0.6091678977200669,1.111804947257042,0.6277330122888088,3.064524990320206,nan,nan
cifar10,entmax15,6,17,0.960981547832489,0.6282,0.625599432850136,1.0650607094168663,0.5984384775161743,3.0015851080417635,nan,nan
cifar10,entmax15,6,18,0.9485036134719849,0.6399,0.6404758339369367,1.0424745097756385,0.6035589516162873,3.0105786710977553,nan,nan
cifar10,entmax15,6,19,0.925316333770752,0.6416,0.6410351208088164,1.0333093330264091,0.5846289835870266,2.9558059513568877,nan,nan
cifar10,entmax15,6,20,0.9113166332244873,0.6436,0.6406093085344697,1.0364983439445496,0.5752046562731266,2.943092715740204,nan,nan
cifar10,entmax15,6,21,0.8936517238616943,0.6472,0.6472882060482235,1.0127770349383354,0.5968615889549256,2.984693741798401,nan,nan
cifar10,entmax15,6,22,0.88105708360672,0.6417,0.6364837830428585,1.0383506506681441,0.6049942366778851,3.0101104408502577,nan,nan
cifar10,entmax15,6,23,0.8691241145133972,0.6548,0.6519561304408393,1.0193884029984475,0.5903337262570858,2.9739900916814803,nan,nan
cifar10,entmax15,6,24,0.852803111076355,0.6518,0.648541976007912,1.0261128172278404,0.6018451325595379,3.001426616311073,nan,nan
cifar10,entmax15,6,25,0.8315355777740479,0.6394,0.6371111817728128,1.0469549417495727,0.5953420877456665,2.9862781703472137,nan,nan
cifar10,entmax15,6,26,0.8325392603874207,0.6543,0.6519694736381021,1.0053378090262413,0.5882804341614246,2.9720849692821503,nan,nan
cifar10,entmax15,6,27,0.8147250413894653,0.6517,0.6521694486833247,1.0262480214238168,0.5765638709068298,2.936496579647064,nan,nan
cifar10,entmax15,6,28,0.8093187808990479,0.6571,0.6542723058694266,1.015916535258293,0.5882732480764389,2.9598203599452972,nan,nan
cifar10,entmax15,6,29,0.800868809223175,0.6631,0.6627521631124268,0.9857672244310379,0.5931239254772663,2.9770975023508073,nan,nan
cifar10,entmax15,7,0,1.9089038372039795,0.3921,0.3796934307135526,1.6382098704576493,0.7833303093910218,3.4618009269237517,nan,nan
cifar10,entmax15,7,1,1.5751428604125977,0.4472,0.43804063463737775,1.524247059226036,0.7400041408836842,3.3756702929735183,nan,nan
cifar10,entmax15,7,2,1.4523314237594604,0.5054,0.5015553601408834,1.3663381069898606,0.7352672271430493,3.350283831357956,nan,nan
cifar10,entmax15,7,3,1.3639912605285645,0.5089,0.4979407028607925,1.3420273452997207,0.7327139124274253,3.334885838627815,nan,nan
cifar10,entmax15,7,4,1.3099052906036377,0.5287,0.5286169677720135,1.2812939792871476,0.711979404836893,3.2823240399360656,nan,nan
cifar10,entmax15,7,5,1.2561490535736084,0.5467,0.5404062458027203,1.232588028907776,0.7143761523067951,3.282405489683151,nan,nan
cifar10,entmax15,7,6,1.2196279764175415,0.5587,0.5534287084874154,1.2125996023416519,0.7200801946222782,3.2845951288938524,nan,nan
cifar10,entmax15,7,7,1.1795423030853271,0.5593,0.5599402249516123,1.2065676927566529,0.715896413475275,3.2730475038290026,nan,nan
cifar10,entmax15,7,8,1.1452676057815552,0.5882,0.5828333181496637,1.1499963730573655,0.6875826582312584,3.2082589715719223,nan,nan
cifar10,entmax15,7,9,1.1114163398742676,0.5776,0.5727046123721443,1.1603647202253342,0.6908768437802791,3.2064332246780394,nan,nan
cifar10,entmax15,7,10,1.0895580053329468,0.6009,0.5992041485463759,1.1106389179825782,0.6953528612852097,3.2162641793489457,nan,nan
cifar10,entmax15,7,11,1.0636488199234009,0.5977,0.5946421213930255,1.1189854905009269,0.7031436324119568,3.232856297492981,nan,nan
cifar10,entmax15,7,12,1.0470082759857178,0.5919,0.5881022260595631,1.1365131229162215,0.6947224132716656,3.2198079615831374,nan,nan
cifar10,entmax15,7,13,1.0148218870162964,0.6115,0.6030198388521665,1.0872452676296234,0.6987920492887497,3.2215009689331056,nan,nan
cifar10,entmax15,7,14,0.9952878952026367,0.6114,0.6099615077318543,1.1068947151303292,0.6888413444161415,3.196056216955185,nan,nan
cifar10,entmax15,7,15,0.9750202298164368,0.6244,0.6247149147153225,1.0611735373735427,0.6774260409176349,3.1738223165273665,nan,nan
cifar10,entmax15,7,16,0.9548865556716919,0.6271,0.6238321335229823,1.055976927280426,0.688403045386076,3.2037103563547134,nan,nan
cifar10,entmax15,7,17,0.9344169497489929,0.6337,0.6311250964175633,1.0324863165616989,0.6778950646519661,3.1756076574325562,nan,nan
cifar10,entmax15,7,18,0.9249647855758667,0.6312,0.6286667439559458,1.0439390659332275,0.6622249834239483,3.1452731132507323,nan,nan
cifar10,entmax15,7,19,0.9030098915100098,0.6304,0.6227768427852364,1.063868372142315,0.6846517644822597,3.1941012769937513,nan,nan
cifar10,entmax15,7,20,0.8892940282821655,0.6438,0.6440308622316392,1.0220122441649437,0.647782214730978,3.108831614255905,nan,nan
cifar10,entmax15,7,21,0.8717159628868103,0.641,0.6360536659310582,1.040129891037941,0.6567914724349976,3.1293215960264207,nan,nan
cifar10,entmax15,7,22,0.8596482872962952,0.639,0.6356519774949657,1.0468308463692666,0.6637593545019627,3.148294082283974,nan,nan
cifar10,entmax15,7,23,0.8477960228919983,0.6465,0.6456597988417003,1.0294255584478378,0.654423500597477,3.1268021404743194,nan,nan
cifar10,entmax15,7,24,0.8289915323257446,0.6428,0.6374324092047765,1.0364087536931037,0.6507625557482243,3.1131505191326143,nan,nan
cifar10,entmax15,7,25,0.8225638270378113,0.6459,0.6466078770018965,1.0166771471500398,0.640853114426136,3.0921847730875016,nan,nan
cifar10,entmax15,7,26,0.8000001311302185,0.6504,0.6514413927371625,1.010564137995243,0.6533892847597599,3.1140249967575073,nan,nan
cifar10,entmax15,7,27,0.792717456817627,0.6452,0.6490419511941242,1.031363132596016,0.6484617352485657,3.102776989340782,nan,nan
cifar10,entmax15,7,28,0.7842795848846436,0.6585,0.65660235210519,0.9995197370648384,0.6530831448733807,3.1166847825050352,nan,nan
cifar10,entmax15,7,29,0.7705989480018616,0.6539,0.6542089811886943,1.0075614050030708,0.6436130531132221,3.093878525495529,nan,nan
cifar10,entmax15,8,0,1.934706449508667,0.3537,0.326149645967799,1.7544737488031388,0.7015079468488693,3.237120509147644,nan,nan
cifar10,entmax15,8,1,1.6138461828231812,0.4524,0.442993421064103,1.5125318676233293,0.6875369638204575,3.2181846737861632,nan,nan
cifar10,entmax15,8,2,1.4672753810882568,0.4882,0.48297282836862915,1.428211161494255,0.6649448439478874,3.1509371131658552,nan,nan
cifar10,entmax15,8,3,1.3790360689163208,0.5007,0.492961149979141,1.3743988454341889,0.6406996943056583,3.078957438468933,nan,nan
cifar10,entmax15,8,4,1.3275984525680542,0.5257,0.5253893550344079,1.31141454577446,0.610714054107666,3.0035835176706316,nan,nan
cifar10,entmax15,8,5,1.2726342678070068,0.5255,0.5222214167345836,1.3081649661064148,0.6328089840710163,3.064363408088684,nan,nan
cifar10,entmax15,8,6,1.2347323894500732,0.5485,0.5500119612052673,1.255651593208313,0.609895371645689,3.0170279413461687,nan,nan
cifar10,entmax15,8,7,1.20524263381958,0.5526,0.5519441774424445,1.2352007359266282,0.6067477062344551,3.004639482498169,nan,nan
cifar10,entmax15,8,8,1.1837356090545654,0.55,0.5498910149997572,1.2568082183599472,0.5875336974859238,2.958768829703331,nan,nan
cifar10,entmax15,8,9,1.1480016708374023,0.5494,0.5386529598949149,1.26093732714653,0.6094222508370877,3.0094718396663667,nan,nan
cifar10,entmax15,8,10,1.1248445510864258,0.5739,0.5729040247909789,1.1699746429920197,0.5926721699535846,2.9722929507493974,nan,nan
cifar10,entmax15,8,11,1.1024287939071655,0.5837,0.5822797675987629,1.170162446796894,0.602084006369114,2.992640897631645,nan,nan
cifar10,entmax15,8,12,1.0760449171066284,0.5948,0.5934018238235871,1.1299420148134232,0.6023901954293251,2.9999163120985033,nan,nan
cifar10,entmax15,8,13,1.0592139959335327,0.6013,0.5987773261815664,1.1382304817438125,0.586201959848404,2.9595262080430986,nan,nan
cifar10,entmax15,8,14,1.0292075872421265,0.609,0.6090974264587607,1.1085141226649284,0.5927894368767739,2.9770627826452256,nan,nan
cifar10,entmax15,8,15,1.0152837038040161,0.6139,0.6134253920683663,1.0946663200855256,0.5884599573910236,2.9597096681594848,nan,nan
cifar10,entmax15,8,16,0.9970343708992004,0.6027,0.5967880810419202,1.117953610420227,0.5811499424278737,2.951171889901161,nan,nan
cifar10,entmax15,8,17,0.9759659767150879,0.6104,0.6121216461983623,1.1037679687142372,0.5789149530231953,2.943145442008972,nan,nan
cifar10,entmax15,8,18,0.9705221652984619,0.6121,0.6153045358557574,1.0836701050400734,0.5825490623712539,2.9545944064855574,nan,nan
cifar10,entmax15,8,19,0.9414375424385071,0.6028,0.6053298096975919,1.1262946248054504,0.5701465472579003,2.932656225562096,nan,nan
cifar10,entmax15,8,20,0.9347690939903259,0.6149,0.6209990510075423,1.0813716813921928,0.5829352498054504,2.961742416024208,nan,nan
cifar10,entmax15,8,21,0.9219746589660645,0.6215,0.6211311930652719,1.0778902754187585,0.591697333753109,2.978186121582985,nan,nan
cifar10,entmax15,8,22,0.9077582955360413,0.6197,0.6195006480912085,1.077700175344944,0.5841249667108059,2.953039342164993,nan,nan
cifar10,entmax15,8,23,0.8866608142852783,0.6263,0.6275666695680812,1.0635469391942025,0.5711272388696671,2.9388555228710174,nan,nan
cifar10,entmax15,8,24,0.8762485980987549,0.6263,0.6264651440416816,1.0627901181578636,0.584591755270958,2.964120998978615,nan,nan
cifar10,entmax15,8,25,0.866443932056427,0.6305,0.6341062633894408,1.0467704236507416,0.5728847317397594,2.9405670344829558,nan,nan
cifar10,entmax15,8,26,0.8571352958679199,0.6332,0.633721632992972,1.0527333721518517,0.5653553999960422,2.9138699412345885,nan,nan
cifar10,entmax15,8,27,0.840745210647583,0.632,0.6280290912021451,1.0671880289912223,0.5616299904882908,2.906441792845726,nan,nan
cifar10,entmax15,8,28,0.832141101360321,0.6376,0.6404395521428924,1.0311048820614814,0.5646133229136467,2.9134937107563017,nan,nan
cifar10,entmax15,8,29,0.8158895969390869,0.6371,0.6379015148768608,1.0584489583969117,0.573904249817133,2.9351519525051115,nan,nan
cifar10,entmax15,9,0,1.9200491905212402,0.3757,0.3464837542727672,1.7193136930465698,0.7128637835383416,3.2453371316194533,nan,nan
cifar10,entmax15,9,1,1.5963447093963623,0.4581,0.4463725686974259,1.4997527122497558,0.7049410253763199,3.2242946535348893,nan,nan
cifar10,entmax15,9,2,1.4659501314163208,0.485,0.4797008190250316,1.4214016407728196,0.6852647729218007,3.175472727417946,nan,nan
cifar10,entmax15,9,3,1.371495246887207,0.4912,0.4857054697626329,1.385447123646736,0.6684468179941178,3.1368348449468613,nan,nan
cifar10,entmax15,9,4,1.317023754119873,0.5239,0.5173248058497345,1.320358344912529,0.672341962903738,3.1385246753692626,nan,nan
cifar10,entmax15,9,5,1.2681039571762085,0.5375,0.5338526601934829,1.2735837519168853,0.6696488671004772,3.132956567406654,nan,nan
cifar10,entmax15,9,6,1.227672815322876,0.5499,0.5484574041226485,1.237288635969162,0.6663911893963814,3.1227299749851225,nan,nan
cifar10,entmax15,9,7,1.1884716749191284,0.5615,0.5566189292836455,1.2076184779405594,0.6681624099612236,3.122796782851219,nan,nan
cifar10,entmax15,9,8,1.1591442823410034,0.578,0.5747830937345355,1.1762173742055893,0.6547538354992867,3.108369991183281,nan,nan
cifar10,entmax15,9,9,1.1302114725112915,0.5824,0.5801980771762165,1.1667200058698655,0.6521658331155777,3.104336878657341,nan,nan
cifar10,entmax15,9,10,1.1025649309158325,0.5824,0.5762603386954566,1.1693564653396606,0.6580554611980916,3.1172122985124586,nan,nan
cifar10,entmax15,9,11,1.0731257200241089,0.5935,0.5903515611108018,1.128756332397461,0.6584966339170932,3.1151297837495804,nan,nan
cifar10,entmax15,9,12,1.0517165660858154,0.5947,0.5880864523128213,1.137336641550064,0.6583110958337783,3.117053011059761,nan,nan
cifar10,entmax15,9,13,1.0321204662322998,0.5971,0.5898763829260257,1.1095290333032608,0.6637780345976353,3.1242658346891403,nan,nan
cifar10,entmax15,9,14,1.0104705095291138,0.6101,0.6087870017670236,1.082106952369213,0.6359371274709702,3.045193758606911,nan,nan
cifar10,entmax15,9,15,0.9906134009361267,0.6065,0.6091465107641627,1.0974864050745965,0.6444837719202041,3.0657066702842712,nan,nan
cifar10,entmax15,9,16,0.974287211894989,0.6177,0.6190040882561563,1.0676951825618743,0.6542281597852707,3.0955768674612045,nan,nan
cifar10,entmax15,9,17,0.9532185196876526,0.6089,0.6071682022002866,1.0856342568993569,0.6435743384063244,3.0669368535280226,nan,nan
cifar10,entmax15,9,18,0.9339377880096436,0.6245,0.6163663561347652,1.0717175468802451,0.6456384479999542,3.083843857049942,nan,nan
cifar10,entmax15,9,19,0.9217584729194641,0.628,0.6241422164280047,1.054342857003212,0.6288036607205868,3.0434765577316285,nan,nan
cifar10,entmax15,9,20,0.9103628993034363,0.6351,0.6304154979021059,1.031422145664692,0.6437627837061882,3.0815375208854676,nan,nan
cifar10,entmax15,9,21,0.889940619468689,0.6376,0.6379965508121007,1.0215855345129967,0.6373034827411175,3.071709194779396,nan,nan
cifar10,entmax15,9,22,0.8753666877746582,0.6364,0.6374200927991024,1.022291062772274,0.6419295996427536,3.07643375992775,nan,nan
cifar10,entmax15,9,23,0.8629923462867737,0.6408,0.6423165783676889,1.021553534269333,0.6337325543165206,3.061277890205383,nan,nan
cifar10,entmax15,9,24,0.8521697521209717,0.6431,0.6421132990995322,1.0114870876073838,0.641212697327137,3.0742690324783326,nan,nan
cifar10,entmax15,9,25,0.8369855880737305,0.6437,0.644231698888686,1.0055012494325637,0.6279015481472016,3.0475696831941606,nan,nan
cifar10,entmax15,9,26,0.82618647813797,0.6465,0.6483196463045436,0.997407428920269,0.6272638469934464,3.042251947522163,nan,nan
cifar10,entmax15,9,27,0.8082119822502136,0.6503,0.6517080099784617,0.9916817933320999,0.6345895893871785,3.062258318066597,nan,nan
cifar10,entmax15,9,28,0.8005216121673584,0.6442,0.6467800241826007,1.0085840731859208,0.6316915675997734,3.056050032377243,nan,nan
cifar10,entmax15,9,29,0.797050416469574,0.646,0.6480248013539056,1.0252466663718223,0.6233242250978946,3.0345851510763167,nan,nan
cifar10,headwise_adaptive_entmax,1,0,1.9312198162078857,0.3619,0.33884575223220315,1.713384023308754,0.7339945122599602,3.3284478902816774,1.5083905458450317,0.003684146184241399
cifar10,headwise_adaptive_entmax,1,1,1.6189260482788086,0.4573,0.44410587645233457,1.5009267598390579,0.6923992671072483,3.2342367440462114,1.5066893100738525,0.007726652547717094
cifar10,headwise_adaptive_entmax,1,2,1.4741326570510864,0.4781,0.47842386496509226,1.450392171740532,0.6874506622552872,3.2200258374214172,1.5056891441345215,0.009569668676704168
cifar10,headwise_adaptive_entmax,1,3,1.3878707885742188,0.4994,0.49541048974766577,1.3687630593776703,0.6995819717645645,3.2433041840791703,1.504832923412323,0.010892238933593035
cifar10,headwise_adaptive_entmax,1,4,1.319201111793518,0.5216,0.5107277189168334,1.3277251332998277,0.6893844768404961,3.2116327047348023,1.5035536289215088,0.011920089833438396
cifar10,headwise_adaptive_entmax,1,5,1.2691311836242676,0.5526,0.5522073385610964,1.268815916776657,0.6846832320094108,3.197607985138893,1.5024075508117676,0.012407239526510239
cifar10,headwise_adaptive_entmax,1,6,1.227766752243042,0.5512,0.5506577669980158,1.2516951739788056,0.6792908027768135,3.189162889122963,1.501464605331421,0.012912328355014324
cifar10,headwise_adaptive_entmax,1,7,1.1843082904815674,0.5532,0.5480169714349669,1.2364600419998169,0.6810988187789917,3.1855314314365386,1.5009639859199524,0.013407595921307802
cifar10,headwise_adaptive_entmax,1,8,1.1554571390151978,0.5666,0.5604109514114666,1.203172615170479,0.6708518333733082,3.164341017603874,1.5005716681480408,0.013637737836688757
cifar10,headwise_adaptive_entmax,1,9,1.124979019165039,0.5778,0.5768914004101066,1.1725499629974365,0.6669716618955135,3.149099862575531,1.5007452368736267,0.014674971345812082
cifar10,headwise_adaptive_entmax,1,10,1.0923405885696411,0.5832,0.5768379768446202,1.1713168233633042,0.6569898270070553,3.1236078262329103,1.500817060470581,0.015608519781380892
cifar10,headwise_adaptive_entmax,1,11,1.0723564624786377,0.5916,0.5866311071678161,1.1516713827848435,0.6637963369488716,3.13522165119648,1.5001955032348633,0.016119711101055145
cifar10,headwise_adaptive_entmax,1,12,1.0473549365997314,0.5964,0.591683174617844,1.1374417379498483,0.6681596212089062,3.1369908094406127,1.5000029802322388,0.01687849359586835
cifar10,headwise_adaptive_entmax,1,13,1.028357982635498,0.5966,0.5938928986448263,1.1259209841489792,0.6798334866762161,3.17379677593708,1.4996375441551208,0.01738637639209628
cifar10,headwise_adaptive_entmax,1,14,0.9992561340332031,0.6159,0.6139066988079857,1.0983386158943176,0.6547333270311355,3.1106363505125048,1.499890148639679,0.01779665006324649
cifar10,headwise_adaptive_entmax,1,15,0.9912506937980652,0.6116,0.6106878870013727,1.106697927415371,0.6559930227696895,3.113685283064842,1.499617338180542,0.01851829933002591
cifar10,headwise_adaptive_entmax,1,16,0.9679245948791504,0.604,0.6037501435092727,1.121117290854454,0.6810546018183231,3.166808748245239,1.499186396598816,0.018119046930223703
cifar10,headwise_adaptive_entmax,1,17,0.9444150924682617,0.6226,0.6207046831866567,1.0834047615528106,0.6600016579031944,3.1278187900781633,1.4989054799079895,0.019017484039068222
cifar10,headwise_adaptive_entmax,1,18,0.9345657825469971,0.6173,0.6129959884245577,1.0998337239027023,0.6622323647141457,3.12216337621212,1.49894517660141,0.01926162512972951
cifar10,headwise_adaptive_entmax,1,19,0.9184309840202332,0.6294,0.6308318200353142,1.0646351039409638,0.661610959470272,3.126602479815483,1.4988020658493042,0.01963112549856305
cifar10,headwise_adaptive_entmax,1,20,0.8983436226844788,0.6269,0.6235416711006396,1.0830314233899117,0.670012179762125,3.1395898163318634,1.498229742050171,0.019898936618119478
cifar10,headwise_adaptive_entmax,1,21,0.8866108059883118,0.6314,0.6313627096587423,1.0626487225294112,0.6561594948172569,3.101283830404282,1.4989255666732788,0.02022527065128088
cifar10,headwise_adaptive_entmax,1,22,0.8699755072593689,0.6311,0.6278690441766942,1.0731540620326996,0.6337364219129086,3.0611773401498796,1.4984551072120667,0.02046334045007825
cifar10,headwise_adaptive_entmax,1,23,0.861996054649353,0.6338,0.6330280043677666,1.0610013872385025,0.6486312195658683,3.0907715022563935,1.4985029101371765,0.02067263051867485
cifar10,headwise_adaptive_entmax,1,24,0.8466513156890869,0.6206,0.6164575703572229,1.107106050848961,0.6617178089916707,3.1208002775907517,1.4981602430343628,0.020366763696074486
cifar10,headwise_adaptive_entmax,1,25,0.8353176116943359,0.6435,0.6401337740609252,1.0514550119638444,0.6518746748566627,3.097331830859184,1.4982147216796875,0.02107228059321642
cifar10,headwise_adaptive_entmax,1,26,0.8154218196868896,0.6299,0.6291223999738478,1.0864613056182861,0.6340552628040313,3.0551137685775758,1.4982929229736328,0.02158591616898775
cifar10,headwise_adaptive_entmax,1,27,0.8050445914268494,0.6464,0.644927870469463,1.0407595813274384,0.6493289269506931,3.0866343438625337,1.4978079199790955,0.021303541958332062
cifar10,headwise_adaptive_entmax,1,28,0.8007930517196655,0.6435,0.6416072052528949,1.0760795816779136,0.6482124626636505,3.0848821073770525,1.4978975057601929,0.02148477081209421
cifar10,headwise_adaptive_entmax,1,29,0.7835829257965088,0.6497,0.6473663973606572,1.0494021847844124,0.6478422909975052,3.0834646046161653,1.4977377653121948,0.02127785701304674
cifar10,headwise_adaptive_entmax,2,0,1.9269803762435913,0.3734,0.3514921516323123,1.688549456000328,0.7640805579721928,3.3849750757217407,1.5072619915008545,0.005056351306848228
cifar10,headwise_adaptive_entmax,2,1,1.6122572422027588,0.4334,0.4253275725960911,1.5279925018548965,0.7027452833950519,3.2214573681354524,1.5085819959640503,0.0058959758607670665
cifar10,headwise_adaptive_entmax,2,2,1.4694571495056152,0.4896,0.4797660820890317,1.396933650970459,0.684637051820755,3.1685072094202043,1.5075962543487549,0.009292792296037078
cifar10,headwise_adaptive_entmax,2,3,1.3747326135635376,0.5077,0.4978074739555073,1.352925956249237,0.6451518155634404,3.0615599006414413,1.5074355006217957,0.010930527001619339
cifar10,headwise_adaptive_entmax,2,4,1.3103138208389282,0.5325,0.5338247908284576,1.2956743478775024,0.6586586207151413,3.099482825398445,1.5074277520179749,0.012058954685926437
cifar10,headwise_adaptive_entmax,2,5,1.2468581199645996,0.5378,0.5325600408665369,1.2804262965917588,0.6685757301747799,3.1228686541318895,1.5066131353378296,0.013093194458633661
cifar10,headwise_adaptive_entmax,2,6,1.202507495880127,0.5577,0.5472362197296728,1.2233829930424691,0.6468091808259487,3.0693381249904634,1.5064767003059387,0.014810928143560886
cifar10,headwise_adaptive_entmax,2,7,1.1656893491744995,0.5742,0.5741895884637842,1.1821743488311767,0.6295989446341992,3.0412782549858095,1.50624418258667,0.01613316172733903
cifar10,headwise_adaptive_entmax,2,8,1.1357405185699463,0.5644,0.5683093511367454,1.206291589140892,0.6476430796086788,3.0782174676656724,1.5058841109275818,0.016942536924034357
cifar10,headwise_adaptive_entmax,2,9,1.1085453033447266,0.5729,0.5736628662316277,1.186359503865242,0.6514743089675903,3.0816514909267427,1.5057045817375183,0.01831158623099327
cifar10,headwise_adaptive_entmax,2,10,1.0801398754119873,0.598,0.5941787243266562,1.1229974180459976,0.6440243318676948,3.072882005572319,1.5057377219200134,0.01961845252662897
cifar10,headwise_adaptive_entmax,2,11,1.063536524772644,0.5976,0.5972740866901688,1.117456243932247,0.6323832593858242,3.0506586492061616,1.5055855512619019,0.020482543855905533
cifar10,headwise_adaptive_entmax,2,12,1.0405811071395874,0.6034,0.5963213910591778,1.1092320874333381,0.6359906911849975,3.053505373001099,1.5054891109466553,0.021068643778562546
cifar10,headwise_adaptive_entmax,2,13,1.0132606029510498,0.6039,0.6022710828530731,1.1103851288557052,0.6133380100131035,3.0029660731554033,1.5051799416542053,0.022069859318435192
cifar10,headwise_adaptive_entmax,2,14,0.9979982972145081,0.5989,0.5999712694252093,1.1303177997469902,0.6280566401779651,3.0394042164087294,1.5047979354858398,0.022179453633725643
cifar10,headwise_adaptive_entmax,2,15,0.9762401580810547,0.5931,0.5936326974300513,1.1345884576439857,0.6434007219970226,3.074800708889961,1.5049757957458496,0.022437872365117073
cifar10,headwise_adaptive_entmax,2,16,0.9607572555541992,0.6242,0.6214186736559184,1.0650395959615708,0.6318707354366779,3.0491598904132844,1.5046886801719666,0.023488285951316357
cifar10,headwise_adaptive_entmax,2,17,0.9433622360229492,0.6247,0.6225150944165686,1.0576236575841904,0.6266860410571098,3.033688631653786,1.504485011100769,0.02399828564375639
cifar10,headwise_adaptive_entmax,2,18,0.9265515804290771,0.6185,0.6177913203852747,1.0860406145453454,0.6238591223955154,3.022353008389473,1.5043978691101074,0.0235823392868042
cifar10,headwise_adaptive_entmax,2,19,0.911640465259552,0.6282,0.624696028334869,1.0587657913565636,0.6167286820709705,3.010856020450592,1.504412591457367,0.024574813432991505
cifar10,headwise_adaptive_entmax,2,20,0.8968141674995422,0.6338,0.6341028728007592,1.0448816791176796,0.6113061212003231,2.990099659562111,1.5039089918136597,0.023978781886398792
cifar10,headwise_adaptive_entmax,2,21,0.8791652917861938,0.6339,0.6310851962422924,1.0557177245616913,0.6051216848194599,2.978968471288681,1.503697693347931,0.023760462179780006
cifar10,headwise_adaptive_entmax,2,22,0.8647220134735107,0.6273,0.6257842923902482,1.0629024043679238,0.6010519735515117,2.969198778271675,1.503606140613556,0.023757707327604294
cifar10,headwise_adaptive_entmax,2,23,0.852375328540802,0.636,0.6359385076950514,1.0377607315778732,0.5980679068714381,2.958516517281532,1.503529965877533,0.024042553268373013
cifar10,headwise_adaptive_entmax,2,24,0.8393380045890808,0.6326,0.6334874495723504,1.0586309254169464,0.6163022749125957,3.0075469106435775,1.502821445465088,0.024025438353419304
cifar10,headwise_adaptive_entmax,2,25,0.8250414729118347,0.6443,0.6448505021274366,1.0417051151394845,0.594151520729065,2.954266306757927,1.5026326775550842,0.023945504799485207
cifar10,headwise_adaptive_entmax,2,26,0.8168594837188721,0.6431,0.6427012605218765,1.02478030025959,0.5831447500735522,2.9196400880813598,1.5026686787605286,0.02383566088974476
cifar10,headwise_adaptive_entmax,2,27,0.8035127520561218,0.6477,0.6467475378860836,1.0115547835826875,0.6023693196475506,2.9711228042840956,1.5022939443588257,0.024009565822780132
cifar10,headwise_adaptive_entmax,2,28,0.7927470207214355,0.6399,0.637334054543916,1.0394331470131875,0.5823173463344574,2.9271104484796524,1.5020352005958557,0.023460070602595806
cifar10,headwise_adaptive_entmax,2,29,0.77663654088974,0.6436,0.6401441348677517,1.0422017186880113,0.5785884395241737,2.918886062502861,1.5020190477371216,0.02308901585638523
cifar10,headwise_adaptive_entmax,3,0,1.9529621601104736,0.38,0.3463701688095196,1.6833491057157517,0.6923071920871735,3.2183851063251496,1.5054251551628113,0.00515765487216413
cifar10,headwise_adaptive_entmax,3,1,1.5823811292648315,0.4679,0.4644934538292299,1.461953067779541,0.7096764475107193,3.264271691441536,1.5031944513320923,0.004962032078765333
cifar10,headwise_adaptive_entmax,3,2,1.4563721418380737,0.4787,0.4750395453715532,1.4366069704294204,0.7284156702458858,3.282144954800606,1.499853491783142,0.0036684783408418298
cifar10,headwise_adaptive_entmax,3,3,1.3696383237838745,0.5225,0.5164393104171993,1.313934287428856,0.7167085237801075,3.247541955113411,1.499342679977417,0.006928973365575075
cifar10,headwise_adaptive_entmax,3,4,1.3066531419754028,0.5375,0.5321720593868475,1.2737959563732146,0.698996065557003,3.2129335522651674,1.4989389181137085,0.011093172710388899
cifar10,headwise_adaptive_entmax,3,5,1.2527124881744385,0.5511,0.5442521908261571,1.2416937112808228,0.710051778703928,3.233512097597122,1.4988551139831543,0.01332244835793972
cifar10,headwise_adaptive_entmax,3,6,1.2097042798995972,0.5625,0.5601433588544562,1.2031374156475068,0.6930169768631458,3.2042684465646745,1.498355746269226,0.015346255153417587
cifar10,headwise_adaptive_entmax,3,7,1.1760998964309692,0.5656,0.5615152380297219,1.1951116234064103,0.6959577016532421,3.1922352492809294,1.4981763362884521,0.017326331231743097
cifar10,headwise_adaptive_entmax,3,8,1.1530530452728271,0.5727,0.5648932685316566,1.1943094044923783,0.672435512393713,3.1451923847198486,1.4986162185668945,0.018299437128007412
cifar10,headwise_adaptive_entmax,3,9,1.119415521621704,0.5798,0.5755131108640494,1.1683731898665428,0.670366857200861,3.129686176776886,1.4981785416603088,0.019755582325160503
cifar10,headwise_adaptive_entmax,3,10,1.0976338386535645,0.5933,0.5907092477298145,1.1188878029584886,0.6832896068692207,3.165644499659538,1.4974746704101562,0.020589346066117287
cifar10,headwise_adaptive_entmax,3,11,1.0625503063201904,0.6038,0.6033314969998187,1.0946367248892783,0.6669743493199348,3.1201562166213987,1.4970290660858154,0.02115891221910715
cifar10,headwise_adaptive_entmax,3,12,1.0445308685302734,0.611,0.6121336132365821,1.082805770635605,0.686826529353857,3.176186168193817,1.4965882301330566,0.021799735724925995
cifar10,headwise_adaptive_entmax,3,13,1.0237650871276855,0.6104,0.6036327163155799,1.0830562695860864,0.676070087403059,3.1438631623983384,1.4961957335472107,0.02314610406756401
cifar10,headwise_adaptive_entmax,3,14,1.0019729137420654,0.6239,0.6231377612615938,1.063456664979458,0.6787197381258011,3.150261142849922,1.4958313703536987,0.023619884625077248
cifar10,headwise_adaptive_entmax,3,15,0.9908830523490906,0.6104,0.5991337569798901,1.0775550439953805,0.6701760046184063,3.127041071653366,1.4955966472625732,0.0238404693081975
cifar10,headwise_adaptive_entmax,3,16,0.9674882292747498,0.617,0.6124426212827114,1.0897534295916558,0.6737991243600845,3.1371144592761993,1.4953675270080566,0.024229143746197224
cifar10,headwise_adaptive_entmax,3,17,0.9522293210029602,0.6229,0.6176002324206002,1.051818634569645,0.6731879271566867,3.132275712490082,1.4948282837867737,0.024664176627993584
cifar10,headwise_adaptive_entmax,3,18,0.9360799789428711,0.6268,0.626302517718053,1.032986691594124,0.6603808775544167,3.110434186458588,1.4945558309555054,0.02470612246543169
cifar10,headwise_adaptive_entmax,3,19,0.9172215461730957,0.6288,0.6263713258396517,1.0347582757472993,0.6629291981458664,3.104836845397949,1.494379997253418,0.024568389169871807
cifar10,headwise_adaptive_entmax,3,20,0.9066923260688782,0.6343,0.629234879430402,1.0434118241071701,0.6521275572478771,3.0805007576942445,1.4946632385253906,0.02514058630913496
cifar10,headwise_adaptive_entmax,3,21,0.8875115513801575,0.6304,0.6266224383042378,1.0549522027373315,0.6670689195394516,3.1156303912401198,1.4939599633216858,0.02587738912552595
cifar10,headwise_adaptive_entmax,3,22,0.8773115873336792,0.64,0.6367726995069811,1.0161796525120734,0.6398809008300305,3.058896377682686,1.4938764572143555,0.02577878348529339
cifar10,headwise_adaptive_entmax,3,23,0.8519755601882935,0.6443,0.6446129338502746,1.013682585954666,0.6435354113578796,3.058303552865982,1.4936404824256897,0.0256284112110734
cifar10,headwise_adaptive_entmax,3,24,0.850557267665863,0.6384,0.634294900899741,1.0287343353033065,0.6526999056339264,3.0763095051050184,1.493269681930542,0.026564281433820724
cifar10,headwise_adaptive_entmax,3,25,0.834019660949707,0.6517,0.6524106222028767,0.9860321030020713,0.6593292638659477,3.095278483629227,1.4933561086654663,0.0269832331687212
cifar10,headwise_adaptive_entmax,3,26,0.8245635032653809,0.6519,0.6511859388240142,0.9802028119564057,0.6602025821805,3.0912638306617737,1.4927597641944885,0.026511103846132755
cifar10,headwise_adaptive_entmax,3,27,0.8158968687057495,0.6532,0.65316955309229,0.9877369612455368,0.662710590660572,3.0965014308691026,1.492068588733673,0.02689398266375065
cifar10,headwise_adaptive_entmax,3,28,0.7993212342262268,0.6487,0.6461418722867219,0.9932801023125648,0.656561678647995,3.079753687977791,1.4917943477630615,0.027380206622183323
cifar10,headwise_adaptive_entmax,3,29,0.7873547673225403,0.6559,0.6551706122225296,0.988440366089344,0.664145914465189,3.1066118121147155,1.4915971755981445,0.027373213320970535
cifar10,headwise_adaptive_entmax,4,0,1.9735643863677979,0.3813,0.37265932677520314,1.6769285053014755,0.7148616388440132,3.287498739361763,1.5058517456054688,0.004202767624519765
cifar10,headwise_adaptive_entmax,4,1,1.6042207479476929,0.4268,0.4072041635792239,1.5608940541744232,0.7197847992181778,3.297471123933792,1.5049368739128113,0.005884749814867973
cifar10,headwise_adaptive_entmax,4,2,1.4631714820861816,0.4832,0.4774983660691687,1.4308102041482926,0.7195673815906047,3.2871753454208372,1.5058737993240356,0.005386295961216092
cifar10,headwise_adaptive_entmax,4,3,1.375526785850525,0.5054,0.5074384565984204,1.3633313536643983,0.6644443422555923,3.1555123746395113,1.5068987011909485,0.006409778026863933
cifar10,headwise_adaptive_entmax,4,4,1.3034626245498657,0.5262,0.519595261870726,1.3017847955226898,0.6779904767870903,3.1969690203666685,1.5074882507324219,0.00788454758003354
cifar10,headwise_adaptive_entmax,4,5,1.2498618364334106,0.5502,0.5518365167219974,1.2327344298362732,0.6685523740947247,3.1733335196971892,1.508174180984497,0.009029828011989594
cifar10,headwise_adaptive_entmax,4,6,1.2032359838485718,0.5493,0.5510465517941049,1.2187708407640456,0.650485697388649,3.134185713529587,1.508188545703888,0.009701265022158623
cifar10,headwise_adaptive_entmax,4,7,1.1755328178405762,0.5628,0.5557017928262156,1.2038371711969376,0.6555962212383747,3.138391876220703,1.5087142586708069,0.010289575206115842
cifar10,headwise_adaptive_entmax,4,8,1.1393688917160034,0.5836,0.581120918316078,1.1515089243650436,0.6515380442142487,3.128829202055931,1.5086675882339478,0.010981245199218392
cifar10,headwise_adaptive_entmax,4,9,1.1087566614151,0.5724,0.5646435414442725,1.1743871092796325,0.6632752999663353,3.145573544502258,1.508535087108612,0.011246816720813513
cifar10,headwise_adaptive_entmax,4,10,1.085424780845642,0.5865,0.5827450536668342,1.1562928467988969,0.6523188911378384,3.125271788239479,1.508919894695282,0.012079257285222411
cifar10,headwise_adaptive_entmax,4,11,1.0605015754699707,0.5994,0.5999708461213558,1.1071786135435104,0.6550908245146274,3.1215587884187697,1.5086899399757385,0.012544502271339297
cifar10,headwise_adaptive_entmax,4,12,1.0372540950775146,0.6027,0.5997254181025296,1.1132607609033585,0.6511846452951431,3.1214593201875687,1.509005844593048,0.013923575170338154
cifar10,headwise_adaptive_entmax,4,13,1.0190080404281616,0.6149,0.6166070069913562,1.0987071081995965,0.6564877666532993,3.1312449663877486,1.5091499090194702,0.014507705345749855
cifar10,headwise_adaptive_entmax,4,14,0.9925327301025391,0.6188,0.6153774559685103,1.0756073758006095,0.6456375233829021,3.1046127140522004,1.5091271996498108,0.014704163186252117
cifar10,headwise_adaptive_entmax,4,15,0.9756124019622803,0.6173,0.6129282371621825,1.0943653598427772,0.6445001348853111,3.1044445991516114,1.509484350681305,0.01610882207751274
cifar10,headwise_adaptive_entmax,4,16,0.9572550654411316,0.6312,0.6305749046177018,1.038075540959835,0.6351132422685624,3.080813667178154,1.5095298886299133,0.01656376663595438
cifar10,headwise_adaptive_entmax,4,17,0.9454821944236755,0.6235,0.6225164341233382,1.0531759306788444,0.6376789063215256,3.0851007282733915,1.509835124015808,0.016704706475138664
cifar10,headwise_adaptive_entmax,4,18,0.91883385181427,0.6412,0.6405212698425051,1.0246901154518127,0.6327735863626003,3.0687834829092027,1.5096367597579956,0.01699161995202303
cifar10,headwise_adaptive_entmax,4,19,0.9031206965446472,0.6449,0.6443098668249915,1.0165075689554215,0.6208042733371257,3.0420458137989046,1.509502649307251,0.018314299639314413
cifar10,headwise_adaptive_entmax,4,20,0.8857017755508423,0.6437,0.6403835016950914,1.0133453354239463,0.6343025259673596,3.069906637072563,1.5092190504074097,0.018840244505554438
cifar10,headwise_adaptive_entmax,4,21,0.8743543028831482,0.6414,0.6410905830750983,1.0203090146183968,0.6367110557854175,3.071185293793678,1.5092561841011047,0.019311193376779556
cifar10,headwise_adaptive_entmax,4,22,0.858206570148468,0.6396,0.6360979790451525,1.0454007223248483,0.6304834201931954,3.0553844451904295,1.5088903307914734,0.019896755926311016
cifar10,headwise_adaptive_entmax,4,23,0.8419710397720337,0.6441,0.6438341692098846,1.0342825278639793,0.6263781428337097,3.0438545495271683,1.5088323950767517,0.020452741999179125
cifar10,headwise_adaptive_entmax,4,24,0.834757924079895,0.6519,0.6481787764065039,1.0080255568027496,0.6257810935378074,3.046549439430237,1.5087238550186157,0.02117104595527053
cifar10,headwise_adaptive_entmax,4,25,0.8228984475135803,0.653,0.6510299429480771,1.0041524797677994,0.6334648691117764,3.0571868091821672,1.5089330673217773,0.02200322924181819
cifar10,headwise_adaptive_entmax,4,26,0.8073537945747375,0.6532,0.6510166831016526,1.0066132441163063,0.6265245206654072,3.04847814142704,1.5080127716064453,0.022560578770935535
cifar10,headwise_adaptive_entmax,4,27,0.7985281944274902,0.6501,0.6517434403085909,1.0127622932195663,0.615526482462883,3.014270469546318,1.5080487132072449,0.023782404605299234
cifar10,headwise_adaptive_entmax,4,28,0.78644198179245,0.6588,0.6574369654537586,0.997702457010746,0.6152997739613056,3.0091957479715346,1.5075815320014954,0.023912086617201567
cifar10,headwise_adaptive_entmax,4,29,0.77020263671875,0.6499,0.6471002829049265,1.0269390016794204,0.6101564139127731,2.9941296339035035,1.5074268579483032,0.02507043071091175
cifar10,headwise_adaptive_entmax,5,0,1.9413294792175293,0.368,0.35466538370861855,1.7126137614250183,0.7618089593946934,3.3874685287475588,1.5044860243797302,0.002949337475001812
cifar10,headwise_adaptive_entmax,5,1,1.5987423658370972,0.4401,0.4339207941429029,1.5267711251974105,0.7040970601141453,3.2612438261508943,1.502636194229126,0.005232187046203762
cifar10,headwise_adaptive_entmax,5,2,1.458856463432312,0.4947,0.4898431537550515,1.3908819317817689,0.6789044924080372,3.2010079681873322,1.501263976097107,0.00737647945061326
cifar10,headwise_adaptive_entmax,5,3,1.3696472644805908,0.5005,0.48572605654773626,1.3649850517511368,0.6581976294517518,3.135117182135582,1.5005136728286743,0.00970933772623539
cifar10,headwise_adaptive_entmax,5,4,1.3109192848205566,0.5262,0.5199709313449354,1.2952436983585358,0.6669301658868789,3.171404403448105,1.4999822974205017,0.01102641737088561
cifar10,headwise_adaptive_entmax,5,5,1.260145902633667,0.5532,0.5491058284946203,1.23166985809803,0.668038523197174,3.185121902823448,1.4998112320899963,0.012572852429002523
cifar10,headwise_adaptive_entmax,5,6,1.2097818851470947,0.5597,0.5611755322471883,1.2257233053445815,0.682398246973753,3.2050747126340866,1.4989210367202759,0.013944636564701796
cifar10,headwise_adaptive_entmax,5,7,1.1772710084915161,0.5721,0.5701860142579274,1.1829297184944152,0.6675549447536469,3.1679365903139116,1.4987568855285645,0.015201647765934467
cifar10,headwise_adaptive_entmax,5,8,1.1388328075408936,0.5796,0.5773480998057517,1.1632204920053482,0.6726899527013301,3.180392163991928,1.4984001517295837,0.01588779641315341
cifar10,headwise_adaptive_entmax,5,9,1.109130859375,0.5967,0.5957818158898005,1.12748763859272,0.6765491619706154,3.1868318140506746,1.4982253313064575,0.01644826401025057
cifar10,headwise_adaptive_entmax,5,10,1.089717149734497,0.5828,0.5821664744576455,1.1429082810878755,0.6694768510758877,3.1691804587841035,1.4978877305984497,0.01647882116958499
cifar10,headwise_adaptive_entmax,5,11,1.0641106367111206,0.6045,0.6035045141050013,1.1052939563989639,0.6420265346765518,3.0954817205667498,1.4976544976234436,0.0179272647947073
cifar10,headwise_adaptive_entmax,5,12,1.0400793552398682,0.6093,0.6083914293124739,1.0853141263127326,0.6701143778860569,3.169066473841667,1.4972814321517944,0.017878270708024502
cifar10,headwise_adaptive_entmax,5,13,1.014112949371338,0.6049,0.6029748832279221,1.0965737134218216,0.6514369755983352,3.1075236767530443,1.4968510866165161,0.018557737581431866
cifar10,headwise_adaptive_entmax,5,14,0.9963145852088928,0.6135,0.6110285997532114,1.0756152734160422,0.6669719465076923,3.1525998651981353,1.4963539838790894,0.018867766484618187
cifar10,headwise_adaptive_entmax,5,15,0.9738037586212158,0.6189,0.6168076924244336,1.0735737219452859,0.6661894418299198,3.158685627579689,1.4958122372627258,0.01989304181188345
cifar10,headwise_adaptive_entmax,5,16,0.9586490988731384,0.6271,0.6264589495264339,1.0497637704014777,0.6488610126078129,3.0993507653474808,1.4956759810447693,0.02049013413488865
cifar10,headwise_adaptive_entmax,5,17,0.9398367404937744,0.6302,0.629401609824888,1.0515685096383094,0.6425376206636428,3.080139842629433,1.4954283833503723,0.02054440136998892
cifar10,headwise_adaptive_entmax,5,18,0.9267527461051941,0.6298,0.6283665122319724,1.0531319245696067,0.6492616146802902,3.104014965891838,1.4953435063362122,0.02104016300290823
cifar10,headwise_adaptive_entmax,5,19,0.9102018475532532,0.6382,0.6360645263879283,1.0170039147138596,0.6422343462705612,3.0851144790649414,1.495096743106842,0.021829765290021896
cifar10,headwise_adaptive_entmax,5,20,0.8967512845993042,0.6344,0.6334230471042748,1.046686053276062,0.6651363328099251,3.1437682300806045,1.4943190217018127,0.022301478311419487
cifar10,headwise_adaptive_entmax,5,21,0.8770827054977417,0.6281,0.6245362995798904,1.0508086204528808,0.6341001681983471,3.0381011188030245,1.4944316148757935,0.023255535401403904
cifar10,headwise_adaptive_entmax,5,22,0.8721225261688232,0.6418,0.6414942966378843,1.0163735270500183,0.6351017661392688,3.0540286630392073,1.4936974048614502,0.02343576494604349
cifar10,headwise_adaptive_entmax,5,23,0.8468925356864929,0.6459,0.6436022697074175,1.03345947265625,0.638872230052948,3.0656393736600878,1.4933888912200928,0.023856095038354397
cifar10,headwise_adaptive_entmax,5,24,0.8438002467155457,0.6472,0.6468469586534703,1.0024304166436195,0.6399083875119687,3.055626246333122,1.4926446676254272,0.023840847425162792
cifar10,headwise_adaptive_entmax,5,25,0.831101655960083,0.637,0.6321335273977968,1.036104616522789,0.6431758269667626,3.0679181069135666,1.4923362731933594,0.024120965972542763
cifar10,headwise_adaptive_entmax,5,26,0.8152399659156799,0.6565,0.655897755807192,1.0175711125135423,0.6372818276286125,3.036289727687836,1.491984248161316,0.02414640411734581
cifar10,headwise_adaptive_entmax,5,27,0.8028053641319275,0.656,0.655322681854785,1.0025285974144935,0.6289408229291439,3.0191291600465773,1.4915533661842346,0.02553197368979454
cifar10,headwise_adaptive_entmax,5,28,0.7894675135612488,0.6479,0.64234010712714,1.0471816256642341,0.6503762193024158,3.0825106859207154,1.491024672985077,0.025973287411034107
cifar10,headwise_adaptive_entmax,5,29,0.7773635983467102,0.6453,0.6476645761169457,1.0428232610225678,0.6458351634442806,3.0753187030553817,1.4904563426971436,0.025591912679374218
cifar10,headwise_adaptive_entmax,6,0,1.9415218830108643,0.3866,0.36991814870418765,1.6855324655771255,0.6692310713231564,3.143420171737671,1.5061460733413696,0.003564873361028731
cifar10,headwise_adaptive_entmax,6,1,1.5936336517333984,0.4455,0.44339049439697326,1.5221087992191316,0.6504222147166729,3.101929160952568,1.506540596485138,0.00484810839407146
cifar10,headwise_adaptive_entmax,6,2,1.4703744649887085,0.5024,0.4958218614514844,1.3792361319065094,0.6422223024070263,3.097406321763992,1.5064576864242554,0.0055906702764332294
cifar10,headwise_adaptive_entmax,6,3,1.3892337083816528,0.5177,0.5065297955358995,1.3343845009803772,0.6291963152587414,3.077520436048508,1.5063865184783936,0.005440660286694765
cifar10,headwise_adaptive_entmax,6,4,1.3283411264419556,0.531,0.5236960563813955,1.3182370573282243,0.6419005781412125,3.101424124836922,1.505806028842926,0.005412067985162139
cifar10,headwise_adaptive_entmax,6,5,1.2779803276062012,0.5552,0.5491691261985217,1.2453570812940598,0.6378732867538929,3.086688482761383,1.5053568482398987,0.005475950660184026
cifar10,headwise_adaptive_entmax,6,6,1.2413498163223267,0.5696,0.5673134225098689,1.2128161877393722,0.6284892857074738,3.07403926551342,1.5048359632492065,0.005809042137116194
cifar10,headwise_adaptive_entmax,6,7,1.2009748220443726,0.5747,0.5723825574613738,1.1910059779882431,0.6282262377440929,3.06245995759964,1.5047444105148315,0.006166877690702677
cifar10,headwise_adaptive_entmax,6,8,1.1657191514968872,0.5736,0.5704308398215245,1.2016491815447807,0.6216313377022743,3.0453167021274568,1.5040175914764404,0.006664268206804991
cifar10,headwise_adaptive_entmax,6,9,1.1349687576293945,0.589,0.5822692127214262,1.160452190041542,0.6215486012399196,3.0410300523042677,1.5040257573127747,0.0064704036340117455
cifar10,headwise_adaptive_entmax,6,10,1.1060487031936646,0.5949,0.5868625515603865,1.134707897901535,0.6295550681650639,3.066923749446869,1.5037798881530762,0.006460676435381174
cifar10,headwise_adaptive_entmax,6,11,1.080694556236267,0.6126,0.6080448744093343,1.1012553438544272,0.6344985716044903,3.066775548458099,1.5035405158996582,0.006517430068925023
cifar10,headwise_adaptive_entmax,6,12,1.0558323860168457,0.6173,0.6165806581421746,1.07672119140625,0.6193493761122226,3.0350431948900223,1.5030686259269714,0.0064537005964666605
cifar10,headwise_adaptive_entmax,6,13,1.0362588167190552,0.6199,0.6174354221105125,1.083311279118061,0.63042454123497,3.0682941555976866,1.5024353861808777,0.006566416705027223
cifar10,headwise_adaptive_entmax,6,14,1.0140857696533203,0.6252,0.6186320286858702,1.0743744879961015,0.6098442137241363,2.999648907780647,1.5023117065429688,0.006501729367300868
cifar10,headwise_adaptive_entmax,6,15,0.9913474321365356,0.6317,0.6273833388132994,1.0455550402402878,0.6242579489946365,3.0419676512479783,1.5024968385696411,0.006769566331058741
cifar10,headwise_adaptive_entmax,6,16,0.9747560620307922,0.6243,0.6186855371782736,1.075280822813511,0.6244636550545692,3.0267721146345137,1.5021202564239502,0.0070594800636172295
cifar10,headwise_adaptive_entmax,6,17,0.9542197585105896,0.6284,0.6268130948675976,1.0750701531767846,0.6099393486976623,3.003997403383255,1.5018583536148071,0.006877982523292303
cifar10,headwise_adaptive_entmax,6,18,0.941527247428894,0.6424,0.6417359796783041,1.0289899751543998,0.6142164438962936,3.0126360028982164,1.501899540424347,0.007224336499348283
cifar10,headwise_adaptive_entmax,6,19,0.921174943447113,0.632,0.6324967471575975,1.0634421497583388,0.6012695852667094,2.9630926072597505,1.5017350912094116,0.007132083177566528
cifar10,headwise_adaptive_entmax,6,20,0.9110813140869141,0.6452,0.6418875991383566,1.0270114257931708,0.5988049976527691,2.959295669198036,1.5015061497688293,0.007086890283972025
cifar10,headwise_adaptive_entmax,6,21,0.8918800950050354,0.6405,0.6403740839536655,1.0321467235684394,0.6122933574020862,2.9954567044973373,1.5014474987983704,0.007857426535338163
cifar10,headwise_adaptive_entmax,6,22,0.8804493546485901,0.6499,0.6464256543195044,1.0276616886258125,0.6120570540428162,2.994118869304657,1.5012454986572266,0.00771822570823133
cifar10,headwise_adaptive_entmax,6,23,0.8640517592430115,0.6506,0.6477321392036008,1.023021437227726,0.6206874318420887,3.0108612954616545,1.50082129240036,0.008231745334342122
cifar10,headwise_adaptive_entmax,6,24,0.8515058755874634,0.6524,0.6500080429332771,1.0130726620554924,0.6080510094761848,2.9718246430158617,1.5005401372909546,0.008512666448950768
cifar10,headwise_adaptive_entmax,6,25,0.8346326351165771,0.6516,0.6492527301779447,1.0077719524502755,0.6204309225082397,3.018040743470192,1.5003157258033752,0.008355778874829412
cifar10,headwise_adaptive_entmax,6,26,0.8260759711265564,0.6571,0.6557909954696842,0.9882815301418304,0.6057923212647438,2.977515831589699,1.5002554059028625,0.00887673650868237
cifar10,headwise_adaptive_entmax,6,27,0.8076752424240112,0.6468,0.6488750495342808,1.033948877453804,0.6078272126615047,2.9807692617177963,1.5000394582748413,0.008543050847947598
cifar10,headwise_adaptive_entmax,6,28,0.8046821355819702,0.6633,0.6601925026447526,0.9829929783940315,0.5845529437065125,2.9071854263544084,1.5001285076141357,0.009448368335142732
cifar10,headwise_adaptive_entmax,6,29,0.7899591326713562,0.6676,0.6662171267377812,0.9748029395937919,0.6090121399611235,2.976813644170761,1.4999611973762512,0.009145253570750356
cifar10,headwise_adaptive_entmax,7,0,1.9086376428604126,0.3932,0.38126272435514713,1.6379507392644883,0.7776352591812611,3.4493710339069366,1.5067189931869507,0.004832898615859449
cifar10,headwise_adaptive_entmax,7,1,1.5737253427505493,0.4485,0.4402917772397063,1.5234839081764222,0.7407142303884029,3.3737694770097733,1.5065537095069885,0.008004381787031889
cifar10,headwise_adaptive_entmax,7,2,1.4499880075454712,0.508,0.5048661892591088,1.361816629767418,0.7401462443172931,3.3544454723596573,1.5051907300949097,0.009485614486038685
cifar10,headwise_adaptive_entmax,7,3,1.362900733947754,0.5084,0.4974052917146448,1.3425273507833482,0.7383097507059574,3.33797687292099,1.5037816166877747,0.00910951872356236
cifar10,headwise_adaptive_entmax,7,4,1.3083736896514893,0.5316,0.5316781420876685,1.2793050974607467,0.7172714784741402,3.2814722806215286,1.5033616423606873,0.01046300446614623
cifar10,headwise_adaptive_entmax,7,5,1.2536360025405884,0.5475,0.541134210708189,1.2313775599002839,0.7278529137372971,3.298187866806984,1.502514898777008,0.010115828597918153
cifar10,headwise_adaptive_entmax,7,6,1.2156212329864502,0.5567,0.5514418540786041,1.2134161680936812,0.7311216592788696,3.295418781042099,1.5019754767417908,0.010051158023998141
cifar10,headwise_adaptive_entmax,7,7,1.1762808561325073,0.5584,0.5596826968384186,1.2045327574014664,0.7294288210570812,3.2864500313997267,1.5014941692352295,0.01053355005569756
cifar10,headwise_adaptive_entmax,7,8,1.1411365270614624,0.5875,0.5827955955239925,1.148467203974724,0.6984336420893669,3.217473417520523,1.5013397336006165,0.010591106489300728
cifar10,headwise_adaptive_entmax,7,9,1.1087603569030762,0.5756,0.5696169538237518,1.1573022425174713,0.705780927836895,3.2203902661800385,1.5007425546646118,0.010636856313794851
cifar10,headwise_adaptive_entmax,7,10,1.086733341217041,0.6015,0.5995858691198035,1.1096720725297928,0.7070735052227974,3.2225724130868914,1.5001752972602844,0.009889157488942146
cifar10,headwise_adaptive_entmax,7,11,1.0597426891326904,0.5985,0.5959127533496992,1.1174025893211366,0.7222839996218682,3.253027802705765,1.4996870756149292,0.009962523821741343
cifar10,headwise_adaptive_entmax,7,12,1.0449037551879883,0.5969,0.5935309628849206,1.1281516939401626,0.7120552897453308,3.2394403159618377,1.49928879737854,0.009254234144464135
cifar10,headwise_adaptive_entmax,7,13,1.011516809463501,0.6153,0.6075979917137525,1.08327304571867,0.7091717518866062,3.2265842735767363,1.4993869066238403,0.00906290696002543
cifar10,headwise_adaptive_entmax,7,14,0.992672860622406,0.6145,0.6122498464552425,1.0992027416825294,0.7110180109739304,3.224631318449974,1.499145269393921,0.008692920440807939
cifar10,headwise_adaptive_entmax,7,15,0.9714683890342712,0.6244,0.6247815968448013,1.0591736033558845,0.694684837013483,3.190302774310112,1.4989176988601685,0.008926670998334885
cifar10,headwise_adaptive_entmax,7,16,0.9494237303733826,0.6254,0.6231509429663414,1.0570263102650643,0.7052828289568425,3.220303845405579,1.4990119338035583,0.008804971817880869
cifar10,headwise_adaptive_entmax,7,17,0.9298187494277954,0.6324,0.6297569108272764,1.0320800721645356,0.700701467692852,3.199279433488846,1.4984611868858337,0.00837915763258934
cifar10,headwise_adaptive_entmax,7,18,0.9204245805740356,0.6334,0.6306876113966429,1.045927318930626,0.687447089701891,3.1741364717483522,1.4988866448402405,0.008131197420880198
cifar10,headwise_adaptive_entmax,7,19,0.8982661962509155,0.6293,0.6224068974514845,1.071148855984211,0.6986995130777359,3.204617476463318,1.4983627796173096,0.008622061926871538
cifar10,headwise_adaptive_entmax,7,20,0.8854786157608032,0.6491,0.6498482257813176,1.0168691664934157,0.6701389625668526,3.137213757634163,1.4983200430870056,0.008087099064141512
cifar10,headwise_adaptive_entmax,7,21,0.866778552532196,0.6362,0.6303135881416926,1.0513472706079483,0.6775540389120579,3.148964610695839,1.4976544380187988,0.008956215111538768
cifar10,headwise_adaptive_entmax,7,22,0.8554015159606934,0.6412,0.6392984465787988,1.0365787521004677,0.6863991186022759,3.169845151901245,1.4972286224365234,0.00850032432936132
cifar10,headwise_adaptive_entmax,7,23,0.8434938192367554,0.6474,0.6463854097841535,1.016721035540104,0.6733942069113255,3.1464456021785736,1.4973700046539307,0.008939830586314201
cifar10,headwise_adaptive_entmax,7,24,0.825093150138855,0.6449,0.639169762585426,1.041596682369709,0.6724089540541172,3.1275453835725786,1.496694266796112,0.008852805942296982
cifar10,headwise_adaptive_entmax,7,25,0.8183385133743286,0.6537,0.6535958895151334,1.0074116006493568,0.6716706462204456,3.1273024320602416,1.4960722923278809,0.008975067175924778
cifar10,headwise_adaptive_entmax,7,26,0.7975754737854004,0.6495,0.6507376600578156,1.0121345221996307,0.6804259672760964,3.1408301889896393,1.4958497285842896,0.009681436698883772
cifar10,headwise_adaptive_entmax,7,27,0.7927209734916687,0.6494,0.6530316569859939,1.0240134701132775,0.6645398415625096,3.1019362568855287,1.4951558113098145,0.010546804405748844
cifar10,headwise_adaptive_entmax,7,28,0.7825241088867188,0.6577,0.6567934519849541,0.9954942345619202,0.6783790439367294,3.137096506357193,1.49467533826828,0.010653221514075994
cifar10,headwise_adaptive_entmax,7,29,0.7663373351097107,0.6564,0.6565188460136488,1.0133474498987198,0.6740432284772396,3.1316382974386214,1.4944385886192322,0.010557787958532572
cifar10,headwise_adaptive_entmax,8,0,1.9341005086898804,0.3559,0.32766415260033505,1.7362062722444533,0.6883118860423565,3.2157370299100876,1.507073163986206,0.004997118609026074
cifar10,headwise_adaptive_entmax,8,1,1.6138161420822144,0.4511,0.4423412991961378,1.510356318950653,0.6791965894401073,3.206491011381149,1.5069220066070557,0.006203446537256241
cifar10,headwise_adaptive_entmax,8,2,1.465660572052002,0.4846,0.4789690000673589,1.430293434858322,0.6634587898850441,3.152351123094559,1.506793737411499,0.0068635293282568455
cifar10,headwise_adaptive_entmax,8,3,1.3783562183380127,0.5046,0.49758805340394685,1.3716920256614684,0.6399625994265079,3.0763151437044143,1.5056841969490051,0.008026915835216641
cifar10,headwise_adaptive_entmax,8,4,1.327701449394226,0.5248,0.5247562846186454,1.3149592339992524,0.6129438288509845,3.008440688252449,1.5063287019729614,0.009291570633649826
cifar10,headwise_adaptive_entmax,8,5,1.2718579769134521,0.5253,0.5223342023192081,1.3049181312322617,0.6424683302640914,3.0818387508392333,1.5052043199539185,0.00889281858690083
cifar10,headwise_adaptive_entmax,8,6,1.2343957424163818,0.5494,0.5489992487779038,1.2490561306476593,0.6213712334632874,3.0364250957965853,1.504819095134735,0.008926613256335258
cifar10,headwise_adaptive_entmax,8,7,1.2030200958251953,0.5525,0.5525130533357762,1.2338632643222809,0.6148564837872982,3.014684480428696,1.504947543144226,0.00907924072816968
cifar10,headwise_adaptive_entmax,8,8,1.1819618940353394,0.5516,0.5512353583135694,1.243390941619873,0.6011485479772091,2.9851026982069016,1.5051469802856445,0.009608134860172868
cifar10,headwise_adaptive_entmax,8,9,1.1432805061340332,0.5575,0.5488423187351974,1.2303885340690612,0.6255675680935383,3.0404864996671677,1.5053505301475525,0.01067771203815937
cifar10,headwise_adaptive_entmax,8,10,1.1197112798690796,0.5808,0.579914080853762,1.1672649294137956,0.6077868767082691,2.99747254550457,1.5049015283584595,0.010978804901242256
cifar10,headwise_adaptive_entmax,8,11,1.0984731912612915,0.5831,0.5826395685496638,1.1648576080799102,0.6101823814213276,3.0054576277732847,1.504241704940796,0.011339716147631407
cifar10,headwise_adaptive_entmax,8,12,1.0723057985305786,0.594,0.5926024457813337,1.1337466031312942,0.6209443360567093,3.0322816759347915,1.5041928887367249,0.010889708530157804
cifar10,headwise_adaptive_entmax,8,13,1.0538926124572754,0.5979,0.5962037951049524,1.1362722739577293,0.596526923775673,2.97094412446022,1.5039263367652893,0.010353585239499807
cifar10,headwise_adaptive_entmax,8,14,1.0239802598953247,0.6096,0.6105248394285941,1.10441392660141,0.6075584925711155,2.997170516848564,1.5038543343544006,0.010724874678999186
cifar10,headwise_adaptive_entmax,8,15,1.010650396347046,0.6138,0.6142180544620709,1.0893295258283615,0.605015042796731,2.9798445373773577,1.5037670731544495,0.010889533907175064
cifar10,headwise_adaptive_entmax,8,16,0.9921284317970276,0.6076,0.603757212333628,1.0953614100813867,0.5968713290989399,2.9736877620220183,1.503610372543335,0.010861329268664122
cifar10,headwise_adaptive_entmax,8,17,0.9646507501602173,0.6169,0.617705435929123,1.096598593890667,0.5962518006563187,2.9688285648822785,1.5034236311912537,0.011113620363175869
cifar10,headwise_adaptive_entmax,8,18,0.9622591137886047,0.6169,0.6200239803988958,1.076344905793667,0.6051110401749611,2.988468885421753,1.5027990937232971,0.011016426607966423
cifar10,headwise_adaptive_entmax,8,19,0.93194580078125,0.6166,0.6186075939022933,1.091606329381466,0.5810926645994187,2.935345175862312,1.5027657747268677,0.01064487174153328
cifar10,headwise_adaptive_entmax,8,20,0.9249650835990906,0.6194,0.6243276912167067,1.0781894952058793,0.6186784163117409,3.0204979151487352,1.5019394755363464,0.010932194534689188
cifar10,headwise_adaptive_entmax,8,21,0.9087701439857483,0.6204,0.6203312884319748,1.0903666704893111,0.6039253965020179,2.971865674853325,1.5011041164398193,0.010555631015449762
cifar10,headwise_adaptive_entmax,8,22,0.8967859745025635,0.6184,0.6188613144799688,1.0639704912900925,0.6001291338354349,2.963230761885643,1.5007809400558472,0.010433986317366362
cifar10,headwise_adaptive_entmax,8,23,0.8764718770980835,0.6314,0.6324512232662786,1.0428073763847352,0.60158466771245,2.975820443034172,1.5000948309898376,0.010322224348783493
cifar10,headwise_adaptive_entmax,8,24,0.864297091960907,0.6195,0.6186660975860361,1.0840037509799003,0.6117949292063714,2.9964272707700728,1.4994354248046875,0.010377620812505484
cifar10,headwise_adaptive_entmax,8,25,0.8558942675590515,0.6303,0.6327588244466128,1.0404138550162316,0.6081391599029302,2.9897186309099197,1.4987457990646362,0.010365656111389399
cifar10,headwise_adaptive_entmax,8,26,0.8484534025192261,0.6383,0.638927071328548,1.0373038858175279,0.6084063891321421,2.9810263246297835,1.498078167438507,0.010263827163726091
cifar10,headwise_adaptive_entmax,8,27,0.8309450745582581,0.6355,0.6321650942432758,1.0623085081577301,0.599837202951312,2.9620581805706023,1.4979599118232727,0.010527844540774822
cifar10,headwise_adaptive_entmax,8,28,0.8202115297317505,0.6428,0.6425765642713037,1.0289196476340294,0.6061456385999918,2.9743826180696487,1.49697744846344,0.010532107669860125
cifar10,headwise_adaptive_entmax,8,29,0.8081967234611511,0.6346,0.6344993236206978,1.0460916221141816,0.6136951122432948,2.989320510625839,1.4962750673294067,0.0103180892765522
cifar10,headwise_adaptive_entmax,9,0,1.9201754331588745,0.3756,0.34470942851233366,1.7206761687994003,0.7112249247729778,3.2491898089647293,1.5078961849212646,0.003303907229565084
cifar10,headwise_adaptive_entmax,9,1,1.5951822996139526,0.4585,0.4469735586482561,1.4975859194993972,0.7076354131102562,3.2352648854255674,1.5061941742897034,0.0054793397430330515
cifar10,headwise_adaptive_entmax,9,2,1.4627940654754639,0.4868,0.4821034329916219,1.4129116177558898,0.68815987855196,3.1855363130569456,1.5034619569778442,0.0061427445616573095
cifar10,headwise_adaptive_entmax,9,3,1.3693883419036865,0.4934,0.48780723465130676,1.3869577586650848,0.6735385149717331,3.147443786263466,1.502076804637909,0.006663636537268758
cifar10,headwise_adaptive_entmax,9,4,1.3143770694732666,0.5245,0.5175362384205807,1.3185242414474487,0.6822597153484822,3.1563072919845583,1.5011610388755798,0.007789754308760166
cifar10,headwise_adaptive_entmax,9,5,1.266589879989624,0.5355,0.5315923291331022,1.276804006099701,0.6778767466545105,3.142537385225296,1.5007912516593933,0.008525596931576729
cifar10,headwise_adaptive_entmax,9,6,1.2238386869430542,0.5524,0.5518954137278863,1.2347703576087952,0.6808638818562031,3.142463892698288,1.5004686117172241,0.008719701785594225
cifar10,headwise_adaptive_entmax,9,7,1.187326192855835,0.5631,0.5567639903240762,1.2061032235622406,0.6891120821237564,3.1573353201150893,1.5001131296157837,0.00956380320712924
cifar10,headwise_adaptive_entmax,9,8,1.1555894613265991,0.5787,0.5754130596376289,1.178667825460434,0.6625881195068359,3.113628813624382,1.4996790289878845,0.010200465098023415
cifar10,headwise_adaptive_entmax,9,9,1.127333402633667,0.5805,0.5782730000989715,1.1676800549030304,0.6646212354302407,3.1174257040023803,1.499534547328949,0.011402075877413154
cifar10,headwise_adaptive_entmax,9,10,1.0997016429901123,0.5851,0.5777685741776707,1.159731313586235,0.6774317033588886,3.1442830711603165,1.499438762664795,0.012447071727365255
cifar10,headwise_adaptive_entmax,9,11,1.068372368812561,0.5987,0.5942843963425434,1.1298609882593156,0.674337501078844,3.131236618757248,1.499356210231781,0.01294016558676958
cifar10,headwise_adaptive_entmax,9,12,1.049188494682312,0.5929,0.5870037801777104,1.1437502682209015,0.6864582113921642,3.164409664273262,1.49904203414917,0.013956101145595312
cifar10,headwise_adaptive_entmax,9,13,1.0307680368423462,0.5995,0.592660679169094,1.1125785127282142,0.6828793577849865,3.149682602286339,1.49903005361557,0.015006326604634523
cifar10,headwise_adaptive_entmax,9,14,1.0075550079345703,0.6113,0.6118055235151194,1.086919716000557,0.659571835398674,3.06964368224144,1.4987610578536987,0.01604044996201992
cifar10,headwise_adaptive_entmax,9,15,0.985892117023468,0.6141,0.6144829929526778,1.090190513432026,0.6587397046387196,3.0719278216362,1.4988744854927063,0.016849522944539785
cifar10,headwise_adaptive_entmax,9,16,0.9699839353561401,0.6195,0.6208528613696539,1.0671666905283927,0.6751179814338684,3.120304548740387,1.498996078968048,0.017439118586480618
cifar10,headwise_adaptive_entmax,9,17,0.9490057229995728,0.6085,0.6073681104557358,1.0951376393437386,0.6752130135893821,3.110816705226898,1.4982134103775024,0.01749746734276414
cifar10,headwise_adaptive_entmax,9,18,0.9274708032608032,0.6267,0.6195739342148918,1.0577054917812347,0.6684999011456967,3.1055305123329164,1.4977902173995972,0.018324073869735003
cifar10,headwise_adaptive_entmax,9,19,0.9175982475280762,0.6296,0.6259077815661835,1.0554732114076615,0.6520285919308663,3.0657270699739456,1.4981335997581482,0.018392958212643862
cifar10,headwise_adaptive_entmax,9,20,0.9025687575340271,0.6358,0.6311165614367836,1.0339254155755042,0.6702990457415581,3.1136276841163637,1.4978715181350708,0.01881944527849555
cifar10,headwise_adaptive_entmax,9,21,0.8845812678337097,0.6374,0.6388581809060329,1.0238694593310356,0.6583742663264275,3.0856382846832275,1.497751235961914,0.019541963934898376
cifar10,headwise_adaptive_entmax,9,22,0.8724359273910522,0.6354,0.6378721049953808,1.0206558927893639,0.6648545593023301,3.0994323283433913,1.4976803660392761,0.019918153062462807
cifar10,headwise_adaptive_entmax,9,23,0.8582323789596558,0.637,0.6398799189509294,1.0268026724457742,0.6394281886518002,3.042621460556984,1.4974966645240784,0.020116686820983887
cifar10,headwise_adaptive_entmax,9,24,0.8473948240280151,0.6414,0.6412154265871,1.0179194048047067,0.6573802277445793,3.070729413628578,1.4973196387290955,0.021377944387495518
cifar10,headwise_adaptive_entmax,9,25,0.8302857279777527,0.6436,0.6444283759872901,1.0108131423592568,0.649728710949421,3.054955652356148,1.4970403909683228,0.02139001339673996
cifar10,headwise_adaptive_entmax,9,26,0.8201930522918701,0.6376,0.6397119699716218,1.0046573981642724,0.657226549088955,3.083621898293495,1.497104287147522,0.021226256154477596
cifar10,headwise_adaptive_entmax,9,27,0.8068196773529053,0.6427,0.6432249102608156,1.012184914946556,0.642630086094141,3.0370342284440994,1.496583878993988,0.021838084794580936
cifar10,headwise_adaptive_entmax,9,28,0.7916317582130432,0.6439,0.6460745607594834,1.0116704747080802,0.6631617903709411,3.0939889430999754,1.4962615370750427,0.022518047131597996
cifar10,headwise_adaptive_entmax,9,29,0.7921837568283081,0.6541,0.6548258246476447,0.9999104306101799,0.6537601627409458,3.0657458513975144,1.4963719844818115,0.02338616643100977
